0	0
5.00E-04	0
1.00E-03	0
1.50E-03	0
2.00E-03	0
2.50E-03	0
3.00E-03	0
3.50E-03	0
4.00E-03	0
4.50E-03	0
5.00E-03	0
5.50E-03	0
6.00E-03	0
6.50E-03	0
7.00E-03	0
7.50E-03	0
8.00E-03	0
8.50E-03	0
9.00E-03	0
9.50E-03	0
1.00E-02	0
1.05E-02	0
1.10E-02	0
1.15E-02	0
1.20E-02	0
1.25E-02	0
1.30E-02	0
1.35E-02	0
1.40E-02	0
1.45E-02	0
1.50E-02	0
1.55E-02	0
1.60E-02	0
1.65E-02	0
1.70E-02	0
1.75E-02	0
1.80E-02	0
1.85E-02	0
1.90E-02	0
1.95E-02	0
2.00E-02	0
2.05E-02	0
2.10E-02	0
2.15E-02	0
2.20E-02	0
2.25E-02	0
2.30E-02	0
2.35E-02	0
2.40E-02	0
2.45E-02	0
2.50E-02	0
2.55E-02	0
2.60E-02	0
2.65E-02	0
2.70E-02	0
2.75E-02	0
2.80E-02	0
2.85E-02	0
2.90E-02	0
2.95E-02	0
3.00E-02	0
3.05E-02	0
3.10E-02	0
3.15E-02	0
3.20E-02	0
3.25E-02	0
3.30E-02	0
3.35E-02	0
3.40E-02	0
3.45E-02	0
3.50E-02	0
3.55E-02	0
3.60E-02	0
3.65E-02	0
3.70E-02	0
3.75E-02	0
3.80E-02	0
3.85E-02	0
3.90E-02	0
3.95E-02	0
4.00E-02	0
4.05E-02	0
4.10E-02	0
4.15E-02	0
4.20E-02	0
4.25E-02	0
4.30E-02	0
4.35E-02	0
4.40E-02	0
4.45E-02	0
4.50E-02	0
4.55E-02	0
4.60E-02	0
4.65E-02	0
4.70E-02	0
4.75E-02	0
4.80E-02	0
4.85E-02	0
4.90E-02	0
4.95E-02	0
5.00E-02	0
5.05E-02	0
5.10E-02	0
5.15E-02	0
5.20E-02	0
5.25E-02	0
5.30E-02	0
5.35E-02	0
5.40E-02	0
5.45E-02	0
5.50E-02	0
5.55E-02	0
5.60E-02	0
5.65E-02	0
5.70E-02	0
5.75E-02	0
5.80E-02	0
5.85E-02	0
5.90E-02	0
5.95E-02	0
6.00E-02	0
6.05E-02	0
6.10E-02	0
6.15E-02	0
6.20E-02	0
6.25E-02	0
6.30E-02	0
6.35E-02	0
6.40E-02	0
6.45E-02	0
6.50E-02	0
6.55E-02	0
6.60E-02	0
6.65E-02	0
6.70E-02	0
6.75E-02	0
6.80E-02	0
6.85E-02	0
6.90E-02	0
6.95E-02	0
7.00E-02	0
7.05E-02	0
7.10E-02	0
7.15E-02	0
7.20E-02	0
7.25E-02	0
7.30E-02	0
7.35E-02	0
7.40E-02	0
7.45E-02	0
7.50E-02	0
7.55E-02	0
7.60E-02	0
7.65E-02	0
7.70E-02	0
7.75E-02	0
7.80E-02	0
7.85E-02	0
7.90E-02	0
7.95E-02	0
8.00E-02	0
8.05E-02	0
8.10E-02	0
8.15E-02	0
8.20E-02	0
8.25E-02	0
8.30E-02	0
8.35E-02	0
8.40E-02	0
8.45E-02	0
8.50E-02	0
8.55E-02	0
8.60E-02	0
8.65E-02	0
8.70E-02	0
8.75E-02	0
8.80E-02	0
8.85E-02	0
8.90E-02	0
8.95E-02	0
9.00E-02	0
9.05E-02	0
9.10E-02	0
9.15E-02	0
9.20E-02	0
9.25E-02	0
9.30E-02	0
9.35E-02	0
9.40E-02	0
9.45E-02	0
9.50E-02	0
9.55E-02	0
9.60E-02	0
9.65E-02	0
9.70E-02	0
9.75E-02	0
9.80E-02	0
9.85E-02	0
9.90E-02	0
9.95E-02	0
1.00E-01	0
1.01E-01	0
1.01E-01	0
1.02E-01	0
1.02E-01	0
1.03E-01	0
1.03E-01	0.00E+00
1.04E-01	0.00E+00
1.04E-01	0
1.05E-01	0
1.05E-01	0
1.06E-01	0
1.06E-01	0
1.07E-01	0
1.07E-01	0
1.08E-01	0
1.08E-01	0
1.09E-01	0
1.09E-01	0
1.10E-01	0
1.10E-01	0
1.11E-01	0
1.11E-01	0
1.12E-01	0
1.12E-01	0
1.13E-01	0
1.13E-01	0
1.14E-01	0
1.14E-01	0
1.15E-01	0
1.15E-01	0
1.16E-01	0
1.16E-01	0
1.17E-01	0
1.17E-01	0
1.18E-01	0
1.18E-01	0.00E+00
1.19E-01	0
1.19E-01	0
1.20E-01	0
1.20E-01	0
1.21E-01	0
1.21E-01	0
1.22E-01	0
1.22E-01	0
1.23E-01	0
1.23E-01	0
1.24E-01	0
1.24E-01	0
1.25E-01	0
1.25E-01	0
1.26E-01	0
1.26E-01	0
1.27E-01	0
1.27E-01	0
1.28E-01	0
1.28E-01	0
1.29E-01	0
1.29E-01	0
1.30E-01	0
1.30E-01	0
1.31E-01	0
1.31E-01	0
1.32E-01	0
1.32E-01	0
1.33E-01	0
1.33E-01	0
1.34E-01	0
1.34E-01	0.00E+00
1.35E-01	0.00E+00
1.35E-01	0.00E+00
1.36E-01	0.00E+00
1.36E-01	0.00E+00
1.37E-01	0.00E+00
1.37E-01	0.00E+00
1.38E-01	0.00E+00
1.38E-01	0.00E+00
1.39E-01	0.00E+00
1.39E-01	0.00E+00
1.40E-01	0.00E+00
1.40E-01	0.00E+00
1.41E-01	0.00E+00
1.41E-01	0.00E+00
1.42E-01	0.00E+00
1.42E-01	0.00E+00
1.43E-01	0.00E+00
1.43E-01	0.00E+00
1.44E-01	0.00E+00
1.44E-01	0.00E+00
1.45E-01	0.00E+00
1.45E-01	0.00E+00
1.46E-01	0.00E+00
1.46E-01	0.00E+00
1.47E-01	0.00E+00
1.47E-01	0.00E+00
1.48E-01	0.00E+00
1.48E-01	0.00E+00
1.49E-01	0.00E+00
1.49E-01	0.00E+00
1.50E-01	0.00E+00
1.50E-01	0.00E+00
1.51E-01	0.00E+00
1.51E-01	0.00E+00
1.52E-01	0.00E+00
1.52E-01	0.00E+00
1.53E-01	0.00E+00
1.53E-01	0.00E+00
1.54E-01	0.00E+00
1.54E-01	0.00E+00
1.55E-01	0.00E+00
1.55E-01	0.00E+00
1.56E-01	0.00E+00
1.56E-01	0.00E+00
1.57E-01	0.00E+00
1.57E-01	0.00E+00
1.58E-01	0.00E+00
1.58E-01	0.00E+00
1.59E-01	0.00E+00
1.59E-01	0.00E+00
1.60E-01	0.00E+00
1.60E-01	0.00E+00
1.61E-01	0.00E+00
1.61E-01	0.00E+00
1.62E-01	0.00E+00
1.62E-01	0.00E+00
1.63E-01	0.00E+00
1.63E-01	0.00E+00
1.64E-01	0.00E+00
1.64E-01	0.00E+00
1.65E-01	0.00E+00
1.65E-01	0.00E+00
1.66E-01	0.00E+00
1.66E-01	0.00E+00
1.67E-01	0.00E+00
1.67E-01	0.00E+00
1.68E-01	0.00E+00
1.68E-01	0.00E+00
1.69E-01	0.00E+00
1.69E-01	0.00E+00
1.70E-01	0.00E+00
1.70E-01	0.00E+00
1.71E-01	0.00E+00
1.71E-01	0.00E+00
1.72E-01	0.00E+00
1.72E-01	0.00E+00
1.73E-01	0.00E+00
1.73E-01	0.00E+00
1.74E-01	0.00E+00
1.74E-01	0.00E+00
1.75E-01	0.00E+00
1.75E-01	0.00E+00
1.76E-01	0.00E+00
1.76E-01	0.00E+00
1.77E-01	0.00E+00
1.77E-01	0.00E+00
1.78E-01	0.00E+00
1.78E-01	0.00E+00
1.79E-01	0.00E+00
1.79E-01	0.00E+00
1.80E-01	0.00E+00
1.80E-01	0.00E+00
1.81E-01	0.00E+00
1.81E-01	0.00E+00
1.82E-01	0.00E+00
1.82E-01	0.00E+00
1.83E-01	0.00E+00
1.83E-01	0.00E+00
1.84E-01	0.00E+00
1.84E-01	0.00E+00
1.85E-01	0.00E+00
1.85E-01	0.00E+00
1.86E-01	0.00E+00
1.86E-01	0.00E+00
1.87E-01	0.00E+00
1.87E-01	0.00E+00
1.88E-01	0.00E+00
1.88E-01	0.00E+00
1.89E-01	0.00E+00
1.89E-01	0.00E+00
1.90E-01	0.00E+00
1.90E-01	0.00E+00
1.91E-01	0.00E+00
1.91E-01	0.00E+00
1.92E-01	0.00E+00
1.92E-01	0.00E+00
1.93E-01	0.00E+00
1.93E-01	0.00E+00
1.94E-01	0.00E+00
1.94E-01	0.00E+00
1.95E-01	0.00E+00
1.95E-01	0.00E+00
1.96E-01	0.00E+00
1.96E-01	0.00E+00
1.97E-01	0.00E+00
1.97E-01	0.00E+00
1.98E-01	0.00E+00
1.98E-01	0.00E+00
1.99E-01	0.00E+00
1.99E-01	0.00E+00
2.00E-01	0.00E+00
2.00E-01	0.00E+00
2.01E-01	0.00E+00
2.01E-01	0.00E+00
2.02E-01	0.00E+00
2.02E-01	0.00E+00
2.03E-01	0.00E+00
2.03E-01	0.00E+00
2.04E-01	0.00E+00
2.04E-01	0.00E+00
2.05E-01	0.00E+00
2.05E-01	0.00E+00
2.06E-01	0.00E+00
2.06E-01	0.00E+00
2.07E-01	0.00E+00
2.07E-01	0.00E+00
2.08E-01	0.00E+00
2.08E-01	0.00E+00
2.09E-01	0.00E+00
2.09E-01	0.00E+00
2.10E-01	0.00E+00
2.10E-01	0.00E+00
2.11E-01	0.00E+00
2.11E-01	0.00E+00
2.12E-01	0.00E+00
2.12E-01	0.00E+00
2.13E-01	0.00E+00
2.13E-01	0.00E+00
2.14E-01	0.00E+00
2.14E-01	0.00E+00
2.15E-01	0.00E+00
2.15E-01	0.00E+00
2.16E-01	0.00E+00
2.16E-01	0.00E+00
2.17E-01	0.00E+00
2.17E-01	0.00E+00
2.18E-01	0.00E+00
2.18E-01	0.00E+00
2.19E-01	0.00E+00
2.19E-01	0.00E+00
2.20E-01	0.00E+00
2.20E-01	0.00E+00
2.21E-01	0.00E+00
2.21E-01	0.00E+00
2.22E-01	0.00E+00
2.22E-01	0.00E+00
2.23E-01	0.00E+00
2.23E-01	0.00E+00
2.24E-01	0.00E+00
2.24E-01	0.00E+00
2.25E-01	0.00E+00
2.25E-01	0.00E+00
2.26E-01	0.00E+00
2.26E-01	0.00E+00
2.27E-01	0.00E+00
2.27E-01	0.00E+00
2.28E-01	0.00E+00
2.28E-01	0.00E+00
2.29E-01	0.00E+00
2.29E-01	0.00E+00
2.30E-01	0.00E+00
2.30E-01	0.00E+00
2.31E-01	0.00E+00
2.31E-01	0.00E+00
2.32E-01	0.00E+00
2.32E-01	0.00E+00
2.33E-01	0.00E+00
2.33E-01	0.00E+00
2.34E-01	0.00E+00
2.34E-01	0.00E+00
2.35E-01	0.00E+00
2.35E-01	0.00E+00
2.36E-01	0.00E+00
2.36E-01	0.00E+00
2.37E-01	0.00E+00
2.37E-01	0.00E+00
2.38E-01	0.00E+00
2.38E-01	0.00E+00
2.39E-01	0.00E+00
2.39E-01	0.00E+00
2.40E-01	0.00E+00
2.40E-01	0.00E+00
2.41E-01	0.00E+00
2.41E-01	0.00E+00
2.42E-01	0.00E+00
2.42E-01	0.00E+00
2.43E-01	0.00E+00
2.43E-01	0.00E+00
2.44E-01	0.00E+00
2.44E-01	0.00E+00
2.45E-01	0.00E+00
2.45E-01	0.00E+00
2.46E-01	0.00E+00
2.46E-01	0.00E+00
2.47E-01	0.00E+00
2.47E-01	0.00E+00
2.48E-01	0.00E+00
2.48E-01	0.00E+00
2.49E-01	0.00E+00
2.49E-01	0.00E+00
2.50E-01	0.00E+00
2.50E-01	0.00E+00
2.51E-01	0.00E+00
2.51E-01	0.00E+00
2.52E-01	0.00E+00
2.52E-01	0.00E+00
2.53E-01	0.00E+00
2.53E-01	0.00E+00
2.54E-01	0.00E+00
2.54E-01	0.00E+00
2.55E-01	0.00E+00
2.55E-01	0.00E+00
2.56E-01	0.00E+00
2.56E-01	0.00E+00
2.57E-01	0.00E+00
2.57E-01	0.00E+00
2.58E-01	0.00E+00
2.58E-01	0.00E+00
2.59E-01	0.00E+00
2.59E-01	0.00E+00
2.60E-01	0.00E+00
2.60E-01	0.00E+00
2.61E-01	0.00E+00
2.61E-01	0.00E+00
2.62E-01	0.00E+00
2.62E-01	0.00E+00
2.63E-01	0.00E+00
2.63E-01	0.00E+00
2.64E-01	0.00E+00
2.64E-01	0.00E+00
2.65E-01	0.00E+00
2.65E-01	0.00E+00
2.66E-01	0.00E+00
2.66E-01	0.00E+00
2.67E-01	0.00E+00
2.67E-01	0.00E+00
2.68E-01	0.00E+00
2.68E-01	0.00E+00
2.69E-01	0.00E+00
2.69E-01	0.00E+00
2.70E-01	0.00E+00
2.70E-01	0.00E+00
2.71E-01	0.00E+00
2.71E-01	0.00E+00
2.72E-01	0.00E+00
2.72E-01	0.00E+00
2.73E-01	0.00E+00
2.73E-01	0.00E+00
2.74E-01	0.00E+00
2.74E-01	0.00E+00
2.75E-01	0.00E+00
2.75E-01	0.00E+00
2.76E-01	0.00E+00
2.76E-01	0.00E+00
2.77E-01	0.00E+00
2.77E-01	0.00E+00
2.78E-01	0.00E+00
2.78E-01	0.00E+00
2.79E-01	0.00E+00
2.79E-01	0.00E+00
2.80E-01	0.00E+00
2.80E-01	0.00E+00
2.81E-01	0.00E+00
2.81E-01	0.00E+00
2.82E-01	0.00E+00
2.82E-01	0.00E+00
2.83E-01	0.00E+00
2.83E-01	0.00E+00
2.84E-01	0.00E+00
2.84E-01	0.00E+00
2.85E-01	0.00E+00
2.85E-01	0.00E+00
2.86E-01	0.00E+00
2.86E-01	0.00E+00
2.87E-01	0.00E+00
2.87E-01	0.00E+00
2.88E-01	0.00E+00
2.88E-01	0.00E+00
2.89E-01	0.00E+00
2.89E-01	0.00E+00
2.90E-01	0.00E+00
2.90E-01	0.00E+00
2.91E-01	0.00E+00
2.91E-01	0.00E+00
2.92E-01	0.00E+00
2.92E-01	0.00E+00
2.93E-01	0.00E+00
2.93E-01	0.00E+00
2.94E-01	0.00E+00
2.94E-01	0.00E+00
2.95E-01	0.00E+00
2.95E-01	0.00E+00
2.96E-01	0.00E+00
2.96E-01	0.00E+00
2.97E-01	0.00E+00
2.97E-01	0.00E+00
2.98E-01	0.00E+00
2.98E-01	0.00E+00
2.99E-01	0.00E+00
2.99E-01	0.00E+00
3.00E-01	0.00E+00
3.00E-01	0.00E+00
3.01E-01	0.00E+00
3.01E-01	0.00E+00
3.02E-01	0.00E+00
3.02E-01	0.00E+00
3.03E-01	0.00E+00
3.03E-01	0.00E+00
3.04E-01	0.00E+00
3.04E-01	0.00E+00
3.05E-01	0.00E+00
3.05E-01	0.00E+00
3.06E-01	0.00E+00
3.06E-01	0.00E+00
3.07E-01	0.00E+00
3.07E-01	0.00E+00
3.08E-01	0.00E+00
3.08E-01	0.00E+00
3.09E-01	0.00E+00
3.09E-01	0.00E+00
3.10E-01	0.00E+00
3.10E-01	0.00E+00
3.11E-01	0.00E+00
3.11E-01	0.00E+00
3.12E-01	0.00E+00
3.12E-01	0.00E+00
3.13E-01	0.00E+00
3.13E-01	0.00E+00
3.14E-01	0.00E+00
3.14E-01	0.00E+00
3.15E-01	0.00E+00
3.15E-01	0.00E+00
3.16E-01	0.00E+00
3.16E-01	0.00E+00
3.17E-01	0.00E+00
3.17E-01	0.00E+00
3.18E-01	0.00E+00
3.18E-01	0.00E+00
3.19E-01	0.00E+00
3.19E-01	0.00E+00
3.20E-01	0.00E+00
3.20E-01	0.00E+00
3.21E-01	0.00E+00
3.21E-01	0.00E+00
3.22E-01	0.00E+00
3.22E-01	0.00E+00
3.23E-01	0.00E+00
3.23E-01	0.00E+00
3.24E-01	0.00E+00
3.24E-01	0.00E+00
3.25E-01	0.00E+00
3.25E-01	0.00E+00
3.26E-01	0.00E+00
3.26E-01	0.00E+00
3.27E-01	0.00E+00
3.27E-01	0.00E+00
3.28E-01	0.00E+00
3.28E-01	0.00E+00
3.29E-01	0.00E+00
3.29E-01	0.00E+00
3.30E-01	0.00E+00
3.30E-01	0.00E+00
3.31E-01	0.00E+00
3.31E-01	0.00E+00
3.32E-01	0.00E+00
3.32E-01	0.00E+00
3.33E-01	0.00E+00
3.33E-01	0.00E+00
3.34E-01	0.00E+00
3.34E-01	0.00E+00
3.35E-01	0.00E+00
3.35E-01	0.00E+00
3.36E-01	0.00E+00
3.36E-01	0.00E+00
3.37E-01	0.00E+00
3.37E-01	0.00E+00
3.38E-01	0.00E+00
3.38E-01	0.00E+00
3.39E-01	0.00E+00
3.39E-01	0.00E+00
3.40E-01	0.00E+00
3.40E-01	0.00E+00
3.41E-01	0.00E+00
3.41E-01	0.00E+00
3.42E-01	0.00E+00
3.42E-01	0.00E+00
3.43E-01	0.00E+00
3.43E-01	0.00E+00
3.44E-01	0.00E+00
3.44E-01	0.00E+00
3.45E-01	0.00E+00
3.45E-01	0.00E+00
3.46E-01	0.00E+00
3.46E-01	0.00E+00
3.47E-01	0.00E+00
3.47E-01	0.00E+00
3.48E-01	0.00E+00
3.48E-01	0.00E+00
3.49E-01	0.00E+00
3.49E-01	0.00E+00
3.50E-01	0.00E+00
3.50E-01	0.00E+00
3.51E-01	0.00E+00
3.51E-01	0.00E+00
3.52E-01	0.00E+00
3.52E-01	0.00E+00
3.53E-01	0.00E+00
3.53E-01	0.00E+00
3.54E-01	0.00E+00
3.54E-01	0.00E+00
3.55E-01	0.00E+00
3.55E-01	0.00E+00
3.56E-01	0.00E+00
3.56E-01	0.00E+00
3.57E-01	0.00E+00
3.57E-01	0.00E+00
3.58E-01	0.00E+00
3.58E-01	0.00E+00
3.59E-01	0.00E+00
3.59E-01	0.00E+00
3.60E-01	0.00E+00
3.60E-01	0.00E+00
3.61E-01	0.00E+00
3.61E-01	0.00E+00
3.62E-01	0.00E+00
3.62E-01	0.00E+00
3.63E-01	0.00E+00
3.63E-01	0.00E+00
3.64E-01	0.00E+00
3.64E-01	0.00E+00
3.65E-01	0.00E+00
3.65E-01	0.00E+00
3.66E-01	0.00E+00
3.66E-01	0.00E+00
3.67E-01	0.00E+00
3.67E-01	0.00E+00
3.68E-01	0.00E+00
3.68E-01	0.00E+00
3.69E-01	0.00E+00
3.69E-01	0.00E+00
3.70E-01	0.00E+00
3.70E-01	0.00E+00
3.71E-01	0.00E+00
3.71E-01	0.00E+00
3.72E-01	0.00E+00
3.72E-01	0.00E+00
3.73E-01	0.00E+00
3.73E-01	0.00E+00
3.74E-01	0.00E+00
3.74E-01	0.00E+00
3.75E-01	0.00E+00
3.75E-01	0.00E+00
3.76E-01	0.00E+00
3.76E-01	0.00E+00
3.77E-01	0.00E+00
3.77E-01	0.00E+00
3.78E-01	0.00E+00
3.78E-01	0.00E+00
3.79E-01	0.00E+00
3.79E-01	0.00E+00
3.80E-01	0.00E+00
3.80E-01	0.00E+00
3.81E-01	0.00E+00
3.81E-01	0.00E+00
3.82E-01	0.00E+00
3.82E-01	0.00E+00
3.83E-01	0.00E+00
3.83E-01	0.00E+00
3.84E-01	0.00E+00
3.84E-01	0.00E+00
3.85E-01	0.00E+00
3.85E-01	0.00E+00
3.86E-01	0.00E+00
3.86E-01	0.00E+00
3.87E-01	0.00E+00
3.87E-01	0.00E+00
3.88E-01	0.00E+00
3.88E-01	0.00E+00
3.89E-01	0.00E+00
3.89E-01	0.00E+00
3.90E-01	0.00E+00
3.90E-01	0.00E+00
3.91E-01	0.00E+00
3.91E-01	0.00E+00
3.92E-01	0.00E+00
3.92E-01	0.00E+00
3.93E-01	0.00E+00
3.93E-01	0.00E+00
3.94E-01	0.00E+00
3.94E-01	0.00E+00
3.95E-01	0.00E+00
3.95E-01	0.00E+00
3.96E-01	0.00E+00
3.96E-01	0.00E+00
3.97E-01	0.00E+00
3.97E-01	0.00E+00
3.98E-01	0.00E+00
3.98E-01	0.00E+00
3.99E-01	0.00E+00
3.99E-01	0.00E+00
4.00E-01	0.00E+00
4.00E-01	0.00E+00
4.01E-01	0.00E+00
4.01E-01	0.00E+00
4.02E-01	0.00E+00
4.02E-01	0.00E+00
4.03E-01	0.00E+00
4.03E-01	0.00E+00
4.04E-01	0.00E+00
4.04E-01	0.00E+00
4.05E-01	0.00E+00
4.05E-01	0.00E+00
4.06E-01	0.00E+00
4.06E-01	0.00E+00
4.07E-01	0.00E+00
4.07E-01	0.00E+00
4.08E-01	0.00E+00
4.08E-01	0.00E+00
4.09E-01	0.00E+00
4.09E-01	0.00E+00
4.10E-01	0.00E+00
4.10E-01	0.00E+00
4.11E-01	0.00E+00
4.11E-01	0.00E+00
4.12E-01	0.00E+00
4.12E-01	0.00E+00
4.13E-01	0.00E+00
4.13E-01	0.00E+00
4.14E-01	0.00E+00
4.14E-01	0.00E+00
4.15E-01	0.00E+00
4.15E-01	0.00E+00
4.16E-01	0.00E+00
4.16E-01	0.00E+00
4.17E-01	0.00E+00
4.17E-01	0.00E+00
4.18E-01	0.00E+00
4.18E-01	0.00E+00
4.19E-01	0.00E+00
4.19E-01	0.00E+00
4.20E-01	0.00E+00
4.20E-01	0.00E+00
4.21E-01	0.00E+00
4.21E-01	0.00E+00
4.22E-01	0.00E+00
4.22E-01	0.00E+00
4.23E-01	0.00E+00
4.23E-01	0.00E+00
4.24E-01	0.00E+00
4.24E-01	0.00E+00
4.25E-01	0.00E+00
4.25E-01	0.00E+00
4.26E-01	0.00E+00
4.26E-01	0.00E+00
4.27E-01	0.00E+00
4.27E-01	0.00E+00
4.28E-01	0.00E+00
4.28E-01	0.00E+00
4.29E-01	0.00E+00
4.29E-01	0.00E+00
4.30E-01	0.00E+00
4.30E-01	0.00E+00
4.31E-01	0.00E+00
4.31E-01	0.00E+00
4.32E-01	0.00E+00
4.32E-01	0.00E+00
4.33E-01	0.00E+00
4.33E-01	0.00E+00
4.34E-01	0.00E+00
4.34E-01	0.00E+00
4.35E-01	0.00E+00
4.35E-01	0.00E+00
4.36E-01	0.00E+00
4.36E-01	0.00E+00
4.37E-01	0.00E+00
4.37E-01	0.00E+00
4.38E-01	0.00E+00
4.38E-01	0.00E+00
4.39E-01	0.00E+00
4.39E-01	0.00E+00
4.40E-01	0.00E+00
4.40E-01	0.00E+00
4.41E-01	0.00E+00
4.41E-01	0.00E+00
4.42E-01	0.00E+00
4.42E-01	0.00E+00
4.43E-01	0.00E+00
4.43E-01	0.00E+00
4.44E-01	0.00E+00
4.44E-01	0.00E+00
4.45E-01	0.00E+00
4.45E-01	0.00E+00
4.46E-01	0.00E+00
4.46E-01	0.00E+00
4.47E-01	0.00E+00
4.47E-01	0.00E+00
4.48E-01	0.00E+00
4.48E-01	0.00E+00
4.49E-01	0.00E+00
4.49E-01	0.00E+00
4.50E-01	0.00E+00
4.50E-01	0.00E+00
4.51E-01	0.00E+00
4.51E-01	0.00E+00
4.52E-01	0.00E+00
4.52E-01	0.00E+00
4.53E-01	0.00E+00
4.53E-01	0.00E+00
4.54E-01	0.00E+00
4.54E-01	0.00E+00
4.55E-01	0.00E+00
4.55E-01	0.00E+00
4.56E-01	0.00E+00
4.56E-01	0.00E+00
4.57E-01	0.00E+00
4.57E-01	0.00E+00
4.58E-01	0.00E+00
4.58E-01	0.00E+00
4.59E-01	0.00E+00
4.59E-01	0.00E+00
4.60E-01	0.00E+00
4.60E-01	0.00E+00
4.61E-01	0.00E+00
4.61E-01	0.00E+00
4.62E-01	0.00E+00
4.62E-01	0.00E+00
4.63E-01	0.00E+00
4.63E-01	0.00E+00
4.64E-01	0.00E+00
4.64E-01	0.00E+00
4.65E-01	0.00E+00
4.65E-01	0.00E+00
4.66E-01	0.00E+00
4.66E-01	0.00E+00
4.67E-01	0.00E+00
4.67E-01	0.00E+00
4.68E-01	0.00E+00
4.68E-01	0.00E+00
4.69E-01	0.00E+00
4.69E-01	0.00E+00
4.70E-01	0.00E+00
4.70E-01	0.00E+00
4.71E-01	0.00E+00
4.71E-01	0.00E+00
4.72E-01	0.00E+00
4.72E-01	0.00E+00
4.73E-01	0.00E+00
4.73E-01	0.00E+00
4.74E-01	0.00E+00
4.74E-01	0.00E+00
4.75E-01	0.00E+00
4.75E-01	0.00E+00
4.76E-01	0.00E+00
4.76E-01	0.00E+00
4.77E-01	0.00E+00
4.77E-01	0.00E+00
4.78E-01	0.00E+00
4.78E-01	0.00E+00
4.79E-01	0.00E+00
4.79E-01	0.00E+00
4.80E-01	0.00E+00
4.80E-01	0.00E+00
4.81E-01	0.00E+00
4.81E-01	0.00E+00
4.82E-01	0.00E+00
4.82E-01	0.00E+00
4.83E-01	0.00E+00
4.83E-01	0.00E+00
4.84E-01	0.00E+00
4.84E-01	0.00E+00
4.85E-01	0.00E+00
4.85E-01	0.00E+00
4.86E-01	0.00E+00
4.86E-01	0.00E+00
4.87E-01	0.00E+00
4.87E-01	0.00E+00
4.88E-01	0.00E+00
4.88E-01	0.00E+00
4.89E-01	0.00E+00
4.89E-01	0.00E+00
4.90E-01	0.00E+00
4.90E-01	0.00E+00
4.91E-01	0.00E+00
4.91E-01	0.00E+00
4.92E-01	0.00E+00
4.92E-01	0.00E+00
4.93E-01	0.00E+00
4.93E-01	0.00E+00
4.94E-01	0.00E+00
4.94E-01	0.00E+00
4.95E-01	0.00E+00
4.95E-01	0.00E+00
4.96E-01	0.00E+00
4.96E-01	0.00E+00
4.97E-01	0.00E+00
4.97E-01	0.00E+00
4.98E-01	0.00E+00
4.98E-01	0.00E+00
4.99E-01	0.00E+00
4.99E-01	0.00E+00
5.00E-01	0.00E+00
5.00E-01	0.00E+00
5.01E-01	0.00E+00
5.01E-01	0.00E+00
5.02E-01	0.00E+00
5.02E-01	0.00E+00
5.03E-01	0.00E+00
5.03E-01	0.00E+00
5.04E-01	0.00E+00
5.04E-01	0.00E+00
5.05E-01	0.00E+00
5.05E-01	0.00E+00
5.06E-01	0.00E+00
5.06E-01	0.00E+00
5.07E-01	0.00E+00
5.07E-01	0.00E+00
5.08E-01	0.00E+00
5.08E-01	0.00E+00
5.09E-01	0.00E+00
5.09E-01	0.00E+00
5.10E-01	0.00E+00
5.10E-01	0.00E+00
5.11E-01	0.00E+00
5.11E-01	0.00E+00
5.12E-01	0.00E+00
5.12E-01	0.00E+00
5.13E-01	0.00E+00
5.13E-01	0.00E+00
5.14E-01	0.00E+00
5.14E-01	0.00E+00
5.15E-01	0.00E+00
5.15E-01	0.00E+00
5.16E-01	0.00E+00
5.16E-01	0.00E+00
5.17E-01	0.00E+00
5.17E-01	0.00E+00
5.18E-01	0.00E+00
5.18E-01	0.00E+00
5.19E-01	0.00E+00
5.19E-01	0.00E+00
5.20E-01	0.00E+00
5.20E-01	0.00E+00
5.21E-01	0.00E+00
5.21E-01	0.00E+00
5.22E-01	0.00E+00
5.22E-01	0.00E+00
5.23E-01	0.00E+00
5.23E-01	0.00E+00
5.24E-01	0.00E+00
5.24E-01	0.00E+00
5.25E-01	0.00E+00
5.25E-01	0.00E+00
5.26E-01	0.00E+00
5.26E-01	0.00E+00
5.27E-01	0.00E+00
5.27E-01	0.00E+00
5.28E-01	0.00E+00
5.28E-01	0.00E+00
5.29E-01	0.00E+00
5.29E-01	0.00E+00
5.30E-01	0.00E+00
5.30E-01	0.00E+00
5.31E-01	0.00E+00
5.31E-01	0.00E+00
5.32E-01	0.00E+00
5.32E-01	0.00E+00
5.33E-01	0.00E+00
5.33E-01	0.00E+00
5.34E-01	0.00E+00
5.34E-01	0.00E+00
5.35E-01	0.00E+00
5.35E-01	0.00E+00
5.36E-01	0.00E+00
5.36E-01	0.00E+00
5.37E-01	0.00E+00
5.37E-01	0.00E+00
5.38E-01	0.00E+00
5.38E-01	0.00E+00
5.39E-01	0.00E+00
5.39E-01	0.00E+00
5.40E-01	0.00E+00
5.40E-01	0.00E+00
5.41E-01	0.00E+00
5.41E-01	0.00E+00
5.42E-01	0.00E+00
5.42E-01	0.00E+00
5.43E-01	0.00E+00
5.43E-01	0.00E+00
5.44E-01	0.00E+00
5.44E-01	0.00E+00
5.45E-01	0.00E+00
5.45E-01	0.00E+00
5.46E-01	0.00E+00
5.46E-01	0.00E+00
5.47E-01	0.00E+00
5.47E-01	0.00E+00
5.48E-01	0.00E+00
5.48E-01	0.00E+00
5.49E-01	0.00E+00
5.49E-01	0.00E+00
5.50E-01	0.00E+00
5.50E-01	0.00E+00
5.51E-01	0.00E+00
5.51E-01	0.00E+00
5.52E-01	0.00E+00
5.52E-01	0.00E+00
5.53E-01	0.00E+00
5.53E-01	0.00E+00
5.54E-01	0.00E+00
5.54E-01	0.00E+00
5.55E-01	0.00E+00
5.55E-01	0.00E+00
5.56E-01	0.00E+00
5.56E-01	0.00E+00
5.57E-01	0.00E+00
5.57E-01	0.00E+00
5.58E-01	0.00E+00
5.58E-01	0.00E+00
5.59E-01	0.00E+00
5.59E-01	0.00E+00
5.60E-01	0.00E+00
5.60E-01	0.00E+00
5.61E-01	0.00E+00
5.61E-01	0.00E+00
5.62E-01	0.00E+00
5.62E-01	0.00E+00
5.63E-01	0.00E+00
5.63E-01	0.00E+00
5.64E-01	0.00E+00
5.64E-01	0.00E+00
5.65E-01	0.00E+00
5.65E-01	0.00E+00
5.66E-01	0.00E+00
5.66E-01	0.00E+00
5.67E-01	0.00E+00
5.67E-01	0.00E+00
5.68E-01	0.00E+00
5.68E-01	0.00E+00
5.69E-01	0.00E+00
5.69E-01	0.00E+00
5.70E-01	0.00E+00
5.70E-01	0.00E+00
5.71E-01	0.00E+00
5.71E-01	0.00E+00
5.72E-01	0.00E+00
5.72E-01	0.00E+00
5.73E-01	0.00E+00
5.73E-01	0.00E+00
5.74E-01	0.00E+00
5.74E-01	0.00E+00
5.75E-01	0.00E+00
5.75E-01	0.00E+00
5.76E-01	0.00E+00
5.76E-01	0.00E+00
5.77E-01	0.00E+00
5.77E-01	0.00E+00
5.78E-01	0.00E+00
5.78E-01	0.00E+00
5.79E-01	0.00E+00
5.79E-01	0.00E+00
5.80E-01	0.00E+00
5.80E-01	0.00E+00
5.81E-01	0.00E+00
5.81E-01	0.00E+00
5.82E-01	0.00E+00
5.82E-01	0.00E+00
5.83E-01	0.00E+00
5.83E-01	0.00E+00
5.84E-01	0.00E+00
5.84E-01	0.00E+00
5.85E-01	0.00E+00
5.85E-01	0.00E+00
5.86E-01	0.00E+00
5.86E-01	0.00E+00
5.87E-01	0.00E+00
5.87E-01	0.00E+00
5.88E-01	0.00E+00
5.88E-01	0.00E+00
5.89E-01	0.00E+00
5.89E-01	0.00E+00
5.90E-01	0.00E+00
5.90E-01	0.00E+00
5.91E-01	0.00E+00
5.91E-01	0.00E+00
5.92E-01	0.00E+00
5.92E-01	0.00E+00
5.93E-01	0.00E+00
5.93E-01	0.00E+00
5.94E-01	0.00E+00
5.94E-01	0.00E+00
5.95E-01	0.00E+00
5.95E-01	0.00E+00
5.96E-01	0.00E+00
5.96E-01	0.00E+00
5.97E-01	0.00E+00
5.97E-01	0.00E+00
5.98E-01	0.00E+00
5.98E-01	0.00E+00
5.99E-01	0.00E+00
5.99E-01	0.00E+00
6.00E-01	0.00E+00
6.00E-01	0.00E+00
6.01E-01	0.00E+00
6.01E-01	0.00E+00
6.02E-01	0.00E+00
6.02E-01	0.00E+00
6.03E-01	0.00E+00
6.03E-01	0.00E+00
6.04E-01	0.00E+00
6.04E-01	0.00E+00
6.05E-01	0.00E+00
6.05E-01	0.00E+00
6.06E-01	0.00E+00
6.06E-01	0.00E+00
6.07E-01	0.00E+00
6.07E-01	0.00E+00
6.08E-01	0.00E+00
6.08E-01	0.00E+00
6.09E-01	0.00E+00
6.09E-01	0.00E+00
6.10E-01	0.00E+00
6.10E-01	0.00E+00
6.11E-01	0.00E+00
6.11E-01	0.00E+00
6.12E-01	0.00E+00
6.12E-01	0.00E+00
6.13E-01	0.00E+00
6.13E-01	0.00E+00
6.14E-01	0.00E+00
6.14E-01	0.00E+00
6.15E-01	0.00E+00
6.15E-01	0.00E+00
6.16E-01	0.00E+00
6.16E-01	0.00E+00
6.17E-01	0.00E+00
6.17E-01	0.00E+00
6.18E-01	0.00E+00
6.18E-01	0.00E+00
6.19E-01	0.00E+00
6.19E-01	0.00E+00
6.20E-01	0.00E+00
6.20E-01	0.00E+00
6.21E-01	0.00E+00
6.21E-01	0.00E+00
6.22E-01	0.00E+00
6.22E-01	0.00E+00
6.23E-01	0.00E+00
6.23E-01	0.00E+00
6.24E-01	0.00E+00
6.24E-01	0.00E+00
6.25E-01	0.00E+00
6.25E-01	0.00E+00
6.26E-01	0.00E+00
6.26E-01	0.00E+00
6.27E-01	0.00E+00
6.27E-01	0.00E+00
6.28E-01	0.00E+00
6.28E-01	0.00E+00
6.29E-01	0.00E+00
6.29E-01	0.00E+00
6.30E-01	0.00E+00
6.30E-01	0.00E+00
6.31E-01	0.00E+00
6.31E-01	0.00E+00
6.32E-01	0.00E+00
6.32E-01	0.00E+00
6.33E-01	0.00E+00
6.33E-01	0.00E+00
6.34E-01	0.00E+00
6.34E-01	0.00E+00
6.35E-01	0.00E+00
6.35E-01	0.00E+00
6.36E-01	0.00E+00
6.36E-01	0.00E+00
6.37E-01	0.00E+00
6.37E-01	0.00E+00
6.38E-01	0.00E+00
6.38E-01	0.00E+00
6.39E-01	0.00E+00
6.39E-01	0.00E+00
6.40E-01	0.00E+00
6.40E-01	0.00E+00
6.41E-01	0.00E+00
6.41E-01	0.00E+00
6.42E-01	0.00E+00
6.42E-01	0.00E+00
6.43E-01	0.00E+00
6.43E-01	0.00E+00
6.44E-01	0.00E+00
6.44E-01	0.00E+00
6.45E-01	0.00E+00
6.45E-01	0.00E+00
6.46E-01	0.00E+00
6.46E-01	0.00E+00
6.47E-01	0.00E+00
6.47E-01	0.00E+00
6.48E-01	0.00E+00
6.48E-01	0.00E+00
6.49E-01	0.00E+00
6.49E-01	0.00E+00
6.50E-01	0.00E+00
6.50E-01	0.00E+00
6.51E-01	0.00E+00
6.51E-01	0.00E+00
6.52E-01	0.00E+00
6.52E-01	0.00E+00
6.53E-01	0.00E+00
6.53E-01	0.00E+00
6.54E-01	0.00E+00
6.54E-01	0.00E+00
6.55E-01	0.00E+00
6.55E-01	0.00E+00
6.56E-01	0.00E+00
6.56E-01	0.00E+00
6.57E-01	0.00E+00
6.57E-01	0.00E+00
6.58E-01	0.00E+00
6.58E-01	0.00E+00
6.59E-01	0.00E+00
6.59E-01	0.00E+00
6.60E-01	0.00E+00
6.60E-01	0.00E+00
6.61E-01	0.00E+00
6.61E-01	0.00E+00
6.62E-01	0.00E+00
6.62E-01	0.00E+00
6.63E-01	0.00E+00
6.63E-01	0.00E+00
6.64E-01	0.00E+00
6.64E-01	0.00E+00
6.65E-01	0.00E+00
6.65E-01	0.00E+00
6.66E-01	0.00E+00
6.66E-01	0.00E+00
6.67E-01	0.00E+00
6.67E-01	0.00E+00
6.68E-01	0.00E+00
6.68E-01	0.00E+00
6.69E-01	0.00E+00
6.69E-01	0.00E+00
6.70E-01	0.00E+00
6.70E-01	0.00E+00
6.71E-01	0.00E+00
6.71E-01	0.00E+00
6.72E-01	0.00E+00
6.72E-01	0.00E+00
6.73E-01	0.00E+00
6.73E-01	0.00E+00
6.74E-01	0.00E+00
6.74E-01	0.00E+00
6.75E-01	0.00E+00
6.75E-01	0.00E+00
6.76E-01	0.00E+00
6.76E-01	0.00E+00
6.77E-01	0.00E+00
6.77E-01	0.00E+00
6.78E-01	0.00E+00
6.78E-01	0.00E+00
6.79E-01	0.00E+00
6.79E-01	0.00E+00
6.80E-01	0.00E+00
6.80E-01	0.00E+00
6.81E-01	0.00E+00
6.81E-01	0.00E+00
6.82E-01	0.00E+00
6.82E-01	0.00E+00
6.83E-01	0.00E+00
6.83E-01	0.00E+00
6.84E-01	0.00E+00
6.84E-01	0.00E+00
6.85E-01	0.00E+00
6.85E-01	0.00E+00
6.86E-01	0.00E+00
6.86E-01	0.00E+00
6.87E-01	0.00E+00
6.87E-01	0.00E+00
6.88E-01	0.00E+00
6.88E-01	0.00E+00
6.89E-01	0.00E+00
6.89E-01	0.00E+00
6.90E-01	0.00E+00
6.90E-01	0.00E+00
6.91E-01	0.00E+00
6.91E-01	0.00E+00
6.92E-01	0.00E+00
6.92E-01	0.00E+00
6.93E-01	0.00E+00
6.93E-01	0.00E+00
6.94E-01	0.00E+00
6.94E-01	0.00E+00
6.95E-01	0.00E+00
6.95E-01	0.00E+00
6.96E-01	0.00E+00
6.96E-01	0.00E+00
6.97E-01	0.00E+00
6.97E-01	0.00E+00
6.98E-01	0.00E+00
6.98E-01	0.00E+00
6.99E-01	0.00E+00
6.99E-01	0.00E+00
7.00E-01	0.00E+00
7.00E-01	0.00E+00
7.01E-01	0.00E+00
7.01E-01	0.00E+00
7.02E-01	0.00E+00
7.02E-01	0.00E+00
7.03E-01	0.00E+00
7.03E-01	0.00E+00
7.04E-01	0.00E+00
7.04E-01	0.00E+00
7.05E-01	0.00E+00
7.05E-01	0.00E+00
7.06E-01	0.00E+00
7.06E-01	0.00E+00
7.07E-01	0.00E+00
7.07E-01	0.00E+00
7.08E-01	0.00E+00
7.08E-01	0.00E+00
7.09E-01	0.00E+00
7.09E-01	0.00E+00
7.10E-01	0.00E+00
7.10E-01	0.00E+00
7.11E-01	0.00E+00
7.11E-01	0.00E+00
7.12E-01	0.00E+00
7.12E-01	0.00E+00
7.13E-01	0.00E+00
7.13E-01	0.00E+00
7.14E-01	0.00E+00
7.14E-01	0.00E+00
7.15E-01	0.00E+00
7.15E-01	0.00E+00
7.16E-01	0.00E+00
7.16E-01	0.00E+00
7.17E-01	0.00E+00
7.17E-01	0.00E+00
7.18E-01	0.00E+00
7.18E-01	0.00E+00
7.19E-01	0.00E+00
7.19E-01	0.00E+00
7.20E-01	0.00E+00
7.20E-01	0.00E+00
7.21E-01	0.00E+00
7.21E-01	0.00E+00
7.22E-01	0.00E+00
7.22E-01	0.00E+00
7.23E-01	0.00E+00
7.23E-01	0.00E+00
7.24E-01	0.00E+00
7.24E-01	0.00E+00
7.25E-01	0.00E+00
7.25E-01	0.00E+00
7.26E-01	0.00E+00
7.26E-01	0.00E+00
7.27E-01	0.00E+00
7.27E-01	0.00E+00
7.28E-01	0.00E+00
7.28E-01	0.00E+00
7.29E-01	0.00E+00
7.29E-01	0.00E+00
7.30E-01	0.00E+00
7.30E-01	0.00E+00
7.31E-01	0.00E+00
7.31E-01	0.00E+00
7.32E-01	0.00E+00
7.32E-01	0.00E+00
7.33E-01	0.00E+00
7.33E-01	0.00E+00
7.34E-01	0.00E+00
7.34E-01	0.00E+00
7.35E-01	0.00E+00
7.35E-01	0.00E+00
7.36E-01	0.00E+00
7.36E-01	0.00E+00
7.37E-01	0.00E+00
7.37E-01	0.00E+00
7.38E-01	0.00E+00
7.38E-01	0.00E+00
7.39E-01	0.00E+00
7.39E-01	0.00E+00
7.40E-01	0.00E+00
7.40E-01	0.00E+00
7.41E-01	0.00E+00
7.41E-01	0.00E+00
7.42E-01	0.00E+00
7.42E-01	0.00E+00
7.43E-01	0.00E+00
7.43E-01	0.00E+00
7.44E-01	0.00E+00
7.44E-01	0.00E+00
7.45E-01	0.00E+00
7.45E-01	0.00E+00
7.46E-01	0.00E+00
7.46E-01	0.00E+00
7.47E-01	0.00E+00
7.47E-01	0.00E+00
7.48E-01	0.00E+00
7.48E-01	0.00E+00
7.49E-01	0.00E+00
7.49E-01	0.00E+00
7.50E-01	0.00E+00
7.50E-01	0.00E+00
7.51E-01	0.00E+00
7.51E-01	0.00E+00
7.52E-01	0.00E+00
7.52E-01	0.00E+00
7.53E-01	0.00E+00
7.53E-01	0.00E+00
7.54E-01	0.00E+00
7.54E-01	0.00E+00
7.55E-01	0.00E+00
7.55E-01	0.00E+00
7.56E-01	0.00E+00
7.56E-01	0.00E+00
7.57E-01	0.00E+00
7.57E-01	0.00E+00
7.58E-01	0.00E+00
7.58E-01	0.00E+00
7.59E-01	0.00E+00
7.59E-01	0.00E+00
7.60E-01	0.00E+00
7.60E-01	0.00E+00
7.61E-01	0.00E+00
7.61E-01	0.00E+00
7.62E-01	0.00E+00
7.62E-01	0.00E+00
7.63E-01	0.00E+00
7.63E-01	0.00E+00
7.64E-01	0.00E+00
7.64E-01	0.00E+00
7.65E-01	0.00E+00
7.65E-01	0.00E+00
7.66E-01	0.00E+00
7.66E-01	0.00E+00
7.67E-01	0.00E+00
7.67E-01	0.00E+00
7.68E-01	0.00E+00
7.68E-01	0.00E+00
7.69E-01	0.00E+00
7.69E-01	0.00E+00
7.70E-01	0.00E+00
7.70E-01	0.00E+00
7.71E-01	0.00E+00
7.71E-01	0.00E+00
7.72E-01	0.00E+00
7.72E-01	0.00E+00
7.73E-01	0.00E+00
7.73E-01	0.00E+00
7.74E-01	0.00E+00
7.74E-01	0.00E+00
7.75E-01	0.00E+00
7.75E-01	0.00E+00
7.76E-01	0.00E+00
7.76E-01	0.00E+00
7.77E-01	0.00E+00
7.77E-01	0.00E+00
7.78E-01	0.00E+00
7.78E-01	0.00E+00
7.79E-01	0.00E+00
7.79E-01	0.00E+00
7.80E-01	0.00E+00
7.80E-01	0.00E+00
7.81E-01	0.00E+00
7.81E-01	0.00E+00
7.82E-01	0.00E+00
7.82E-01	0.00E+00
7.83E-01	0.00E+00
7.83E-01	0.00E+00
7.84E-01	0.00E+00
7.84E-01	0.00E+00
7.85E-01	0.00E+00
7.85E-01	0.00E+00
7.86E-01	0.00E+00
7.86E-01	0.00E+00
7.87E-01	0.00E+00
7.87E-01	0.00E+00
7.88E-01	0.00E+00
7.88E-01	0.00E+00
7.89E-01	0.00E+00
7.89E-01	0.00E+00
7.90E-01	0.00E+00
7.90E-01	0.00E+00
7.91E-01	0.00E+00
7.91E-01	0.00E+00
7.92E-01	0.00E+00
7.92E-01	0.00E+00
7.93E-01	0.00E+00
7.93E-01	0.00E+00
7.94E-01	0.00E+00
7.94E-01	0.00E+00
7.95E-01	0.00E+00
7.95E-01	0.00E+00
7.96E-01	0.00E+00
7.96E-01	0.00E+00
7.97E-01	0.00E+00
7.97E-01	0.00E+00
7.98E-01	0.00E+00
7.98E-01	0.00E+00
7.99E-01	0.00E+00
7.99E-01	0.00E+00
8.00E-01	0.00E+00
8.00E-01	0.00E+00
8.01E-01	0.00E+00
8.01E-01	0.00E+00
8.02E-01	0.00E+00
8.02E-01	0.00E+00
8.03E-01	0.00E+00
8.03E-01	0.00E+00
8.04E-01	0.00E+00
8.04E-01	0.00E+00
8.05E-01	0.00E+00
8.05E-01	0.00E+00
8.06E-01	0.00E+00
8.06E-01	0.00E+00
8.07E-01	0.00E+00
8.07E-01	0.00E+00
8.08E-01	0.00E+00
8.08E-01	0.00E+00
8.09E-01	0.00E+00
8.09E-01	0.00E+00
8.10E-01	0.00E+00
8.10E-01	0.00E+00
8.11E-01	0.00E+00
8.11E-01	0.00E+00
8.12E-01	0.00E+00
8.12E-01	0.00E+00
8.13E-01	0.00E+00
8.13E-01	0.00E+00
8.14E-01	0.00E+00
8.14E-01	0.00E+00
8.15E-01	0.00E+00
8.15E-01	0.00E+00
8.16E-01	0.00E+00
8.16E-01	0.00E+00
8.17E-01	0.00E+00
8.17E-01	0.00E+00
8.18E-01	0.00E+00
8.18E-01	0.00E+00
8.19E-01	0.00E+00
8.19E-01	0.00E+00
8.20E-01	0.00E+00
8.20E-01	0.00E+00
8.21E-01	0.00E+00
8.21E-01	0.00E+00
8.22E-01	0.00E+00
8.22E-01	0.00E+00
8.23E-01	0.00E+00
8.23E-01	0.00E+00
8.24E-01	0.00E+00
8.24E-01	0.00E+00
8.25E-01	0.00E+00
8.25E-01	0.00E+00
8.26E-01	0.00E+00
8.26E-01	0.00E+00
8.27E-01	0.00E+00
8.27E-01	0.00E+00
8.28E-01	0.00E+00
8.28E-01	0.00E+00
8.29E-01	0.00E+00
8.29E-01	0.00E+00
8.30E-01	0.00E+00
8.30E-01	0.00E+00
8.31E-01	0.00E+00
8.31E-01	0.00E+00
8.32E-01	0.00E+00
8.32E-01	0.00E+00
8.33E-01	0.00E+00
8.33E-01	0.00E+00
8.34E-01	0.00E+00
8.34E-01	0.00E+00
8.35E-01	0.00E+00
8.35E-01	0.00E+00
8.36E-01	0.00E+00
8.36E-01	0.00E+00
8.37E-01	0.00E+00
8.37E-01	0.00E+00
8.38E-01	0.00E+00
8.38E-01	0.00E+00
8.39E-01	0.00E+00
8.39E-01	0.00E+00
8.40E-01	0.00E+00
8.40E-01	0.00E+00
8.41E-01	0.00E+00
8.41E-01	0.00E+00
8.42E-01	0.00E+00
8.42E-01	0.00E+00
8.43E-01	0.00E+00
8.43E-01	0.00E+00
8.44E-01	0.00E+00
8.44E-01	0.00E+00
8.45E-01	0.00E+00
8.45E-01	0.00E+00
8.46E-01	0.00E+00
8.46E-01	0.00E+00
8.47E-01	0.00E+00
8.47E-01	0.00E+00
8.48E-01	0.00E+00
8.48E-01	0.00E+00
8.49E-01	0.00E+00
8.49E-01	0.00E+00
8.50E-01	0.00E+00
8.50E-01	0.00E+00
8.51E-01	0.00E+00
8.51E-01	0.00E+00
8.52E-01	0.00E+00
8.52E-01	0.00E+00
8.53E-01	0.00E+00
8.53E-01	0.00E+00
8.54E-01	0.00E+00
8.54E-01	0.00E+00
8.55E-01	0.00E+00
8.55E-01	0.00E+00
8.56E-01	0.00E+00
8.56E-01	0.00E+00
8.57E-01	0.00E+00
8.57E-01	0.00E+00
8.58E-01	0.00E+00
8.58E-01	0.00E+00
8.59E-01	0.00E+00
8.59E-01	0.00E+00
8.60E-01	0.00E+00
8.60E-01	0.00E+00
8.61E-01	0.00E+00
8.61E-01	0.00E+00
8.62E-01	0.00E+00
8.62E-01	0.00E+00
8.63E-01	0.00E+00
8.63E-01	0.00E+00
8.64E-01	0.00E+00
8.64E-01	0.00E+00
8.65E-01	0.00E+00
8.65E-01	0.00E+00
8.66E-01	0.00E+00
8.66E-01	0.00E+00
8.67E-01	0.00E+00
8.67E-01	0.00E+00
8.68E-01	0.00E+00
8.68E-01	0.00E+00
8.69E-01	0.00E+00
8.69E-01	0.00E+00
8.70E-01	0.00E+00
8.70E-01	0.00E+00
8.71E-01	0.00E+00
8.71E-01	0.00E+00
8.72E-01	0.00E+00
8.72E-01	0.00E+00
8.73E-01	0.00E+00
8.73E-01	0.00E+00
8.74E-01	0.00E+00
8.74E-01	0.00E+00
8.75E-01	0.00E+00
8.75E-01	0.00E+00
8.76E-01	0.00E+00
8.76E-01	0.00E+00
8.77E-01	0.00E+00
8.77E-01	0.00E+00
8.78E-01	0.00E+00
8.78E-01	0.00E+00
8.79E-01	0.00E+00
8.79E-01	0.00E+00
8.80E-01	0.00E+00
8.80E-01	0.00E+00
8.81E-01	0.00E+00
8.81E-01	0.00E+00
8.82E-01	0.00E+00
8.82E-01	0.00E+00
8.83E-01	0.00E+00
8.83E-01	0.00E+00
8.84E-01	0.00E+00
8.84E-01	0.00E+00
8.85E-01	0.00E+00
8.85E-01	0.00E+00
8.86E-01	0.00E+00
8.86E-01	0.00E+00
8.87E-01	0.00E+00
8.87E-01	0.00E+00
8.88E-01	0.00E+00
8.88E-01	0.00E+00
8.89E-01	0.00E+00
8.89E-01	0.00E+00
8.90E-01	0.00E+00
8.90E-01	0.00E+00
8.91E-01	0.00E+00
8.91E-01	0.00E+00
8.92E-01	0.00E+00
8.92E-01	0.00E+00
8.93E-01	0.00E+00
8.93E-01	0.00E+00
8.94E-01	0.00E+00
8.94E-01	0.00E+00
8.95E-01	0.00E+00
8.95E-01	0.00E+00
8.96E-01	0.00E+00
8.96E-01	0.00E+00
8.97E-01	0.00E+00
8.97E-01	0.00E+00
8.98E-01	0.00E+00
8.98E-01	0.00E+00
8.99E-01	0.00E+00
8.99E-01	0.00E+00
9.00E-01	0.00E+00
9.00E-01	0.00E+00
9.01E-01	0.00E+00
9.01E-01	0.00E+00
9.02E-01	0.00E+00
9.02E-01	0.00E+00
9.03E-01	0.00E+00
9.03E-01	0.00E+00
9.04E-01	0.00E+00
9.04E-01	0.00E+00
9.05E-01	0.00E+00
9.05E-01	0.00E+00
9.06E-01	0.00E+00
9.06E-01	0.00E+00
9.07E-01	0.00E+00
9.07E-01	0.00E+00
9.08E-01	0.00E+00
9.08E-01	0.00E+00
9.09E-01	0.00E+00
9.09E-01	0.00E+00
9.10E-01	0.00E+00
9.10E-01	0.00E+00
9.11E-01	0.00E+00
9.11E-01	0.00E+00
9.12E-01	0.00E+00
9.12E-01	0.00E+00
9.13E-01	0.00E+00
9.13E-01	0.00E+00
9.14E-01	0.00E+00
9.14E-01	0.00E+00
9.15E-01	0.00E+00
9.15E-01	0.00E+00
9.16E-01	0.00E+00
9.16E-01	0.00E+00
9.17E-01	0.00E+00
9.17E-01	0.00E+00
9.18E-01	0.00E+00
9.18E-01	0.00E+00
9.19E-01	0.00E+00
9.19E-01	0.00E+00
9.20E-01	0.00E+00
9.20E-01	0.00E+00
9.21E-01	0.00E+00
9.21E-01	0.00E+00
9.22E-01	0.00E+00
9.22E-01	0.00E+00
9.23E-01	0.00E+00
9.23E-01	0.00E+00
9.24E-01	0.00E+00
9.24E-01	0.00E+00
9.25E-01	0.00E+00
9.25E-01	0.00E+00
9.26E-01	0.00E+00
9.26E-01	0.00E+00
9.27E-01	0.00E+00
9.27E-01	0.00E+00
9.28E-01	0.00E+00
9.28E-01	0.00E+00
9.29E-01	0.00E+00
9.29E-01	0.00E+00
9.30E-01	0.00E+00
9.30E-01	0.00E+00
9.31E-01	0.00E+00
9.31E-01	0.00E+00
9.32E-01	0.00E+00
9.32E-01	0.00E+00
9.33E-01	0.00E+00
9.33E-01	0.00E+00
9.34E-01	0.00E+00
9.34E-01	0.00E+00
9.35E-01	0.00E+00
9.35E-01	0.00E+00
9.36E-01	0.00E+00
9.36E-01	0.00E+00
9.37E-01	0.00E+00
9.37E-01	0.00E+00
9.38E-01	0.00E+00
9.38E-01	0.00E+00
9.39E-01	0.00E+00
9.39E-01	0.00E+00
9.40E-01	0.00E+00
9.40E-01	0.00E+00
9.41E-01	0.00E+00
9.41E-01	0.00E+00
9.42E-01	0.00E+00
9.42E-01	0.00E+00
9.43E-01	0.00E+00
9.43E-01	0.00E+00
9.44E-01	0.00E+00
9.44E-01	0.00E+00
9.45E-01	0.00E+00
9.45E-01	0.00E+00
9.46E-01	0.00E+00
9.46E-01	0.00E+00
9.47E-01	0.00E+00
9.47E-01	0.00E+00
9.48E-01	0.00E+00
9.48E-01	0.00E+00
9.49E-01	0.00E+00
9.49E-01	0.00E+00
9.50E-01	0.00E+00
9.50E-01	0.00E+00
9.51E-01	0.00E+00
9.51E-01	0.00E+00
9.52E-01	0.00E+00
9.52E-01	0.00E+00
9.53E-01	0.00E+00
9.53E-01	0.00E+00
9.54E-01	0.00E+00
9.54E-01	0.00E+00
9.55E-01	0.00E+00
9.55E-01	0.00E+00
9.56E-01	0.00E+00
9.56E-01	0.00E+00
9.57E-01	0.00E+00
9.57E-01	0.00E+00
9.58E-01	0.00E+00
9.58E-01	0.00E+00
9.59E-01	0.00E+00
9.59E-01	0.00E+00
9.60E-01	0.00E+00
9.60E-01	0.00E+00
9.61E-01	0.00E+00
9.61E-01	0.00E+00
9.62E-01	0.00E+00
9.62E-01	0.00E+00
9.63E-01	0.00E+00
9.63E-01	0.00E+00
9.64E-01	0.00E+00
9.64E-01	0.00E+00
9.65E-01	0.00E+00
9.65E-01	0.00E+00
9.66E-01	0.00E+00
9.66E-01	0.00E+00
9.67E-01	0.00E+00
9.67E-01	0.00E+00
9.68E-01	0.00E+00
9.68E-01	0.00E+00
9.69E-01	0.00E+00
9.69E-01	0.00E+00
9.70E-01	0.00E+00
9.70E-01	0.00E+00
9.71E-01	0.00E+00
9.71E-01	0.00E+00
9.72E-01	0.00E+00
9.72E-01	0.00E+00
9.73E-01	0.00E+00
9.73E-01	0.00E+00
9.74E-01	0.00E+00
9.74E-01	0.00E+00
9.75E-01	0.00E+00
9.75E-01	0.00E+00
9.76E-01	0.00E+00
9.76E-01	0.00E+00
9.77E-01	0.00E+00
9.77E-01	0.00E+00
9.78E-01	0.00E+00
9.78E-01	0.00E+00
9.79E-01	0.00E+00
9.79E-01	0.00E+00
9.80E-01	0.00E+00
9.80E-01	0.00E+00
9.81E-01	0.00E+00
9.81E-01	0.00E+00
9.82E-01	0.00E+00
9.82E-01	0.00E+00
9.83E-01	0.00E+00
9.83E-01	0.00E+00
9.84E-01	0.00E+00
9.84E-01	0.00E+00
9.85E-01	0.00E+00
9.85E-01	0.00E+00
9.86E-01	0.00E+00
9.86E-01	0.00E+00
9.87E-01	0.00E+00
9.87E-01	0.00E+00
9.88E-01	0.00E+00
9.88E-01	0.00E+00
9.89E-01	0.00E+00
9.89E-01	0.00E+00
9.90E-01	0.00E+00
9.90E-01	0.00E+00
9.91E-01	0.00E+00
9.91E-01	0.00E+00
9.92E-01	0.00E+00
9.92E-01	0.00E+00
9.93E-01	0.00E+00
9.93E-01	0.00E+00
9.94E-01	0.00E+00
9.94E-01	0.00E+00
9.95E-01	0.00E+00
9.95E-01	0.00E+00
9.96E-01	0.00E+00
9.96E-01	0.00E+00
9.97E-01	0.00E+00
9.97E-01	0.00E+00
9.98E-01	0.00E+00
9.98E-01	0.00E+00
9.99E-01	0.00E+00
9.99E-01	0.00E+00
1.00E+00	0.00E+00
1	0.00E+00
1	0.00E+00
1.001	0.00E+00
1.002	0.00E+00
1.002	0.00E+00
1.003	0.00E+00
1.003	0.00E+00
1.003	0.00E+00
1.004	0.00E+00
1.005	0.00E+00
1.005	0.00E+00
1.005	0.00E+00
1.006	0.00E+00
1.007	0.00E+00
1.007	0.00E+00
1.008	0.00E+00
1.008	0.00E+00
1.008	0.00E+00
1.009	0.00E+00
1.01	0.00E+00
1.01	0.00E+00
1.01	0.00E+00
1.011	0.00E+00
1.012	0.00E+00
1.012	0.00E+00
1.013	0
1.013	0
1.013	0
1.014	0
1.015	0
1.015	0
1.015	0
1.016	0
1.016	0
1.017	0
1.018	0
1.018	0
1.018	0
1.019	0
1.02	0
1.02	0
1.02	0
1.021	0
1.021	0
1.022	0
1.023	0
1.023	0
1.023	0
1.024	0
1.025	0
1.025	0
1.026	0
1.026	0
1.026	0
1.027	0
1.028	0
1.028	0
1.028	0
1.029	0
1.03	0
1.03	0
1.031	0
1.031	0
1.031	0
1.032	0
1.033	0
1.033	0
1.033	0
1.034	0
1.035	0
1.035	0
1.036	0
1.036	0
1.036	0
1.037	0
1.038	0
1.038	0
1.038	0
1.039	0
1.039	0
1.04	0
1.041	0
1.041	0
1.041	0
1.042	0
1.043	0
1.043	0
1.043	0
1.044	0
1.044	0
1.045	0
1.046	0
1.046	0
1.046	0
1.047	0
1.048	0
1.048	0
1.048	0
1.049	0
1.049	0
1.05	0
1.051	0
1.051	0
1.051	0
1.052	0
1.053	0
1.053	0
1.054	0
1.054	0
1.054	0
1.055	0
1.056	0
1.056	0
1.056	0
1.057	0
1.058	0
1.058	0
1.059	0
1.059	0
1.059	0
1.06	0
1.061	0
1.061	0
1.061	0
1.062	0
1.062	0
1.063	0
1.064	0
1.064	0
1.064	0
1.065	0
1.066	0
1.066	0
1.066	0
1.067	0
1.067	0
1.068	0
1.069	0
1.069	0
1.069	0
1.07	0
1.071	0
1.071	0
1.071	0
1.072	0
1.072	0
1.073	0
1.074	0
1.074	0
1.074	0
1.075	0
1.076	0
1.076	0
1.077	0
1.077	0
1.077	0
1.078	0
1.079	0
1.079	0
1.079	0
1.08	0
1.081	0
1.081	0
1.082	0
1.082	0
1.082	0
1.083	0
1.084	0
1.084	0
1.084	0
1.085	0
1.086	0
1.086	0
1.087	0
1.087	0
1.087	0
1.088	0
1.089	0
1.089	0
1.089	0
1.09	0
1.09	0
1.091	0
1.092	0
1.092	0
1.092	0
1.093	0
1.094	0
1.094	0
1.094	0
1.095	0
1.095	0
1.096	0
1.097	0
1.097	0
1.097	0
1.098	0
1.099	0
1.099	0
1.099	0
1.1	0
1.1	0
1.101	0
1.102	0
1.102	0
1.102	0
1.103	0
1.104	0
1.104	0
1.105	0
1.105	0
1.105	0
1.106	0
1.107	1.30E-11
1.107	6.18E-11
1.107	1.54E-10
1.108	2.94E-10
1.109	4.87E-10
1.109	7.34E-10
1.11	1.04E-09
1.11	1.40E-09
1.11	1.83E-09
1.111	2.32E-09
1.112	2.88E-09
1.112	3.50E-09
1.112	4.19E-09
1.113	4.95E-09
1.113	5.78E-09
1.114	6.69E-09
1.115	7.67E-09
1.115	8.72E-09
1.115	9.85E-09
1.116	1.11E-08
1.117	1.23E-08
1.117	1.37E-08
1.117	1.51E-08
1.118	1.67E-08
1.118	1.83E-08
1.119	2.00E-08
1.12	2.17E-08
1.12	2.36E-08
1.12	2.55E-08
1.121	2.76E-08
1.122	2.97E-08
1.122	3.19E-08
1.122	3.42E-08
1.123	3.65E-08
1.123	3.90E-08
1.124	4.16E-08
1.125	4.42E-08
1.125	4.69E-08
1.125	4.98E-08
1.126	5.27E-08
1.127	5.57E-08
1.127	5.88E-08
1.128	6.20E-08
1.128	6.53E-08
1.128	6.87E-08
1.129	7.22E-08
1.13	7.58E-08
1.13	7.95E-08
1.13	8.32E-08
1.131	8.71E-08
1.132	9.11E-08
1.132	9.52E-08
1.133	9.93E-08
1.133	1.04E-07
1.133	1.08E-07
1.134	1.12E-07
1.135	1.17E-07
1.135	1.22E-07
1.135	1.27E-07
1.136	1.31E-07
1.137	1.36E-07
1.137	1.41E-07
1.138	1.47E-07
1.138	1.52E-07
1.138	1.57E-07
1.139	1.63E-07
1.14	1.68E-07
1.14	1.74E-07
1.14	1.80E-07
1.141	1.86E-07
1.141	1.92E-07
1.142	1.98E-07
1.143	2.04E-07
1.143	2.11E-07
1.143	2.17E-07
1.144	2.24E-07
1.145	2.30E-07
1.145	2.37E-07
1.145	2.44E-07
1.146	2.51E-07
1.146	2.58E-07
1.147	2.66E-07
1.148	2.73E-07
1.148	2.80E-07
1.148	2.88E-07
1.149	2.96E-07
1.15	3.03E-07
1.15	3.11E-07
1.151	3.19E-07
1.151	3.28E-07
1.151	3.36E-07
1.152	3.44E-07
1.153	3.53E-07
1.153	3.61E-07
1.153	3.70E-07
1.154	3.79E-07
1.155	3.88E-07
1.155	3.97E-07
1.156	4.06E-07
1.156	4.15E-07
1.156	4.25E-07
1.157	4.34E-07
1.158	4.44E-07
1.158	4.54E-07
1.158	4.64E-07
1.159	4.74E-07
1.16	4.84E-07
1.16	4.94E-07
1.161	5.04E-07
1.161	5.15E-07
1.161	5.25E-07
1.162	5.36E-07
1.163	5.47E-07
1.163	5.58E-07
1.163	5.69E-07
1.164	5.80E-07
1.164	5.92E-07
1.165	6.03E-07
1.166	6.15E-07
1.166	6.26E-07
1.166	6.38E-07
1.167	6.50E-07
1.168	6.62E-07
1.168	6.74E-07
1.168	6.87E-07
1.169	6.99E-07
1.169	7.12E-07
1.17	7.24E-07
1.171	7.37E-07
1.171	7.50E-07
1.171	7.63E-07
1.172	7.76E-07
1.173	7.90E-07
1.173	8.03E-07
1.173	8.17E-07
1.174	8.30E-07
1.174	8.44E-07
1.175	8.58E-07
1.176	8.72E-07
1.176	8.86E-07
1.176	9.01E-07
1.177	9.15E-07
1.178	9.30E-07
1.178	9.45E-07
1.179	9.59E-07
1.179	9.74E-07
1.179	9.89E-07
1.18	1.01E-06
1.181	1.02E-06
1.181	1.04E-06
1.181	1.05E-06
1.182	1.07E-06
1.183	1.08E-06
1.183	1.10E-06
1.184	1.12E-06
1.184	1.13E-06
1.184	1.15E-06
1.185	1.16E-06
1.186	1.18E-06
1.186	1.20E-06
1.186	1.22E-06
1.187	1.23E-06
1.188	1.25E-06
1.188	1.27E-06
1.189	1.28E-06
1.189	1.30E-06
1.189	1.32E-06
1.19	1.34E-06
1.191	1.36E-06
1.191	1.37E-06
1.191	1.39E-06
1.192	1.41E-06
1.192	1.43E-06
1.193	1.45E-06
1.194	1.47E-06
1.194	1.49E-06
1.194	1.50E-06
1.195	1.52E-06
1.196	1.54E-06
1.196	1.56E-06
1.196	1.58E-06
1.197	1.60E-06
1.197	1.62E-06
1.198	1.64E-06
1.199	1.66E-06
1.199	1.68E-06
1.199	1.70E-06
1.2	1.72E-06
1.201	1.74E-06
1.201	1.76E-06
1.202	1.79E-06
1.202	1.81E-06
1.202	1.83E-06
1.203	1.85E-06
1.204	1.87E-06
1.204	1.89E-06
1.204	1.91E-06
1.205	1.94E-06
1.206	1.96E-06
1.206	1.98E-06
1.207	2.00E-06
1.207	2.03E-06
1.207	2.05E-06
1.208	2.07E-06
1.209	2.09E-06
1.209	2.12E-06
1.209	2.14E-06
1.21	2.16E-06
1.211	2.19E-06
1.211	2.21E-06
1.212	2.23E-06
1.212	2.26E-06
1.212	2.28E-06
1.213	2.31E-06
1.214	2.33E-06
1.214	2.36E-06
1.214	2.38E-06
1.215	2.41E-06
1.215	2.43E-06
1.216	2.46E-06
1.217	2.48E-06
1.217	2.51E-06
1.217	2.53E-06
1.218	2.56E-06
1.219	2.58E-06
1.219	2.61E-06
1.219	2.63E-06
1.22	2.66E-06
1.22	2.69E-06
1.221	2.71E-06
1.222	2.74E-06
1.222	2.77E-06
1.222	2.79E-06
1.223	2.82E-06
1.224	2.85E-06
1.224	2.88E-06
1.224	2.90E-06
1.225	2.93E-06
1.225	2.96E-06
1.226	2.99E-06
1.227	3.02E-06
1.227	3.04E-06
1.227	3.07E-06
1.228	3.10E-06
1.229	3.13E-06
1.229	3.16E-06
1.23	3.19E-06
1.23	3.22E-06
1.23	3.25E-06
1.231	3.27E-06
1.232	3.30E-06
1.232	3.33E-06
1.232	3.36E-06
1.233	3.39E-06
1.234	3.42E-06
1.234	3.45E-06
1.235	3.48E-06
1.235	3.52E-06
1.235	3.55E-06
1.236	3.58E-06
1.237	3.61E-06
1.237	3.64E-06
1.237	3.67E-06
1.238	3.70E-06
1.238	3.73E-06
1.239	3.77E-06
1.24	3.80E-06
1.24	3.83E-06
1.24	3.86E-06
1.241	3.89E-06
1.242	3.93E-06
1.242	3.96E-06
1.242	3.99E-06
1.243	4.03E-06
1.243	4.06E-06
1.244	4.09E-06
1.245	4.13E-06
1.245	4.16E-06
1.245	4.19E-06
1.246	4.23E-06
1.247	4.26E-06
1.247	4.30E-06
1.247	4.33E-06
1.248	4.36E-06
1.248	4.40E-06
1.249	4.43E-06
1.25	4.47E-06
1.25	4.50E-06
1.25	4.54E-06
1.251	4.58E-06
1.252	4.61E-06
1.252	4.65E-06
1.253	4.68E-06
1.253	4.72E-06
1.253	4.75E-06
1.254	4.79E-06
1.255	4.83E-06
1.255	4.86E-06
1.255	4.90E-06
1.256	4.94E-06
1.257	4.98E-06
1.257	5.01E-06
1.258	5.05E-06
1.258	5.09E-06
1.258	5.13E-06
1.259	5.16E-06
1.26	5.20E-06
1.26	5.24E-06
1.26	5.28E-06
1.261	5.32E-06
1.262	5.36E-06
1.262	5.39E-06
1.263	5.43E-06
1.263	5.47E-06
1.263	5.51E-06
1.264	5.55E-06
1.265	5.59E-06
1.265	5.63E-06
1.265	5.67E-06
1.266	5.71E-06
1.266	5.75E-06
1.267	5.79E-06
1.268	5.83E-06
1.268	5.87E-06
1.268	5.91E-06
1.269	5.96E-06
1.27	6.00E-06
1.27	6.04E-06
1.27	6.08E-06
1.271	6.12E-06
1.271	6.16E-06
1.272	6.21E-06
1.273	6.25E-06
1.273	6.29E-06
1.273	6.33E-06
1.274	6.38E-06
1.275	6.42E-06
1.275	6.46E-06
1.276	6.50E-06
1.276	6.55E-06
1.276	6.59E-06
1.277	6.63E-06
1.278	6.68E-06
1.278	6.72E-06
1.278	6.77E-06
1.279	6.81E-06
1.28	6.86E-06
1.28	6.90E-06
1.281	6.94E-06
1.281	6.99E-06
1.281	7.03E-06
1.282	7.08E-06
1.283	7.13E-06
1.283	7.17E-06
1.283	7.22E-06
1.284	7.26E-06
1.285	7.31E-06
1.285	7.35E-06
1.286	7.40E-06
1.286	7.45E-06
1.286	7.49E-06
1.287	7.54E-06
1.288	7.59E-06
1.288	7.64E-06
1.288	7.68E-06
1.289	7.73E-06
1.289	7.78E-06
1.29	7.83E-06
1.291	7.87E-06
1.291	7.92E-06
1.291	7.97E-06
1.292	8.02E-06
1.293	8.07E-06
1.293	8.12E-06
1.293	8.17E-06
1.294	8.21E-06
1.294	8.26E-06
1.295	8.31E-06
1.296	8.36E-06
1.296	8.41E-06
1.296	8.46E-06
1.297	8.51E-06
1.298	8.56E-06
1.298	8.61E-06
1.298	8.66E-06
1.299	8.71E-06
1.299	8.77E-06
1.3	8.82E-06
1.301	8.87E-06
1.301	8.92E-06
1.301	8.97E-06
1.302	9.02E-06
1.303	9.07E-06
1.303	9.13E-06
1.304	9.18E-06
1.304	9.23E-06
1.304	9.28E-06
1.305	9.34E-06
1.306	9.39E-06
1.306	9.44E-06
1.306	9.50E-06
1.307	9.55E-06
1.308	9.60E-06
1.308	9.66E-06
1.309	9.71E-06
1.309	9.77E-06
1.309	9.82E-06
1.31	9.87E-06
1.311	9.93E-06
1.311	9.98E-06
1.311	1.00E-05
1.312	1.01E-05
1.312	1.02E-05
1.313	1.02E-05
1.314	1.03E-05
1.314	1.03E-05
1.314	1.04E-05
1.315	1.04E-05
1.316	1.05E-05
1.316	1.05E-05
1.316	1.06E-05
1.317	1.07E-05
1.317	1.07E-05
1.318	1.08E-05
1.319	1.08E-05
1.319	1.09E-05
1.319	1.09E-05
1.32	1.10E-05
1.321	1.11E-05
1.321	1.11E-05
1.321	1.12E-05
1.322	1.12E-05
1.322	1.13E-05
1.323	1.14E-05
1.324	1.14E-05
1.324	1.15E-05
1.324	1.15E-05
1.325	1.16E-05
1.326	1.17E-05
1.326	1.17E-05
1.327	1.18E-05
1.327	1.18E-05
1.327	1.19E-05
1.328	1.20E-05
1.329	1.20E-05
1.329	1.21E-05
1.329	1.21E-05
1.33	1.22E-05
1.331	1.23E-05
1.331	1.23E-05
1.332	1.24E-05
1.332	1.24E-05
1.332	1.25E-05
1.333	1.26E-05
1.334	1.26E-05
1.334	1.27E-05
1.334	1.28E-05
1.335	1.28E-05
1.336	1.29E-05
1.336	1.29E-05
1.337	1.30E-05
1.337	1.31E-05
1.337	1.31E-05
1.338	1.32E-05
1.339	1.33E-05
1.339	1.33E-05
1.339	1.34E-05
1.34	1.35E-05
1.34	1.35E-05
1.341	1.36E-05
1.342	1.37E-05
1.342	1.37E-05
1.342	1.38E-05
1.343	1.38E-05
1.344	1.39E-05
1.344	1.40E-05
1.344	1.40E-05
1.345	1.41E-05
1.345	1.42E-05
1.346	1.42E-05
1.347	1.43E-05
1.347	1.44E-05
1.347	1.44E-05
1.348	1.45E-05
1.349	1.46E-05
1.349	1.47E-05
1.349	1.47E-05
1.35	1.48E-05
1.35	1.49E-05
1.351	1.49E-05
1.352	1.50E-05
1.352	1.51E-05
1.352	1.51E-05
1.353	1.52E-05
1.354	1.53E-05
1.354	1.53E-05
1.355	1.54E-05
1.355	1.55E-05
1.355	1.55E-05
1.356	1.56E-05
1.357	1.57E-05
1.357	1.58E-05
1.357	1.58E-05
1.358	1.59E-05
1.359	1.60E-05
1.359	1.60E-05
1.36	1.61E-05
1.36	1.62E-05
1.36	1.63E-05
1.361	1.63E-05
1.362	1.64E-05
1.362	1.65E-05
1.362	1.65E-05
1.363	1.66E-05
1.363	1.67E-05
1.364	1.68E-05
1.365	1.68E-05
1.365	1.69E-05
1.365	1.70E-05
1.366	1.71E-05
1.367	1.71E-05
1.367	1.72E-05
1.367	1.73E-05
1.368	1.74E-05
1.368	1.74E-05
1.369	1.75E-05
1.37	1.76E-05
1.37	1.77E-05
1.37	1.77E-05
1.371	1.78E-05
1.372	1.79E-05
1.372	1.80E-05
1.372	1.80E-05
1.373	1.81E-05
1.373	1.82E-05
1.374	1.83E-05
1.375	1.83E-05
1.375	1.84E-05
1.375	1.85E-05
1.376	1.86E-05
1.377	1.87E-05
1.377	1.87E-05
1.378	1.88E-05
1.378	1.89E-05
1.378	1.90E-05
1.379	1.90E-05
1.38	1.91E-05
1.38	1.92E-05
1.38	1.93E-05
1.381	1.94E-05
1.382	1.94E-05
1.382	1.95E-05
1.383	1.96E-05
1.383	1.97E-05
1.383	1.98E-05
1.384	1.98E-05
1.385	1.99E-05
1.385	2.00E-05
1.385	2.01E-05
1.386	2.02E-05
1.387	2.02E-05
1.387	2.03E-05
1.388	2.04E-05
1.388	2.05E-05
1.388	2.06E-05
1.389	2.07E-05
1.39	2.07E-05
1.39	2.08E-05
1.39	2.09E-05
1.391	2.10E-05
1.391	2.11E-05
1.392	2.11E-05
1.393	2.12E-05
1.393	2.13E-05
1.393	2.14E-05
1.394	2.15E-05
1.395	2.16E-05
1.395	2.17E-05
1.395	2.17E-05
1.396	2.18E-05
1.396	2.19E-05
1.397	2.20E-05
1.398	2.21E-05
1.398	2.22E-05
1.398	2.22E-05
1.399	2.23E-05
1.4	2.24E-05
1.4	2.25E-05
1.401	2.26E-05
1.401	2.27E-05
1.401	2.28E-05
1.402	2.28E-05
1.403	2.29E-05
1.403	2.30E-05
1.403	2.31E-05
1.404	2.32E-05
1.405	2.33E-05
1.405	2.34E-05
1.406	2.35E-05
1.406	2.36E-05
1.406	2.36E-05
1.407	2.37E-05
1.408	2.38E-05
1.408	2.39E-05
1.408	2.40E-05
1.409	2.41E-05
1.41	2.42E-05
1.41	2.43E-05
1.411	2.44E-05
1.411	2.44E-05
1.411	2.45E-05
1.412	2.46E-05
1.413	2.47E-05
1.413	2.48E-05
1.413	2.49E-05
1.414	2.50E-05
1.414	2.51E-05
1.415	2.52E-05
1.416	2.53E-05
1.416	2.54E-05
1.416	2.54E-05
1.417	2.55E-05
1.418	2.56E-05
1.418	2.57E-05
1.418	2.58E-05
1.419	2.59E-05
1.419	2.60E-05
1.42	2.61E-05
1.421	2.62E-05
1.421	2.63E-05
1.421	2.64E-05
1.422	2.65E-05
1.423	2.66E-05
1.423	2.67E-05
1.423	2.68E-05
1.424	2.69E-05
1.424	2.70E-05
1.425	2.70E-05
1.426	2.71E-05
1.426	2.72E-05
1.426	2.73E-05
1.427	2.74E-05
1.428	2.75E-05
1.428	2.76E-05
1.429	2.77E-05
1.429	2.78E-05
1.429	2.79E-05
1.43	2.80E-05
1.431	2.81E-05
1.431	2.82E-05
1.431	2.83E-05
1.432	2.84E-05
1.433	2.85E-05
1.433	2.86E-05
1.434	2.87E-05
1.434	2.88E-05
1.434	2.89E-05
1.435	2.90E-05
1.436	2.91E-05
1.436	2.92E-05
1.436	2.93E-05
1.437	2.94E-05
1.438	2.95E-05
1.438	2.96E-05
1.439	2.97E-05
1.439	2.98E-05
1.439	2.99E-05
1.44	3.00E-05
1.441	3.01E-05
1.441	3.02E-05
1.441	3.03E-05
1.442	3.04E-05
1.442	3.05E-05
1.443	3.06E-05
1.444	3.07E-05
1.444	3.08E-05
1.444	3.09E-05
1.445	3.10E-05
1.446	3.11E-05
1.446	3.12E-05
1.446	3.13E-05
1.447	3.14E-05
1.447	3.15E-05
1.448	3.16E-05
1.449	3.17E-05
1.449	3.18E-05
1.449	3.20E-05
1.45	3.21E-05
1.451	3.22E-05
1.451	3.23E-05
1.452	3.24E-05
1.452	3.25E-05
1.452	3.26E-05
1.453	3.27E-05
1.454	3.28E-05
1.454	3.29E-05
1.454	3.30E-05
1.455	3.31E-05
1.456	3.32E-05
1.456	3.33E-05
1.457	3.34E-05
1.457	3.35E-05
1.457	3.37E-05
1.458	3.38E-05
1.459	3.39E-05
1.459	3.40E-05
1.459	3.41E-05
1.46	3.42E-05
1.461	3.43E-05
1.461	3.44E-05
1.462	3.45E-05
1.462	3.46E-05
1.462	3.47E-05
1.463	3.49E-05
1.464	3.50E-05
1.464	3.51E-05
1.464	3.52E-05
1.465	3.53E-05
1.465	3.54E-05
1.466	3.55E-05
1.467	3.56E-05
1.467	3.57E-05
1.467	3.58E-05
1.468	3.60E-05
1.469	3.61E-05
1.469	3.62E-05
1.469	3.63E-05
1.47	3.64E-05
1.47	3.65E-05
1.471	3.66E-05
1.472	3.67E-05
1.472	3.69E-05
1.472	3.70E-05
1.473	3.71E-05
1.474	3.72E-05
1.474	3.73E-05
1.474	3.74E-05
1.475	3.75E-05
1.475	3.77E-05
1.476	3.78E-05
1.477	3.79E-05
1.477	3.80E-05
1.477	3.81E-05
1.478	3.82E-05
1.479	3.84E-05
1.479	3.85E-05
1.48	3.86E-05
1.48	3.87E-05
1.48	3.88E-05
1.481	3.89E-05
1.482	3.91E-05
1.482	3.92E-05
1.482	3.93E-05
1.483	3.94E-05
1.484	3.95E-05
1.484	3.96E-05
1.485	3.98E-05
1.485	3.99E-05
1.485	4.00E-05
1.486	4.01E-05
1.487	4.02E-05
1.487	4.04E-05
1.487	4.05E-05
1.488	4.06E-05
1.488	4.07E-05
1.489	4.08E-05
1.49	4.10E-05
1.49	4.11E-05
1.49	4.12E-05
1.491	4.13E-05
1.492	4.14E-05
1.492	4.16E-05
1.492	4.17E-05
1.493	4.18E-05
1.493	4.19E-05
1.494	4.20E-05
1.495	4.22E-05
1.495	4.23E-05
1.495	4.24E-05
1.496	4.25E-05
1.497	4.27E-05
1.497	4.28E-05
1.497	4.29E-05
1.498	4.30E-05
1.498	4.31E-05
1.499	4.33E-05
1.5	4.34E-05
1.5	4.35E-05
1.5	4.36E-05
1.501	4.38E-05
1.502	4.39E-05
1.502	4.40E-05
1.503	4.41E-05
1.503	4.43E-05
1.503	4.44E-05
1.504	4.45E-05
1.505	4.46E-05
1.505	4.48E-05
1.505	4.49E-05
1.506	4.50E-05
1.507	4.52E-05
1.507	4.53E-05
1.508	4.54E-05
1.508	4.55E-05
1.508	4.57E-05
1.509	4.58E-05
1.51	4.59E-05
1.51	4.60E-05
1.51	4.62E-05
1.511	4.63E-05
1.512	4.64E-05
1.512	4.66E-05
1.513	4.67E-05
1.513	4.68E-05
1.513	4.70E-05
1.514	4.71E-05
1.515	4.72E-05
1.515	4.73E-05
1.515	4.75E-05
1.516	4.76E-05
1.516	4.77E-05
1.517	4.79E-05
1.518	4.80E-05
1.518	4.81E-05
1.518	4.83E-05
1.519	4.84E-05
1.52	4.85E-05
1.52	4.87E-05
1.52	4.88E-05
1.521	4.89E-05
1.521	4.91E-05
1.522	4.92E-05
1.523	4.93E-05
1.523	4.95E-05
1.523	4.96E-05
1.524	4.97E-05
1.525	4.99E-05
1.525	5.00E-05
1.526	5.01E-05
1.526	5.03E-05
1.526	5.04E-05
1.527	5.05E-05
1.528	5.07E-05
1.528	5.08E-05
1.528	5.09E-05
1.529	5.11E-05
1.53	5.12E-05
1.53	5.13E-05
1.531	5.15E-05
1.531	5.16E-05
1.531	5.18E-05
1.532	5.19E-05
1.533	5.20E-05
1.533	5.22E-05
1.533	5.23E-05
1.534	5.24E-05
1.535	5.26E-05
1.535	5.27E-05
1.536	5.29E-05
1.536	5.30E-05
1.536	5.31E-05
1.537	5.33E-05
1.538	5.34E-05
1.538	5.36E-05
1.538	5.37E-05
1.539	5.38E-05
1.539	5.40E-05
1.54	5.41E-05
1.541	5.43E-05
1.541	5.44E-05
1.541	5.45E-05
1.542	5.47E-05
1.543	5.48E-05
1.543	5.50E-05
1.543	5.51E-05
1.544	5.52E-05
1.544	5.54E-05
1.545	5.55E-05
1.546	5.57E-05
1.546	5.58E-05
1.546	5.60E-05
1.547	5.61E-05
1.548	5.62E-05
1.548	5.64E-05
1.548	5.65E-05
1.549	5.67E-05
1.549	5.68E-05
1.55	5.70E-05
1.551	5.71E-05
1.551	5.72E-05
1.551	5.74E-05
1.552	5.75E-05
1.553	5.77E-05
1.553	5.78E-05
1.554	5.80E-05
1.554	5.81E-05
1.554	5.83E-05
1.555	5.84E-05
1.556	5.86E-05
1.556	5.87E-05
1.556	5.89E-05
1.557	5.90E-05
1.558	5.92E-05
1.558	5.93E-05
1.559	5.94E-05
1.559	5.96E-05
1.559	5.97E-05
1.56	5.99E-05
1.561	6.00E-05
1.561	6.02E-05
1.561	6.03E-05
1.562	6.05E-05
1.562	6.06E-05
1.563	6.08E-05
1.564	6.09E-05
1.564	6.11E-05
1.564	6.12E-05
1.565	6.14E-05
1.566	6.15E-05
1.566	6.17E-05
1.566	6.18E-05
1.567	6.20E-05
1.567	6.21E-05
1.568	6.23E-05
1.569	6.24E-05
1.569	6.26E-05
1.569	6.28E-05
1.57	6.29E-05
1.571	6.31E-05
1.571	6.32E-05
1.571	6.34E-05
1.572	6.35E-05
1.572	6.37E-05
1.573	6.38E-05
1.574	6.40E-05
1.574	6.41E-05
1.574	6.43E-05
1.575	6.44E-05
1.576	6.46E-05
1.576	6.47E-05
1.577	6.49E-05
1.577	6.51E-05
1.577	6.52E-05
1.578	6.54E-05
1.579	6.55E-05
1.579	6.57E-05
1.579	6.58E-05
1.58	6.60E-05
1.581	6.62E-05
1.581	6.63E-05
1.582	6.65E-05
1.582	6.66E-05
1.582	6.68E-05
1.583	6.69E-05
1.584	6.71E-05
1.584	6.73E-05
1.584	6.74E-05
1.585	6.76E-05
1.586	6.77E-05
1.586	6.79E-05
1.587	6.81E-05
1.587	6.82E-05
1.587	6.84E-05
1.588	6.85E-05
1.589	6.87E-05
1.589	6.89E-05
1.589	6.90E-05
1.59	6.92E-05
1.59	6.93E-05
1.591	6.95E-05
1.592	6.97E-05
1.592	6.98E-05
1.592	7.00E-05
1.593	7.01E-05
1.594	7.03E-05
1.594	7.05E-05
1.594	7.06E-05
1.595	7.08E-05
1.595	7.10E-05
1.596	7.11E-05
1.597	7.13E-05
1.597	7.14E-05
1.597	7.16E-05
1.598	7.18E-05
1.599	7.19E-05
1.599	7.21E-05
1.599	7.23E-05
1.6	7.24E-05
1.6	7.26E-05
1.601	7.28E-05
1.602	7.29E-05
1.602	7.31E-05
1.602	7.33E-05
1.603	7.34E-05
1.604	7.36E-05
1.604	7.38E-05
1.605	7.39E-05
1.605	7.41E-05
1.605	7.43E-05
1.606	7.44E-05
1.607	7.46E-05
1.607	7.48E-05
1.607	7.49E-05
1.608	7.51E-05
1.609	7.53E-05
1.609	7.54E-05
1.61	7.56E-05
1.61	7.58E-05
1.61	7.59E-05
1.611	7.61E-05
1.612	7.63E-05
1.612	7.65E-05
1.612	7.66E-05
1.613	7.68E-05
1.613	7.70E-05
1.614	7.71E-05
1.615	7.73E-05
1.615	7.75E-05
1.615	7.77E-05
1.616	7.78E-05
1.617	7.80E-05
1.617	7.82E-05
1.617	7.83E-05
1.618	7.85E-05
1.618	7.87E-05
1.619	7.89E-05
1.62	7.90E-05
1.62	7.92E-05
1.62	7.94E-05
1.621	7.96E-05
1.622	7.97E-05
1.622	7.99E-05
1.622	8.01E-05
1.623	8.03E-05
1.623	8.04E-05
1.624	8.06E-05
1.625	8.08E-05
1.625	8.10E-05
1.625	8.11E-05
1.626	8.13E-05
1.627	8.15E-05
1.627	8.17E-05
1.628	8.18E-05
1.628	8.20E-05
1.628	8.22E-05
1.629	8.24E-05
1.63	8.25E-05
1.63	8.27E-05
1.63	8.29E-05
1.631	8.31E-05
1.632	8.33E-05
1.632	8.34E-05
1.633	8.36E-05
1.633	8.38E-05
1.633	8.40E-05
1.634	8.41E-05
1.635	8.43E-05
1.635	8.45E-05
1.635	8.47E-05
1.636	8.49E-05
1.637	8.50E-05
1.637	8.52E-05
1.638	8.54E-05
1.638	8.56E-05
1.638	8.58E-05
1.639	8.60E-05
1.64	8.61E-05
1.64	8.63E-05
1.64	8.65E-05
1.641	8.67E-05
1.641	8.69E-05
1.642	8.70E-05
1.643	8.72E-05
1.643	8.74E-05
1.643	8.76E-05
1.644	8.78E-05
1.645	8.80E-05
1.645	8.81E-05
1.645	8.83E-05
1.646	8.85E-05
1.646	8.87E-05
1.647	8.89E-05
1.648	8.91E-05
1.648	8.93E-05
1.648	8.94E-05
1.649	8.96E-05
1.65	8.98E-05
1.65	9.00E-05
1.651	9.02E-05
1.651	9.04E-05
1.651	9.06E-05
1.652	9.07E-05
1.653	9.09E-05
1.653	9.11E-05
1.653	9.13E-05
1.654	9.15E-05
1.655	9.17E-05
1.655	9.19E-05
1.656	9.21E-05
1.656	9.22E-05
1.656	9.24E-05
1.657	9.26E-05
1.658	9.28E-05
1.658	9.30E-05
1.658	9.32E-05
1.659	9.34E-05
1.66	9.36E-05
1.66	9.38E-05
1.661	9.40E-05
1.661	9.41E-05
1.661	9.43E-05
1.662	9.45E-05
1.663	9.47E-05
1.663	9.49E-05
1.663	9.51E-05
1.664	9.53E-05
1.664	9.55E-05
1.665	9.57E-05
1.666	9.59E-05
1.666	9.61E-05
1.666	9.63E-05
1.667	9.65E-05
1.668	9.66E-05
1.668	9.68E-05
1.668	9.70E-05
1.669	9.72E-05
1.669	9.74E-05
1.67	9.76E-05
1.671	9.78E-05
1.671	9.80E-05
1.671	9.82E-05
1.672	9.84E-05
1.673	9.86E-05
1.673	9.88E-05
1.673	9.90E-05
1.674	9.92E-05
1.674	9.94E-05
1.675	9.96E-05
1.676	9.98E-05
1.676	1.00E-04
1.676	1.00E-04
1.677	1.00E-04
1.678	1.01E-04
1.678	1.01E-04
1.679	1.01E-04
1.679	1.01E-04
1.679	1.01E-04
1.68	1.02E-04
1.681	1.02E-04
1.681	1.02E-04
1.681	1.02E-04
1.682	1.02E-04
1.683	1.03E-04
1.683	1.03E-04
1.684	1.03E-04
1.684	1.03E-04
1.684	1.03E-04
1.685	1.04E-04
1.686	1.04E-04
1.686	1.04E-04
1.686	1.04E-04
1.687	1.04E-04
1.688	1.05E-04
1.688	1.05E-04
1.689	1.05E-04
1.689	1.05E-04
1.689	1.05E-04
1.69	1.06E-04
1.691	1.06E-04
1.691	1.06E-04
1.691	1.06E-04
1.692	1.06E-04
1.692	1.07E-04
1.693	1.07E-04
1.694	1.07E-04
1.694	1.07E-04
1.694	1.07E-04
1.695	1.08E-04
1.696	1.08E-04
1.696	1.08E-04
1.696	1.08E-04
1.697	1.08E-04
1.697	1.09E-04
1.698	1.09E-04
1.699	1.09E-04
1.699	1.09E-04
1.699	1.10E-04
1.7	1.10E-04
1.701	1.10E-04
1.701	1.10E-04
1.702	1.10E-04
1.702	1.11E-04
1.702	1.11E-04
1.703	1.11E-04
1.704	1.11E-04
1.704	1.11E-04
1.704	1.12E-04
1.705	1.12E-04
1.706	1.12E-04
1.706	1.12E-04
1.707	1.12E-04
1.707	1.13E-04
1.707	1.13E-04
1.708	1.13E-04
1.709	1.13E-04
1.709	1.14E-04
1.709	1.14E-04
1.71	1.14E-04
1.711	1.14E-04
1.711	1.14E-04
1.712	1.15E-04
1.712	1.15E-04
1.712	1.15E-04
1.713	1.15E-04
1.714	1.15E-04
1.714	1.16E-04
1.714	1.16E-04
1.715	1.16E-04
1.715	1.16E-04
1.716	1.17E-04
1.717	1.17E-04
1.717	1.17E-04
1.717	1.17E-04
1.718	1.17E-04
1.719	1.18E-04
1.719	1.18E-04
1.719	1.18E-04
1.72	1.18E-04
1.72	1.18E-04
1.721	1.19E-04
1.722	1.19E-04
1.722	1.19E-04
1.722	1.19E-04
1.723	1.20E-04
1.724	1.20E-04
1.724	1.20E-04
1.724	1.20E-04
1.725	1.20E-04
1.725	1.21E-04
1.726	1.21E-04
1.727	1.21E-04
1.727	1.21E-04
1.727	1.22E-04
1.728	1.22E-04
1.729	1.22E-04
1.729	1.22E-04
1.73	1.22E-04
1.73	1.23E-04
1.73	1.23E-04
1.731	1.23E-04
1.732	1.23E-04
1.732	1.23E-04
1.732	1.24E-04
1.733	1.24E-04
1.734	1.24E-04
1.734	1.24E-04
1.735	1.25E-04
1.735	1.25E-04
1.735	1.25E-04
1.736	1.25E-04
1.737	1.25E-04
1.737	1.26E-04
1.737	1.26E-04
1.738	1.26E-04
1.738	1.26E-04
1.739	1.27E-04
1.74	1.27E-04
1.74	1.27E-04
1.74	1.27E-04
1.741	1.28E-04
1.742	1.28E-04
1.742	1.28E-04
1.742	1.28E-04
1.743	1.28E-04
1.743	1.29E-04
1.744	1.29E-04
1.745	1.29E-04
1.745	1.29E-04
1.745	1.30E-04
1.746	1.30E-04
1.747	1.30E-04
1.747	1.30E-04
1.747	1.30E-04
1.748	1.31E-04
1.748	1.31E-04
1.749	1.31E-04
1.75	1.31E-04
1.75	1.32E-04
1.75	1.32E-04
1.751	1.32E-04
1.752	1.32E-04
1.752	1.33E-04
1.753	1.33E-04
1.753	1.33E-04
1.753	1.33E-04
1.754	1.33E-04
1.755	1.34E-04
1.755	1.34E-04
1.755	1.34E-04
1.756	1.34E-04
1.757	1.35E-04
1.757	1.35E-04
1.758	1.35E-04
1.758	1.35E-04
1.758	1.36E-04
1.759	1.36E-04
1.76	1.36E-04
1.76	1.36E-04
1.76	1.36E-04
1.761	1.37E-04
1.762	1.37E-04
1.762	1.37E-04
1.763	1.37E-04
1.763	1.38E-04
1.763	1.38E-04
1.764	1.38E-04
1.765	1.38E-04
1.765	1.39E-04
1.765	1.39E-04
1.766	1.39E-04
1.766	1.39E-04
1.767	1.40E-04
1.768	1.40E-04
1.768	1.40E-04
1.768	1.40E-04
1.769	1.41E-04
1.77	1.41E-04
1.77	1.41E-04
1.77	1.41E-04
1.771	1.41E-04
1.771	1.42E-04
1.772	1.42E-04
1.773	1.42E-04
1.773	1.42E-04
1.773	1.43E-04
1.774	1.43E-04
1.775	1.43E-04
1.775	1.43E-04
1.776	1.44E-04
1.776	1.44E-04
1.776	1.44E-04
1.777	1.44E-04
1.778	1.45E-04
1.778	1.45E-04
1.778	1.45E-04
1.779	1.45E-04
1.78	1.46E-04
1.78	1.46E-04
1.781	1.46E-04
1.781	1.46E-04
1.781	1.47E-04
1.782	1.47E-04
1.783	1.47E-04
1.783	1.47E-04
1.783	1.48E-04
1.784	1.48E-04
1.785	1.48E-04
1.785	1.48E-04
1.786	1.48E-04
1.786	1.49E-04
1.786	1.49E-04
1.787	1.49E-04
1.788	1.49E-04
1.788	1.50E-04
1.788	1.50E-04
1.789	1.50E-04
1.789	1.50E-04
1.79	1.51E-04
1.791	1.51E-04
1.791	1.51E-04
1.791	1.51E-04
1.792	1.52E-04
1.793	1.52E-04
1.793	1.52E-04
1.793	1.52E-04
1.794	1.53E-04
1.794	1.53E-04
1.795	1.53E-04
1.796	1.53E-04
1.796	1.54E-04
1.796	1.54E-04
1.797	1.54E-04
1.798	1.54E-04
1.798	1.55E-04
1.798	1.55E-04
1.799	1.55E-04
1.799	1.55E-04
1.8	1.56E-04
1.801	1.56E-04
1.801	1.56E-04
1.801	1.56E-04
1.802	1.57E-04
1.803	1.57E-04
1.803	1.57E-04
1.804	1.57E-04
1.804	1.58E-04
1.804	1.58E-04
1.805	1.58E-04
1.806	1.59E-04
1.806	1.59E-04
1.806	1.59E-04
1.807	1.59E-04
1.808	1.60E-04
1.808	1.60E-04
1.809	1.60E-04
1.809	1.60E-04
1.809	1.61E-04
1.81	1.61E-04
1.811	1.61E-04
1.811	1.61E-04
1.811	1.62E-04
1.812	1.62E-04
1.812	1.62E-04
1.813	1.62E-04
1.814	1.63E-04
1.814	1.63E-04
1.814	1.63E-04
1.815	1.63E-04
1.816	1.64E-04
1.816	1.64E-04
1.816	1.64E-04
1.817	1.64E-04
1.817	1.65E-04
1.818	1.65E-04
1.819	1.65E-04
1.819	1.65E-04
1.819	1.66E-04
1.82	1.66E-04
1.821	1.66E-04
1.821	1.67E-04
1.821	1.67E-04
1.822	1.67E-04
1.822	1.67E-04
1.823	1.68E-04
1.824	1.68E-04
1.824	1.68E-04
1.824	1.68E-04
1.825	1.69E-04
1.826	1.69E-04
1.826	1.69E-04
1.827	1.69E-04
1.827	1.70E-04
1.827	1.70E-04
1.828	1.70E-04
1.829	1.70E-04
1.829	1.71E-04
1.829	1.71E-04
1.83	1.71E-04
1.831	1.72E-04
1.831	1.72E-04
1.832	1.72E-04
1.832	1.72E-04
1.832	1.73E-04
1.833	1.73E-04
1.834	1.73E-04
1.834	1.73E-04
1.834	1.74E-04
1.835	1.74E-04
1.836	1.74E-04
1.836	1.74E-04
1.837	1.75E-04
1.837	1.75E-04
1.837	1.75E-04
1.838	1.76E-04
1.839	1.76E-04
1.839	1.76E-04
1.839	1.76E-04
1.84	1.77E-04
1.84	1.77E-04
1.841	1.77E-04
1.842	1.77E-04
1.842	1.78E-04
1.842	1.78E-04
1.843	1.78E-04
1.844	1.79E-04
1.844	1.79E-04
1.844	1.79E-04
1.845	1.79E-04
1.845	1.80E-04
1.846	1.80E-04
1.847	1.80E-04
1.847	1.80E-04
1.847	1.81E-04
1.848	1.81E-04
1.849	1.81E-04
1.849	1.82E-04
1.849	1.82E-04
1.85	1.82E-04
1.85	1.82E-04
1.851	1.83E-04
1.852	1.83E-04
1.852	1.83E-04
1.852	1.83E-04
1.853	1.84E-04
1.854	1.84E-04
1.854	1.84E-04
1.855	1.85E-04
1.855	1.85E-04
1.855	1.85E-04
1.856	1.85E-04
1.857	1.86E-04
1.857	1.86E-04
1.857	1.86E-04
1.858	1.87E-04
1.859	1.87E-04
1.859	1.87E-04
1.86	1.87E-04
1.86	1.88E-04
1.86	1.88E-04
1.861	1.88E-04
1.862	1.88E-04
1.862	1.89E-04
1.862	1.89E-04
1.863	1.89E-04
1.863	1.90E-04
1.864	1.90E-04
1.865	1.90E-04
1.865	1.90E-04
1.865	1.91E-04
1.866	1.91E-04
1.867	1.91E-04
1.867	1.92E-04
1.867	1.92E-04
1.868	1.92E-04
1.868	1.92E-04
1.869	1.93E-04
1.87	1.93E-04
1.87	1.93E-04
1.87	1.94E-04
1.871	1.94E-04
1.872	1.94E-04
1.872	1.94E-04
1.872	1.95E-04
1.873	1.95E-04
1.873	1.95E-04
1.874	1.96E-04
1.875	1.96E-04
1.875	1.96E-04
1.875	1.96E-04
1.876	1.97E-04
1.877	1.97E-04
1.877	1.97E-04
1.878	1.98E-04
1.878	1.98E-04
1.878	1.98E-04
1.879	1.98E-04
1.88	1.99E-04
1.88	1.99E-04
1.88	1.99E-04
1.881	2.00E-04
1.882	2.00E-04
1.882	2.00E-04
1.883	2.00E-04
1.883	2.01E-04
1.883	2.01E-04
1.884	2.01E-04
1.885	2.02E-04
1.885	2.02E-04
1.885	2.02E-04
1.886	2.02E-04
1.887	2.03E-04
1.887	2.03E-04
1.888	2.03E-04
1.888	2.04E-04
1.888	2.04E-04
1.889	2.04E-04
1.89	2.05E-04
1.89	2.05E-04
1.89	2.05E-04
1.891	2.05E-04
1.891	2.06E-04
1.892	2.06E-04
1.893	2.06E-04
1.893	2.07E-04
1.893	2.07E-04
1.894	2.07E-04
1.895	2.07E-04
1.895	2.08E-04
1.895	2.08E-04
1.896	2.08E-04
1.896	2.09E-04
1.897	2.09E-04
1.898	2.09E-04
1.898	2.10E-04
1.898	2.10E-04
1.899	2.10E-04
1.9	2.10E-04
1.9	2.11E-04
1.901	2.11E-04
1.901	2.11E-04
1.901	2.12E-04
1.902	2.12E-04
1.903	2.12E-04
1.903	2.13E-04
1.903	2.13E-04
1.904	2.13E-04
1.905	2.13E-04
1.905	2.14E-04
1.906	2.14E-04
1.906	2.14E-04
1.906	2.15E-04
1.907	2.15E-04
1.908	2.15E-04
1.908	2.16E-04
1.908	2.16E-04
1.909	2.16E-04
1.91	2.16E-04
1.91	2.17E-04
1.911	2.17E-04
1.911	2.17E-04
1.911	2.18E-04
1.912	2.18E-04
1.913	2.18E-04
1.913	2.19E-04
1.913	2.19E-04
1.914	2.19E-04
1.914	2.19E-04
1.915	2.20E-04
1.916	2.20E-04
1.916	2.20E-04
1.916	2.21E-04
1.917	2.21E-04
1.918	2.21E-04
1.918	2.22E-04
1.918	2.22E-04
1.919	2.22E-04
1.919	2.23E-04
1.92	2.23E-04
1.921	2.23E-04
1.921	2.23E-04
1.921	2.24E-04
1.922	2.24E-04
1.923	2.24E-04
1.923	2.25E-04
1.923	2.25E-04
1.924	2.25E-04
1.924	2.26E-04
1.925	2.26E-04
1.926	2.26E-04
1.926	2.27E-04
1.926	2.27E-04
1.927	2.27E-04
1.928	2.27E-04
1.928	2.28E-04
1.929	2.28E-04
1.929	2.28E-04
1.929	2.29E-04
1.93	2.29E-04
1.931	2.29E-04
1.931	2.30E-04
1.931	2.30E-04
1.932	2.30E-04
1.933	2.31E-04
1.933	2.31E-04
1.934	2.31E-04
1.934	2.32E-04
1.934	2.32E-04
1.935	2.32E-04
1.936	2.32E-04
1.936	2.33E-04
1.936	2.33E-04
1.937	2.33E-04
1.938	2.34E-04
1.938	2.34E-04
1.939	2.34E-04
1.939	2.35E-04
1.939	2.35E-04
1.94	2.35E-04
1.941	2.36E-04
1.941	2.36E-04
1.941	2.36E-04
1.942	2.37E-04
1.942	2.37E-04
1.943	2.37E-04
1.944	2.38E-04
1.944	2.38E-04
1.944	2.38E-04
1.945	2.39E-04
1.946	2.39E-04
1.946	2.39E-04
1.946	2.39E-04
1.947	2.40E-04
1.947	2.40E-04
1.948	2.40E-04
1.949	2.41E-04
1.949	2.41E-04
1.949	2.41E-04
1.95	2.42E-04
1.951	2.42E-04
1.951	2.42E-04
1.952	2.43E-04
1.952	2.43E-04
1.952	2.43E-04
1.953	2.44E-04
1.954	2.44E-04
1.954	2.44E-04
1.954	2.45E-04
1.955	2.45E-04
1.956	2.45E-04
1.956	2.46E-04
1.957	2.46E-04
1.957	2.46E-04
1.957	2.47E-04
1.958	2.47E-04
1.959	2.47E-04
1.959	2.48E-04
1.959	2.48E-04
1.96	2.48E-04
1.961	2.49E-04
1.961	2.49E-04
1.962	2.49E-04
1.962	2.49E-04
1.962	2.50E-04
1.963	2.50E-04
1.964	2.50E-04
1.964	2.51E-04
1.964	2.51E-04
1.965	2.51E-04
1.965	2.52E-04
1.966	2.52E-04
1.967	2.52E-04
1.967	2.53E-04
1.967	2.53E-04
1.968	2.53E-04
1.969	2.54E-04
1.969	2.54E-04
1.969	2.54E-04
1.97	2.55E-04
1.97	2.55E-04
1.971	2.55E-04
1.972	2.56E-04
1.972	2.56E-04
1.972	2.56E-04
1.973	2.57E-04
1.974	2.57E-04
1.974	2.57E-04
1.974	2.58E-04
1.975	2.58E-04
1.975	2.58E-04
1.976	2.59E-04
1.977	2.59E-04
1.977	2.59E-04
1.977	2.60E-04
1.978	2.60E-04
1.979	2.60E-04
1.979	2.61E-04
1.98	2.61E-04
1.98	2.61E-04
1.98	2.62E-04
1.981	2.62E-04
1.982	2.62E-04
1.982	2.63E-04
1.982	2.63E-04
1.983	2.63E-04
1.984	2.64E-04
1.984	2.64E-04
1.985	2.64E-04
1.985	2.65E-04
1.985	2.65E-04
1.986	2.65E-04
1.987	2.66E-04
1.987	2.66E-04
1.987	2.66E-04
1.988	2.67E-04
1.988	2.67E-04
1.989	2.68E-04
1.99	2.68E-04
1.99	2.68E-04
1.99	2.69E-04
1.991	2.69E-04
1.992	2.69E-04
1.992	2.70E-04
1.992	2.70E-04
1.993	2.70E-04
1.993	2.71E-04
1.994	2.71E-04
1.995	2.71E-04
1.995	2.72E-04
1.995	2.72E-04
1.996	2.72E-04
1.997	2.73E-04
1.997	2.73E-04
1.997	2.73E-04
1.998	2.74E-04
1.998	2.74E-04
1.999	2.74E-04
2	2.75E-04
2	2.75E-04
2	2.75E-04
2.001	2.76E-04
2.001	2.76E-04
2.002	2.76E-04
2.003	2.77E-04
2.003	2.77E-04
2.003	2.77E-04
2.004	2.78E-04
2.004	2.78E-04
2.005	2.79E-04
2.006	2.79E-04
2.006	2.79E-04
2.007	2.80E-04
2.007	2.80E-04
2.007	2.80E-04
2.008	2.81E-04
2.009	2.81E-04
2.009	2.81E-04
2.01	2.82E-04
2.01	2.82E-04
2.01	2.82E-04
2.011	2.83E-04
2.011	2.83E-04
2.012	2.83E-04
2.013	2.84E-04
2.013	2.84E-04
2.013	2.84E-04
2.014	2.85E-04
2.014	2.85E-04
2.015	2.86E-04
2.016	2.86E-04
2.016	2.86E-04
2.016	2.87E-04
2.017	2.87E-04
2.017	2.87E-04
2.018	2.88E-04
2.019	2.88E-04
2.019	2.88E-04
2.02	2.89E-04
2.02	2.89E-04
2.02	2.89E-04
2.021	2.90E-04
2.022	2.90E-04
2.022	2.90E-04
2.023	2.91E-04
2.023	2.91E-04
2.023	2.92E-04
2.024	2.92E-04
2.024	2.92E-04
2.025	2.93E-04
2.026	2.93E-04
2.026	2.93E-04
2.026	2.94E-04
2.027	2.94E-04
2.027	2.94E-04
2.028	2.95E-04
2.029	2.95E-04
2.029	2.95E-04
2.03	2.96E-04
2.03	2.96E-04
2.03	2.97E-04
2.031	2.97E-04
2.032	2.97E-04
2.032	2.98E-04
2.033	2.98E-04
2.033	2.98E-04
2.033	2.99E-04
2.034	2.99E-04
2.034	2.99E-04
2.035	3.00E-04
2.036	3.00E-04
2.036	3.01E-04
2.036	3.01E-04
2.037	3.01E-04
2.037	3.02E-04
2.038	3.02E-04
2.039	3.02E-04
2.039	3.03E-04
2.039	3.03E-04
2.04	3.03E-04
2.04	3.04E-04
2.041	3.04E-04
2.042	3.05E-04
2.042	3.05E-04
2.043	3.05E-04
2.043	3.06E-04
2.043	3.06E-04
2.044	3.06E-04
2.045	3.07E-04
2.045	3.07E-04
2.046	3.07E-04
2.046	3.08E-04
2.046	3.08E-04
2.047	3.09E-04
2.047	3.09E-04
2.048	3.09E-04
2.049	3.10E-04
2.049	3.10E-04
2.049	3.10E-04
2.05	3.11E-04
2.05	3.11E-04
2.051	3.11E-04
2.052	3.12E-04
2.052	3.12E-04
2.053	3.13E-04
2.053	3.13E-04
2.053	3.13E-04
2.054	3.14E-04
2.055	3.14E-04
2.055	3.14E-04
2.056	3.15E-04
2.056	3.15E-04
2.056	3.16E-04
2.057	3.16E-04
2.057	3.16E-04
2.058	3.17E-04
2.059	3.17E-04
2.059	3.17E-04
2.059	3.18E-04
2.06	3.18E-04
2.06	3.19E-04
2.061	3.19E-04
2.062	3.19E-04
2.062	3.20E-04
2.062	3.20E-04
2.063	3.20E-04
2.063	3.21E-04
2.064	3.21E-04
2.065	3.22E-04
2.065	3.22E-04
2.066	3.22E-04
2.066	3.23E-04
2.066	3.23E-04
2.067	3.23E-04
2.068	3.24E-04
2.068	3.24E-04
2.069	3.25E-04
2.069	3.25E-04
2.069	3.25E-04
2.07	3.26E-04
2.07	3.26E-04
2.071	3.26E-04
2.072	3.27E-04
2.072	3.27E-04
2.072	3.28E-04
2.073	3.28E-04
2.073	3.28E-04
2.074	3.29E-04
2.075	3.29E-04
2.075	3.30E-04
2.076	3.30E-04
2.076	3.30E-04
2.076	3.31E-04
2.077	3.31E-04
2.078	3.31E-04
2.078	3.32E-04
2.079	3.32E-04
2.079	3.33E-04
2.079	3.33E-04
2.08	3.33E-04
2.08	3.34E-04
2.081	3.34E-04
2.082	3.34E-04
2.082	3.35E-04
2.082	3.35E-04
2.083	3.36E-04
2.083	3.36E-04
2.084	3.36E-04
2.085	3.37E-04
2.085	3.37E-04
2.086	3.38E-04
2.086	3.38E-04
2.086	3.38E-04
2.087	3.39E-04
2.088	3.39E-04
2.088	3.40E-04
2.089	3.40E-04
2.089	3.40E-04
2.089	3.41E-04
2.09	3.41E-04
2.091	3.41E-04
2.091	3.42E-04
2.092	3.42E-04
2.092	3.43E-04
2.092	3.43E-04
2.093	3.43E-04
2.093	3.44E-04
2.094	3.44E-04
2.095	3.45E-04
2.095	3.45E-04
2.095	3.45E-04
2.096	3.46E-04
2.096	3.46E-04
2.097	3.47E-04
2.098	3.47E-04
2.098	3.47E-04
2.099	3.48E-04
2.099	3.48E-04
2.099	3.48E-04
2.1	3.49E-04
2.101	3.49E-04
2.101	3.50E-04
2.102	3.50E-04
2.102	3.50E-04
2.102	3.51E-04
2.103	3.51E-04
2.103	3.52E-04
2.104	3.52E-04
2.105	3.52E-04
2.105	3.53E-04
2.105	3.53E-04
2.106	3.54E-04
2.106	3.54E-04
2.107	3.54E-04
2.108	3.55E-04
2.108	3.55E-04
2.109	3.56E-04
2.109	3.56E-04
2.109	3.56E-04
2.11	3.57E-04
2.111	3.57E-04
2.111	3.58E-04
2.112	3.58E-04
2.112	3.58E-04
2.112	3.59E-04
2.113	3.59E-04
2.114	3.60E-04
2.114	3.60E-04
2.115	3.60E-04
2.115	3.61E-04
2.115	3.61E-04
2.116	3.62E-04
2.116	3.62E-04
2.117	3.62E-04
2.118	3.63E-04
2.118	3.63E-04
2.118	3.64E-04
2.119	3.64E-04
2.119	3.64E-04
2.12	3.65E-04
2.121	3.65E-04
2.121	3.66E-04
2.122	3.66E-04
2.122	3.66E-04
2.122	3.67E-04
2.123	3.67E-04
2.124	3.68E-04
2.124	3.68E-04
2.125	3.68E-04
2.125	3.69E-04
2.125	3.69E-04
2.126	3.70E-04
2.126	3.70E-04
2.127	3.70E-04
2.128	3.71E-04
2.128	3.71E-04
2.128	3.72E-04
2.129	3.72E-04
2.129	3.73E-04
2.13	3.73E-04
2.131	3.73E-04
2.131	3.74E-04
2.132	3.74E-04
2.132	3.75E-04
2.132	3.75E-04
2.133	3.75E-04
2.134	3.76E-04
2.134	3.76E-04
2.135	3.77E-04
2.135	3.77E-04
2.135	3.77E-04
2.136	3.78E-04
2.136	3.78E-04
2.137	3.79E-04
2.138	3.79E-04
2.138	3.79E-04
2.138	3.80E-04
2.139	3.80E-04
2.139	3.81E-04
2.14	3.81E-04
2.141	3.82E-04
2.141	3.82E-04
2.141	3.82E-04
2.142	3.83E-04
2.142	3.83E-04
2.143	3.84E-04
2.144	3.84E-04
2.144	3.84E-04
2.145	3.85E-04
2.145	3.85E-04
2.145	3.86E-04
2.146	3.86E-04
2.147	3.87E-04
2.147	3.87E-04
2.148	3.87E-04
2.148	3.88E-04
2.148	3.88E-04
2.149	3.89E-04
2.149	3.89E-04
2.15	3.89E-04
2.151	3.90E-04
2.151	3.90E-04
2.151	3.91E-04
2.152	3.91E-04
2.152	3.92E-04
2.153	3.92E-04
2.154	3.92E-04
2.154	3.93E-04
2.155	3.93E-04
2.155	3.94E-04
2.155	3.94E-04
2.156	3.94E-04
2.157	3.95E-04
2.157	3.95E-04
2.158	3.96E-04
2.158	3.96E-04
2.158	3.97E-04
2.159	3.97E-04
2.159	3.97E-04
2.16	3.98E-04
2.161	3.98E-04
2.161	3.99E-04
2.161	3.99E-04
2.162	4.00E-04
2.162	4.00E-04
2.163	4.00E-04
2.164	4.01E-04
2.164	4.01E-04
2.164	4.02E-04
2.165	4.02E-04
2.165	4.03E-04
2.166	4.03E-04
2.167	4.03E-04
2.167	4.04E-04
2.168	4.04E-04
2.168	4.05E-04
2.168	4.05E-04
2.169	4.05E-04
2.17	4.06E-04
2.17	4.06E-04
2.171	4.07E-04
2.171	4.07E-04
2.171	4.08E-04
2.172	4.08E-04
2.172	4.08E-04
2.173	4.09E-04
2.174	4.09E-04
2.174	4.10E-04
2.174	4.10E-04
2.175	4.11E-04
2.175	4.11E-04
2.176	4.11E-04
2.177	4.12E-04
2.177	4.12E-04
2.178	4.13E-04
2.178	4.13E-04
2.178	4.14E-04
2.179	4.14E-04
2.18	4.15E-04
2.18	4.15E-04
2.181	4.15E-04
2.181	4.16E-04
2.181	4.16E-04
2.182	4.17E-04
2.182	4.17E-04
2.183	4.18E-04
2.184	4.18E-04
2.184	4.18E-04
2.184	4.19E-04
2.185	4.19E-04
2.185	4.20E-04
2.186	4.20E-04
2.187	4.21E-04
2.187	4.21E-04
2.188	4.21E-04
2.188	4.22E-04
2.188	4.22E-04
2.189	4.23E-04
2.19	4.23E-04
2.19	4.24E-04
2.191	4.24E-04
2.191	4.25E-04
2.191	4.25E-04
2.192	4.25E-04
2.193	4.26E-04
2.193	4.26E-04
2.194	4.27E-04
2.194	4.27E-04
2.194	4.28E-04
2.195	4.28E-04
2.195	4.28E-04
2.196	4.29E-04
2.197	4.29E-04
2.197	4.30E-04
2.197	4.30E-04
2.198	4.31E-04
2.198	4.31E-04
2.199	4.32E-04
2.2	4.32E-04
2.2	4.32E-04
2.201	4.33E-04
2.201	4.33E-04
2.201	4.34E-04
2.202	4.34E-04
2.203	4.35E-04
2.203	4.35E-04
2.204	4.36E-04
2.204	4.36E-04
2.204	4.36E-04
2.205	4.37E-04
2.205	4.37E-04
2.206	4.38E-04
2.207	4.38E-04
2.207	4.39E-04
2.207	4.39E-04
2.208	4.40E-04
2.208	4.40E-04
2.209	4.40E-04
2.21	4.41E-04
2.21	4.41E-04
2.211	4.42E-04
2.211	4.42E-04
2.211	4.43E-04
2.212	4.43E-04
2.213	4.44E-04
2.213	4.44E-04
2.214	4.44E-04
2.214	4.45E-04
2.214	4.45E-04
2.215	4.46E-04
2.216	4.46E-04
2.216	4.47E-04
2.217	4.47E-04
2.217	4.48E-04
2.217	4.48E-04
2.218	4.49E-04
2.218	4.49E-04
2.219	4.49E-04
2.22	4.50E-04
2.22	4.50E-04
2.22	4.51E-04
2.221	4.51E-04
2.221	4.52E-04
2.222	4.52E-04
2.223	4.53E-04
2.223	4.53E-04
2.224	4.54E-04
2.224	4.54E-04
2.224	4.54E-04
2.225	4.55E-04
2.226	4.55E-04
2.226	4.56E-04
2.227	4.56E-04
2.227	4.57E-04
2.227	4.57E-04
2.228	4.58E-04
2.228	4.58E-04
2.229	4.59E-04
2.23	4.59E-04
2.23	4.59E-04
2.23	4.60E-04
2.231	4.60E-04
2.231	4.61E-04
2.232	4.61E-04
2.233	4.62E-04
2.233	4.62E-04
2.234	4.63E-04
2.234	4.63E-04
2.234	4.64E-04
2.235	4.64E-04
2.236	4.64E-04
2.236	4.65E-04
2.237	4.65E-04
2.237	4.66E-04
2.237	4.66E-04
2.238	4.67E-04
2.239	4.67E-04
2.239	4.68E-04
2.24	4.68E-04
2.24	4.69E-04
2.24	4.69E-04
2.241	4.70E-04
2.241	4.70E-04
2.242	4.70E-04
2.243	4.71E-04
2.243	4.71E-04
2.243	4.72E-04
2.244	4.72E-04
2.244	4.73E-04
2.245	4.73E-04
2.246	4.74E-04
2.246	4.74E-04
2.247	4.75E-04
2.247	4.75E-04
2.247	4.76E-04
2.248	4.76E-04
2.249	4.77E-04
2.249	4.77E-04
2.25	4.77E-04
2.25	4.78E-04
2.25	4.78E-04
2.251	4.79E-04
2.251	4.79E-04
2.252	4.80E-04
2.253	4.80E-04
2.253	4.81E-04
2.253	4.81E-04
2.254	4.82E-04
2.254	4.82E-04
2.255	4.83E-04
2.256	4.83E-04
2.256	4.84E-04
2.257	4.84E-04
2.257	4.85E-04
2.257	4.85E-04
2.258	4.85E-04
2.259	4.86E-04
2.259	4.86E-04
2.26	4.87E-04
2.26	4.87E-04
2.26	4.88E-04
2.261	4.88E-04
2.261	4.89E-04
2.262	4.89E-04
2.263	4.90E-04
2.263	4.90E-04
2.263	4.91E-04
2.264	4.91E-04
2.264	4.92E-04
2.265	4.92E-04
2.266	4.93E-04
2.266	4.93E-04
2.266	4.93E-04
2.267	4.94E-04
2.267	4.94E-04
2.268	4.95E-04
2.269	4.95E-04
2.269	4.96E-04
2.27	4.96E-04
2.27	4.97E-04
2.27	4.97E-04
2.271	4.98E-04
2.272	4.98E-04
2.272	4.99E-04
2.273	4.99E-04
2.273	5.00E-04
2.273	5.00E-04
2.274	5.01E-04
2.274	5.01E-04
2.275	5.02E-04
2.276	5.02E-04
2.276	5.03E-04
2.276	5.03E-04
2.277	5.04E-04
2.277	5.04E-04
2.278	5.04E-04
2.279	5.05E-04
2.279	5.05E-04
2.28	5.06E-04
2.28	5.06E-04
2.28	5.07E-04
2.281	5.07E-04
2.282	5.08E-04
2.282	5.08E-04
2.283	5.09E-04
2.283	5.09E-04
2.283	5.10E-04
2.284	5.10E-04
2.284	5.11E-04
2.285	5.11E-04
2.286	5.12E-04
2.286	5.12E-04
2.286	5.13E-04
2.287	5.13E-04
2.287	5.14E-04
2.288	5.14E-04
2.289	5.15E-04
2.289	5.15E-04
2.289	5.16E-04
2.29	5.16E-04
2.29	5.17E-04
2.291	5.17E-04
2.292	5.18E-04
2.292	5.18E-04
2.293	5.19E-04
2.293	5.19E-04
2.293	5.20E-04
2.294	5.20E-04
2.295	5.21E-04
2.295	5.21E-04
2.296	5.21E-04
2.296	5.22E-04
2.296	5.22E-04
2.297	5.23E-04
2.297	5.23E-04
2.298	5.24E-04
2.299	5.24E-04
2.299	5.25E-04
2.299	5.25E-04
2.3	5.26E-04
2.3	5.26E-04
2.301	5.27E-04
2.302	5.27E-04
2.302	5.28E-04
2.303	5.28E-04
2.303	5.29E-04
2.303	5.29E-04
2.304	5.30E-04
2.305	5.30E-04
2.305	5.31E-04
2.306	5.31E-04
2.306	5.32E-04
2.306	5.32E-04
2.307	5.33E-04
2.307	5.33E-04
2.308	5.34E-04
2.309	5.34E-04
2.309	5.35E-04
2.309	5.35E-04
2.31	5.36E-04
2.31	5.36E-04
2.311	5.37E-04
2.312	5.37E-04
2.312	5.38E-04
2.312	5.38E-04
2.313	5.39E-04
2.313	5.39E-04
2.314	5.40E-04
2.315	5.40E-04
2.315	5.41E-04
2.316	5.41E-04
2.316	5.42E-04
2.316	5.42E-04
2.317	5.43E-04
2.318	5.43E-04
2.318	5.44E-04
2.319	5.44E-04
2.319	5.45E-04
2.319	5.45E-04
2.32	5.46E-04
2.32	5.46E-04
2.321	5.47E-04
2.322	5.47E-04
2.322	5.48E-04
2.322	5.48E-04
2.323	5.49E-04
2.323	5.49E-04
2.324	5.50E-04
2.325	5.50E-04
2.325	5.51E-04
2.326	5.51E-04
2.326	5.52E-04
2.326	5.52E-04
2.327	5.53E-04
2.328	5.53E-04
2.328	5.54E-04
2.329	5.54E-04
2.329	5.55E-04
2.329	5.55E-04
2.33	5.56E-04
2.33	5.56E-04
2.331	5.57E-04
2.332	5.57E-04
2.332	5.58E-04
2.332	5.58E-04
2.333	5.59E-04
2.333	5.59E-04
2.334	5.60E-04
2.335	5.60E-04
2.335	5.61E-04
2.336	5.61E-04
2.336	5.62E-04
2.336	5.63E-04
2.337	5.63E-04
2.338	5.64E-04
2.338	5.64E-04
2.339	5.65E-04
2.339	5.65E-04
2.339	5.66E-04
2.34	5.66E-04
2.341	5.67E-04
2.341	5.67E-04
2.342	5.68E-04
2.342	5.68E-04
2.342	5.69E-04
2.343	5.69E-04
2.343	5.70E-04
2.344	5.70E-04
2.345	5.71E-04
2.345	5.71E-04
2.345	5.72E-04
2.346	5.72E-04
2.346	5.73E-04
2.347	5.73E-04
2.348	5.74E-04
2.348	5.74E-04
2.349	5.75E-04
2.349	5.75E-04
2.349	5.76E-04
2.35	5.76E-04
2.351	5.77E-04
2.351	5.77E-04
2.352	5.78E-04
2.352	5.78E-04
2.352	5.79E-04
2.353	5.80E-04
2.353	5.80E-04
2.354	5.81E-04
2.355	5.81E-04
2.355	5.82E-04
2.355	5.82E-04
2.356	5.83E-04
2.356	5.83E-04
2.357	5.84E-04
2.358	5.84E-04
2.358	5.85E-04
2.359	5.85E-04
2.359	5.86E-04
2.359	5.86E-04
2.36	5.87E-04
2.361	5.87E-04
2.361	5.88E-04
2.362	5.88E-04
2.362	5.89E-04
2.362	5.89E-04
2.363	5.90E-04
2.364	5.90E-04
2.364	5.91E-04
2.365	5.92E-04
2.365	5.92E-04
2.365	5.93E-04
2.366	5.93E-04
2.366	5.94E-04
2.367	5.94E-04
2.368	5.95E-04
2.368	5.95E-04
2.368	5.96E-04
2.369	5.96E-04
2.369	5.97E-04
2.37	5.97E-04
2.371	5.98E-04
2.371	5.98E-04
2.372	5.99E-04
2.372	5.99E-04
2.372	6.00E-04
2.373	6.00E-04
2.374	6.01E-04
2.374	6.02E-04
2.375	6.02E-04
2.375	6.03E-04
2.375	6.03E-04
2.376	6.04E-04
2.376	6.04E-04
2.377	6.05E-04
2.378	6.05E-04
2.378	6.06E-04
2.378	6.06E-04
2.379	6.07E-04
2.379	6.07E-04
2.38	6.08E-04
2.381	6.08E-04
2.381	6.09E-04
2.382	6.09E-04
2.382	6.10E-04
2.382	6.11E-04
2.383	6.11E-04
2.384	6.12E-04
2.384	6.12E-04
2.385	6.13E-04
2.385	6.13E-04
2.385	6.14E-04
2.386	6.14E-04
2.386	6.15E-04
2.387	6.15E-04
2.388	6.16E-04
2.388	6.16E-04
2.388	6.17E-04
2.389	6.18E-04
2.389	6.18E-04
2.39	6.19E-04
2.391	6.19E-04
2.391	6.20E-04
2.391	6.20E-04
2.392	6.21E-04
2.392	6.21E-04
2.393	6.22E-04
2.394	6.22E-04
2.394	6.23E-04
2.395	6.23E-04
2.395	6.24E-04
2.395	6.25E-04
2.396	6.25E-04
2.397	6.26E-04
2.397	6.26E-04
2.398	6.27E-04
2.398	6.27E-04
2.398	6.28E-04
2.399	6.28E-04
2.399	6.29E-04
2.4	6.29E-04
2.401	6.30E-04
2.401	6.30E-04
2.401	6.31E-04
2.402	6.32E-04
2.402	6.32E-04
2.403	6.33E-04
2.404	6.33E-04
2.404	6.34E-04
2.405	6.34E-04
2.405	6.35E-04
2.405	6.35E-04
2.406	6.36E-04
2.407	6.36E-04
2.407	6.37E-04
2.408	6.38E-04
2.408	6.38E-04
2.408	6.39E-04
2.409	6.39E-04
2.409	6.40E-04
2.41	6.40E-04
2.411	6.41E-04
2.411	6.41E-04
2.411	6.42E-04
2.412	6.43E-04
2.412	6.43E-04
2.413	6.44E-04
2.414	6.44E-04
2.414	6.45E-04
2.414	6.45E-04
2.415	6.46E-04
2.415	6.46E-04
2.416	6.47E-04
2.417	6.47E-04
2.417	6.48E-04
2.418	6.49E-04
2.418	6.49E-04
2.418	6.50E-04
2.419	6.50E-04
2.42	6.51E-04
2.42	6.51E-04
2.421	6.52E-04
2.421	6.52E-04
2.421	6.53E-04
2.422	6.54E-04
2.422	6.54E-04
2.423	6.55E-04
2.424	6.55E-04
2.424	6.56E-04
2.424	6.56E-04
2.425	6.57E-04
2.425	6.57E-04
2.426	6.58E-04
2.427	6.59E-04
2.427	6.59E-04
2.428	6.60E-04
2.428	6.60E-04
2.428	6.61E-04
2.429	6.61E-04
2.43	6.62E-04
2.43	6.62E-04
2.431	6.63E-04
2.431	6.64E-04
2.431	6.64E-04
2.432	6.65E-04
2.432	6.65E-04
2.433	6.66E-04
2.434	6.66E-04
2.434	6.67E-04
2.434	6.67E-04
2.435	6.68E-04
2.435	6.69E-04
2.436	6.69E-04
2.437	6.70E-04
2.437	6.70E-04
2.438	6.71E-04
2.438	6.71E-04
2.438	6.72E-04
2.439	6.73E-04
2.44	6.73E-04
2.44	6.74E-04
2.441	6.74E-04
2.441	6.75E-04
2.441	6.75E-04
2.442	6.76E-04
2.443	6.76E-04
2.443	6.77E-04
2.444	6.78E-04
2.444	6.78E-04
2.444	6.79E-04
2.445	6.79E-04
2.445	6.80E-04
2.446	6.80E-04
2.447	6.81E-04
2.447	6.82E-04
2.447	6.82E-04
2.448	6.83E-04
2.448	6.83E-04
2.449	6.84E-04
2.45	6.84E-04
2.45	6.85E-04
2.451	6.86E-04
2.451	6.86E-04
2.451	6.87E-04
2.452	6.87E-04
2.453	6.88E-04
2.453	6.88E-04
2.454	6.89E-04
2.454	6.89E-04
2.454	6.90E-04
2.455	6.91E-04
2.455	6.91E-04
2.456	6.92E-04
2.457	6.92E-04
2.457	6.93E-04
2.457	6.93E-04
2.458	6.94E-04
2.458	6.95E-04
2.459	6.95E-04
2.46	6.96E-04
2.46	6.96E-04
2.461	6.97E-04
2.461	6.98E-04
2.461	6.98E-04
2.462	6.99E-04
2.463	6.99E-04
2.463	7.00E-04
2.464	7.00E-04
2.464	7.01E-04
2.464	7.02E-04
2.465	7.02E-04
2.466	7.03E-04
2.466	7.03E-04
2.467	7.04E-04
2.467	7.04E-04
2.467	7.05E-04
2.468	7.06E-04
2.468	7.06E-04
2.469	7.07E-04
2.47	7.07E-04
2.47	7.08E-04
2.47	7.08E-04
2.471	7.09E-04
2.471	7.10E-04
2.472	7.10E-04
2.473	7.11E-04
2.473	7.11E-04
2.474	7.12E-04
2.474	7.13E-04
2.474	7.13E-04
2.475	7.14E-04
2.476	7.14E-04
2.476	7.15E-04
2.477	7.15E-04
2.477	7.16E-04
2.477	7.17E-04
2.478	7.17E-04
2.478	7.18E-04
2.479	7.18E-04
2.48	7.19E-04
2.48	7.19E-04
2.48	7.20E-04
2.481	7.21E-04
2.481	7.21E-04
2.482	7.22E-04
2.483	7.22E-04
2.483	7.23E-04
2.484	7.24E-04
2.484	7.24E-04
2.484	7.25E-04
2.485	7.25E-04
2.486	7.26E-04
2.486	7.27E-04
2.487	7.27E-04
2.487	7.28E-04
2.487	7.28E-04
2.488	7.29E-04
2.489	7.29E-04
2.489	7.30E-04
2.49	7.31E-04
2.49	7.31E-04
2.49	7.32E-04
2.491	7.32E-04
2.491	7.33E-04
2.492	7.34E-04
2.493	7.34E-04
2.493	7.35E-04
2.493	7.35E-04
2.494	7.36E-04
2.494	7.37E-04
2.495	7.37E-04
2.496	7.38E-04
2.496	7.38E-04
2.497	7.39E-04
2.497	7.39E-04
2.497	7.40E-04
2.498	7.41E-04
2.499	7.41E-04
2.499	7.42E-04
2.5	7.42E-04
2.5	7.43E-04
2.5	7.44E-04
2.501	7.44E-04
2.501	7.45E-04
2.502	7.45E-04
2.503	7.46E-04
2.503	7.47E-04
2.503	7.47E-04
2.504	7.48E-04
2.504	7.48E-04
2.505	7.49E-04
2.506	7.50E-04
2.506	7.50E-04
2.507	7.51E-04
2.507	7.51E-04
2.507	7.52E-04
2.508	7.53E-04
2.509	7.53E-04
2.509	7.54E-04
2.51	7.54E-04
2.51	7.55E-04
2.51	7.56E-04
2.511	7.56E-04
2.511	7.57E-04
2.512	7.57E-04
2.513	7.58E-04
2.513	7.59E-04
2.513	7.59E-04
2.514	7.60E-04
2.514	7.60E-04
2.515	7.61E-04
2.516	7.62E-04
2.516	7.62E-04
2.516	7.63E-04
2.517	7.63E-04
2.517	7.64E-04
2.518	7.65E-04
2.519	7.65E-04
2.519	7.66E-04
2.52	7.66E-04
2.52	7.67E-04
2.52	7.68E-04
2.521	7.68E-04
2.522	7.69E-04
2.522	7.69E-04
2.523	7.70E-04
2.523	7.71E-04
2.523	7.71E-04
2.524	7.72E-04
2.524	7.72E-04
2.525	7.73E-04
2.526	7.74E-04
2.526	7.74E-04
2.526	7.75E-04
2.527	7.75E-04
2.527	7.76E-04
2.528	7.77E-04
2.529	7.77E-04
2.529	7.78E-04
2.53	7.79E-04
2.53	7.79E-04
2.53	7.80E-04
2.531	7.80E-04
2.532	7.81E-04
2.532	7.82E-04
2.533	7.82E-04
2.533	7.83E-04
2.533	7.83E-04
2.534	7.84E-04
2.534	7.85E-04
2.535	7.85E-04
2.536	7.86E-04
2.536	7.86E-04
2.536	7.87E-04
2.537	7.88E-04
2.537	7.88E-04
2.538	7.89E-04
2.539	7.90E-04
2.539	7.90E-04
2.539	7.91E-04
2.54	7.91E-04
2.54	7.92E-04
2.541	7.93E-04
2.542	7.93E-04
2.542	7.94E-04
2.543	7.94E-04
2.543	7.95E-04
2.543	7.96E-04
2.544	7.96E-04
2.545	7.97E-04
2.545	7.97E-04
2.546	7.98E-04
2.546	7.99E-04
2.546	7.99E-04
2.547	8.00E-04
2.547	8.01E-04
2.548	8.01E-04
2.549	8.02E-04
2.549	8.02E-04
2.549	8.03E-04
2.55	8.04E-04
2.55	8.04E-04
2.551	8.05E-04
2.552	8.06E-04
2.552	8.06E-04
2.553	8.07E-04
2.553	8.07E-04
2.553	8.08E-04
2.554	8.09E-04
2.555	8.09E-04
2.555	8.10E-04
2.556	8.11E-04
2.556	8.11E-04
2.556	8.12E-04
2.557	8.12E-04
2.557	8.13E-04
2.558	8.14E-04
2.559	8.14E-04
2.559	8.15E-04
2.559	8.15E-04
2.56	8.16E-04
2.56	8.17E-04
2.561	8.17E-04
2.562	8.18E-04
2.562	8.19E-04
2.562	8.19E-04
2.563	8.20E-04
2.563	8.20E-04
2.564	8.21E-04
2.565	8.22E-04
2.565	8.22E-04
2.566	8.23E-04
2.566	8.24E-04
2.566	8.24E-04
2.567	8.25E-04
2.568	8.26E-04
2.568	8.26E-04
2.569	8.27E-04
2.569	8.27E-04
2.569	8.28E-04
2.57	8.29E-04
2.57	8.29E-04
2.571	8.30E-04
2.572	8.31E-04
2.572	8.31E-04
2.572	8.32E-04
2.573	8.32E-04
2.573	8.33E-04
2.574	8.34E-04
2.575	8.34E-04
2.575	8.35E-04
2.576	8.36E-04
2.576	8.36E-04
2.576	8.37E-04
2.577	8.37E-04
2.578	8.38E-04
2.578	8.39E-04
2.579	8.39E-04
2.579	8.40E-04
2.579	8.41E-04
2.58	8.41E-04
2.58	8.42E-04
2.581	8.43E-04
2.582	8.43E-04
2.582	8.44E-04
2.582	8.44E-04
2.583	8.45E-04
2.583	8.46E-04
2.584	8.46E-04
2.585	8.47E-04
2.585	8.48E-04
2.586	8.48E-04
2.586	8.49E-04
2.586	8.50E-04
2.587	8.50E-04
2.588	8.51E-04
2.588	8.51E-04
2.589	8.52E-04
2.589	8.53E-04
2.589	8.53E-04
2.59	8.54E-04
2.591	8.55E-04
2.591	8.55E-04
2.592	8.56E-04
2.592	8.57E-04
2.592	8.57E-04
2.593	8.58E-04
2.593	8.59E-04
2.594	8.59E-04
2.595	8.60E-04
2.595	8.60E-04
2.595	8.61E-04
2.596	8.62E-04
2.596	8.62E-04
2.597	8.63E-04
2.598	8.64E-04
2.598	8.64E-04
2.599	8.65E-04
2.599	8.66E-04
2.599	8.66E-04
2.6	8.67E-04
2.601	8.68E-04
2.601	8.68E-04
2.602	8.69E-04
2.602	8.69E-04
2.602	8.70E-04
2.603	8.71E-04
2.603	8.71E-04
2.604	8.72E-04
2.605	8.73E-04
2.605	8.73E-04
2.605	8.74E-04
2.606	8.75E-04
2.606	8.75E-04
2.607	8.76E-04
2.608	8.77E-04
2.608	8.77E-04
2.609	8.78E-04
2.609	8.79E-04
2.609	8.79E-04
2.61	8.80E-04
2.611	8.80E-04
2.611	8.81E-04
2.612	8.82E-04
2.612	8.82E-04
2.612	8.83E-04
2.613	8.84E-04
2.614	8.84E-04
2.614	8.85E-04
2.615	8.86E-04
2.615	8.86E-04
2.615	8.87E-04
2.616	8.88E-04
2.616	8.88E-04
2.617	8.89E-04
2.618	8.90E-04
2.618	8.90E-04
2.618	8.91E-04
2.619	8.92E-04
2.619	8.92E-04
2.62	8.93E-04
2.621	8.94E-04
2.621	8.94E-04
2.622	8.95E-04
2.622	8.96E-04
2.622	8.96E-04
2.623	8.97E-04
2.624	8.97E-04
2.624	8.98E-04
2.625	8.99E-04
2.625	8.99E-04
2.625	9.00E-04
2.626	9.01E-04
2.626	9.01E-04
2.627	9.02E-04
2.628	9.03E-04
2.628	9.03E-04
2.628	9.04E-04
2.629	9.05E-04
2.629	9.05E-04
2.63	9.06E-04
2.631	9.07E-04
2.631	9.07E-04
2.632	9.08E-04
2.632	9.09E-04
2.632	9.09E-04
2.633	9.10E-04
2.634	9.11E-04
2.634	9.11E-04
2.635	9.12E-04
2.635	9.13E-04
2.635	9.13E-04
2.636	9.14E-04
2.636	9.15E-04
2.637	9.15E-04
2.638	9.16E-04
2.638	9.17E-04
2.638	9.17E-04
2.639	9.18E-04
2.639	9.19E-04
2.64	9.19E-04
2.641	9.20E-04
2.641	9.21E-04
2.641	9.21E-04
2.642	9.22E-04
2.642	9.23E-04
2.643	9.23E-04
2.644	9.24E-04
2.644	9.25E-04
2.645	9.25E-04
2.645	9.26E-04
2.645	9.27E-04
2.646	9.27E-04
2.647	9.28E-04
2.647	9.29E-04
2.648	9.29E-04
2.648	9.30E-04
2.648	9.31E-04
2.649	9.31E-04
2.649	9.32E-04
2.65	9.33E-04
2.651	9.33E-04
2.651	9.34E-04
2.651	9.35E-04
2.652	9.35E-04
2.652	9.36E-04
2.653	9.37E-04
2.654	9.37E-04
2.654	9.38E-04
2.655	9.39E-04
2.655	9.39E-04
2.655	9.40E-04
2.656	9.41E-04
2.657	9.41E-04
2.657	9.42E-04
2.658	9.43E-04
2.658	9.43E-04
2.658	9.44E-04
2.659	9.45E-04
2.659	9.45E-04
2.66	9.46E-04
2.661	9.47E-04
2.661	9.47E-04
2.661	9.48E-04
2.662	9.49E-04
2.662	9.50E-04
2.663	9.50E-04
2.664	9.51E-04
2.664	9.52E-04
2.664	9.52E-04
2.665	9.53E-04
2.665	9.54E-04
2.666	9.54E-04
2.667	9.55E-04
2.667	9.56E-04
2.668	9.56E-04
2.668	9.57E-04
2.668	9.58E-04
2.669	9.58E-04
2.67	9.59E-04
2.67	9.60E-04
2.671	9.60E-04
2.671	9.61E-04
2.671	9.62E-04
2.672	9.62E-04
2.672	9.63E-04
2.673	9.64E-04
2.674	9.64E-04
2.674	9.65E-04
2.674	9.66E-04
2.675	9.67E-04
2.675	9.67E-04
2.676	9.68E-04
2.677	9.69E-04
2.677	9.69E-04
2.678	9.70E-04
2.678	9.71E-04
2.678	9.71E-04
2.679	9.72E-04
2.68	9.73E-04
2.68	9.73E-04
2.681	9.74E-04
2.681	9.75E-04
2.681	9.75E-04
2.682	9.76E-04
2.682	9.77E-04
2.683	9.77E-04
2.684	9.78E-04
2.684	9.79E-04
2.684	9.80E-04
2.685	9.80E-04
2.685	9.81E-04
2.686	9.82E-04
2.687	9.82E-04
2.687	9.83E-04
2.688	9.84E-04
2.688	9.84E-04
2.688	9.85E-04
2.689	9.86E-04
2.69	9.86E-04
2.69	9.87E-04
2.691	9.88E-04
2.691	9.89E-04
2.691	9.89E-04
2.692	9.90E-04
2.693	9.91E-04
2.693	9.91E-04
2.694	9.92E-04
2.694	9.93E-04
2.694	9.93E-04
2.695	9.94E-04
2.695	9.95E-04
2.696	9.95E-04
2.697	9.96E-04
2.697	9.97E-04
2.697	9.98E-04
2.698	9.98E-04
2.698	9.99E-04
2.699	1.00E-03
2.7	1.00E-03
2.7	1.00E-03
2.701	1.00E-03
2.701	1.00E-03
2.701	1.00E-03
2.702	1.00E-03
2.703	1.00E-03
2.703	1.01E-03
2.704	1.01E-03
2.704	1.01E-03
2.704	1.01E-03
2.705	1.01E-03
2.705	1.01E-03
2.706	1.01E-03
2.707	1.01E-03
2.707	1.01E-03
2.707	1.01E-03
2.708	1.01E-03
2.708	1.01E-03
2.709	1.01E-03
2.71	1.01E-03
2.71	1.02E-03
2.711	1.02E-03
2.711	1.02E-03
2.711	1.02E-03
2.712	1.02E-03
2.713	1.02E-03
2.713	1.02E-03
2.714	1.02E-03
2.714	1.02E-03
2.714	1.02E-03
2.715	1.02E-03
2.716	1.02E-03
2.716	1.02E-03
2.717	1.02E-03
2.717	1.03E-03
2.717	1.03E-03
2.718	1.03E-03
2.718	1.03E-03
2.719	1.03E-03
2.72	1.03E-03
2.72	1.03E-03
2.72	1.03E-03
2.721	1.03E-03
2.721	1.03E-03
2.722	1.03E-03
2.723	1.03E-03
2.723	1.03E-03
2.724	1.03E-03
2.724	1.04E-03
2.724	1.04E-03
2.725	1.04E-03
2.726	1.04E-03
2.726	1.04E-03
2.727	1.04E-03
2.727	1.04E-03
2.727	1.04E-03
2.728	1.04E-03
2.728	1.04E-03
2.729	1.04E-03
2.73	1.04E-03
2.73	1.04E-03
2.73	1.04E-03
2.731	1.05E-03
2.731	1.05E-03
2.732	1.05E-03
2.733	1.05E-03
2.733	1.05E-03
2.734	1.05E-03
2.734	1.05E-03
2.734	1.05E-03
2.735	1.05E-03
2.736	1.05E-03
2.736	1.05E-03
2.737	1.05E-03
2.737	1.05E-03
2.737	1.05E-03
2.738	1.06E-03
2.739	1.06E-03
2.739	1.06E-03
2.74	1.06E-03
2.74	1.06E-03
2.74	1.06E-03
2.741	1.06E-03
2.741	1.06E-03
2.742	1.06E-03
2.743	1.06E-03
2.743	1.06E-03
2.743	1.06E-03
2.744	1.06E-03
2.744	1.06E-03
2.745	1.07E-03
2.746	1.07E-03
2.746	1.07E-03
2.747	1.07E-03
2.747	1.07E-03
2.747	1.07E-03
2.748	1.07E-03
2.749	1.07E-03
2.749	1.07E-03
2.75	1.07E-03
2.75	1.07E-03
2.75	1.07E-03
2.751	1.07E-03
2.751	1.07E-03
2.752	1.08E-03
2.753	1.08E-03
2.753	1.08E-03
2.753	1.08E-03
2.754	1.08E-03
2.754	1.08E-03
2.755	1.08E-03
2.756	1.08E-03
2.756	1.08E-03
2.757	1.08E-03
2.757	1.08E-03
2.757	1.08E-03
2.758	1.08E-03
2.759	1.08E-03
2.759	1.09E-03
2.76	1.09E-03
2.76	1.09E-03
2.76	1.09E-03
2.761	1.09E-03
2.761	1.09E-03
2.762	1.09E-03
2.763	1.09E-03
2.763	1.09E-03
2.763	1.09E-03
2.764	1.09E-03
2.764	1.09E-03
2.765	1.09E-03
2.766	1.09E-03
2.766	1.10E-03
2.766	1.10E-03
2.767	1.10E-03
2.767	1.10E-03
2.768	1.10E-03
2.769	1.10E-03
2.769	1.10E-03
2.77	1.10E-03
2.77	1.10E-03
2.77	1.10E-03
2.771	1.10E-03
2.772	1.10E-03
2.772	1.10E-03
2.773	1.11E-03
2.773	1.11E-03
2.773	1.11E-03
2.774	1.11E-03
2.774	1.11E-03
2.775	1.11E-03
2.776	1.11E-03
2.776	1.11E-03
2.776	1.11E-03
2.777	1.11E-03
2.777	1.11E-03
2.778	1.11E-03
2.779	1.11E-03
2.779	1.11E-03
2.78	1.12E-03
2.78	1.12E-03
2.78	1.12E-03
2.781	1.12E-03
2.782	1.12E-03
2.782	1.12E-03
2.783	1.12E-03
2.783	1.12E-03
2.783	1.12E-03
2.784	1.12E-03
2.784	1.12E-03
2.785	1.12E-03
2.786	1.12E-03
2.786	1.13E-03
2.786	1.13E-03
2.787	1.13E-03
2.787	1.13E-03
2.788	1.13E-03
2.789	1.13E-03
2.789	1.13E-03
2.789	1.13E-03
2.79	1.13E-03
2.79	1.13E-03
2.791	1.13E-03
2.792	1.13E-03
2.792	1.13E-03
2.793	1.13E-03
2.793	1.14E-03
2.793	1.14E-03
2.794	1.14E-03
2.795	1.14E-03
2.795	1.14E-03
2.796	1.14E-03
2.796	1.14E-03
2.796	1.14E-03
2.797	1.14E-03
2.797	1.14E-03
2.798	1.14E-03
2.799	1.14E-03
2.799	1.14E-03
2.799	1.15E-03
2.8	1.15E-03
2.8	1.15E-03
2.801	1.15E-03
2.802	1.15E-03
2.802	1.15E-03
2.803	1.15E-03
2.803	1.15E-03
2.803	1.15E-03
2.804	1.15E-03
2.805	1.15E-03
2.805	1.15E-03
2.806	1.15E-03
2.806	1.15E-03
2.806	1.16E-03
2.807	1.16E-03
2.807	1.16E-03
2.808	1.16E-03
2.809	1.16E-03
2.809	1.16E-03
2.809	1.16E-03
2.81	1.16E-03
2.81	1.16E-03
2.811	1.16E-03
2.812	1.16E-03
2.812	1.16E-03
2.812	1.16E-03
2.813	1.17E-03
2.813	1.17E-03
2.814	1.17E-03
2.815	1.17E-03
2.815	1.17E-03
2.816	1.17E-03
2.816	1.17E-03
2.816	1.17E-03
2.817	1.17E-03
2.818	1.17E-03
2.818	1.17E-03
2.819	1.17E-03
2.819	1.17E-03
2.819	1.18E-03
2.82	1.18E-03
2.82	1.18E-03
2.821	1.18E-03
2.822	1.18E-03
2.822	1.18E-03
2.822	1.18E-03
2.823	1.18E-03
2.823	1.18E-03
2.824	1.18E-03
2.825	1.18E-03
2.825	1.18E-03
2.826	1.18E-03
2.826	1.19E-03
2.826	1.19E-03
2.827	1.19E-03
2.828	1.19E-03
2.828	1.19E-03
2.829	1.19E-03
2.829	1.19E-03
2.829	1.19E-03
2.83	1.19E-03
2.83	1.19E-03
2.831	1.19E-03
2.832	1.19E-03
2.832	1.19E-03
2.832	1.20E-03
2.833	1.20E-03
2.833	1.20E-03
2.834	1.20E-03
2.835	1.20E-03
2.835	1.20E-03
2.836	1.20E-03
2.836	1.20E-03
2.836	1.20E-03
2.837	1.20E-03
2.838	1.20E-03
2.838	1.20E-03
2.839	1.20E-03
2.839	1.21E-03
2.839	1.21E-03
2.84	1.21E-03
2.841	1.21E-03
2.841	1.21E-03
2.842	1.21E-03
2.842	1.21E-03
2.842	1.21E-03
2.843	1.21E-03
2.843	1.21E-03
2.844	1.21E-03
2.845	1.21E-03
2.845	1.21E-03
2.845	1.22E-03
2.846	1.22E-03
2.846	1.22E-03
2.847	1.22E-03
2.848	1.22E-03
2.848	1.22E-03
2.849	1.22E-03
2.849	1.22E-03
2.849	1.22E-03
2.85	1.22E-03
2.851	1.22E-03
2.851	1.22E-03
2.852	1.22E-03
2.852	1.23E-03
2.852	1.23E-03
2.853	1.23E-03
2.853	1.23E-03
2.854	1.23E-03
2.855	1.23E-03
2.855	1.23E-03
2.855	1.23E-03
2.856	1.23E-03
2.856	1.23E-03
2.857	1.23E-03
2.858	1.23E-03
2.858	1.23E-03
2.859	1.24E-03
2.859	1.24E-03
2.859	1.24E-03
2.86	1.24E-03
2.861	1.24E-03
2.861	1.24E-03
2.862	1.24E-03
2.862	1.24E-03
2.862	1.24E-03
2.863	1.24E-03
2.864	1.24E-03
2.864	1.24E-03
2.865	1.24E-03
2.865	1.25E-03
2.865	1.25E-03
2.866	1.25E-03
2.866	1.25E-03
2.867	1.25E-03
2.868	1.25E-03
2.868	1.25E-03
2.868	1.25E-03
2.869	1.25E-03
2.869	1.25E-03
2.87	1.25E-03
2.871	1.25E-03
2.871	1.25E-03
2.872	1.26E-03
2.872	1.26E-03
2.872	1.26E-03
2.873	1.26E-03
2.874	1.26E-03
2.874	1.26E-03
2.875	1.26E-03
2.875	1.26E-03
2.875	1.26E-03
2.876	1.26E-03
2.876	1.26E-03
2.877	1.26E-03
2.878	1.26E-03
2.878	1.27E-03
2.878	1.27E-03
2.879	1.27E-03
2.879	1.27E-03
2.88	1.27E-03
2.881	1.27E-03
2.881	1.27E-03
2.882	1.27E-03
2.882	1.27E-03
2.882	1.27E-03
2.883	1.27E-03
2.884	1.27E-03
2.884	1.28E-03
2.885	1.28E-03
2.885	1.28E-03
2.885	1.28E-03
2.886	1.28E-03
2.886	1.28E-03
2.887	1.28E-03
2.888	1.28E-03
2.888	1.28E-03
2.888	1.28E-03
2.889	1.28E-03
2.889	1.28E-03
2.89	1.28E-03
2.891	1.29E-03
2.891	1.29E-03
2.891	1.29E-03
2.892	1.29E-03
2.892	1.29E-03
2.893	1.29E-03
2.894	1.29E-03
2.894	1.29E-03
2.895	1.29E-03
2.895	1.29E-03
2.895	1.29E-03
2.896	1.29E-03
2.897	1.30E-03
2.897	1.30E-03
2.898	1.30E-03
2.898	1.30E-03
2.898	1.30E-03
2.899	1.30E-03
2.899	1.30E-03
2.9	1.30E-03
2.901	1.30E-03
2.901	1.30E-03
2.901	1.30E-03
2.902	1.30E-03
2.902	1.30E-03
2.903	1.31E-03
2.904	1.31E-03
2.904	1.31E-03
2.905	1.31E-03
2.905	1.31E-03
2.905	1.31E-03
2.906	1.31E-03
2.907	1.31E-03
2.907	1.31E-03
2.908	1.31E-03
2.908	1.31E-03
2.908	1.31E-03
2.909	1.32E-03
2.909	1.32E-03
2.91	1.32E-03
2.911	1.32E-03
2.911	1.32E-03
2.911	1.32E-03
2.912	1.32E-03
2.912	1.32E-03
2.913	1.32E-03
2.914	1.32E-03
2.914	1.32E-03
2.914	1.32E-03
2.915	1.32E-03
2.915	1.33E-03
2.916	1.33E-03
2.917	1.33E-03
2.917	1.33E-03
2.918	1.33E-03
2.918	1.33E-03
2.918	1.33E-03
2.919	1.33E-03
2.92	1.33E-03
2.92	1.33E-03
2.921	1.33E-03
2.921	1.33E-03
2.921	1.34E-03
2.922	1.34E-03
2.922	1.34E-03
2.923	1.34E-03
2.924	1.34E-03
2.924	1.34E-03
2.924	1.34E-03
2.925	1.34E-03
2.925	1.34E-03
2.926	1.34E-03
2.927	1.34E-03
2.927	1.34E-03
2.928	1.35E-03
2.928	1.35E-03
2.928	1.35E-03
2.929	1.35E-03
2.93	1.35E-03
2.93	1.35E-03
2.931	1.35E-03
2.931	1.35E-03
2.931	1.35E-03
2.932	1.35E-03
2.932	1.35E-03
2.933	1.35E-03
2.934	1.35E-03
2.934	1.36E-03
2.934	1.36E-03
2.935	1.36E-03
2.935	1.36E-03
2.936	1.36E-03
2.937	1.36E-03
2.937	1.36E-03
2.938	1.36E-03
2.938	1.36E-03
2.938	1.36E-03
2.939	1.36E-03
2.94	1.36E-03
2.94	1.37E-03
2.941	1.37E-03
2.941	1.37E-03
2.941	1.37E-03
2.942	1.37E-03
2.943	1.37E-03
2.943	1.37E-03
2.944	1.37E-03
2.944	1.37E-03
2.944	1.37E-03
2.945	1.37E-03
2.945	1.37E-03
2.946	1.38E-03
2.947	1.38E-03
2.947	1.38E-03
2.947	1.38E-03
2.948	1.38E-03
2.948	1.38E-03
2.949	1.38E-03
2.95	1.38E-03
2.95	1.38E-03
2.951	1.38E-03
2.951	1.38E-03
2.951	1.38E-03
2.952	1.39E-03
2.953	1.39E-03
2.953	1.39E-03
2.954	1.39E-03
2.954	1.39E-03
2.954	1.39E-03
2.955	1.39E-03
2.955	1.39E-03
2.956	1.39E-03
2.957	1.39E-03
2.957	1.39E-03
2.957	1.39E-03
2.958	1.40E-03
2.958	1.40E-03
2.959	1.40E-03
2.96	1.40E-03
2.96	1.40E-03
2.961	1.40E-03
2.961	1.40E-03
2.961	1.40E-03
2.962	1.40E-03
2.963	1.40E-03
2.963	1.40E-03
2.964	1.40E-03
2.964	1.41E-03
2.964	1.41E-03
2.965	1.41E-03
2.966	1.41E-03
2.966	1.41E-03
2.967	1.41E-03
2.967	1.41E-03
2.967	1.41E-03
2.968	1.41E-03
2.968	1.41E-03
2.969	1.41E-03
2.97	1.41E-03
2.97	1.42E-03
2.97	1.42E-03
2.971	1.42E-03
2.971	1.42E-03
2.972	1.42E-03
2.973	1.42E-03
2.973	1.42E-03
2.974	1.42E-03
2.974	1.42E-03
2.974	1.42E-03
2.975	1.42E-03
2.976	1.42E-03
2.976	1.43E-03
2.977	1.43E-03
2.977	1.43E-03
2.977	1.43E-03
2.978	1.43E-03
2.978	1.43E-03
2.979	1.43E-03
2.98	1.43E-03
2.98	1.43E-03
2.98	1.43E-03
2.981	1.43E-03
2.981	1.43E-03
2.982	1.44E-03
2.983	1.44E-03
2.983	1.44E-03
2.984	1.44E-03
2.984	1.44E-03
2.984	1.44E-03
2.985	1.44E-03
2.986	1.44E-03
2.986	1.44E-03
2.987	1.44E-03
2.987	1.44E-03
2.987	1.44E-03
2.988	1.45E-03
2.989	1.45E-03
2.989	1.45E-03
2.99	1.45E-03
2.99	1.45E-03
2.99	1.45E-03
2.991	1.45E-03
2.991	1.45E-03
2.992	1.45E-03
2.993	1.45E-03
2.993	1.45E-03
2.993	1.45E-03
2.994	1.46E-03
2.994	1.46E-03
2.995	1.46E-03
2.996	1.46E-03
2.996	1.46E-03
2.997	1.46E-03
2.997	1.46E-03
2.997	1.46E-03
2.998	1.46E-03
2.999	1.46E-03
2.999	1.46E-03
3	1.46E-03
3	1.47E-03
3	1.47E-03
3.001	1.47E-03
3.001	1.47E-03
3.002	1.47E-03
3.003	1.47E-03
3.003	1.47E-03
3.003	1.47E-03
3.004	1.47E-03
3.004	1.47E-03
3.005	1.47E-03
3.006	1.48E-03
3.006	1.48E-03
3.007	1.48E-03
3.007	1.48E-03
3.007	1.48E-03
3.008	1.48E-03
3.009	1.48E-03
3.009	1.48E-03
3.01	1.48E-03
3.01	1.48E-03
3.01	1.48E-03
3.011	1.48E-03
3.011	1.49E-03
3.012	1.49E-03
3.013	1.49E-03
3.013	1.49E-03
3.013	1.49E-03
3.014	1.49E-03
3.014	1.49E-03
3.015	1.49E-03
3.016	1.49E-03
3.016	1.49E-03
3.016	1.49E-03
3.017	1.49E-03
3.017	1.50E-03
3.018	1.50E-03
3.019	1.50E-03
3.019	1.50E-03
3.02	1.50E-03
3.02	1.50E-03
3.02	1.50E-03
3.021	1.50E-03
3.022	1.50E-03
3.022	1.50E-03
3.023	1.50E-03
3.023	1.51E-03
3.023	1.51E-03
3.024	1.51E-03
3.024	1.51E-03
3.025	1.51E-03
3.026	1.51E-03
3.026	1.51E-03
3.026	1.51E-03
3.027	1.51E-03
3.027	1.51E-03
3.028	1.51E-03
3.029	1.51E-03
3.029	1.52E-03
3.03	1.52E-03
3.03	1.52E-03
3.03	1.52E-03
3.031	1.52E-03
3.032	1.52E-03
3.032	1.52E-03
3.033	1.52E-03
3.033	1.52E-03
3.033	1.52E-03
3.034	1.52E-03
3.034	1.53E-03
3.035	1.53E-03
3.036	1.53E-03
3.036	1.53E-03
3.036	1.53E-03
3.037	1.53E-03
3.037	1.53E-03
3.038	1.53E-03
3.039	1.53E-03
3.039	1.53E-03
3.039	1.53E-03
3.04	1.53E-03
3.04	1.54E-03
3.041	1.54E-03
3.042	1.54E-03
3.042	1.54E-03
3.043	1.54E-03
3.043	1.54E-03
3.043	1.54E-03
3.044	1.54E-03
3.045	1.54E-03
3.045	1.54E-03
3.046	1.54E-03
3.046	1.55E-03
3.046	1.55E-03
3.047	1.55E-03
3.047	1.55E-03
3.048	1.55E-03
3.049	1.55E-03
3.049	1.55E-03
3.049	1.55E-03
3.05	1.55E-03
3.05	1.55E-03
3.051	1.55E-03
3.052	1.55E-03
3.052	1.56E-03
3.053	1.56E-03
3.053	1.56E-03
3.053	1.56E-03
3.054	1.56E-03
3.055	1.56E-03
3.055	1.56E-03
3.056	1.56E-03
3.056	1.56E-03
3.056	1.56E-03
3.057	1.56E-03
3.057	1.57E-03
3.058	1.57E-03
3.059	1.57E-03
3.059	1.57E-03
3.059	1.57E-03
3.06	1.57E-03
3.06	1.57E-03
3.061	1.57E-03
3.062	1.57E-03
3.062	1.57E-03
3.062	1.57E-03
3.063	1.58E-03
3.063	1.58E-03
3.064	1.58E-03
3.065	1.58E-03
3.065	1.58E-03
3.066	1.58E-03
3.066	1.58E-03
3.066	1.58E-03
3.067	1.58E-03
3.068	1.58E-03
3.068	1.58E-03
3.069	1.58E-03
3.069	1.59E-03
3.069	1.59E-03
3.07	1.59E-03
3.07	1.59E-03
3.071	1.59E-03
3.072	1.59E-03
3.072	1.59E-03
3.072	1.59E-03
3.073	1.59E-03
3.073	1.59E-03
3.074	1.59E-03
3.075	1.60E-03
3.075	1.60E-03
3.076	1.60E-03
3.076	1.60E-03
3.076	1.60E-03
3.077	1.60E-03
3.078	1.60E-03
3.078	1.60E-03
3.079	1.60E-03
3.079	1.60E-03
3.079	1.60E-03
3.08	1.61E-03
3.08	1.61E-03
3.081	1.61E-03
3.082	1.61E-03
3.082	1.61E-03
3.082	1.61E-03
3.083	1.61E-03
3.083	1.61E-03
3.084	1.61E-03
3.085	1.61E-03
3.085	1.61E-03
3.086	1.62E-03
3.086	1.62E-03
3.086	1.62E-03
3.087	1.62E-03
3.088	1.62E-03
3.088	1.62E-03
3.089	1.62E-03
3.089	1.62E-03
3.089	1.62E-03
3.09	1.62E-03
3.091	1.62E-03
3.091	1.63E-03
3.092	1.63E-03
3.092	1.63E-03
3.092	1.63E-03
3.093	1.63E-03
3.093	1.63E-03
3.094	1.63E-03
3.095	1.63E-03
3.095	1.63E-03
3.095	1.63E-03
3.096	1.63E-03
3.096	1.63E-03
3.097	1.64E-03
3.098	1.64E-03
3.098	1.64E-03
3.099	1.64E-03
3.099	1.64E-03
3.099	1.64E-03
3.1	1.64E-03
3.101	1.64E-03
3.101	1.64E-03
3.102	1.64E-03
3.102	1.64E-03
3.102	1.65E-03
3.103	1.65E-03
3.103	1.65E-03
3.104	1.65E-03
3.105	1.65E-03
3.105	1.65E-03
3.105	1.65E-03
3.106	1.65E-03
3.106	1.65E-03
3.107	1.65E-03
3.108	1.65E-03
3.108	1.66E-03
3.109	1.66E-03
3.109	1.66E-03
3.109	1.66E-03
3.11	1.66E-03
3.111	1.66E-03
3.111	1.66E-03
3.112	1.66E-03
3.112	1.66E-03
3.112	1.66E-03
3.113	1.66E-03
3.114	1.67E-03
3.114	1.67E-03
3.115	1.67E-03
3.115	1.67E-03
3.115	1.67E-03
3.116	1.67E-03
3.116	1.67E-03
3.117	1.67E-03
3.118	1.67E-03
3.118	1.67E-03
3.118	1.67E-03
3.119	1.68E-03
3.119	1.68E-03
3.12	1.68E-03
3.121	1.68E-03
3.121	1.68E-03
3.122	1.68E-03
3.122	1.68E-03
3.122	1.68E-03
3.123	1.68E-03
3.124	1.68E-03
3.124	1.68E-03
3.125	1.69E-03
3.125	1.69E-03
3.125	1.69E-03
3.126	1.69E-03
3.126	1.69E-03
3.127	1.69E-03
3.128	1.69E-03
3.128	1.69E-03
3.128	1.69E-03
3.129	1.69E-03
3.129	1.69E-03
3.13	1.70E-03
3.131	1.70E-03
3.131	1.70E-03
3.132	1.70E-03
3.132	1.70E-03
3.132	1.70E-03
3.133	1.70E-03
3.134	1.70E-03
3.134	1.70E-03
3.135	1.70E-03
3.135	1.71E-03
3.135	1.71E-03
3.136	1.71E-03
3.136	1.71E-03
3.137	1.71E-03
3.138	1.71E-03
3.138	1.71E-03
3.138	1.71E-03
3.139	1.71E-03
3.139	1.71E-03
3.14	1.71E-03
3.141	1.72E-03
3.141	1.72E-03
3.141	1.72E-03
3.142	1.72E-03
3.142	1.72E-03
3.143	1.72E-03
3.144	1.72E-03
3.144	1.72E-03
3.145	1.72E-03
3.145	1.72E-03
3.145	1.72E-03
3.146	1.73E-03
3.147	1.73E-03
3.147	1.73E-03
3.148	1.73E-03
3.148	1.73E-03
3.148	1.73E-03
3.149	1.73E-03
3.149	1.73E-03
3.15	1.73E-03
3.151	1.73E-03
3.151	1.73E-03
3.151	1.74E-03
3.152	1.74E-03
3.152	1.74E-03
3.153	1.74E-03
3.154	1.74E-03
3.154	1.74E-03
3.155	1.74E-03
3.155	1.74E-03
3.155	1.74E-03
3.156	1.74E-03
3.157	1.74E-03
3.157	1.75E-03
3.158	1.75E-03
3.158	1.75E-03
3.158	1.75E-03
3.159	1.75E-03
3.159	1.75E-03
3.16	1.75E-03
3.161	1.75E-03
3.161	1.75E-03
3.161	1.75E-03
3.162	1.76E-03
3.162	1.76E-03
3.163	1.76E-03
3.164	1.76E-03
3.164	1.76E-03
3.164	1.76E-03
3.165	1.76E-03
3.165	1.76E-03
3.166	1.76E-03
3.167	1.76E-03
3.167	1.76E-03
3.168	1.77E-03
3.168	1.77E-03
3.168	1.77E-03
3.169	1.77E-03
3.17	1.77E-03
3.17	1.77E-03
3.171	1.77E-03
3.171	1.77E-03
3.171	1.77E-03
3.172	1.77E-03
3.172	1.77E-03
3.173	1.78E-03
3.174	1.78E-03
3.174	1.78E-03
3.174	1.78E-03
3.175	1.78E-03
3.175	1.78E-03
3.176	1.78E-03
3.177	1.78E-03
3.177	1.78E-03
3.178	1.78E-03
3.178	1.79E-03
3.178	1.79E-03
3.179	1.79E-03
3.18	1.79E-03
3.18	1.79E-03
3.181	1.79E-03
3.181	1.79E-03
3.181	1.79E-03
3.182	1.79E-03
3.182	1.79E-03
3.183	1.79E-03
3.184	1.80E-03
3.184	1.80E-03
3.184	1.80E-03
3.185	1.80E-03
3.185	1.80E-03
3.186	1.80E-03
3.187	1.80E-03
3.187	1.80E-03
3.188	1.80E-03
3.188	1.80E-03
3.188	1.81E-03
3.189	1.81E-03
3.19	1.81E-03
3.19	1.81E-03
3.191	1.81E-03
3.191	1.81E-03
3.191	1.81E-03
3.192	1.81E-03
3.193	1.81E-03
3.193	1.81E-03
3.194	1.81E-03
3.194	1.82E-03
3.194	1.82E-03
3.195	1.82E-03
3.195	1.82E-03
3.196	1.82E-03
3.197	1.82E-03
3.197	1.82E-03
3.197	1.82E-03
3.198	1.82E-03
3.198	1.82E-03
3.199	1.82E-03
3.2	1.83E-03
3.2	1.83E-03
3.201	1.83E-03
3.201	1.83E-03
3.201	1.83E-03
3.202	1.83E-03
3.203	1.83E-03
3.203	1.83E-03
3.204	1.83E-03
3.204	1.83E-03
3.204	1.84E-03
3.205	1.84E-03
3.205	1.84E-03
3.206	1.84E-03
3.207	1.84E-03
3.207	1.84E-03
3.207	1.84E-03
3.208	1.84E-03
3.208	1.84E-03
3.209	1.84E-03
3.21	1.85E-03
3.21	1.85E-03
3.211	1.85E-03
3.211	1.85E-03
3.211	1.85E-03
3.212	1.85E-03
3.213	1.85E-03
3.213	1.85E-03
3.214	1.85E-03
3.214	1.85E-03
3.214	1.85E-03
3.215	1.86E-03
3.216	1.86E-03
3.216	1.86E-03
3.217	1.86E-03
3.217	1.86E-03
3.217	1.86E-03
3.218	1.86E-03
3.218	1.86E-03
3.219	1.86E-03
3.22	1.86E-03
3.22	1.87E-03
3.22	1.87E-03
3.221	1.87E-03
3.221	1.87E-03
3.222	1.87E-03
3.223	1.87E-03
3.223	1.87E-03
3.224	1.87E-03
3.224	1.87E-03
3.224	1.87E-03
3.225	1.87E-03
3.226	1.88E-03
3.226	1.88E-03
3.227	1.88E-03
3.227	1.88E-03
3.227	1.88E-03
3.228	1.88E-03
3.228	1.88E-03
3.229	1.88E-03
3.23	1.88E-03
3.23	1.88E-03
3.23	1.89E-03
3.231	1.89E-03
3.231	1.89E-03
3.232	1.89E-03
3.233	1.89E-03
3.233	1.89E-03
3.234	1.89E-03
3.234	1.89E-03
3.234	1.89E-03
3.235	1.89E-03
3.236	1.90E-03
3.236	1.90E-03
3.237	1.90E-03
3.237	1.90E-03
3.237	1.90E-03
3.238	1.90E-03
3.239	1.90E-03
3.239	1.90E-03
3.24	1.90E-03
3.24	1.90E-03
3.24	1.91E-03
3.241	1.91E-03
3.241	1.91E-03
3.242	1.91E-03
3.243	1.91E-03
3.243	1.91E-03
3.243	1.91E-03
3.244	1.91E-03
3.244	1.91E-03
3.245	1.91E-03
3.246	1.91E-03
3.246	1.92E-03
3.247	1.92E-03
3.247	1.92E-03
3.247	1.92E-03
3.248	1.92E-03
3.249	1.92E-03
3.249	1.92E-03
3.25	1.92E-03
3.25	1.92E-03
3.25	1.92E-03
3.251	1.93E-03
3.251	1.93E-03
3.252	1.93E-03
3.253	1.93E-03
3.253	1.93E-03
3.253	1.93E-03
3.254	1.93E-03
3.254	1.93E-03
3.255	1.93E-03
3.256	1.93E-03
3.256	1.94E-03
3.257	1.94E-03
3.257	1.94E-03
3.257	1.94E-03
3.258	1.94E-03
3.259	1.94E-03
3.259	1.94E-03
3.26	1.94E-03
3.26	1.94E-03
3.26	1.94E-03
3.261	1.95E-03
3.261	1.95E-03
3.262	1.95E-03
3.263	1.95E-03
3.263	1.95E-03
3.263	1.95E-03
3.264	1.95E-03
3.264	1.95E-03
3.265	1.95E-03
3.266	1.95E-03
3.266	1.96E-03
3.266	1.96E-03
3.267	1.96E-03
3.267	1.96E-03
3.268	1.96E-03
3.269	1.96E-03
3.269	1.96E-03
3.27	1.96E-03
3.27	1.96E-03
3.27	1.96E-03
3.271	1.96E-03
3.272	1.97E-03
3.272	1.97E-03
3.273	1.97E-03
3.273	1.97E-03
3.273	1.97E-03
3.274	1.97E-03
3.274	1.97E-03
3.275	1.97E-03
3.276	1.97E-03
3.276	1.97E-03
3.276	1.98E-03
3.277	1.98E-03
3.277	1.98E-03
3.278	1.98E-03
3.279	1.98E-03
3.279	1.98E-03
3.28	1.98E-03
3.28	1.98E-03
3.28	1.98E-03
3.281	1.98E-03
3.282	1.99E-03
3.282	1.99E-03
3.283	1.99E-03
3.283	1.99E-03
3.283	1.99E-03
3.284	1.99E-03
3.284	1.99E-03
3.285	1.99E-03
3.286	1.99E-03
3.286	1.99E-03
3.286	2.00E-03
3.287	2.00E-03
3.287	2.00E-03
3.288	2.00E-03
3.289	2.00E-03
3.289	2.00E-03
3.289	2.00E-03
3.29	2.00E-03
3.29	2.00E-03
3.291	2.00E-03
3.292	2.01E-03
3.292	2.01E-03
3.293	2.01E-03
3.293	2.01E-03
3.293	2.01E-03
3.294	2.01E-03
3.295	2.01E-03
3.295	2.01E-03
3.296	2.01E-03
3.296	2.01E-03
3.296	2.02E-03
3.297	2.02E-03
3.297	2.02E-03
3.298	2.02E-03
3.299	2.02E-03
3.299	2.02E-03
3.299	2.02E-03
3.3	2.02E-03
3.3	2.02E-03
3.301	2.02E-03
3.302	2.03E-03
3.302	2.03E-03
3.303	2.03E-03
3.303	2.03E-03
3.303	2.03E-03
3.304	2.03E-03
3.305	2.03E-03
3.305	2.03E-03
3.306	2.03E-03
3.306	2.03E-03
3.306	2.04E-03
3.307	2.04E-03
3.307	2.04E-03
3.308	2.04E-03
3.309	2.04E-03
3.309	2.04E-03
3.309	2.04E-03
3.31	2.04E-03
3.31	2.04E-03
3.311	2.04E-03
3.312	2.05E-03
3.312	2.05E-03
3.312	2.05E-03
3.313	2.05E-03
3.313	2.05E-03
3.314	2.05E-03
3.315	2.05E-03
3.315	2.05E-03
3.316	2.05E-03
3.316	2.06E-03
3.316	2.06E-03
3.317	2.06E-03
3.318	2.06E-03
3.318	2.06E-03
3.319	2.06E-03
3.319	2.06E-03
3.319	2.06E-03
3.32	2.06E-03
3.32	2.06E-03
3.321	2.07E-03
3.322	2.07E-03
3.322	2.07E-03
3.322	2.07E-03
3.323	2.07E-03
3.323	2.07E-03
3.324	2.07E-03
3.325	2.07E-03
3.325	2.07E-03
3.326	2.07E-03
3.326	2.08E-03
3.326	2.08E-03
3.327	2.08E-03
3.328	2.08E-03
3.328	2.08E-03
3.329	2.08E-03
3.329	2.08E-03
3.329	2.08E-03
3.33	2.08E-03
3.33	2.08E-03
3.331	2.09E-03
3.332	2.09E-03
3.332	2.09E-03
3.332	2.09E-03
3.333	2.09E-03
3.333	2.09E-03
3.334	2.09E-03
3.335	2.09E-03
3.335	2.09E-03
3.336	2.09E-03
3.336	2.10E-03
3.336	2.10E-03
3.337	2.10E-03
3.338	2.10E-03
3.338	2.10E-03
3.339	2.10E-03
3.339	2.10E-03
3.339	2.10E-03
3.34	2.10E-03
3.341	2.10E-03
3.341	2.11E-03
3.342	2.11E-03
3.342	2.11E-03
3.342	2.11E-03
3.343	2.11E-03
3.343	2.11E-03
3.344	2.11E-03
3.345	2.11E-03
3.345	2.11E-03
3.345	2.12E-03
3.346	2.12E-03
3.346	2.12E-03
3.347	2.12E-03
3.348	2.12E-03
3.348	2.12E-03
3.349	2.12E-03
3.349	2.12E-03
3.349	2.12E-03
3.35	2.12E-03
3.351	2.13E-03
3.351	2.13E-03
3.352	2.13E-03
3.352	2.13E-03
3.352	2.13E-03
3.353	2.13E-03
3.353	2.13E-03
3.354	2.13E-03
3.355	2.13E-03
3.355	2.13E-03
3.355	2.14E-03
3.356	2.14E-03
3.356	2.14E-03
3.357	2.14E-03
3.358	2.14E-03
3.358	2.14E-03
3.359	2.14E-03
3.359	2.14E-03
3.359	2.14E-03
3.36	2.15E-03
3.361	2.15E-03
3.361	2.15E-03
3.362	2.15E-03
3.362	2.15E-03
3.362	2.15E-03
3.363	2.15E-03
3.364	2.15E-03
3.364	2.15E-03
3.365	2.15E-03
3.365	2.16E-03
3.365	2.16E-03
3.366	2.16E-03
3.366	2.16E-03
3.367	2.16E-03
3.368	2.16E-03
3.368	2.16E-03
3.368	2.16E-03
3.369	2.16E-03
3.369	2.16E-03
3.37	2.17E-03
3.371	2.17E-03
3.371	2.17E-03
3.372	2.17E-03
3.372	2.17E-03
3.372	2.17E-03
3.373	2.17E-03
3.374	2.17E-03
3.374	2.17E-03
3.375	2.18E-03
3.375	2.18E-03
3.375	2.18E-03
3.376	2.18E-03
3.376	2.18E-03
3.377	2.18E-03
3.378	2.18E-03
3.378	2.18E-03
3.378	2.18E-03
3.379	2.18E-03
3.379	2.19E-03
3.38	2.19E-03
3.381	2.19E-03
3.381	2.19E-03
3.382	2.19E-03
3.382	2.19E-03
3.382	2.19E-03
3.383	2.19E-03
3.384	2.19E-03
3.384	2.20E-03
3.385	2.20E-03
3.385	2.20E-03
3.385	2.20E-03
3.386	2.20E-03
3.386	2.20E-03
3.387	2.20E-03
3.388	2.20E-03
3.388	2.20E-03
3.388	2.20E-03
3.389	2.21E-03
3.389	2.21E-03
3.39	2.21E-03
3.391	2.21E-03
3.391	2.21E-03
3.391	2.21E-03
3.392	2.21E-03
3.392	2.21E-03
3.393	2.21E-03
3.394	2.22E-03
3.394	2.22E-03
3.395	2.22E-03
3.395	2.22E-03
3.395	2.22E-03
3.396	2.22E-03
3.397	2.22E-03
3.397	2.22E-03
3.398	2.22E-03
3.398	2.22E-03
3.398	2.23E-03
3.399	2.23E-03
3.399	2.23E-03
3.4	2.23E-03
3.401	2.23E-03
3.401	2.23E-03
3.401	2.23E-03
3.402	2.23E-03
3.402	2.23E-03
3.403	2.24E-03
3.404	2.24E-03
3.404	2.24E-03
3.405	2.24E-03
3.405	2.24E-03
3.405	2.24E-03
3.406	2.24E-03
3.407	2.24E-03
3.407	2.24E-03
3.408	2.24E-03
3.408	2.25E-03
3.408	2.25E-03
3.409	2.25E-03
3.409	2.25E-03
3.41	2.25E-03
3.411	2.25E-03
3.411	2.25E-03
3.411	2.25E-03
3.412	2.25E-03
3.412	2.26E-03
3.413	2.26E-03
3.414	2.26E-03
3.414	2.26E-03
3.414	2.26E-03
3.415	2.26E-03
3.415	2.26E-03
3.416	2.26E-03
3.417	2.26E-03
3.417	2.26E-03
3.418	2.27E-03
3.418	2.27E-03
3.418	2.27E-03
3.419	2.27E-03
3.42	2.27E-03
3.42	2.27E-03
3.421	2.27E-03
3.421	2.27E-03
3.421	2.27E-03
3.422	2.28E-03
3.422	2.28E-03
3.423	2.28E-03
3.424	2.28E-03
3.424	2.28E-03
3.424	2.28E-03
3.425	2.28E-03
3.425	2.28E-03
3.426	2.28E-03
3.427	2.29E-03
3.427	2.29E-03
3.428	2.29E-03
3.428	2.29E-03
3.428	2.29E-03
3.429	2.29E-03
3.43	2.29E-03
3.43	2.29E-03
3.431	2.29E-03
3.431	2.29E-03
3.431	2.30E-03
3.432	2.30E-03
3.432	2.30E-03
3.433	2.30E-03
3.434	2.30E-03
3.434	2.30E-03
3.434	2.30E-03
3.435	2.30E-03
3.435	2.30E-03
3.436	2.31E-03
3.437	2.31E-03
3.437	2.31E-03
3.438	2.31E-03
3.438	2.31E-03
3.438	2.31E-03
3.439	2.31E-03
3.44	2.31E-03
3.44	2.31E-03
3.441	2.32E-03
3.441	2.32E-03
3.441	2.32E-03
3.442	2.32E-03
3.443	2.32E-03
3.443	2.32E-03
3.444	2.32E-03
3.444	2.32E-03
3.444	2.32E-03
3.445	2.32E-03
3.445	2.33E-03
3.446	2.33E-03
3.447	2.33E-03
3.447	2.33E-03
3.447	2.33E-03
3.448	2.33E-03
3.448	2.33E-03
3.449	2.33E-03
3.45	2.33E-03
3.45	2.34E-03
3.451	2.34E-03
3.451	2.34E-03
3.451	2.34E-03
3.452	2.34E-03
3.453	2.34E-03
3.453	2.34E-03
3.454	2.34E-03
3.454	2.34E-03
3.454	2.35E-03
3.455	2.35E-03
3.455	2.35E-03
3.456	2.35E-03
3.457	2.35E-03
3.457	2.35E-03
3.457	2.35E-03
3.458	2.35E-03
3.458	2.35E-03
3.459	2.35E-03
3.46	2.36E-03
3.46	2.36E-03
3.461	2.36E-03
3.461	2.36E-03
3.461	2.36E-03
3.462	2.36E-03
3.463	2.36E-03
3.463	2.36E-03
3.464	2.36E-03
3.464	2.37E-03
3.464	2.37E-03
3.465	2.37E-03
3.466	2.37E-03
3.466	2.37E-03
3.467	2.37E-03
3.467	2.37E-03
3.467	2.37E-03
3.468	2.37E-03
3.468	2.38E-03
3.469	2.38E-03
3.47	2.38E-03
3.47	2.38E-03
3.47	2.38E-03
3.471	2.38E-03
3.471	2.38E-03
3.472	2.38E-03
3.473	2.38E-03
3.473	2.39E-03
3.474	2.39E-03
3.474	2.39E-03
3.474	2.39E-03
3.475	2.39E-03
3.476	2.39E-03
3.476	2.39E-03
3.477	2.39E-03
3.477	2.39E-03
3.477	2.40E-03
3.478	2.40E-03
3.478	2.40E-03
3.479	2.40E-03
3.48	2.40E-03
3.48	2.40E-03
3.48	2.40E-03
3.481	2.40E-03
3.481	2.40E-03
3.482	2.41E-03
3.483	2.41E-03
3.483	2.41E-03
3.484	2.41E-03
3.484	2.41E-03
3.484	2.41E-03
3.485	2.41E-03
3.486	2.41E-03
3.486	2.41E-03
3.487	2.41E-03
3.487	2.42E-03
3.487	2.42E-03
3.488	2.42E-03
3.489	2.42E-03
3.489	2.42E-03
3.49	2.42E-03
3.49	2.42E-03
3.49	2.42E-03
3.491	2.42E-03
3.491	2.43E-03
3.492	2.43E-03
3.493	2.43E-03
3.493	2.43E-03
3.493	2.43E-03
3.494	2.43E-03
3.494	2.43E-03
3.495	2.43E-03
3.496	2.43E-03
3.496	2.44E-03
3.497	2.44E-03
3.497	2.44E-03
3.497	2.44E-03
3.498	2.44E-03
3.499	2.44E-03
3.499	2.44E-03
3.5	2.44E-03
3.5	2.44E-03
3.5	2.45E-03
3.501	2.45E-03
3.501	2.45E-03
3.502	2.45E-03
3.503	2.45E-03
3.503	2.45E-03
3.503	2.45E-03
3.504	2.45E-03
3.504	2.45E-03
3.505	2.46E-03
3.506	2.46E-03
3.506	2.46E-03
3.507	2.46E-03
3.507	2.46E-03
3.507	2.46E-03
3.508	2.46E-03
3.509	2.46E-03
3.509	2.46E-03
3.51	2.47E-03
3.51	2.47E-03
3.51	2.47E-03
3.511	2.47E-03
3.511	2.47E-03
3.512	2.47E-03
3.513	2.47E-03
3.513	2.47E-03
3.513	2.47E-03
3.514	2.48E-03
3.514	2.48E-03
3.515	2.48E-03
3.516	2.48E-03
3.516	2.48E-03
3.516	2.48E-03
3.517	2.48E-03
3.517	2.48E-03
3.518	2.48E-03
3.519	2.49E-03
3.519	2.49E-03
3.52	2.49E-03
3.52	2.49E-03
3.52	2.49E-03
3.521	2.49E-03
3.522	2.49E-03
3.522	2.49E-03
3.523	2.49E-03
3.523	2.50E-03
3.523	2.50E-03
3.524	2.50E-03
3.524	2.50E-03
3.525	2.50E-03
3.526	2.50E-03
3.526	2.50E-03
3.526	2.50E-03
3.527	2.50E-03
3.527	2.51E-03
3.528	2.51E-03
3.529	2.51E-03
3.529	2.51E-03
3.53	2.51E-03
3.53	2.51E-03
3.53	2.51E-03
3.531	2.51E-03
3.532	2.51E-03
3.532	2.52E-03
3.533	2.52E-03
3.533	2.52E-03
3.533	2.52E-03
3.534	2.52E-03
3.534	2.52E-03
3.535	2.52E-03
3.536	2.52E-03
3.536	2.52E-03
3.536	2.53E-03
3.537	2.53E-03
3.537	2.53E-03
3.538	2.53E-03
3.539	2.53E-03
3.539	2.53E-03
3.539	2.53E-03
3.54	2.53E-03
3.54	2.54E-03
3.541	2.54E-03
3.542	2.54E-03
3.542	2.54E-03
3.543	2.54E-03
3.543	2.54E-03
3.543	2.54E-03
3.544	2.54E-03
3.545	2.54E-03
3.545	2.55E-03
3.546	2.55E-03
3.546	2.55E-03
3.546	2.55E-03
3.547	2.55E-03
3.547	2.55E-03
3.548	2.55E-03
3.549	2.55E-03
3.549	2.55E-03
3.549	2.56E-03
3.55	2.56E-03
3.55	2.56E-03
3.551	2.56E-03
3.552	2.56E-03
3.552	2.56E-03
3.553	2.56E-03
3.553	2.56E-03
3.553	2.56E-03
3.554	2.57E-03
3.555	2.57E-03
3.555	2.57E-03
3.556	2.57E-03
3.556	2.57E-03
3.556	2.57E-03
3.557	2.57E-03
3.557	2.57E-03
3.558	2.57E-03
3.559	2.58E-03
3.559	2.58E-03
3.559	2.58E-03
3.56	2.58E-03
3.56	2.58E-03
3.561	2.58E-03
3.562	2.58E-03
3.562	2.58E-03
3.562	2.58E-03
3.563	2.59E-03
3.563	2.59E-03
3.564	2.59E-03
3.565	2.59E-03
3.565	2.59E-03
3.566	2.59E-03
3.566	2.59E-03
3.566	2.59E-03
3.567	2.59E-03
3.568	2.60E-03
3.568	2.60E-03
3.569	2.60E-03
3.569	2.60E-03
3.569	2.60E-03
3.57	2.60E-03
3.57	2.60E-03
3.571	2.60E-03
3.572	2.61E-03
3.572	2.61E-03
3.572	2.61E-03
3.573	2.61E-03
3.573	2.61E-03
3.574	2.61E-03
3.575	2.61E-03
3.575	2.61E-03
3.576	2.61E-03
3.576	2.62E-03
3.576	2.62E-03
3.577	2.62E-03
3.578	2.62E-03
3.578	2.62E-03
3.579	2.62E-03
3.579	2.62E-03
3.579	2.62E-03
3.58	2.62E-03
3.58	2.63E-03
3.581	2.63E-03
3.582	2.63E-03
3.582	2.63E-03
3.582	2.63E-03
3.583	2.63E-03
3.583	2.63E-03
3.584	2.63E-03
3.585	2.63E-03
3.585	2.64E-03
3.586	2.64E-03
3.586	2.64E-03
3.586	2.64E-03
3.587	2.64E-03
3.588	2.64E-03
3.588	2.64E-03
3.589	2.64E-03
3.589	2.65E-03
3.589	2.65E-03
3.59	2.65E-03
3.591	2.65E-03
3.591	2.65E-03
3.592	2.65E-03
3.592	2.65E-03
3.592	2.65E-03
3.593	2.65E-03
3.593	2.66E-03
3.594	2.66E-03
3.595	2.66E-03
3.595	2.66E-03
3.595	2.66E-03
3.596	2.66E-03
3.596	2.66E-03
3.597	2.66E-03
3.598	2.66E-03
3.598	2.67E-03
3.599	2.67E-03
3.599	2.67E-03
3.599	2.67E-03
3.6	2.67E-03
3.601	2.67E-03
3.601	2.67E-03
3.602	2.67E-03
3.602	2.68E-03
3.602	2.68E-03
3.603	2.68E-03
3.603	2.68E-03
3.604	2.68E-03
3.605	2.68E-03
3.605	2.68E-03
3.605	2.68E-03
3.606	2.68E-03
3.606	2.69E-03
3.607	2.69E-03
3.608	2.69E-03
3.608	2.69E-03
3.609	2.69E-03
3.609	2.69E-03
3.609	2.69E-03
3.61	2.69E-03
3.611	2.69E-03
3.611	2.70E-03
3.612	2.70E-03
3.612	2.70E-03
3.612	2.70E-03
3.613	2.70E-03
3.614	2.70E-03
3.614	2.70E-03
3.615	2.70E-03
3.615	2.71E-03
3.615	2.71E-03
3.616	2.71E-03
3.616	2.71E-03
3.617	2.71E-03
3.618	2.71E-03
3.618	2.71E-03
3.618	2.71E-03
3.619	2.71E-03
3.619	2.72E-03
3.62	2.72E-03
3.621	2.72E-03
3.621	2.72E-03
3.622	2.72E-03
3.622	2.72E-03
3.622	2.72E-03
3.623	2.72E-03
3.624	2.73E-03
3.624	2.73E-03
3.625	2.73E-03
3.625	2.73E-03
3.625	2.73E-03
3.626	2.73E-03
3.626	2.73E-03
3.627	2.73E-03
3.628	2.73E-03
3.628	2.74E-03
3.628	2.74E-03
3.629	2.74E-03
3.629	2.74E-03
3.63	2.74E-03
3.631	2.74E-03
3.631	2.74E-03
3.632	2.74E-03
3.632	2.74E-03
3.632	2.75E-03
3.633	2.75E-03
3.634	2.75E-03
3.634	2.75E-03
3.635	2.75E-03
3.635	2.75E-03
3.635	2.75E-03
3.636	2.75E-03
3.636	2.76E-03
3.637	2.76E-03
3.638	2.76E-03
3.638	2.76E-03
3.638	2.76E-03
3.639	2.76E-03
3.639	2.76E-03
3.64	2.76E-03
3.641	2.76E-03
3.641	2.77E-03
3.641	2.77E-03
3.642	2.77E-03
3.642	2.77E-03
3.643	2.77E-03
3.644	2.77E-03
3.644	2.77E-03
3.645	2.77E-03
3.645	2.78E-03
3.645	2.78E-03
3.646	2.78E-03
3.647	2.78E-03
3.647	2.78E-03
3.648	2.78E-03
3.648	2.78E-03
3.648	2.78E-03
3.649	2.78E-03
3.649	2.79E-03
3.65	2.79E-03
3.651	2.79E-03
3.651	2.79E-03
3.651	2.79E-03
3.652	2.79E-03
3.652	2.79E-03
3.653	2.79E-03
3.654	2.80E-03
3.654	2.80E-03
3.655	2.80E-03
3.655	2.80E-03
3.655	2.80E-03
3.656	2.80E-03
3.657	2.80E-03
3.657	2.80E-03
3.658	2.80E-03
3.658	2.81E-03
3.658	2.81E-03
3.659	2.81E-03
3.659	2.81E-03
3.66	2.81E-03
3.661	2.81E-03
3.661	2.81E-03
3.661	2.81E-03
3.662	2.82E-03
3.662	2.82E-03
3.663	2.82E-03
3.664	2.82E-03
3.664	2.82E-03
3.664	2.82E-03
3.665	2.82E-03
3.665	2.82E-03
3.666	2.83E-03
3.667	2.83E-03
3.667	2.83E-03
3.668	2.83E-03
3.668	2.83E-03
3.668	2.83E-03
3.669	2.83E-03
3.67	2.83E-03
3.67	2.83E-03
3.671	2.84E-03
3.671	2.84E-03
3.671	2.84E-03
3.672	2.84E-03
3.672	2.84E-03
3.673	2.84E-03
3.674	2.84E-03
3.674	2.84E-03
3.674	2.85E-03
3.675	2.85E-03
3.675	2.85E-03
3.676	2.85E-03
3.677	2.85E-03
3.677	2.85E-03
3.678	2.85E-03
3.678	2.85E-03
3.678	2.85E-03
3.679	2.86E-03
3.68	2.86E-03
3.68	2.86E-03
3.681	2.86E-03
3.681	2.86E-03
3.681	2.86E-03
3.682	2.86E-03
3.682	2.86E-03
3.683	2.87E-03
3.684	2.87E-03
3.684	2.87E-03
3.684	2.87E-03
3.685	2.87E-03
3.685	2.87E-03
3.686	2.87E-03
3.687	2.87E-03
3.687	2.88E-03
3.688	2.88E-03
3.688	2.88E-03
3.688	2.88E-03
3.689	2.88E-03
3.69	2.88E-03
3.69	2.88E-03
3.691	2.88E-03
3.691	2.88E-03
3.691	2.89E-03
3.692	2.89E-03
3.693	2.89E-03
3.693	2.89E-03
3.694	2.89E-03
3.694	2.89E-03
3.694	2.89E-03
3.695	2.89E-03
3.695	2.90E-03
3.696	2.90E-03
3.697	2.90E-03
3.697	2.90E-03
3.697	2.90E-03
3.698	2.90E-03
3.698	2.90E-03
3.699	2.90E-03
3.7	2.91E-03
3.7	2.91E-03
3.701	2.91E-03
3.701	2.91E-03
3.701	2.91E-03
3.702	2.91E-03
3.703	2.91E-03
3.703	2.91E-03
3.704	2.91E-03
3.704	2.92E-03
3.704	2.92E-03
3.705	2.92E-03
3.705	2.92E-03
3.706	2.92E-03
3.707	2.92E-03
3.707	2.92E-03
3.707	2.92E-03
3.708	2.93E-03
3.708	2.93E-03
3.709	2.93E-03
3.71	2.93E-03
3.71	2.93E-03
3.711	2.93E-03
3.711	2.93E-03
3.711	2.93E-03
3.712	2.94E-03
3.713	2.94E-03
3.713	2.94E-03
3.714	2.94E-03
3.714	2.94E-03
3.714	2.94E-03
3.715	2.94E-03
3.716	2.94E-03
3.716	2.94E-03
3.717	2.95E-03
3.717	2.95E-03
3.717	2.95E-03
3.718	2.95E-03
3.718	2.95E-03
3.719	2.95E-03
3.72	2.95E-03
3.72	2.95E-03
3.72	2.96E-03
3.721	2.96E-03
3.721	2.96E-03
3.722	2.96E-03
3.723	2.96E-03
3.723	2.96E-03
3.724	2.96E-03
3.724	2.96E-03
3.724	2.97E-03
3.725	2.97E-03
3.726	2.97E-03
3.726	2.97E-03
3.727	2.97E-03
3.727	2.97E-03
3.727	2.97E-03
3.728	2.97E-03
3.728	2.98E-03
3.729	2.98E-03
3.73	2.98E-03
3.73	2.98E-03
3.73	2.98E-03
3.731	2.98E-03
3.731	2.98E-03
3.732	2.98E-03
3.733	2.98E-03
3.733	2.99E-03
3.734	2.99E-03
3.734	2.99E-03
3.734	2.99E-03
3.735	2.99E-03
3.736	2.99E-03
3.736	2.99E-03
3.737	2.99E-03
3.737	3.00E-03
3.737	3.00E-03
3.738	3.00E-03
3.739	3.00E-03
3.739	3.00E-03
3.74	3.00E-03
3.74	3.00E-03
3.74	3.00E-03
3.741	3.01E-03
3.741	3.01E-03
3.742	3.01E-03
3.743	3.01E-03
3.743	3.01E-03
3.743	3.01E-03
3.744	3.01E-03
3.744	3.01E-03
3.745	3.02E-03
3.746	3.02E-03
3.746	3.02E-03
3.747	3.02E-03
3.747	3.02E-03
3.747	3.02E-03
3.748	3.02E-03
3.749	3.02E-03
3.749	3.03E-03
3.75	3.03E-03
3.75	3.03E-03
3.75	3.03E-03
3.751	3.03E-03
3.751	3.03E-03
3.752	3.03E-03
3.753	3.03E-03
3.753	3.03E-03
3.753	3.04E-03
3.754	3.04E-03
3.754	3.04E-03
3.755	3.04E-03
3.756	3.04E-03
3.756	3.04E-03
3.757	3.04E-03
3.757	3.04E-03
3.757	3.05E-03
3.758	3.05E-03
3.759	3.05E-03
3.759	3.05E-03
3.76	3.05E-03
3.76	3.05E-03
3.76	3.05E-03
3.761	3.05E-03
3.761	3.06E-03
3.762	3.06E-03
3.763	3.06E-03
3.763	3.06E-03
3.763	3.06E-03
3.764	3.06E-03
3.764	3.06E-03
3.765	3.06E-03
3.766	3.07E-03
3.766	3.07E-03
3.766	3.07E-03
3.767	3.07E-03
3.767	3.07E-03
3.768	3.07E-03
3.769	3.07E-03
3.769	3.07E-03
3.77	3.08E-03
3.77	3.08E-03
3.77	3.08E-03
3.771	3.08E-03
3.772	3.08E-03
3.772	3.08E-03
3.773	3.08E-03
3.773	3.08E-03
3.773	3.09E-03
3.774	3.09E-03
3.774	3.09E-03
3.775	3.09E-03
3.776	3.09E-03
3.776	3.09E-03
3.776	3.09E-03
3.777	3.09E-03
3.777	3.10E-03
3.778	3.10E-03
3.779	3.10E-03
3.779	3.10E-03
3.78	3.10E-03
3.78	3.10E-03
3.78	3.10E-03
3.781	3.10E-03
3.782	3.11E-03
3.782	3.11E-03
3.783	3.11E-03
3.783	3.11E-03
3.783	3.11E-03
3.784	3.11E-03
3.784	3.11E-03
3.785	3.11E-03
3.786	3.12E-03
3.786	3.12E-03
3.786	3.12E-03
3.787	3.12E-03
3.787	3.12E-03
3.788	3.12E-03
3.789	3.12E-03
3.789	3.12E-03
3.789	3.13E-03
3.79	3.13E-03
3.79	3.13E-03
3.791	3.13E-03
3.792	3.13E-03
3.792	3.13E-03
3.793	3.13E-03
3.793	3.13E-03
3.793	3.14E-03
3.794	3.14E-03
3.795	3.14E-03
3.795	3.14E-03
3.796	3.14E-03
3.796	3.14E-03
3.796	3.14E-03
3.797	3.14E-03
3.797	3.15E-03
3.798	3.15E-03
3.799	3.15E-03
3.799	3.15E-03
3.799	3.15E-03
3.8	3.15E-03
3.8	3.15E-03
3.801	3.15E-03
3.802	3.16E-03
3.802	3.16E-03
3.803	3.16E-03
3.803	3.16E-03
3.803	3.16E-03
3.804	3.16E-03
3.805	3.16E-03
3.805	3.16E-03
3.806	3.17E-03
3.806	3.17E-03
3.806	3.17E-03
3.807	3.17E-03
3.807	3.17E-03
3.808	3.17E-03
3.809	3.17E-03
3.809	3.17E-03
3.809	3.18E-03
3.81	3.18E-03
3.81	3.18E-03
3.811	3.18E-03
3.812	3.18E-03
3.812	3.18E-03
3.812	3.18E-03
3.813	3.18E-03
3.813	3.19E-03
3.814	3.19E-03
3.815	3.19E-03
3.815	3.19E-03
3.816	3.19E-03
3.816	3.19E-03
3.816	3.19E-03
3.817	3.19E-03
3.818	3.20E-03
3.818	3.20E-03
3.819	3.20E-03
3.819	3.20E-03
3.819	3.20E-03
3.82	3.20E-03
3.82	3.20E-03
3.821	3.20E-03
3.822	3.21E-03
3.822	3.21E-03
3.822	3.21E-03
3.823	3.21E-03
3.823	3.21E-03
3.824	3.21E-03
3.825	3.21E-03
3.825	3.21E-03
3.826	3.22E-03
3.826	3.22E-03
3.826	3.22E-03
3.827	3.22E-03
3.828	3.22E-03
3.828	3.22E-03
3.829	3.22E-03
3.829	3.22E-03
3.829	3.23E-03
3.83	3.23E-03
3.83	3.23E-03
3.831	3.23E-03
3.832	3.23E-03
3.832	3.23E-03
3.832	3.23E-03
3.833	3.23E-03
3.833	3.24E-03
3.834	3.24E-03
3.835	3.24E-03
3.835	3.24E-03
3.836	3.24E-03
3.836	3.24E-03
3.836	3.24E-03
3.837	3.24E-03
3.838	3.25E-03
3.838	3.25E-03
3.839	3.25E-03
3.839	3.25E-03
3.839	3.25E-03
3.84	3.25E-03
3.841	3.25E-03
3.841	3.25E-03
3.842	3.26E-03
3.842	3.26E-03
3.842	3.26E-03
3.843	3.26E-03
3.843	3.26E-03
3.844	3.26E-03
3.845	3.26E-03
3.845	3.26E-03
3.845	3.27E-03
3.846	3.27E-03
3.846	3.27E-03
3.847	3.27E-03
3.848	3.27E-03
3.848	3.27E-03
3.849	3.27E-03
3.849	3.28E-03
3.849	3.28E-03
3.85	3.28E-03
3.851	3.28E-03
3.851	3.28E-03
3.852	3.28E-03
3.852	3.28E-03
3.852	3.28E-03
3.853	3.29E-03
3.853	3.29E-03
3.854	3.29E-03
3.855	3.29E-03
3.855	3.29E-03
3.855	3.29E-03
3.856	3.29E-03
3.856	3.29E-03
3.857	3.30E-03
3.858	3.30E-03
3.858	3.30E-03
3.859	3.30E-03
3.859	3.30E-03
3.859	3.30E-03
3.86	3.30E-03
3.861	3.30E-03
3.861	3.31E-03
3.862	3.31E-03
3.862	3.31E-03
3.862	3.31E-03
3.863	3.31E-03
3.864	3.31E-03
3.864	3.31E-03
3.865	3.31E-03
3.865	3.32E-03
3.865	3.32E-03
3.866	3.32E-03
3.866	3.32E-03
3.867	3.32E-03
3.868	3.32E-03
3.868	3.32E-03
3.868	3.32E-03
3.869	3.33E-03
3.869	3.33E-03
3.87	3.33E-03
3.871	3.33E-03
3.871	3.33E-03
3.872	3.33E-03
3.872	3.33E-03
3.872	3.34E-03
3.873	3.34E-03
3.874	3.34E-03
3.874	3.34E-03
3.875	3.34E-03
3.875	3.34E-03
3.875	3.34E-03
3.876	3.34E-03
3.876	3.35E-03
3.877	3.35E-03
3.878	3.35E-03
3.878	3.35E-03
3.878	3.35E-03
3.879	3.35E-03
3.879	3.35E-03
3.88	3.35E-03
3.881	3.36E-03
3.881	3.36E-03
3.882	3.36E-03
3.882	3.36E-03
3.882	3.36E-03
3.883	3.36E-03
3.884	3.36E-03
3.884	3.36E-03
3.885	3.37E-03
3.885	3.37E-03
3.885	3.37E-03
3.886	3.37E-03
3.886	3.37E-03
3.887	3.37E-03
3.888	3.37E-03
3.888	3.37E-03
3.888	3.38E-03
3.889	3.38E-03
3.889	3.38E-03
3.89	3.38E-03
3.891	3.38E-03
3.891	3.38E-03
3.891	3.38E-03
3.892	3.39E-03
3.892	3.39E-03
3.893	3.39E-03
3.894	3.39E-03
3.894	3.39E-03
3.895	3.39E-03
3.895	3.39E-03
3.895	3.39E-03
3.896	3.40E-03
3.897	3.40E-03
3.897	3.40E-03
3.898	3.40E-03
3.898	3.40E-03
3.898	3.40E-03
3.899	3.40E-03
3.899	3.40E-03
3.9	3.41E-03
3.901	3.41E-03
3.901	3.41E-03
3.901	3.41E-03
3.902	3.41E-03
3.902	3.41E-03
3.903	3.41E-03
3.904	3.42E-03
3.904	3.42E-03
3.905	3.42E-03
3.905	3.42E-03
3.905	3.42E-03
3.906	3.42E-03
3.907	3.42E-03
3.907	3.42E-03
3.908	3.43E-03
3.908	3.43E-03
3.908	3.43E-03
3.909	3.43E-03
3.909	3.43E-03
3.91	3.43E-03
3.911	3.43E-03
3.911	3.43E-03
3.911	3.44E-03
3.912	3.44E-03
3.912	3.44E-03
3.913	3.44E-03
3.914	3.44E-03
3.914	3.44E-03
3.914	3.44E-03
3.915	3.45E-03
3.915	3.45E-03
3.916	3.45E-03
3.917	3.45E-03
3.917	3.45E-03
3.918	3.45E-03
3.918	3.45E-03
3.918	3.45E-03
3.919	3.46E-03
3.92	3.46E-03
3.92	3.46E-03
3.921	3.46E-03
3.921	3.46E-03
3.921	3.46E-03
3.922	3.46E-03
3.922	3.46E-03
3.923	3.47E-03
3.924	3.47E-03
3.924	3.47E-03
3.924	3.47E-03
3.925	3.47E-03
3.925	3.47E-03
3.926	3.47E-03
3.927	3.48E-03
3.927	3.48E-03
3.928	3.48E-03
3.928	3.48E-03
3.928	3.48E-03
3.929	3.48E-03
3.93	3.48E-03
3.93	3.48E-03
3.931	3.49E-03
3.931	3.49E-03
3.931	3.49E-03
3.932	3.49E-03
3.932	3.49E-03
3.933	3.49E-03
3.934	3.49E-03
3.934	3.49E-03
3.934	3.50E-03
3.935	3.50E-03
3.935	3.50E-03
3.936	3.50E-03
3.937	3.50E-03
3.937	3.50E-03
3.938	3.50E-03
3.938	3.51E-03
3.938	3.51E-03
3.939	3.51E-03
3.94	3.51E-03
3.94	3.51E-03
3.941	3.51E-03
3.941	3.51E-03
3.941	3.51E-03
3.942	3.52E-03
3.943	3.52E-03
3.943	3.52E-03
3.944	3.52E-03
3.944	3.52E-03
3.944	3.52E-03
3.945	3.52E-03
3.945	3.52E-03
3.946	3.53E-03
3.947	3.53E-03
3.947	3.53E-03
3.947	3.53E-03
3.948	3.53E-03
3.948	3.53E-03
3.949	3.53E-03
3.95	3.54E-03
3.95	3.54E-03
3.951	3.54E-03
3.951	3.54E-03
3.951	3.54E-03
3.952	3.54E-03
3.953	3.54E-03
3.953	3.54E-03
3.954	3.55E-03
3.954	3.55E-03
3.954	3.55E-03
3.955	3.55E-03
3.955	3.55E-03
3.956	3.55E-03
3.957	3.55E-03
3.957	3.56E-03
3.957	3.56E-03
3.958	3.56E-03
3.958	3.56E-03
3.959	3.56E-03
3.96	3.56E-03
3.96	3.56E-03
3.961	3.56E-03
3.961	3.57E-03
3.961	3.57E-03
3.962	3.57E-03
3.963	3.57E-03
3.963	3.57E-03
3.964	3.57E-03
3.964	3.57E-03
3.964	3.58E-03
3.965	3.58E-03
3.966	3.58E-03
3.966	3.58E-03
3.967	3.58E-03
3.967	3.58E-03
3.967	3.58E-03
3.968	3.58E-03
3.968	3.59E-03
3.969	3.59E-03
3.97	3.59E-03
3.97	3.59E-03
3.97	3.59E-03
3.971	3.59E-03
3.971	3.59E-03
3.972	3.60E-03
3.973	3.60E-03
3.973	3.60E-03
3.974	3.60E-03
3.974	3.60E-03
3.974	3.60E-03
3.975	3.60E-03
3.976	3.60E-03
3.976	3.61E-03
3.977	3.61E-03
3.977	3.61E-03
3.977	3.61E-03
3.978	3.61E-03
3.978	3.61E-03
3.979	3.61E-03
3.98	3.62E-03
3.98	3.62E-03
3.98	3.62E-03
3.981	3.62E-03
3.981	3.62E-03
3.982	3.62E-03
3.983	3.62E-03
3.983	3.62E-03
3.984	3.63E-03
3.984	3.63E-03
3.984	3.63E-03
3.985	3.63E-03
3.986	3.63E-03
3.986	3.63E-03
3.987	3.63E-03
3.987	3.64E-03
3.987	3.64E-03
3.988	3.64E-03
3.989	3.64E-03
3.989	3.64E-03
3.99	3.64E-03
3.99	3.64E-03
3.99	3.64E-03
3.991	3.65E-03
3.991	3.65E-03
3.992	3.65E-03
3.993	3.65E-03
3.993	3.65E-03
3.993	3.65E-03
3.994	3.65E-03
3.994	3.66E-03
3.995	3.66E-03
3.996	3.66E-03
3.996	3.66E-03
3.997	3.66E-03
3.997	3.66E-03
3.997	3.66E-03
3.998	3.66E-03
3.999	3.67E-03
3.999	3.67E-03
4	3.67E-03
4	3.67E-03
4.001	3.67E-03
4.001	3.67E-03
4.002	3.67E-03
4.002	3.68E-03
4.003	3.68E-03
4.003	3.68E-03
4.003	3.68E-03
4.004	3.68E-03
4.004	3.68E-03
4.005	3.68E-03
4.005	3.68E-03
4.006	3.69E-03
4.006	3.69E-03
4.007	3.69E-03
4.008	3.69E-03
4.008	3.69E-03
4.009	3.69E-03
4.009	3.69E-03
4.01	3.70E-03
4.01	3.70E-03
4.01	3.70E-03
4.011	3.70E-03
4.011	3.70E-03
4.012	3.70E-03
4.012	3.70E-03
4.013	3.70E-03
4.014	3.71E-03
4.014	3.71E-03
4.015	3.71E-03
4.015	3.71E-03
4.016	3.71E-03
4.016	3.71E-03
4.016	3.71E-03
4.017	3.72E-03
4.017	3.72E-03
4.018	3.72E-03
4.018	3.72E-03
4.019	3.72E-03
4.019	3.72E-03
4.02	3.72E-03
4.021	3.73E-03
4.021	3.73E-03
4.022	3.73E-03
4.022	3.73E-03
4.023	3.73E-03
4.023	3.73E-03
4.023	3.73E-03
4.024	3.73E-03
4.024	3.74E-03
4.025	3.74E-03
4.025	3.74E-03
4.026	3.74E-03
4.027	3.74E-03
4.027	3.74E-03
4.028	3.74E-03
4.028	3.75E-03
4.029	3.75E-03
4.029	3.75E-03
4.03	3.75E-03
4.03	3.75E-03
4.03	3.75E-03
4.031	3.75E-03
4.031	3.75E-03
4.032	3.76E-03
4.032	3.76E-03
4.033	3.76E-03
4.034	3.76E-03
4.034	3.76E-03
4.035	3.76E-03
4.035	3.76E-03
4.036	3.77E-03
4.036	3.77E-03
4.036	3.77E-03
4.037	3.77E-03
4.037	3.77E-03
4.038	3.77E-03
4.038	3.77E-03
4.039	3.78E-03
4.04	3.78E-03
4.04	3.78E-03
4.041	3.78E-03
4.041	3.78E-03
4.042	3.78E-03
4.042	3.78E-03
4.043	3.78E-03
4.043	3.79E-03
4.043	3.79E-03
4.044	3.79E-03
4.044	3.79E-03
4.045	3.79E-03
4.045	3.79E-03
4.046	3.79E-03
4.047	3.80E-03
4.047	3.80E-03
4.048	3.80E-03
4.048	3.80E-03
4.049	3.80E-03
4.049	3.80E-03
4.049	3.80E-03
4.05	3.81E-03
4.05	3.81E-03
4.051	3.81E-03
4.051	3.81E-03
4.052	3.81E-03
4.052	3.81E-03
4.053	3.81E-03
4.054	3.81E-03
4.054	3.82E-03
4.055	3.82E-03
4.055	3.82E-03
4.056	3.82E-03
4.056	3.82E-03
4.056	3.82E-03
4.057	3.82E-03
4.057	3.83E-03
4.058	3.83E-03
4.058	3.83E-03
4.059	3.83E-03
4.06	3.83E-03
4.06	3.83E-03
4.061	3.83E-03
4.061	3.84E-03
4.062	3.84E-03
4.062	3.84E-03
4.062	3.84E-03
4.063	3.84E-03
4.063	3.84E-03
4.064	3.84E-03
4.064	3.84E-03
4.065	3.85E-03
4.065	3.85E-03
4.066	3.85E-03
4.067	3.85E-03
4.067	3.85E-03
4.068	3.85E-03
4.068	3.85E-03
4.069	3.86E-03
4.069	3.86E-03
4.069	3.86E-03
4.07	3.86E-03
4.07	3.86E-03
4.071	3.86E-03
4.071	3.86E-03
4.072	3.87E-03
4.073	3.87E-03
4.073	3.87E-03
4.074	3.87E-03
4.074	3.87E-03
4.075	3.87E-03
4.075	3.87E-03
4.076	3.88E-03
4.076	3.88E-03
4.076	3.88E-03
4.077	3.88E-03
4.077	3.88E-03
4.078	3.88E-03
4.078	3.88E-03
4.079	3.88E-03
4.08	3.89E-03
4.08	3.89E-03
4.081	3.89E-03
4.081	3.89E-03
4.082	3.89E-03
4.082	3.89E-03
4.082	3.89E-03
4.083	3.90E-03
4.083	3.90E-03
4.084	3.90E-03
4.084	3.90E-03
4.085	3.90E-03
4.085	3.90E-03
4.086	3.90E-03
4.087	3.91E-03
4.087	3.91E-03
4.088	3.91E-03
4.088	3.91E-03
4.089	3.91E-03
4.089	3.91E-03
4.089	3.91E-03
4.09	3.92E-03
4.09	3.92E-03
4.091	3.92E-03
4.091	3.92E-03
4.092	3.92E-03
4.093	3.92E-03
4.093	3.92E-03
4.094	3.92E-03
4.094	3.93E-03
4.095	3.93E-03
4.095	3.93E-03
4.095	3.93E-03
4.096	3.93E-03
4.096	3.93E-03
4.097	3.93E-03
4.097	3.94E-03
4.098	3.94E-03
4.098	3.94E-03
4.099	3.94E-03
4.1	3.94E-03
4.1	3.94E-03
4.101	3.94E-03
4.101	3.95E-03
4.102	3.95E-03
4.102	3.95E-03
4.102	3.95E-03
4.103	3.95E-03
4.103	3.95E-03
4.104	3.95E-03
4.104	3.96E-03
4.105	3.96E-03
4.106	3.96E-03
4.106	3.96E-03
4.107	3.96E-03
4.107	3.96E-03
4.108	3.96E-03
4.108	3.97E-03
4.109	3.97E-03
4.109	3.97E-03
4.109	3.97E-03
4.11	3.97E-03
4.11	3.97E-03
4.111	3.97E-03
4.111	3.97E-03
4.112	3.98E-03
4.113	3.98E-03
4.113	3.98E-03
4.114	3.98E-03
4.114	3.98E-03
4.115	3.98E-03
4.115	3.98E-03
4.115	3.99E-03
4.116	3.99E-03
4.116	3.99E-03
4.117	3.99E-03
4.117	3.99E-03
4.118	3.99E-03
4.119	3.99E-03
4.119	4.00E-03
4.12	4.00E-03
4.12	4.00E-03
4.121	4.00E-03
4.121	4.00E-03
4.122	4.00E-03
4.122	4.00E-03
4.122	4.01E-03
4.123	4.01E-03
4.123	4.01E-03
4.124	4.01E-03
4.124	4.01E-03
4.125	4.01E-03
4.126	4.01E-03
4.126	4.02E-03
4.127	4.02E-03
4.127	4.02E-03
4.128	4.02E-03
4.128	4.02E-03
4.128	4.02E-03
4.129	4.02E-03
4.129	4.02E-03
4.13	4.03E-03
4.13	4.03E-03
4.131	4.03E-03
4.131	4.03E-03
4.132	4.03E-03
4.133	4.03E-03
4.133	4.03E-03
4.134	4.04E-03
4.134	4.04E-03
4.135	4.04E-03
4.135	4.04E-03
4.135	4.04E-03
4.136	4.04E-03
4.136	4.04E-03
4.137	4.05E-03
4.137	4.05E-03
4.138	4.05E-03
4.139	4.05E-03
4.139	4.05E-03
4.14	4.05E-03
4.14	4.05E-03
4.141	4.06E-03
4.141	4.06E-03
4.141	4.06E-03
4.142	4.06E-03
4.142	4.06E-03
4.143	4.06E-03
4.143	4.06E-03
4.144	4.07E-03
4.144	4.07E-03
4.145	4.07E-03
4.146	4.07E-03
4.146	4.07E-03
4.147	4.07E-03
4.147	4.07E-03
4.148	4.08E-03
4.148	4.08E-03
4.148	4.08E-03
4.149	4.08E-03
4.149	4.08E-03
4.15	4.08E-03
4.15	4.08E-03
4.151	4.09E-03
4.152	4.09E-03
4.152	4.09E-03
4.153	4.09E-03
4.153	4.09E-03
4.154	4.09E-03
4.154	4.09E-03
4.155	4.10E-03
4.155	4.10E-03
4.155	4.10E-03
4.156	4.10E-03
4.156	4.10E-03
4.157	4.10E-03
4.157	4.10E-03
4.158	4.11E-03
4.159	4.11E-03
4.159	4.11E-03
4.16	4.11E-03
4.16	4.11E-03
4.161	4.11E-03
4.161	4.11E-03
4.161	4.12E-03
4.162	4.12E-03
4.162	4.12E-03
4.163	4.12E-03
4.163	4.12E-03
4.164	4.12E-03
4.165	4.12E-03
4.165	4.12E-03
4.166	4.13E-03
4.166	4.13E-03
4.167	4.13E-03
4.167	4.13E-03
4.168	4.13E-03
4.168	4.13E-03
4.168	4.13E-03
4.169	4.14E-03
4.169	4.14E-03
4.17	4.14E-03
4.17	4.14E-03
4.171	4.14E-03
4.172	4.14E-03
4.172	4.14E-03
4.173	4.15E-03
4.173	4.15E-03
4.174	4.15E-03
4.174	4.15E-03
4.174	4.15E-03
4.175	4.15E-03
4.175	4.15E-03
4.176	4.16E-03
4.176	4.16E-03
4.177	4.16E-03
4.177	4.16E-03
4.178	4.16E-03
4.179	4.16E-03
4.179	4.16E-03
4.18	4.17E-03
4.18	4.17E-03
4.181	4.17E-03
4.181	4.17E-03
4.181	4.17E-03
4.182	4.17E-03
4.182	4.17E-03
4.183	4.18E-03
4.183	4.18E-03
4.184	4.18E-03
4.185	4.18E-03
4.185	4.18E-03
4.186	4.18E-03
4.186	4.18E-03
4.187	4.19E-03
4.187	4.19E-03
4.188	4.19E-03
4.188	4.19E-03
4.188	4.19E-03
4.189	4.19E-03
4.189	4.19E-03
4.19	4.20E-03
4.19	4.20E-03
4.191	4.20E-03
4.192	4.20E-03
4.192	4.20E-03
4.193	4.20E-03
4.193	4.20E-03
4.194	4.21E-03
4.194	4.21E-03
4.194	4.21E-03
4.195	4.21E-03
4.195	4.21E-03
4.196	4.21E-03
4.196	4.21E-03
4.197	4.22E-03
4.198	4.22E-03
4.198	4.22E-03
4.199	4.22E-03
4.199	4.22E-03
4.2	4.22E-03
4.2	4.22E-03
4.201	4.23E-03
4.201	4.23E-03
4.201	4.23E-03
4.202	4.23E-03
4.202	4.23E-03
4.203	4.23E-03
4.203	4.23E-03
4.204	4.24E-03
4.205	4.24E-03
4.205	4.24E-03
4.206	4.24E-03
4.206	4.24E-03
4.207	4.24E-03
4.207	4.24E-03
4.207	4.25E-03
4.208	4.25E-03
4.208	4.25E-03
4.209	4.25E-03
4.209	4.25E-03
4.21	4.25E-03
4.21	4.25E-03
4.211	4.26E-03
4.212	4.26E-03
4.212	4.26E-03
4.213	4.26E-03
4.213	4.26E-03
4.214	4.26E-03
4.214	4.26E-03
4.214	4.27E-03
4.215	4.27E-03
4.215	4.27E-03
4.216	4.27E-03
4.216	4.27E-03
4.217	4.27E-03
4.218	4.27E-03
4.218	4.28E-03
4.219	4.28E-03
4.219	4.28E-03
4.22	4.28E-03
4.22	4.28E-03
4.22	4.28E-03
4.221	4.28E-03
4.221	4.29E-03
4.222	4.29E-03
4.222	4.29E-03
4.223	4.29E-03
4.223	4.29E-03
4.224	4.29E-03
4.225	4.29E-03
4.225	4.30E-03
4.226	4.30E-03
4.226	4.30E-03
4.227	4.30E-03
4.227	4.30E-03
4.227	4.30E-03
4.228	4.30E-03
4.228	4.31E-03
4.229	4.31E-03
4.229	4.31E-03
4.23	4.31E-03
4.231	4.31E-03
4.231	4.31E-03
4.232	4.32E-03
4.232	4.32E-03
4.233	4.32E-03
4.233	4.32E-03
4.234	4.32E-03
4.234	4.32E-03
4.234	4.32E-03
4.235	4.33E-03
4.235	4.33E-03
4.236	4.33E-03
4.236	4.33E-03
4.237	4.33E-03
4.238	4.33E-03
4.238	4.33E-03
4.239	4.34E-03
4.239	4.34E-03
4.24	4.34E-03
4.24	4.34E-03
4.24	4.34E-03
4.241	4.34E-03
4.241	4.34E-03
4.242	4.35E-03
4.242	4.35E-03
4.243	4.35E-03
4.244	4.35E-03
4.244	4.35E-03
4.245	4.35E-03
4.245	4.35E-03
4.246	4.36E-03
4.246	4.36E-03
4.247	4.36E-03
4.247	4.36E-03
4.247	4.36E-03
4.248	4.36E-03
4.248	4.36E-03
4.249	4.37E-03
4.249	4.37E-03
4.25	4.37E-03
4.251	4.37E-03
4.251	4.37E-03
4.252	4.37E-03
4.252	4.37E-03
4.253	4.38E-03
4.253	4.38E-03
4.253	4.38E-03
4.254	4.38E-03
4.254	4.38E-03
4.255	4.38E-03
4.255	4.38E-03
4.256	4.39E-03
4.256	4.39E-03
4.257	4.39E-03
4.258	4.39E-03
4.258	4.39E-03
4.259	4.39E-03
4.259	4.39E-03
4.26	4.40E-03
4.26	4.40E-03
4.26	4.40E-03
4.261	4.40E-03
4.261	4.40E-03
4.262	4.40E-03
4.262	4.40E-03
4.263	4.41E-03
4.264	4.41E-03
4.264	4.41E-03
4.265	4.41E-03
4.265	4.41E-03
4.266	4.41E-03
4.266	4.42E-03
4.266	4.42E-03
4.267	4.42E-03
4.267	4.42E-03
4.268	4.42E-03
4.268	4.42E-03
4.269	4.42E-03
4.269	4.43E-03
4.27	4.43E-03
4.271	4.43E-03
4.271	4.43E-03
4.272	4.43E-03
4.272	4.43E-03
4.273	4.43E-03
4.273	4.44E-03
4.273	4.44E-03
4.274	4.44E-03
4.274	4.44E-03
4.275	4.44E-03
4.275	4.44E-03
4.276	4.44E-03
4.277	4.45E-03
4.277	4.45E-03
4.278	4.45E-03
4.278	4.45E-03
4.279	4.45E-03
4.279	4.45E-03
4.28	4.45E-03
4.28	4.46E-03
4.28	4.46E-03
4.281	4.46E-03
4.281	4.46E-03
4.282	4.46E-03
4.282	4.46E-03
4.283	4.46E-03
4.284	4.47E-03
4.284	4.47E-03
4.285	4.47E-03
4.285	4.47E-03
4.286	4.47E-03
4.286	4.47E-03
4.286	4.48E-03
4.287	4.48E-03
4.287	4.48E-03
4.288	4.48E-03
4.288	4.48E-03
4.289	4.48E-03
4.29	4.48E-03
4.29	4.49E-03
4.291	4.49E-03
4.291	4.49E-03
4.292	4.49E-03
4.292	4.49E-03
4.293	4.49E-03
4.293	4.49E-03
4.293	4.50E-03
4.294	4.50E-03
4.294	4.50E-03
4.295	4.50E-03
4.295	4.50E-03
4.296	4.50E-03
4.297	4.50E-03
4.297	4.51E-03
4.298	4.51E-03
4.298	4.51E-03
4.299	4.51E-03
4.299	4.51E-03
4.299	4.51E-03
4.3	4.51E-03
4.3	4.52E-03
4.301	4.52E-03
4.301	4.52E-03
4.302	4.52E-03
4.302	4.52E-03
4.303	4.52E-03
4.304	4.53E-03
4.304	4.53E-03
4.305	4.53E-03
4.305	4.53E-03
4.306	4.53E-03
4.306	4.53E-03
4.306	4.53E-03
4.307	4.54E-03
4.307	4.54E-03
4.308	4.54E-03
4.308	4.54E-03
4.309	4.54E-03
4.31	4.54E-03
4.31	4.54E-03
4.311	4.55E-03
4.311	4.55E-03
4.312	4.55E-03
4.312	4.55E-03
4.312	4.55E-03
4.313	4.55E-03
4.313	4.55E-03
4.314	4.56E-03
4.314	4.56E-03
4.315	4.56E-03
4.315	4.56E-03
4.316	4.56E-03
4.317	4.56E-03
4.317	4.56E-03
4.318	4.57E-03
4.318	4.57E-03
4.319	4.57E-03
4.319	4.57E-03
4.319	4.57E-03
4.32	4.57E-03
4.32	4.58E-03
4.321	4.58E-03
4.321	4.58E-03
4.322	4.58E-03
4.323	4.58E-03
4.323	4.58E-03
4.324	4.58E-03
4.324	4.59E-03
4.325	4.59E-03
4.325	4.59E-03
4.326	4.59E-03
4.326	4.59E-03
4.326	4.59E-03
4.327	4.59E-03
4.327	4.60E-03
4.328	4.60E-03
4.328	4.60E-03
4.329	4.60E-03
4.33	4.60E-03
4.33	4.60E-03
4.331	4.60E-03
4.331	4.61E-03
4.332	4.61E-03
4.332	4.61E-03
4.332	4.61E-03
4.333	4.61E-03
4.333	4.61E-03
4.334	4.62E-03
4.334	4.62E-03
4.335	4.62E-03
4.335	4.62E-03
4.336	4.62E-03
4.337	4.62E-03
4.337	4.62E-03
4.338	4.63E-03
4.338	4.63E-03
4.339	4.63E-03
4.339	4.63E-03
4.339	4.63E-03
4.34	4.63E-03
4.34	4.63E-03
4.341	4.64E-03
4.341	4.64E-03
4.342	4.64E-03
4.343	4.64E-03
4.343	4.64E-03
4.344	4.64E-03
4.344	4.65E-03
4.345	4.65E-03
4.345	4.65E-03
4.345	4.65E-03
4.346	4.65E-03
4.346	4.65E-03
4.347	4.65E-03
4.347	4.66E-03
4.348	4.66E-03
4.348	4.66E-03
4.349	4.66E-03
4.35	4.66E-03
4.35	4.66E-03
4.351	4.66E-03
4.351	4.67E-03
4.352	4.67E-03
4.352	4.67E-03
4.352	4.67E-03
4.353	4.67E-03
4.353	4.67E-03
4.354	4.68E-03
4.354	4.68E-03
4.355	4.68E-03
4.356	4.68E-03
4.356	4.68E-03
4.357	4.68E-03
4.357	4.68E-03
4.358	4.69E-03
4.358	4.69E-03
4.359	4.69E-03
4.359	4.69E-03
4.359	4.69E-03
4.36	4.69E-03
4.36	4.69E-03
4.361	4.70E-03
4.361	4.70E-03
4.362	4.70E-03
4.363	4.70E-03
4.363	4.70E-03
4.364	4.70E-03
4.364	4.70E-03
4.365	4.71E-03
4.365	4.71E-03
4.365	4.71E-03
4.366	4.71E-03
4.366	4.71E-03
4.367	4.71E-03
4.367	4.72E-03
4.368	4.72E-03
4.369	4.72E-03
4.369	4.72E-03
4.37	4.72E-03
4.37	4.72E-03
4.371	4.72E-03
4.371	4.73E-03
4.372	4.73E-03
4.372	4.73E-03
4.372	4.73E-03
4.373	4.73E-03
4.373	4.73E-03
4.374	4.73E-03
4.374	4.74E-03
4.375	4.74E-03
4.376	4.74E-03
4.376	4.74E-03
4.377	4.74E-03
4.377	4.74E-03
4.378	4.75E-03
4.378	4.75E-03
4.378	4.75E-03
4.379	4.75E-03
4.379	4.75E-03
4.38	4.75E-03
4.38	4.75E-03
4.381	4.76E-03
4.381	4.76E-03
4.382	4.76E-03
4.383	4.76E-03
4.383	4.76E-03
4.384	4.76E-03
4.384	4.77E-03
4.385	4.77E-03
4.385	4.77E-03
4.385	4.77E-03
4.386	4.77E-03
4.386	4.77E-03
4.387	4.77E-03
4.387	4.78E-03
4.388	4.78E-03
4.389	4.78E-03
4.389	4.78E-03
4.39	4.78E-03
4.39	4.78E-03
4.391	4.78E-03
4.391	4.79E-03
4.391	4.79E-03
4.392	4.79E-03
4.392	4.79E-03
4.393	4.79E-03
4.393	4.79E-03
4.394	4.80E-03
4.394	4.80E-03
4.395	4.80E-03
4.396	4.80E-03
4.396	4.80E-03
4.397	4.80E-03
4.397	4.80E-03
4.398	4.81E-03
4.398	4.81E-03
4.398	4.81E-03
4.399	4.81E-03
4.399	4.81E-03
4.4	4.81E-03
4.4	4.81E-03
4.401	4.82E-03
4.402	4.82E-03
4.402	4.82E-03
4.403	4.82E-03
4.403	4.82E-03
4.404	4.82E-03
4.404	4.83E-03
4.405	4.83E-03
4.405	4.83E-03
4.405	4.83E-03
4.406	4.83E-03
4.406	4.83E-03
4.407	4.83E-03
4.407	4.84E-03
4.408	4.84E-03
4.409	4.84E-03
4.409	4.84E-03
4.41	4.84E-03
4.41	4.84E-03
4.411	4.85E-03
4.411	4.85E-03
4.411	4.85E-03
4.412	4.85E-03
4.412	4.85E-03
4.413	4.85E-03
4.413	4.85E-03
4.414	4.86E-03
4.415	4.86E-03
4.415	4.86E-03
4.416	4.86E-03
4.416	4.86E-03
4.417	4.86E-03
4.417	4.86E-03
4.418	4.87E-03
4.418	4.87E-03
4.418	4.87E-03
4.419	4.87E-03
4.419	4.87E-03
4.42	4.87E-03
4.42	4.88E-03
4.421	4.88E-03
4.422	4.88E-03
4.422	4.88E-03
4.423	4.88E-03
4.423	4.88E-03
4.424	4.88E-03
4.424	4.89E-03
4.424	4.89E-03
4.425	4.89E-03
4.425	4.89E-03
4.426	4.89E-03
4.426	4.89E-03
4.427	4.90E-03
4.427	4.90E-03
4.428	4.90E-03
4.429	4.90E-03
4.429	4.90E-03
4.43	4.90E-03
4.43	4.90E-03
4.431	4.91E-03
4.431	4.91E-03
4.431	4.91E-03
4.432	4.91E-03
4.432	4.91E-03
4.433	4.91E-03
4.433	4.92E-03
4.434	4.92E-03
4.435	4.92E-03
4.435	4.92E-03
4.436	4.92E-03
4.436	4.92E-03
4.437	4.92E-03
4.437	4.93E-03
4.438	4.93E-03
4.438	4.93E-03
4.438	4.93E-03
4.439	4.93E-03
4.439	4.93E-03
4.44	4.94E-03
4.44	4.94E-03
4.441	4.94E-03
4.442	4.94E-03
4.442	4.94E-03
4.443	4.94E-03
4.443	4.94E-03
4.444	4.95E-03
4.444	4.95E-03
4.444	4.95E-03
4.445	4.95E-03
4.445	4.95E-03
4.446	4.95E-03
4.446	4.96E-03
4.447	4.96E-03
4.448	4.96E-03
4.448	4.96E-03
4.449	4.96E-03
4.449	4.96E-03
4.45	4.96E-03
4.45	4.97E-03
4.451	4.97E-03
4.451	4.97E-03
4.451	4.97E-03
4.452	4.97E-03
4.452	4.97E-03
4.453	4.97E-03
4.453	4.98E-03
4.454	4.98E-03
4.455	4.98E-03
4.455	4.98E-03
4.456	4.98E-03
4.456	4.98E-03
4.457	4.99E-03
4.457	4.99E-03
4.457	4.99E-03
4.458	4.99E-03
4.458	4.99E-03
4.459	4.99E-03
4.459	4.99E-03
4.46	5.00E-03
4.46	5.00E-03
4.461	5.00E-03
4.462	5.00E-03
4.462	5.00E-03
4.463	5.00E-03
4.463	5.01E-03
4.464	5.01E-03
4.464	5.01E-03
4.464	5.01E-03
4.465	5.01E-03
4.465	5.01E-03
4.466	5.01E-03
4.466	5.02E-03
4.467	5.02E-03
4.468	5.02E-03
4.468	5.02E-03
4.469	5.02E-03
4.469	5.02E-03
4.47	5.03E-03
4.47	5.03E-03
4.47	5.03E-03
4.471	5.03E-03
4.471	5.03E-03
4.472	5.03E-03
4.472	5.03E-03
4.473	5.04E-03
4.473	5.04E-03
4.474	5.04E-03
4.475	5.04E-03
4.475	5.04E-03
4.476	5.04E-03
4.476	5.05E-03
4.477	5.05E-03
4.477	5.05E-03
4.477	5.05E-03
4.478	5.05E-03
4.478	5.05E-03
4.479	5.06E-03
4.479	5.06E-03
4.48	5.06E-03
4.481	5.06E-03
4.481	5.06E-03
4.482	5.06E-03
4.482	5.06E-03
4.483	5.07E-03
4.483	5.07E-03
4.484	5.07E-03
4.484	5.07E-03
4.484	5.07E-03
4.485	5.07E-03
4.485	5.08E-03
4.486	5.08E-03
4.486	5.08E-03
4.487	5.08E-03
4.488	5.08E-03
4.488	5.08E-03
4.489	5.08E-03
4.489	5.09E-03
4.49	5.09E-03
4.49	5.09E-03
4.49	5.09E-03
4.491	5.09E-03
4.491	5.09E-03
4.492	5.10E-03
4.492	5.10E-03
4.493	5.10E-03
4.494	5.10E-03
4.494	5.10E-03
4.495	5.10E-03
4.495	5.10E-03
4.496	5.11E-03
4.496	5.11E-03
4.497	5.11E-03
4.497	5.11E-03
4.497	5.11E-03
4.498	5.11E-03
4.498	5.12E-03
4.499	5.12E-03
4.499	5.12E-03
4.5	5.12E-03
4.501	5.12E-03
4.501	5.12E-03
4.502	5.12E-03
4.502	5.13E-03
4.503	5.13E-03
4.503	5.13E-03
4.503	5.13E-03
4.504	5.13E-03
4.504	5.13E-03
4.505	5.14E-03
4.505	5.14E-03
4.506	5.14E-03
4.506	5.14E-03
4.507	5.14E-03
4.508	5.14E-03
4.508	5.14E-03
4.509	5.15E-03
4.509	5.15E-03
4.51	5.15E-03
4.51	5.15E-03
4.51	5.15E-03
4.511	5.15E-03
4.511	5.16E-03
4.512	5.16E-03
4.512	5.16E-03
4.513	5.16E-03
4.514	5.16E-03
4.514	5.16E-03
4.515	5.17E-03
4.515	5.17E-03
4.516	5.17E-03
4.516	5.17E-03
4.516	5.17E-03
4.517	5.17E-03
4.517	5.17E-03
4.518	5.18E-03
4.518	5.18E-03
4.519	5.18E-03
4.519	5.18E-03
4.52	5.18E-03
4.521	5.18E-03
4.521	5.19E-03
4.522	5.19E-03
4.522	5.19E-03
4.523	5.19E-03
4.523	5.19E-03
4.523	5.19E-03
4.524	5.19E-03
4.524	5.20E-03
4.525	5.20E-03
4.525	5.20E-03
4.526	5.20E-03
4.527	5.20E-03
4.527	5.20E-03
4.528	5.21E-03
4.528	5.21E-03
4.529	5.21E-03
4.529	5.21E-03
4.53	5.21E-03
4.53	5.21E-03
4.53	5.22E-03
4.531	5.22E-03
4.531	5.22E-03
4.532	5.22E-03
4.532	5.22E-03
4.533	5.22E-03
4.534	5.22E-03
4.534	5.23E-03
4.535	5.23E-03
4.535	5.23E-03
4.536	5.23E-03
4.536	5.23E-03
4.536	5.23E-03
4.537	5.24E-03
4.537	5.24E-03
4.538	5.24E-03
4.538	5.24E-03
4.539	5.24E-03
4.54	5.24E-03
4.54	5.24E-03
4.541	5.25E-03
4.541	5.25E-03
4.542	5.25E-03
4.542	5.25E-03
4.543	5.25E-03
4.543	5.25E-03
4.543	5.26E-03
4.544	5.26E-03
4.544	5.26E-03
4.545	5.26E-03
4.545	5.26E-03
4.546	5.26E-03
4.547	5.27E-03
4.547	5.27E-03
4.548	5.27E-03
4.548	5.27E-03
4.549	5.27E-03
4.549	5.27E-03
4.549	5.27E-03
4.55	5.28E-03
4.55	5.28E-03
4.551	5.28E-03
4.551	5.28E-03
4.552	5.28E-03
4.552	5.28E-03
4.553	5.29E-03
4.554	5.29E-03
4.554	5.29E-03
4.555	5.29E-03
4.555	5.29E-03
4.556	5.29E-03
4.556	5.30E-03
4.556	5.30E-03
4.557	5.30E-03
4.557	5.30E-03
4.558	5.30E-03
4.558	5.30E-03
4.559	5.30E-03
4.56	5.31E-03
4.56	5.31E-03
4.561	5.31E-03
4.561	5.31E-03
4.562	5.31E-03
4.562	5.31E-03
4.562	5.32E-03
4.563	5.32E-03
4.563	5.32E-03
4.564	5.32E-03
4.564	5.32E-03
4.565	5.32E-03
4.565	5.33E-03
4.566	5.33E-03
4.567	5.33E-03
4.567	5.33E-03
4.568	5.33E-03
4.568	5.33E-03
4.569	5.33E-03
4.569	5.34E-03
4.569	5.34E-03
4.57	5.34E-03
4.57	5.34E-03
4.571	5.34E-03
4.571	5.34E-03
4.572	5.35E-03
4.573	5.35E-03
4.573	5.35E-03
4.574	5.35E-03
4.574	5.35E-03
4.575	5.35E-03
4.575	5.36E-03
4.576	5.36E-03
4.576	5.36E-03
4.576	5.36E-03
4.577	5.36E-03
4.577	5.36E-03
4.578	5.36E-03
4.578	5.37E-03
4.579	5.37E-03
4.58	5.37E-03
4.58	5.37E-03
4.581	5.37E-03
4.581	5.37E-03
4.582	5.38E-03
4.582	5.38E-03
4.582	5.38E-03
4.583	5.38E-03
4.583	5.38E-03
4.584	5.38E-03
4.584	5.39E-03
4.585	5.39E-03
4.585	5.39E-03
4.586	5.39E-03
4.587	5.39E-03
4.587	5.39E-03
4.588	5.39E-03
4.588	5.40E-03
4.589	5.40E-03
4.589	5.40E-03
4.589	5.40E-03
4.59	5.40E-03
4.59	5.40E-03
4.591	5.41E-03
4.591	5.41E-03
4.592	5.41E-03
4.593	5.41E-03
4.593	5.41E-03
4.594	5.41E-03
4.594	5.42E-03
4.595	5.42E-03
4.595	5.42E-03
4.595	5.42E-03
4.596	5.42E-03
4.596	5.42E-03
4.597	5.43E-03
4.597	5.43E-03
4.598	5.43E-03
4.598	5.43E-03
4.599	5.43E-03
4.6	5.43E-03
4.6	5.43E-03
4.601	5.44E-03
4.601	5.44E-03
4.602	5.44E-03
4.602	5.44E-03
4.602	5.44E-03
4.603	5.44E-03
4.603	5.45E-03
4.604	5.45E-03
4.604	5.45E-03
4.605	5.45E-03
4.606	5.45E-03
4.606	5.45E-03
4.607	5.46E-03
4.607	5.46E-03
4.608	5.46E-03
4.608	5.46E-03
4.609	5.46E-03
4.609	5.46E-03
4.609	5.46E-03
4.61	5.47E-03
4.61	5.47E-03
4.611	5.47E-03
4.611	5.47E-03
4.612	5.47E-03
4.613	5.47E-03
4.613	5.48E-03
4.614	5.48E-03
4.614	5.48E-03
4.615	5.48E-03
4.615	5.48E-03
4.615	5.48E-03
4.616	5.49E-03
4.616	5.49E-03
4.617	5.49E-03
4.617	5.49E-03
4.618	5.49E-03
4.619	5.49E-03
4.619	5.50E-03
4.62	5.50E-03
4.62	5.50E-03
4.621	5.50E-03
4.621	5.50E-03
4.622	5.50E-03
4.622	5.50E-03
4.622	5.51E-03
4.623	5.51E-03
4.623	5.51E-03
4.624	5.51E-03
4.624	5.51E-03
4.625	5.51E-03
4.626	5.52E-03
4.626	5.52E-03
4.627	5.52E-03
4.627	5.52E-03
4.628	5.52E-03
4.628	5.52E-03
4.628	5.53E-03
4.629	5.53E-03
4.629	5.53E-03
4.63	5.53E-03
4.63	5.53E-03
4.631	5.53E-03
4.631	5.54E-03
4.632	5.54E-03
4.633	5.54E-03
4.633	5.54E-03
4.634	5.54E-03
4.634	5.54E-03
4.635	5.54E-03
4.635	5.55E-03
4.635	5.55E-03
4.636	5.55E-03
4.636	5.55E-03
4.637	5.55E-03
4.637	5.55E-03
4.638	5.56E-03
4.639	5.56E-03
4.639	5.56E-03
4.64	5.56E-03
4.64	5.56E-03
4.641	5.56E-03
4.641	5.57E-03
4.641	5.57E-03
4.642	5.57E-03
4.642	5.57E-03
4.643	5.57E-03
4.643	5.57E-03
4.644	5.58E-03
4.644	5.58E-03
4.645	5.58E-03
4.646	5.58E-03
4.646	5.58E-03
4.647	5.58E-03
4.647	5.59E-03
4.648	5.59E-03
4.648	5.59E-03
4.648	5.59E-03
4.649	5.59E-03
4.649	5.59E-03
4.65	5.59E-03
4.65	5.60E-03
4.651	5.60E-03
4.652	5.60E-03
4.652	5.60E-03
4.653	5.60E-03
4.653	5.60E-03
4.654	5.61E-03
4.654	5.61E-03
4.655	5.61E-03
4.655	5.61E-03
4.655	5.61E-03
4.656	5.61E-03
4.656	5.62E-03
4.657	5.62E-03
4.657	5.62E-03
4.658	5.62E-03
4.659	5.62E-03
4.659	5.62E-03
4.66	5.63E-03
4.66	5.63E-03
4.661	5.63E-03
4.661	5.63E-03
4.661	5.63E-03
4.662	5.63E-03
4.662	5.64E-03
4.663	5.64E-03
4.663	5.64E-03
4.664	5.64E-03
4.665	5.64E-03
4.665	5.64E-03
4.666	5.64E-03
4.666	5.65E-03
4.667	5.65E-03
4.667	5.65E-03
4.668	5.65E-03
4.668	5.65E-03
4.668	5.65E-03
4.669	5.66E-03
4.669	5.66E-03
4.67	5.66E-03
4.67	5.66E-03
4.671	5.66E-03
4.672	5.66E-03
4.672	5.67E-03
4.673	5.67E-03
4.673	5.67E-03
4.674	5.67E-03
4.674	5.67E-03
4.674	5.67E-03
4.675	5.68E-03
4.675	5.68E-03
4.676	5.68E-03
4.676	5.68E-03
4.677	5.68E-03
4.677	5.68E-03
4.678	5.69E-03
4.679	5.69E-03
4.679	5.69E-03
4.68	5.69E-03
4.68	5.69E-03
4.681	5.69E-03
4.681	5.69E-03
4.681	5.70E-03
4.682	5.70E-03
4.682	5.70E-03
4.683	5.70E-03
4.683	5.70E-03
4.684	5.70E-03
4.685	5.71E-03
4.685	5.71E-03
4.686	5.71E-03
4.686	5.71E-03
4.687	5.71E-03
4.687	5.71E-03
4.688	5.72E-03
4.688	5.72E-03
4.688	5.72E-03
4.689	5.72E-03
4.689	5.72E-03
4.69	5.72E-03
4.69	5.73E-03
4.691	5.73E-03
4.692	5.73E-03
4.692	5.73E-03
4.693	5.73E-03
4.693	5.73E-03
4.694	5.74E-03
4.694	5.74E-03
4.694	5.74E-03
4.695	5.74E-03
4.695	5.74E-03
4.696	5.74E-03
4.696	5.75E-03
4.697	5.75E-03
4.698	5.75E-03
4.698	5.75E-03
4.699	5.75E-03
4.699	5.75E-03
4.7	5.76E-03
4.7	5.76E-03
4.701	5.76E-03
4.701	5.76E-03
4.701	5.76E-03
4.702	5.76E-03
4.702	5.76E-03
4.703	5.77E-03
4.703	5.77E-03
4.704	5.77E-03
4.705	5.77E-03
4.705	5.77E-03
4.706	5.77E-03
4.706	5.78E-03
4.707	5.78E-03
4.707	5.78E-03
4.707	5.78E-03
4.708	5.78E-03
4.708	5.78E-03
4.709	5.79E-03
4.709	5.79E-03
4.71	5.79E-03
4.71	5.79E-03
4.711	5.79E-03
4.712	5.79E-03
4.712	5.80E-03
4.713	5.80E-03
4.713	5.80E-03
4.714	5.80E-03
4.714	5.80E-03
4.714	5.80E-03
4.715	5.81E-03
4.715	5.81E-03
4.716	5.81E-03
4.716	5.81E-03
4.717	5.81E-03
4.718	5.81E-03
4.718	5.82E-03
4.719	5.82E-03
4.719	5.82E-03
4.72	5.82E-03
4.72	5.82E-03
4.72	5.82E-03
4.721	5.83E-03
4.721	5.83E-03
4.722	5.83E-03
4.722	5.83E-03
4.723	5.83E-03
4.723	5.83E-03
4.724	5.84E-03
4.725	5.84E-03
4.725	5.84E-03
4.726	5.84E-03
4.726	5.84E-03
4.727	5.84E-03
4.727	5.84E-03
4.727	5.85E-03
4.728	5.85E-03
4.728	5.85E-03
4.729	5.85E-03
4.729	5.85E-03
4.73	5.85E-03
4.731	5.86E-03
4.731	5.86E-03
4.732	5.86E-03
4.732	5.86E-03
4.733	5.86E-03
4.733	5.86E-03
4.734	5.87E-03
4.734	5.87E-03
4.734	5.87E-03
4.735	5.87E-03
4.735	5.87E-03
4.736	5.87E-03
4.736	5.88E-03
4.737	5.88E-03
4.738	5.88E-03
4.738	5.88E-03
4.739	5.88E-03
4.739	5.88E-03
4.74	5.89E-03
4.74	5.89E-03
4.74	5.89E-03
4.741	5.89E-03
4.741	5.89E-03
4.742	5.89E-03
4.742	5.90E-03
4.743	5.90E-03
4.744	5.90E-03
4.744	5.90E-03
4.745	5.90E-03
4.745	5.90E-03
4.746	5.91E-03
4.746	5.91E-03
4.747	5.91E-03
4.747	5.91E-03
4.747	5.91E-03
4.748	5.91E-03
4.748	5.92E-03
4.749	5.92E-03
4.749	5.92E-03
4.75	5.92E-03
4.751	5.92E-03
4.751	5.92E-03
4.752	5.93E-03
4.752	5.93E-03
4.753	5.93E-03
4.753	5.93E-03
4.753	5.93E-03
4.754	5.93E-03
4.754	5.94E-03
4.755	5.94E-03
4.755	5.94E-03
4.756	5.94E-03
4.756	5.94E-03
4.757	5.94E-03
4.758	5.95E-03
4.758	5.95E-03
4.759	5.95E-03
4.759	5.95E-03
4.76	5.95E-03
4.76	5.95E-03
4.76	5.95E-03
4.761	5.96E-03
4.761	5.96E-03
4.762	5.96E-03
4.762	5.96E-03
4.763	5.96E-03
4.764	5.96E-03
4.764	5.97E-03
4.765	5.97E-03
4.765	5.97E-03
4.766	5.97E-03
4.766	5.97E-03
4.766	5.97E-03
4.767	5.98E-03
4.767	5.98E-03
4.768	5.98E-03
4.768	5.98E-03
4.769	5.98E-03
4.769	5.98E-03
4.77	5.99E-03
4.771	5.99E-03
4.771	5.99E-03
4.772	5.99E-03
4.772	5.99E-03
4.773	5.99E-03
4.773	6.00E-03
4.773	6.00E-03
4.774	6.00E-03
4.774	6.00E-03
4.775	6.00E-03
4.775	6.00E-03
4.776	6.01E-03
4.777	6.01E-03
4.777	6.01E-03
4.778	6.01E-03
4.778	6.01E-03
4.779	6.01E-03
4.779	6.02E-03
4.78	6.02E-03
4.78	6.02E-03
4.78	6.02E-03
4.781	6.02E-03
4.781	6.02E-03
4.782	6.03E-03
4.782	6.03E-03
4.783	6.03E-03
4.784	6.03E-03
4.784	6.03E-03
4.785	6.03E-03
4.785	6.04E-03
4.786	6.04E-03
4.786	6.04E-03
4.786	6.04E-03
4.787	6.04E-03
4.787	6.04E-03
4.788	6.05E-03
4.788	6.05E-03
4.789	6.05E-03
4.79	6.05E-03
4.79	6.05E-03
4.791	6.05E-03
4.791	6.06E-03
4.792	6.06E-03
4.792	6.06E-03
4.793	6.06E-03
4.793	6.06E-03
4.793	6.06E-03
4.794	6.07E-03
4.794	6.07E-03
4.795	6.07E-03
4.795	6.07E-03
4.796	6.07E-03
4.797	6.07E-03
4.797	6.08E-03
4.798	6.08E-03
4.798	6.08E-03
4.799	6.08E-03
4.799	6.08E-03
4.799	6.08E-03
4.8	6.09E-03
4.8	6.09E-03
4.801	6.09E-03
4.801	6.09E-03
4.802	6.09E-03
4.802	6.09E-03
4.803	6.10E-03
4.804	6.10E-03
4.804	6.10E-03
4.805	6.10E-03
4.805	6.10E-03
4.806	6.10E-03
4.806	6.11E-03
4.806	6.11E-03
4.807	6.11E-03
4.807	6.11E-03
4.808	6.11E-03
4.808	6.11E-03
4.809	6.12E-03
4.81	6.12E-03
4.81	6.12E-03
4.811	6.12E-03
4.811	6.12E-03
4.812	6.12E-03
4.812	6.13E-03
4.812	6.13E-03
4.813	6.13E-03
4.813	6.13E-03
4.814	6.13E-03
4.814	6.13E-03
4.815	6.14E-03
4.815	6.14E-03
4.816	6.14E-03
4.817	6.14E-03
4.817	6.14E-03
4.818	6.14E-03
4.818	6.15E-03
4.819	6.15E-03
4.819	6.15E-03
4.819	6.15E-03
4.82	6.15E-03
4.82	6.15E-03
4.821	6.16E-03
4.821	6.16E-03
4.822	6.16E-03
4.823	6.16E-03
4.823	6.16E-03
4.824	6.16E-03
4.824	6.17E-03
4.825	6.17E-03
4.825	6.17E-03
4.826	6.17E-03
4.826	6.17E-03
4.826	6.17E-03
4.827	6.18E-03
4.827	6.18E-03
4.828	6.18E-03
4.828	6.18E-03
4.829	6.18E-03
4.83	6.18E-03
4.83	6.19E-03
4.831	6.19E-03
4.831	6.19E-03
4.832	6.19E-03
4.832	6.19E-03
4.832	6.19E-03
4.833	6.20E-03
4.833	6.20E-03
4.834	6.20E-03
4.834	6.20E-03
4.835	6.20E-03
4.835	6.20E-03
4.836	6.21E-03
4.837	6.21E-03
4.837	6.21E-03
4.838	6.21E-03
4.838	6.21E-03
4.839	6.21E-03
4.839	6.22E-03
4.839	6.22E-03
4.84	6.22E-03
4.84	6.22E-03
4.841	6.22E-03
4.841	6.22E-03
4.842	6.23E-03
4.843	6.23E-03
4.843	6.23E-03
4.844	6.23E-03
4.844	6.23E-03
4.845	6.23E-03
4.845	6.24E-03
4.845	6.24E-03
4.846	6.24E-03
4.846	6.24E-03
4.847	6.24E-03
4.847	6.24E-03
4.848	6.25E-03
4.848	6.25E-03
4.849	6.25E-03
4.85	6.25E-03
4.85	6.25E-03
4.851	6.25E-03
4.851	6.26E-03
4.852	6.26E-03
4.852	6.26E-03
4.852	6.26E-03
4.853	6.26E-03
4.853	6.26E-03
4.854	6.27E-03
4.854	6.27E-03
4.855	6.27E-03
4.856	6.27E-03
4.856	6.27E-03
4.857	6.27E-03
4.857	6.28E-03
4.858	6.28E-03
4.858	6.28E-03
4.859	6.28E-03
4.859	6.28E-03
4.859	6.29E-03
4.86	6.29E-03
4.86	6.29E-03
4.861	6.29E-03
4.861	6.29E-03
4.862	6.29E-03
4.863	6.30E-03
4.863	6.30E-03
4.864	6.30E-03
4.864	6.30E-03
4.865	6.30E-03
4.865	6.30E-03
4.865	6.31E-03
4.866	6.31E-03
4.866	6.31E-03
4.867	6.31E-03
4.867	6.31E-03
4.868	6.31E-03
4.869	6.32E-03
4.869	6.32E-03
4.87	6.32E-03
4.87	6.32E-03
4.871	6.32E-03
4.871	6.32E-03
4.872	6.33E-03
4.872	6.33E-03
4.872	6.33E-03
4.873	6.33E-03
4.873	6.33E-03
4.874	6.33E-03
4.874	6.34E-03
4.875	6.34E-03
4.876	6.34E-03
4.876	6.34E-03
4.877	6.34E-03
4.877	6.34E-03
4.878	6.35E-03
4.878	6.35E-03
4.878	6.35E-03
4.879	6.35E-03
4.879	6.35E-03
4.88	6.35E-03
4.88	6.36E-03
4.881	6.36E-03
4.881	6.36E-03
4.882	6.36E-03
4.883	6.36E-03
4.883	6.36E-03
4.884	6.37E-03
4.884	6.37E-03
4.885	6.37E-03
4.885	6.37E-03
4.885	6.37E-03
4.886	6.37E-03
4.886	6.38E-03
4.887	6.38E-03
4.887	6.38E-03
4.888	6.38E-03
4.889	6.38E-03
4.889	6.38E-03
4.89	6.39E-03
4.89	6.39E-03
4.891	6.39E-03
4.891	6.39E-03
4.891	6.39E-03
4.892	6.39E-03
4.892	6.40E-03
4.893	6.40E-03
4.893	6.40E-03
4.894	6.40E-03
4.894	6.40E-03
4.895	6.41E-03
4.896	6.41E-03
4.896	6.41E-03
4.897	6.41E-03
4.897	6.41E-03
4.898	6.41E-03
4.898	6.42E-03
4.898	6.42E-03
4.899	6.42E-03
4.899	6.42E-03
4.9	6.42E-03
4.9	6.42E-03
4.901	6.43E-03
4.902	6.43E-03
4.902	6.43E-03
4.903	6.43E-03
4.903	6.43E-03
4.904	6.43E-03
4.904	6.44E-03
4.905	6.44E-03
4.905	6.44E-03
4.905	6.44E-03
4.906	6.44E-03
4.906	6.44E-03
4.907	6.45E-03
4.907	6.45E-03
4.908	6.45E-03
4.909	6.45E-03
4.909	6.45E-03
4.91	6.45E-03
4.91	6.46E-03
4.911	6.46E-03
4.911	6.46E-03
4.911	6.46E-03
4.912	6.46E-03
4.912	6.46E-03
4.913	6.47E-03
4.913	6.47E-03
4.914	6.47E-03
4.915	6.47E-03
4.915	6.47E-03
4.916	6.47E-03
4.916	6.48E-03
4.917	6.48E-03
4.917	6.48E-03
4.918	6.48E-03
4.918	6.48E-03
4.918	6.48E-03
4.919	6.49E-03
4.919	6.49E-03
4.92	6.49E-03
4.92	6.49E-03
4.921	6.49E-03
4.922	6.50E-03
4.922	6.50E-03
4.923	6.50E-03
4.923	6.50E-03
4.924	6.50E-03
4.924	6.50E-03
4.924	6.51E-03
4.925	6.51E-03
4.925	6.51E-03
4.926	6.51E-03
4.926	6.51E-03
4.927	6.51E-03
4.927	6.52E-03
4.928	6.52E-03
4.929	6.52E-03
4.929	6.52E-03
4.93	6.52E-03
4.93	6.52E-03
4.931	6.53E-03
4.931	6.53E-03
4.931	6.53E-03
4.932	6.53E-03
4.932	6.53E-03
4.933	6.53E-03
4.933	6.54E-03
4.934	6.54E-03
4.935	6.54E-03
4.935	6.54E-03
4.936	6.54E-03
4.936	6.54E-03
4.937	6.55E-03
4.937	6.55E-03
4.938	6.55E-03
4.938	6.55E-03
4.938	6.55E-03
4.939	6.55E-03
4.939	6.56E-03
4.94	6.56E-03
4.94	6.56E-03
4.941	6.56E-03
4.942	6.56E-03
4.942	6.57E-03
4.943	6.57E-03
4.943	6.57E-03
4.944	6.57E-03
4.944	6.57E-03
4.944	6.57E-03
4.945	6.58E-03
4.945	6.58E-03
4.946	6.58E-03
4.946	6.58E-03
4.947	6.58E-03
4.948	6.58E-03
4.948	6.59E-03
4.949	6.59E-03
4.949	6.59E-03
4.95	6.59E-03
4.95	6.59E-03
4.951	6.59E-03
4.951	6.60E-03
4.951	6.60E-03
4.952	6.60E-03
4.952	6.60E-03
4.953	6.60E-03
4.953	6.60E-03
4.954	6.61E-03
4.955	6.61E-03
4.955	6.61E-03
4.956	6.61E-03
4.956	6.61E-03
4.957	6.61E-03
4.957	6.62E-03
4.957	6.62E-03
4.958	6.62E-03
4.958	6.62E-03
4.959	6.62E-03
4.959	6.63E-03
4.96	6.63E-03
4.96	6.63E-03
4.961	6.63E-03
4.962	6.63E-03
4.962	6.63E-03
4.963	6.64E-03
4.963	6.64E-03
4.964	6.64E-03
4.964	6.64E-03
4.964	6.64E-03
4.965	6.64E-03
4.965	6.65E-03
4.966	6.65E-03
4.966	6.65E-03
4.967	6.65E-03
4.968	6.65E-03
4.968	6.65E-03
4.969	6.66E-03
4.969	6.66E-03
4.97	6.66E-03
4.97	6.66E-03
4.97	6.66E-03
4.971	6.66E-03
4.971	6.67E-03
4.972	6.67E-03
4.972	6.67E-03
4.973	6.67E-03
4.973	6.67E-03
4.974	6.68E-03
4.975	6.68E-03
4.975	6.68E-03
4.976	6.68E-03
4.976	6.68E-03
4.977	6.68E-03
4.977	6.69E-03
4.977	6.69E-03
4.978	6.69E-03
4.978	6.69E-03
4.979	6.69E-03
4.979	6.69E-03
4.98	6.70E-03
4.981	6.70E-03
4.981	6.70E-03
4.982	6.70E-03
4.982	6.70E-03
4.983	6.70E-03
4.983	6.71E-03
4.984	6.71E-03
4.984	6.71E-03
4.984	6.71E-03
4.985	6.71E-03
4.985	6.71E-03
4.986	6.72E-03
4.986	6.72E-03
4.987	6.72E-03
4.988	6.72E-03
4.988	6.72E-03
4.989	6.73E-03
4.989	6.73E-03
4.99	6.73E-03
4.99	6.73E-03
4.99	6.73E-03
4.991	6.73E-03
4.991	6.74E-03
4.992	6.74E-03
4.992	6.74E-03
4.993	6.74E-03
4.994	6.74E-03
4.994	6.74E-03
4.995	6.75E-03
4.995	6.75E-03
4.996	6.75E-03
4.996	6.75E-03
4.997	6.75E-03
4.997	6.75E-03
4.997	6.76E-03
4.998	6.76E-03
4.998	6.76E-03
4.999	6.76E-03
4.999	6.76E-03
5	6.76E-03
5.001	6.77E-03
5.001	6.77E-03
5.002	6.77E-03
5.002	6.77E-03
5.003	6.77E-03
5.003	6.78E-03
5.003	6.78E-03
5.004	6.78E-03
5.004	6.78E-03
5.005	6.78E-03
5.005	6.78E-03
5.006	6.79E-03
5.006	6.79E-03
5.007	6.79E-03
5.008	6.79E-03
5.008	6.79E-03
5.009	6.79E-03
5.009	6.80E-03
5.01	6.80E-03
5.01	6.80E-03
5.01	6.80E-03
5.011	6.80E-03
5.011	6.80E-03
5.012	6.81E-03
5.012	6.81E-03
5.013	6.81E-03
5.014	6.81E-03
5.014	6.81E-03
5.015	6.82E-03
5.015	6.82E-03
5.016	6.82E-03
5.016	6.82E-03
5.016	6.82E-03
5.017	6.82E-03
5.017	6.83E-03
5.018	6.83E-03
5.018	6.83E-03
5.019	6.83E-03
5.019	6.83E-03
5.02	6.83E-03
5.021	6.84E-03
5.021	6.84E-03
5.022	6.84E-03
5.022	6.84E-03
5.023	6.84E-03
5.023	6.84E-03
5.023	6.85E-03
5.024	6.85E-03
5.024	6.85E-03
5.025	6.85E-03
5.025	6.85E-03
5.026	6.85E-03
5.027	6.86E-03
5.027	6.86E-03
5.028	6.86E-03
5.028	6.86E-03
5.029	6.86E-03
5.029	6.87E-03
5.03	6.87E-03
5.03	6.87E-03
5.03	6.87E-03
5.031	6.87E-03
5.031	6.87E-03
5.032	6.88E-03
5.032	6.88E-03
5.033	6.88E-03
5.034	6.88E-03
5.034	6.88E-03
5.035	6.88E-03
5.035	6.89E-03
5.036	6.89E-03
5.036	6.89E-03
5.036	6.89E-03
5.037	6.89E-03
5.037	6.90E-03
5.038	6.90E-03
5.038	6.90E-03
5.039	6.90E-03
5.04	6.90E-03
5.04	6.90E-03
5.041	6.91E-03
5.041	6.91E-03
5.042	6.91E-03
5.042	6.91E-03
5.043	6.91E-03
5.043	6.91E-03
5.043	6.92E-03
5.044	6.92E-03
5.044	6.92E-03
5.045	6.92E-03
5.045	6.92E-03
5.046	6.92E-03
5.047	6.93E-03
5.047	6.93E-03
5.048	6.93E-03
5.048	6.93E-03
5.049	6.93E-03
5.049	6.94E-03
5.049	6.94E-03
5.05	6.94E-03
5.05	6.94E-03
5.051	6.94E-03
5.051	6.94E-03
5.052	6.95E-03
5.052	6.95E-03
5.053	6.95E-03
5.054	6.95E-03
5.054	6.95E-03
5.055	6.95E-03
5.055	6.96E-03
5.056	6.96E-03
5.056	6.96E-03
5.056	6.96E-03
5.057	6.96E-03
5.057	6.96E-03
5.058	6.97E-03
5.058	6.97E-03
5.059	6.97E-03
5.06	6.97E-03
5.06	6.97E-03
5.061	6.98E-03
5.061	6.98E-03
5.062	6.98E-03
5.062	6.98E-03
5.062	6.98E-03
5.063	6.98E-03
5.063	6.99E-03
5.064	6.99E-03
5.064	6.99E-03
5.065	6.99E-03
5.065	6.99E-03
5.066	6.99E-03
5.067	7.00E-03
5.067	7.00E-03
5.068	7.00E-03
5.068	7.00E-03
5.069	7.00E-03
5.069	7.01E-03
5.069	7.01E-03
5.07	7.01E-03
5.07	7.01E-03
5.071	7.01E-03
5.071	7.01E-03
5.072	7.02E-03
5.073	7.02E-03
5.073	7.02E-03
5.074	7.02E-03
5.074	7.02E-03
5.075	7.02E-03
5.075	7.03E-03
5.076	7.03E-03
5.076	7.03E-03
5.076	7.03E-03
5.077	7.03E-03
5.077	7.03E-03
5.078	7.04E-03
5.078	7.04E-03
5.079	7.04E-03
5.08	7.04E-03
5.08	7.04E-03
5.081	7.05E-03
5.081	7.05E-03
5.082	7.05E-03
5.082	7.05E-03
5.082	7.05E-03
5.083	7.05E-03
5.083	7.06E-03
5.084	7.06E-03
5.084	7.06E-03
5.085	7.06E-03
5.085	7.06E-03
5.086	7.06E-03
5.087	7.07E-03
5.087	7.07E-03
5.088	7.07E-03
5.088	7.07E-03
5.089	7.07E-03
5.089	7.08E-03
5.089	7.08E-03
5.09	7.08E-03
5.09	7.08E-03
5.091	7.08E-03
5.091	7.08E-03
5.092	7.09E-03
5.093	7.09E-03
5.093	7.09E-03
5.094	7.09E-03
5.094	7.09E-03
5.095	7.09E-03
5.095	7.10E-03
5.095	7.10E-03
5.096	7.10E-03
5.096	7.10E-03
5.097	7.10E-03
5.097	7.11E-03
5.098	7.11E-03
5.098	7.11E-03
5.099	7.11E-03
5.1	7.11E-03
5.1	7.11E-03
5.101	7.12E-03
5.101	7.12E-03
5.102	7.12E-03
5.102	7.12E-03
5.102	7.12E-03
5.103	7.12E-03
5.103	7.13E-03
5.104	7.13E-03
5.104	7.13E-03
5.105	7.13E-03
5.106	7.13E-03
5.106	7.14E-03
5.107	7.14E-03
5.107	7.14E-03
5.108	7.14E-03
5.108	7.14E-03
5.109	7.14E-03
5.109	7.15E-03
5.109	7.15E-03
5.11	7.15E-03
5.11	7.15E-03
5.111	7.15E-03
5.111	7.15E-03
5.112	7.16E-03
5.113	7.16E-03
5.113	7.16E-03
5.114	7.16E-03
5.114	7.16E-03
5.115	7.16E-03
5.115	7.17E-03
5.115	7.17E-03
5.116	7.17E-03
5.116	7.17E-03
5.117	7.17E-03
5.117	7.18E-03
5.118	7.18E-03
5.119	7.18E-03
5.119	7.18E-03
5.12	7.18E-03
5.12	7.18E-03
5.121	7.19E-03
5.121	7.19E-03
5.122	7.19E-03
5.122	7.19E-03
5.122	7.19E-03
5.123	7.20E-03
5.123	7.20E-03
5.124	7.20E-03
5.124	7.20E-03
5.125	7.20E-03
5.126	7.20E-03
5.126	7.21E-03
5.127	7.21E-03
5.127	7.21E-03
5.128	7.21E-03
5.128	7.21E-03
5.128	7.21E-03
5.129	7.22E-03
5.129	7.22E-03
5.13	7.22E-03
5.13	7.22E-03
5.131	7.22E-03
5.131	7.23E-03
5.132	7.23E-03
5.133	7.23E-03
5.133	7.23E-03
5.134	7.23E-03
5.134	7.23E-03
5.135	7.24E-03
5.135	7.24E-03
5.135	7.24E-03
5.136	7.24E-03
5.136	7.24E-03
5.137	7.24E-03
5.137	7.25E-03
5.138	7.25E-03
5.139	7.25E-03
5.139	7.25E-03
5.14	7.25E-03
5.14	7.26E-03
5.141	7.26E-03
5.141	7.26E-03
5.141	7.26E-03
5.142	7.26E-03
5.142	7.26E-03
5.143	7.27E-03
5.143	7.27E-03
5.144	7.27E-03
5.144	7.27E-03
5.145	7.27E-03
5.146	7.27E-03
5.146	7.28E-03
5.147	7.28E-03
5.147	7.28E-03
5.148	7.28E-03
5.148	7.28E-03
5.148	7.29E-03
5.149	7.29E-03
5.149	7.29E-03
5.15	7.29E-03
5.15	7.29E-03
5.151	7.29E-03
5.152	7.30E-03
5.152	7.30E-03
5.153	7.30E-03
5.153	7.30E-03
5.154	7.30E-03
5.154	7.30E-03
5.155	7.31E-03
5.155	7.31E-03
5.155	7.31E-03
5.156	7.31E-03
5.156	7.31E-03
5.157	7.32E-03
5.157	7.32E-03
5.158	7.32E-03
5.159	7.32E-03
5.159	7.32E-03
5.16	7.32E-03
5.16	7.33E-03
5.161	7.33E-03
5.161	7.33E-03
5.161	7.33E-03
5.162	7.33E-03
5.162	7.34E-03
5.163	7.34E-03
5.163	7.34E-03
5.164	7.34E-03
5.165	7.34E-03
5.165	7.34E-03
5.166	7.35E-03
5.166	7.35E-03
5.167	7.35E-03
5.167	7.35E-03
5.168	7.35E-03
5.168	7.35E-03
5.168	7.36E-03
5.169	7.36E-03
5.169	7.36E-03
5.17	7.36E-03
5.17	7.36E-03
5.171	7.37E-03
5.172	7.37E-03
5.172	7.37E-03
5.173	7.37E-03
5.173	7.37E-03
5.174	7.37E-03
5.174	7.38E-03
5.174	7.38E-03
5.175	7.38E-03
5.175	7.38E-03
5.176	7.38E-03
5.176	7.38E-03
5.177	7.39E-03
5.177	7.39E-03
5.178	7.39E-03
5.179	7.39E-03
5.179	7.39E-03
5.18	7.40E-03
5.18	7.40E-03
5.181	7.40E-03
5.181	7.40E-03
5.181	7.40E-03
5.182	7.40E-03
5.182	7.41E-03
5.183	7.41E-03
5.183	7.41E-03
5.184	7.41E-03
5.185	7.41E-03
5.185	7.42E-03
5.186	7.42E-03
5.186	7.42E-03
5.187	7.42E-03
5.187	7.42E-03
5.188	7.42E-03
5.188	7.43E-03
5.188	7.43E-03
5.189	7.43E-03
5.189	7.43E-03
5.19	7.43E-03
5.19	7.43E-03
5.191	7.44E-03
5.192	7.44E-03
5.192	7.44E-03
5.193	7.44E-03
5.193	7.44E-03
5.194	7.45E-03
5.194	7.45E-03
5.194	7.45E-03
5.195	7.45E-03
5.195	7.45E-03
5.196	7.45E-03
5.196	7.46E-03
5.197	7.46E-03
5.198	7.46E-03
5.198	7.46E-03
5.199	7.46E-03
5.199	7.47E-03
5.2	7.47E-03
5.2	7.47E-03
5.201	7.47E-03
5.201	7.47E-03
5.201	7.47E-03
5.202	7.48E-03
5.202	7.48E-03
5.203	7.48E-03
5.203	7.48E-03
5.204	7.48E-03
5.205	7.48E-03
5.205	7.49E-03
5.206	7.49E-03
5.206	7.49E-03
5.207	7.49E-03
5.207	7.49E-03
5.207	7.50E-03
5.208	7.50E-03
5.208	7.50E-03
5.209	7.50E-03
5.209	7.50E-03
5.21	7.50E-03
5.21	7.51E-03
5.211	7.51E-03
5.212	7.51E-03
5.212	7.51E-03
5.213	7.51E-03
5.213	7.52E-03
5.214	7.52E-03
5.214	7.52E-03
5.214	7.52E-03
5.215	7.52E-03
5.215	7.52E-03
5.216	7.53E-03
5.216	7.53E-03
5.217	7.53E-03
5.218	7.53E-03
5.218	7.53E-03
5.219	7.54E-03
5.219	7.54E-03
5.22	7.54E-03
5.22	7.54E-03
5.22	7.54E-03
5.221	7.54E-03
5.221	7.55E-03
5.222	7.55E-03
5.222	7.55E-03
5.223	7.55E-03
5.223	7.55E-03
5.224	7.55E-03
5.225	7.56E-03
5.225	7.56E-03
5.226	7.56E-03
5.226	7.56E-03
5.227	7.56E-03
5.227	7.57E-03
5.227	7.57E-03
5.228	7.57E-03
5.228	7.57E-03
5.229	7.57E-03
5.229	7.57E-03
5.23	7.58E-03
5.231	7.58E-03
5.231	7.58E-03
5.232	7.58E-03
5.232	7.58E-03
5.233	7.59E-03
5.233	7.59E-03
5.234	7.59E-03
5.234	7.59E-03
5.234	7.59E-03
5.235	7.59E-03
5.235	7.60E-03
5.236	7.60E-03
5.236	7.60E-03
5.237	7.60E-03
5.238	7.60E-03
5.238	7.61E-03
5.239	7.61E-03
5.239	7.61E-03
5.24	7.61E-03
5.24	7.61E-03
5.24	7.61E-03
5.241	7.62E-03
5.241	7.62E-03
5.242	7.62E-03
5.242	7.62E-03
5.243	7.62E-03
5.244	7.63E-03
5.244	7.63E-03
5.245	7.63E-03
5.245	7.63E-03
5.246	7.63E-03
5.246	7.63E-03
5.247	7.64E-03
5.247	7.64E-03
5.247	7.64E-03
5.248	7.64E-03
5.248	7.64E-03
5.249	7.64E-03
5.249	7.65E-03
5.25	7.65E-03
5.251	7.65E-03
5.251	7.65E-03
5.252	7.65E-03
5.252	7.66E-03
5.253	7.66E-03
5.253	7.66E-03
5.253	7.66E-03
5.254	7.66E-03
5.254	7.66E-03
5.255	7.67E-03
5.255	7.67E-03
5.256	7.67E-03
5.256	7.67E-03
5.257	7.67E-03
5.258	7.68E-03
5.258	7.68E-03
5.259	7.68E-03
5.259	7.68E-03
5.26	7.68E-03
5.26	7.68E-03
5.26	7.69E-03
5.261	7.69E-03
5.261	7.69E-03
5.262	7.69E-03
5.262	7.69E-03
5.263	7.70E-03
5.264	7.70E-03
5.264	7.70E-03
5.265	7.70E-03
5.265	7.70E-03
5.266	7.70E-03
5.266	7.71E-03
5.266	7.71E-03
5.267	7.71E-03
5.267	7.71E-03
5.268	7.71E-03
5.268	7.72E-03
5.269	7.72E-03
5.269	7.72E-03
5.27	7.72E-03
5.271	7.72E-03
5.271	7.72E-03
5.272	7.73E-03
5.272	7.73E-03
5.273	7.73E-03
5.273	7.73E-03
5.273	7.73E-03
5.274	7.74E-03
5.274	7.74E-03
5.275	7.74E-03
5.275	7.74E-03
5.276	7.74E-03
5.277	7.74E-03
5.277	7.75E-03
5.278	7.75E-03
5.278	7.75E-03
5.279	7.75E-03
5.279	7.75E-03
5.28	7.76E-03
5.28	7.76E-03
5.28	7.76E-03
5.281	7.76E-03
5.281	7.76E-03
5.282	7.76E-03
5.282	7.77E-03
5.283	7.77E-03
5.284	7.77E-03
5.284	7.77E-03
5.285	7.77E-03
5.285	7.78E-03
5.286	7.78E-03
5.286	7.78E-03
5.286	7.78E-03
5.287	7.78E-03
5.287	7.78E-03
5.288	7.79E-03
5.288	7.79E-03
5.289	7.79E-03
5.29	7.79E-03
5.29	7.79E-03
5.291	7.80E-03
5.291	7.80E-03
5.292	7.80E-03
5.292	7.80E-03
5.293	7.80E-03
5.293	7.80E-03
5.293	7.81E-03
5.294	7.81E-03
5.294	7.81E-03
5.295	7.81E-03
5.295	7.81E-03
5.296	7.81E-03
5.297	7.82E-03
5.297	7.82E-03
5.298	7.82E-03
5.298	7.82E-03
5.299	7.82E-03
5.299	7.83E-03
5.299	7.83E-03
5.3	7.83E-03
5.3	7.83E-03
5.301	7.83E-03
5.301	7.83E-03
5.302	7.84E-03
5.302	7.84E-03
5.303	7.84E-03
5.304	7.84E-03
5.304	7.84E-03
5.305	7.85E-03
5.305	7.85E-03
5.306	7.85E-03
5.306	7.85E-03
5.306	7.85E-03
5.307	7.85E-03
5.307	7.86E-03
5.308	7.86E-03
5.308	7.86E-03
5.309	7.86E-03
5.31	7.86E-03
5.31	7.87E-03
5.311	7.87E-03
5.311	7.87E-03
5.312	7.87E-03
5.312	7.87E-03
5.312	7.87E-03
5.313	7.88E-03
5.313	7.88E-03
5.314	7.88E-03
5.314	7.88E-03
5.315	7.88E-03
5.315	7.89E-03
5.316	7.89E-03
5.317	7.89E-03
5.317	7.89E-03
5.318	7.89E-03
5.318	7.89E-03
5.319	7.90E-03
5.319	7.90E-03
5.319	7.90E-03
5.32	7.90E-03
5.32	7.90E-03
5.321	7.91E-03
5.321	7.91E-03
5.322	7.91E-03
5.323	7.91E-03
5.323	7.91E-03
5.324	7.92E-03
5.324	7.92E-03
5.325	7.92E-03
5.325	7.92E-03
5.326	7.92E-03
5.326	7.92E-03
5.326	7.93E-03
5.327	7.93E-03
5.327	7.93E-03
5.328	7.93E-03
5.328	7.93E-03
5.329	7.94E-03
5.33	7.94E-03
5.33	7.94E-03
5.331	7.94E-03
5.331	7.94E-03
5.332	7.94E-03
5.332	7.95E-03
5.332	7.95E-03
5.333	7.95E-03
5.333	7.95E-03
5.334	7.95E-03
5.334	7.96E-03
5.335	7.96E-03
5.335	7.96E-03
5.336	7.96E-03
5.337	7.96E-03
5.337	7.96E-03
5.338	7.97E-03
5.338	7.97E-03
5.339	7.97E-03
5.339	7.97E-03
5.339	7.97E-03
5.34	7.98E-03
5.34	7.98E-03
5.341	7.98E-03
5.341	7.98E-03
5.342	7.98E-03
5.343	7.98E-03
5.343	7.99E-03
5.344	7.99E-03
5.344	7.99E-03
5.345	7.99E-03
5.345	7.99E-03
5.345	8.00E-03
5.346	8.00E-03
5.346	8.00E-03
5.347	8.00E-03
5.347	8.00E-03
5.348	8.00E-03
5.348	8.01E-03
5.349	8.01E-03
5.35	8.01E-03
5.35	8.01E-03
5.351	8.01E-03
5.351	8.02E-03
5.352	8.02E-03
5.352	8.02E-03
5.352	8.02E-03
5.353	8.02E-03
5.353	8.02E-03
5.354	8.03E-03
5.354	8.03E-03
5.355	8.03E-03
5.356	8.03E-03
5.356	8.03E-03
5.357	8.04E-03
5.357	8.04E-03
5.358	8.04E-03
5.358	8.04E-03
5.359	8.04E-03
5.359	8.04E-03
5.359	8.05E-03
5.36	8.05E-03
5.36	8.05E-03
5.361	8.05E-03
5.361	8.05E-03
5.362	8.06E-03
5.363	8.06E-03
5.363	8.06E-03
5.364	8.06E-03
5.364	8.06E-03
5.365	8.06E-03
5.365	8.07E-03
5.365	8.07E-03
5.366	8.07E-03
5.366	8.07E-03
5.367	8.07E-03
5.367	8.08E-03
5.368	8.08E-03
5.369	8.08E-03
5.369	8.08E-03
5.37	8.08E-03
5.37	8.09E-03
5.371	8.09E-03
5.371	8.09E-03
5.372	8.09E-03
5.372	8.09E-03
5.372	8.09E-03
5.373	8.10E-03
5.373	8.10E-03
5.374	8.10E-03
5.374	8.10E-03
5.375	8.10E-03
5.376	8.11E-03
5.376	8.11E-03
5.377	8.11E-03
5.377	8.11E-03
5.378	8.11E-03
5.378	8.11E-03
5.378	8.12E-03
5.379	8.12E-03
5.379	8.12E-03
5.38	8.12E-03
5.38	8.12E-03
5.381	8.13E-03
5.381	8.13E-03
5.382	8.13E-03
5.383	8.13E-03
5.383	8.13E-03
5.384	8.13E-03
5.384	8.14E-03
5.385	8.14E-03
5.385	8.14E-03
5.385	8.14E-03
5.386	8.14E-03
5.386	8.15E-03
5.387	8.15E-03
5.387	8.15E-03
5.388	8.15E-03
5.389	8.15E-03
5.389	8.15E-03
5.39	8.16E-03
5.39	8.16E-03
5.391	8.16E-03
5.391	8.16E-03
5.391	8.16E-03
5.392	8.17E-03
5.392	8.17E-03
5.393	8.17E-03
5.393	8.17E-03
5.394	8.17E-03
5.394	8.18E-03
5.395	8.18E-03
5.396	8.18E-03
5.396	8.18E-03
5.397	8.18E-03
5.397	8.18E-03
5.398	8.19E-03
5.398	8.19E-03
5.398	8.19E-03
5.399	8.19E-03
5.399	8.19E-03
5.4	8.20E-03
5.4	8.20E-03
5.401	8.20E-03
5.402	8.20E-03
5.402	8.20E-03
5.403	8.20E-03
5.403	8.21E-03
5.404	8.21E-03
5.404	8.21E-03
5.405	8.21E-03
5.405	8.21E-03
5.405	8.22E-03
5.406	8.22E-03
5.406	8.22E-03
5.407	8.22E-03
5.407	8.22E-03
5.408	8.22E-03
5.409	8.23E-03
5.409	8.23E-03
5.41	8.23E-03
5.41	8.23E-03
5.411	8.23E-03
5.411	8.24E-03
5.411	8.24E-03
5.412	8.24E-03
5.412	8.24E-03
5.413	8.24E-03
5.413	8.25E-03
5.414	8.25E-03
5.415	8.25E-03
5.415	8.25E-03
5.416	8.25E-03
5.416	8.25E-03
5.417	8.26E-03
5.417	8.26E-03
5.418	8.26E-03
5.418	8.26E-03
5.418	8.26E-03
5.419	8.27E-03
5.419	8.27E-03
5.42	8.27E-03
5.42	8.27E-03
5.421	8.27E-03
5.422	8.27E-03
5.422	8.28E-03
5.423	8.28E-03
5.423	8.28E-03
5.424	8.28E-03
5.424	8.28E-03
5.424	8.29E-03
5.425	8.29E-03
5.425	8.29E-03
5.426	8.29E-03
5.426	8.29E-03
5.427	8.30E-03
5.427	8.30E-03
5.428	8.30E-03
5.429	8.30E-03
5.429	8.30E-03
5.43	8.30E-03
5.43	8.31E-03
5.431	8.31E-03
5.431	8.31E-03
5.431	8.31E-03
5.432	8.31E-03
5.432	8.32E-03
5.433	8.32E-03
5.433	8.32E-03
5.434	8.32E-03
5.435	8.32E-03
5.435	8.32E-03
5.436	8.33E-03
5.436	8.33E-03
5.437	8.33E-03
5.437	8.33E-03
5.438	8.33E-03
5.438	8.34E-03
5.438	8.34E-03
5.439	8.34E-03
5.439	8.34E-03
5.44	8.34E-03
5.44	8.34E-03
5.441	8.35E-03
5.442	8.35E-03
5.442	8.35E-03
5.443	8.35E-03
5.443	8.35E-03
5.444	8.36E-03
5.444	8.36E-03
5.444	8.36E-03
5.445	8.36E-03
5.445	8.36E-03
5.446	8.37E-03
5.446	8.37E-03
5.447	8.37E-03
5.448	8.37E-03
5.448	8.37E-03
5.449	8.37E-03
5.449	8.38E-03
5.45	8.38E-03
5.45	8.38E-03
5.451	8.38E-03
5.451	8.38E-03
5.451	8.39E-03
5.452	8.39E-03
5.452	8.39E-03
5.453	8.39E-03
5.453	8.39E-03
5.454	8.40E-03
5.455	8.40E-03
5.455	8.40E-03
5.456	8.40E-03
5.456	8.40E-03
5.457	8.40E-03
5.457	8.41E-03
5.457	8.41E-03
5.458	8.41E-03
5.458	8.41E-03
5.459	8.41E-03
5.459	8.42E-03
5.46	8.42E-03
5.46	8.42E-03
5.461	8.42E-03
5.462	8.42E-03
5.462	8.42E-03
5.463	8.43E-03
5.463	8.43E-03
5.464	8.43E-03
5.464	8.43E-03
5.464	8.43E-03
5.465	8.44E-03
5.465	8.44E-03
5.466	8.44E-03
5.466	8.44E-03
5.467	8.44E-03
5.468	8.45E-03
5.468	8.45E-03
5.469	8.45E-03
5.469	8.45E-03
5.47	8.45E-03
5.47	8.45E-03
5.47	8.46E-03
5.471	8.46E-03
5.471	8.46E-03
5.472	8.46E-03
5.472	8.46E-03
5.473	8.47E-03
5.473	8.47E-03
5.474	8.47E-03
5.475	8.47E-03
5.475	8.47E-03
5.476	8.47E-03
5.476	8.48E-03
5.477	8.48E-03
5.477	8.48E-03
5.477	8.48E-03
5.478	8.48E-03
5.478	8.49E-03
5.479	8.49E-03
5.479	8.49E-03
5.48	8.49E-03
5.481	8.49E-03
5.481	8.50E-03
5.482	8.50E-03
5.482	8.50E-03
5.483	8.50E-03
5.483	8.50E-03
5.484	8.50E-03
5.484	8.51E-03
5.484	8.51E-03
5.485	8.51E-03
5.485	8.51E-03
5.486	8.51E-03
5.486	8.52E-03
5.487	8.52E-03
5.488	8.52E-03
5.488	8.52E-03
5.489	8.52E-03
5.489	8.53E-03
5.49	8.53E-03
5.49	8.53E-03
5.49	8.53E-03
5.491	8.53E-03
5.491	8.53E-03
5.492	8.54E-03
5.492	8.54E-03
5.493	8.54E-03
5.494	8.54E-03
5.494	8.54E-03
5.495	8.55E-03
5.495	8.55E-03
5.496	8.55E-03
5.496	8.55E-03
5.497	8.55E-03
5.497	8.55E-03
5.497	8.56E-03
5.498	8.56E-03
5.498	8.56E-03
5.499	8.56E-03
5.499	8.56E-03
5.5	8.57E-03
5.501	8.57E-03
5.501	8.57E-03
5.502	8.57E-03
5.502	8.57E-03
5.503	8.58E-03
5.503	8.58E-03
5.503	8.58E-03
5.504	8.58E-03
5.504	8.58E-03
5.505	8.58E-03
5.505	8.59E-03
5.506	8.59E-03
5.506	8.59E-03
5.507	8.59E-03
5.508	8.59E-03
5.508	8.60E-03
5.509	8.60E-03
5.509	8.60E-03
5.51	8.60E-03
5.51	8.60E-03
5.51	8.61E-03
5.511	8.61E-03
5.511	8.61E-03
5.512	8.61E-03
5.512	8.61E-03
5.513	8.61E-03
5.514	8.62E-03
5.514	8.62E-03
5.515	8.62E-03
5.515	8.62E-03
5.516	8.62E-03
5.516	8.63E-03
5.516	8.63E-03
5.517	8.63E-03
5.517	8.63E-03
5.518	8.63E-03
5.518	8.64E-03
5.519	8.64E-03
5.519	8.64E-03
5.52	8.64E-03
5.521	8.64E-03
5.521	8.64E-03
5.522	8.65E-03
5.522	8.65E-03
5.523	8.65E-03
5.523	8.65E-03
5.523	8.65E-03
5.524	8.66E-03
5.524	8.66E-03
5.525	8.66E-03
5.525	8.66E-03
5.526	8.66E-03
5.527	8.67E-03
5.527	8.67E-03
5.528	8.67E-03
5.528	8.67E-03
5.529	8.67E-03
5.529	8.67E-03
5.53	8.68E-03
5.53	8.68E-03
5.53	8.68E-03
5.531	8.68E-03
5.531	8.68E-03
5.532	8.69E-03
5.532	8.69E-03
5.533	8.69E-03
5.534	8.69E-03
5.534	8.69E-03
5.535	8.70E-03
5.535	8.70E-03
5.536	8.70E-03
5.536	8.70E-03
5.536	8.70E-03
5.537	8.70E-03
5.537	8.71E-03
5.538	8.71E-03
5.538	8.71E-03
5.539	8.71E-03
5.54	8.71E-03
5.54	8.72E-03
5.541	8.72E-03
5.541	8.72E-03
5.542	8.72E-03
5.542	8.72E-03
5.543	8.73E-03
5.543	8.73E-03
5.543	8.73E-03
5.544	8.73E-03
5.544	8.73E-03
5.545	8.73E-03
5.545	8.74E-03
5.546	8.74E-03
5.547	8.74E-03
5.547	8.74E-03
5.548	8.74E-03
5.548	8.75E-03
5.549	8.75E-03
5.549	8.75E-03
5.549	8.75E-03
5.55	8.75E-03
5.55	8.76E-03
5.551	8.76E-03
5.551	8.76E-03
5.552	8.76E-03
5.552	8.76E-03
5.553	8.76E-03
5.554	8.77E-03
5.554	8.77E-03
5.555	8.77E-03
5.555	8.77E-03
5.556	8.77E-03
5.556	8.78E-03
5.556	8.78E-03
5.557	8.78E-03
5.557	8.78E-03
5.558	8.78E-03
5.558	8.79E-03
5.559	8.79E-03
5.56	8.79E-03
5.56	8.79E-03
5.561	8.79E-03
5.561	8.79E-03
5.562	8.80E-03
5.562	8.80E-03
5.562	8.80E-03
5.563	8.80E-03
5.563	8.80E-03
5.564	8.81E-03
5.564	8.81E-03
5.565	8.81E-03
5.565	8.81E-03
5.566	8.81E-03
5.567	8.82E-03
5.567	8.82E-03
5.568	8.82E-03
5.568	8.82E-03
5.569	8.82E-03
5.569	8.82E-03
5.569	8.83E-03
5.57	8.83E-03
5.57	8.83E-03
5.571	8.83E-03
5.571	8.83E-03
5.572	8.84E-03
5.573	8.84E-03
5.573	8.84E-03
5.574	8.84E-03
5.574	8.84E-03
5.575	8.85E-03
5.575	8.85E-03
5.576	8.85E-03
5.576	8.85E-03
5.576	8.85E-03
5.577	8.85E-03
5.577	8.86E-03
5.578	8.86E-03
5.578	8.86E-03
5.579	8.86E-03
5.58	8.86E-03
5.58	8.87E-03
5.581	8.87E-03
5.581	8.87E-03
5.582	8.87E-03
5.582	8.87E-03
5.582	8.88E-03
5.583	8.88E-03
5.583	8.88E-03
5.584	8.88E-03
5.584	8.88E-03
5.585	8.88E-03
5.585	8.89E-03
5.586	8.89E-03
5.587	8.89E-03
5.587	8.89E-03
5.588	8.89E-03
5.588	8.90E-03
5.589	8.90E-03
5.589	8.90E-03
5.589	8.90E-03
5.59	8.90E-03
5.59	8.91E-03
5.591	8.91E-03
5.591	8.91E-03
5.592	8.91E-03
5.593	8.91E-03
5.593	8.92E-03
5.594	8.92E-03
5.594	8.92E-03
5.595	8.92E-03
5.595	8.92E-03
5.595	8.92E-03
5.596	8.93E-03
5.596	8.93E-03
5.597	8.93E-03
5.597	8.93E-03
5.598	8.93E-03
5.598	8.94E-03
5.599	8.94E-03
5.6	8.94E-03
5.6	8.94E-03
5.601	8.94E-03
5.601	8.95E-03
5.602	8.95E-03
5.602	8.95E-03
5.602	8.95E-03
5.603	8.95E-03
5.603	8.95E-03
5.604	8.96E-03
5.604	8.96E-03
5.605	8.96E-03
5.606	8.96E-03
5.606	8.96E-03
5.607	8.97E-03
5.607	8.97E-03
5.608	8.97E-03
5.608	8.97E-03
5.609	8.97E-03
5.609	8.98E-03
5.609	8.98E-03
5.61	8.98E-03
5.61	8.98E-03
5.611	8.98E-03
5.611	8.98E-03
5.612	8.99E-03
5.613	8.99E-03
5.613	8.99E-03
5.614	8.99E-03
5.614	8.99E-03
5.615	9.00E-03
5.615	9.00E-03
5.615	9.00E-03
5.616	9.00E-03
5.616	9.00E-03
5.617	9.01E-03
5.617	9.01E-03
5.618	9.01E-03
5.619	9.01E-03
5.619	9.01E-03
5.62	9.02E-03
5.62	9.02E-03
5.621	9.02E-03
5.621	9.02E-03
5.622	9.02E-03
5.622	9.02E-03
5.622	9.03E-03
5.623	9.03E-03
5.623	9.03E-03
5.624	9.03E-03
5.624	9.03E-03
5.625	9.04E-03
5.626	9.04E-03
5.626	9.04E-03
5.627	9.04E-03
5.627	9.04E-03
5.628	9.05E-03
5.628	9.05E-03
5.628	9.05E-03
5.629	9.05E-03
5.629	9.05E-03
5.63	9.05E-03
5.63	9.06E-03
5.631	9.06E-03
5.631	9.06E-03
5.632	9.06E-03
5.633	9.06E-03
5.633	9.07E-03
5.634	9.07E-03
5.634	9.07E-03
5.635	9.07E-03
5.635	9.07E-03
5.635	9.08E-03
5.636	9.08E-03
5.636	9.08E-03
5.637	9.08E-03
5.637	9.08E-03
5.638	9.09E-03
5.639	9.09E-03
5.639	9.09E-03
5.64	9.09E-03
5.64	9.09E-03
5.641	9.09E-03
5.641	9.10E-03
5.641	9.10E-03
5.642	9.10E-03
5.642	9.10E-03
5.643	9.10E-03
5.643	9.11E-03
5.644	9.11E-03
5.644	9.11E-03
5.645	9.11E-03
5.646	9.11E-03
5.646	9.12E-03
5.647	9.12E-03
5.647	9.12E-03
5.648	9.12E-03
5.648	9.12E-03
5.648	9.13E-03
5.649	9.13E-03
5.649	9.13E-03
5.65	9.13E-03
5.65	9.13E-03
5.651	9.13E-03
5.652	9.14E-03
5.652	9.14E-03
5.653	9.14E-03
5.653	9.14E-03
5.654	9.14E-03
5.654	9.15E-03
5.655	9.15E-03
5.655	9.15E-03
5.655	9.15E-03
5.656	9.15E-03
5.656	9.16E-03
5.657	9.16E-03
5.657	9.16E-03
5.658	9.16E-03
5.659	9.16E-03
5.659	9.16E-03
5.66	9.17E-03
5.66	9.17E-03
5.661	9.17E-03
5.661	9.17E-03
5.661	9.17E-03
5.662	9.18E-03
5.662	9.18E-03
5.663	9.18E-03
5.663	9.18E-03
5.664	9.18E-03
5.665	9.19E-03
5.665	9.19E-03
5.666	9.19E-03
5.666	9.19E-03
5.667	9.19E-03
5.667	9.20E-03
5.668	9.20E-03
5.668	9.20E-03
5.668	9.20E-03
5.669	9.20E-03
5.669	9.20E-03
5.67	9.21E-03
5.67	9.21E-03
5.671	9.21E-03
5.672	9.21E-03
5.672	9.21E-03
5.673	9.22E-03
5.673	9.22E-03
5.674	9.22E-03
5.674	9.22E-03
5.674	9.22E-03
5.675	9.23E-03
5.675	9.23E-03
5.676	9.23E-03
5.676	9.23E-03
5.677	9.23E-03
5.677	9.24E-03
5.678	9.24E-03
5.679	9.24E-03
5.679	9.24E-03
5.68	9.24E-03
5.68	9.24E-03
5.681	9.25E-03
5.681	9.25E-03
5.681	9.25E-03
5.682	9.25E-03
5.682	9.25E-03
5.683	9.26E-03
5.683	9.26E-03
5.684	9.26E-03
5.685	9.26E-03
5.685	9.26E-03
5.686	9.27E-03
5.686	9.27E-03
5.687	9.27E-03
5.687	9.27E-03
5.688	9.27E-03
5.688	9.28E-03
5.688	9.28E-03
5.689	9.28E-03
5.689	9.28E-03
5.69	9.28E-03
5.69	9.28E-03
5.691	9.29E-03
5.692	9.29E-03
5.692	9.29E-03
5.693	9.29E-03
5.693	9.29E-03
5.694	9.30E-03
5.694	9.30E-03
5.694	9.30E-03
5.695	9.30E-03
5.695	9.30E-03
5.696	9.31E-03
5.696	9.31E-03
5.697	9.31E-03
5.698	9.31E-03
5.698	9.31E-03
5.699	9.32E-03
5.699	9.32E-03
5.7	9.32E-03
5.7	9.32E-03
5.701	9.32E-03
5.701	9.32E-03
5.701	9.33E-03
5.702	9.33E-03
5.702	9.33E-03
5.703	9.33E-03
5.703	9.33E-03
5.704	9.34E-03
5.705	9.34E-03
5.705	9.34E-03
5.706	9.34E-03
5.706	9.34E-03
5.707	9.35E-03
5.707	9.35E-03
5.707	9.35E-03
5.708	9.35E-03
5.708	9.35E-03
5.709	9.36E-03
5.709	9.36E-03
5.71	9.36E-03
5.71	9.36E-03
5.711	9.36E-03
5.712	9.36E-03
5.712	9.37E-03
5.713	9.37E-03
5.713	9.37E-03
5.714	9.37E-03
5.714	9.37E-03
5.714	9.38E-03
5.715	9.38E-03
5.715	9.38E-03
5.716	9.38E-03
5.716	9.38E-03
5.717	9.39E-03
5.718	9.39E-03
5.718	9.39E-03
5.719	9.39E-03
5.719	9.39E-03
5.72	9.40E-03
5.72	9.40E-03
5.72	9.40E-03
5.721	9.40E-03
5.721	9.40E-03
5.722	9.41E-03
5.722	9.41E-03
5.723	9.41E-03
5.723	9.41E-03
5.724	9.41E-03
5.725	9.41E-03
5.725	9.42E-03
5.726	9.42E-03
5.726	9.42E-03
5.727	9.42E-03
5.727	9.42E-03
5.727	9.43E-03
5.728	9.43E-03
5.728	9.43E-03
5.729	9.43E-03
5.729	9.43E-03
5.73	9.44E-03
5.731	9.44E-03
5.731	9.44E-03
5.732	9.44E-03
5.732	9.44E-03
5.733	9.45E-03
5.733	9.45E-03
5.734	9.45E-03
5.734	9.45E-03
5.734	9.45E-03
5.735	9.45E-03
5.735	9.46E-03
5.736	9.46E-03
5.736	9.46E-03
5.737	9.46E-03
5.738	9.46E-03
5.738	9.47E-03
5.739	9.47E-03
5.739	9.47E-03
5.74	9.47E-03
5.74	9.47E-03
5.74	9.48E-03
5.741	9.48E-03
5.741	9.48E-03
5.742	9.48E-03
5.742	9.48E-03
5.743	9.49E-03
5.744	9.49E-03
5.744	9.49E-03
5.745	9.49E-03
5.745	9.49E-03
5.746	9.49E-03
5.746	9.50E-03
5.747	9.50E-03
5.747	9.50E-03
5.747	9.50E-03
5.748	9.50E-03
5.748	9.51E-03
5.749	9.51E-03
5.749	9.51E-03
5.75	9.51E-03
5.751	9.51E-03
5.751	9.52E-03
5.752	9.52E-03
5.752	9.52E-03
5.753	9.52E-03
5.753	9.52E-03
5.753	9.53E-03
5.754	9.53E-03
5.754	9.53E-03
5.755	9.53E-03
5.755	9.53E-03
5.756	9.54E-03
5.756	9.54E-03
5.757	9.54E-03
5.758	9.54E-03
5.758	9.54E-03
5.759	9.54E-03
5.759	9.55E-03
5.76	9.55E-03
5.76	9.55E-03
5.76	9.55E-03
5.761	9.55E-03
5.761	9.56E-03
5.762	9.56E-03
5.762	9.56E-03
5.763	9.56E-03
5.764	9.56E-03
5.764	9.57E-03
5.765	9.57E-03
5.765	9.57E-03
5.766	9.57E-03
5.766	9.57E-03
5.766	9.58E-03
5.767	9.58E-03
5.767	9.58E-03
5.768	9.58E-03
5.768	9.58E-03
5.769	9.59E-03
5.769	9.59E-03
5.77	9.59E-03
5.771	9.59E-03
5.771	9.59E-03
5.772	9.59E-03
5.772	9.60E-03
5.773	9.60E-03
5.773	9.60E-03
5.773	9.60E-03
5.774	9.60E-03
5.774	9.61E-03
5.775	9.61E-03
5.775	9.61E-03
5.776	9.61E-03
5.777	9.61E-03
5.777	9.62E-03
5.778	9.62E-03
5.778	9.62E-03
5.779	9.62E-03
5.779	9.62E-03
5.78	9.63E-03
5.78	9.63E-03
5.78	9.63E-03
5.781	9.63E-03
5.781	9.63E-03
5.782	9.64E-03
5.782	9.64E-03
5.783	9.64E-03
5.784	9.64E-03
5.784	9.64E-03
5.785	9.64E-03
5.785	9.65E-03
5.786	9.65E-03
5.786	9.65E-03
5.786	9.65E-03
5.787	9.65E-03
5.787	9.66E-03
5.788	9.66E-03
5.788	9.66E-03
5.789	9.66E-03
5.79	9.66E-03
5.79	9.67E-03
5.791	9.67E-03
5.791	9.67E-03
5.792	9.67E-03
5.792	9.67E-03
5.793	9.68E-03
5.793	9.68E-03
5.793	9.68E-03
5.794	9.68E-03
5.794	9.68E-03
5.795	9.69E-03
5.795	9.69E-03
5.796	9.69E-03
5.797	9.69E-03
5.797	9.69E-03
5.798	9.69E-03
5.798	9.70E-03
5.799	9.70E-03
5.799	9.70E-03
5.799	9.70E-03
5.8	9.70E-03
5.8	9.71E-03
5.801	9.71E-03
5.801	9.71E-03
5.802	9.71E-03
5.802	9.71E-03
5.803	9.72E-03
5.804	9.72E-03
5.804	9.72E-03
5.805	9.72E-03
5.805	9.72E-03
5.806	9.73E-03
5.806	9.73E-03
5.806	9.73E-03
5.807	9.73E-03
5.807	9.73E-03
5.808	9.74E-03
5.808	9.74E-03
5.809	9.74E-03
5.81	9.74E-03
5.81	9.74E-03
5.811	9.74E-03
5.811	9.75E-03
5.812	9.75E-03
5.812	9.75E-03
5.812	9.75E-03
5.813	9.75E-03
5.813	9.76E-03
5.814	9.76E-03
5.814	9.76E-03
5.815	9.76E-03
5.815	9.76E-03
5.816	9.77E-03
5.817	9.77E-03
5.817	9.77E-03
5.818	9.77E-03
5.818	9.77E-03
5.819	9.78E-03
5.819	9.78E-03
5.819	9.78E-03
5.82	9.78E-03
5.82	9.78E-03
5.821	9.79E-03
5.821	9.79E-03
5.822	9.79E-03
5.823	9.79E-03
5.823	9.79E-03
5.824	9.79E-03
5.824	9.80E-03
5.825	9.80E-03
5.825	9.80E-03
5.826	9.80E-03
5.826	9.80E-03
5.826	9.81E-03
5.827	9.81E-03
5.827	9.81E-03
5.828	9.81E-03
5.828	9.81E-03
5.829	9.82E-03
5.83	9.82E-03
5.83	9.82E-03
5.831	9.82E-03
5.831	9.82E-03
5.832	9.83E-03
5.832	9.83E-03
5.832	9.83E-03
5.833	9.83E-03
5.833	9.83E-03
5.834	9.84E-03
5.834	9.84E-03
5.835	9.84E-03
5.835	9.84E-03
5.836	9.84E-03
5.837	9.85E-03
5.837	9.85E-03
5.838	9.85E-03
5.838	9.85E-03
5.839	9.85E-03
5.839	9.85E-03
5.839	9.86E-03
5.84	9.86E-03
5.84	9.86E-03
5.841	9.86E-03
5.841	9.86E-03
5.842	9.87E-03
5.843	9.87E-03
5.843	9.87E-03
5.844	9.87E-03
5.844	9.87E-03
5.845	9.88E-03
5.845	9.88E-03
5.845	9.88E-03
5.846	9.88E-03
5.846	9.88E-03
5.847	9.89E-03
5.847	9.89E-03
5.848	9.89E-03
5.848	9.89E-03
5.849	9.89E-03
5.85	9.90E-03
5.85	9.90E-03
5.851	9.90E-03
5.851	9.90E-03
5.852	9.90E-03
5.852	9.91E-03
5.852	9.91E-03
5.853	9.91E-03
5.853	9.91E-03
5.854	9.91E-03
5.854	9.91E-03
5.855	9.92E-03
5.856	9.92E-03
5.856	9.92E-03
5.857	9.92E-03
5.857	9.92E-03
5.858	9.93E-03
5.858	9.93E-03
5.859	9.93E-03
5.859	9.93E-03
5.859	9.93E-03
5.86	9.94E-03
5.86	9.94E-03
5.861	9.94E-03
5.861	9.94E-03
5.862	9.94E-03
5.863	9.95E-03
5.863	9.95E-03
5.864	9.95E-03
5.864	9.95E-03
5.865	9.95E-03
5.865	9.96E-03
5.865	9.96E-03
5.866	9.96E-03
5.866	9.96E-03
5.867	9.96E-03
5.867	9.97E-03
5.868	9.97E-03
5.869	9.97E-03
5.869	9.97E-03
5.87	9.97E-03
5.87	9.97E-03
5.871	9.98E-03
5.871	9.98E-03
5.872	9.98E-03
5.872	9.98E-03
5.872	9.98E-03
5.873	9.99E-03
5.873	9.99E-03
5.874	9.99E-03
5.874	9.99E-03
5.875	9.99E-03
5.876	1.00E-02
5.876	1.00E-02
5.877	1.00E-02
5.877	1.00E-02
5.878	1.00E-02
5.878	1.00E-02
5.878	1.00E-02
5.879	1.00E-02
5.879	1.00E-02
5.88	1.00E-02
5.88	1.00E-02
5.881	1.00E-02
5.881	1.00E-02
5.882	1.00E-02
5.883	1.00E-02
5.883	1.00E-02
5.884	1.00E-02
5.884	1.00E-02
5.885	1.00E-02
5.885	1.00E-02
5.885	1.00E-02
5.886	1.00E-02
5.886	1.00E-02
5.887	1.00E-02
5.887	1.00E-02
5.888	1.00E-02
5.889	1.01E-02
5.889	1.01E-02
5.89	1.01E-02
5.89	1.01E-02
5.891	1.01E-02
5.891	1.01E-02
5.891	1.01E-02
5.892	1.01E-02
5.892	1.01E-02
5.893	1.01E-02
5.893	1.01E-02
5.894	1.01E-02
5.894	1.01E-02
5.895	1.01E-02
5.896	1.01E-02
5.896	1.01E-02
5.897	1.01E-02
5.897	1.01E-02
5.898	1.01E-02
5.898	1.01E-02
5.898	1.01E-02
5.899	1.01E-02
5.899	1.01E-02
5.9	1.01E-02
5.9	1.01E-02
5.901	1.01E-02
5.902	1.01E-02
5.902	1.01E-02
5.903	1.01E-02
5.903	1.01E-02
5.904	1.01E-02
5.904	1.01E-02
5.905	1.01E-02
5.905	1.01E-02
5.905	1.01E-02
5.906	1.01E-02
5.906	1.01E-02
5.907	1.01E-02
5.907	1.01E-02
5.908	1.01E-02
5.909	1.01E-02
5.909	1.01E-02
5.91	1.01E-02
5.91	1.01E-02
5.911	1.01E-02
5.911	1.01E-02
5.911	1.01E-02
5.912	1.01E-02
5.912	1.01E-02
5.913	1.01E-02
5.913	1.01E-02
5.914	1.02E-02
5.915	1.02E-02
5.915	1.02E-02
5.916	1.02E-02
5.916	1.02E-02
5.917	1.02E-02
5.917	1.02E-02
5.918	1.02E-02
5.918	1.02E-02
5.918	1.02E-02
5.919	1.02E-02
5.919	1.02E-02
5.92	1.02E-02
5.92	1.02E-02
5.921	1.02E-02
5.922	1.02E-02
5.922	1.02E-02
5.923	1.02E-02
5.923	1.02E-02
5.924	1.02E-02
5.924	1.02E-02
5.924	1.02E-02
5.925	1.02E-02
5.925	1.02E-02
5.926	1.02E-02
5.926	1.02E-02
5.927	1.02E-02
5.927	1.02E-02
5.928	1.02E-02
5.929	1.02E-02
5.929	1.02E-02
5.93	1.02E-02
5.93	1.02E-02
5.931	1.02E-02
5.931	1.02E-02
5.931	1.02E-02
5.932	1.02E-02
5.932	1.02E-02
5.933	1.02E-02
5.933	1.02E-02
5.934	1.02E-02
5.935	1.02E-02
5.935	1.02E-02
5.936	1.02E-02
5.936	1.02E-02
5.937	1.02E-02
5.937	1.02E-02
5.938	1.02E-02
5.938	1.02E-02
5.938	1.02E-02
5.939	1.02E-02
5.939	1.02E-02
5.94	1.03E-02
5.94	1.03E-02
5.941	1.03E-02
5.942	1.03E-02
5.942	1.03E-02
5.943	1.03E-02
5.943	1.03E-02
5.944	1.03E-02
5.944	1.03E-02
5.944	1.03E-02
5.945	1.03E-02
5.945	1.03E-02
5.946	1.03E-02
5.946	1.03E-02
5.947	1.03E-02
5.948	1.03E-02
5.948	1.03E-02
5.949	1.03E-02
5.949	1.03E-02
5.95	1.03E-02
5.95	1.03E-02
5.951	1.03E-02
5.951	1.03E-02
5.951	1.03E-02
5.952	1.03E-02
5.952	1.03E-02
5.953	1.03E-02
5.953	1.03E-02
5.954	1.03E-02
5.955	1.03E-02
5.955	1.03E-02
5.956	1.03E-02
5.956	1.03E-02
5.957	1.03E-02
5.957	1.03E-02
5.957	1.03E-02
5.958	1.03E-02
5.958	1.03E-02
5.959	1.03E-02
5.959	1.03E-02
5.96	1.03E-02
5.96	1.03E-02
5.961	1.03E-02
5.962	1.03E-02
5.962	1.03E-02
5.963	1.03E-02
5.963	1.03E-02
5.964	1.03E-02
5.964	1.03E-02
5.964	1.03E-02
5.965	1.03E-02
5.965	1.04E-02
5.966	1.04E-02
5.966	1.04E-02
5.967	1.04E-02
5.968	1.04E-02
5.968	1.04E-02
5.969	1.04E-02
5.969	1.04E-02
5.97	1.04E-02
5.97	1.04E-02
5.97	1.04E-02
5.971	1.04E-02
5.971	1.04E-02
5.972	1.04E-02
5.972	1.04E-02
5.973	1.04E-02
5.973	1.04E-02
5.974	1.04E-02
5.975	1.04E-02
5.975	1.04E-02
5.976	1.04E-02
5.976	1.04E-02
5.977	1.04E-02
5.977	1.04E-02
5.977	1.04E-02
5.978	1.04E-02
5.978	1.04E-02
5.979	1.04E-02
5.979	1.04E-02
5.98	1.04E-02
5.981	1.04E-02
5.981	1.04E-02
5.982	1.04E-02
5.982	1.04E-02
5.983	1.04E-02
5.983	1.04E-02
5.984	1.04E-02
5.984	1.04E-02
5.984	1.04E-02
5.985	1.04E-02
5.985	1.04E-02
5.986	1.04E-02
5.986	1.04E-02
5.987	1.04E-02
5.988	1.04E-02
5.988	1.04E-02
5.989	1.04E-02
5.989	1.04E-02
5.99	1.04E-02
5.99	1.04E-02
5.99	1.04E-02
5.991	1.05E-02
5.991	1.05E-02
5.992	1.05E-02
5.992	1.05E-02
5.993	1.05E-02
5.994	1.05E-02
5.994	1.05E-02
5.995	1.05E-02
5.995	1.05E-02
5.996	1.05E-02
5.996	1.05E-02
5.997	1.05E-02
5.997	1.05E-02
5.997	1.05E-02
5.998	1.05E-02
5.998	1.05E-02
5.999	1.05E-02
5.999	1.05E-02
6	1.05E-02
6.001	1.05E-02
6.001	1.05E-02
6.002	1.05E-02
6.002	1.05E-02
6.003	1.05E-02
6.003	1.05E-02
6.003	1.05E-02
6.004	1.05E-02
6.004	1.05E-02
6.005	1.05E-02
6.005	1.05E-02
6.006	1.05E-02
6.006	1.05E-02
6.007	1.05E-02
6.008	1.05E-02
6.008	1.05E-02
6.009	1.05E-02
6.009	1.05E-02
6.01	1.05E-02
6.01	1.05E-02
6.01	1.05E-02
6.011	1.05E-02
6.011	1.05E-02
6.012	1.05E-02
6.012	1.05E-02
6.013	1.05E-02
6.014	1.05E-02
6.014	1.05E-02
6.015	1.05E-02
6.015	1.05E-02
6.016	1.05E-02
6.016	1.05E-02
6.016	1.06E-02
6.017	1.06E-02
6.017	1.06E-02
6.018	1.06E-02
6.018	1.06E-02
6.019	1.06E-02
6.019	1.06E-02
6.02	1.06E-02
6.021	1.06E-02
6.021	1.06E-02
6.022	1.06E-02
6.022	1.06E-02
6.023	1.06E-02
6.023	1.06E-02
6.023	1.06E-02
6.024	1.06E-02
6.024	1.06E-02
6.025	1.06E-02
6.025	1.06E-02
6.026	1.06E-02
6.027	1.06E-02
6.027	1.06E-02
6.028	1.06E-02
6.028	1.06E-02
6.029	1.06E-02
6.029	1.06E-02
6.03	1.06E-02
6.03	1.06E-02
6.03	1.06E-02
6.031	1.06E-02
6.031	1.06E-02
6.032	1.06E-02
6.032	1.06E-02
6.033	1.06E-02
6.034	1.06E-02
6.034	1.06E-02
6.035	1.06E-02
6.035	1.06E-02
6.036	1.06E-02
6.036	1.06E-02
6.036	1.06E-02
6.037	1.06E-02
6.037	1.06E-02
6.038	1.06E-02
6.038	1.06E-02
6.039	1.06E-02
6.04	1.06E-02
6.04	1.06E-02
6.041	1.06E-02
6.041	1.06E-02
6.042	1.06E-02
6.042	1.07E-02
6.043	1.07E-02
6.043	1.07E-02
6.043	1.07E-02
6.044	1.07E-02
6.044	1.07E-02
6.045	1.07E-02
6.045	1.07E-02
6.046	1.07E-02
6.047	1.07E-02
6.047	1.07E-02
6.048	1.07E-02
6.048	1.07E-02
6.049	1.07E-02
6.049	1.07E-02
6.049	1.07E-02
6.05	1.07E-02
6.05	1.07E-02
6.051	1.07E-02
6.051	1.07E-02
6.052	1.07E-02
6.052	1.07E-02
6.053	1.07E-02
6.054	1.07E-02
6.054	1.07E-02
6.055	1.07E-02
6.055	1.07E-02
6.056	1.07E-02
6.056	1.07E-02
6.056	1.07E-02
6.057	1.07E-02
6.057	1.07E-02
6.058	1.07E-02
6.058	1.07E-02
6.059	1.07E-02
6.06	1.07E-02
6.06	1.07E-02
6.061	1.07E-02
6.061	1.07E-02
6.062	1.07E-02
6.062	1.07E-02
6.062	1.07E-02
6.063	1.07E-02
6.063	1.07E-02
6.064	1.07E-02
6.064	1.07E-02
6.065	1.07E-02
6.065	1.07E-02
6.066	1.07E-02
6.067	1.07E-02
6.067	1.07E-02
6.068	1.08E-02
6.068	1.08E-02
6.069	1.08E-02
6.069	1.08E-02
6.069	1.08E-02
6.07	1.08E-02
6.07	1.08E-02
6.071	1.08E-02
6.071	1.08E-02
6.072	1.08E-02
6.073	1.08E-02
6.073	1.08E-02
6.074	1.08E-02
6.074	1.08E-02
6.075	1.08E-02
6.075	1.08E-02
6.076	1.08E-02
6.076	1.08E-02
6.076	1.08E-02
6.077	1.08E-02
6.077	1.08E-02
6.078	1.08E-02
6.078	1.08E-02
6.079	1.08E-02
6.08	1.08E-02
6.08	1.08E-02
6.081	1.08E-02
6.081	1.08E-02
6.082	1.08E-02
6.082	1.08E-02
6.082	1.08E-02
6.083	1.08E-02
6.083	1.08E-02
6.084	1.08E-02
6.084	1.08E-02
6.085	1.08E-02
6.085	1.08E-02
6.086	1.08E-02
6.087	1.08E-02
6.087	1.08E-02
6.088	1.08E-02
6.088	1.08E-02
6.089	1.08E-02
6.089	1.08E-02
6.089	1.08E-02
6.09	1.08E-02
6.09	1.08E-02
6.091	1.08E-02
6.091	1.08E-02
6.092	1.08E-02
6.093	1.08E-02
6.093	1.09E-02
6.094	1.09E-02
6.094	1.09E-02
6.095	1.09E-02
6.095	1.09E-02
6.095	1.09E-02
6.096	1.09E-02
6.096	1.09E-02
6.097	1.09E-02
6.097	1.09E-02
6.098	1.09E-02
6.098	1.09E-02
6.099	1.09E-02
6.1	1.09E-02
6.1	1.09E-02
6.101	1.09E-02
6.101	1.09E-02
6.102	1.09E-02
6.102	1.09E-02
6.102	1.09E-02
6.103	1.09E-02
6.103	1.09E-02
6.104	1.09E-02
6.104	1.09E-02
6.105	1.09E-02
6.106	1.09E-02
6.106	1.09E-02
6.107	1.09E-02
6.107	1.09E-02
6.108	1.09E-02
6.108	1.09E-02
6.109	1.09E-02
6.109	1.09E-02
6.109	1.09E-02
6.11	1.09E-02
6.11	1.09E-02
6.111	1.09E-02
6.111	1.09E-02
6.112	1.09E-02
6.113	1.09E-02
6.113	1.09E-02
6.114	1.09E-02
6.114	1.09E-02
6.115	1.09E-02
6.115	1.09E-02
6.115	1.09E-02
6.116	1.09E-02
6.116	1.09E-02
6.117	1.09E-02
6.117	1.09E-02
6.118	1.09E-02
6.119	1.10E-02
6.119	1.10E-02
6.12	1.10E-02
6.12	1.10E-02
6.121	1.10E-02
6.121	1.10E-02
6.122	1.10E-02
6.122	1.10E-02
6.122	1.10E-02
6.123	1.10E-02
6.123	1.10E-02
6.124	1.10E-02
6.124	1.10E-02
6.125	1.10E-02
6.126	1.10E-02
6.126	1.10E-02
6.127	1.10E-02
6.127	1.10E-02
6.128	1.10E-02
6.128	1.10E-02
6.128	1.10E-02
6.129	1.10E-02
6.129	1.10E-02
6.13	1.10E-02
6.13	1.10E-02
6.131	1.10E-02
6.131	1.10E-02
6.132	1.10E-02
6.133	1.10E-02
6.133	1.10E-02
6.134	1.10E-02
6.134	1.10E-02
6.135	1.10E-02
6.135	1.10E-02
6.135	1.10E-02
6.136	1.10E-02
6.136	1.10E-02
6.137	1.10E-02
6.137	1.10E-02
6.138	1.10E-02
6.139	1.10E-02
6.139	1.10E-02
6.14	1.10E-02
6.14	1.10E-02
6.141	1.10E-02
6.141	1.10E-02
6.141	1.10E-02
6.142	1.10E-02
6.142	1.10E-02
6.143	1.10E-02
6.143	1.10E-02
6.144	1.11E-02
6.144	1.11E-02
6.145	1.11E-02
6.146	1.11E-02
6.146	1.11E-02
6.147	1.11E-02
6.147	1.11E-02
6.148	1.11E-02
6.148	1.11E-02
6.148	1.11E-02
6.149	1.11E-02
6.149	1.11E-02
6.15	1.11E-02
6.15	1.11E-02
6.151	1.11E-02
6.152	1.11E-02
6.152	1.11E-02
6.153	1.11E-02
6.153	1.11E-02
6.154	1.11E-02
6.154	1.11E-02
6.155	1.11E-02
6.155	1.11E-02
6.155	1.11E-02
6.156	1.11E-02
6.156	1.11E-02
6.157	1.11E-02
6.157	1.11E-02
6.158	1.11E-02
6.159	1.11E-02
6.159	1.11E-02
6.16	1.11E-02
6.16	1.11E-02
6.161	1.11E-02
6.161	1.11E-02
6.161	1.11E-02
6.162	1.11E-02
6.162	1.11E-02
6.163	1.11E-02
6.163	1.11E-02
6.164	1.11E-02
6.165	1.11E-02
6.165	1.11E-02
6.166	1.11E-02
6.166	1.11E-02
6.167	1.11E-02
6.167	1.11E-02
6.168	1.11E-02
6.168	1.11E-02
6.168	1.11E-02
6.169	1.12E-02
6.169	1.12E-02
6.17	1.12E-02
6.17	1.12E-02
6.171	1.12E-02
6.172	1.12E-02
6.172	1.12E-02
6.173	1.12E-02
6.173	1.12E-02
6.174	1.12E-02
6.174	1.12E-02
6.174	1.12E-02
6.175	1.12E-02
6.175	1.12E-02
6.176	1.12E-02
6.176	1.12E-02
6.177	1.12E-02
6.177	1.12E-02
6.178	1.12E-02
6.179	1.12E-02
6.179	1.12E-02
6.18	1.12E-02
6.18	1.12E-02
6.181	1.12E-02
6.181	1.12E-02
6.181	1.12E-02
6.182	1.12E-02
6.182	1.12E-02
6.183	1.12E-02
6.183	1.12E-02
6.184	1.12E-02
6.185	1.12E-02
6.185	1.12E-02
6.186	1.12E-02
6.186	1.12E-02
6.187	1.12E-02
6.187	1.12E-02
6.188	1.12E-02
6.188	1.12E-02
6.188	1.12E-02
6.189	1.12E-02
6.189	1.12E-02
6.19	1.12E-02
6.19	1.12E-02
6.191	1.12E-02
6.192	1.12E-02
6.192	1.12E-02
6.193	1.12E-02
6.193	1.12E-02
6.194	1.12E-02
6.194	1.12E-02
6.194	1.13E-02
6.195	1.13E-02
6.195	1.13E-02
6.196	1.13E-02
6.196	1.13E-02
6.197	1.13E-02
6.198	1.13E-02
6.198	1.13E-02
6.199	1.13E-02
6.199	1.13E-02
6.2	1.13E-02
6.2	1.13E-02
6.201	1.13E-02
6.201	1.13E-02
6.201	1.13E-02
6.202	1.13E-02
6.202	1.13E-02
6.203	1.13E-02
6.203	1.13E-02
6.204	1.13E-02
6.205	1.13E-02
6.205	1.13E-02
6.206	1.13E-02
6.206	1.13E-02
6.207	1.13E-02
6.207	1.13E-02
6.207	1.13E-02
6.208	1.13E-02
6.208	1.13E-02
6.209	1.13E-02
6.209	1.13E-02
6.21	1.13E-02
6.21	1.13E-02
6.211	1.13E-02
6.212	1.13E-02
6.212	1.13E-02
6.213	1.13E-02
6.213	1.13E-02
6.214	1.13E-02
6.214	1.13E-02
6.214	1.13E-02
6.215	1.13E-02
6.215	1.13E-02
6.216	1.13E-02
6.216	1.13E-02
6.217	1.13E-02
6.218	1.13E-02
6.218	1.13E-02
6.219	1.13E-02
6.219	1.13E-02
6.22	1.14E-02
6.22	1.14E-02
6.22	1.14E-02
6.221	1.14E-02
6.221	1.14E-02
6.222	1.14E-02
6.222	1.14E-02
6.223	1.14E-02
6.223	1.14E-02
6.224	1.14E-02
6.225	1.14E-02
6.225	1.14E-02
6.226	1.14E-02
6.226	1.14E-02
6.227	1.14E-02
6.227	1.14E-02
6.227	1.14E-02
6.228	1.14E-02
6.228	1.14E-02
6.229	1.14E-02
6.229	1.14E-02
6.23	1.14E-02
6.231	1.14E-02
6.231	1.14E-02
6.232	1.14E-02
6.232	1.14E-02
6.233	1.14E-02
6.233	1.14E-02
6.234	1.14E-02
6.234	1.14E-02
6.234	1.14E-02
6.235	1.14E-02
6.235	1.14E-02
6.236	1.14E-02
6.236	1.14E-02
6.237	1.14E-02
6.238	1.14E-02
6.238	1.14E-02
6.239	1.14E-02
6.239	1.14E-02
6.24	1.14E-02
6.24	1.14E-02
6.24	1.14E-02
6.241	1.14E-02
6.241	1.14E-02
6.242	1.14E-02
6.242	1.14E-02
6.243	1.14E-02
6.244	1.14E-02
6.244	1.14E-02
6.245	1.14E-02
6.245	1.15E-02
6.246	1.15E-02
6.246	1.15E-02
6.247	1.15E-02
6.247	1.15E-02
6.247	1.15E-02
6.248	1.15E-02
6.248	1.15E-02
6.249	1.15E-02
6.249	1.15E-02
6.25	1.15E-02
6.251	1.15E-02
6.251	1.15E-02
6.252	1.15E-02
6.252	1.15E-02
6.253	1.15E-02
6.253	1.15E-02
6.253	1.15E-02
6.254	1.15E-02
6.254	1.15E-02
6.255	1.15E-02
6.255	1.15E-02
6.256	1.15E-02
6.256	1.15E-02
6.257	1.15E-02
6.258	1.15E-02
6.258	1.15E-02
6.259	1.15E-02
6.259	1.15E-02
6.26	1.15E-02
6.26	1.15E-02
6.26	1.15E-02
6.261	1.15E-02
6.261	1.15E-02
6.262	1.15E-02
6.262	1.15E-02
6.263	1.15E-02
6.264	1.15E-02
6.264	1.15E-02
6.265	1.15E-02
6.265	1.15E-02
6.266	1.15E-02
6.266	1.15E-02
6.266	1.15E-02
6.267	1.15E-02
6.267	1.15E-02
6.268	1.15E-02
6.268	1.15E-02
6.269	1.15E-02
6.269	1.15E-02
6.27	1.16E-02
6.271	1.16E-02
6.271	1.16E-02
6.272	1.16E-02
6.272	1.16E-02
6.273	1.16E-02
6.273	1.16E-02
6.273	1.16E-02
6.274	1.16E-02
6.274	1.16E-02
6.275	1.16E-02
6.275	1.16E-02
6.276	1.16E-02
6.277	1.16E-02
6.277	1.16E-02
6.278	1.16E-02
6.278	1.16E-02
6.279	1.16E-02
6.279	1.16E-02
6.28	1.16E-02
6.28	1.16E-02
6.28	1.16E-02
6.281	1.16E-02
6.281	1.16E-02
6.282	1.16E-02
6.282	1.16E-02
6.283	1.16E-02
6.284	1.16E-02
6.284	1.16E-02
6.285	1.16E-02
6.285	1.16E-02
6.286	1.16E-02
6.286	1.16E-02
6.286	1.16E-02
6.287	1.16E-02
6.287	1.16E-02
6.288	1.16E-02
6.288	1.16E-02
6.289	1.16E-02
6.29	1.16E-02
6.29	1.16E-02
6.291	1.16E-02
6.291	1.16E-02
6.292	1.16E-02
6.292	1.16E-02
6.293	1.16E-02
6.293	1.16E-02
6.293	1.16E-02
6.294	1.16E-02
6.294	1.16E-02
6.295	1.17E-02
6.295	1.17E-02
6.296	1.17E-02
6.297	1.17E-02
6.297	1.17E-02
6.298	1.17E-02
6.298	1.17E-02
6.299	1.17E-02
6.299	1.17E-02
6.299	1.17E-02
6.3	1.17E-02
6.3	1.17E-02
6.301	1.17E-02
6.301	1.17E-02
6.302	1.17E-02
6.302	1.17E-02
6.303	1.17E-02
6.304	1.17E-02
6.304	1.17E-02
6.305	1.17E-02
6.305	1.17E-02
6.306	1.17E-02
6.306	1.17E-02
6.306	1.17E-02
6.307	1.17E-02
6.307	1.17E-02
6.308	1.17E-02
6.308	1.17E-02
6.309	1.17E-02
6.31	1.17E-02
6.31	1.17E-02
6.311	1.17E-02
6.311	1.17E-02
6.312	1.17E-02
6.312	1.17E-02
6.312	1.17E-02
6.313	1.17E-02
6.313	1.17E-02
6.314	1.17E-02
6.314	1.17E-02
6.315	1.17E-02
6.315	1.17E-02
6.316	1.17E-02
6.317	1.17E-02
6.317	1.17E-02
6.318	1.17E-02
6.318	1.17E-02
6.319	1.17E-02
6.319	1.17E-02
6.319	1.17E-02
6.32	1.17E-02
6.32	1.18E-02
6.321	1.18E-02
6.321	1.18E-02
6.322	1.18E-02
6.323	1.18E-02
6.323	1.18E-02
6.324	1.18E-02
6.324	1.18E-02
6.325	1.18E-02
6.325	1.18E-02
6.326	1.18E-02
6.326	1.18E-02
6.326	1.18E-02
6.327	1.18E-02
6.327	1.18E-02
6.328	1.18E-02
6.328	1.18E-02
6.329	1.18E-02
6.33	1.18E-02
6.33	1.18E-02
6.331	1.18E-02
6.331	1.18E-02
6.332	1.18E-02
6.332	1.18E-02
6.332	1.18E-02
6.333	1.18E-02
6.333	1.18E-02
6.334	1.18E-02
6.334	1.18E-02
6.335	1.18E-02
6.335	1.18E-02
6.336	1.18E-02
6.337	1.18E-02
6.337	1.18E-02
6.338	1.18E-02
6.338	1.18E-02
6.339	1.18E-02
6.339	1.18E-02
6.339	1.18E-02
6.34	1.18E-02
6.34	1.18E-02
6.341	1.18E-02
6.341	1.18E-02
6.342	1.18E-02
6.343	1.18E-02
6.343	1.18E-02
6.344	1.18E-02
6.344	1.18E-02
6.345	1.18E-02
6.345	1.18E-02
6.345	1.19E-02
6.346	1.19E-02
6.346	1.19E-02
6.347	1.19E-02
6.347	1.19E-02
6.348	1.19E-02
6.348	1.19E-02
6.349	1.19E-02
6.35	1.19E-02
6.35	1.19E-02
6.351	1.19E-02
6.351	1.19E-02
6.352	1.19E-02
6.352	1.19E-02
6.352	1.19E-02
6.353	1.19E-02
6.353	1.19E-02
6.354	1.19E-02
6.354	1.19E-02
6.355	1.19E-02
6.356	1.19E-02
6.356	1.19E-02
6.357	1.19E-02
6.357	1.19E-02
6.358	1.19E-02
6.358	1.19E-02
6.359	1.19E-02
6.359	1.19E-02
6.359	1.19E-02
6.36	1.19E-02
6.36	1.19E-02
6.361	1.19E-02
6.361	1.19E-02
6.362	1.19E-02
6.363	1.19E-02
6.363	1.19E-02
6.364	1.19E-02
6.364	1.19E-02
6.365	1.19E-02
6.365	1.19E-02
6.365	1.19E-02
6.366	1.19E-02
6.366	1.19E-02
6.367	1.19E-02
6.367	1.19E-02
6.368	1.19E-02
6.369	1.19E-02
6.369	1.19E-02
6.37	1.19E-02
6.37	1.19E-02
6.371	1.20E-02
6.371	1.20E-02
6.372	1.20E-02
6.372	1.20E-02
6.372	1.20E-02
6.373	1.20E-02
6.373	1.20E-02
6.374	1.20E-02
6.374	1.20E-02
6.375	1.20E-02
6.376	1.20E-02
6.376	1.20E-02
6.377	1.20E-02
6.377	1.20E-02
6.378	1.20E-02
6.378	1.20E-02
6.378	1.20E-02
6.379	1.20E-02
6.379	1.20E-02
6.38	1.20E-02
6.38	1.20E-02
6.381	1.20E-02
6.381	1.20E-02
6.382	1.20E-02
6.383	1.20E-02
6.383	1.20E-02
6.384	1.20E-02
6.384	1.20E-02
6.385	1.20E-02
6.385	1.20E-02
6.385	1.20E-02
6.386	1.20E-02
6.386	1.20E-02
6.387	1.20E-02
6.387	1.20E-02
6.388	1.20E-02
6.389	1.20E-02
6.389	1.20E-02
6.39	1.20E-02
6.39	1.20E-02
6.391	1.20E-02
6.391	1.20E-02
6.391	1.20E-02
6.392	1.20E-02
6.392	1.20E-02
6.393	1.20E-02
6.393	1.20E-02
6.394	1.20E-02
6.394	1.20E-02
6.395	1.20E-02
6.396	1.21E-02
6.396	1.21E-02
6.397	1.21E-02
6.397	1.21E-02
6.398	1.21E-02
6.398	1.21E-02
6.398	1.21E-02
6.399	1.21E-02
6.399	1.21E-02
6.4	1.21E-02
6.4	1.21E-02
6.401	1.21E-02
6.402	1.21E-02
6.402	1.21E-02
6.403	1.21E-02
6.403	1.21E-02
6.404	1.21E-02
6.404	1.21E-02
6.405	1.21E-02
6.405	1.21E-02
6.405	1.21E-02
6.406	1.21E-02
6.406	1.21E-02
6.407	1.21E-02
6.407	1.21E-02
6.408	1.21E-02
6.409	1.21E-02
6.409	1.21E-02
6.41	1.21E-02
6.41	1.21E-02
6.411	1.21E-02
6.411	1.21E-02
6.411	1.21E-02
6.412	1.21E-02
6.412	1.21E-02
6.413	1.21E-02
6.413	1.21E-02
6.414	1.21E-02
6.415	1.21E-02
6.415	1.21E-02
6.416	1.21E-02
6.416	1.21E-02
6.417	1.21E-02
6.417	1.21E-02
6.418	1.21E-02
6.418	1.21E-02
6.418	1.21E-02
6.419	1.21E-02
6.419	1.21E-02
6.42	1.21E-02
6.42	1.22E-02
6.421	1.22E-02
6.422	1.22E-02
6.422	1.22E-02
6.423	1.22E-02
6.423	1.22E-02
6.424	1.22E-02
6.424	1.22E-02
6.424	1.22E-02
6.425	1.22E-02
6.425	1.22E-02
6.426	1.22E-02
6.426	1.22E-02
6.427	1.22E-02
6.427	1.22E-02
6.428	1.22E-02
6.429	1.22E-02
6.429	1.22E-02
6.43	1.22E-02
6.43	1.22E-02
6.431	1.22E-02
6.431	1.22E-02
6.431	1.22E-02
6.432	1.22E-02
6.432	1.22E-02
6.433	1.22E-02
6.433	1.22E-02
6.434	1.22E-02
6.435	1.22E-02
6.435	1.22E-02
6.436	1.22E-02
6.436	1.22E-02
6.437	1.22E-02
6.437	1.22E-02
6.438	1.22E-02
6.438	1.22E-02
6.438	1.22E-02
6.439	1.22E-02
6.439	1.22E-02
6.44	1.22E-02
6.44	1.22E-02
6.441	1.22E-02
6.442	1.22E-02
6.442	1.22E-02
6.443	1.22E-02
6.443	1.22E-02
6.444	1.22E-02
6.444	1.22E-02
6.444	1.22E-02
6.445	1.22E-02
6.445	1.23E-02
6.446	1.23E-02
6.446	1.23E-02
6.447	1.23E-02
6.448	1.23E-02
6.448	1.23E-02
6.449	1.23E-02
6.449	1.23E-02
6.45	1.23E-02
6.45	1.23E-02
6.451	1.23E-02
6.451	1.23E-02
6.451	1.23E-02
6.452	1.23E-02
6.452	1.23E-02
6.453	1.23E-02
6.453	1.23E-02
6.454	1.23E-02
6.455	1.23E-02
6.455	1.23E-02
6.456	1.23E-02
6.456	1.23E-02
6.457	1.23E-02
6.457	1.23E-02
6.457	1.23E-02
6.458	1.23E-02
6.458	1.23E-02
6.459	1.23E-02
6.459	1.23E-02
6.46	1.23E-02
6.46	1.23E-02
6.461	1.23E-02
6.462	1.23E-02
6.462	1.23E-02
6.463	1.23E-02
6.463	1.23E-02
6.464	1.23E-02
6.464	1.23E-02
6.464	1.23E-02
6.465	1.23E-02
6.465	1.23E-02
6.466	1.23E-02
6.466	1.23E-02
6.467	1.23E-02
6.468	1.23E-02
6.468	1.23E-02
6.469	1.23E-02
6.469	1.23E-02
6.47	1.23E-02
6.47	1.23E-02
6.47	1.24E-02
6.471	1.24E-02
6.471	1.24E-02
6.472	1.24E-02
6.472	1.24E-02
6.473	1.24E-02
6.473	1.24E-02
6.474	1.24E-02
6.475	1.24E-02
6.475	1.24E-02
6.476	1.24E-02
6.476	1.24E-02
6.477	1.24E-02
6.477	1.24E-02
6.477	1.24E-02
6.478	1.24E-02
6.478	1.24E-02
6.479	1.24E-02
6.479	1.24E-02
6.48	1.24E-02
6.481	1.24E-02
6.481	1.24E-02
6.482	1.24E-02
6.482	1.24E-02
6.483	1.24E-02
6.483	1.24E-02
6.484	1.24E-02
6.484	1.24E-02
6.484	1.24E-02
6.485	1.24E-02
6.485	1.24E-02
6.486	1.24E-02
6.486	1.24E-02
6.487	1.24E-02
6.488	1.24E-02
6.488	1.24E-02
6.489	1.24E-02
6.489	1.24E-02
6.49	1.24E-02
6.49	1.24E-02
6.49	1.24E-02
6.491	1.24E-02
6.491	1.24E-02
6.492	1.24E-02
6.492	1.24E-02
6.493	1.24E-02
6.494	1.24E-02
6.494	1.24E-02
6.495	1.24E-02
6.495	1.24E-02
6.496	1.25E-02
6.496	1.25E-02
6.497	1.25E-02
6.497	1.25E-02
6.497	1.25E-02
6.498	1.25E-02
6.498	1.25E-02
6.499	1.25E-02
6.499	1.25E-02
6.5	1.25E-02
6.501	1.25E-02
6.501	1.25E-02
6.502	1.25E-02
6.502	1.25E-02
6.503	1.25E-02
6.503	1.25E-02
6.503	1.25E-02
6.504	1.25E-02
6.504	1.25E-02
6.505	1.25E-02
6.505	1.25E-02
6.506	1.25E-02
6.506	1.25E-02
6.507	1.25E-02
6.508	1.25E-02
6.508	1.25E-02
6.509	1.25E-02
6.509	1.25E-02
6.51	1.25E-02
6.51	1.25E-02
6.51	1.25E-02
6.511	1.25E-02
6.511	1.25E-02
6.512	1.25E-02
6.512	1.25E-02
6.513	1.25E-02
6.514	1.25E-02
6.514	1.25E-02
6.515	1.25E-02
6.515	1.25E-02
6.516	1.25E-02
6.516	1.25E-02
6.516	1.25E-02
6.517	1.25E-02
6.517	1.25E-02
6.518	1.25E-02
6.518	1.25E-02
6.519	1.25E-02
6.519	1.25E-02
6.52	1.25E-02
6.521	1.26E-02
6.521	1.26E-02
6.522	1.26E-02
6.522	1.26E-02
6.523	1.26E-02
6.523	1.26E-02
6.523	1.26E-02
6.524	1.26E-02
6.524	1.26E-02
6.525	1.26E-02
6.525	1.26E-02
6.526	1.26E-02
6.527	1.26E-02
6.527	1.26E-02
6.528	1.26E-02
6.528	1.26E-02
6.529	1.26E-02
6.529	1.26E-02
6.53	1.26E-02
6.53	1.26E-02
6.53	1.26E-02
6.531	1.26E-02
6.531	1.26E-02
6.532	1.26E-02
6.532	1.26E-02
6.533	1.26E-02
6.534	1.26E-02
6.534	1.26E-02
6.535	1.26E-02
6.535	1.26E-02
6.536	1.26E-02
6.536	1.26E-02
6.536	1.26E-02
6.537	1.26E-02
6.537	1.26E-02
6.538	1.26E-02
6.538	1.26E-02
6.539	1.26E-02
6.54	1.26E-02
6.54	1.26E-02
6.541	1.26E-02
6.541	1.26E-02
6.542	1.26E-02
6.542	1.26E-02
6.543	1.26E-02
6.543	1.26E-02
6.543	1.26E-02
6.544	1.26E-02
6.544	1.26E-02
6.545	1.26E-02
6.545	1.27E-02
6.546	1.27E-02
6.547	1.27E-02
6.547	1.27E-02
6.548	1.27E-02
6.548	1.27E-02
6.549	1.27E-02
6.549	1.27E-02
6.549	1.27E-02
6.55	1.27E-02
6.55	1.27E-02
6.551	1.27E-02
6.551	1.27E-02
6.552	1.27E-02
6.552	1.27E-02
6.553	1.27E-02
6.554	1.27E-02
6.554	1.27E-02
6.555	1.27E-02
6.555	1.27E-02
6.556	1.27E-02
6.556	1.27E-02
6.556	1.27E-02
6.557	1.27E-02
6.557	1.27E-02
6.558	1.27E-02
6.558	1.27E-02
6.559	1.27E-02
6.56	1.27E-02
6.56	1.27E-02
6.561	1.27E-02
6.561	1.27E-02
6.562	1.27E-02
6.562	1.27E-02
6.562	1.27E-02
6.563	1.27E-02
6.563	1.27E-02
6.564	1.27E-02
6.564	1.27E-02
6.565	1.27E-02
6.565	1.27E-02
6.566	1.27E-02
6.567	1.27E-02
6.567	1.27E-02
6.568	1.27E-02
6.568	1.27E-02
6.569	1.27E-02
6.569	1.27E-02
6.569	1.27E-02
6.57	1.27E-02
6.57	1.28E-02
6.571	1.28E-02
6.571	1.28E-02
6.572	1.28E-02
6.573	1.28E-02
6.573	1.28E-02
6.574	1.28E-02
6.574	1.28E-02
6.575	1.28E-02
6.575	1.28E-02
6.576	1.28E-02
6.576	1.28E-02
6.576	1.28E-02
6.577	1.28E-02
6.577	1.28E-02
6.578	1.28E-02
6.578	1.28E-02
6.579	1.28E-02
6.58	1.28E-02
6.58	1.28E-02
6.581	1.28E-02
6.581	1.28E-02
6.582	1.28E-02
6.582	1.28E-02
6.582	1.28E-02
6.583	1.28E-02
6.583	1.28E-02
6.584	1.28E-02
6.584	1.28E-02
6.585	1.28E-02
6.585	1.28E-02
6.586	1.28E-02
6.587	1.28E-02
6.587	1.28E-02
6.588	1.28E-02
6.588	1.28E-02
6.589	1.28E-02
6.589	1.28E-02
6.589	1.28E-02
6.59	1.28E-02
6.59	1.28E-02
6.591	1.28E-02
6.591	1.28E-02
6.592	1.28E-02
6.593	1.28E-02
6.593	1.28E-02
6.594	1.28E-02
6.594	1.28E-02
6.595	1.28E-02
6.595	1.28E-02
6.595	1.29E-02
6.596	1.29E-02
6.596	1.29E-02
6.597	1.29E-02
6.597	1.29E-02
6.598	1.29E-02
6.598	1.29E-02
6.599	1.29E-02
6.6	1.29E-02
6.6	1.29E-02
6.601	1.29E-02
6.601	1.29E-02
6.602	1.29E-02
6.602	1.29E-02
6.602	1.29E-02
6.603	1.29E-02
6.603	1.29E-02
6.604	1.29E-02
6.604	1.29E-02
6.605	1.29E-02
6.606	1.29E-02
6.606	1.29E-02
6.607	1.29E-02
6.607	1.29E-02
6.608	1.29E-02
6.608	1.29E-02
6.609	1.29E-02
6.609	1.29E-02
6.609	1.29E-02
6.61	1.29E-02
6.61	1.29E-02
6.611	1.29E-02
6.611	1.29E-02
6.612	1.29E-02
6.613	1.29E-02
6.613	1.29E-02
6.614	1.29E-02
6.614	1.29E-02
6.615	1.29E-02
6.615	1.29E-02
6.615	1.29E-02
6.616	1.29E-02
6.616	1.29E-02
6.617	1.29E-02
6.617	1.29E-02
6.618	1.29E-02
6.619	1.29E-02
6.619	1.29E-02
6.62	1.29E-02
6.62	1.29E-02
6.621	1.30E-02
6.621	1.30E-02
6.622	1.30E-02
6.622	1.30E-02
6.622	1.30E-02
6.623	1.30E-02
6.623	1.30E-02
6.624	1.30E-02
6.624	1.30E-02
6.625	1.30E-02
6.626	1.30E-02
6.626	1.30E-02
6.627	1.30E-02
6.627	1.30E-02
6.628	1.30E-02
6.628	1.30E-02
6.628	1.30E-02
6.629	1.30E-02
6.629	1.30E-02
6.63	1.30E-02
6.63	1.30E-02
6.631	1.30E-02
6.631	1.30E-02
6.632	1.30E-02
6.633	1.30E-02
6.633	1.30E-02
6.634	1.30E-02
6.634	1.30E-02
6.635	1.30E-02
6.635	1.30E-02
6.635	1.30E-02
6.636	1.30E-02
6.636	1.30E-02
6.637	1.30E-02
6.637	1.30E-02
6.638	1.30E-02
6.639	1.30E-02
6.639	1.30E-02
6.64	1.30E-02
6.64	1.30E-02
6.641	1.30E-02
6.641	1.30E-02
6.641	1.30E-02
6.642	1.30E-02
6.642	1.30E-02
6.643	1.30E-02
6.643	1.30E-02
6.644	1.30E-02
6.644	1.30E-02
6.645	1.30E-02
6.646	1.31E-02
6.646	1.31E-02
6.647	1.31E-02
6.647	1.31E-02
6.648	1.31E-02
6.648	1.31E-02
6.648	1.31E-02
6.649	1.31E-02
6.649	1.31E-02
6.65	1.31E-02
6.65	1.31E-02
6.651	1.31E-02
6.652	1.31E-02
6.652	1.31E-02
6.653	1.31E-02
6.653	1.31E-02
6.654	1.31E-02
6.654	1.31E-02
6.655	1.31E-02
6.655	1.31E-02
6.655	1.31E-02
6.656	1.31E-02
6.656	1.31E-02
6.657	1.31E-02
6.657	1.31E-02
6.658	1.31E-02
6.659	1.31E-02
6.659	1.31E-02
6.66	1.31E-02
6.66	1.31E-02
6.661	1.31E-02
6.661	1.31E-02
6.661	1.31E-02
6.662	1.31E-02
6.662	1.31E-02
6.663	1.31E-02
6.663	1.31E-02
6.664	1.31E-02
6.665	1.31E-02
6.665	1.31E-02
6.666	1.31E-02
6.666	1.31E-02
6.667	1.31E-02
6.667	1.31E-02
6.668	1.31E-02
6.668	1.31E-02
6.668	1.31E-02
6.669	1.31E-02
6.669	1.31E-02
6.67	1.31E-02
6.67	1.32E-02
6.671	1.32E-02
6.672	1.32E-02
6.672	1.32E-02
6.673	1.32E-02
6.673	1.32E-02
6.674	1.32E-02
6.674	1.32E-02
6.674	1.32E-02
6.675	1.32E-02
6.675	1.32E-02
6.676	1.32E-02
6.676	1.32E-02
6.677	1.32E-02
6.677	1.32E-02
6.678	1.32E-02
6.679	1.32E-02
6.679	1.32E-02
6.68	1.32E-02
6.68	1.32E-02
6.681	1.32E-02
6.681	1.32E-02
6.681	1.32E-02
6.682	1.32E-02
6.682	1.32E-02
6.683	1.32E-02
6.683	1.32E-02
6.684	1.32E-02
6.685	1.32E-02
6.685	1.32E-02
6.686	1.32E-02
6.686	1.32E-02
6.687	1.32E-02
6.687	1.32E-02
6.688	1.32E-02
6.688	1.32E-02
6.688	1.32E-02
6.689	1.32E-02
6.689	1.32E-02
6.69	1.32E-02
6.69	1.32E-02
6.691	1.32E-02
6.692	1.32E-02
6.692	1.32E-02
6.693	1.32E-02
6.693	1.32E-02
6.694	1.32E-02
6.694	1.32E-02
6.694	1.32E-02
6.695	1.32E-02
6.695	1.33E-02
6.696	1.33E-02
6.696	1.33E-02
6.697	1.33E-02
6.698	1.33E-02
6.698	1.33E-02
6.699	1.33E-02
6.699	1.33E-02
6.7	1.33E-02
6.7	1.33E-02
6.701	1.33E-02
6.701	1.33E-02
6.701	1.33E-02
6.702	1.33E-02
6.702	1.33E-02
6.703	1.33E-02
6.703	1.33E-02
6.704	1.33E-02
6.705	1.33E-02
6.705	1.33E-02
6.706	1.33E-02
6.706	1.33E-02
6.707	1.33E-02
6.707	1.33E-02
6.707	1.33E-02
6.708	1.33E-02
6.708	1.33E-02
6.709	1.33E-02
6.709	1.33E-02
6.71	1.33E-02
6.71	1.33E-02
6.711	1.33E-02
6.712	1.33E-02
6.712	1.33E-02
6.713	1.33E-02
6.713	1.33E-02
6.714	1.33E-02
6.714	1.33E-02
6.714	1.33E-02
6.715	1.33E-02
6.715	1.33E-02
6.716	1.33E-02
6.716	1.33E-02
6.717	1.33E-02
6.718	1.33E-02
6.718	1.33E-02
6.719	1.33E-02
6.719	1.33E-02
6.72	1.33E-02
6.72	1.33E-02
6.72	1.34E-02
6.721	1.34E-02
6.721	1.34E-02
6.722	1.34E-02
6.722	1.34E-02
6.723	1.34E-02
6.723	1.34E-02
6.724	1.34E-02
6.725	1.34E-02
6.725	1.34E-02
6.726	1.34E-02
6.726	1.34E-02
6.727	1.34E-02
6.727	1.34E-02
6.727	1.34E-02
6.728	1.34E-02
6.728	1.34E-02
6.729	1.34E-02
6.729	1.34E-02
6.73	1.34E-02
6.731	1.34E-02
6.731	1.34E-02
6.732	1.34E-02
6.732	1.34E-02
6.733	1.34E-02
6.733	1.34E-02
6.734	1.34E-02
6.734	1.34E-02
6.734	1.34E-02
6.735	1.34E-02
6.735	1.34E-02
6.736	1.34E-02
6.736	1.34E-02
6.737	1.34E-02
6.738	1.34E-02
6.738	1.34E-02
6.739	1.34E-02
6.739	1.34E-02
6.74	1.34E-02
6.74	1.34E-02
6.74	1.34E-02
6.741	1.34E-02
6.741	1.34E-02
6.742	1.34E-02
6.742	1.34E-02
6.743	1.34E-02
6.744	1.34E-02
6.744	1.34E-02
6.745	1.34E-02
6.745	1.35E-02
6.746	1.35E-02
6.746	1.35E-02
6.747	1.35E-02
6.747	1.35E-02
6.747	1.35E-02
6.748	1.35E-02
6.748	1.35E-02
6.749	1.35E-02
6.749	1.35E-02
6.75	1.35E-02
6.751	1.35E-02
6.751	1.35E-02
6.752	1.35E-02
6.752	1.35E-02
6.753	1.35E-02
6.753	1.35E-02
6.753	1.35E-02
6.754	1.35E-02
6.754	1.35E-02
6.755	1.35E-02
6.755	1.35E-02
6.756	1.35E-02
6.756	1.35E-02
6.757	1.35E-02
6.758	1.35E-02
6.758	1.35E-02
6.759	1.35E-02
6.759	1.35E-02
6.76	1.35E-02
6.76	1.35E-02
6.76	1.35E-02
6.761	1.35E-02
6.761	1.35E-02
6.762	1.35E-02
6.762	1.35E-02
6.763	1.35E-02
6.764	1.35E-02
6.764	1.35E-02
6.765	1.35E-02
6.765	1.35E-02
6.766	1.35E-02
6.766	1.35E-02
6.766	1.35E-02
6.767	1.35E-02
6.767	1.35E-02
6.768	1.35E-02
6.768	1.35E-02
6.769	1.35E-02
6.769	1.35E-02
6.77	1.36E-02
6.771	1.36E-02
6.771	1.36E-02
6.772	1.36E-02
6.772	1.36E-02
6.773	1.36E-02
6.773	1.36E-02
6.773	1.36E-02
6.774	1.36E-02
6.774	1.36E-02
6.775	1.36E-02
6.775	1.36E-02
6.776	1.36E-02
6.777	1.36E-02
6.777	1.36E-02
6.778	1.36E-02
6.778	1.36E-02
6.779	1.36E-02
6.779	1.36E-02
6.78	1.36E-02
6.78	1.36E-02
6.78	1.36E-02
6.781	1.36E-02
6.781	1.36E-02
6.782	1.36E-02
6.782	1.36E-02
6.783	1.36E-02
6.784	1.36E-02
6.784	1.36E-02
6.785	1.36E-02
6.785	1.36E-02
6.786	1.36E-02
6.786	1.36E-02
6.786	1.36E-02
6.787	1.36E-02
6.787	1.36E-02
6.788	1.36E-02
6.788	1.36E-02
6.789	1.36E-02
6.79	1.36E-02
6.79	1.36E-02
6.791	1.36E-02
6.791	1.36E-02
6.792	1.36E-02
6.792	1.36E-02
6.793	1.36E-02
6.793	1.36E-02
6.793	1.36E-02
6.794	1.36E-02
6.794	1.36E-02
6.795	1.37E-02
6.795	1.37E-02
6.796	1.37E-02
6.797	1.37E-02
6.797	1.37E-02
6.798	1.37E-02
6.798	1.37E-02
6.799	1.37E-02
6.799	1.37E-02
6.799	1.37E-02
6.8	1.37E-02
6.8	1.37E-02
6.801	1.37E-02
6.801	1.37E-02
6.802	1.37E-02
6.802	1.37E-02
6.803	1.37E-02
6.804	1.37E-02
6.804	1.37E-02
6.805	1.37E-02
6.805	1.37E-02
6.806	1.37E-02
6.806	1.37E-02
6.806	1.37E-02
6.807	1.37E-02
6.807	1.37E-02
6.808	1.37E-02
6.808	1.37E-02
6.809	1.37E-02
6.81	1.37E-02
6.81	1.37E-02
6.811	1.37E-02
6.811	1.37E-02
6.812	1.37E-02
6.812	1.37E-02
6.812	1.37E-02
6.813	1.37E-02
6.813	1.37E-02
6.814	1.37E-02
6.814	1.37E-02
6.815	1.37E-02
6.815	1.37E-02
6.816	1.37E-02
6.817	1.37E-02
6.817	1.37E-02
6.818	1.37E-02
6.818	1.37E-02
6.819	1.37E-02
6.819	1.37E-02
6.819	1.37E-02
6.82	1.38E-02
6.82	1.38E-02
6.821	1.38E-02
6.821	1.38E-02
6.822	1.38E-02
6.823	1.38E-02
6.823	1.38E-02
6.824	1.38E-02
6.824	1.38E-02
6.825	1.38E-02
6.825	1.38E-02
6.826	1.38E-02
6.826	1.38E-02
6.826	1.38E-02
6.827	1.38E-02
6.827	1.38E-02
6.828	1.38E-02
6.828	1.38E-02
6.829	1.38E-02
6.83	1.38E-02
6.83	1.38E-02
6.831	1.38E-02
6.831	1.38E-02
6.832	1.38E-02
6.832	1.38E-02
6.832	1.38E-02
6.833	1.38E-02
6.833	1.38E-02
6.834	1.38E-02
6.834	1.38E-02
6.835	1.38E-02
6.835	1.38E-02
6.836	1.38E-02
6.837	1.38E-02
6.837	1.38E-02
6.838	1.38E-02
6.838	1.38E-02
6.839	1.38E-02
6.839	1.38E-02
6.839	1.38E-02
6.84	1.38E-02
6.84	1.38E-02
6.841	1.38E-02
6.841	1.38E-02
6.842	1.38E-02
6.843	1.38E-02
6.843	1.38E-02
6.844	1.38E-02
6.844	1.38E-02
6.845	1.38E-02
6.845	1.39E-02
6.845	1.39E-02
6.846	1.39E-02
6.846	1.39E-02
6.847	1.39E-02
6.847	1.39E-02
6.848	1.39E-02
6.848	1.39E-02
6.849	1.39E-02
6.85	1.39E-02
6.85	1.39E-02
6.851	1.39E-02
6.851	1.39E-02
6.852	1.39E-02
6.852	1.39E-02
6.852	1.39E-02
6.853	1.39E-02
6.853	1.39E-02
6.854	1.39E-02
6.854	1.39E-02
6.855	1.39E-02
6.856	1.39E-02
6.856	1.39E-02
6.857	1.39E-02
6.857	1.39E-02
6.858	1.39E-02
6.858	1.39E-02
6.859	1.39E-02
6.859	1.39E-02
6.859	1.39E-02
6.86	1.39E-02
6.86	1.39E-02
6.861	1.39E-02
6.861	1.39E-02
6.862	1.39E-02
6.863	1.39E-02
6.863	1.39E-02
6.864	1.39E-02
6.864	1.39E-02
6.865	1.39E-02
6.865	1.39E-02
6.865	1.39E-02
6.866	1.39E-02
6.866	1.39E-02
6.867	1.39E-02
6.867	1.39E-02
6.868	1.39E-02
6.869	1.39E-02
6.869	1.39E-02
6.87	1.39E-02
6.87	1.40E-02
6.871	1.40E-02
6.871	1.40E-02
6.872	1.40E-02
6.872	1.40E-02
6.872	1.40E-02
6.873	1.40E-02
6.873	1.40E-02
6.874	1.40E-02
6.874	1.40E-02
6.875	1.40E-02
6.876	1.40E-02
6.876	1.40E-02
6.877	1.40E-02
6.877	1.40E-02
6.878	1.40E-02
6.878	1.40E-02
6.878	1.40E-02
6.879	1.40E-02
6.879	1.40E-02
6.88	1.40E-02
6.88	1.40E-02
6.881	1.40E-02
6.881	1.40E-02
6.882	1.40E-02
6.883	1.40E-02
6.883	1.40E-02
6.884	1.40E-02
6.884	1.40E-02
6.885	1.40E-02
6.885	1.40E-02
6.885	1.40E-02
6.886	1.40E-02
6.886	1.40E-02
6.887	1.40E-02
6.887	1.40E-02
6.888	1.40E-02
6.889	1.40E-02
6.889	1.40E-02
6.89	1.40E-02
6.89	1.40E-02
6.891	1.40E-02
6.891	1.40E-02
6.891	1.40E-02
6.892	1.40E-02
6.892	1.40E-02
6.893	1.40E-02
6.893	1.40E-02
6.894	1.40E-02
6.894	1.40E-02
6.895	1.41E-02
6.896	1.41E-02
6.896	1.41E-02
6.897	1.41E-02
6.897	1.41E-02
6.898	1.41E-02
6.898	1.41E-02
6.898	1.41E-02
6.899	1.41E-02
6.899	1.41E-02
6.9	1.41E-02
6.9	1.41E-02
6.901	1.41E-02
6.902	1.41E-02
6.902	1.41E-02
6.903	1.41E-02
6.903	1.41E-02
6.904	1.41E-02
6.904	1.41E-02
6.905	1.41E-02
6.905	1.41E-02
6.905	1.41E-02
6.906	1.41E-02
6.906	1.41E-02
6.907	1.41E-02
6.907	1.41E-02
6.908	1.41E-02
6.909	1.41E-02
6.909	1.41E-02
6.91	1.41E-02
6.91	1.41E-02
6.911	1.41E-02
6.911	1.41E-02
6.911	1.41E-02
6.912	1.41E-02
6.912	1.41E-02
6.913	1.41E-02
6.913	1.41E-02
6.914	1.41E-02
6.915	1.41E-02
6.915	1.41E-02
6.916	1.41E-02
6.916	1.41E-02
6.917	1.41E-02
6.917	1.41E-02
6.918	1.41E-02
6.918	1.41E-02
6.918	1.41E-02
6.919	1.41E-02
6.919	1.41E-02
6.92	1.42E-02
6.92	1.42E-02
6.921	1.42E-02
6.922	1.42E-02
6.922	1.42E-02
6.923	1.42E-02
6.923	1.42E-02
6.924	1.42E-02
6.924	1.42E-02
6.924	1.42E-02
6.925	1.42E-02
6.925	1.42E-02
6.926	1.42E-02
6.926	1.42E-02
6.927	1.42E-02
6.927	1.42E-02
6.928	1.42E-02
6.929	1.42E-02
6.929	1.42E-02
6.93	1.42E-02
6.93	1.42E-02
6.931	1.42E-02
6.931	1.42E-02
6.931	1.42E-02
6.932	1.42E-02
6.932	1.42E-02
6.933	1.42E-02
6.933	1.42E-02
6.934	1.42E-02
6.935	1.42E-02
6.935	1.42E-02
6.936	1.42E-02
6.936	1.42E-02
6.937	1.42E-02
6.937	1.42E-02
6.938	1.42E-02
6.938	1.42E-02
6.938	1.42E-02
6.939	1.42E-02
6.939	1.42E-02
6.94	1.42E-02
6.94	1.42E-02
6.941	1.42E-02
6.942	1.42E-02
6.942	1.42E-02
6.943	1.42E-02
6.943	1.42E-02
6.944	1.42E-02
6.944	1.42E-02
6.944	1.43E-02
6.945	1.43E-02
6.945	1.43E-02
6.946	1.43E-02
6.946	1.43E-02
6.947	1.43E-02
6.948	1.43E-02
6.948	1.43E-02
6.949	1.43E-02
6.949	1.43E-02
6.95	1.43E-02
6.95	1.43E-02
6.951	1.43E-02
6.951	1.43E-02
6.951	1.43E-02
6.952	1.43E-02
6.952	1.43E-02
6.953	1.43E-02
6.953	1.43E-02
6.954	1.43E-02
6.955	1.43E-02
6.955	1.43E-02
6.956	1.43E-02
6.956	1.43E-02
6.957	1.43E-02
6.957	1.43E-02
6.957	1.43E-02
6.958	1.43E-02
6.958	1.43E-02
6.959	1.43E-02
6.959	1.43E-02
6.96	1.43E-02
6.96	1.43E-02
6.961	1.43E-02
6.962	1.43E-02
6.962	1.43E-02
6.963	1.43E-02
6.963	1.43E-02
6.964	1.43E-02
6.964	1.43E-02
6.964	1.43E-02
6.965	1.43E-02
6.965	1.43E-02
6.966	1.43E-02
6.966	1.43E-02
6.967	1.43E-02
6.968	1.43E-02
6.968	1.43E-02
6.969	1.43E-02
6.969	1.43E-02
6.97	1.44E-02
6.97	1.44E-02
6.97	1.44E-02
6.971	1.44E-02
6.971	1.44E-02
6.972	1.44E-02
6.972	1.44E-02
6.973	1.44E-02
6.973	1.44E-02
6.974	1.44E-02
6.975	1.44E-02
6.975	1.44E-02
6.976	1.44E-02
6.976	1.44E-02
6.977	1.44E-02
6.977	1.44E-02
6.977	1.44E-02
6.978	1.44E-02
6.978	1.44E-02
6.979	1.44E-02
6.979	1.44E-02
6.98	1.44E-02
6.981	1.44E-02
6.981	1.44E-02
6.982	1.44E-02
6.982	1.44E-02
6.983	1.44E-02
6.983	1.44E-02
6.984	1.44E-02
6.984	1.44E-02
6.984	1.44E-02
6.985	1.44E-02
6.985	1.44E-02
6.986	1.44E-02
6.986	1.44E-02
6.987	1.44E-02
6.988	1.44E-02
6.988	1.44E-02
6.989	1.44E-02
6.989	1.44E-02
6.99	1.44E-02
6.99	1.44E-02
6.99	1.44E-02
6.991	1.44E-02
6.991	1.44E-02
6.992	1.44E-02
6.992	1.44E-02
6.993	1.44E-02
6.994	1.44E-02
6.994	1.44E-02
6.995	1.45E-02
6.995	1.45E-02
6.996	1.45E-02
6.996	1.45E-02
6.997	1.45E-02
6.997	1.45E-02
6.997	1.45E-02
6.998	1.45E-02
6.998	1.45E-02
6.999	1.45E-02
6.999	1.45E-02
7	1.45E-02
7.001	1.45E-02
7.001	1.45E-02
7.002	1.45E-02
7.002	1.45E-02
7.003	1.45E-02
7.003	1.45E-02
7.003	1.45E-02
7.004	1.45E-02
7.004	1.45E-02
7.005	1.45E-02
7.005	1.45E-02
7.006	1.45E-02
7.006	1.45E-02
7.007	1.45E-02
7.008	1.45E-02
7.008	1.45E-02
7.009	1.45E-02
7.009	1.45E-02
7.01	1.45E-02
7.01	1.45E-02
7.01	1.45E-02
7.011	1.45E-02
7.011	1.45E-02
7.012	1.45E-02
7.012	1.45E-02
7.013	1.45E-02
7.014	1.45E-02
7.014	1.45E-02
7.015	1.45E-02
7.015	1.45E-02
7.016	1.45E-02
7.016	1.45E-02
7.016	1.45E-02
7.017	1.45E-02
7.017	1.45E-02
7.018	1.45E-02
7.018	1.45E-02
7.019	1.45E-02
7.019	1.46E-02
7.02	1.46E-02
7.021	1.46E-02
7.021	1.46E-02
7.022	1.46E-02
7.022	1.46E-02
7.023	1.46E-02
7.023	1.46E-02
7.023	1.46E-02
7.024	1.46E-02
7.024	1.46E-02
7.025	1.46E-02
7.025	1.46E-02
7.026	1.46E-02
7.027	1.46E-02
7.027	1.46E-02
7.028	1.46E-02
7.028	1.46E-02
7.029	1.46E-02
7.029	1.46E-02
7.03	1.46E-02
7.03	1.46E-02
7.03	1.46E-02
7.031	1.46E-02
7.031	1.46E-02
7.032	1.46E-02
7.032	1.46E-02
7.033	1.46E-02
7.034	1.46E-02
7.034	1.46E-02
7.035	1.46E-02
7.035	1.46E-02
7.036	1.46E-02
7.036	1.46E-02
7.036	1.46E-02
7.037	1.46E-02
7.037	1.46E-02
7.038	1.46E-02
7.038	1.46E-02
7.039	1.46E-02
7.04	1.46E-02
7.04	1.46E-02
7.041	1.46E-02
7.041	1.46E-02
7.042	1.46E-02
7.042	1.46E-02
7.043	1.46E-02
7.043	1.46E-02
7.043	1.46E-02
7.044	1.46E-02
7.044	1.47E-02
7.045	1.47E-02
7.045	1.47E-02
7.046	1.47E-02
7.047	1.47E-02
7.047	1.47E-02
7.048	1.47E-02
7.048	1.47E-02
7.049	1.47E-02
7.049	1.47E-02
7.049	1.47E-02
7.05	1.47E-02
7.05	1.47E-02
7.051	1.47E-02
7.051	1.47E-02
7.052	1.47E-02
7.052	1.47E-02
7.053	1.47E-02
7.054	1.47E-02
7.054	1.47E-02
7.055	1.47E-02
7.055	1.47E-02
7.056	1.47E-02
7.056	1.47E-02
7.056	1.47E-02
7.057	1.47E-02
7.057	1.47E-02
7.058	1.47E-02
7.058	1.47E-02
7.059	1.47E-02
7.06	1.47E-02
7.06	1.47E-02
7.061	1.47E-02
7.061	1.47E-02
7.062	1.47E-02
7.062	1.47E-02
7.062	1.47E-02
7.063	1.47E-02
7.063	1.47E-02
7.064	1.47E-02
7.064	1.47E-02
7.065	1.47E-02
7.065	1.47E-02
7.066	1.47E-02
7.067	1.47E-02
7.067	1.47E-02
7.068	1.47E-02
7.068	1.47E-02
7.069	1.47E-02
7.069	1.47E-02
7.069	1.47E-02
7.07	1.48E-02
7.07	1.48E-02
7.071	1.48E-02
7.071	1.48E-02
7.072	1.48E-02
7.073	1.48E-02
7.073	1.48E-02
7.074	1.48E-02
7.074	1.48E-02
7.075	1.48E-02
7.075	1.48E-02
7.076	1.48E-02
7.076	1.48E-02
7.076	1.48E-02
7.077	1.48E-02
7.077	1.48E-02
7.078	1.48E-02
7.078	1.48E-02
7.079	1.48E-02
7.08	1.48E-02
7.08	1.48E-02
7.081	1.48E-02
7.081	1.48E-02
7.082	1.48E-02
7.082	1.48E-02
7.082	1.48E-02
7.083	1.48E-02
7.083	1.48E-02
7.084	1.48E-02
7.084	1.48E-02
7.085	1.48E-02
7.085	1.48E-02
7.086	1.48E-02
7.087	1.48E-02
7.087	1.48E-02
7.088	1.48E-02
7.088	1.48E-02
7.089	1.48E-02
7.089	1.48E-02
7.089	1.48E-02
7.09	1.48E-02
7.09	1.48E-02
7.091	1.48E-02
7.091	1.48E-02
7.092	1.48E-02
7.093	1.48E-02
7.093	1.48E-02
7.094	1.48E-02
7.094	1.48E-02
7.095	1.48E-02
7.095	1.49E-02
7.095	1.49E-02
7.096	1.49E-02
7.096	1.49E-02
7.097	1.49E-02
7.097	1.49E-02
7.098	1.49E-02
7.098	1.49E-02
7.099	1.49E-02
7.1	1.49E-02
7.1	1.49E-02
7.101	1.49E-02
7.101	1.49E-02
7.102	1.49E-02
7.102	1.49E-02
7.102	1.49E-02
7.103	1.49E-02
7.103	1.49E-02
7.104	1.49E-02
7.104	1.49E-02
7.105	1.49E-02
7.106	1.49E-02
7.106	1.49E-02
7.107	1.49E-02
7.107	1.49E-02
7.108	1.49E-02
7.108	1.49E-02
7.109	1.49E-02
7.109	1.49E-02
7.109	1.49E-02
7.11	1.49E-02
7.11	1.49E-02
7.111	1.49E-02
7.111	1.49E-02
7.112	1.49E-02
7.113	1.49E-02
7.113	1.49E-02
7.114	1.49E-02
7.114	1.49E-02
7.115	1.49E-02
7.115	1.49E-02
7.115	1.49E-02
7.116	1.49E-02
7.116	1.49E-02
7.117	1.49E-02
7.117	1.49E-02
7.118	1.49E-02
7.119	1.49E-02
7.119	1.49E-02
7.12	1.49E-02
7.12	1.50E-02
7.121	1.50E-02
7.121	1.50E-02
7.122	1.50E-02
7.122	1.50E-02
7.122	1.50E-02
7.123	1.50E-02
7.123	1.50E-02
7.124	1.50E-02
7.124	1.50E-02
7.125	1.50E-02
7.126	1.50E-02
7.126	1.50E-02
7.127	1.50E-02
7.127	1.50E-02
7.128	1.50E-02
7.128	1.50E-02
7.128	1.50E-02
7.129	1.50E-02
7.129	1.50E-02
7.13	1.50E-02
7.13	1.50E-02
7.131	1.50E-02
7.131	1.50E-02
7.132	1.50E-02
7.133	1.50E-02
7.133	1.50E-02
7.134	1.50E-02
7.134	1.50E-02
7.135	1.50E-02
7.135	1.50E-02
7.135	1.50E-02
7.136	1.50E-02
7.136	1.50E-02
7.137	1.50E-02
7.137	1.50E-02
7.138	1.50E-02
7.139	1.50E-02
7.139	1.50E-02
7.14	1.50E-02
7.14	1.50E-02
7.141	1.50E-02
7.141	1.50E-02
7.141	1.50E-02
7.142	1.50E-02
7.142	1.50E-02
7.143	1.50E-02
7.143	1.50E-02
7.144	1.50E-02
7.144	1.50E-02
7.145	1.51E-02
7.146	1.51E-02
7.146	1.51E-02
7.147	1.51E-02
7.147	1.51E-02
7.148	1.51E-02
7.148	1.51E-02
7.148	1.51E-02
7.149	1.51E-02
7.149	1.51E-02
7.15	1.51E-02
7.15	1.51E-02
7.151	1.51E-02
7.152	1.51E-02
7.152	1.51E-02
7.153	1.51E-02
7.153	1.51E-02
7.154	1.51E-02
7.154	1.51E-02
7.155	1.51E-02
7.155	1.51E-02
7.155	1.51E-02
7.156	1.51E-02
7.156	1.51E-02
7.157	1.51E-02
7.157	1.51E-02
7.158	1.51E-02
7.159	1.51E-02
7.159	1.51E-02
7.16	1.51E-02
7.16	1.51E-02
7.161	1.51E-02
7.161	1.51E-02
7.161	1.51E-02
7.162	1.51E-02
7.162	1.51E-02
7.163	1.51E-02
7.163	1.51E-02
7.164	1.51E-02
7.165	1.51E-02
7.165	1.51E-02
7.166	1.51E-02
7.166	1.51E-02
7.167	1.51E-02
7.167	1.51E-02
7.168	1.51E-02
7.168	1.51E-02
7.168	1.51E-02
7.169	1.51E-02
7.169	1.51E-02
7.17	1.52E-02
7.17	1.52E-02
7.171	1.52E-02
7.172	1.52E-02
7.172	1.52E-02
7.173	1.52E-02
7.173	1.52E-02
7.174	1.52E-02
7.174	1.52E-02
7.174	1.52E-02
7.175	1.52E-02
7.175	1.52E-02
7.176	1.52E-02
7.176	1.52E-02
7.177	1.52E-02
7.177	1.52E-02
7.178	1.52E-02
7.179	1.52E-02
7.179	1.52E-02
7.18	1.52E-02
7.18	1.52E-02
7.181	1.52E-02
7.181	1.52E-02
7.181	1.52E-02
7.182	1.52E-02
7.182	1.52E-02
7.183	1.52E-02
7.183	1.52E-02
7.184	1.52E-02
7.185	1.52E-02
7.185	1.52E-02
7.186	1.52E-02
7.186	1.52E-02
7.187	1.52E-02
7.187	1.52E-02
7.188	1.52E-02
7.188	1.52E-02
7.188	1.52E-02
7.189	1.52E-02
7.189	1.52E-02
7.19	1.52E-02
7.19	1.52E-02
7.191	1.52E-02
7.192	1.52E-02
7.192	1.52E-02
7.193	1.52E-02
7.193	1.52E-02
7.194	1.52E-02
7.194	1.52E-02
7.194	1.52E-02
7.195	1.52E-02
7.195	1.53E-02
7.196	1.53E-02
7.196	1.53E-02
7.197	1.53E-02
7.198	1.53E-02
7.198	1.53E-02
7.199	1.53E-02
7.199	1.53E-02
7.2	1.53E-02
7.2	1.53E-02
7.201	1.53E-02
7.201	1.53E-02
7.201	1.53E-02
7.202	1.53E-02
7.202	1.53E-02
7.203	1.53E-02
7.203	1.53E-02
7.204	1.53E-02
7.205	1.53E-02
7.205	1.53E-02
7.206	1.53E-02
7.206	1.53E-02
7.207	1.53E-02
7.207	1.53E-02
7.207	1.53E-02
7.208	1.53E-02
7.208	1.53E-02
7.209	1.53E-02
7.209	1.53E-02
7.21	1.53E-02
7.21	1.53E-02
7.211	1.53E-02
7.212	1.53E-02
7.212	1.53E-02
7.213	1.53E-02
7.213	1.53E-02
7.214	1.53E-02
7.214	1.53E-02
7.214	1.53E-02
7.215	1.53E-02
7.215	1.53E-02
7.216	1.53E-02
7.216	1.53E-02
7.217	1.53E-02
7.218	1.53E-02
7.218	1.53E-02
7.219	1.53E-02
7.219	1.53E-02
7.22	1.53E-02
7.22	1.53E-02
7.22	1.54E-02
7.221	1.54E-02
7.221	1.54E-02
7.222	1.54E-02
7.222	1.54E-02
7.223	1.54E-02
7.223	1.54E-02
7.224	1.54E-02
7.225	1.54E-02
7.225	1.54E-02
7.226	1.54E-02
7.226	1.54E-02
7.227	1.54E-02
7.227	1.54E-02
7.227	1.54E-02
7.228	1.54E-02
7.228	1.54E-02
7.229	1.54E-02
7.229	1.54E-02
7.23	1.54E-02
7.231	1.54E-02
7.231	1.54E-02
7.232	1.54E-02
7.232	1.54E-02
7.233	1.54E-02
7.233	1.54E-02
7.234	1.54E-02
7.234	1.54E-02
7.234	1.54E-02
7.235	1.54E-02
7.235	1.54E-02
7.236	1.54E-02
7.236	1.54E-02
7.237	1.54E-02
7.238	1.54E-02
7.238	1.54E-02
7.239	1.54E-02
7.239	1.54E-02
7.24	1.54E-02
7.24	1.54E-02
7.24	1.54E-02
7.241	1.54E-02
7.241	1.54E-02
7.242	1.54E-02
7.242	1.54E-02
7.243	1.54E-02
7.244	1.54E-02
7.244	1.54E-02
7.245	1.54E-02
7.245	1.54E-02
7.246	1.55E-02
7.246	1.55E-02
7.247	1.55E-02
7.247	1.55E-02
7.247	1.55E-02
7.248	1.55E-02
7.248	1.55E-02
7.249	1.55E-02
7.249	1.55E-02
7.25	1.55E-02
7.251	1.55E-02
7.251	1.55E-02
7.252	1.55E-02
7.252	1.55E-02
7.253	1.55E-02
7.253	1.55E-02
7.253	1.55E-02
7.254	1.55E-02
7.254	1.55E-02
7.255	1.55E-02
7.255	1.55E-02
7.256	1.55E-02
7.256	1.55E-02
7.257	1.55E-02
7.258	1.55E-02
7.258	1.55E-02
7.259	1.55E-02
7.259	1.55E-02
7.26	1.55E-02
7.26	1.55E-02
7.26	1.55E-02
7.261	1.55E-02
7.261	1.55E-02
7.262	1.55E-02
7.262	1.55E-02
7.263	1.55E-02
7.264	1.55E-02
7.264	1.55E-02
7.265	1.55E-02
7.265	1.55E-02
7.266	1.55E-02
7.266	1.55E-02
7.266	1.55E-02
7.267	1.55E-02
7.267	1.55E-02
7.268	1.55E-02
7.268	1.55E-02
7.269	1.55E-02
7.269	1.55E-02
7.27	1.55E-02
7.271	1.55E-02
7.271	1.56E-02
7.272	1.56E-02
7.272	1.56E-02
7.273	1.56E-02
7.273	1.56E-02
7.273	1.56E-02
7.274	1.56E-02
7.274	1.56E-02
7.275	1.56E-02
7.275	1.56E-02
7.276	1.56E-02
7.277	1.56E-02
7.277	1.56E-02
7.278	1.56E-02
7.278	1.56E-02
7.279	1.56E-02
7.279	1.56E-02
7.28	1.56E-02
7.28	1.56E-02
7.28	1.56E-02
7.281	1.56E-02
7.281	1.56E-02
7.282	1.56E-02
7.282	1.56E-02
7.283	1.56E-02
7.284	1.56E-02
7.284	1.56E-02
7.285	1.56E-02
7.285	1.56E-02
7.286	1.56E-02
7.286	1.56E-02
7.286	1.56E-02
7.287	1.56E-02
7.287	1.56E-02
7.288	1.56E-02
7.288	1.56E-02
7.289	1.56E-02
7.29	1.56E-02
7.29	1.56E-02
7.291	1.56E-02
7.291	1.56E-02
7.292	1.56E-02
7.292	1.56E-02
7.293	1.56E-02
7.293	1.56E-02
7.293	1.56E-02
7.294	1.56E-02
7.294	1.56E-02
7.295	1.56E-02
7.295	1.56E-02
7.296	1.57E-02
7.297	1.57E-02
7.297	1.57E-02
7.298	1.57E-02
7.298	1.57E-02
7.299	1.57E-02
7.299	1.57E-02
7.299	1.57E-02
7.3	1.57E-02
7.3	1.57E-02
7.301	1.57E-02
7.301	1.57E-02
7.302	1.57E-02
7.302	1.57E-02
7.303	1.57E-02
7.304	1.57E-02
7.304	1.57E-02
7.305	1.57E-02
7.305	1.57E-02
7.306	1.57E-02
7.306	1.57E-02
7.306	1.57E-02
7.307	1.57E-02
7.307	1.57E-02
7.308	1.57E-02
7.308	1.57E-02
7.309	1.57E-02
7.31	1.57E-02
7.31	1.57E-02
7.311	1.57E-02
7.311	1.57E-02
7.312	1.57E-02
7.312	1.57E-02
7.312	1.57E-02
7.313	1.57E-02
7.313	1.57E-02
7.314	1.57E-02
7.314	1.57E-02
7.315	1.57E-02
7.315	1.57E-02
7.316	1.57E-02
7.317	1.57E-02
7.317	1.57E-02
7.318	1.57E-02
7.318	1.57E-02
7.319	1.57E-02
7.319	1.57E-02
7.319	1.57E-02
7.32	1.57E-02
7.32	1.57E-02
7.321	1.57E-02
7.321	1.58E-02
7.322	1.58E-02
7.323	1.58E-02
7.323	1.58E-02
7.324	1.58E-02
7.324	1.58E-02
7.325	1.58E-02
7.325	1.58E-02
7.326	1.58E-02
7.326	1.58E-02
7.326	1.58E-02
7.327	1.58E-02
7.327	1.58E-02
7.328	1.58E-02
7.328	1.58E-02
7.329	1.58E-02
7.33	1.58E-02
7.33	1.58E-02
7.331	1.58E-02
7.331	1.58E-02
7.332	1.58E-02
7.332	1.58E-02
7.332	1.58E-02
7.333	1.58E-02
7.333	1.58E-02
7.334	1.58E-02
7.334	1.58E-02
7.335	1.58E-02
7.335	1.58E-02
7.336	1.58E-02
7.337	1.58E-02
7.337	1.58E-02
7.338	1.58E-02
7.338	1.58E-02
7.339	1.58E-02
7.339	1.58E-02
7.339	1.58E-02
7.34	1.58E-02
7.34	1.58E-02
7.341	1.58E-02
7.341	1.58E-02
7.342	1.58E-02
7.343	1.58E-02
7.343	1.58E-02
7.344	1.58E-02
7.344	1.58E-02
7.345	1.58E-02
7.345	1.58E-02
7.345	1.58E-02
7.346	1.58E-02
7.346	1.59E-02
7.347	1.59E-02
7.347	1.59E-02
7.348	1.59E-02
7.348	1.59E-02
7.349	1.59E-02
7.35	1.59E-02
7.35	1.59E-02
7.351	1.59E-02
7.351	1.59E-02
7.352	1.59E-02
7.352	1.59E-02
7.352	1.59E-02
7.353	1.59E-02
7.353	1.59E-02
7.354	1.59E-02
7.354	1.59E-02
7.355	1.59E-02
7.356	1.59E-02
7.356	1.59E-02
7.357	1.59E-02
7.357	1.59E-02
7.358	1.59E-02
7.358	1.59E-02
7.359	1.59E-02
7.359	1.59E-02
7.359	1.59E-02
7.36	1.59E-02
7.36	1.59E-02
7.361	1.59E-02
7.361	1.59E-02
7.362	1.59E-02
7.363	1.59E-02
7.363	1.59E-02
7.364	1.59E-02
7.364	1.59E-02
7.365	1.59E-02
7.365	1.59E-02
7.365	1.59E-02
7.366	1.59E-02
7.366	1.59E-02
7.367	1.59E-02
7.367	1.59E-02
7.368	1.59E-02
7.369	1.59E-02
7.369	1.59E-02
7.37	1.59E-02
7.37	1.59E-02
7.371	1.59E-02
7.371	1.59E-02
7.372	1.59E-02
7.372	1.60E-02
7.372	1.60E-02
7.373	1.60E-02
7.373	1.60E-02
7.374	1.60E-02
7.374	1.60E-02
7.375	1.60E-02
7.376	1.60E-02
7.376	1.60E-02
7.377	1.60E-02
7.377	1.60E-02
7.378	1.60E-02
7.378	1.60E-02
7.378	1.60E-02
7.379	1.60E-02
7.379	1.60E-02
7.38	1.60E-02
7.38	1.60E-02
7.381	1.60E-02
7.381	1.60E-02
7.382	1.60E-02
7.383	1.60E-02
7.383	1.60E-02
7.384	1.60E-02
7.384	1.60E-02
7.385	1.60E-02
7.385	1.60E-02
7.385	1.60E-02
7.386	1.60E-02
7.386	1.60E-02
7.387	1.60E-02
7.387	1.60E-02
7.388	1.60E-02
7.389	1.60E-02
7.389	1.60E-02
7.39	1.60E-02
7.39	1.60E-02
7.391	1.60E-02
7.391	1.60E-02
7.391	1.60E-02
7.392	1.60E-02
7.392	1.60E-02
7.393	1.60E-02
7.393	1.60E-02
7.394	1.60E-02
7.394	1.60E-02
7.395	1.60E-02
7.396	1.60E-02
7.396	1.60E-02
7.397	1.60E-02
7.397	1.60E-02
7.398	1.61E-02
7.398	1.61E-02
7.398	1.61E-02
7.399	1.61E-02
7.399	1.61E-02
7.4	1.61E-02
7.4	1.61E-02
7.401	1.61E-02
7.402	1.61E-02
7.402	1.61E-02
7.403	1.61E-02
7.403	1.61E-02
7.404	1.61E-02
7.404	1.61E-02
7.405	1.61E-02
7.405	1.61E-02
7.405	1.61E-02
7.406	1.61E-02
7.406	1.61E-02
7.407	1.61E-02
7.407	1.61E-02
7.408	1.61E-02
7.409	1.61E-02
7.409	1.61E-02
7.41	1.61E-02
7.41	1.61E-02
7.411	1.61E-02
7.411	1.61E-02
7.411	1.61E-02
7.412	1.61E-02
7.412	1.61E-02
7.413	1.61E-02
7.413	1.61E-02
7.414	1.61E-02
7.415	1.61E-02
7.415	1.61E-02
7.416	1.61E-02
7.416	1.61E-02
7.417	1.61E-02
7.417	1.61E-02
7.418	1.61E-02
7.418	1.61E-02
7.418	1.61E-02
7.419	1.61E-02
7.419	1.61E-02
7.42	1.61E-02
7.42	1.61E-02
7.421	1.61E-02
7.422	1.61E-02
7.422	1.61E-02
7.423	1.61E-02
7.423	1.62E-02
7.424	1.62E-02
7.424	1.62E-02
7.424	1.62E-02
7.425	1.62E-02
7.425	1.62E-02
7.426	1.62E-02
7.426	1.62E-02
7.427	1.62E-02
7.427	1.62E-02
7.428	1.62E-02
7.429	1.62E-02
7.429	1.62E-02
7.43	1.62E-02
7.43	1.62E-02
7.431	1.62E-02
7.431	1.62E-02
7.431	1.62E-02
7.432	1.62E-02
7.432	1.62E-02
7.433	1.62E-02
7.433	1.62E-02
7.434	1.62E-02
7.435	1.62E-02
7.435	1.62E-02
7.436	1.62E-02
7.436	1.62E-02
7.437	1.62E-02
7.437	1.62E-02
7.438	1.62E-02
7.438	1.62E-02
7.438	1.62E-02
7.439	1.62E-02
7.439	1.62E-02
7.44	1.62E-02
7.44	1.62E-02
7.441	1.62E-02
7.442	1.62E-02
7.442	1.62E-02
7.443	1.62E-02
7.443	1.62E-02
7.444	1.62E-02
7.444	1.62E-02
7.444	1.62E-02
7.445	1.62E-02
7.445	1.62E-02
7.446	1.62E-02
7.446	1.62E-02
7.447	1.62E-02
7.448	1.62E-02
7.448	1.62E-02
7.449	1.63E-02
7.449	1.63E-02
7.45	1.63E-02
7.45	1.63E-02
7.451	1.63E-02
7.451	1.63E-02
7.451	1.63E-02
7.452	1.63E-02
7.452	1.63E-02
7.453	1.63E-02
7.453	1.63E-02
7.454	1.63E-02
7.455	1.63E-02
7.455	1.63E-02
7.456	1.63E-02
7.456	1.63E-02
7.457	1.63E-02
7.457	1.63E-02
7.457	1.63E-02
7.458	1.63E-02
7.458	1.63E-02
7.459	1.63E-02
7.459	1.63E-02
7.46	1.63E-02
7.46	1.63E-02
7.461	1.63E-02
7.462	1.63E-02
7.462	1.63E-02
7.463	1.63E-02
7.463	1.63E-02
7.464	1.63E-02
7.464	1.63E-02
7.464	1.63E-02
7.465	1.63E-02
7.465	1.63E-02
7.466	1.63E-02
7.466	1.63E-02
7.467	1.63E-02
7.468	1.63E-02
7.468	1.63E-02
7.469	1.63E-02
7.469	1.63E-02
7.47	1.63E-02
7.47	1.63E-02
7.47	1.63E-02
7.471	1.63E-02
7.471	1.63E-02
7.472	1.63E-02
7.472	1.63E-02
7.473	1.63E-02
7.473	1.63E-02
7.474	1.64E-02
7.475	1.64E-02
7.475	1.64E-02
7.476	1.64E-02
7.476	1.64E-02
7.477	1.64E-02
7.477	1.64E-02
7.477	1.64E-02
7.478	1.64E-02
7.478	1.64E-02
7.479	1.64E-02
7.479	1.64E-02
7.48	1.64E-02
7.481	1.64E-02
7.481	1.64E-02
7.482	1.64E-02
7.482	1.64E-02
7.483	1.64E-02
7.483	1.64E-02
7.484	1.64E-02
7.484	1.64E-02
7.484	1.64E-02
7.485	1.64E-02
7.485	1.64E-02
7.486	1.64E-02
7.486	1.64E-02
7.487	1.64E-02
7.488	1.64E-02
7.488	1.64E-02
7.489	1.64E-02
7.489	1.64E-02
7.49	1.64E-02
7.49	1.64E-02
7.49	1.64E-02
7.491	1.64E-02
7.491	1.64E-02
7.492	1.64E-02
7.492	1.64E-02
7.493	1.64E-02
7.494	1.64E-02
7.494	1.64E-02
7.495	1.64E-02
7.495	1.64E-02
7.496	1.64E-02
7.496	1.64E-02
7.497	1.64E-02
7.497	1.64E-02
7.497	1.64E-02
7.498	1.64E-02
7.498	1.64E-02
7.499	1.64E-02
7.499	1.65E-02
7.5	1.65E-02
7.501	1.65E-02
7.501	1.65E-02
7.502	1.65E-02
7.502	1.65E-02
7.503	1.65E-02
7.503	1.65E-02
7.503	1.65E-02
7.504	1.65E-02
7.504	1.65E-02
7.505	1.65E-02
7.505	1.65E-02
7.506	1.65E-02
7.506	1.65E-02
7.507	1.65E-02
7.508	1.65E-02
7.508	1.65E-02
7.509	1.65E-02
7.509	1.65E-02
7.51	1.65E-02
7.51	1.65E-02
7.51	1.65E-02
7.511	1.65E-02
7.511	1.65E-02
7.512	1.65E-02
7.512	1.65E-02
7.513	1.65E-02
7.514	1.65E-02
7.514	1.65E-02
7.515	1.65E-02
7.515	1.65E-02
7.516	1.65E-02
7.516	1.65E-02
7.516	1.65E-02
7.517	1.65E-02
7.517	1.65E-02
7.518	1.65E-02
7.518	1.65E-02
7.519	1.65E-02
7.519	1.65E-02
7.52	1.65E-02
7.521	1.65E-02
7.521	1.65E-02
7.522	1.65E-02
7.522	1.65E-02
7.523	1.65E-02
7.523	1.65E-02
7.523	1.65E-02
7.524	1.65E-02
7.524	1.65E-02
7.525	1.66E-02
7.525	1.66E-02
7.526	1.66E-02
7.527	1.66E-02
7.527	1.66E-02
7.528	1.66E-02
7.528	1.66E-02
7.529	1.66E-02
7.529	1.66E-02
7.53	1.66E-02
7.53	1.66E-02
7.53	1.66E-02
7.531	1.66E-02
7.531	1.66E-02
7.532	1.66E-02
7.532	1.66E-02
7.533	1.66E-02
7.534	1.66E-02
7.534	1.66E-02
7.535	1.66E-02
7.535	1.66E-02
7.536	1.66E-02
7.536	1.66E-02
7.536	1.66E-02
7.537	1.66E-02
7.537	1.66E-02
7.538	1.66E-02
7.538	1.66E-02
7.539	1.66E-02
7.54	1.66E-02
7.54	1.66E-02
7.541	1.66E-02
7.541	1.66E-02
7.542	1.66E-02
7.542	1.66E-02
7.543	1.66E-02
7.543	1.66E-02
7.543	1.66E-02
7.544	1.66E-02
7.544	1.66E-02
7.545	1.66E-02
7.545	1.66E-02
7.546	1.66E-02
7.547	1.66E-02
7.547	1.66E-02
7.548	1.66E-02
7.548	1.66E-02
7.549	1.66E-02
7.549	1.66E-02
7.549	1.66E-02
7.55	1.66E-02
7.55	1.67E-02
7.551	1.67E-02
7.551	1.67E-02
7.552	1.67E-02
7.552	1.67E-02
7.553	1.67E-02
7.554	1.67E-02
7.554	1.67E-02
7.555	1.67E-02
7.555	1.67E-02
7.556	1.67E-02
7.556	1.67E-02
7.556	1.67E-02
7.557	1.67E-02
7.557	1.67E-02
7.558	1.67E-02
7.558	1.67E-02
7.559	1.67E-02
7.56	1.67E-02
7.56	1.67E-02
7.561	1.67E-02
7.561	1.67E-02
7.562	1.67E-02
7.562	1.67E-02
7.562	1.67E-02
7.563	1.67E-02
7.563	1.67E-02
7.564	1.67E-02
7.564	1.67E-02
7.565	1.67E-02
7.565	1.67E-02
7.566	1.67E-02
7.567	1.67E-02
7.567	1.67E-02
7.568	1.67E-02
7.568	1.67E-02
7.569	1.67E-02
7.569	1.67E-02
7.569	1.67E-02
7.57	1.67E-02
7.57	1.67E-02
7.571	1.67E-02
7.571	1.67E-02
7.572	1.67E-02
7.573	1.67E-02
7.573	1.67E-02
7.574	1.67E-02
7.574	1.67E-02
7.575	1.67E-02
7.575	1.67E-02
7.576	1.67E-02
7.576	1.67E-02
7.576	1.68E-02
7.577	1.68E-02
7.577	1.68E-02
7.578	1.68E-02
7.578	1.68E-02
7.579	1.68E-02
7.58	1.68E-02
7.58	1.68E-02
7.581	1.68E-02
7.581	1.68E-02
7.582	1.68E-02
7.582	1.68E-02
7.582	1.68E-02
7.583	1.68E-02
7.583	1.68E-02
7.584	1.68E-02
7.584	1.68E-02
7.585	1.68E-02
7.585	1.68E-02
7.586	1.68E-02
7.587	1.68E-02
7.587	1.68E-02
7.588	1.68E-02
7.588	1.68E-02
7.589	1.68E-02
7.589	1.68E-02
7.589	1.68E-02
7.59	1.68E-02
7.59	1.68E-02
7.591	1.68E-02
7.591	1.68E-02
7.592	1.68E-02
7.593	1.68E-02
7.593	1.68E-02
7.594	1.68E-02
7.594	1.68E-02
7.595	1.68E-02
7.595	1.68E-02
7.595	1.68E-02
7.596	1.68E-02
7.596	1.68E-02
7.597	1.68E-02
7.597	1.68E-02
7.598	1.68E-02
7.598	1.68E-02
7.599	1.68E-02
7.6	1.68E-02
7.6	1.68E-02
7.601	1.68E-02
7.601	1.68E-02
7.602	1.68E-02
7.602	1.69E-02
7.602	1.69E-02
7.603	1.69E-02
7.603	1.69E-02
7.604	1.69E-02
7.604	1.69E-02
7.605	1.69E-02
7.606	1.69E-02
7.606	1.69E-02
7.607	1.69E-02
7.607	1.69E-02
7.608	1.69E-02
7.608	1.69E-02
7.609	1.69E-02
7.609	1.69E-02
7.609	1.69E-02
7.61	1.69E-02
7.61	1.69E-02
7.611	1.69E-02
7.611	1.69E-02
7.612	1.69E-02
7.613	1.69E-02
7.613	1.69E-02
7.614	1.69E-02
7.614	1.69E-02
7.615	1.69E-02
7.615	1.69E-02
7.615	1.69E-02
7.616	1.69E-02
7.616	1.69E-02
7.617	1.69E-02
7.617	1.69E-02
7.618	1.69E-02
7.619	1.69E-02
7.619	1.69E-02
7.62	1.69E-02
7.62	1.69E-02
7.621	1.69E-02
7.621	1.69E-02
7.622	1.69E-02
7.622	1.69E-02
7.622	1.69E-02
7.623	1.69E-02
7.623	1.69E-02
7.624	1.69E-02
7.624	1.69E-02
7.625	1.69E-02
7.626	1.69E-02
7.626	1.69E-02
7.627	1.69E-02
7.627	1.69E-02
7.628	1.69E-02
7.628	1.70E-02
7.628	1.70E-02
7.629	1.70E-02
7.629	1.70E-02
7.63	1.70E-02
7.63	1.70E-02
7.631	1.70E-02
7.631	1.70E-02
7.632	1.70E-02
7.633	1.70E-02
7.633	1.70E-02
7.634	1.70E-02
7.634	1.70E-02
7.635	1.70E-02
7.635	1.70E-02
7.635	1.70E-02
7.636	1.70E-02
7.636	1.70E-02
7.637	1.70E-02
7.637	1.70E-02
7.638	1.70E-02
7.639	1.70E-02
7.639	1.70E-02
7.64	1.70E-02
7.64	1.70E-02
7.641	1.70E-02
7.641	1.70E-02
7.641	1.70E-02
7.642	1.70E-02
7.642	1.70E-02
7.643	1.70E-02
7.643	1.70E-02
7.644	1.70E-02
7.644	1.70E-02
7.645	1.70E-02
7.646	1.70E-02
7.646	1.70E-02
7.647	1.70E-02
7.647	1.70E-02
7.648	1.70E-02
7.648	1.70E-02
7.648	1.70E-02
7.649	1.70E-02
7.649	1.70E-02
7.65	1.70E-02
7.65	1.70E-02
7.651	1.70E-02
7.652	1.70E-02
7.652	1.70E-02
7.653	1.70E-02
7.653	1.70E-02
7.654	1.71E-02
7.654	1.71E-02
7.655	1.71E-02
7.655	1.71E-02
7.655	1.71E-02
7.656	1.71E-02
7.656	1.71E-02
7.657	1.71E-02
7.657	1.71E-02
7.658	1.71E-02
7.659	1.71E-02
7.659	1.71E-02
7.66	1.71E-02
7.66	1.71E-02
7.661	1.71E-02
7.661	1.71E-02
7.661	1.71E-02
7.662	1.71E-02
7.662	1.71E-02
7.663	1.71E-02
7.663	1.71E-02
7.664	1.71E-02
7.665	1.71E-02
7.665	1.71E-02
7.666	1.71E-02
7.666	1.71E-02
7.667	1.71E-02
7.667	1.71E-02
7.668	1.71E-02
7.668	1.71E-02
7.668	1.71E-02
7.669	1.71E-02
7.669	1.71E-02
7.67	1.71E-02
7.67	1.71E-02
7.671	1.71E-02
7.672	1.71E-02
7.672	1.71E-02
7.673	1.71E-02
7.673	1.71E-02
7.674	1.71E-02
7.674	1.71E-02
7.674	1.71E-02
7.675	1.71E-02
7.675	1.71E-02
7.676	1.71E-02
7.676	1.71E-02
7.677	1.71E-02
7.677	1.71E-02
7.678	1.71E-02
7.679	1.71E-02
7.679	1.71E-02
7.68	1.72E-02
7.68	1.72E-02
7.681	1.72E-02
7.681	1.72E-02
7.681	1.72E-02
7.682	1.72E-02
7.682	1.72E-02
7.683	1.72E-02
7.683	1.72E-02
7.684	1.72E-02
7.685	1.72E-02
7.685	1.72E-02
7.686	1.72E-02
7.686	1.72E-02
7.687	1.72E-02
7.687	1.72E-02
7.688	1.72E-02
7.688	1.72E-02
7.688	1.72E-02
7.689	1.72E-02
7.689	1.72E-02
7.69	1.72E-02
7.69	1.72E-02
7.691	1.72E-02
7.692	1.72E-02
7.692	1.72E-02
7.693	1.72E-02
7.693	1.72E-02
7.694	1.72E-02
7.694	1.72E-02
7.694	1.72E-02
7.695	1.72E-02
7.695	1.72E-02
7.696	1.72E-02
7.696	1.72E-02
7.697	1.72E-02
7.698	1.72E-02
7.698	1.72E-02
7.699	1.72E-02
7.699	1.72E-02
7.7	1.72E-02
7.7	1.72E-02
7.701	1.72E-02
7.701	1.72E-02
7.701	1.72E-02
7.702	1.72E-02
7.702	1.72E-02
7.703	1.72E-02
7.703	1.72E-02
7.704	1.72E-02
7.705	1.72E-02
7.705	1.72E-02
7.706	1.73E-02
7.706	1.73E-02
7.707	1.73E-02
7.707	1.73E-02
7.707	1.73E-02
7.708	1.73E-02
7.708	1.73E-02
7.709	1.73E-02
7.709	1.73E-02
7.71	1.73E-02
7.71	1.73E-02
7.711	1.73E-02
7.712	1.73E-02
7.712	1.73E-02
7.713	1.73E-02
7.713	1.73E-02
7.714	1.73E-02
7.714	1.73E-02
7.714	1.73E-02
7.715	1.73E-02
7.715	1.73E-02
7.716	1.73E-02
7.716	1.73E-02
7.717	1.73E-02
7.718	1.73E-02
7.718	1.73E-02
7.719	1.73E-02
7.719	1.73E-02
7.72	1.73E-02
7.72	1.73E-02
7.72	1.73E-02
7.721	1.73E-02
7.721	1.73E-02
7.722	1.73E-02
7.722	1.73E-02
7.723	1.73E-02
7.723	1.73E-02
7.724	1.73E-02
7.725	1.73E-02
7.725	1.73E-02
7.726	1.73E-02
7.726	1.73E-02
7.727	1.73E-02
7.727	1.73E-02
7.727	1.73E-02
7.728	1.73E-02
7.728	1.73E-02
7.729	1.73E-02
7.729	1.73E-02
7.73	1.73E-02
7.731	1.73E-02
7.731	1.73E-02
7.732	1.74E-02
7.732	1.74E-02
7.733	1.74E-02
7.733	1.74E-02
7.734	1.74E-02
7.734	1.74E-02
7.734	1.74E-02
7.735	1.74E-02
7.735	1.74E-02
7.736	1.74E-02
7.736	1.74E-02
7.737	1.74E-02
7.738	1.74E-02
7.738	1.74E-02
7.739	1.74E-02
7.739	1.74E-02
7.74	1.74E-02
7.74	1.74E-02
7.74	1.74E-02
7.741	1.74E-02
7.741	1.74E-02
7.742	1.74E-02
7.742	1.74E-02
7.743	1.74E-02
7.744	1.74E-02
7.744	1.74E-02
7.745	1.74E-02
7.745	1.74E-02
7.746	1.74E-02
7.746	1.74E-02
7.747	1.74E-02
7.747	1.74E-02
7.747	1.74E-02
7.748	1.74E-02
7.748	1.74E-02
7.749	1.74E-02
7.749	1.74E-02
7.75	1.74E-02
7.751	1.74E-02
7.751	1.74E-02
7.752	1.74E-02
7.752	1.74E-02
7.753	1.74E-02
7.753	1.74E-02
7.753	1.74E-02
7.754	1.74E-02
7.754	1.74E-02
7.755	1.74E-02
7.755	1.74E-02
7.756	1.74E-02
7.756	1.74E-02
7.757	1.74E-02
7.758	1.75E-02
7.758	1.75E-02
7.759	1.75E-02
7.759	1.75E-02
7.76	1.75E-02
7.76	1.75E-02
7.76	1.75E-02
7.761	1.75E-02
7.761	1.75E-02
7.762	1.75E-02
7.762	1.75E-02
7.763	1.75E-02
7.764	1.75E-02
7.764	1.75E-02
7.765	1.75E-02
7.765	1.75E-02
7.766	1.75E-02
7.766	1.75E-02
7.766	1.75E-02
7.767	1.75E-02
7.767	1.75E-02
7.768	1.75E-02
7.768	1.75E-02
7.769	1.75E-02
7.769	1.75E-02
7.77	1.75E-02
7.771	1.75E-02
7.771	1.75E-02
7.772	1.75E-02
7.772	1.75E-02
7.773	1.75E-02
7.773	1.75E-02
7.773	1.75E-02
7.774	1.75E-02
7.774	1.75E-02
7.775	1.75E-02
7.775	1.75E-02
7.776	1.75E-02
7.777	1.75E-02
7.777	1.75E-02
7.778	1.75E-02
7.778	1.75E-02
7.779	1.75E-02
7.779	1.75E-02
7.78	1.75E-02
7.78	1.75E-02
7.78	1.75E-02
7.781	1.75E-02
7.781	1.75E-02
7.782	1.75E-02
7.782	1.75E-02
7.783	1.75E-02
7.784	1.76E-02
7.784	1.76E-02
7.785	1.76E-02
7.785	1.76E-02
7.786	1.76E-02
7.786	1.76E-02
7.786	1.76E-02
7.787	1.76E-02
7.787	1.76E-02
7.788	1.76E-02
7.788	1.76E-02
7.789	1.76E-02
7.79	1.76E-02
7.79	1.76E-02
7.791	1.76E-02
7.791	1.76E-02
7.792	1.76E-02
7.792	1.76E-02
7.793	1.76E-02
7.793	1.76E-02
7.793	1.76E-02
7.794	1.76E-02
7.794	1.76E-02
7.795	1.76E-02
7.795	1.76E-02
7.796	1.76E-02
7.797	1.76E-02
7.797	1.76E-02
7.798	1.76E-02
7.798	1.76E-02
7.799	1.76E-02
7.799	1.76E-02
7.799	1.76E-02
7.8	1.76E-02
7.8	1.76E-02
7.801	1.76E-02
7.801	1.76E-02
7.802	1.76E-02
7.802	1.76E-02
7.803	1.76E-02
7.804	1.76E-02
7.804	1.76E-02
7.805	1.76E-02
7.805	1.76E-02
7.806	1.76E-02
7.806	1.76E-02
7.806	1.76E-02
7.807	1.76E-02
7.807	1.76E-02
7.808	1.76E-02
7.808	1.76E-02
7.809	1.76E-02
7.81	1.77E-02
7.81	1.77E-02
7.811	1.77E-02
7.811	1.77E-02
7.812	1.77E-02
7.812	1.77E-02
7.812	1.77E-02
7.813	1.77E-02
7.813	1.77E-02
7.814	1.77E-02
7.814	1.77E-02
7.815	1.77E-02
7.815	1.77E-02
7.816	1.77E-02
7.817	1.77E-02
7.817	1.77E-02
7.818	1.77E-02
7.818	1.77E-02
7.819	1.77E-02
7.819	1.77E-02
7.819	1.77E-02
7.82	1.77E-02
7.82	1.77E-02
7.821	1.77E-02
7.821	1.77E-02
7.822	1.77E-02
7.823	1.77E-02
7.823	1.77E-02
7.824	1.77E-02
7.824	1.77E-02
7.825	1.77E-02
7.825	1.77E-02
7.826	1.77E-02
7.826	1.77E-02
7.826	1.77E-02
7.827	1.77E-02
7.827	1.77E-02
7.828	1.77E-02
7.828	1.77E-02
7.829	1.77E-02
7.83	1.77E-02
7.83	1.77E-02
7.831	1.77E-02
7.831	1.77E-02
7.832	1.77E-02
7.832	1.77E-02
7.832	1.77E-02
7.833	1.77E-02
7.833	1.77E-02
7.834	1.77E-02
7.834	1.77E-02
7.835	1.77E-02
7.835	1.77E-02
7.836	1.78E-02
7.837	1.78E-02
7.837	1.78E-02
7.838	1.78E-02
7.838	1.78E-02
7.839	1.78E-02
7.839	1.78E-02
7.839	1.78E-02
7.84	1.78E-02
7.84	1.78E-02
7.841	1.78E-02
7.841	1.78E-02
7.842	1.78E-02
7.843	1.78E-02
7.843	1.78E-02
7.844	1.78E-02
7.844	1.78E-02
7.845	1.78E-02
7.845	1.78E-02
7.845	1.78E-02
7.846	1.78E-02
7.846	1.78E-02
7.847	1.78E-02
7.847	1.78E-02
7.848	1.78E-02
7.848	1.78E-02
7.849	1.78E-02
7.85	1.78E-02
7.85	1.78E-02
7.851	1.78E-02
7.851	1.78E-02
7.852	1.78E-02
7.852	1.78E-02
7.852	1.78E-02
7.853	1.78E-02
7.853	1.78E-02
7.854	1.78E-02
7.854	1.78E-02
7.855	1.78E-02
7.856	1.78E-02
7.856	1.78E-02
7.857	1.78E-02
7.857	1.78E-02
7.858	1.78E-02
7.858	1.78E-02
7.859	1.78E-02
7.859	1.78E-02
7.859	1.78E-02
7.86	1.78E-02
7.86	1.78E-02
7.861	1.78E-02
7.861	1.78E-02
7.862	1.79E-02
7.863	1.79E-02
7.863	1.79E-02
7.864	1.79E-02
7.864	1.79E-02
7.865	1.79E-02
7.865	1.79E-02
7.865	1.79E-02
7.866	1.79E-02
7.866	1.79E-02
7.867	1.79E-02
7.867	1.79E-02
7.868	1.79E-02
7.869	1.79E-02
7.869	1.79E-02
7.87	1.79E-02
7.87	1.79E-02
7.871	1.79E-02
7.871	1.79E-02
7.872	1.79E-02
7.872	1.79E-02
7.872	1.79E-02
7.873	1.79E-02
7.873	1.79E-02
7.874	1.79E-02
7.874	1.79E-02
7.875	1.79E-02
7.876	1.79E-02
7.876	1.79E-02
7.877	1.79E-02
7.877	1.79E-02
7.878	1.79E-02
7.878	1.79E-02
7.878	1.79E-02
7.879	1.79E-02
7.879	1.79E-02
7.88	1.79E-02
7.88	1.79E-02
7.881	1.79E-02
7.881	1.79E-02
7.882	1.79E-02
7.883	1.79E-02
7.883	1.79E-02
7.884	1.79E-02
7.884	1.79E-02
7.885	1.79E-02
7.885	1.79E-02
7.885	1.79E-02
7.886	1.79E-02
7.886	1.79E-02
7.887	1.79E-02
7.887	1.79E-02
7.888	1.79E-02
7.889	1.80E-02
7.889	1.80E-02
7.89	1.80E-02
7.89	1.80E-02
7.891	1.80E-02
7.891	1.80E-02
7.891	1.80E-02
7.892	1.80E-02
7.892	1.80E-02
7.893	1.80E-02
7.893	1.80E-02
7.894	1.80E-02
7.894	1.80E-02
7.895	1.80E-02
7.896	1.80E-02
7.896	1.80E-02
7.897	1.80E-02
7.897	1.80E-02
7.898	1.80E-02
7.898	1.80E-02
7.898	1.80E-02
7.899	1.80E-02
7.899	1.80E-02
7.9	1.80E-02
7.9	1.80E-02
7.901	1.80E-02
7.902	1.80E-02
7.902	1.80E-02
7.903	1.80E-02
7.903	1.80E-02
7.904	1.80E-02
7.904	1.80E-02
7.905	1.80E-02
7.905	1.80E-02
7.905	1.80E-02
7.906	1.80E-02
7.906	1.80E-02
7.907	1.80E-02
7.907	1.80E-02
7.908	1.80E-02
7.909	1.80E-02
7.909	1.80E-02
7.91	1.80E-02
7.91	1.80E-02
7.911	1.80E-02
7.911	1.80E-02
7.911	1.80E-02
7.912	1.80E-02
7.912	1.80E-02
7.913	1.80E-02
7.913	1.80E-02
7.914	1.80E-02
7.915	1.80E-02
7.915	1.81E-02
7.916	1.81E-02
7.916	1.81E-02
7.917	1.81E-02
7.917	1.81E-02
7.918	1.81E-02
7.918	1.81E-02
7.918	1.81E-02
7.919	1.81E-02
7.919	1.81E-02
7.92	1.81E-02
7.92	1.81E-02
7.921	1.81E-02
7.922	1.81E-02
7.922	1.81E-02
7.923	1.81E-02
7.923	1.81E-02
7.924	1.81E-02
7.924	1.81E-02
7.924	1.81E-02
7.925	1.81E-02
7.925	1.81E-02
7.926	1.81E-02
7.926	1.81E-02
7.927	1.81E-02
7.927	1.81E-02
7.928	1.81E-02
7.929	1.81E-02
7.929	1.81E-02
7.93	1.81E-02
7.93	1.81E-02
7.931	1.81E-02
7.931	1.81E-02
7.931	1.81E-02
7.932	1.81E-02
7.932	1.81E-02
7.933	1.81E-02
7.933	1.81E-02
7.934	1.81E-02
7.935	1.81E-02
7.935	1.81E-02
7.936	1.81E-02
7.936	1.81E-02
7.937	1.81E-02
7.937	1.81E-02
7.938	1.81E-02
7.938	1.81E-02
7.938	1.81E-02
7.939	1.81E-02
7.939	1.81E-02
7.94	1.81E-02
7.94	1.81E-02
7.941	1.81E-02
7.942	1.82E-02
7.942	1.82E-02
7.943	1.82E-02
7.943	1.82E-02
7.944	1.82E-02
7.944	1.82E-02
7.944	1.82E-02
7.945	1.82E-02
7.945	1.82E-02
7.946	1.82E-02
7.946	1.82E-02
7.947	1.82E-02
7.948	1.82E-02
7.948	1.82E-02
7.949	1.82E-02
7.949	1.82E-02
7.95	1.82E-02
7.95	1.82E-02
7.951	1.82E-02
7.951	1.82E-02
7.951	1.82E-02
7.952	1.82E-02
7.952	1.82E-02
7.953	1.82E-02
7.953	1.82E-02
7.954	1.82E-02
7.955	1.82E-02
7.955	1.82E-02
7.956	1.82E-02
7.956	1.82E-02
7.957	1.82E-02
7.957	1.82E-02
7.957	1.82E-02
7.958	1.82E-02
7.958	1.82E-02
7.959	1.82E-02
7.959	1.82E-02
7.96	1.82E-02
7.96	1.82E-02
7.961	1.82E-02
7.962	1.82E-02
7.962	1.82E-02
7.963	1.82E-02
7.963	1.82E-02
7.964	1.82E-02
7.964	1.82E-02
7.964	1.82E-02
7.965	1.82E-02
7.965	1.82E-02
7.966	1.82E-02
7.966	1.82E-02
7.967	1.82E-02
7.968	1.82E-02
7.968	1.83E-02
7.969	1.83E-02
7.969	1.83E-02
7.97	1.83E-02
7.97	1.83E-02
7.97	1.83E-02
7.971	1.83E-02
7.971	1.83E-02
7.972	1.83E-02
7.972	1.83E-02
7.973	1.83E-02
7.973	1.83E-02
7.974	1.83E-02
7.975	1.83E-02
7.975	1.83E-02
7.976	1.83E-02
7.976	1.83E-02
7.977	1.83E-02
7.977	1.83E-02
7.977	1.83E-02
7.978	1.83E-02
7.978	1.83E-02
7.979	1.83E-02
7.979	1.83E-02
7.98	1.83E-02
7.981	1.83E-02
7.981	1.83E-02
7.982	1.83E-02
7.982	1.83E-02
7.983	1.83E-02
7.983	1.83E-02
7.984	1.83E-02
7.984	1.83E-02
7.984	1.83E-02
7.985	1.83E-02
7.985	1.83E-02
7.986	1.83E-02
7.986	1.83E-02
7.987	1.83E-02
7.988	1.83E-02
7.988	1.83E-02
7.989	1.83E-02
7.989	1.83E-02
7.99	1.83E-02
7.99	1.83E-02
7.99	1.83E-02
7.991	1.83E-02
7.991	1.83E-02
7.992	1.83E-02
7.992	1.83E-02
7.993	1.83E-02
7.994	1.83E-02
7.994	1.83E-02
7.995	1.84E-02
7.995	1.84E-02
7.996	1.84E-02
7.996	1.84E-02
7.997	1.84E-02
7.997	1.84E-02
7.997	1.84E-02
7.998	1.84E-02
7.998	1.84E-02
7.999	1.84E-02
7.999	1.84E-02
8	1.84E-02
8	1.84E-02
8.001	1.84E-02
8.002	1.84E-02
8.002	1.84E-02
8.002	1.84E-02
8.003	1.84E-02
8.003	1.84E-02
8.004	1.84E-02
8.005	1.84E-02
8.005	1.84E-02
8.005	1.84E-02
8.006	1.84E-02
8.007	1.84E-02
8.007	1.84E-02
8.007	1.84E-02
8.008	1.84E-02
8.009	1.84E-02
8.009	1.84E-02
8.009	1.84E-02
8.01	1.84E-02
8.01	1.84E-02
8.011	1.84E-02
8.012	1.84E-02
8.012	1.84E-02
8.012	1.84E-02
8.013	1.84E-02
8.014	1.84E-02
8.014	1.84E-02
8.014	1.84E-02
8.015	1.84E-02
8.016	1.84E-02
8.016	1.84E-02
8.017	1.84E-02
8.017	1.84E-02
8.017	1.84E-02
8.018	1.84E-02
8.019	1.84E-02
8.019	1.84E-02
8.019	1.84E-02
8.02	1.84E-02
8.021	1.84E-02
8.021	1.84E-02
8.021	1.85E-02
8.022	1.85E-02
8.023	1.85E-02
8.023	1.85E-02
8.024	1.85E-02
8.024	1.85E-02
8.024	1.85E-02
8.025	1.85E-02
8.026	1.85E-02
8.026	1.85E-02
8.026	1.85E-02
8.027	1.85E-02
8.028	1.85E-02
8.028	1.85E-02
8.028	1.85E-02
8.029	1.85E-02
8.03	1.85E-02
8.03	1.85E-02
8.031	1.85E-02
8.031	1.85E-02
8.031	1.85E-02
8.032	1.85E-02
8.033	1.85E-02
8.033	1.85E-02
8.033	1.85E-02
8.034	1.85E-02
8.035	1.85E-02
8.035	1.85E-02
8.035	1.85E-02
8.036	1.85E-02
8.036	1.85E-02
8.037	1.85E-02
8.038	1.85E-02
8.038	1.85E-02
8.038	1.85E-02
8.039	1.85E-02
8.04	1.85E-02
8.04	1.85E-02
8.04	1.85E-02
8.041	1.85E-02
8.042	1.85E-02
8.042	1.85E-02
8.042	1.85E-02
8.043	1.85E-02
8.043	1.85E-02
8.044	1.85E-02
8.045	1.85E-02
8.045	1.85E-02
8.045	1.85E-02
8.046	1.85E-02
8.047	1.85E-02
8.047	1.85E-02
8.047	1.85E-02
8.048	1.86E-02
8.049	1.86E-02
8.049	1.86E-02
8.05	1.86E-02
8.05	1.86E-02
8.05	1.86E-02
8.051	1.86E-02
8.052	1.86E-02
8.052	1.86E-02
8.052	1.86E-02
8.053	1.86E-02
8.054	1.86E-02
8.054	1.86E-02
8.054	1.86E-02
8.055	1.86E-02
8.056	1.86E-02
8.056	1.86E-02
8.057	1.86E-02
8.057	1.86E-02
8.057	1.86E-02
8.058	1.86E-02
8.059	1.86E-02
8.059	1.86E-02
8.059	1.86E-02
8.06	1.86E-02
8.061	1.86E-02
8.061	1.86E-02
8.061	1.86E-02
8.062	1.86E-02
8.062	1.86E-02
8.063	1.86E-02
8.064	1.86E-02
8.064	1.86E-02
8.064	1.86E-02
8.065	1.86E-02
8.066	1.86E-02
8.066	1.86E-02
8.066	1.86E-02
8.067	1.86E-02
8.068	1.86E-02
8.068	1.86E-02
8.068	1.86E-02
8.069	1.86E-02
8.069	1.86E-02
8.07	1.86E-02
8.071	1.86E-02
8.071	1.86E-02
8.071	1.86E-02
8.072	1.86E-02
8.073	1.86E-02
8.073	1.86E-02
8.073	1.86E-02
8.074	1.86E-02
8.075	1.86E-02
8.075	1.87E-02
8.075	1.87E-02
8.076	1.87E-02
8.076	1.87E-02
8.077	1.87E-02
8.078	1.87E-02
8.078	1.87E-02
8.078	1.87E-02
8.079	1.87E-02
8.08	1.87E-02
8.08	1.87E-02
8.08	1.87E-02
8.081	1.87E-02
8.082	1.87E-02
8.082	1.87E-02
8.083	1.87E-02
8.083	1.87E-02
8.083	1.87E-02
8.084	1.87E-02
8.085	1.87E-02
8.085	1.87E-02
8.085	1.87E-02
8.086	1.87E-02
8.087	1.87E-02
8.087	1.87E-02
8.087	1.87E-02
8.088	1.87E-02
8.089	1.87E-02
8.089	1.87E-02
8.09	1.87E-02
8.09	1.87E-02
8.09	1.87E-02
8.091	1.87E-02
8.092	1.87E-02
8.092	1.87E-02
8.092	1.87E-02
8.093	1.87E-02
8.094	1.87E-02
8.094	1.87E-02
8.094	1.87E-02
8.095	1.87E-02
8.095	1.87E-02
8.096	1.87E-02
8.097	1.87E-02
8.097	1.87E-02
8.097	1.87E-02
8.098	1.87E-02
8.099	1.87E-02
8.099	1.87E-02
8.099	1.87E-02
8.1	1.87E-02
8.101	1.87E-02
8.101	1.87E-02
8.101	1.87E-02
8.102	1.88E-02
8.102	1.88E-02
8.103	1.88E-02
8.104	1.88E-02
8.104	1.88E-02
8.104	1.88E-02
8.105	1.88E-02
8.106	1.88E-02
8.106	1.88E-02
8.106	1.88E-02
8.107	1.88E-02
8.108	1.88E-02
8.108	1.88E-02
8.108	1.88E-02
8.109	1.88E-02
8.109	1.88E-02
8.11	1.88E-02
8.111	1.88E-02
8.111	1.88E-02
8.111	1.88E-02
8.112	1.88E-02
8.113	1.88E-02
8.113	1.88E-02
8.113	1.88E-02
8.114	1.88E-02
8.115	1.88E-02
8.115	1.88E-02
8.116	1.88E-02
8.116	1.88E-02
8.116	1.88E-02
8.117	1.88E-02
8.118	1.88E-02
8.118	1.88E-02
8.118	1.88E-02
8.119	1.88E-02
8.12	1.88E-02
8.12	1.88E-02
8.12	1.88E-02
8.121	1.88E-02
8.122	1.88E-02
8.122	1.88E-02
8.123	1.88E-02
8.123	1.88E-02
8.123	1.88E-02
8.124	1.88E-02
8.125	1.88E-02
8.125	1.88E-02
8.125	1.88E-02
8.126	1.88E-02
8.127	1.88E-02
8.127	1.88E-02
8.127	1.88E-02
8.128	1.88E-02
8.128	1.88E-02
8.129	1.89E-02
8.13	1.89E-02
8.13	1.89E-02
8.13	1.89E-02
8.131	1.89E-02
8.132	1.89E-02
8.132	1.89E-02
8.132	1.89E-02
8.133	1.89E-02
8.134	1.89E-02
8.134	1.89E-02
8.134	1.89E-02
8.135	1.89E-02
8.135	1.89E-02
8.136	1.89E-02
8.137	1.89E-02
8.137	1.89E-02
8.137	1.89E-02
8.138	1.89E-02
8.139	1.89E-02
8.139	1.89E-02
8.139	1.89E-02
8.14	1.89E-02
8.141	1.89E-02
8.141	1.89E-02
8.142	1.89E-02
8.142	1.89E-02
8.142	1.89E-02
8.143	1.89E-02
8.144	1.89E-02
8.144	1.89E-02
8.144	1.89E-02
8.145	1.89E-02
8.146	1.89E-02
8.146	1.89E-02
8.146	1.89E-02
8.147	1.89E-02
8.148	1.89E-02
8.148	1.89E-02
8.149	1.89E-02
8.149	1.89E-02
8.149	1.89E-02
8.15	1.89E-02
8.151	1.89E-02
8.151	1.89E-02
8.151	1.89E-02
8.152	1.89E-02
8.153	1.89E-02
8.153	1.89E-02
8.153	1.89E-02
8.154	1.89E-02
8.155	1.89E-02
8.155	1.89E-02
8.156	1.89E-02
8.156	1.90E-02
8.156	1.90E-02
8.157	1.90E-02
8.158	1.90E-02
8.158	1.90E-02
8.158	1.90E-02
8.159	1.90E-02
8.16	1.90E-02
8.16	1.90E-02
8.16	1.90E-02
8.161	1.90E-02
8.161	1.90E-02
8.162	1.90E-02
8.163	1.90E-02
8.163	1.90E-02
8.163	1.90E-02
8.164	1.90E-02
8.165	1.90E-02
8.165	1.90E-02
8.165	1.90E-02
8.166	1.90E-02
8.167	1.90E-02
8.167	1.90E-02
8.167	1.90E-02
8.168	1.90E-02
8.168	1.90E-02
8.169	1.90E-02
8.17	1.90E-02
8.17	1.90E-02
8.17	1.90E-02
8.171	1.90E-02
8.172	1.90E-02
8.172	1.90E-02
8.172	1.90E-02
8.173	1.90E-02
8.174	1.90E-02
8.174	1.90E-02
8.175	1.90E-02
8.175	1.90E-02
8.175	1.90E-02
8.176	1.90E-02
8.177	1.90E-02
8.177	1.90E-02
8.177	1.90E-02
8.178	1.90E-02
8.179	1.90E-02
8.179	1.90E-02
8.179	1.90E-02
8.18	1.90E-02
8.181	1.90E-02
8.181	1.90E-02
8.182	1.90E-02
8.182	1.90E-02
8.182	1.90E-02
8.183	1.91E-02
8.184	1.91E-02
8.184	1.91E-02
8.184	1.91E-02
8.185	1.91E-02
8.186	1.91E-02
8.186	1.91E-02
8.186	1.91E-02
8.187	1.91E-02
8.188	1.91E-02
8.188	1.91E-02
8.189	1.91E-02
8.189	1.91E-02
8.189	1.91E-02
8.19	1.91E-02
8.191	1.91E-02
8.191	1.91E-02
8.191	1.91E-02
8.192	1.91E-02
8.193	1.91E-02
8.193	1.91E-02
8.193	1.91E-02
8.194	1.91E-02
8.194	1.91E-02
8.195	1.91E-02
8.196	1.91E-02
8.196	1.91E-02
8.196	1.91E-02
8.197	1.91E-02
8.198	1.91E-02
8.198	1.91E-02
8.198	1.91E-02
8.199	1.91E-02
8.2	1.91E-02
8.2	1.91E-02
8.2	1.91E-02
8.201	1.91E-02
8.201	1.91E-02
8.202	1.91E-02
8.203	1.91E-02
8.203	1.91E-02
8.203	1.91E-02
8.204	1.91E-02
8.205	1.91E-02
8.205	1.91E-02
8.205	1.91E-02
8.206	1.91E-02
8.207	1.91E-02
8.207	1.91E-02
8.208	1.91E-02
8.208	1.91E-02
8.208	1.91E-02
8.209	1.91E-02
8.21	1.91E-02
8.21	1.91E-02
8.21	1.92E-02
8.211	1.92E-02
8.212	1.92E-02
8.212	1.92E-02
8.212	1.92E-02
8.213	1.92E-02
8.214	1.92E-02
8.214	1.92E-02
8.215	1.92E-02
8.215	1.92E-02
8.215	1.92E-02
8.216	1.92E-02
8.217	1.92E-02
8.217	1.92E-02
8.217	1.92E-02
8.218	1.92E-02
8.219	1.92E-02
8.219	1.92E-02
8.219	1.92E-02
8.22	1.92E-02
8.22	1.92E-02
8.221	1.92E-02
8.222	1.92E-02
8.222	1.92E-02
8.222	1.92E-02
8.223	1.92E-02
8.224	1.92E-02
8.224	1.92E-02
8.224	1.92E-02
8.225	1.92E-02
8.226	1.92E-02
8.226	1.92E-02
8.226	1.92E-02
8.227	1.92E-02
8.227	1.92E-02
8.228	1.92E-02
8.229	1.92E-02
8.229	1.92E-02
8.229	1.92E-02
8.23	1.92E-02
8.231	1.92E-02
8.231	1.92E-02
8.231	1.92E-02
8.232	1.92E-02
8.233	1.92E-02
8.233	1.92E-02
8.233	1.92E-02
8.234	1.92E-02
8.234	1.92E-02
8.235	1.92E-02
8.236	1.92E-02
8.236	1.92E-02
8.236	1.92E-02
8.237	1.92E-02
8.238	1.92E-02
8.238	1.93E-02
8.238	1.93E-02
8.239	1.93E-02
8.24	1.93E-02
8.24	1.93E-02
8.241	1.93E-02
8.241	1.93E-02
8.241	1.93E-02
8.242	1.93E-02
8.243	1.93E-02
8.243	1.93E-02
8.243	1.93E-02
8.244	1.93E-02
8.245	1.93E-02
8.245	1.93E-02
8.245	1.93E-02
8.246	1.93E-02
8.247	1.93E-02
8.247	1.93E-02
8.248	1.93E-02
8.248	1.93E-02
8.248	1.93E-02
8.249	1.93E-02
8.25	1.93E-02
8.25	1.93E-02
8.25	1.93E-02
8.251	1.93E-02
8.252	1.93E-02
8.252	1.93E-02
8.252	1.93E-02
8.253	1.93E-02
8.253	1.93E-02
8.254	1.93E-02
8.255	1.93E-02
8.255	1.93E-02
8.255	1.93E-02
8.256	1.93E-02
8.257	1.93E-02
8.257	1.93E-02
8.257	1.93E-02
8.258	1.93E-02
8.259	1.93E-02
8.259	1.93E-02
8.259	1.93E-02
8.26	1.93E-02
8.26	1.93E-02
8.261	1.93E-02
8.262	1.93E-02
8.262	1.93E-02
8.262	1.93E-02
8.263	1.93E-02
8.264	1.93E-02
8.264	1.93E-02
8.264	1.93E-02
8.265	1.93E-02
8.266	1.94E-02
8.266	1.94E-02
8.267	1.94E-02
8.267	1.94E-02
8.267	1.94E-02
8.268	1.94E-02
8.269	1.94E-02
8.269	1.94E-02
8.269	1.94E-02
8.27	1.94E-02
8.271	1.94E-02
8.271	1.94E-02
8.271	1.94E-02
8.272	1.94E-02
8.273	1.94E-02
8.273	1.94E-02
8.274	1.94E-02
8.274	1.94E-02
8.274	1.94E-02
8.275	1.94E-02
8.276	1.94E-02
8.276	1.94E-02
8.276	1.94E-02
8.277	1.94E-02
8.278	1.94E-02
8.278	1.94E-02
8.278	1.94E-02
8.279	1.94E-02
8.28	1.94E-02
8.28	1.94E-02
8.281	1.94E-02
8.281	1.94E-02
8.281	1.94E-02
8.282	1.94E-02
8.283	1.94E-02
8.283	1.94E-02
8.283	1.94E-02
8.284	1.94E-02
8.285	1.94E-02
8.285	1.94E-02
8.285	1.94E-02
8.286	1.94E-02
8.286	1.94E-02
8.287	1.94E-02
8.288	1.94E-02
8.288	1.94E-02
8.288	1.94E-02
8.289	1.94E-02
8.29	1.94E-02
8.29	1.94E-02
8.29	1.94E-02
8.291	1.94E-02
8.292	1.94E-02
8.292	1.94E-02
8.292	1.94E-02
8.293	1.95E-02
8.293	1.95E-02
8.294	1.95E-02
8.295	1.95E-02
8.295	1.95E-02
8.295	1.95E-02
8.296	1.95E-02
8.297	1.95E-02
8.297	1.95E-02
8.297	1.95E-02
8.298	1.95E-02
8.299	1.95E-02
8.299	1.95E-02
8.3	1.95E-02
8.3	1.95E-02
8.3	1.95E-02
8.301	1.95E-02
8.302	1.95E-02
8.302	1.95E-02
8.302	1.95E-02
8.303	1.95E-02
8.304	1.95E-02
8.304	1.95E-02
8.304	1.95E-02
8.305	1.95E-02
8.306	1.95E-02
8.306	1.95E-02
8.307	1.95E-02
8.307	1.95E-02
8.307	1.95E-02
8.308	1.95E-02
8.309	1.95E-02
8.309	1.95E-02
8.309	1.95E-02
8.31	1.95E-02
8.311	1.95E-02
8.311	1.95E-02
8.311	1.95E-02
8.312	1.95E-02
8.312	1.95E-02
8.313	1.95E-02
8.314	1.95E-02
8.314	1.95E-02
8.314	1.95E-02
8.315	1.95E-02
8.316	1.95E-02
8.316	1.95E-02
8.316	1.95E-02
8.317	1.95E-02
8.318	1.95E-02
8.318	1.95E-02
8.318	1.95E-02
8.319	1.95E-02
8.319	1.95E-02
8.32	1.95E-02
8.321	1.96E-02
8.321	1.96E-02
8.321	1.96E-02
8.322	1.96E-02
8.323	1.96E-02
8.323	1.96E-02
8.323	1.96E-02
8.324	1.96E-02
8.325	1.96E-02
8.325	1.96E-02
8.325	1.96E-02
8.326	1.96E-02
8.326	1.96E-02
8.327	1.96E-02
8.328	1.96E-02
8.328	1.96E-02
8.328	1.96E-02
8.329	1.96E-02
8.33	1.96E-02
8.33	1.96E-02
8.33	1.96E-02
8.331	1.96E-02
8.332	1.96E-02
8.332	1.96E-02
8.333	1.96E-02
8.333	1.96E-02
8.333	1.96E-02
8.334	1.96E-02
8.335	1.96E-02
8.335	1.96E-02
8.335	1.96E-02
8.336	1.96E-02
8.337	1.96E-02
8.337	1.96E-02
8.337	1.96E-02
8.338	1.96E-02
8.339	1.96E-02
8.339	1.96E-02
8.34	1.96E-02
8.34	1.96E-02
8.34	1.96E-02
8.341	1.96E-02
8.342	1.96E-02
8.342	1.96E-02
8.342	1.96E-02
8.343	1.96E-02
8.344	1.96E-02
8.344	1.96E-02
8.344	1.96E-02
8.345	1.96E-02
8.345	1.96E-02
8.346	1.96E-02
8.347	1.96E-02
8.347	1.96E-02
8.347	1.96E-02
8.348	1.96E-02
8.349	1.97E-02
8.349	1.97E-02
8.349	1.97E-02
8.35	1.97E-02
8.351	1.97E-02
8.351	1.97E-02
8.351	1.97E-02
8.352	1.97E-02
8.352	1.97E-02
8.353	1.97E-02
8.354	1.97E-02
8.354	1.97E-02
8.354	1.97E-02
8.355	1.97E-02
8.356	1.97E-02
8.356	1.97E-02
8.356	1.97E-02
8.357	1.97E-02
8.358	1.97E-02
8.358	1.97E-02
8.358	1.97E-02
8.359	1.97E-02
8.359	1.97E-02
8.36	1.97E-02
8.361	1.97E-02
8.361	1.97E-02
8.361	1.97E-02
8.362	1.97E-02
8.363	1.97E-02
8.363	1.97E-02
8.363	1.97E-02
8.364	1.97E-02
8.365	1.97E-02
8.365	1.97E-02
8.366	1.97E-02
8.366	1.97E-02
8.366	1.97E-02
8.367	1.97E-02
8.368	1.97E-02
8.368	1.97E-02
8.368	1.97E-02
8.369	1.97E-02
8.37	1.97E-02
8.37	1.97E-02
8.37	1.97E-02
8.371	1.97E-02
8.372	1.97E-02
8.372	1.97E-02
8.373	1.97E-02
8.373	1.97E-02
8.373	1.97E-02
8.374	1.97E-02
8.375	1.97E-02
8.375	1.97E-02
8.375	1.97E-02
8.376	1.98E-02
8.377	1.98E-02
8.377	1.98E-02
8.377	1.98E-02
8.378	1.98E-02
8.378	1.98E-02
8.379	1.98E-02
8.38	1.98E-02
8.38	1.98E-02
8.38	1.98E-02
8.381	1.98E-02
8.382	1.98E-02
8.382	1.98E-02
8.382	1.98E-02
8.383	1.98E-02
8.384	1.98E-02
8.384	1.98E-02
8.384	1.98E-02
8.385	1.98E-02
8.385	1.98E-02
8.386	1.98E-02
8.387	1.98E-02
8.387	1.98E-02
8.387	1.98E-02
8.388	1.98E-02
8.389	1.98E-02
8.389	1.98E-02
8.389	1.98E-02
8.39	1.98E-02
8.391	1.98E-02
8.391	1.98E-02
8.392	1.98E-02
8.392	1.98E-02
8.392	1.98E-02
8.393	1.98E-02
8.394	1.98E-02
8.394	1.98E-02
8.394	1.98E-02
8.395	1.98E-02
8.396	1.98E-02
8.396	1.98E-02
8.396	1.98E-02
8.397	1.98E-02
8.398	1.98E-02
8.398	1.98E-02
8.399	1.98E-02
8.399	1.98E-02
8.399	1.98E-02
8.4	1.98E-02
8.401	1.98E-02
8.401	1.98E-02
8.401	1.98E-02
8.402	1.98E-02
8.403	1.98E-02
8.403	1.98E-02
8.403	1.98E-02
8.404	1.99E-02
8.405	1.99E-02
8.405	1.99E-02
8.406	1.99E-02
8.406	1.99E-02
8.406	1.99E-02
8.407	1.99E-02
8.408	1.99E-02
8.408	1.99E-02
8.408	1.99E-02
8.409	1.99E-02
8.41	1.99E-02
8.41	1.99E-02
8.41	1.99E-02
8.411	1.99E-02
8.411	1.99E-02
8.412	1.99E-02
8.413	1.99E-02
8.413	1.99E-02
8.413	1.99E-02
8.414	1.99E-02
8.415	1.99E-02
8.415	1.99E-02
8.415	1.99E-02
8.416	1.99E-02
8.417	1.99E-02
8.417	1.99E-02
8.417	1.99E-02
8.418	1.99E-02
8.418	1.99E-02
8.419	1.99E-02
8.42	1.99E-02
8.42	1.99E-02
8.42	1.99E-02
8.421	1.99E-02
8.422	1.99E-02
8.422	1.99E-02
8.422	1.99E-02
8.423	1.99E-02
8.424	1.99E-02
8.424	1.99E-02
8.425	1.99E-02
8.425	1.99E-02
8.425	1.99E-02
8.426	1.99E-02
8.427	1.99E-02
8.427	1.99E-02
8.427	1.99E-02
8.428	1.99E-02
8.429	1.99E-02
8.429	1.99E-02
8.429	1.99E-02
8.43	1.99E-02
8.431	1.99E-02
8.431	1.99E-02
8.432	1.99E-02
8.432	2.00E-02
8.432	2.00E-02
8.433	2.00E-02
8.434	2.00E-02
8.434	2.00E-02
8.434	2.00E-02
8.435	2.00E-02
8.436	2.00E-02
8.436	2.00E-02
8.436	2.00E-02
8.437	2.00E-02
8.438	2.00E-02
8.438	2.00E-02
8.439	2.00E-02
8.439	2.00E-02
8.439	2.00E-02
8.44	2.00E-02
8.441	2.00E-02
8.441	2.00E-02
8.441	2.00E-02
8.442	2.00E-02
8.443	2.00E-02
8.443	2.00E-02
8.443	2.00E-02
8.444	2.00E-02
8.444	2.00E-02
8.445	2.00E-02
8.446	2.00E-02
8.446	2.00E-02
8.446	2.00E-02
8.447	2.00E-02
8.448	2.00E-02
8.448	2.00E-02
8.448	2.00E-02
8.449	2.00E-02
8.45	2.00E-02
8.45	2.00E-02
8.45	2.00E-02
8.451	2.00E-02
8.451	2.00E-02
8.452	2.00E-02
8.453	2.00E-02
8.453	2.00E-02
8.453	2.00E-02
8.454	2.00E-02
8.455	2.00E-02
8.455	2.00E-02
8.455	2.00E-02
8.456	2.00E-02
8.457	2.00E-02
8.457	2.00E-02
8.458	2.00E-02
8.458	2.00E-02
8.458	2.00E-02
8.459	2.00E-02
8.46	2.00E-02
8.46	2.00E-02
8.46	2.01E-02
8.461	2.01E-02
8.462	2.01E-02
8.462	2.01E-02
8.462	2.01E-02
8.463	2.01E-02
8.464	2.01E-02
8.464	2.01E-02
8.465	2.01E-02
8.465	2.01E-02
8.465	2.01E-02
8.466	2.01E-02
8.467	2.01E-02
8.467	2.01E-02
8.467	2.01E-02
8.468	2.01E-02
8.469	2.01E-02
8.469	2.01E-02
8.469	2.01E-02
8.47	2.01E-02
8.47	2.01E-02
8.471	2.01E-02
8.472	2.01E-02
8.472	2.01E-02
8.472	2.01E-02
8.473	2.01E-02
8.474	2.01E-02
8.474	2.01E-02
8.474	2.01E-02
8.475	2.01E-02
8.476	2.01E-02
8.476	2.01E-02
8.476	2.01E-02
8.477	2.01E-02
8.477	2.01E-02
8.478	2.01E-02
8.479	2.01E-02
8.479	2.01E-02
8.479	2.01E-02
8.48	2.01E-02
8.481	2.01E-02
8.481	2.01E-02
8.481	2.01E-02
8.482	2.01E-02
8.483	2.01E-02
8.483	2.01E-02
8.483	2.01E-02
8.484	2.01E-02
8.484	2.01E-02
8.485	2.01E-02
8.486	2.01E-02
8.486	2.01E-02
8.486	2.01E-02
8.487	2.01E-02
8.488	2.01E-02
8.488	2.01E-02
8.488	2.02E-02
8.489	2.02E-02
8.49	2.02E-02
8.49	2.02E-02
8.491	2.02E-02
8.491	2.02E-02
8.491	2.02E-02
8.492	2.02E-02
8.493	2.02E-02
8.493	2.02E-02
8.493	2.02E-02
8.494	2.02E-02
8.495	2.02E-02
8.495	2.02E-02
8.495	2.02E-02
8.496	2.02E-02
8.497	2.02E-02
8.497	2.02E-02
8.498	2.02E-02
8.498	2.02E-02
8.498	2.02E-02
8.499	2.02E-02
8.5	2.02E-02
8.5	2.02E-02
8.5	2.02E-02
8.501	2.02E-02
8.502	2.02E-02
8.502	2.02E-02
8.502	2.02E-02
8.503	2.02E-02
8.503	2.02E-02
8.504	2.02E-02
8.505	2.02E-02
8.505	2.02E-02
8.505	2.02E-02
8.506	2.02E-02
8.507	2.02E-02
8.507	2.02E-02
8.507	2.02E-02
8.508	2.02E-02
8.509	2.02E-02
8.509	2.02E-02
8.509	2.02E-02
8.51	2.02E-02
8.51	2.02E-02
8.511	2.02E-02
8.512	2.02E-02
8.512	2.02E-02
8.512	2.02E-02
8.513	2.02E-02
8.514	2.02E-02
8.514	2.02E-02
8.514	2.02E-02
8.515	2.02E-02
8.516	2.02E-02
8.516	2.02E-02
8.517	2.02E-02
8.517	2.03E-02
8.517	2.03E-02
8.518	2.03E-02
8.519	2.03E-02
8.519	2.03E-02
8.519	2.03E-02
8.52	2.03E-02
8.521	2.03E-02
8.521	2.03E-02
8.521	2.03E-02
8.522	2.03E-02
8.523	2.03E-02
8.523	2.03E-02
8.524	2.03E-02
8.524	2.03E-02
8.524	2.03E-02
8.525	2.03E-02
8.526	2.03E-02
8.526	2.03E-02
8.526	2.03E-02
8.527	2.03E-02
8.528	2.03E-02
8.528	2.03E-02
8.528	2.03E-02
8.529	2.03E-02
8.53	2.03E-02
8.53	2.03E-02
8.531	2.03E-02
8.531	2.03E-02
8.531	2.03E-02
8.532	2.03E-02
8.533	2.03E-02
8.533	2.03E-02
8.533	2.03E-02
8.534	2.03E-02
8.535	2.03E-02
8.535	2.03E-02
8.535	2.03E-02
8.536	2.03E-02
8.536	2.03E-02
8.537	2.03E-02
8.538	2.03E-02
8.538	2.03E-02
8.538	2.03E-02
8.539	2.03E-02
8.54	2.03E-02
8.54	2.03E-02
8.54	2.03E-02
8.541	2.03E-02
8.542	2.03E-02
8.542	2.03E-02
8.542	2.03E-02
8.543	2.03E-02
8.543	2.03E-02
8.544	2.03E-02
8.545	2.03E-02
8.545	2.03E-02
8.545	2.04E-02
8.546	2.04E-02
8.547	2.04E-02
8.547	2.04E-02
8.547	2.04E-02
8.548	2.04E-02
8.549	2.04E-02
8.549	2.04E-02
8.55	2.04E-02
8.55	2.04E-02
8.55	2.04E-02
8.551	2.04E-02
8.552	2.04E-02
8.552	2.04E-02
8.552	2.04E-02
8.553	2.04E-02
8.554	2.04E-02
8.554	2.04E-02
8.554	2.04E-02
8.555	2.04E-02
8.556	2.04E-02
8.556	2.04E-02
8.557	2.04E-02
8.557	2.04E-02
8.557	2.04E-02
8.558	2.04E-02
8.559	2.04E-02
8.559	2.04E-02
8.559	2.04E-02
8.56	2.04E-02
8.561	2.04E-02
8.561	2.04E-02
8.561	2.04E-02
8.562	2.04E-02
8.562	2.04E-02
8.563	2.04E-02
8.564	2.04E-02
8.564	2.04E-02
8.564	2.04E-02
8.565	2.04E-02
8.566	2.04E-02
8.566	2.04E-02
8.566	2.04E-02
8.567	2.04E-02
8.568	2.04E-02
8.568	2.04E-02
8.568	2.04E-02
8.569	2.04E-02
8.569	2.04E-02
8.57	2.04E-02
8.571	2.04E-02
8.571	2.04E-02
8.571	2.04E-02
8.572	2.04E-02
8.573	2.04E-02
8.573	2.04E-02
8.573	2.04E-02
8.574	2.05E-02
8.575	2.05E-02
8.575	2.05E-02
8.575	2.05E-02
8.576	2.05E-02
8.576	2.05E-02
8.577	2.05E-02
8.578	2.05E-02
8.578	2.05E-02
8.578	2.05E-02
8.579	2.05E-02
8.58	2.05E-02
8.58	2.05E-02
8.58	2.05E-02
8.581	2.05E-02
8.582	2.05E-02
8.582	2.05E-02
8.583	2.05E-02
8.583	2.05E-02
8.583	2.05E-02
8.584	2.05E-02
8.585	2.05E-02
8.585	2.05E-02
8.585	2.05E-02
8.586	2.05E-02
8.587	2.05E-02
8.587	2.05E-02
8.587	2.05E-02
8.588	2.05E-02
8.589	2.05E-02
8.589	2.05E-02
8.59	2.05E-02
8.59	2.05E-02
8.59	2.05E-02
8.591	2.05E-02
8.592	2.05E-02
8.592	2.05E-02
8.592	2.05E-02
8.593	2.05E-02
8.594	2.05E-02
8.594	2.05E-02
8.594	2.05E-02
8.595	2.05E-02
8.595	2.05E-02
8.596	2.05E-02
8.597	2.05E-02
8.597	2.05E-02
8.597	2.05E-02
8.598	2.05E-02
8.599	2.05E-02
8.599	2.05E-02
8.599	2.05E-02
8.6	2.05E-02
8.601	2.05E-02
8.601	2.05E-02
8.601	2.05E-02
8.602	2.05E-02
8.602	2.05E-02
8.603	2.06E-02
8.604	2.06E-02
8.604	2.06E-02
8.604	2.06E-02
8.605	2.06E-02
8.606	2.06E-02
8.606	2.06E-02
8.606	2.06E-02
8.607	2.06E-02
8.608	2.06E-02
8.608	2.06E-02
8.608	2.06E-02
8.609	2.06E-02
8.609	2.06E-02
8.61	2.06E-02
8.611	2.06E-02
8.611	2.06E-02
8.611	2.06E-02
8.612	2.06E-02
8.613	2.06E-02
8.613	2.06E-02
8.613	2.06E-02
8.614	2.06E-02
8.615	2.06E-02
8.615	2.06E-02
8.616	2.06E-02
8.616	2.06E-02
8.616	2.06E-02
8.617	2.06E-02
8.618	2.06E-02
8.618	2.06E-02
8.618	2.06E-02
8.619	2.06E-02
8.62	2.06E-02
8.62	2.06E-02
8.62	2.06E-02
8.621	2.06E-02
8.622	2.06E-02
8.622	2.06E-02
8.623	2.06E-02
8.623	2.06E-02
8.623	2.06E-02
8.624	2.06E-02
8.625	2.06E-02
8.625	2.06E-02
8.625	2.06E-02
8.626	2.06E-02
8.627	2.06E-02
8.627	2.06E-02
8.627	2.06E-02
8.628	2.06E-02
8.628	2.06E-02
8.629	2.06E-02
8.63	2.06E-02
8.63	2.06E-02
8.63	2.06E-02
8.631	2.06E-02
8.632	2.06E-02
8.632	2.07E-02
8.632	2.07E-02
8.633	2.07E-02
8.634	2.07E-02
8.634	2.07E-02
8.634	2.07E-02
8.635	2.07E-02
8.635	2.07E-02
8.636	2.07E-02
8.637	2.07E-02
8.637	2.07E-02
8.637	2.07E-02
8.638	2.07E-02
8.639	2.07E-02
8.639	2.07E-02
8.639	2.07E-02
8.64	2.07E-02
8.641	2.07E-02
8.641	2.07E-02
8.642	2.07E-02
8.642	2.07E-02
8.642	2.07E-02
8.643	2.07E-02
8.644	2.07E-02
8.644	2.07E-02
8.644	2.07E-02
8.645	2.07E-02
8.646	2.07E-02
8.646	2.07E-02
8.646	2.07E-02
8.647	2.07E-02
8.648	2.07E-02
8.648	2.07E-02
8.649	2.07E-02
8.649	2.07E-02
8.649	2.07E-02
8.65	2.07E-02
8.651	2.07E-02
8.651	2.07E-02
8.651	2.07E-02
8.652	2.07E-02
8.653	2.07E-02
8.653	2.07E-02
8.653	2.07E-02
8.654	2.07E-02
8.655	2.07E-02
8.655	2.07E-02
8.656	2.07E-02
8.656	2.07E-02
8.656	2.07E-02
8.657	2.07E-02
8.658	2.07E-02
8.658	2.07E-02
8.658	2.07E-02
8.659	2.07E-02
8.66	2.07E-02
8.66	2.07E-02
8.66	2.07E-02
8.661	2.08E-02
8.661	2.08E-02
8.662	2.08E-02
8.663	2.08E-02
8.663	2.08E-02
8.663	2.08E-02
8.664	2.08E-02
8.665	2.08E-02
8.665	2.08E-02
8.665	2.08E-02
8.666	2.08E-02
8.667	2.08E-02
8.667	2.08E-02
8.667	2.08E-02
8.668	2.08E-02
8.668	2.08E-02
8.669	2.08E-02
8.67	2.08E-02
8.67	2.08E-02
8.67	2.08E-02
8.671	2.08E-02
8.672	2.08E-02
8.672	2.08E-02
8.672	2.08E-02
8.673	2.08E-02
8.674	2.08E-02
8.674	2.08E-02
8.675	2.08E-02
8.675	2.08E-02
8.675	2.08E-02
8.676	2.08E-02
8.677	2.08E-02
8.677	2.08E-02
8.677	2.08E-02
8.678	2.08E-02
8.679	2.08E-02
8.679	2.08E-02
8.679	2.08E-02
8.68	2.08E-02
8.681	2.08E-02
8.681	2.08E-02
8.682	2.08E-02
8.682	2.08E-02
8.682	2.08E-02
8.683	2.08E-02
8.684	2.08E-02
8.684	2.08E-02
8.684	2.08E-02
8.685	2.08E-02
8.686	2.08E-02
8.686	2.08E-02
8.686	2.08E-02
8.687	2.08E-02
8.688	2.08E-02
8.688	2.08E-02
8.689	2.08E-02
8.689	2.08E-02
8.689	2.08E-02
8.69	2.09E-02
8.691	2.09E-02
8.691	2.09E-02
8.691	2.09E-02
8.692	2.09E-02
8.693	2.09E-02
8.693	2.09E-02
8.693	2.09E-02
8.694	2.09E-02
8.694	2.09E-02
8.695	2.09E-02
8.696	2.09E-02
8.696	2.09E-02
8.696	2.09E-02
8.697	2.09E-02
8.698	2.09E-02
8.698	2.09E-02
8.698	2.09E-02
8.699	2.09E-02
8.7	2.09E-02
8.7	2.09E-02
8.7	2.09E-02
8.701	2.09E-02
8.701	2.09E-02
8.702	2.09E-02
8.703	2.09E-02
8.703	2.09E-02
8.703	2.09E-02
8.704	2.09E-02
8.705	2.09E-02
8.705	2.09E-02
8.705	2.09E-02
8.706	2.09E-02
8.707	2.09E-02
8.707	2.09E-02
8.708	2.09E-02
8.708	2.09E-02
8.708	2.09E-02
8.709	2.09E-02
8.71	2.09E-02
8.71	2.09E-02
8.71	2.09E-02
8.711	2.09E-02
8.712	2.09E-02
8.712	2.09E-02
8.712	2.09E-02
8.713	2.09E-02
8.714	2.09E-02
8.714	2.09E-02
8.715	2.09E-02
8.715	2.09E-02
8.715	2.09E-02
8.716	2.09E-02
8.717	2.09E-02
8.717	2.09E-02
8.717	2.09E-02
8.718	2.09E-02
8.719	2.09E-02
8.719	2.09E-02
8.719	2.10E-02
8.72	2.10E-02
8.72	2.10E-02
8.721	2.10E-02
8.722	2.10E-02
8.722	2.10E-02
8.722	2.10E-02
8.723	2.10E-02
8.724	2.10E-02
8.724	2.10E-02
8.724	2.10E-02
8.725	2.10E-02
8.726	2.10E-02
8.726	2.10E-02
8.726	2.10E-02
8.727	2.10E-02
8.727	2.10E-02
8.728	2.10E-02
8.729	2.10E-02
8.729	2.10E-02
8.729	2.10E-02
8.73	2.10E-02
8.731	2.10E-02
8.731	2.10E-02
8.731	2.10E-02
8.732	2.10E-02
8.733	2.10E-02
8.733	2.10E-02
8.733	2.10E-02
8.734	2.10E-02
8.734	2.10E-02
8.735	2.10E-02
8.736	2.10E-02
8.736	2.10E-02
8.736	2.10E-02
8.737	2.10E-02
8.738	2.10E-02
8.738	2.10E-02
8.738	2.10E-02
8.739	2.10E-02
8.74	2.10E-02
8.74	2.10E-02
8.741	2.10E-02
8.741	2.10E-02
8.741	2.10E-02
8.742	2.10E-02
8.743	2.10E-02
8.743	2.10E-02
8.743	2.10E-02
8.744	2.10E-02
8.745	2.10E-02
8.745	2.10E-02
8.745	2.10E-02
8.746	2.10E-02
8.747	2.10E-02
8.747	2.10E-02
8.748	2.10E-02
8.748	2.10E-02
8.748	2.10E-02
8.749	2.11E-02
8.75	2.11E-02
8.75	2.11E-02
8.75	2.11E-02
8.751	2.11E-02
8.752	2.11E-02
8.752	2.11E-02
8.752	2.11E-02
8.753	2.11E-02
8.753	2.11E-02
8.754	2.11E-02
8.755	2.11E-02
8.755	2.11E-02
8.755	2.11E-02
8.756	2.11E-02
8.757	2.11E-02
8.757	2.11E-02
8.757	2.11E-02
8.758	2.11E-02
8.759	2.11E-02
8.759	2.11E-02
8.759	2.11E-02
8.76	2.11E-02
8.76	2.11E-02
8.761	2.11E-02
8.762	2.11E-02
8.762	2.11E-02
8.762	2.11E-02
8.763	2.11E-02
8.764	2.11E-02
8.764	2.11E-02
8.764	2.11E-02
8.765	2.11E-02
8.766	2.11E-02
8.766	2.11E-02
8.767	2.11E-02
8.767	2.11E-02
8.767	2.11E-02
8.768	2.11E-02
8.769	2.11E-02
8.769	2.11E-02
8.769	2.11E-02
8.77	2.11E-02
8.771	2.11E-02
8.771	2.11E-02
8.771	2.11E-02
8.772	2.11E-02
8.773	2.11E-02
8.773	2.11E-02
8.774	2.11E-02
8.774	2.11E-02
8.774	2.11E-02
8.775	2.11E-02
8.776	2.11E-02
8.776	2.11E-02
8.776	2.11E-02
8.777	2.11E-02
8.778	2.11E-02
8.778	2.11E-02
8.778	2.12E-02
8.779	2.12E-02
8.78	2.12E-02
8.78	2.12E-02
8.781	2.12E-02
8.781	2.12E-02
8.781	2.12E-02
8.782	2.12E-02
8.783	2.12E-02
8.783	2.12E-02
8.783	2.12E-02
8.784	2.12E-02
8.785	2.12E-02
8.785	2.12E-02
8.785	2.12E-02
8.786	2.12E-02
8.786	2.12E-02
8.787	2.12E-02
8.788	2.12E-02
8.788	2.12E-02
8.788	2.12E-02
8.789	2.12E-02
8.79	2.12E-02
8.79	2.12E-02
8.79	2.12E-02
8.791	2.12E-02
8.792	2.12E-02
8.792	2.12E-02
8.792	2.12E-02
8.793	2.12E-02
8.793	2.12E-02
8.794	2.12E-02
8.795	2.12E-02
8.795	2.12E-02
8.795	2.12E-02
8.796	2.12E-02
8.797	2.12E-02
8.797	2.12E-02
8.797	2.12E-02
8.798	2.12E-02
8.799	2.12E-02
8.799	2.12E-02
8.8	2.12E-02
8.8	2.12E-02
8.8	2.12E-02
8.801	2.12E-02
8.802	2.12E-02
8.802	2.12E-02
8.802	2.12E-02
8.803	2.12E-02
8.804	2.12E-02
8.804	2.12E-02
8.804	2.12E-02
8.805	2.12E-02
8.806	2.12E-02
8.806	2.12E-02
8.807	2.12E-02
8.807	2.12E-02
8.807	2.12E-02
8.808	2.13E-02
8.809	2.13E-02
8.809	2.13E-02
8.809	2.13E-02
8.81	2.13E-02
8.811	2.13E-02
8.811	2.13E-02
8.811	2.13E-02
8.812	2.13E-02
8.812	2.13E-02
8.813	2.13E-02
8.814	2.13E-02
8.814	2.13E-02
8.814	2.13E-02
8.815	2.13E-02
8.816	2.13E-02
8.816	2.13E-02
8.816	2.13E-02
8.817	2.13E-02
8.818	2.13E-02
8.818	2.13E-02
8.818	2.13E-02
8.819	2.13E-02
8.819	2.13E-02
8.82	2.13E-02
8.821	2.13E-02
8.821	2.13E-02
8.821	2.13E-02
8.822	2.13E-02
8.823	2.13E-02
8.823	2.13E-02
8.823	2.13E-02
8.824	2.13E-02
8.825	2.13E-02
8.825	2.13E-02
8.825	2.13E-02
8.826	2.13E-02
8.826	2.13E-02
8.827	2.13E-02
8.828	2.13E-02
8.828	2.13E-02
8.828	2.13E-02
8.829	2.13E-02
8.83	2.13E-02
8.83	2.13E-02
8.83	2.13E-02
8.831	2.13E-02
8.832	2.13E-02
8.832	2.13E-02
8.833	2.13E-02
8.833	2.13E-02
8.833	2.13E-02
8.834	2.13E-02
8.835	2.13E-02
8.835	2.13E-02
8.835	2.13E-02
8.836	2.13E-02
8.837	2.13E-02
8.837	2.13E-02
8.837	2.13E-02
8.838	2.14E-02
8.839	2.14E-02
8.839	2.14E-02
8.84	2.14E-02
8.84	2.14E-02
8.84	2.14E-02
8.841	2.14E-02
8.842	2.14E-02
8.842	2.14E-02
8.842	2.14E-02
8.843	2.14E-02
8.844	2.14E-02
8.844	2.14E-02
8.844	2.14E-02
8.845	2.14E-02
8.845	2.14E-02
8.846	2.14E-02
8.847	2.14E-02
8.847	2.14E-02
8.847	2.14E-02
8.848	2.14E-02
8.849	2.14E-02
8.849	2.14E-02
8.849	2.14E-02
8.85	2.14E-02
8.851	2.14E-02
8.851	2.14E-02
8.851	2.14E-02
8.852	2.14E-02
8.852	2.14E-02
8.853	2.14E-02
8.854	2.14E-02
8.854	2.14E-02
8.854	2.14E-02
8.855	2.14E-02
8.856	2.14E-02
8.856	2.14E-02
8.856	2.14E-02
8.857	2.14E-02
8.858	2.14E-02
8.858	2.14E-02
8.858	2.14E-02
8.859	2.14E-02
8.859	2.14E-02
8.86	2.14E-02
8.861	2.14E-02
8.861	2.14E-02
8.861	2.14E-02
8.862	2.14E-02
8.863	2.14E-02
8.863	2.14E-02
8.863	2.14E-02
8.864	2.14E-02
8.865	2.14E-02
8.865	2.14E-02
8.866	2.14E-02
8.866	2.14E-02
8.866	2.14E-02
8.867	2.14E-02
8.868	2.14E-02
8.868	2.15E-02
8.868	2.15E-02
8.869	2.15E-02
8.87	2.15E-02
8.87	2.15E-02
8.87	2.15E-02
8.871	2.15E-02
8.872	2.15E-02
8.872	2.15E-02
8.873	2.15E-02
8.873	2.15E-02
8.873	2.15E-02
8.874	2.15E-02
8.875	2.15E-02
8.875	2.15E-02
8.875	2.15E-02
8.876	2.15E-02
8.877	2.15E-02
8.877	2.15E-02
8.877	2.15E-02
8.878	2.15E-02
8.878	2.15E-02
8.879	2.15E-02
8.88	2.15E-02
8.88	2.15E-02
8.88	2.15E-02
8.881	2.15E-02
8.882	2.15E-02
8.882	2.15E-02
8.882	2.15E-02
8.883	2.15E-02
8.884	2.15E-02
8.884	2.15E-02
8.884	2.15E-02
8.885	2.15E-02
8.885	2.15E-02
8.886	2.15E-02
8.887	2.15E-02
8.887	2.15E-02
8.887	2.15E-02
8.888	2.15E-02
8.889	2.15E-02
8.889	2.15E-02
8.889	2.15E-02
8.89	2.15E-02
8.891	2.15E-02
8.891	2.15E-02
8.892	2.15E-02
8.892	2.15E-02
8.892	2.15E-02
8.893	2.15E-02
8.894	2.15E-02
8.894	2.15E-02
8.894	2.15E-02
8.895	2.15E-02
8.896	2.15E-02
8.896	2.15E-02
8.896	2.15E-02
8.897	2.15E-02
8.898	2.15E-02
8.898	2.16E-02
8.899	2.16E-02
8.899	2.16E-02
8.899	2.16E-02
8.9	2.16E-02
8.901	2.16E-02
8.901	2.16E-02
8.901	2.16E-02
8.902	2.16E-02
8.903	2.16E-02
8.903	2.16E-02
8.903	2.16E-02
8.904	2.16E-02
8.905	2.16E-02
8.905	2.16E-02
8.906	2.16E-02
8.906	2.16E-02
8.906	2.16E-02
8.907	2.16E-02
8.908	2.16E-02
8.908	2.16E-02
8.908	2.16E-02
8.909	2.16E-02
8.91	2.16E-02
8.91	2.16E-02
8.91	2.16E-02
8.911	2.16E-02
8.911	2.16E-02
8.912	2.16E-02
8.913	2.16E-02
8.913	2.16E-02
8.913	2.16E-02
8.914	2.16E-02
8.915	2.16E-02
8.915	2.16E-02
8.915	2.16E-02
8.916	2.16E-02
8.917	2.16E-02
8.917	2.16E-02
8.917	2.16E-02
8.918	2.16E-02
8.918	2.16E-02
8.919	2.16E-02
8.92	2.16E-02
8.92	2.16E-02
8.92	2.16E-02
8.921	2.16E-02
8.922	2.16E-02
8.922	2.16E-02
8.922	2.16E-02
8.923	2.16E-02
8.924	2.16E-02
8.924	2.16E-02
8.925	2.16E-02
8.925	2.16E-02
8.925	2.16E-02
8.926	2.16E-02
8.927	2.16E-02
8.927	2.16E-02
8.927	2.16E-02
8.928	2.16E-02
8.929	2.17E-02
8.929	2.17E-02
8.929	2.17E-02
8.93	2.17E-02
8.931	2.17E-02
8.931	2.17E-02
8.932	2.17E-02
8.932	2.17E-02
8.932	2.17E-02
8.933	2.17E-02
8.934	2.17E-02
8.934	2.17E-02
8.934	2.17E-02
8.935	2.17E-02
8.936	2.17E-02
8.936	2.17E-02
8.936	2.17E-02
8.937	2.17E-02
8.938	2.17E-02
8.938	2.17E-02
8.939	2.17E-02
8.939	2.17E-02
8.939	2.17E-02
8.94	2.17E-02
8.941	2.17E-02
8.941	2.17E-02
8.941	2.17E-02
8.942	2.17E-02
8.943	2.17E-02
8.943	2.17E-02
8.943	2.17E-02
8.944	2.17E-02
8.944	2.17E-02
8.945	2.17E-02
8.946	2.17E-02
8.946	2.17E-02
8.946	2.17E-02
8.947	2.17E-02
8.948	2.17E-02
8.948	2.17E-02
8.948	2.17E-02
8.949	2.17E-02
8.95	2.17E-02
8.95	2.17E-02
8.95	2.17E-02
8.951	2.17E-02
8.951	2.17E-02
8.952	2.17E-02
8.953	2.17E-02
8.953	2.17E-02
8.953	2.17E-02
8.954	2.17E-02
8.955	2.17E-02
8.955	2.17E-02
8.955	2.17E-02
8.956	2.17E-02
8.957	2.17E-02
8.957	2.17E-02
8.958	2.17E-02
8.958	2.17E-02
8.958	2.17E-02
8.959	2.18E-02
8.96	2.18E-02
8.96	2.18E-02
8.96	2.18E-02
8.961	2.18E-02
8.962	2.18E-02
8.962	2.18E-02
8.962	2.18E-02
8.963	2.18E-02
8.964	2.18E-02
8.964	2.18E-02
8.965	2.18E-02
8.965	2.18E-02
8.965	2.18E-02
8.966	2.18E-02
8.967	2.18E-02
8.967	2.18E-02
8.967	2.18E-02
8.968	2.18E-02
8.969	2.18E-02
8.969	2.18E-02
8.969	2.18E-02
8.97	2.18E-02
8.97	2.18E-02
8.971	2.18E-02
8.972	2.18E-02
8.972	2.18E-02
8.972	2.18E-02
8.973	2.18E-02
8.974	2.18E-02
8.974	2.18E-02
8.974	2.18E-02
8.975	2.18E-02
8.976	2.18E-02
8.976	2.18E-02
8.976	2.18E-02
8.977	2.18E-02
8.977	2.18E-02
8.978	2.18E-02
8.979	2.18E-02
8.979	2.18E-02
8.979	2.18E-02
8.98	2.18E-02
8.981	2.18E-02
8.981	2.18E-02
8.981	2.18E-02
8.982	2.18E-02
8.983	2.18E-02
8.983	2.18E-02
8.983	2.18E-02
8.984	2.18E-02
8.984	2.18E-02
8.985	2.18E-02
8.986	2.18E-02
8.986	2.18E-02
8.986	2.18E-02
8.987	2.18E-02
8.988	2.18E-02
8.988	2.18E-02
8.988	2.18E-02
8.989	2.18E-02
8.99	2.19E-02
8.99	2.19E-02
8.991	2.19E-02
8.991	2.19E-02
8.991	2.19E-02
8.992	2.19E-02
8.993	2.19E-02
8.993	2.19E-02
8.993	2.19E-02
8.994	2.19E-02
8.995	2.19E-02
8.995	2.19E-02
8.995	2.19E-02
8.996	2.19E-02
8.997	2.19E-02
8.997	2.19E-02
8.998	2.19E-02
8.998	2.19E-02
8.998	2.19E-02
8.999	2.19E-02
9	2.19E-02
9	2.19E-02
9	2.19E-02
9.001	2.19E-02
9.002	2.19E-02
9.002	2.19E-02
9.002	2.19E-02
9.003	2.19E-02
9.003	2.19E-02
9.004	2.19E-02
9.005	2.19E-02
9.005	2.19E-02
9.005	2.19E-02
9.006	2.19E-02
9.007	2.19E-02
9.007	2.19E-02
9.007	2.19E-02
9.008	2.19E-02
9.009	2.19E-02
9.009	2.19E-02
9.009	2.19E-02
9.01	2.19E-02
9.01	2.19E-02
9.011	2.19E-02
9.012	2.19E-02
9.012	2.19E-02
9.012	2.19E-02
9.013	2.19E-02
9.014	2.19E-02
9.014	2.19E-02
9.014	2.19E-02
9.015	2.19E-02
9.016	2.19E-02
9.016	2.19E-02
9.017	2.19E-02
9.017	2.19E-02
9.017	2.19E-02
9.018	2.19E-02
9.019	2.19E-02
9.019	2.19E-02
9.019	2.19E-02
9.02	2.19E-02
9.021	2.20E-02
9.021	2.20E-02
9.021	2.20E-02
9.022	2.20E-02
9.023	2.20E-02
9.023	2.20E-02
9.024	2.20E-02
9.024	2.20E-02
9.024	2.20E-02
9.025	2.20E-02
9.026	2.20E-02
9.026	2.20E-02
9.026	2.20E-02
9.027	2.20E-02
9.028	2.20E-02
9.028	2.20E-02
9.028	2.20E-02
9.029	2.20E-02
9.03	2.20E-02
9.03	2.20E-02
9.031	2.20E-02
9.031	2.20E-02
9.031	2.20E-02
9.032	2.20E-02
9.033	2.20E-02
9.033	2.20E-02
9.033	2.20E-02
9.034	2.20E-02
9.035	2.20E-02
9.035	2.20E-02
9.035	2.20E-02
9.036	2.20E-02
9.036	2.20E-02
9.037	2.20E-02
9.038	2.20E-02
9.038	2.20E-02
9.038	2.20E-02
9.039	2.20E-02
9.04	2.20E-02
9.04	2.20E-02
9.04	2.20E-02
9.041	2.20E-02
9.042	2.20E-02
9.042	2.20E-02
9.042	2.20E-02
9.043	2.20E-02
9.043	2.20E-02
9.044	2.20E-02
9.045	2.20E-02
9.045	2.20E-02
9.045	2.20E-02
9.046	2.20E-02
9.047	2.20E-02
9.047	2.20E-02
9.047	2.20E-02
9.048	2.20E-02
9.049	2.20E-02
9.049	2.20E-02
9.05	2.20E-02
9.05	2.20E-02
9.05	2.20E-02
9.051	2.20E-02
9.052	2.21E-02
9.052	2.21E-02
9.052	2.21E-02
9.053	2.21E-02
9.054	2.21E-02
9.054	2.21E-02
9.054	2.21E-02
9.055	2.21E-02
9.056	2.21E-02
9.056	2.21E-02
9.057	2.21E-02
9.057	2.21E-02
9.057	2.21E-02
9.058	2.21E-02
9.059	2.21E-02
9.059	2.21E-02
9.059	2.21E-02
9.06	2.21E-02
9.061	2.21E-02
9.061	2.21E-02
9.061	2.21E-02
9.062	2.21E-02
9.062	2.21E-02
9.063	2.21E-02
9.064	2.21E-02
9.064	2.21E-02
9.064	2.21E-02
9.065	2.21E-02
9.066	2.21E-02
9.066	2.21E-02
9.066	2.21E-02
9.067	2.21E-02
9.068	2.21E-02
9.068	2.21E-02
9.068	2.21E-02
9.069	2.21E-02
9.069	2.21E-02
9.07	2.21E-02
9.071	2.21E-02
9.071	2.21E-02
9.071	2.21E-02
9.072	2.21E-02
9.073	2.21E-02
9.073	2.21E-02
9.073	2.21E-02
9.074	2.21E-02
9.075	2.21E-02
9.075	2.21E-02
9.075	2.21E-02
9.076	2.21E-02
9.076	2.21E-02
9.077	2.21E-02
9.078	2.21E-02
9.078	2.21E-02
9.078	2.21E-02
9.079	2.21E-02
9.08	2.21E-02
9.08	2.21E-02
9.08	2.21E-02
9.081	2.21E-02
9.082	2.21E-02
9.082	2.21E-02
9.083	2.22E-02
9.083	2.22E-02
9.083	2.22E-02
9.084	2.22E-02
9.085	2.22E-02
9.085	2.22E-02
9.085	2.22E-02
9.086	2.22E-02
9.087	2.22E-02
9.087	2.22E-02
9.087	2.22E-02
9.088	2.22E-02
9.089	2.22E-02
9.089	2.22E-02
9.09	2.22E-02
9.09	2.22E-02
9.09	2.22E-02
9.091	2.22E-02
9.092	2.22E-02
9.092	2.22E-02
9.092	2.22E-02
9.093	2.22E-02
9.094	2.22E-02
9.094	2.22E-02
9.094	2.22E-02
9.095	2.22E-02
9.095	2.22E-02
9.096	2.22E-02
9.097	2.22E-02
9.097	2.22E-02
9.097	2.22E-02
9.098	2.22E-02
9.099	2.22E-02
9.099	2.22E-02
9.099	2.22E-02
9.1	2.22E-02
9.101	2.22E-02
9.101	2.22E-02
9.101	2.22E-02
9.102	2.22E-02
9.102	2.22E-02
9.103	2.22E-02
9.104	2.22E-02
9.104	2.22E-02
9.104	2.22E-02
9.105	2.22E-02
9.106	2.22E-02
9.106	2.22E-02
9.106	2.22E-02
9.107	2.22E-02
9.108	2.22E-02
9.108	2.22E-02
9.108	2.22E-02
9.109	2.22E-02
9.109	2.22E-02
9.11	2.22E-02
9.111	2.22E-02
9.111	2.22E-02
9.111	2.22E-02
9.112	2.22E-02
9.113	2.22E-02
9.113	2.22E-02
9.113	2.22E-02
9.114	2.23E-02
9.115	2.23E-02
9.115	2.23E-02
9.116	2.23E-02
9.116	2.23E-02
9.116	2.23E-02
9.117	2.23E-02
9.118	2.23E-02
9.118	2.23E-02
9.118	2.23E-02
9.119	2.23E-02
9.12	2.23E-02
9.12	2.23E-02
9.12	2.23E-02
9.121	2.23E-02
9.122	2.23E-02
9.122	2.23E-02
9.123	2.23E-02
9.123	2.23E-02
9.123	2.23E-02
9.124	2.23E-02
9.125	2.23E-02
9.125	2.23E-02
9.125	2.23E-02
9.126	2.23E-02
9.127	2.23E-02
9.127	2.23E-02
9.127	2.23E-02
9.128	2.23E-02
9.128	2.23E-02
9.129	2.23E-02
9.13	2.23E-02
9.13	2.23E-02
9.13	2.23E-02
9.131	2.23E-02
9.132	2.23E-02
9.132	2.23E-02
9.132	2.23E-02
9.133	2.23E-02
9.134	2.23E-02
9.134	2.23E-02
9.134	2.23E-02
9.135	2.23E-02
9.135	2.23E-02
9.136	2.23E-02
9.137	2.23E-02
9.137	2.23E-02
9.137	2.23E-02
9.138	2.23E-02
9.139	2.23E-02
9.139	2.23E-02
9.139	2.23E-02
9.14	2.23E-02
9.141	2.23E-02
9.141	2.23E-02
9.142	2.23E-02
9.142	2.23E-02
9.142	2.23E-02
9.143	2.23E-02
9.144	2.23E-02
9.144	2.23E-02
9.144	2.23E-02
9.145	2.23E-02
9.146	2.24E-02
9.146	2.24E-02
9.146	2.24E-02
9.147	2.24E-02
9.148	2.24E-02
9.148	2.24E-02
9.149	2.24E-02
9.149	2.24E-02
9.149	2.24E-02
9.15	2.24E-02
9.151	2.24E-02
9.151	2.24E-02
9.151	2.24E-02
9.152	2.24E-02
9.153	2.24E-02
9.153	2.24E-02
9.153	2.24E-02
9.154	2.24E-02
9.155	2.24E-02
9.155	2.24E-02
9.156	2.24E-02
9.156	2.24E-02
9.156	2.24E-02
9.157	2.24E-02
9.158	2.24E-02
9.158	2.24E-02
9.158	2.24E-02
9.159	2.24E-02
9.16	2.24E-02
9.16	2.24E-02
9.16	2.24E-02
9.161	2.24E-02
9.161	2.24E-02
9.162	2.24E-02
9.163	2.24E-02
9.163	2.24E-02
9.163	2.24E-02
9.164	2.24E-02
9.165	2.24E-02
9.165	2.24E-02
9.165	2.24E-02
9.166	2.24E-02
9.167	2.24E-02
9.167	2.24E-02
9.167	2.24E-02
9.168	2.24E-02
9.168	2.24E-02
9.169	2.24E-02
9.17	2.24E-02
9.17	2.24E-02
9.17	2.24E-02
9.171	2.24E-02
9.172	2.24E-02
9.172	2.24E-02
9.172	2.24E-02
9.173	2.24E-02
9.174	2.24E-02
9.174	2.24E-02
9.175	2.24E-02
9.175	2.24E-02
9.175	2.24E-02
9.176	2.24E-02
9.177	2.24E-02
9.177	2.24E-02
9.177	2.25E-02
9.178	2.25E-02
9.179	2.25E-02
9.179	2.25E-02
9.179	2.25E-02
9.18	2.25E-02
9.181	2.25E-02
9.181	2.25E-02
9.182	2.25E-02
9.182	2.25E-02
9.182	2.25E-02
9.183	2.25E-02
9.184	2.25E-02
9.184	2.25E-02
9.184	2.25E-02
9.185	2.25E-02
9.186	2.25E-02
9.186	2.25E-02
9.186	2.25E-02
9.187	2.25E-02
9.188	2.25E-02
9.188	2.25E-02
9.189	2.25E-02
9.189	2.25E-02
9.189	2.25E-02
9.19	2.25E-02
9.191	2.25E-02
9.191	2.25E-02
9.191	2.25E-02
9.192	2.25E-02
9.193	2.25E-02
9.193	2.25E-02
9.193	2.25E-02
9.194	2.25E-02
9.194	2.25E-02
9.195	2.25E-02
9.196	2.25E-02
9.196	2.25E-02
9.196	2.25E-02
9.197	2.25E-02
9.198	2.25E-02
9.198	2.25E-02
9.198	2.25E-02
9.199	2.25E-02
9.2	2.25E-02
9.2	2.25E-02
9.2	2.25E-02
9.201	2.25E-02
9.201	2.25E-02
9.202	2.25E-02
9.203	2.25E-02
9.203	2.25E-02
9.203	2.25E-02
9.204	2.25E-02
9.205	2.25E-02
9.205	2.25E-02
9.205	2.25E-02
9.206	2.25E-02
9.207	2.25E-02
9.207	2.25E-02
9.208	2.25E-02
9.208	2.25E-02
9.208	2.25E-02
9.209	2.25E-02
9.21	2.26E-02
9.21	2.26E-02
9.21	2.26E-02
9.211	2.26E-02
9.212	2.26E-02
9.212	2.26E-02
9.212	2.26E-02
9.213	2.26E-02
9.214	2.26E-02
9.214	2.26E-02
9.215	2.26E-02
9.215	2.26E-02
9.215	2.26E-02
9.216	2.26E-02
9.217	2.26E-02
9.217	2.26E-02
9.217	2.26E-02
9.218	2.26E-02
9.219	2.26E-02
9.219	2.26E-02
9.219	2.26E-02
9.22	2.26E-02
9.22	2.26E-02
9.221	2.26E-02
9.222	2.26E-02
9.222	2.26E-02
9.222	2.26E-02
9.223	2.26E-02
9.224	2.26E-02
9.224	2.26E-02
9.224	2.26E-02
9.225	2.26E-02
9.226	2.26E-02
9.226	2.26E-02
9.226	2.26E-02
9.227	2.26E-02
9.227	2.26E-02
9.228	2.26E-02
9.229	2.26E-02
9.229	2.26E-02
9.229	2.26E-02
9.23	2.26E-02
9.231	2.26E-02
9.231	2.26E-02
9.231	2.26E-02
9.232	2.26E-02
9.233	2.26E-02
9.233	2.26E-02
9.233	2.26E-02
9.234	2.26E-02
9.234	2.26E-02
9.235	2.26E-02
9.236	2.26E-02
9.236	2.26E-02
9.236	2.26E-02
9.237	2.26E-02
9.238	2.26E-02
9.238	2.26E-02
9.238	2.26E-02
9.239	2.26E-02
9.24	2.26E-02
9.24	2.26E-02
9.241	2.26E-02
9.241	2.26E-02
9.241	2.27E-02
9.242	2.27E-02
9.243	2.27E-02
9.243	2.27E-02
9.243	2.27E-02
9.244	2.27E-02
9.245	2.27E-02
9.245	2.27E-02
9.245	2.27E-02
9.246	2.27E-02
9.247	2.27E-02
9.247	2.27E-02
9.248	2.27E-02
9.248	2.27E-02
9.248	2.27E-02
9.249	2.27E-02
9.25	2.27E-02
9.25	2.27E-02
9.25	2.27E-02
9.251	2.27E-02
9.252	2.27E-02
9.252	2.27E-02
9.252	2.27E-02
9.253	2.27E-02
9.253	2.27E-02
9.254	2.27E-02
9.255	2.27E-02
9.255	2.27E-02
9.255	2.27E-02
9.256	2.27E-02
9.257	2.27E-02
9.257	2.27E-02
9.257	2.27E-02
9.258	2.27E-02
9.259	2.27E-02
9.259	2.27E-02
9.259	2.27E-02
9.26	2.27E-02
9.26	2.27E-02
9.261	2.27E-02
9.262	2.27E-02
9.262	2.27E-02
9.262	2.27E-02
9.263	2.27E-02
9.264	2.27E-02
9.264	2.27E-02
9.264	2.27E-02
9.265	2.27E-02
9.266	2.27E-02
9.266	2.27E-02
9.267	2.27E-02
9.267	2.27E-02
9.267	2.27E-02
9.268	2.27E-02
9.269	2.27E-02
9.269	2.27E-02
9.269	2.27E-02
9.27	2.27E-02
9.271	2.27E-02
9.271	2.27E-02
9.271	2.27E-02
9.272	2.27E-02
9.273	2.27E-02
9.273	2.27E-02
9.274	2.27E-02
9.274	2.28E-02
9.274	2.28E-02
9.275	2.28E-02
9.276	2.28E-02
9.276	2.28E-02
9.276	2.28E-02
9.277	2.28E-02
9.278	2.28E-02
9.278	2.28E-02
9.278	2.28E-02
9.279	2.28E-02
9.28	2.28E-02
9.28	2.28E-02
9.281	2.28E-02
9.281	2.28E-02
9.281	2.28E-02
9.282	2.28E-02
9.283	2.28E-02
9.283	2.28E-02
9.283	2.28E-02
9.284	2.28E-02
9.285	2.28E-02
9.285	2.28E-02
9.285	2.28E-02
9.286	2.28E-02
9.286	2.28E-02
9.287	2.28E-02
9.288	2.28E-02
9.288	2.28E-02
9.288	2.28E-02
9.289	2.28E-02
9.29	2.28E-02
9.29	2.28E-02
9.29	2.28E-02
9.291	2.28E-02
9.292	2.28E-02
9.292	2.28E-02
9.292	2.28E-02
9.293	2.28E-02
9.293	2.28E-02
9.294	2.28E-02
9.295	2.28E-02
9.295	2.28E-02
9.295	2.28E-02
9.296	2.28E-02
9.297	2.28E-02
9.297	2.28E-02
9.297	2.28E-02
9.298	2.28E-02
9.299	2.28E-02
9.299	2.28E-02
9.3	2.28E-02
9.3	2.28E-02
9.3	2.28E-02
9.301	2.28E-02
9.302	2.28E-02
9.302	2.28E-02
9.302	2.28E-02
9.303	2.28E-02
9.304	2.28E-02
9.304	2.28E-02
9.304	2.28E-02
9.305	2.28E-02
9.306	2.28E-02
9.306	2.28E-02
9.307	2.29E-02
9.307	2.29E-02
9.307	2.29E-02
9.308	2.29E-02
9.309	2.29E-02
9.309	2.29E-02
9.309	2.29E-02
9.31	2.29E-02
9.311	2.29E-02
9.311	2.29E-02
9.311	2.29E-02
9.312	2.29E-02
9.312	2.29E-02
9.313	2.29E-02
9.314	2.29E-02
9.314	2.29E-02
9.314	2.29E-02
9.315	2.29E-02
9.316	2.29E-02
9.316	2.29E-02
9.316	2.29E-02
9.317	2.29E-02
9.318	2.29E-02
9.318	2.29E-02
9.318	2.29E-02
9.319	2.29E-02
9.319	2.29E-02
9.32	2.29E-02
9.321	2.29E-02
9.321	2.29E-02
9.321	2.29E-02
9.322	2.29E-02
9.323	2.29E-02
9.323	2.29E-02
9.323	2.29E-02
9.324	2.29E-02
9.325	2.29E-02
9.325	2.29E-02
9.325	2.29E-02
9.326	2.29E-02
9.326	2.29E-02
9.327	2.29E-02
9.328	2.29E-02
9.328	2.29E-02
9.328	2.29E-02
9.329	2.29E-02
9.33	2.29E-02
9.33	2.29E-02
9.33	2.29E-02
9.331	2.29E-02
9.332	2.29E-02
9.332	2.29E-02
9.333	2.29E-02
9.333	2.29E-02
9.333	2.29E-02
9.334	2.29E-02
9.335	2.29E-02
9.335	2.29E-02
9.335	2.29E-02
9.336	2.29E-02
9.337	2.29E-02
9.337	2.29E-02
9.337	2.29E-02
9.338	2.29E-02
9.339	2.29E-02
9.339	2.30E-02
9.34	2.30E-02
9.34	2.30E-02
9.34	2.30E-02
9.341	2.30E-02
9.342	2.30E-02
9.342	2.30E-02
9.342	2.30E-02
9.343	2.30E-02
9.344	2.30E-02
9.344	2.30E-02
9.344	2.30E-02
9.345	2.30E-02
9.345	2.30E-02
9.346	2.30E-02
9.347	2.30E-02
9.347	2.30E-02
9.347	2.30E-02
9.348	2.30E-02
9.349	2.30E-02
9.349	2.30E-02
9.349	2.30E-02
9.35	2.30E-02
9.351	2.30E-02
9.351	2.30E-02
9.351	2.30E-02
9.352	2.30E-02
9.352	2.30E-02
9.353	2.30E-02
9.354	2.30E-02
9.354	2.30E-02
9.354	2.30E-02
9.355	2.30E-02
9.356	2.30E-02
9.356	2.30E-02
9.356	2.30E-02
9.357	2.30E-02
9.358	2.30E-02
9.358	2.30E-02
9.358	2.30E-02
9.359	2.30E-02
9.359	2.30E-02
9.36	2.30E-02
9.361	2.30E-02
9.361	2.30E-02
9.361	2.30E-02
9.362	2.30E-02
9.363	2.30E-02
9.363	2.30E-02
9.363	2.30E-02
9.364	2.30E-02
9.365	2.30E-02
9.365	2.30E-02
9.366	2.30E-02
9.366	2.30E-02
9.366	2.30E-02
9.367	2.30E-02
9.368	2.30E-02
9.368	2.30E-02
9.368	2.30E-02
9.369	2.30E-02
9.37	2.30E-02
9.37	2.30E-02
9.37	2.30E-02
9.371	2.30E-02
9.372	2.30E-02
9.372	2.31E-02
9.373	2.31E-02
9.373	2.31E-02
9.373	2.31E-02
9.374	2.31E-02
9.375	2.31E-02
9.375	2.31E-02
9.375	2.31E-02
9.376	2.31E-02
9.377	2.31E-02
9.377	2.31E-02
9.377	2.31E-02
9.378	2.31E-02
9.378	2.31E-02
9.379	2.31E-02
9.38	2.31E-02
9.38	2.31E-02
9.38	2.31E-02
9.381	2.31E-02
9.382	2.31E-02
9.382	2.31E-02
9.382	2.31E-02
9.383	2.31E-02
9.384	2.31E-02
9.384	2.31E-02
9.384	2.31E-02
9.385	2.31E-02
9.385	2.31E-02
9.386	2.31E-02
9.387	2.31E-02
9.387	2.31E-02
9.387	2.31E-02
9.388	2.31E-02
9.389	2.31E-02
9.389	2.31E-02
9.389	2.31E-02
9.39	2.31E-02
9.391	2.31E-02
9.391	2.31E-02
9.392	2.31E-02
9.392	2.31E-02
9.392	2.31E-02
9.393	2.31E-02
9.394	2.31E-02
9.394	2.31E-02
9.394	2.31E-02
9.395	2.31E-02
9.396	2.31E-02
9.396	2.31E-02
9.396	2.31E-02
9.397	2.31E-02
9.398	2.31E-02
9.398	2.31E-02
9.399	2.31E-02
9.399	2.31E-02
9.399	2.31E-02
9.4	2.31E-02
9.401	2.31E-02
9.401	2.31E-02
9.401	2.31E-02
9.402	2.31E-02
9.403	2.31E-02
9.403	2.31E-02
9.403	2.31E-02
9.404	2.31E-02
9.405	2.31E-02
9.405	2.31E-02
9.406	2.32E-02
9.406	2.32E-02
9.406	2.32E-02
9.407	2.32E-02
9.408	2.32E-02
9.408	2.32E-02
9.408	2.32E-02
9.409	2.32E-02
9.41	2.32E-02
9.41	2.32E-02
9.41	2.32E-02
9.411	2.32E-02
9.411	2.32E-02
9.412	2.32E-02
9.413	2.32E-02
9.413	2.32E-02
9.413	2.32E-02
9.414	2.32E-02
9.415	2.32E-02
9.415	2.32E-02
9.415	2.32E-02
9.416	2.32E-02
9.417	2.32E-02
9.417	2.32E-02
9.417	2.32E-02
9.418	2.32E-02
9.418	2.32E-02
9.419	2.32E-02
9.42	2.32E-02
9.42	2.32E-02
9.42	2.32E-02
9.421	2.32E-02
9.422	2.32E-02
9.422	2.32E-02
9.422	2.32E-02
9.423	2.32E-02
9.424	2.32E-02
9.424	2.32E-02
9.425	2.32E-02
9.425	2.32E-02
9.425	2.32E-02
9.426	2.32E-02
9.427	2.32E-02
9.427	2.32E-02
9.427	2.32E-02
9.428	2.32E-02
9.429	2.32E-02
9.429	2.32E-02
9.429	2.32E-02
9.43	2.32E-02
9.431	2.32E-02
9.431	2.32E-02
9.432	2.32E-02
9.432	2.32E-02
9.432	2.32E-02
9.433	2.32E-02
9.434	2.32E-02
9.434	2.32E-02
9.434	2.32E-02
9.435	2.32E-02
9.436	2.32E-02
9.436	2.32E-02
9.436	2.32E-02
9.437	2.32E-02
9.438	2.32E-02
9.438	2.32E-02
9.439	2.32E-02
9.439	2.33E-02
9.439	2.33E-02
9.44	2.33E-02
9.441	2.33E-02
9.441	2.33E-02
9.441	2.33E-02
9.442	2.33E-02
9.443	2.33E-02
9.443	2.33E-02
9.443	2.33E-02
9.444	2.33E-02
9.444	2.33E-02
9.445	2.33E-02
9.446	2.33E-02
9.446	2.33E-02
9.446	2.33E-02
9.447	2.33E-02
9.448	2.33E-02
9.448	2.33E-02
9.448	2.33E-02
9.449	2.33E-02
9.45	2.33E-02
9.45	2.33E-02
9.45	2.33E-02
9.451	2.33E-02
9.451	2.33E-02
9.452	2.33E-02
9.453	2.33E-02
9.453	2.33E-02
9.453	2.33E-02
9.454	2.33E-02
9.455	2.33E-02
9.455	2.33E-02
9.455	2.33E-02
9.456	2.33E-02
9.457	2.33E-02
9.457	2.33E-02
9.458	2.33E-02
9.458	2.33E-02
9.458	2.33E-02
9.459	2.33E-02
9.46	2.33E-02
9.46	2.33E-02
9.46	2.33E-02
9.461	2.33E-02
9.462	2.33E-02
9.462	2.33E-02
9.462	2.33E-02
9.463	2.33E-02
9.464	2.33E-02
9.464	2.33E-02
9.465	2.33E-02
9.465	2.33E-02
9.465	2.33E-02
9.466	2.33E-02
9.467	2.33E-02
9.467	2.33E-02
9.467	2.33E-02
9.468	2.33E-02
9.469	2.33E-02
9.469	2.33E-02
9.469	2.33E-02
9.47	2.33E-02
9.47	2.33E-02
9.471	2.33E-02
9.472	2.33E-02
9.472	2.33E-02
9.472	2.34E-02
9.473	2.34E-02
9.474	2.34E-02
9.474	2.34E-02
9.474	2.34E-02
9.475	2.34E-02
9.476	2.34E-02
9.476	2.34E-02
9.476	2.34E-02
9.477	2.34E-02
9.477	2.34E-02
9.478	2.34E-02
9.479	2.34E-02
9.479	2.34E-02
9.479	2.34E-02
9.48	2.34E-02
9.481	2.34E-02
9.481	2.34E-02
9.481	2.34E-02
9.482	2.34E-02
9.483	2.34E-02
9.483	2.34E-02
9.483	2.34E-02
9.484	2.34E-02
9.484	2.34E-02
9.485	2.34E-02
9.486	2.34E-02
9.486	2.34E-02
9.486	2.34E-02
9.487	2.34E-02
9.488	2.34E-02
9.488	2.34E-02
9.488	2.34E-02
9.489	2.34E-02
9.49	2.34E-02
9.49	2.34E-02
9.491	2.34E-02
9.491	2.34E-02
9.491	2.34E-02
9.492	2.34E-02
9.493	2.34E-02
9.493	2.34E-02
9.493	2.34E-02
9.494	2.34E-02
9.495	2.34E-02
9.495	2.34E-02
9.495	2.34E-02
9.496	2.34E-02
9.497	2.34E-02
9.497	2.34E-02
9.498	2.34E-02
9.498	2.34E-02
9.498	2.34E-02
9.499	2.34E-02
9.5	2.34E-02
9.5	2.34E-02
9.5	2.34E-02
9.501	2.34E-02
9.502	2.34E-02
9.502	2.34E-02
9.502	2.34E-02
9.503	2.34E-02
9.503	2.34E-02
9.504	2.34E-02
9.505	2.34E-02
9.505	2.34E-02
9.505	2.34E-02
9.506	2.34E-02
9.507	2.35E-02
9.507	2.35E-02
9.507	2.35E-02
9.508	2.35E-02
9.509	2.35E-02
9.509	2.35E-02
9.509	2.35E-02
9.51	2.35E-02
9.51	2.35E-02
9.511	2.35E-02
9.512	2.35E-02
9.512	2.35E-02
9.512	2.35E-02
9.513	2.35E-02
9.514	2.35E-02
9.514	2.35E-02
9.514	2.35E-02
9.515	2.35E-02
9.516	2.35E-02
9.516	2.35E-02
9.517	2.35E-02
9.517	2.35E-02
9.517	2.35E-02
9.518	2.35E-02
9.519	2.35E-02
9.519	2.35E-02
9.519	2.35E-02
9.52	2.35E-02
9.521	2.35E-02
9.521	2.35E-02
9.521	2.35E-02
9.522	2.35E-02
9.523	2.35E-02
9.523	2.35E-02
9.524	2.35E-02
9.524	2.35E-02
9.524	2.35E-02
9.525	2.35E-02
9.526	2.35E-02
9.526	2.35E-02
9.526	2.35E-02
9.527	2.35E-02
9.528	2.35E-02
9.528	2.35E-02
9.528	2.35E-02
9.529	2.35E-02
9.53	2.35E-02
9.53	2.35E-02
9.531	2.35E-02
9.531	2.35E-02
9.531	2.35E-02
9.532	2.35E-02
9.533	2.35E-02
9.533	2.35E-02
9.533	2.35E-02
9.534	2.35E-02
9.535	2.35E-02
9.535	2.35E-02
9.535	2.35E-02
9.536	2.35E-02
9.536	2.35E-02
9.537	2.35E-02
9.538	2.35E-02
9.538	2.35E-02
9.538	2.35E-02
9.539	2.35E-02
9.54	2.35E-02
9.54	2.35E-02
9.54	2.36E-02
9.541	2.36E-02
9.542	2.36E-02
9.542	2.36E-02
9.542	2.36E-02
9.543	2.36E-02
9.543	2.36E-02
9.544	2.36E-02
9.545	2.36E-02
9.545	2.36E-02
9.545	2.36E-02
9.546	2.36E-02
9.547	2.36E-02
9.547	2.36E-02
9.547	2.36E-02
9.548	2.36E-02
9.549	2.36E-02
9.549	2.36E-02
9.55	2.36E-02
9.55	2.36E-02
9.55	2.36E-02
9.551	2.36E-02
9.552	2.36E-02
9.552	2.36E-02
9.552	2.36E-02
9.553	2.36E-02
9.554	2.36E-02
9.554	2.36E-02
9.554	2.36E-02
9.555	2.36E-02
9.556	2.36E-02
9.556	2.36E-02
9.557	2.36E-02
9.557	2.36E-02
9.557	2.36E-02
9.558	2.36E-02
9.559	2.36E-02
9.559	2.36E-02
9.559	2.36E-02
9.56	2.36E-02
9.561	2.36E-02
9.561	2.36E-02
9.561	2.36E-02
9.562	2.36E-02
9.562	2.36E-02
9.563	2.36E-02
9.564	2.36E-02
9.564	2.36E-02
9.564	2.36E-02
9.565	2.36E-02
9.566	2.36E-02
9.566	2.36E-02
9.566	2.36E-02
9.567	2.36E-02
9.568	2.36E-02
9.568	2.36E-02
9.568	2.36E-02
9.569	2.36E-02
9.569	2.36E-02
9.57	2.36E-02
9.571	2.36E-02
9.571	2.36E-02
9.571	2.36E-02
9.572	2.36E-02
9.573	2.36E-02
9.573	2.36E-02
9.573	2.36E-02
9.574	2.36E-02
9.575	2.36E-02
9.575	2.37E-02
9.575	2.37E-02
9.576	2.37E-02
9.576	2.37E-02
9.577	2.37E-02
9.578	2.37E-02
9.578	2.37E-02
9.578	2.37E-02
9.579	2.37E-02
9.58	2.37E-02
9.58	2.37E-02
9.58	2.37E-02
9.581	2.37E-02
9.582	2.37E-02
9.582	2.37E-02
9.583	2.37E-02
9.583	2.37E-02
9.583	2.37E-02
9.584	2.37E-02
9.585	2.37E-02
9.585	2.37E-02
9.585	2.37E-02
9.586	2.37E-02
9.587	2.37E-02
9.587	2.37E-02
9.587	2.37E-02
9.588	2.37E-02
9.589	2.37E-02
9.589	2.37E-02
9.59	2.37E-02
9.59	2.37E-02
9.59	2.37E-02
9.591	2.37E-02
9.592	2.37E-02
9.592	2.37E-02
9.592	2.37E-02
9.593	2.37E-02
9.594	2.37E-02
9.594	2.37E-02
9.594	2.37E-02
9.595	2.37E-02
9.595	2.37E-02
9.596	2.37E-02
9.597	2.37E-02
9.597	2.37E-02
9.597	2.37E-02
9.598	2.37E-02
9.599	2.37E-02
9.599	2.37E-02
9.599	2.37E-02
9.6	2.37E-02
9.601	2.37E-02
9.601	2.37E-02
9.601	2.37E-02
9.602	2.37E-02
9.602	2.37E-02
9.603	2.37E-02
9.604	2.37E-02
9.604	2.37E-02
9.604	2.37E-02
9.605	2.37E-02
9.606	2.37E-02
9.606	2.37E-02
9.606	2.37E-02
9.607	2.37E-02
9.608	2.37E-02
9.608	2.37E-02
9.608	2.37E-02
9.609	2.37E-02
9.609	2.37E-02
9.61	2.38E-02
9.611	2.38E-02
9.611	2.38E-02
9.611	2.38E-02
9.612	2.38E-02
9.613	2.38E-02
9.613	2.38E-02
9.613	2.38E-02
9.614	2.38E-02
9.615	2.38E-02
9.615	2.38E-02
9.616	2.38E-02
9.616	2.38E-02
9.616	2.38E-02
9.617	2.38E-02
9.618	2.38E-02
9.618	2.38E-02
9.618	2.38E-02
9.619	2.38E-02
9.62	2.38E-02
9.62	2.38E-02
9.62	2.38E-02
9.621	2.38E-02
9.622	2.38E-02
9.622	2.38E-02
9.623	2.38E-02
9.623	2.38E-02
9.623	2.38E-02
9.624	2.38E-02
9.625	2.38E-02
9.625	2.38E-02
9.625	2.38E-02
9.626	2.38E-02
9.627	2.38E-02
9.627	2.38E-02
9.627	2.38E-02
9.628	2.38E-02
9.628	2.38E-02
9.629	2.38E-02
9.63	2.38E-02
9.63	2.38E-02
9.63	2.38E-02
9.631	2.38E-02
9.632	2.38E-02
9.632	2.38E-02
9.632	2.38E-02
9.633	2.38E-02
9.634	2.38E-02
9.634	2.38E-02
9.634	2.38E-02
9.635	2.38E-02
9.635	2.38E-02
9.636	2.38E-02
9.637	2.38E-02
9.637	2.38E-02
9.637	2.38E-02
9.638	2.38E-02
9.639	2.38E-02
9.639	2.38E-02
9.639	2.38E-02
9.64	2.38E-02
9.641	2.38E-02
9.641	2.38E-02
9.642	2.38E-02
9.642	2.38E-02
9.642	2.38E-02
9.643	2.38E-02
9.644	2.38E-02
9.644	2.38E-02
9.644	2.38E-02
9.645	2.39E-02
9.646	2.39E-02
9.646	2.39E-02
9.646	2.39E-02
9.647	2.39E-02
9.648	2.39E-02
9.648	2.39E-02
9.649	2.39E-02
9.649	2.39E-02
9.649	2.39E-02
9.65	2.39E-02
9.651	2.39E-02
9.651	2.39E-02
9.651	2.39E-02
9.652	2.39E-02
9.653	2.39E-02
9.653	2.39E-02
9.653	2.39E-02
9.654	2.39E-02
9.655	2.39E-02
9.655	2.39E-02
9.656	2.39E-02
9.656	2.39E-02
9.656	2.39E-02
9.657	2.39E-02
9.658	2.39E-02
9.658	2.39E-02
9.658	2.39E-02
9.659	2.39E-02
9.66	2.39E-02
9.66	2.39E-02
9.66	2.39E-02
9.661	2.39E-02
9.661	2.39E-02
9.662	2.39E-02
9.663	2.39E-02
9.663	2.39E-02
9.663	2.39E-02
9.664	2.39E-02
9.665	2.39E-02
9.665	2.39E-02
9.665	2.39E-02
9.666	2.39E-02
9.667	2.39E-02
9.667	2.39E-02
9.667	2.39E-02
9.668	2.39E-02
9.668	2.39E-02
9.669	2.39E-02
9.67	2.39E-02
9.67	2.39E-02
9.67	2.39E-02
9.671	2.39E-02
9.672	2.39E-02
9.672	2.39E-02
9.672	2.39E-02
9.673	2.39E-02
9.674	2.39E-02
9.674	2.39E-02
9.675	2.39E-02
9.675	2.39E-02
9.675	2.39E-02
9.676	2.39E-02
9.677	2.39E-02
9.677	2.39E-02
9.677	2.39E-02
9.678	2.39E-02
9.679	2.39E-02
9.679	2.39E-02
9.679	2.39E-02
9.68	2.39E-02
9.681	2.40E-02
9.681	2.40E-02
9.682	2.40E-02
9.682	2.40E-02
9.682	2.40E-02
9.683	2.40E-02
9.684	2.40E-02
9.684	2.40E-02
9.684	2.40E-02
9.685	2.40E-02
9.686	2.40E-02
9.686	2.40E-02
9.686	2.40E-02
9.687	2.40E-02
9.688	2.40E-02
9.688	2.40E-02
9.689	2.40E-02
9.689	2.40E-02
9.689	2.40E-02
9.69	2.40E-02
9.691	2.40E-02
9.691	2.40E-02
9.691	2.40E-02
9.692	2.40E-02
9.693	2.40E-02
9.693	2.40E-02
9.693	2.40E-02
9.694	2.40E-02
9.694	2.40E-02
9.695	2.40E-02
9.696	2.40E-02
9.696	2.40E-02
9.696	2.40E-02
9.697	2.40E-02
9.698	2.40E-02
9.698	2.40E-02
9.698	2.40E-02
9.699	2.40E-02
9.7	2.40E-02
9.7	2.40E-02
9.7	2.40E-02
9.701	2.40E-02
9.701	2.40E-02
9.702	2.40E-02
9.703	2.40E-02
9.703	2.40E-02
9.703	2.40E-02
9.704	2.40E-02
9.705	2.40E-02
9.705	2.40E-02
9.705	2.40E-02
9.706	2.40E-02
9.707	2.40E-02
9.707	2.40E-02
9.708	2.40E-02
9.708	2.40E-02
9.708	2.40E-02
9.709	2.40E-02
9.71	2.40E-02
9.71	2.40E-02
9.71	2.40E-02
9.711	2.40E-02
9.712	2.40E-02
9.712	2.40E-02
9.712	2.40E-02
9.713	2.40E-02
9.714	2.40E-02
9.714	2.40E-02
9.715	2.40E-02
9.715	2.40E-02
9.715	2.40E-02
9.716	2.41E-02
9.717	2.41E-02
9.717	2.41E-02
9.717	2.41E-02
9.718	2.41E-02
9.719	2.41E-02
9.719	2.41E-02
9.719	2.41E-02
9.72	2.41E-02
9.72	2.41E-02
9.721	2.41E-02
9.722	2.41E-02
9.722	2.41E-02
9.722	2.41E-02
9.723	2.41E-02
9.724	2.41E-02
9.724	2.41E-02
9.724	2.41E-02
9.725	2.41E-02
9.726	2.41E-02
9.726	2.41E-02
9.726	2.41E-02
9.727	2.41E-02
9.727	2.41E-02
9.728	2.41E-02
9.729	2.41E-02
9.729	2.41E-02
9.729	2.41E-02
9.73	2.41E-02
9.731	2.41E-02
9.731	2.41E-02
9.731	2.41E-02
9.732	2.41E-02
9.733	2.41E-02
9.733	2.41E-02
9.733	2.41E-02
9.734	2.41E-02
9.734	2.41E-02
9.735	2.41E-02
9.736	2.41E-02
9.736	2.41E-02
9.736	2.41E-02
9.737	2.41E-02
9.738	2.41E-02
9.738	2.41E-02
9.738	2.41E-02
9.739	2.41E-02
9.74	2.41E-02
9.74	2.41E-02
9.741	2.41E-02
9.741	2.41E-02
9.741	2.41E-02
9.742	2.41E-02
9.743	2.41E-02
9.743	2.41E-02
9.743	2.41E-02
9.744	2.41E-02
9.745	2.41E-02
9.745	2.41E-02
9.745	2.41E-02
9.746	2.41E-02
9.747	2.41E-02
9.747	2.41E-02
9.748	2.41E-02
9.748	2.41E-02
9.748	2.41E-02
9.749	2.41E-02
9.75	2.41E-02
9.75	2.41E-02
9.75	2.41E-02
9.751	2.41E-02
9.752	2.42E-02
9.752	2.42E-02
9.752	2.42E-02
9.753	2.42E-02
9.753	2.42E-02
9.754	2.42E-02
9.755	2.42E-02
9.755	2.42E-02
9.755	2.42E-02
9.756	2.42E-02
9.757	2.42E-02
9.757	2.42E-02
9.757	2.42E-02
9.758	2.42E-02
9.759	2.42E-02
9.759	2.42E-02
9.759	2.42E-02
9.76	2.42E-02
9.76	2.42E-02
9.761	2.42E-02
9.762	2.42E-02
9.762	2.42E-02
9.762	2.42E-02
9.763	2.42E-02
9.764	2.42E-02
9.764	2.42E-02
9.764	2.42E-02
9.765	2.42E-02
9.766	2.42E-02
9.766	2.42E-02
9.767	2.42E-02
9.767	2.42E-02
9.767	2.42E-02
9.768	2.42E-02
9.769	2.42E-02
9.769	2.42E-02
9.769	2.42E-02
9.77	2.42E-02
9.771	2.42E-02
9.771	2.42E-02
9.771	2.42E-02
9.772	2.42E-02
9.773	2.42E-02
9.773	2.42E-02
9.774	2.42E-02
9.774	2.42E-02
9.774	2.42E-02
9.775	2.42E-02
9.776	2.42E-02
9.776	2.42E-02
9.776	2.42E-02
9.777	2.42E-02
9.778	2.42E-02
9.778	2.42E-02
9.778	2.42E-02
9.779	2.42E-02
9.78	2.42E-02
9.78	2.42E-02
9.781	2.42E-02
9.781	2.42E-02
9.781	2.42E-02
9.782	2.42E-02
9.783	2.42E-02
9.783	2.42E-02
9.783	2.42E-02
9.784	2.42E-02
9.785	2.42E-02
9.785	2.42E-02
9.785	2.42E-02
9.786	2.42E-02
9.786	2.42E-02
9.787	2.42E-02
9.788	2.42E-02
9.788	2.43E-02
9.788	2.43E-02
9.789	2.43E-02
9.79	2.43E-02
9.79	2.43E-02
9.79	2.43E-02
9.791	2.43E-02
9.792	2.43E-02
9.792	2.43E-02
9.792	2.43E-02
9.793	2.43E-02
9.793	2.43E-02
9.794	2.43E-02
9.795	2.43E-02
9.795	2.43E-02
9.795	2.43E-02
9.796	2.43E-02
9.797	2.43E-02
9.797	2.43E-02
9.797	2.43E-02
9.798	2.43E-02
9.799	2.43E-02
9.799	2.43E-02
9.8	2.43E-02
9.8	2.43E-02
9.8	2.43E-02
9.801	2.43E-02
9.802	2.43E-02
9.802	2.43E-02
9.802	2.43E-02
9.803	2.43E-02
9.804	2.43E-02
9.804	2.43E-02
9.804	2.43E-02
9.805	2.43E-02
9.806	2.43E-02
9.806	2.43E-02
9.807	2.43E-02
9.807	2.43E-02
9.807	2.43E-02
9.808	2.43E-02
9.809	2.43E-02
9.809	2.43E-02
9.809	2.43E-02
9.81	2.43E-02
9.811	2.43E-02
9.811	2.43E-02
9.811	2.43E-02
9.812	2.43E-02
9.812	2.43E-02
9.813	2.43E-02
9.814	2.43E-02
9.814	2.43E-02
9.814	2.43E-02
9.815	2.43E-02
9.816	2.43E-02
9.816	2.43E-02
9.816	2.43E-02
9.817	2.43E-02
9.818	2.43E-02
9.818	2.43E-02
9.818	2.43E-02
9.819	2.43E-02
9.819	2.43E-02
9.82	2.43E-02
9.821	2.43E-02
9.821	2.43E-02
9.821	2.43E-02
9.822	2.43E-02
9.823	2.43E-02
9.823	2.43E-02
9.823	2.43E-02
9.824	2.43E-02
9.825	2.44E-02
9.825	2.44E-02
9.825	2.44E-02
9.826	2.44E-02
9.826	2.44E-02
9.827	2.44E-02
9.828	2.44E-02
9.828	2.44E-02
9.828	2.44E-02
9.829	2.44E-02
9.83	2.44E-02
9.83	2.44E-02
9.83	2.44E-02
9.831	2.44E-02
9.832	2.44E-02
9.832	2.44E-02
9.833	2.44E-02
9.833	2.44E-02
9.833	2.44E-02
9.834	2.44E-02
9.835	2.44E-02
9.835	2.44E-02
9.835	2.44E-02
9.836	2.44E-02
9.837	2.44E-02
9.837	2.44E-02
9.837	2.44E-02
9.838	2.44E-02
9.839	2.44E-02
9.839	2.44E-02
9.84	2.44E-02
9.84	2.44E-02
9.84	2.44E-02
9.841	2.44E-02
9.842	2.44E-02
9.842	2.44E-02
9.842	2.44E-02
9.843	2.44E-02
9.844	2.44E-02
9.844	2.44E-02
9.844	2.44E-02
9.845	2.44E-02
9.845	2.44E-02
9.846	2.44E-02
9.847	2.44E-02
9.847	2.44E-02
9.847	2.44E-02
9.848	2.44E-02
9.849	2.44E-02
9.849	2.44E-02
9.849	2.44E-02
9.85	2.44E-02
9.851	2.44E-02
9.851	2.44E-02
9.851	2.44E-02
9.852	2.44E-02
9.852	2.44E-02
9.853	2.44E-02
9.854	2.44E-02
9.854	2.44E-02
9.854	2.44E-02
9.855	2.44E-02
9.856	2.44E-02
9.856	2.44E-02
9.856	2.44E-02
9.857	2.44E-02
9.858	2.44E-02
9.858	2.44E-02
9.858	2.44E-02
9.859	2.44E-02
9.859	2.44E-02
9.86	2.44E-02
9.861	2.44E-02
9.861	2.44E-02
9.861	2.45E-02
9.862	2.45E-02
9.863	2.45E-02
9.863	2.45E-02
9.863	2.45E-02
9.864	2.45E-02
9.865	2.45E-02
9.865	2.45E-02
9.866	2.45E-02
9.866	2.45E-02
9.866	2.45E-02
9.867	2.45E-02
9.868	2.45E-02
9.868	2.45E-02
9.868	2.45E-02
9.869	2.45E-02
9.87	2.45E-02
9.87	2.45E-02
9.87	2.45E-02
9.871	2.45E-02
9.872	2.45E-02
9.872	2.45E-02
9.873	2.45E-02
9.873	2.45E-02
9.873	2.45E-02
9.874	2.45E-02
9.875	2.45E-02
9.875	2.45E-02
9.875	2.45E-02
9.876	2.45E-02
9.877	2.45E-02
9.877	2.45E-02
9.877	2.45E-02
9.878	2.45E-02
9.878	2.45E-02
9.879	2.45E-02
9.88	2.45E-02
9.88	2.45E-02
9.88	2.45E-02
9.881	2.45E-02
9.882	2.45E-02
9.882	2.45E-02
9.882	2.45E-02
9.883	2.45E-02
9.884	2.45E-02
9.884	2.45E-02
9.884	2.45E-02
9.885	2.45E-02
9.885	2.45E-02
9.886	2.45E-02
9.887	2.45E-02
9.887	2.45E-02
9.887	2.45E-02
9.888	2.45E-02
9.889	2.45E-02
9.889	2.45E-02
9.889	2.45E-02
9.89	2.45E-02
9.891	2.45E-02
9.891	2.45E-02
9.892	2.45E-02
9.892	2.45E-02
9.892	2.45E-02
9.893	2.45E-02
9.894	2.45E-02
9.894	2.45E-02
9.894	2.45E-02
9.895	2.45E-02
9.896	2.45E-02
9.896	2.45E-02
9.896	2.45E-02
9.897	2.45E-02
9.898	2.45E-02
9.898	2.45E-02
9.899	2.46E-02
9.899	2.46E-02
9.899	2.46E-02
9.9	2.46E-02
9.901	2.46E-02
9.901	2.46E-02
9.901	2.46E-02
9.902	2.46E-02
9.903	2.46E-02
9.903	2.46E-02
9.903	2.46E-02
9.904	2.46E-02
9.905	2.46E-02
9.905	2.46E-02
9.906	2.46E-02
9.906	2.46E-02
9.906	2.46E-02
9.907	2.46E-02
9.908	2.46E-02
9.908	2.46E-02
9.908	2.46E-02
9.909	2.46E-02
9.91	2.46E-02
9.91	2.46E-02
9.91	2.46E-02
9.911	2.46E-02
9.911	2.46E-02
9.912	2.46E-02
9.913	2.46E-02
9.913	2.46E-02
9.913	2.46E-02
9.914	2.46E-02
9.915	2.46E-02
9.915	2.46E-02
9.915	2.46E-02
9.916	2.46E-02
9.917	2.46E-02
9.917	2.46E-02
9.917	2.46E-02
9.918	2.46E-02
9.918	2.46E-02
9.919	2.46E-02
9.92	2.46E-02
9.92	2.46E-02
9.92	2.46E-02
9.921	2.46E-02
9.922	2.46E-02
9.922	2.46E-02
9.922	2.46E-02
9.923	2.46E-02
9.924	2.46E-02
9.924	2.46E-02
9.925	2.46E-02
9.925	2.46E-02
9.925	2.46E-02
9.926	2.46E-02
9.927	2.46E-02
9.927	2.46E-02
9.927	2.46E-02
9.928	2.46E-02
9.929	2.46E-02
9.929	2.46E-02
9.929	2.46E-02
9.93	2.46E-02
9.931	2.46E-02
9.931	2.46E-02
9.932	2.46E-02
9.932	2.46E-02
9.932	2.46E-02
9.933	2.46E-02
9.934	2.46E-02
9.934	2.46E-02
9.934	2.46E-02
9.935	2.46E-02
9.936	2.46E-02
9.936	2.47E-02
9.936	2.47E-02
9.937	2.47E-02
9.938	2.47E-02
9.938	2.47E-02
9.939	2.47E-02
9.939	2.47E-02
9.939	2.47E-02
9.94	2.47E-02
9.941	2.47E-02
9.941	2.47E-02
9.941	2.47E-02
9.942	2.47E-02
9.943	2.47E-02
9.943	2.47E-02
9.943	2.47E-02
9.944	2.47E-02
9.944	2.47E-02
9.945	2.47E-02
9.946	2.47E-02
9.946	2.47E-02
9.946	2.47E-02
9.947	2.47E-02
9.948	2.47E-02
9.948	2.47E-02
9.948	2.47E-02
9.949	2.47E-02
9.95	2.47E-02
9.95	2.47E-02
9.95	2.47E-02
9.951	2.47E-02
9.951	2.47E-02
9.952	2.47E-02
9.953	2.47E-02
9.953	2.47E-02
9.953	2.47E-02
9.954	2.47E-02
9.955	2.47E-02
9.955	2.47E-02
9.955	2.47E-02
9.956	2.47E-02
9.957	2.47E-02
9.957	2.47E-02
9.958	2.47E-02
9.958	2.47E-02
9.958	2.47E-02
9.959	2.47E-02
9.96	2.47E-02
9.96	2.47E-02
9.96	2.47E-02
9.961	2.47E-02
9.962	2.47E-02
9.962	2.47E-02
9.962	2.47E-02
9.963	2.47E-02
9.964	2.47E-02
9.964	2.47E-02
9.965	2.47E-02
9.965	2.47E-02
9.965	2.47E-02
9.966	2.47E-02
9.967	2.47E-02
9.967	2.47E-02
9.967	2.47E-02
9.968	2.47E-02
9.969	2.47E-02
9.969	2.47E-02
9.969	2.47E-02
9.97	2.47E-02
9.97	2.47E-02
9.971	2.47E-02
9.972	2.47E-02
9.972	2.47E-02
9.972	2.47E-02
9.973	2.47E-02
9.974	2.47E-02
9.974	2.48E-02
9.974	2.48E-02
9.975	2.48E-02
9.976	2.48E-02
9.976	2.48E-02
9.976	2.48E-02
9.977	2.48E-02
9.977	2.48E-02
9.978	2.48E-02
9.979	2.48E-02
9.979	2.48E-02
9.979	2.48E-02
9.98	2.48E-02
9.981	2.48E-02
9.981	2.48E-02
9.981	2.48E-02
9.982	2.48E-02
9.983	2.48E-02
9.983	2.48E-02
9.983	2.48E-02
9.984	2.48E-02
9.984	2.48E-02
9.985	2.48E-02
9.986	2.48E-02
9.986	2.48E-02
9.986	2.48E-02
9.987	2.48E-02
9.988	2.48E-02
9.988	2.48E-02
9.988	2.48E-02
9.989	2.48E-02
9.99	2.48E-02
9.99	2.48E-02
9.991	2.48E-02
9.991	2.48E-02
9.991	2.48E-02
9.992	2.48E-02
9.993	2.48E-02
9.993	2.48E-02
9.993	2.48E-02
9.994	2.48E-02
9.995	2.48E-02
9.995	2.48E-02
9.995	2.48E-02
9.996	2.48E-02
9.997	2.48E-02
9.997	2.48E-02
9.998	2.48E-02
9.998	2.48E-02
9.998	2.48E-02
9.999	2.48E-02
10	2.48E-02
10	2.48E-02
10	2.48E-02
10	2.48E-02
10	2.48E-02
10	2.48E-02
10	2.48E-02
10	2.48E-02
10	2.48E-02
10	2.48E-02
10	2.48E-02
10.01	2.48E-02
10.01	2.48E-02
10.01	2.48E-02
10.01	2.48E-02
10.01	2.48E-02
10.01	2.48E-02
10.01	2.48E-02
10.01	2.48E-02
10.01	2.48E-02
10.01	2.48E-02
10.01	2.48E-02
10.01	2.48E-02
10.01	2.48E-02
10.01	2.48E-02
10.01	2.49E-02
10.01	2.49E-02
10.01	2.49E-02
10.01	2.49E-02
10.01	2.49E-02
10.01	2.49E-02
10.02	2.49E-02
10.02	2.49E-02
10.02	2.49E-02
10.02	2.49E-02
10.02	2.49E-02
10.02	2.49E-02
10.02	2.49E-02
10.02	2.49E-02
10.02	2.49E-02
10.02	2.49E-02
10.02	2.49E-02
10.02	2.49E-02
10.02	2.49E-02
10.02	2.49E-02
10.02	2.49E-02
10.02	2.49E-02
10.02	2.49E-02
10.02	2.49E-02
10.02	2.49E-02
10.02	2.49E-02
10.02	2.49E-02
10.03	2.49E-02
10.03	2.49E-02
10.03	2.49E-02
10.03	2.49E-02
10.03	2.49E-02
10.03	2.49E-02
10.03	2.49E-02
10.03	2.49E-02
10.03	2.49E-02
10.03	2.49E-02
10.03	2.49E-02
10.03	2.49E-02
10.03	2.49E-02
10.03	2.49E-02
10.03	2.49E-02
10.03	2.49E-02
10.03	2.49E-02
10.03	2.49E-02
10.03	2.49E-02
10.03	2.49E-02
10.04	2.49E-02
10.04	2.49E-02
10.04	2.49E-02
10.04	2.49E-02
10.04	2.49E-02
10.04	2.49E-02
10.04	2.49E-02
10.04	2.49E-02
10.04	2.49E-02
10.04	2.49E-02
10.04	2.49E-02
10.04	2.49E-02
10.04	2.49E-02
10.04	2.49E-02
10.04	2.49E-02
10.04	2.49E-02
10.04	2.49E-02
10.04	2.49E-02
10.04	2.49E-02
10.05	2.49E-02
10.05	2.49E-02
10.05	2.49E-02
10.05	2.49E-02
10.05	2.49E-02
10.05	2.49E-02
10.05	2.49E-02
10.05	2.49E-02
10.05	2.49E-02
10.05	2.49E-02
10.05	2.49E-02
10.05	2.50E-02
10.05	2.50E-02
10.05	2.50E-02
10.05	2.50E-02
10.05	2.50E-02
10.05	2.50E-02
10.05	2.50E-02
10.05	2.50E-02
10.05	2.50E-02
10.06	2.50E-02
10.06	2.50E-02
10.06	2.50E-02
10.06	2.50E-02
10.06	2.50E-02
10.06	2.50E-02
10.06	2.50E-02
10.06	2.50E-02
10.06	2.50E-02
10.06	2.50E-02
10.06	2.50E-02
10.06	2.50E-02
10.06	2.50E-02
10.06	2.50E-02
10.06	2.50E-02
10.06	2.50E-02
10.06	2.50E-02
10.06	2.50E-02
10.06	2.50E-02
10.06	2.50E-02
10.06	2.50E-02
10.07	2.50E-02
10.07	2.50E-02
10.07	2.50E-02
10.07	2.50E-02
10.07	2.50E-02
10.07	2.50E-02
10.07	2.50E-02
10.07	2.50E-02
10.07	2.50E-02
10.07	2.50E-02
10.07	2.50E-02
10.07	2.50E-02
10.07	2.50E-02
10.07	2.50E-02
10.07	2.50E-02
10.07	2.50E-02
10.07	2.50E-02
10.07	2.50E-02
10.07	2.50E-02
10.07	2.50E-02
10.08	2.50E-02
10.08	2.50E-02
10.08	2.50E-02
10.08	2.50E-02
10.08	2.50E-02
10.08	2.50E-02
10.08	2.50E-02
10.08	2.50E-02
10.08	2.50E-02
10.08	2.50E-02
10.08	2.50E-02
10.08	2.50E-02
10.08	2.50E-02
10.08	2.50E-02
10.08	2.50E-02
10.08	2.50E-02
10.08	2.50E-02
10.08	2.50E-02
10.08	2.50E-02
10.09	2.50E-02
10.09	2.50E-02
10.09	2.50E-02
10.09	2.50E-02
10.09	2.50E-02
10.09	2.50E-02
10.09	2.50E-02
10.09	2.50E-02
10.09	2.50E-02
10.09	2.51E-02
10.09	2.51E-02
10.09	2.51E-02
10.09	2.51E-02
10.09	2.51E-02
10.09	2.51E-02
10.09	2.51E-02
10.09	2.51E-02
10.09	2.51E-02
10.09	2.51E-02
10.09	2.51E-02
10.1	2.51E-02
10.1	2.51E-02
10.1	2.51E-02
10.1	2.51E-02
10.1	2.51E-02
10.1	2.51E-02
10.1	2.51E-02
10.1	2.51E-02
10.1	2.51E-02
10.1	2.51E-02
10.1	2.51E-02
10.1	2.51E-02
10.1	2.51E-02
10.1	2.51E-02
10.1	2.51E-02
10.1	2.51E-02
10.1	2.51E-02
10.1	2.51E-02
10.1	2.51E-02
10.1	2.51E-02
10.1	2.51E-02
10.11	2.51E-02
10.11	2.51E-02
10.11	2.51E-02
10.11	2.51E-02
10.11	2.51E-02
10.11	2.51E-02
10.11	2.51E-02
10.11	2.51E-02
10.11	2.51E-02
10.11	2.51E-02
10.11	2.51E-02
10.11	2.51E-02
10.11	2.51E-02
10.11	2.51E-02
10.11	2.51E-02
10.11	2.51E-02
10.11	2.51E-02
10.11	2.51E-02
10.11	2.51E-02
10.11	2.51E-02
10.12	2.51E-02
10.12	2.51E-02
10.12	2.51E-02
10.12	2.51E-02
10.12	2.51E-02
10.12	2.51E-02
10.12	2.51E-02
10.12	2.51E-02
10.12	2.51E-02
10.12	2.51E-02
10.12	2.51E-02
10.12	2.51E-02
10.12	2.51E-02
10.12	2.51E-02
10.12	2.51E-02
10.12	2.51E-02
10.12	2.51E-02
10.12	2.51E-02
10.12	2.51E-02
10.12	2.51E-02
10.13	2.51E-02
10.13	2.51E-02
10.13	2.51E-02
10.13	2.51E-02
10.13	2.51E-02
10.13	2.51E-02
10.13	2.51E-02
10.13	2.52E-02
10.13	2.52E-02
10.13	2.52E-02
10.13	2.52E-02
10.13	2.52E-02
10.13	2.52E-02
10.13	2.52E-02
10.13	2.52E-02
10.13	2.52E-02
10.13	2.52E-02
10.13	2.52E-02
10.13	2.52E-02
10.14	2.52E-02
10.14	2.52E-02
10.14	2.52E-02
10.14	2.52E-02
10.14	2.52E-02
10.14	2.52E-02
10.14	2.52E-02
10.14	2.52E-02
10.14	2.52E-02
10.14	2.52E-02
10.14	2.52E-02
10.14	2.52E-02
10.14	2.52E-02
10.14	2.52E-02
10.14	2.52E-02
10.14	2.52E-02
10.14	2.52E-02
10.14	2.52E-02
10.14	2.52E-02
10.14	2.52E-02
10.15	2.52E-02
10.15	2.52E-02
10.15	2.52E-02
10.15	2.52E-02
10.15	2.52E-02
10.15	2.52E-02
10.15	2.52E-02
10.15	2.52E-02
10.15	2.52E-02
10.15	2.52E-02
10.15	2.52E-02
10.15	2.52E-02
10.15	2.52E-02
10.15	2.52E-02
10.15	2.52E-02
10.15	2.52E-02
10.15	2.52E-02
10.15	2.52E-02
10.15	2.52E-02
10.15	2.52E-02
10.15	2.52E-02
10.16	2.52E-02
10.16	2.52E-02
10.16	2.52E-02
10.16	2.52E-02
10.16	2.52E-02
10.16	2.52E-02
10.16	2.52E-02
10.16	2.52E-02
10.16	2.52E-02
10.16	2.52E-02
10.16	2.52E-02
10.16	2.52E-02
10.16	2.52E-02
10.16	2.52E-02
10.16	2.52E-02
10.16	2.52E-02
10.16	2.52E-02
10.16	2.52E-02
10.16	2.52E-02
10.16	2.52E-02
10.17	2.52E-02
10.17	2.52E-02
10.17	2.52E-02
10.17	2.52E-02
10.17	2.52E-02
10.17	2.52E-02
10.17	2.52E-02
10.17	2.53E-02
10.17	2.53E-02
10.17	2.53E-02
10.17	2.53E-02
10.17	2.53E-02
10.17	2.53E-02
10.17	2.53E-02
10.17	2.53E-02
10.17	2.53E-02
10.17	2.53E-02
10.17	2.53E-02
10.17	2.53E-02
10.18	2.53E-02
10.18	2.53E-02
10.18	2.53E-02
10.18	2.53E-02
10.18	2.53E-02
10.18	2.53E-02
10.18	2.53E-02
10.18	2.53E-02
10.18	2.53E-02
10.18	2.53E-02
10.18	2.53E-02
10.18	2.53E-02
10.18	2.53E-02
10.18	2.53E-02
10.18	2.53E-02
10.18	2.53E-02
10.18	2.53E-02
10.18	2.53E-02
10.18	2.53E-02
10.18	2.53E-02
10.19	2.53E-02
10.19	2.53E-02
10.19	2.53E-02
10.19	2.53E-02
10.19	2.53E-02
10.19	2.53E-02
10.19	2.53E-02
10.19	2.53E-02
10.19	2.53E-02
10.19	2.53E-02
10.19	2.53E-02
10.19	2.53E-02
10.19	2.53E-02
10.19	2.53E-02
10.19	2.53E-02
10.19	2.53E-02
10.19	2.53E-02
10.19	2.53E-02
10.19	2.53E-02
10.19	2.53E-02
10.19	2.53E-02
10.2	2.53E-02
10.2	2.53E-02
10.2	2.53E-02
10.2	2.53E-02
10.2	2.53E-02
10.2	2.53E-02
10.2	2.53E-02
10.2	2.53E-02
10.2	2.53E-02
10.2	2.53E-02
10.2	2.53E-02
10.2	2.53E-02
10.2	2.53E-02
10.2	2.53E-02
10.2	2.53E-02
10.2	2.53E-02
10.2	2.53E-02
10.2	2.53E-02
10.2	2.53E-02
10.2	2.53E-02
10.21	2.53E-02
10.21	2.53E-02
10.21	2.53E-02
10.21	2.53E-02
10.21	2.53E-02
10.21	2.53E-02
10.21	2.53E-02
10.21	2.54E-02
10.21	2.54E-02
10.21	2.54E-02
10.21	2.54E-02
10.21	2.54E-02
10.21	2.54E-02
10.21	2.54E-02
10.21	2.54E-02
10.21	2.54E-02
10.21	2.54E-02
10.21	2.54E-02
10.21	2.54E-02
10.22	2.54E-02
10.22	2.54E-02
10.22	2.54E-02
10.22	2.54E-02
10.22	2.54E-02
10.22	2.54E-02
10.22	2.54E-02
10.22	2.54E-02
10.22	2.54E-02
10.22	2.54E-02
10.22	2.54E-02
10.22	2.54E-02
10.22	2.54E-02
10.22	2.54E-02
10.22	2.54E-02
10.22	2.54E-02
10.22	2.54E-02
10.22	2.54E-02
10.22	2.54E-02
10.22	2.54E-02
10.23	2.54E-02
10.23	2.54E-02
10.23	2.54E-02
10.23	2.54E-02
10.23	2.54E-02
10.23	2.54E-02
10.23	2.54E-02
10.23	2.54E-02
10.23	2.54E-02
10.23	2.54E-02
10.23	2.54E-02
10.23	2.54E-02
10.23	2.54E-02
10.23	2.54E-02
10.23	2.54E-02
10.23	2.54E-02
10.23	2.54E-02
10.23	2.54E-02
10.23	2.54E-02
10.23	2.54E-02
10.23	2.54E-02
10.24	2.54E-02
10.24	2.54E-02
10.24	2.54E-02
10.24	2.54E-02
10.24	2.54E-02
10.24	2.54E-02
10.24	2.54E-02
10.24	2.54E-02
10.24	2.54E-02
10.24	2.54E-02
10.24	2.54E-02
10.24	2.54E-02
10.24	2.54E-02
10.24	2.54E-02
10.24	2.54E-02
10.24	2.54E-02
10.24	2.54E-02
10.24	2.54E-02
10.24	2.54E-02
10.24	2.54E-02
10.25	2.54E-02
10.25	2.54E-02
10.25	2.54E-02
10.25	2.54E-02
10.25	2.54E-02
10.25	2.54E-02
10.25	2.54E-02
10.25	2.54E-02
10.25	2.54E-02
10.25	2.55E-02
10.25	2.55E-02
10.25	2.55E-02
10.25	2.55E-02
10.25	2.55E-02
10.25	2.55E-02
10.25	2.55E-02
10.25	2.55E-02
10.25	2.55E-02
10.25	2.55E-02
10.26	2.55E-02
10.26	2.55E-02
10.26	2.55E-02
10.26	2.55E-02
10.26	2.55E-02
10.26	2.55E-02
10.26	2.55E-02
10.26	2.55E-02
10.26	2.55E-02
10.26	2.55E-02
10.26	2.55E-02
10.26	2.55E-02
10.26	2.55E-02
10.26	2.55E-02
10.26	2.55E-02
10.26	2.55E-02
10.26	2.55E-02
10.26	2.55E-02
10.26	2.55E-02
10.26	2.55E-02
10.27	2.55E-02
10.27	2.55E-02
10.27	2.55E-02
10.27	2.55E-02
10.27	2.55E-02
10.27	2.55E-02
10.27	2.55E-02
10.27	2.55E-02
10.27	2.55E-02
10.27	2.55E-02
10.27	2.55E-02
10.27	2.55E-02
10.27	2.55E-02
10.27	2.55E-02
10.27	2.55E-02
10.27	2.55E-02
10.27	2.55E-02
10.27	2.55E-02
10.27	2.55E-02
10.27	2.55E-02
10.27	2.55E-02
10.28	2.55E-02
10.28	2.55E-02
10.28	2.55E-02
10.28	2.55E-02
10.28	2.55E-02
10.28	2.55E-02
10.28	2.55E-02
10.28	2.55E-02
10.28	2.55E-02
10.28	2.55E-02
10.28	2.55E-02
10.28	2.55E-02
10.28	2.55E-02
10.28	2.55E-02
10.28	2.55E-02
10.28	2.55E-02
10.28	2.55E-02
10.28	2.55E-02
10.28	2.55E-02
10.28	2.55E-02
10.29	2.55E-02
10.29	2.55E-02
10.29	2.55E-02
10.29	2.55E-02
10.29	2.55E-02
10.29	2.55E-02
10.29	2.55E-02
10.29	2.55E-02
10.29	2.55E-02
10.29	2.55E-02
10.29	2.55E-02
10.29	2.56E-02
10.29	2.56E-02
10.29	2.56E-02
10.29	2.56E-02
10.29	2.56E-02
10.29	2.56E-02
10.29	2.56E-02
10.29	2.56E-02
10.3	2.56E-02
10.3	2.56E-02
10.3	2.56E-02
10.3	2.56E-02
10.3	2.56E-02
10.3	2.56E-02
10.3	2.56E-02
10.3	2.56E-02
10.3	2.56E-02
10.3	2.56E-02
10.3	2.56E-02
10.3	2.56E-02
10.3	2.56E-02
10.3	2.56E-02
10.3	2.56E-02
10.3	2.56E-02
10.3	2.56E-02
10.3	2.56E-02
10.3	2.56E-02
10.3	2.56E-02
10.31	2.56E-02
10.31	2.56E-02
10.31	2.56E-02
10.31	2.56E-02
10.31	2.56E-02
10.31	2.56E-02
10.31	2.56E-02
10.31	2.56E-02
10.31	2.56E-02
10.31	2.56E-02
10.31	2.56E-02
10.31	2.56E-02
10.31	2.56E-02
10.31	2.56E-02
10.31	2.56E-02
10.31	2.56E-02
10.31	2.56E-02
10.31	2.56E-02
10.31	2.56E-02
10.31	2.56E-02
10.31	2.56E-02
10.32	2.56E-02
10.32	2.56E-02
10.32	2.56E-02
10.32	2.56E-02
10.32	2.56E-02
10.32	2.56E-02
10.32	2.56E-02
10.32	2.56E-02
10.32	2.56E-02
10.32	2.56E-02
10.32	2.56E-02
10.32	2.56E-02
10.32	2.56E-02
10.32	2.56E-02
10.32	2.56E-02
10.32	2.56E-02
10.32	2.56E-02
10.32	2.56E-02
10.32	2.56E-02
10.32	2.56E-02
10.33	2.56E-02
10.33	2.56E-02
10.33	2.56E-02
10.33	2.56E-02
10.33	2.56E-02
10.33	2.56E-02
10.33	2.56E-02
10.33	2.56E-02
10.33	2.56E-02
10.33	2.56E-02
10.33	2.56E-02
10.33	2.56E-02
10.33	2.56E-02
10.33	2.56E-02
10.33	2.57E-02
10.33	2.57E-02
10.33	2.57E-02
10.33	2.57E-02
10.33	2.57E-02
10.34	2.57E-02
10.34	2.57E-02
10.34	2.57E-02
10.34	2.57E-02
10.34	2.57E-02
10.34	2.57E-02
10.34	2.57E-02
10.34	2.57E-02
10.34	2.57E-02
10.34	2.57E-02
10.34	2.57E-02
10.34	2.57E-02
10.34	2.57E-02
10.34	2.57E-02
10.34	2.57E-02
10.34	2.57E-02
10.34	2.57E-02
10.34	2.57E-02
10.34	2.57E-02
10.34	2.57E-02
10.35	2.57E-02
10.35	2.57E-02
10.35	2.57E-02
10.35	2.57E-02
10.35	2.57E-02
10.35	2.57E-02
10.35	2.57E-02
10.35	2.57E-02
10.35	2.57E-02
10.35	2.57E-02
10.35	2.57E-02
10.35	2.57E-02
10.35	2.57E-02
10.35	2.57E-02
10.35	2.57E-02
10.35	2.57E-02
10.35	2.57E-02
10.35	2.57E-02
10.35	2.57E-02
10.35	2.57E-02
10.35	2.57E-02
10.36	2.57E-02
10.36	2.57E-02
10.36	2.57E-02
10.36	2.57E-02
10.36	2.57E-02
10.36	2.57E-02
10.36	2.57E-02
10.36	2.57E-02
10.36	2.57E-02
10.36	2.57E-02
10.36	2.57E-02
10.36	2.57E-02
10.36	2.57E-02
10.36	2.57E-02
10.36	2.57E-02
10.36	2.57E-02
10.36	2.57E-02
10.36	2.57E-02
10.36	2.57E-02
10.36	2.57E-02
10.37	2.57E-02
10.37	2.57E-02
10.37	2.57E-02
10.37	2.57E-02
10.37	2.57E-02
10.37	2.57E-02
10.37	2.57E-02
10.37	2.57E-02
10.37	2.57E-02
10.37	2.57E-02
10.37	2.57E-02
10.37	2.57E-02
10.37	2.57E-02
10.37	2.57E-02
10.37	2.57E-02
10.37	2.57E-02
10.37	2.57E-02
10.37	2.57E-02
10.37	2.58E-02
10.38	2.58E-02
10.38	2.58E-02
10.38	2.58E-02
10.38	2.58E-02
10.38	2.58E-02
10.38	2.58E-02
10.38	2.58E-02
10.38	2.58E-02
10.38	2.58E-02
10.38	2.58E-02
10.38	2.58E-02
10.38	2.58E-02
10.38	2.58E-02
10.38	2.58E-02
10.38	2.58E-02
10.38	2.58E-02
10.38	2.58E-02
10.38	2.58E-02
10.38	2.58E-02
10.38	2.58E-02
10.39	2.58E-02
10.39	2.58E-02
10.39	2.58E-02
10.39	2.58E-02
10.39	2.58E-02
10.39	2.58E-02
10.39	2.58E-02
10.39	2.58E-02
10.39	2.58E-02
10.39	2.58E-02
10.39	2.58E-02
10.39	2.58E-02
10.39	2.58E-02
10.39	2.58E-02
10.39	2.58E-02
10.39	2.58E-02
10.39	2.58E-02
10.39	2.58E-02
10.39	2.58E-02
10.39	2.58E-02
10.4	2.58E-02
10.4	2.58E-02
10.4	2.58E-02
10.4	2.58E-02
10.4	2.58E-02
10.4	2.58E-02
10.4	2.58E-02
10.4	2.58E-02
10.4	2.58E-02
10.4	2.58E-02
10.4	2.58E-02
10.4	2.58E-02
10.4	2.58E-02
10.4	2.58E-02
10.4	2.58E-02
10.4	2.58E-02
10.4	2.58E-02
10.4	2.58E-02
10.4	2.58E-02
10.4	2.58E-02
10.4	2.58E-02
10.41	2.58E-02
10.41	2.58E-02
10.41	2.58E-02
10.41	2.58E-02
10.41	2.58E-02
10.41	2.58E-02
10.41	2.58E-02
10.41	2.58E-02
10.41	2.58E-02
10.41	2.58E-02
10.41	2.58E-02
10.41	2.58E-02
10.41	2.58E-02
10.41	2.58E-02
10.41	2.58E-02
10.41	2.58E-02
10.41	2.58E-02
10.41	2.58E-02
10.41	2.58E-02
10.41	2.58E-02
10.42	2.58E-02
10.42	2.58E-02
10.42	2.58E-02
10.42	2.58E-02
10.42	2.59E-02
10.42	2.59E-02
10.42	2.59E-02
10.42	2.59E-02
10.42	2.59E-02
10.42	2.59E-02
10.42	2.59E-02
10.42	2.59E-02
10.42	2.59E-02
10.42	2.59E-02
10.42	2.59E-02
10.42	2.59E-02
10.42	2.59E-02
10.42	2.59E-02
10.42	2.59E-02
10.43	2.59E-02
10.43	2.59E-02
10.43	2.59E-02
10.43	2.59E-02
10.43	2.59E-02
10.43	2.59E-02
10.43	2.59E-02
10.43	2.59E-02
10.43	2.59E-02
10.43	2.59E-02
10.43	2.59E-02
10.43	2.59E-02
10.43	2.59E-02
10.43	2.59E-02
10.43	2.59E-02
10.43	2.59E-02
10.43	2.59E-02
10.43	2.59E-02
10.43	2.59E-02
10.43	2.59E-02
10.44	2.59E-02
10.44	2.59E-02
10.44	2.59E-02
10.44	2.59E-02
10.44	2.59E-02
10.44	2.59E-02
10.44	2.59E-02
10.44	2.59E-02
10.44	2.59E-02
10.44	2.59E-02
10.44	2.59E-02
10.44	2.59E-02
10.44	2.59E-02
10.44	2.59E-02
10.44	2.59E-02
10.44	2.59E-02
10.44	2.59E-02
10.44	2.59E-02
10.44	2.59E-02
10.44	2.59E-02
10.44	2.59E-02
10.45	2.59E-02
10.45	2.59E-02
10.45	2.59E-02
10.45	2.59E-02
10.45	2.59E-02
10.45	2.59E-02
10.45	2.59E-02
10.45	2.59E-02
10.45	2.59E-02
10.45	2.59E-02
10.45	2.59E-02
10.45	2.59E-02
10.45	2.59E-02
10.45	2.59E-02
10.45	2.59E-02
10.45	2.59E-02
10.45	2.59E-02
10.45	2.59E-02
10.45	2.59E-02
10.45	2.59E-02
10.46	2.59E-02
10.46	2.59E-02
10.46	2.59E-02
10.46	2.59E-02
10.46	2.59E-02
10.46	2.59E-02
10.46	2.59E-02
10.46	2.59E-02
10.46	2.59E-02
10.46	2.59E-02
10.46	2.60E-02
10.46	2.60E-02
10.46	2.60E-02
10.46	2.60E-02
10.46	2.60E-02
10.46	2.60E-02
10.46	2.60E-02
10.46	2.60E-02
10.46	2.60E-02
10.47	2.60E-02
10.47	2.60E-02
10.47	2.60E-02
10.47	2.60E-02
10.47	2.60E-02
10.47	2.60E-02
10.47	2.60E-02
10.47	2.60E-02
10.47	2.60E-02
10.47	2.60E-02
10.47	2.60E-02
10.47	2.60E-02
10.47	2.60E-02
10.47	2.60E-02
10.47	2.60E-02
10.47	2.60E-02
10.47	2.60E-02
10.47	2.60E-02
10.47	2.60E-02
10.47	2.60E-02
10.48	2.60E-02
10.48	2.60E-02
10.48	2.60E-02
10.48	2.60E-02
10.48	2.60E-02
10.48	2.60E-02
10.48	2.60E-02
10.48	2.60E-02
10.48	2.60E-02
10.48	2.60E-02
10.48	2.60E-02
10.48	2.60E-02
10.48	2.60E-02
10.48	2.60E-02
10.48	2.60E-02
10.48	2.60E-02
10.48	2.60E-02
10.48	2.60E-02
10.48	2.60E-02
10.48	2.60E-02
10.48	2.60E-02
10.49	2.60E-02
10.49	2.60E-02
10.49	2.60E-02
10.49	2.60E-02
10.49	2.60E-02
10.49	2.60E-02
10.49	2.60E-02
10.49	2.60E-02
10.49	2.60E-02
10.49	2.60E-02
10.49	2.60E-02
10.49	2.60E-02
10.49	2.60E-02
10.49	2.60E-02
10.49	2.60E-02
10.49	2.60E-02
10.49	2.60E-02
10.49	2.60E-02
10.49	2.60E-02
10.49	2.60E-02
10.5	2.60E-02
10.5	2.60E-02
10.5	2.60E-02
10.5	2.60E-02
10.5	2.60E-02
10.5	2.60E-02
10.5	2.60E-02
10.5	2.60E-02
10.5	2.60E-02
10.5	2.60E-02
10.5	2.60E-02
10.5	2.60E-02
10.5	2.60E-02
10.5	2.60E-02
10.5	2.60E-02
10.5	2.60E-02
10.5	2.60E-02
10.5	2.61E-02
10.5	2.61E-02
10.51	2.61E-02
10.51	2.61E-02
10.51	2.61E-02
10.51	2.61E-02
10.51	2.61E-02
10.51	2.61E-02
10.51	2.61E-02
10.51	2.61E-02
10.51	2.61E-02
10.51	2.61E-02
10.51	2.61E-02
10.51	2.61E-02
10.51	2.61E-02
10.51	2.61E-02
10.51	2.61E-02
10.51	2.61E-02
10.51	2.61E-02
10.51	2.61E-02
10.51	2.61E-02
10.51	2.61E-02
10.52	2.61E-02
10.52	2.61E-02
10.52	2.61E-02
10.52	2.61E-02
10.52	2.61E-02
10.52	2.61E-02
10.52	2.61E-02
10.52	2.61E-02
10.52	2.61E-02
10.52	2.61E-02
10.52	2.61E-02
10.52	2.61E-02
10.52	2.61E-02
10.52	2.61E-02
10.52	2.61E-02
10.52	2.61E-02
10.52	2.61E-02
10.52	2.61E-02
10.52	2.61E-02
10.52	2.61E-02
10.52	2.61E-02
10.53	2.61E-02
10.53	2.61E-02
10.53	2.61E-02
10.53	2.61E-02
10.53	2.61E-02
10.53	2.61E-02
10.53	2.61E-02
10.53	2.61E-02
10.53	2.61E-02
10.53	2.61E-02
10.53	2.61E-02
10.53	2.61E-02
10.53	2.61E-02
10.53	2.61E-02
10.53	2.61E-02
10.53	2.61E-02
10.53	2.61E-02
10.53	2.61E-02
10.53	2.61E-02
10.53	2.61E-02
10.54	2.61E-02
10.54	2.61E-02
10.54	2.61E-02
10.54	2.61E-02
10.54	2.61E-02
10.54	2.61E-02
10.54	2.61E-02
10.54	2.61E-02
10.54	2.61E-02
10.54	2.61E-02
10.54	2.61E-02
10.54	2.61E-02
10.54	2.61E-02
10.54	2.61E-02
10.54	2.61E-02
10.54	2.61E-02
10.54	2.61E-02
10.54	2.61E-02
10.54	2.61E-02
10.55	2.61E-02
10.55	2.61E-02
10.55	2.61E-02
10.55	2.61E-02
10.55	2.61E-02
10.55	2.61E-02
10.55	2.62E-02
10.55	2.62E-02
10.55	2.62E-02
10.55	2.62E-02
10.55	2.62E-02
10.55	2.62E-02
10.55	2.62E-02
10.55	2.62E-02
10.55	2.62E-02
10.55	2.62E-02
10.55	2.62E-02
10.55	2.62E-02
10.55	2.62E-02
10.55	2.62E-02
10.56	2.62E-02
10.56	2.62E-02
10.56	2.62E-02
10.56	2.62E-02
10.56	2.62E-02
10.56	2.62E-02
10.56	2.62E-02
10.56	2.62E-02
10.56	2.62E-02
10.56	2.62E-02
10.56	2.62E-02
10.56	2.62E-02
10.56	2.62E-02
10.56	2.62E-02
10.56	2.62E-02
10.56	2.62E-02
10.56	2.62E-02
10.56	2.62E-02
10.56	2.62E-02
10.56	2.62E-02
10.56	2.62E-02
10.57	2.62E-02
10.57	2.62E-02
10.57	2.62E-02
10.57	2.62E-02
10.57	2.62E-02
10.57	2.62E-02
10.57	2.62E-02
10.57	2.62E-02
10.57	2.62E-02
10.57	2.62E-02
10.57	2.62E-02
10.57	2.62E-02
10.57	2.62E-02
10.57	2.62E-02
10.57	2.62E-02
10.57	2.62E-02
10.57	2.62E-02
10.57	2.62E-02
10.57	2.62E-02
10.57	2.62E-02
10.58	2.62E-02
10.58	2.62E-02
10.58	2.62E-02
10.58	2.62E-02
10.58	2.62E-02
10.58	2.62E-02
10.58	2.62E-02
10.58	2.62E-02
10.58	2.62E-02
10.58	2.62E-02
10.58	2.62E-02
10.58	2.62E-02
10.58	2.62E-02
10.58	2.62E-02
10.58	2.62E-02
10.58	2.62E-02
10.58	2.62E-02
10.58	2.62E-02
10.58	2.62E-02
10.59	2.62E-02
10.59	2.62E-02
10.59	2.62E-02
10.59	2.62E-02
10.59	2.62E-02
10.59	2.62E-02
10.59	2.62E-02
10.59	2.62E-02
10.59	2.62E-02
10.59	2.62E-02
10.59	2.62E-02
10.59	2.62E-02
10.59	2.62E-02
10.59	2.62E-02
10.59	2.62E-02
10.59	2.62E-02
10.59	2.63E-02
10.59	2.63E-02
10.59	2.63E-02
10.59	2.63E-02
10.6	2.63E-02
10.6	2.63E-02
10.6	2.63E-02
10.6	2.63E-02
10.6	2.63E-02
10.6	2.63E-02
10.6	2.63E-02
10.6	2.63E-02
10.6	2.63E-02
10.6	2.63E-02
10.6	2.63E-02
10.6	2.63E-02
10.6	2.63E-02
10.6	2.63E-02
10.6	2.63E-02
10.6	2.63E-02
10.6	2.63E-02
10.6	2.63E-02
10.6	2.63E-02
10.6	2.63E-02
10.6	2.63E-02
10.61	2.63E-02
10.61	2.63E-02
10.61	2.63E-02
10.61	2.63E-02
10.61	2.63E-02
10.61	2.63E-02
10.61	2.63E-02
10.61	2.63E-02
10.61	2.63E-02
10.61	2.63E-02
10.61	2.63E-02
10.61	2.63E-02
10.61	2.63E-02
10.61	2.63E-02
10.61	2.63E-02
10.61	2.63E-02
10.61	2.63E-02
10.61	2.63E-02
10.61	2.63E-02
10.61	2.63E-02
10.62	2.63E-02
10.62	2.63E-02
10.62	2.63E-02
10.62	2.63E-02
10.62	2.63E-02
10.62	2.63E-02
10.62	2.63E-02
10.62	2.63E-02
10.62	2.63E-02
10.62	2.63E-02
10.62	2.63E-02
10.62	2.63E-02
10.62	2.63E-02
10.62	2.63E-02
10.62	2.63E-02
10.62	2.63E-02
10.62	2.63E-02
10.62	2.63E-02
10.62	2.63E-02
10.62	2.63E-02
10.63	2.63E-02
10.63	2.63E-02
10.63	2.63E-02
10.63	2.63E-02
10.63	2.63E-02
10.63	2.63E-02
10.63	2.63E-02
10.63	2.63E-02
10.63	2.63E-02
10.63	2.63E-02
10.63	2.63E-02
10.63	2.63E-02
10.63	2.63E-02
10.63	2.63E-02
10.63	2.63E-02
10.63	2.63E-02
10.63	2.63E-02
10.63	2.63E-02
10.63	2.63E-02
10.64	2.63E-02
10.64	2.63E-02
10.64	2.63E-02
10.64	2.63E-02
10.64	2.63E-02
10.64	2.63E-02
10.64	2.63E-02
10.64	2.64E-02
10.64	2.64E-02
10.64	2.64E-02
10.64	2.64E-02
10.64	2.64E-02
10.64	2.64E-02
10.64	2.64E-02
10.64	2.64E-02
10.64	2.64E-02
10.64	2.64E-02
10.64	2.64E-02
10.64	2.64E-02
10.64	2.64E-02
10.65	2.64E-02
10.65	2.64E-02
10.65	2.64E-02
10.65	2.64E-02
10.65	2.64E-02
10.65	2.64E-02
10.65	2.64E-02
10.65	2.64E-02
10.65	2.64E-02
10.65	2.64E-02
10.65	2.64E-02
10.65	2.64E-02
10.65	2.64E-02
10.65	2.64E-02
10.65	2.64E-02
10.65	2.64E-02
10.65	2.64E-02
10.65	2.64E-02
10.65	2.64E-02
10.65	2.64E-02
10.65	2.64E-02
10.66	2.64E-02
10.66	2.64E-02
10.66	2.64E-02
10.66	2.64E-02
10.66	2.64E-02
10.66	2.64E-02
10.66	2.64E-02
10.66	2.64E-02
10.66	2.64E-02
10.66	2.64E-02
10.66	2.64E-02
10.66	2.64E-02
10.66	2.64E-02
10.66	2.64E-02
10.66	2.64E-02
10.66	2.64E-02
10.66	2.64E-02
10.66	2.64E-02
10.66	2.64E-02
10.66	2.64E-02
10.67	2.64E-02
10.67	2.64E-02
10.67	2.64E-02
10.67	2.64E-02
10.67	2.64E-02
10.67	2.64E-02
10.67	2.64E-02
10.67	2.64E-02
10.67	2.64E-02
10.67	2.64E-02
10.67	2.64E-02
10.67	2.64E-02
10.67	2.64E-02
10.67	2.64E-02
10.67	2.64E-02
10.67	2.64E-02
10.67	2.64E-02
10.67	2.64E-02
10.67	2.64E-02
10.68	2.64E-02
10.68	2.64E-02
10.68	2.64E-02
10.68	2.64E-02
10.68	2.64E-02
10.68	2.64E-02
10.68	2.64E-02
10.68	2.64E-02
10.68	2.64E-02
10.68	2.64E-02
10.68	2.64E-02
10.68	2.64E-02
10.68	2.64E-02
10.68	2.64E-02
10.68	2.64E-02
10.68	2.64E-02
10.68	2.64E-02
10.68	2.64E-02
10.68	2.64E-02
10.68	2.65E-02
10.69	2.65E-02
10.69	2.65E-02
10.69	2.65E-02
10.69	2.65E-02
10.69	2.65E-02
10.69	2.65E-02
10.69	2.65E-02
10.69	2.65E-02
10.69	2.65E-02
10.69	2.65E-02
10.69	2.65E-02
10.69	2.65E-02
10.69	2.65E-02
10.69	2.65E-02
10.69	2.65E-02
10.69	2.65E-02
10.69	2.65E-02
10.69	2.65E-02
10.69	2.65E-02
10.69	2.65E-02
10.69	2.65E-02
10.7	2.65E-02
10.7	2.65E-02
10.7	2.65E-02
10.7	2.65E-02
10.7	2.65E-02
10.7	2.65E-02
10.7	2.65E-02
10.7	2.65E-02
10.7	2.65E-02
10.7	2.65E-02
10.7	2.65E-02
10.7	2.65E-02
10.7	2.65E-02
10.7	2.65E-02
10.7	2.65E-02
10.7	2.65E-02
10.7	2.65E-02
10.7	2.65E-02
10.7	2.65E-02
10.7	2.65E-02
10.71	2.65E-02
10.71	2.65E-02
10.71	2.65E-02
10.71	2.65E-02
10.71	2.65E-02
10.71	2.65E-02
10.71	2.65E-02
10.71	2.65E-02
10.71	2.65E-02
10.71	2.65E-02
10.71	2.65E-02
10.71	2.65E-02
10.71	2.65E-02
10.71	2.65E-02
10.71	2.65E-02
10.71	2.65E-02
10.71	2.65E-02
10.71	2.65E-02
10.71	2.65E-02
10.72	2.65E-02
10.72	2.65E-02
10.72	2.65E-02
10.72	2.65E-02
10.72	2.65E-02
10.72	2.65E-02
10.72	2.65E-02
10.72	2.65E-02
10.72	2.65E-02
10.72	2.65E-02
10.72	2.65E-02
10.72	2.65E-02
10.72	2.65E-02
10.72	2.65E-02
10.72	2.65E-02
10.72	2.65E-02
10.72	2.65E-02
10.72	2.65E-02
10.72	2.65E-02
10.72	2.65E-02
10.73	2.65E-02
10.73	2.65E-02
10.73	2.65E-02
10.73	2.65E-02
10.73	2.65E-02
10.73	2.65E-02
10.73	2.65E-02
10.73	2.65E-02
10.73	2.65E-02
10.73	2.65E-02
10.73	2.65E-02
10.73	2.65E-02
10.73	2.66E-02
10.73	2.66E-02
10.73	2.66E-02
10.73	2.66E-02
10.73	2.66E-02
10.73	2.66E-02
10.73	2.66E-02
10.73	2.66E-02
10.73	2.66E-02
10.74	2.66E-02
10.74	2.66E-02
10.74	2.66E-02
10.74	2.66E-02
10.74	2.66E-02
10.74	2.66E-02
10.74	2.66E-02
10.74	2.66E-02
10.74	2.66E-02
10.74	2.66E-02
10.74	2.66E-02
10.74	2.66E-02
10.74	2.66E-02
10.74	2.66E-02
10.74	2.66E-02
10.74	2.66E-02
10.74	2.66E-02
10.74	2.66E-02
10.74	2.66E-02
10.74	2.66E-02
10.75	2.66E-02
10.75	2.66E-02
10.75	2.66E-02
10.75	2.66E-02
10.75	2.66E-02
10.75	2.66E-02
10.75	2.66E-02
10.75	2.66E-02
10.75	2.66E-02
10.75	2.66E-02
10.75	2.66E-02
10.75	2.66E-02
10.75	2.66E-02
10.75	2.66E-02
10.75	2.66E-02
10.75	2.66E-02
10.75	2.66E-02
10.75	2.66E-02
10.75	2.66E-02
10.76	2.66E-02
10.76	2.66E-02
10.76	2.66E-02
10.76	2.66E-02
10.76	2.66E-02
10.76	2.66E-02
10.76	2.66E-02
10.76	2.66E-02
10.76	2.66E-02
10.76	2.66E-02
10.76	2.66E-02
10.76	2.66E-02
10.76	2.66E-02
10.76	2.66E-02
10.76	2.66E-02
10.76	2.66E-02
10.76	2.66E-02
10.76	2.66E-02
10.76	2.66E-02
10.76	2.66E-02
10.77	2.66E-02
10.77	2.66E-02
10.77	2.66E-02
10.77	2.66E-02
10.77	2.66E-02
10.77	2.66E-02
10.77	2.66E-02
10.77	2.66E-02
10.77	2.66E-02
10.77	2.66E-02
10.77	2.66E-02
10.77	2.66E-02
10.77	2.66E-02
10.77	2.66E-02
10.77	2.66E-02
10.77	2.66E-02
10.77	2.66E-02
10.77	2.66E-02
10.77	2.66E-02
10.77	2.66E-02
10.77	2.66E-02
10.78	2.66E-02
10.78	2.66E-02
10.78	2.66E-02
10.78	2.66E-02
10.78	2.66E-02
10.78	2.66E-02
10.78	2.67E-02
10.78	2.67E-02
10.78	2.67E-02
10.78	2.67E-02
10.78	2.67E-02
10.78	2.67E-02
10.78	2.67E-02
10.78	2.67E-02
10.78	2.67E-02
10.78	2.67E-02
10.78	2.67E-02
10.78	2.67E-02
10.78	2.67E-02
10.78	2.67E-02
10.79	2.67E-02
10.79	2.67E-02
10.79	2.67E-02
10.79	2.67E-02
10.79	2.67E-02
10.79	2.67E-02
10.79	2.67E-02
10.79	2.67E-02
10.79	2.67E-02
10.79	2.67E-02
10.79	2.67E-02
10.79	2.67E-02
10.79	2.67E-02
10.79	2.67E-02
10.79	2.67E-02
10.79	2.67E-02
10.79	2.67E-02
10.79	2.67E-02
10.79	2.67E-02
10.8	2.67E-02
10.8	2.67E-02
10.8	2.67E-02
10.8	2.67E-02
10.8	2.67E-02
10.8	2.67E-02
10.8	2.67E-02
10.8	2.67E-02
10.8	2.67E-02
10.8	2.67E-02
10.8	2.67E-02
10.8	2.67E-02
10.8	2.67E-02
10.8	2.67E-02
10.8	2.67E-02
10.8	2.67E-02
10.8	2.67E-02
10.8	2.67E-02
10.8	2.67E-02
10.8	2.67E-02
10.81	2.67E-02
10.81	2.67E-02
10.81	2.67E-02
10.81	2.67E-02
10.81	2.67E-02
10.81	2.67E-02
10.81	2.67E-02
10.81	2.67E-02
10.81	2.67E-02
10.81	2.67E-02
10.81	2.67E-02
10.81	2.67E-02
10.81	2.67E-02
10.81	2.67E-02
10.81	2.67E-02
10.81	2.67E-02
10.81	2.67E-02
10.81	2.67E-02
10.81	2.67E-02
10.81	2.67E-02
10.81	2.67E-02
10.82	2.67E-02
10.82	2.67E-02
10.82	2.67E-02
10.82	2.67E-02
10.82	2.67E-02
10.82	2.67E-02
10.82	2.67E-02
10.82	2.67E-02
10.82	2.67E-02
10.82	2.67E-02
10.82	2.67E-02
10.82	2.67E-02
10.82	2.67E-02
10.82	2.67E-02
10.82	2.67E-02
10.82	2.67E-02
10.82	2.67E-02
10.82	2.67E-02
10.82	2.67E-02
10.82	2.67E-02
10.83	2.67E-02
10.83	2.67E-02
10.83	2.68E-02
10.83	2.68E-02
10.83	2.68E-02
10.83	2.68E-02
10.83	2.68E-02
10.83	2.68E-02
10.83	2.68E-02
10.83	2.68E-02
10.83	2.68E-02
10.83	2.68E-02
10.83	2.68E-02
10.83	2.68E-02
10.83	2.68E-02
10.83	2.68E-02
10.83	2.68E-02
10.83	2.68E-02
10.83	2.68E-02
10.84	2.68E-02
10.84	2.68E-02
10.84	2.68E-02
10.84	2.68E-02
10.84	2.68E-02
10.84	2.68E-02
10.84	2.68E-02
10.84	2.68E-02
10.84	2.68E-02
10.84	2.68E-02
10.84	2.68E-02
10.84	2.68E-02
10.84	2.68E-02
10.84	2.68E-02
10.84	2.68E-02
10.84	2.68E-02
10.84	2.68E-02
10.84	2.68E-02
10.84	2.68E-02
10.84	2.68E-02
10.85	2.68E-02
10.85	2.68E-02
10.85	2.68E-02
10.85	2.68E-02
10.85	2.68E-02
10.85	2.68E-02
10.85	2.68E-02
10.85	2.68E-02
10.85	2.68E-02
10.85	2.68E-02
10.85	2.68E-02
10.85	2.68E-02
10.85	2.68E-02
10.85	2.68E-02
10.85	2.68E-02
10.85	2.68E-02
10.85	2.68E-02
10.85	2.68E-02
10.85	2.68E-02
10.85	2.68E-02
10.85	2.68E-02
10.86	2.68E-02
10.86	2.68E-02
10.86	2.68E-02
10.86	2.68E-02
10.86	2.68E-02
10.86	2.68E-02
10.86	2.68E-02
10.86	2.68E-02
10.86	2.68E-02
10.86	2.68E-02
10.86	2.68E-02
10.86	2.68E-02
10.86	2.68E-02
10.86	2.68E-02
10.86	2.68E-02
10.86	2.68E-02
10.86	2.68E-02
10.86	2.68E-02
10.86	2.68E-02
10.86	2.68E-02
10.87	2.68E-02
10.87	2.68E-02
10.87	2.68E-02
10.87	2.68E-02
10.87	2.68E-02
10.87	2.68E-02
10.87	2.68E-02
10.87	2.68E-02
10.87	2.68E-02
10.87	2.68E-02
10.87	2.68E-02
10.87	2.68E-02
10.87	2.68E-02
10.87	2.68E-02
10.87	2.68E-02
10.87	2.68E-02
10.87	2.68E-02
10.87	2.68E-02
10.87	2.68E-02
10.88	2.68E-02
10.88	2.69E-02
10.88	2.69E-02
10.88	2.69E-02
10.88	2.69E-02
10.88	2.69E-02
10.88	2.69E-02
10.88	2.69E-02
10.88	2.69E-02
10.88	2.69E-02
10.88	2.69E-02
10.88	2.69E-02
10.88	2.69E-02
10.88	2.69E-02
10.88	2.69E-02
10.88	2.69E-02
10.88	2.69E-02
10.88	2.69E-02
10.88	2.69E-02
10.88	2.69E-02
10.89	2.69E-02
10.89	2.69E-02
10.89	2.69E-02
10.89	2.69E-02
10.89	2.69E-02
10.89	2.69E-02
10.89	2.69E-02
10.89	2.69E-02
10.89	2.69E-02
10.89	2.69E-02
10.89	2.69E-02
10.89	2.69E-02
10.89	2.69E-02
10.89	2.69E-02
10.89	2.69E-02
10.89	2.69E-02
10.89	2.69E-02
10.89	2.69E-02
10.89	2.69E-02
10.89	2.69E-02
10.9	2.69E-02
10.9	2.69E-02
10.9	2.69E-02
10.9	2.69E-02
10.9	2.69E-02
10.9	2.69E-02
10.9	2.69E-02
10.9	2.69E-02
10.9	2.69E-02
10.9	2.69E-02
10.9	2.69E-02
10.9	2.69E-02
10.9	2.69E-02
10.9	2.69E-02
10.9	2.69E-02
10.9	2.69E-02
10.9	2.69E-02
10.9	2.69E-02
10.9	2.69E-02
10.9	2.69E-02
10.9	2.69E-02
10.91	2.69E-02
10.91	2.69E-02
10.91	2.69E-02
10.91	2.69E-02
10.91	2.69E-02
10.91	2.69E-02
10.91	2.69E-02
10.91	2.69E-02
10.91	2.69E-02
10.91	2.69E-02
10.91	2.69E-02
10.91	2.69E-02
10.91	2.69E-02
10.91	2.69E-02
10.91	2.69E-02
10.91	2.69E-02
10.91	2.69E-02
10.91	2.69E-02
10.91	2.69E-02
10.91	2.69E-02
10.92	2.69E-02
10.92	2.69E-02
10.92	2.69E-02
10.92	2.69E-02
10.92	2.69E-02
10.92	2.69E-02
10.92	2.69E-02
10.92	2.69E-02
10.92	2.69E-02
10.92	2.69E-02
10.92	2.69E-02
10.92	2.69E-02
10.92	2.69E-02
10.92	2.69E-02
10.92	2.69E-02
10.92	2.69E-02
10.92	2.69E-02
10.92	2.69E-02
10.92	2.69E-02
10.93	2.70E-02
10.93	2.70E-02
10.93	2.70E-02
10.93	2.70E-02
10.93	2.70E-02
10.93	2.70E-02
10.93	2.70E-02
10.93	2.70E-02
10.93	2.70E-02
10.93	2.70E-02
10.93	2.70E-02
10.93	2.70E-02
10.93	2.70E-02
10.93	2.70E-02
10.93	2.70E-02
10.93	2.70E-02
10.93	2.70E-02
10.93	2.70E-02
10.93	2.70E-02
10.93	2.70E-02
10.94	2.70E-02
10.94	2.70E-02
10.94	2.70E-02
10.94	2.70E-02
10.94	2.70E-02
10.94	2.70E-02
10.94	2.70E-02
10.94	2.70E-02
10.94	2.70E-02
10.94	2.70E-02
10.94	2.70E-02
10.94	2.70E-02
10.94	2.70E-02
10.94	2.70E-02
10.94	2.70E-02
10.94	2.70E-02
10.94	2.70E-02
10.94	2.70E-02
10.94	2.70E-02
10.94	2.70E-02
10.94	2.70E-02
10.95	2.70E-02
10.95	2.70E-02
10.95	2.70E-02
10.95	2.70E-02
10.95	2.70E-02
10.95	2.70E-02
10.95	2.70E-02
10.95	2.70E-02
10.95	2.70E-02
10.95	2.70E-02
10.95	2.70E-02
10.95	2.70E-02
10.95	2.70E-02
10.95	2.70E-02
10.95	2.70E-02
10.95	2.70E-02
10.95	2.70E-02
10.95	2.70E-02
10.95	2.70E-02
10.95	2.70E-02
10.96	2.70E-02
10.96	2.70E-02
10.96	2.70E-02
10.96	2.70E-02
10.96	2.70E-02
10.96	2.70E-02
10.96	2.70E-02
10.96	2.70E-02
10.96	2.70E-02
10.96	2.70E-02
10.96	2.70E-02
10.96	2.70E-02
10.96	2.70E-02
10.96	2.70E-02
10.96	2.70E-02
10.96	2.70E-02
10.96	2.70E-02
10.96	2.70E-02
10.96	2.70E-02
10.97	2.70E-02
10.97	2.70E-02
10.97	2.70E-02
10.97	2.70E-02
10.97	2.70E-02
10.97	2.70E-02
10.97	2.70E-02
10.97	2.70E-02
10.97	2.70E-02
10.97	2.70E-02
10.97	2.70E-02
10.97	2.70E-02
10.97	2.70E-02
10.97	2.70E-02
10.97	2.70E-02
10.97	2.70E-02
10.97	2.70E-02
10.97	2.70E-02
10.97	2.70E-02
10.97	2.70E-02
10.98	2.71E-02
10.98	2.71E-02
10.98	2.71E-02
10.98	2.71E-02
10.98	2.71E-02
10.98	2.71E-02
10.98	2.71E-02
10.98	2.71E-02
10.98	2.71E-02
10.98	2.71E-02
10.98	2.71E-02
10.98	2.71E-02
10.98	2.71E-02
10.98	2.71E-02
10.98	2.71E-02
10.98	2.71E-02
10.98	2.71E-02
10.98	2.71E-02
10.98	2.71E-02
10.98	2.71E-02
10.98	2.71E-02
10.99	2.71E-02
10.99	2.71E-02
10.99	2.71E-02
10.99	2.71E-02
10.99	2.71E-02
10.99	2.71E-02
10.99	2.71E-02
10.99	2.71E-02
10.99	2.71E-02
10.99	2.71E-02
10.99	2.71E-02
10.99	2.71E-02
10.99	2.71E-02
10.99	2.71E-02
10.99	2.71E-02
10.99	2.71E-02
10.99	2.71E-02
10.99	2.71E-02
10.99	2.71E-02
10.99	2.71E-02
11	2.71E-02
11	2.71E-02
11	2.71E-02
11	2.71E-02
11	2.71E-02
11	2.71E-02
11	2.71E-02
11	2.71E-02
11	2.71E-02
11	2.71E-02
11	2.71E-02
11	2.71E-02
11	2.71E-02
11	2.71E-02
11	2.71E-02
11	2.71E-02
11	2.71E-02
11	2.71E-02
11	2.71E-02
11.01	2.71E-02
11.01	2.71E-02
11.01	2.71E-02
11.01	2.71E-02
11.01	2.71E-02
11.01	2.71E-02
11.01	2.71E-02
11.01	2.71E-02
11.01	2.71E-02
11.01	2.71E-02
11.01	2.71E-02
11.01	2.71E-02
11.01	2.71E-02
11.01	2.71E-02
11.01	2.71E-02
11.01	2.71E-02
11.01	2.71E-02
11.01	2.71E-02
11.01	2.71E-02
11.01	2.71E-02
11.02	2.71E-02
11.02	2.71E-02
11.02	2.71E-02
11.02	2.71E-02
11.02	2.71E-02
11.02	2.71E-02
11.02	2.71E-02
11.02	2.71E-02
11.02	2.71E-02
11.02	2.71E-02
11.02	2.71E-02
11.02	2.71E-02
11.02	2.71E-02
11.02	2.71E-02
11.02	2.71E-02
11.02	2.71E-02
11.02	2.71E-02
11.02	2.71E-02
11.02	2.71E-02
11.02	2.71E-02
11.02	2.71E-02
11.03	2.71E-02
11.03	2.71E-02
11.03	2.72E-02
11.03	2.72E-02
11.03	2.72E-02
11.03	2.72E-02
11.03	2.72E-02
11.03	2.72E-02
11.03	2.72E-02
11.03	2.72E-02
11.03	2.72E-02
11.03	2.72E-02
11.03	2.72E-02
11.03	2.72E-02
11.03	2.72E-02
11.03	2.72E-02
11.03	2.72E-02
11.03	2.72E-02
11.03	2.72E-02
11.03	2.72E-02
11.04	2.72E-02
11.04	2.72E-02
11.04	2.72E-02
11.04	2.72E-02
11.04	2.72E-02
11.04	2.72E-02
11.04	2.72E-02
11.04	2.72E-02
11.04	2.72E-02
11.04	2.72E-02
11.04	2.72E-02
11.04	2.72E-02
11.04	2.72E-02
11.04	2.72E-02
11.04	2.72E-02
11.04	2.72E-02
11.04	2.72E-02
11.04	2.72E-02
11.04	2.72E-02
11.05	2.72E-02
11.05	2.72E-02
11.05	2.72E-02
11.05	2.72E-02
11.05	2.72E-02
11.05	2.72E-02
11.05	2.72E-02
11.05	2.72E-02
11.05	2.72E-02
11.05	2.72E-02
11.05	2.72E-02
11.05	2.72E-02
11.05	2.72E-02
11.05	2.72E-02
11.05	2.72E-02
11.05	2.72E-02
11.05	2.72E-02
11.05	2.72E-02
11.05	2.72E-02
11.05	2.72E-02
11.06	2.72E-02
11.06	2.72E-02
11.06	2.72E-02
11.06	2.72E-02
11.06	2.72E-02
11.06	2.72E-02
11.06	2.72E-02
11.06	2.72E-02
11.06	2.72E-02
11.06	2.72E-02
11.06	2.72E-02
11.06	2.72E-02
11.06	2.72E-02
11.06	2.72E-02
11.06	2.72E-02
11.06	2.72E-02
11.06	2.72E-02
11.06	2.72E-02
11.06	2.72E-02
11.06	2.72E-02
11.06	2.72E-02
11.07	2.72E-02
11.07	2.72E-02
11.07	2.72E-02
11.07	2.72E-02
11.07	2.72E-02
11.07	2.72E-02
11.07	2.72E-02
11.07	2.72E-02
11.07	2.72E-02
11.07	2.72E-02
11.07	2.72E-02
11.07	2.72E-02
11.07	2.72E-02
11.07	2.72E-02
11.07	2.72E-02
11.07	2.72E-02
11.07	2.72E-02
11.07	2.72E-02
11.07	2.72E-02
11.07	2.72E-02
11.08	2.72E-02
11.08	2.72E-02
11.08	2.72E-02
11.08	2.72E-02
11.08	2.72E-02
11.08	2.72E-02
11.08	2.73E-02
11.08	2.73E-02
11.08	2.73E-02
11.08	2.73E-02
11.08	2.73E-02
11.08	2.73E-02
11.08	2.73E-02
11.08	2.73E-02
11.08	2.73E-02
11.08	2.73E-02
11.08	2.73E-02
11.08	2.73E-02
11.08	2.73E-02
11.09	2.73E-02
11.09	2.73E-02
11.09	2.73E-02
11.09	2.73E-02
11.09	2.73E-02
11.09	2.73E-02
11.09	2.73E-02
11.09	2.73E-02
11.09	2.73E-02
11.09	2.73E-02
11.09	2.73E-02
11.09	2.73E-02
11.09	2.73E-02
11.09	2.73E-02
11.09	2.73E-02
11.09	2.73E-02
11.09	2.73E-02
11.09	2.73E-02
11.09	2.73E-02
11.09	2.73E-02
11.1	2.73E-02
11.1	2.73E-02
11.1	2.73E-02
11.1	2.73E-02
11.1	2.73E-02
11.1	2.73E-02
11.1	2.73E-02
11.1	2.73E-02
11.1	2.73E-02
11.1	2.73E-02
11.1	2.73E-02
11.1	2.73E-02
11.1	2.73E-02
11.1	2.73E-02
11.1	2.73E-02
11.1	2.73E-02
11.1	2.73E-02
11.1	2.73E-02
11.1	2.73E-02
11.1	2.73E-02
11.1	2.73E-02
11.11	2.73E-02
11.11	2.73E-02
11.11	2.73E-02
11.11	2.73E-02
11.11	2.73E-02
11.11	2.73E-02
11.11	2.73E-02
11.11	2.73E-02
11.11	2.73E-02
11.11	2.73E-02
11.11	2.73E-02
11.11	2.73E-02
11.11	2.73E-02
11.11	2.73E-02
11.11	2.73E-02
11.11	2.73E-02
11.11	2.73E-02
11.11	2.73E-02
11.11	2.73E-02
11.11	2.73E-02
11.12	2.73E-02
11.12	2.73E-02
11.12	2.73E-02
11.12	2.73E-02
11.12	2.73E-02
11.12	2.73E-02
11.12	2.73E-02
11.12	2.73E-02
11.12	2.73E-02
11.12	2.73E-02
11.12	2.73E-02
11.12	2.73E-02
11.12	2.73E-02
11.12	2.73E-02
11.12	2.73E-02
11.12	2.73E-02
11.12	2.73E-02
11.12	2.73E-02
11.12	2.73E-02
11.12	2.73E-02
11.13	2.73E-02
11.13	2.73E-02
11.13	2.73E-02
11.13	2.73E-02
11.13	2.73E-02
11.13	2.73E-02
11.13	2.73E-02
11.13	2.73E-02
11.13	2.73E-02
11.13	2.73E-02
11.13	2.73E-02
11.13	2.73E-02
11.13	2.74E-02
11.13	2.74E-02
11.13	2.74E-02
11.13	2.74E-02
11.13	2.74E-02
11.13	2.74E-02
11.13	2.74E-02
11.14	2.74E-02
11.14	2.74E-02
11.14	2.74E-02
11.14	2.74E-02
11.14	2.74E-02
11.14	2.74E-02
11.14	2.74E-02
11.14	2.74E-02
11.14	2.74E-02
11.14	2.74E-02
11.14	2.74E-02
11.14	2.74E-02
11.14	2.74E-02
11.14	2.74E-02
11.14	2.74E-02
11.14	2.74E-02
11.14	2.74E-02
11.14	2.74E-02
11.14	2.74E-02
11.14	2.74E-02
11.15	2.74E-02
11.15	2.74E-02
11.15	2.74E-02
11.15	2.74E-02
11.15	2.74E-02
11.15	2.74E-02
11.15	2.74E-02
11.15	2.74E-02
11.15	2.74E-02
11.15	2.74E-02
11.15	2.74E-02
11.15	2.74E-02
11.15	2.74E-02
11.15	2.74E-02
11.15	2.74E-02
11.15	2.74E-02
11.15	2.74E-02
11.15	2.74E-02
11.15	2.74E-02
11.15	2.74E-02
11.15	2.74E-02
11.16	2.74E-02
11.16	2.74E-02
11.16	2.74E-02
11.16	2.74E-02
11.16	2.74E-02
11.16	2.74E-02
11.16	2.74E-02
11.16	2.74E-02
11.16	2.74E-02
11.16	2.74E-02
11.16	2.74E-02
11.16	2.74E-02
11.16	2.74E-02
11.16	2.74E-02
11.16	2.74E-02
11.16	2.74E-02
11.16	2.74E-02
11.16	2.74E-02
11.16	2.74E-02
11.16	2.74E-02
11.17	2.74E-02
11.17	2.74E-02
11.17	2.74E-02
11.17	2.74E-02
11.17	2.74E-02
11.17	2.74E-02
11.17	2.74E-02
11.17	2.74E-02
11.17	2.74E-02
11.17	2.74E-02
11.17	2.74E-02
11.17	2.74E-02
11.17	2.74E-02
11.17	2.74E-02
11.17	2.74E-02
11.17	2.74E-02
11.17	2.74E-02
11.17	2.74E-02
11.17	2.74E-02
11.18	2.74E-02
11.18	2.74E-02
11.18	2.74E-02
11.18	2.74E-02
11.18	2.74E-02
11.18	2.74E-02
11.18	2.74E-02
11.18	2.74E-02
11.18	2.74E-02
11.18	2.74E-02
11.18	2.74E-02
11.18	2.74E-02
11.18	2.74E-02
11.18	2.74E-02
11.18	2.74E-02
11.18	2.74E-02
11.18	2.74E-02
11.18	2.74E-02
11.18	2.74E-02
11.18	2.74E-02
11.19	2.74E-02
11.19	2.75E-02
11.19	2.75E-02
11.19	2.75E-02
11.19	2.75E-02
11.19	2.75E-02
11.19	2.75E-02
11.19	2.75E-02
11.19	2.75E-02
11.19	2.75E-02
11.19	2.75E-02
11.19	2.75E-02
11.19	2.75E-02
11.19	2.75E-02
11.19	2.75E-02
11.19	2.75E-02
11.19	2.75E-02
11.19	2.75E-02
11.19	2.75E-02
11.19	2.75E-02
11.19	2.75E-02
11.2	2.75E-02
11.2	2.75E-02
11.2	2.75E-02
11.2	2.75E-02
11.2	2.75E-02
11.2	2.75E-02
11.2	2.75E-02
11.2	2.75E-02
11.2	2.75E-02
11.2	2.75E-02
11.2	2.75E-02
11.2	2.75E-02
11.2	2.75E-02
11.2	2.75E-02
11.2	2.75E-02
11.2	2.75E-02
11.2	2.75E-02
11.2	2.75E-02
11.2	2.75E-02
11.2	2.75E-02
11.21	2.75E-02
11.21	2.75E-02
11.21	2.75E-02
11.21	2.75E-02
11.21	2.75E-02
11.21	2.75E-02
11.21	2.75E-02
11.21	2.75E-02
11.21	2.75E-02
11.21	2.75E-02
11.21	2.75E-02
11.21	2.75E-02
11.21	2.75E-02
11.21	2.75E-02
11.21	2.75E-02
11.21	2.75E-02
11.21	2.75E-02
11.21	2.75E-02
11.21	2.75E-02
11.22	2.75E-02
11.22	2.75E-02
11.22	2.75E-02
11.22	2.75E-02
11.22	2.75E-02
11.22	2.75E-02
11.22	2.75E-02
11.22	2.75E-02
11.22	2.75E-02
11.22	2.75E-02
11.22	2.75E-02
11.22	2.75E-02
11.22	2.75E-02
11.22	2.75E-02
11.22	2.75E-02
11.22	2.75E-02
11.22	2.75E-02
11.22	2.75E-02
11.22	2.75E-02
11.22	2.75E-02
11.23	2.75E-02
11.23	2.75E-02
11.23	2.75E-02
11.23	2.75E-02
11.23	2.75E-02
11.23	2.75E-02
11.23	2.75E-02
11.23	2.75E-02
11.23	2.75E-02
11.23	2.75E-02
11.23	2.75E-02
11.23	2.75E-02
11.23	2.75E-02
11.23	2.75E-02
11.23	2.75E-02
11.23	2.75E-02
11.23	2.75E-02
11.23	2.75E-02
11.23	2.75E-02
11.23	2.75E-02
11.23	2.75E-02
11.24	2.75E-02
11.24	2.75E-02
11.24	2.75E-02
11.24	2.75E-02
11.24	2.75E-02
11.24	2.75E-02
11.24	2.75E-02
11.24	2.75E-02
11.24	2.75E-02
11.24	2.76E-02
11.24	2.76E-02
11.24	2.76E-02
11.24	2.76E-02
11.24	2.76E-02
11.24	2.76E-02
11.24	2.76E-02
11.24	2.76E-02
11.24	2.76E-02
11.24	2.76E-02
11.24	2.76E-02
11.25	2.76E-02
11.25	2.76E-02
11.25	2.76E-02
11.25	2.76E-02
11.25	2.76E-02
11.25	2.76E-02
11.25	2.76E-02
11.25	2.76E-02
11.25	2.76E-02
11.25	2.76E-02
11.25	2.76E-02
11.25	2.76E-02
11.25	2.76E-02
11.25	2.76E-02
11.25	2.76E-02
11.25	2.76E-02
11.25	2.76E-02
11.25	2.76E-02
11.25	2.76E-02
11.26	2.76E-02
11.26	2.76E-02
11.26	2.76E-02
11.26	2.76E-02
11.26	2.76E-02
11.26	2.76E-02
11.26	2.76E-02
11.26	2.76E-02
11.26	2.76E-02
11.26	2.76E-02
11.26	2.76E-02
11.26	2.76E-02
11.26	2.76E-02
11.26	2.76E-02
11.26	2.76E-02
11.26	2.76E-02
11.26	2.76E-02
11.26	2.76E-02
11.26	2.76E-02
11.26	2.76E-02
11.27	2.76E-02
11.27	2.76E-02
11.27	2.76E-02
11.27	2.76E-02
11.27	2.76E-02
11.27	2.76E-02
11.27	2.76E-02
11.27	2.76E-02
11.27	2.76E-02
11.27	2.76E-02
11.27	2.76E-02
11.27	2.76E-02
11.27	2.76E-02
11.27	2.76E-02
11.27	2.76E-02
11.27	2.76E-02
11.27	2.76E-02
11.27	2.76E-02
11.27	2.76E-02
11.27	2.76E-02
11.27	2.76E-02
11.28	2.76E-02
11.28	2.76E-02
11.28	2.76E-02
11.28	2.76E-02
11.28	2.76E-02
11.28	2.76E-02
11.28	2.76E-02
11.28	2.76E-02
11.28	2.76E-02
11.28	2.76E-02
11.28	2.76E-02
11.28	2.76E-02
11.28	2.76E-02
11.28	2.76E-02
11.28	2.76E-02
11.28	2.76E-02
11.28	2.76E-02
11.28	2.76E-02
11.28	2.76E-02
11.28	2.76E-02
11.29	2.76E-02
11.29	2.76E-02
11.29	2.76E-02
11.29	2.76E-02
11.29	2.76E-02
11.29	2.76E-02
11.29	2.76E-02
11.29	2.76E-02
11.29	2.76E-02
11.29	2.76E-02
11.29	2.76E-02
11.29	2.76E-02
11.29	2.76E-02
11.29	2.76E-02
11.29	2.76E-02
11.29	2.76E-02
11.29	2.76E-02
11.29	2.76E-02
11.29	2.76E-02
11.3	2.76E-02
11.3	2.76E-02
11.3	2.77E-02
11.3	2.77E-02
11.3	2.77E-02
11.3	2.77E-02
11.3	2.77E-02
11.3	2.77E-02
11.3	2.77E-02
11.3	2.77E-02
11.3	2.77E-02
11.3	2.77E-02
11.3	2.77E-02
11.3	2.77E-02
11.3	2.77E-02
11.3	2.77E-02
11.3	2.77E-02
11.3	2.77E-02
11.3	2.77E-02
11.3	2.77E-02
11.31	2.77E-02
11.31	2.77E-02
11.31	2.77E-02
11.31	2.77E-02
11.31	2.77E-02
11.31	2.77E-02
11.31	2.77E-02
11.31	2.77E-02
11.31	2.77E-02
11.31	2.77E-02
11.31	2.77E-02
11.31	2.77E-02
11.31	2.77E-02
11.31	2.77E-02
11.31	2.77E-02
11.31	2.77E-02
11.31	2.77E-02
11.31	2.77E-02
11.31	2.77E-02
11.31	2.77E-02
11.31	2.77E-02
11.32	2.77E-02
11.32	2.77E-02
11.32	2.77E-02
11.32	2.77E-02
11.32	2.77E-02
11.32	2.77E-02
11.32	2.77E-02
11.32	2.77E-02
11.32	2.77E-02
11.32	2.77E-02
11.32	2.77E-02
11.32	2.77E-02
11.32	2.77E-02
11.32	2.77E-02
11.32	2.77E-02
11.32	2.77E-02
11.32	2.77E-02
11.32	2.77E-02
11.32	2.77E-02
11.32	2.77E-02
11.33	2.77E-02
11.33	2.77E-02
11.33	2.77E-02
11.33	2.77E-02
11.33	2.77E-02
11.33	2.77E-02
11.33	2.77E-02
11.33	2.77E-02
11.33	2.77E-02
11.33	2.77E-02
11.33	2.77E-02
11.33	2.77E-02
11.33	2.77E-02
11.33	2.77E-02
11.33	2.77E-02
11.33	2.77E-02
11.33	2.77E-02
11.33	2.77E-02
11.33	2.77E-02
11.34	2.77E-02
11.34	2.77E-02
11.34	2.77E-02
11.34	2.77E-02
11.34	2.77E-02
11.34	2.77E-02
11.34	2.77E-02
11.34	2.77E-02
11.34	2.77E-02
11.34	2.77E-02
11.34	2.77E-02
11.34	2.77E-02
11.34	2.77E-02
11.34	2.77E-02
11.34	2.77E-02
11.34	2.77E-02
11.34	2.77E-02
11.34	2.77E-02
11.34	2.77E-02
11.34	2.77E-02
11.35	2.77E-02
11.35	2.77E-02
11.35	2.77E-02
11.35	2.77E-02
11.35	2.77E-02
11.35	2.77E-02
11.35	2.77E-02
11.35	2.77E-02
11.35	2.77E-02
11.35	2.77E-02
11.35	2.77E-02
11.35	2.77E-02
11.35	2.77E-02
11.35	2.77E-02
11.35	2.77E-02
11.35	2.77E-02
11.35	2.78E-02
11.35	2.78E-02
11.35	2.78E-02
11.35	2.78E-02
11.35	2.78E-02
11.36	2.78E-02
11.36	2.78E-02
11.36	2.78E-02
11.36	2.78E-02
11.36	2.78E-02
11.36	2.78E-02
11.36	2.78E-02
11.36	2.78E-02
11.36	2.78E-02
11.36	2.78E-02
11.36	2.78E-02
11.36	2.78E-02
11.36	2.78E-02
11.36	2.78E-02
11.36	2.78E-02
11.36	2.78E-02
11.36	2.78E-02
11.36	2.78E-02
11.36	2.78E-02
11.36	2.78E-02
11.37	2.78E-02
11.37	2.78E-02
11.37	2.78E-02
11.37	2.78E-02
11.37	2.78E-02
11.37	2.78E-02
11.37	2.78E-02
11.37	2.78E-02
11.37	2.78E-02
11.37	2.78E-02
11.37	2.78E-02
11.37	2.78E-02
11.37	2.78E-02
11.37	2.78E-02
11.37	2.78E-02
11.37	2.78E-02
11.37	2.78E-02
11.37	2.78E-02
11.37	2.78E-02
11.38	2.78E-02
11.38	2.78E-02
11.38	2.78E-02
11.38	2.78E-02
11.38	2.78E-02
11.38	2.78E-02
11.38	2.78E-02
11.38	2.78E-02
11.38	2.78E-02
11.38	2.78E-02
11.38	2.78E-02
11.38	2.78E-02
11.38	2.78E-02
11.38	2.78E-02
11.38	2.78E-02
11.38	2.78E-02
11.38	2.78E-02
11.38	2.78E-02
11.38	2.78E-02
11.38	2.78E-02
11.39	2.78E-02
11.39	2.78E-02
11.39	2.78E-02
11.39	2.78E-02
11.39	2.78E-02
11.39	2.78E-02
11.39	2.78E-02
11.39	2.78E-02
11.39	2.78E-02
11.39	2.78E-02
11.39	2.78E-02
11.39	2.78E-02
11.39	2.78E-02
11.39	2.78E-02
11.39	2.78E-02
11.39	2.78E-02
11.39	2.78E-02
11.39	2.78E-02
11.39	2.78E-02
11.39	2.78E-02
11.4	2.78E-02
11.4	2.78E-02
11.4	2.78E-02
11.4	2.78E-02
11.4	2.78E-02
11.4	2.78E-02
11.4	2.78E-02
11.4	2.78E-02
11.4	2.78E-02
11.4	2.78E-02
11.4	2.78E-02
11.4	2.78E-02
11.4	2.78E-02
11.4	2.78E-02
11.4	2.78E-02
11.4	2.78E-02
11.4	2.78E-02
11.4	2.78E-02
11.4	2.78E-02
11.4	2.78E-02
11.4	2.78E-02
11.41	2.78E-02
11.41	2.78E-02
11.41	2.78E-02
11.41	2.78E-02
11.41	2.78E-02
11.41	2.78E-02
11.41	2.78E-02
11.41	2.78E-02
11.41	2.78E-02
11.41	2.78E-02
11.41	2.78E-02
11.41	2.78E-02
11.41	2.79E-02
11.41	2.79E-02
11.41	2.79E-02
11.41	2.79E-02
11.41	2.79E-02
11.41	2.79E-02
11.41	2.79E-02
11.41	2.79E-02
11.42	2.79E-02
11.42	2.79E-02
11.42	2.79E-02
11.42	2.79E-02
11.42	2.79E-02
11.42	2.79E-02
11.42	2.79E-02
11.42	2.79E-02
11.42	2.79E-02
11.42	2.79E-02
11.42	2.79E-02
11.42	2.79E-02
11.42	2.79E-02
11.42	2.79E-02
11.42	2.79E-02
11.42	2.79E-02
11.42	2.79E-02
11.42	2.79E-02
11.42	2.79E-02
11.43	2.79E-02
11.43	2.79E-02
11.43	2.79E-02
11.43	2.79E-02
11.43	2.79E-02
11.43	2.79E-02
11.43	2.79E-02
11.43	2.79E-02
11.43	2.79E-02
11.43	2.79E-02
11.43	2.79E-02
11.43	2.79E-02
11.43	2.79E-02
11.43	2.79E-02
11.43	2.79E-02
11.43	2.79E-02
11.43	2.79E-02
11.43	2.79E-02
11.43	2.79E-02
11.43	2.79E-02
11.44	2.79E-02
11.44	2.79E-02
11.44	2.79E-02
11.44	2.79E-02
11.44	2.79E-02
11.44	2.79E-02
11.44	2.79E-02
11.44	2.79E-02
11.44	2.79E-02
11.44	2.79E-02
11.44	2.79E-02
11.44	2.79E-02
11.44	2.79E-02
11.44	2.79E-02
11.44	2.79E-02
11.44	2.79E-02
11.44	2.79E-02
11.44	2.79E-02
11.44	2.79E-02
11.44	2.79E-02
11.44	2.79E-02
11.45	2.79E-02
11.45	2.79E-02
11.45	2.79E-02
11.45	2.79E-02
11.45	2.79E-02
11.45	2.79E-02
11.45	2.79E-02
11.45	2.79E-02
11.45	2.79E-02
11.45	2.79E-02
11.45	2.79E-02
11.45	2.79E-02
11.45	2.79E-02
11.45	2.79E-02
11.45	2.79E-02
11.45	2.79E-02
11.45	2.79E-02
11.45	2.79E-02
11.45	2.79E-02
11.45	2.79E-02
11.46	2.79E-02
11.46	2.79E-02
11.46	2.79E-02
11.46	2.79E-02
11.46	2.79E-02
11.46	2.79E-02
11.46	2.79E-02
11.46	2.79E-02
11.46	2.79E-02
11.46	2.79E-02
11.46	2.79E-02
11.46	2.79E-02
11.46	2.79E-02
11.46	2.79E-02
11.46	2.79E-02
11.46	2.79E-02
11.46	2.79E-02
11.46	2.79E-02
11.46	2.79E-02
11.47	2.79E-02
11.47	2.79E-02
11.47	2.79E-02
11.47	2.79E-02
11.47	2.79E-02
11.47	2.79E-02
11.47	2.79E-02
11.47	2.79E-02
11.47	2.79E-02
11.47	2.79E-02
11.47	2.79E-02
11.47	2.79E-02
11.47	2.80E-02
11.47	2.80E-02
11.47	2.80E-02
11.47	2.80E-02
11.47	2.80E-02
11.47	2.80E-02
11.47	2.80E-02
11.47	2.80E-02
11.48	2.80E-02
11.48	2.80E-02
11.48	2.80E-02
11.48	2.80E-02
11.48	2.80E-02
11.48	2.80E-02
11.48	2.80E-02
11.48	2.80E-02
11.48	2.80E-02
11.48	2.80E-02
11.48	2.80E-02
11.48	2.80E-02
11.48	2.80E-02
11.48	2.80E-02
11.48	2.80E-02
11.48	2.80E-02
11.48	2.80E-02
11.48	2.80E-02
11.48	2.80E-02
11.48	2.80E-02
11.48	2.80E-02
11.49	2.80E-02
11.49	2.80E-02
11.49	2.80E-02
11.49	2.80E-02
11.49	2.80E-02
11.49	2.80E-02
11.49	2.80E-02
11.49	2.80E-02
11.49	2.80E-02
11.49	2.80E-02
11.49	2.80E-02
11.49	2.80E-02
11.49	2.80E-02
11.49	2.80E-02
11.49	2.80E-02
11.49	2.80E-02
11.49	2.80E-02
11.49	2.80E-02
11.49	2.80E-02
11.49	2.80E-02
11.5	2.80E-02
11.5	2.80E-02
11.5	2.80E-02
11.5	2.80E-02
11.5	2.80E-02
11.5	2.80E-02
11.5	2.80E-02
11.5	2.80E-02
11.5	2.80E-02
11.5	2.80E-02
11.5	2.80E-02
11.5	2.80E-02
11.5	2.80E-02
11.5	2.80E-02
11.5	2.80E-02
11.5	2.80E-02
11.5	2.80E-02
11.5	2.80E-02
11.5	2.80E-02
11.51	2.80E-02
11.51	2.80E-02
11.51	2.80E-02
11.51	2.80E-02
11.51	2.80E-02
11.51	2.80E-02
11.51	2.80E-02
11.51	2.80E-02
11.51	2.80E-02
11.51	2.80E-02
11.51	2.80E-02
11.51	2.80E-02
11.51	2.80E-02
11.51	2.80E-02
11.51	2.80E-02
11.51	2.80E-02
11.51	2.80E-02
11.51	2.80E-02
11.51	2.80E-02
11.51	2.80E-02
11.52	2.80E-02
11.52	2.80E-02
11.52	2.80E-02
11.52	2.80E-02
11.52	2.80E-02
11.52	2.80E-02
11.52	2.80E-02
11.52	2.80E-02
11.52	2.80E-02
11.52	2.80E-02
11.52	2.80E-02
11.52	2.80E-02
11.52	2.80E-02
11.52	2.80E-02
11.52	2.80E-02
11.52	2.80E-02
11.52	2.80E-02
11.52	2.80E-02
11.52	2.80E-02
11.52	2.80E-02
11.52	2.80E-02
11.53	2.80E-02
11.53	2.80E-02
11.53	2.80E-02
11.53	2.80E-02
11.53	2.80E-02
11.53	2.80E-02
11.53	2.80E-02
11.53	2.80E-02
11.53	2.80E-02
11.53	2.80E-02
11.53	2.80E-02
11.53	2.80E-02
11.53	2.81E-02
11.53	2.81E-02
11.53	2.81E-02
11.53	2.81E-02
11.53	2.81E-02
11.53	2.81E-02
11.53	2.81E-02
11.53	2.81E-02
11.54	2.81E-02
11.54	2.81E-02
11.54	2.81E-02
11.54	2.81E-02
11.54	2.81E-02
11.54	2.81E-02
11.54	2.81E-02
11.54	2.81E-02
11.54	2.81E-02
11.54	2.81E-02
11.54	2.81E-02
11.54	2.81E-02
11.54	2.81E-02
11.54	2.81E-02
11.54	2.81E-02
11.54	2.81E-02
11.54	2.81E-02
11.54	2.81E-02
11.54	2.81E-02
11.55	2.81E-02
11.55	2.81E-02
11.55	2.81E-02
11.55	2.81E-02
11.55	2.81E-02
11.55	2.81E-02
11.55	2.81E-02
11.55	2.81E-02
11.55	2.81E-02
11.55	2.81E-02
11.55	2.81E-02
11.55	2.81E-02
11.55	2.81E-02
11.55	2.81E-02
11.55	2.81E-02
11.55	2.81E-02
11.55	2.81E-02
11.55	2.81E-02
11.55	2.81E-02
11.55	2.81E-02
11.56	2.81E-02
11.56	2.81E-02
11.56	2.81E-02
11.56	2.81E-02
11.56	2.81E-02
11.56	2.81E-02
11.56	2.81E-02
11.56	2.81E-02
11.56	2.81E-02
11.56	2.81E-02
11.56	2.81E-02
11.56	2.81E-02
11.56	2.81E-02
11.56	2.81E-02
11.56	2.81E-02
11.56	2.81E-02
11.56	2.81E-02
11.56	2.81E-02
11.56	2.81E-02
11.56	2.81E-02
11.56	2.81E-02
11.57	2.81E-02
11.57	2.81E-02
11.57	2.81E-02
11.57	2.81E-02
11.57	2.81E-02
11.57	2.81E-02
11.57	2.81E-02
11.57	2.81E-02
11.57	2.81E-02
11.57	2.81E-02
11.57	2.81E-02
11.57	2.81E-02
11.57	2.81E-02
11.57	2.81E-02
11.57	2.81E-02
11.57	2.81E-02
11.57	2.81E-02
11.57	2.81E-02
11.57	2.81E-02
11.57	2.81E-02
11.58	2.81E-02
11.58	2.81E-02
11.58	2.81E-02
11.58	2.81E-02
11.58	2.81E-02
11.58	2.81E-02
11.58	2.81E-02
11.58	2.81E-02
11.58	2.81E-02
11.58	2.81E-02
11.58	2.81E-02
11.58	2.81E-02
11.58	2.81E-02
11.58	2.81E-02
11.58	2.82E-02
11.58	2.82E-02
11.58	2.82E-02
11.58	2.82E-02
11.58	2.82E-02
11.59	2.82E-02
11.59	2.82E-02
11.59	2.82E-02
11.59	2.82E-02
11.59	2.82E-02
11.59	2.82E-02
11.59	2.82E-02
11.59	2.82E-02
11.59	2.82E-02
11.59	2.83E-02
11.59	2.83E-02
11.59	2.83E-02
11.59	2.83E-02
11.59	2.83E-02
11.59	2.83E-02
11.59	2.83E-02
11.59	2.83E-02
11.59	2.83E-02
11.59	2.84E-02
11.59	2.84E-02
11.6	2.84E-02
11.6	2.84E-02
11.6	2.84E-02
11.6	2.84E-02
11.6	2.84E-02
11.6	2.84E-02
11.6	2.85E-02
11.6	2.85E-02
11.6	2.85E-02
11.6	2.85E-02
11.6	2.85E-02
11.6	2.85E-02
11.6	2.85E-02
11.6	2.86E-02
11.6	2.86E-02
11.6	2.86E-02
11.6	2.86E-02
11.6	2.86E-02
11.6	2.86E-02
11.6	2.86E-02
11.6	2.87E-02
11.61	2.87E-02
11.61	2.87E-02
11.61	2.87E-02
11.61	2.87E-02
11.61	2.87E-02
11.61	2.88E-02
11.61	2.88E-02
11.61	2.88E-02
11.61	2.88E-02
11.61	2.88E-02
11.61	2.88E-02
11.61	2.89E-02
11.61	2.89E-02
11.61	2.89E-02
11.61	2.89E-02
11.61	2.89E-02
11.61	2.89E-02
11.61	2.90E-02
11.61	2.90E-02
11.61	2.90E-02
11.62	2.90E-02
11.62	2.90E-02
11.62	2.90E-02
11.62	2.91E-02
11.62	2.91E-02
11.62	2.91E-02
11.62	2.91E-02
11.62	2.91E-02
11.62	2.91E-02
11.62	2.92E-02
11.62	2.92E-02
11.62	2.92E-02
11.62	2.92E-02
11.62	2.92E-02
11.62	2.92E-02
11.62	2.93E-02
11.62	2.93E-02
11.62	2.93E-02
11.62	2.93E-02
11.62	0
11.63	0
11.63	0
11.63	0
11.63	0
11.63	0
11.63	0
11.63	0
11.63	0
11.63	0
11.63	0
11.63	0
11.63	0
11.63	0
11.63	0
11.63	0
11.63	0
11.63	0
11.63	0
11.63	0
11.64	0
11.64	0
11.64	0
11.64	0
11.64	0
11.64	0
11.64	0
11.64	0
11.64	0
11.64	0
11.64	0
11.64	0
11.64	0
11.64	0
11.64	0
11.64	0
11.64	0
11.64	0
11.64	0
11.64	0
11.65	0
11.65	0
11.65	0
11.65	0
11.65	0
11.65	0
11.65	0
11.65	0
11.65	0
11.65	0
11.65	0
11.65	0
11.65	0
11.65	0
11.65	0
11.65	0
11.65	0
11.65	0
11.65	0
11.65	0
11.65	0
11.66	0
11.66	0
11.66	0
11.66	0
11.66	0
11.66	0
11.66	0
11.66	0
11.66	0
11.66	0
11.66	0
11.66	0
11.66	0
11.66	0
11.66	0
11.66	0
11.66	0
11.66	0
11.66	0
11.66	0
11.67	0
11.67	0
11.67	0
11.67	0
11.67	0
11.67	0
11.67	0
11.67	0
11.67	0
11.67	0
11.67	0
11.67	0
11.67	0
11.67	0
11.67	0
11.67	0
11.67	0
11.67	0
11.67	0
11.68	0
11.68	0
11.68	0
11.68	0
11.68	0
11.68	0
11.68	0
11.68	0
11.68	0
11.68	0
11.68	0
11.68	0
11.68	0
11.68	0
11.68	0
11.68	0
11.68	0
11.68	0
11.68	0
11.68	0
11.69	0
11.69	0
11.69	0
11.69	0
11.69	0
11.69	0
11.69	0
11.69	0
11.69	0
11.69	0
11.69	0
11.69	0
11.69	0
11.69	0
11.69	0
11.69	0
11.69	0
11.69	0
11.69	0
11.69	0
11.69	0
11.7	0
11.7	0
11.7	0
11.7	0
11.7	0
11.7	0
11.7	0
11.7	0
11.7	0
11.7	0
11.7	0
11.7	0
11.7	0
11.7	0
11.7	0
11.7	0
11.7	0
11.7	0
11.7	0
11.7	0
11.71	0
11.71	0
11.71	0
11.71	0
11.71	0
11.71	0
11.71	0
11.71	0
11.71	0
11.71	0
11.71	0
11.71	0
11.71	0
11.71	0
11.71	0
11.71	0
11.71	0
11.71	0
11.71	0
11.72	0
11.72	0
11.72	0
11.72	0
11.72	0
11.72	0
11.72	0
11.72	0
11.72	0
11.72	0
11.72	0
11.72	0
11.72	0
11.72	0
11.72	0
11.72	0
11.72	0
11.72	0
11.72	0
11.72	0
11.73	0
11.73	0
11.73	0
11.73	0
11.73	0
11.73	0
11.73	0
11.73	0
11.73	0
11.73	0
11.73	0
11.73	0
11.73	0
11.73	0
11.73	0
11.73	0
11.73	0
11.73	0
11.73	0
11.73	0
11.73	0
11.74	0
11.74	0
11.74	0
11.74	0
11.74	0
11.74	0
11.74	0
11.74	0
11.74	0
11.74	0
11.74	0
11.74	0
11.74	0
11.74	0
11.74	0
11.74	0
11.74	0
11.74	0
11.74	0
11.74	0
11.75	0
11.75	0
11.75	0
11.75	0
11.75	0
11.75	0
11.75	0
11.75	0
11.75	0
11.75	0
11.75	0
11.75	0
11.75	0
11.75	0
11.75	0
11.75	0
11.75	0
11.75	0
11.75	0
11.76	0
11.76	0
11.76	0
11.76	0
11.76	0
11.76	0
11.76	0
11.76	0
11.76	0
11.76	0
11.76	0
11.76	0
11.76	0
11.76	0
11.76	0
11.76	0
11.76	0
11.76	0
11.76	0
11.76	0
11.77	0
11.77	0
11.77	0
11.77	0
11.77	0
11.77	0
11.77	0
11.77	0
11.77	0
11.77	0
11.77	0
11.77	0
11.77	0
11.77	0
11.77	0
11.77	0
11.77	0
11.77	0
11.77	0
11.77	0
11.77	0
11.78	0
11.78	0
11.78	0
11.78	0
11.78	0
11.78	0
11.78	0
11.78	0
11.78	0
11.78	0
11.78	0
11.78	0
11.78	0
11.78	0
11.78	0
11.78	0
11.78	0
11.78	0
11.78	0
11.78	0
11.79	0
11.79	0
11.79	0
11.79	0
11.79	0
11.79	0
11.79	0
11.79	0
11.79	0
11.79	0
11.79	0
11.79	0
11.79	0
11.79	0
11.79	0
11.79	0
11.79	0
11.79	0
11.79	0
11.8	0
11.8	0
11.8	0
11.8	0
11.8	0
11.8	0
11.8	0
11.8	0
11.8	0
11.8	0
11.8	0
11.8	0
11.8	0
11.8	0
11.8	0
11.8	0
11.8	0
11.8	0
11.8	0
11.8	0
11.81	0
11.81	0
11.81	0
11.81	0
11.81	0
11.81	0
11.81	0
11.81	0
11.81	0
11.81	0
11.81	0
11.81	0
11.81	0
11.81	0
11.81	0
11.81	0
11.81	0
11.81	0
11.81	0
11.81	0
11.81	0
11.82	0
11.82	0
11.82	0
11.82	0
11.82	0
11.82	0
11.82	0
11.82	0
11.82	0
11.82	0
11.82	0
11.82	0
11.82	0
11.82	0
11.82	0
11.82	0
11.82	0
11.82	0
11.82	0
11.82	0
11.83	0
11.83	0
11.83	0
11.83	0
11.83	0
11.83	0
11.83	0
11.83	0
11.83	0
11.83	0
11.83	0
11.83	0
11.83	0
11.83	0
11.83	0
11.83	0
11.83	0
11.83	0
11.83	0
11.84	0
11.84	0
11.84	0
11.84	0
11.84	0
11.84	0
11.84	0
11.84	0
11.84	0
11.84	0
11.84	0
11.84	0
11.84	0
11.84	0
11.84	0
11.84	0
11.84	0
11.84	0
11.84	0
11.84	0
11.85	0
11.85	0
11.85	0
11.85	0
11.85	0
11.85	0
11.85	0
11.85	0
11.85	0
11.85	0
11.85	0
11.85	0
11.85	0
11.85	0
11.85	0
11.85	0
11.85	0
11.85	0
11.85	0
11.85	0
11.85	0
11.86	0
11.86	0
11.86	0
11.86	0
11.86	0
11.86	0
11.86	0
11.86	0
11.86	0
11.86	0
11.86	0
11.86	0
11.86	0
11.86	0
11.86	0
11.86	0
11.86	0
11.86	0
11.86	0
11.86	0
11.87	0
11.87	0
11.87	0
11.87	0
11.87	0
11.87	0
11.87	0
11.87	0
11.87	0
11.87	0
11.87	0
11.87	0
11.87	0
11.87	0
11.87	0
11.87	0
11.87	0
11.87	0
11.87	0
11.88	0
11.88	0
11.88	0
11.88	0
11.88	0
11.88	0
11.88	0
11.88	0
11.88	0
11.88	0
11.88	0
11.88	0
11.88	0
11.88	0
11.88	0
11.88	0
11.88	0
11.88	0
11.88	0
11.88	0
11.89	0
11.89	0
11.89	0
11.89	0
11.89	0
11.89	0
11.89	0
11.89	0
11.89	0
11.89	0
11.89	0
11.89	0
11.89	0
11.89	0
11.89	0
11.89	0
11.89	0
11.89	0
11.89	0
11.89	0
11.9	0
11.9	0
11.9	0
11.9	0
11.9	0
11.9	0
11.9	0
11.9	0
11.9	0
11.9	0
11.9	0
11.9	0
11.9	0
11.9	0
11.9	0
11.9	0
11.9	0
11.9	0
11.9	0
11.9	0
11.9	0
11.91	0
11.91	0
11.91	0
11.91	0
11.91	0
11.91	0
11.91	0
11.91	0
11.91	0
11.91	0
11.91	0
11.91	0
11.91	0
11.91	0
11.91	0
11.91	0
11.91	0
11.91	0
11.91	0
11.91	0
11.92	0
11.92	0
11.92	0
11.92	0
11.92	0
11.92	0
11.92	0
11.92	0
11.92	0
11.92	0
11.92	0
11.92	0
11.92	0
11.92	0
11.92	0
11.92	0
11.92	0
11.92	0
11.92	0
11.93	0
11.93	0
11.93	0
11.93	0
11.93	0
11.93	0
11.93	0
11.93	0
11.93	0
11.93	0
11.93	0
11.93	0
11.93	0
11.93	0
11.93	0
11.93	0
11.93	0
11.93	0
11.93	0
11.93	0
11.94	0
11.94	0
11.94	0
11.94	0
11.94	0
11.94	0
11.94	0
11.94	0
11.94	0
11.94	0
11.94	0
11.94	0
11.94	0
11.94	0
11.94	0
11.94	0
11.94	0
11.94	0
11.94	0
11.94	0
11.94	0
11.95	0
11.95	0
11.95	0
11.95	0
11.95	0
11.95	0
11.95	0
11.95	0
11.95	0
11.95	0
11.95	0
11.95	0
11.95	0
11.95	0
11.95	0
11.95	0
11.95	0
11.95	0
11.95	0
11.95	0
11.96	0
11.96	0
11.96	0
11.96	0
11.96	0
11.96	0
11.96	0
11.96	0
11.96	0
11.96	0
11.96	0
11.96	0
11.96	0
11.96	0
11.96	0
11.96	0
11.96	0
11.96	0
11.96	0
11.97	0
11.97	0
11.97	0
11.97	0
11.97	0
11.97	0
11.97	0
11.97	0
11.97	0
11.97	0
11.97	0
11.97	0
11.97	0
11.97	0
11.97	0
11.97	0
11.97	0
11.97	0
11.97	0
11.97	0
11.98	0
11.98	0
11.98	0
11.98	0
11.98	0
11.98	0
11.98	0
11.98	0
11.98	0
11.98	0
11.98	0
11.98	0
11.98	0
11.98	0
11.98	0
11.98	0
11.98	0
11.98	0
11.98	0
11.98	0
11.98	0
11.99	0
11.99	0
11.99	0
11.99	0
11.99	0
11.99	0
11.99	0
11.99	0
11.99	0
11.99	0
11.99	0
11.99	0
11.99	0
11.99	0
11.99	0
11.99	0
11.99	0
11.99	0
11.99	0
11.99	0
12	0
12	0
12	0
12	0
12	0
12	0
12	0
12	0
12	0
12	0
12	0
12	0
12	0
12	0
12	0
12	0
12	0
12	0
12	0
12.01	0
12.01	0
12.01	0
12.01	0
12.01	0
12.01	0
12.01	0
12.01	0
12.01	0
12.01	0
12.01	0
12.01	0
12.01	0
12.01	0
12.01	0
12.01	0
12.01	0
12.01	0
12.01	0
12.01	0
12.02	0
12.02	0
12.02	0
12.02	0
12.02	0
12.02	0
12.02	0
12.02	0
12.02	0
12.02	0
12.02	0
12.02	0
12.02	0
12.02	0
12.02	0
12.02	0
12.02	0
12.02	0
12.02	0
12.02	0
12.02	0
12.03	0
12.03	0
12.03	0
12.03	0
12.03	0
12.03	0
12.03	0
12.03	0
12.03	0
12.03	0
12.03	0
12.03	0
12.03	0
12.03	0
12.03	0
12.03	0
12.03	0
12.03	0
12.03	0
12.03	0
12.04	0
12.04	0
12.04	0
12.04	0
12.04	0
12.04	0
12.04	0
12.04	0
12.04	0
12.04	0
12.04	0
12.04	0
12.04	0
12.04	0
12.04	0
12.04	0
12.04	0
12.04	0
12.04	0
12.05	0
12.05	0
12.05	0
12.05	0
12.05	0
12.05	0
12.05	0
12.05	0
12.05	0
12.05	0
12.05	0
12.05	0
12.05	0
12.05	0
12.05	0
12.05	0
12.05	0
12.05	0
12.05	0
12.05	0
12.06	0
12.06	0
12.06	0
12.06	0
12.06	0
12.06	0
12.06	0
12.06	0
12.06	0
12.06	0
12.06	0
12.06	0
12.06	0
12.06	0
12.06	0
12.06	0
12.06	0
12.06	0
12.06	0
12.06	0
12.06	0
12.07	0
12.07	0
12.07	0
12.07	0
12.07	0
12.07	0
12.07	0
12.07	0
12.07	0
12.07	0
12.07	0
12.07	0
12.07	0
12.07	0
12.07	0
12.07	0
12.07	0
12.07	0
12.07	0
12.07	0
12.08	0
12.08	0
12.08	0
12.08	0
12.08	0
12.08	0
12.08	0
12.08	0
12.08	0
12.08	0
12.08	0
12.08	0
12.08	0
12.08	0
12.08	0
12.08	0
12.08	0
12.08	0
12.08	0
12.09	0
12.09	0
12.09	0
12.09	0
12.09	0
12.09	0
12.09	0
12.09	0
12.09	0
12.09	0
12.09	0
12.09	0
12.09	0
12.09	0
12.09	0
12.09	0
12.09	0
12.09	0
12.09	0
12.09	0
12.1	0
12.1	0
12.1	0
12.1	0
12.1	0
12.1	0
12.1	0
12.1	0
12.1	0
12.1	0
12.1	0
12.1	0
12.1	0
12.1	0
12.1	0
12.1	0
12.1	0
12.1	0
12.1	0
12.1	0
12.1	0
12.11	0
12.11	0
12.11	0
12.11	0
12.11	0
12.11	0
12.11	0
12.11	0
12.11	0
12.11	0
12.11	0
12.11	0
12.11	0
12.11	0
12.11	0
12.11	0
12.11	0
12.11	0
12.11	0
12.11	0
12.12	0
12.12	0
12.12	0
12.12	0
12.12	0
12.12	0
12.12	0
12.12	0
12.12	0
12.12	0
12.12	0
12.12	0
12.12	0
12.12	0
12.12	0
12.12	0
12.12	0
12.12	0
12.12	0
12.12	0
12.13	0
12.13	0
12.13	0
12.13	0
12.13	0
12.13	0
12.13	0
12.13	0
12.13	0
12.13	0
12.13	0
12.13	0
12.13	0
12.13	0
12.13	0
12.13	0
12.13	0
12.13	0
12.13	0
12.14	0
12.14	0
12.14	0
12.14	0
12.14	0
12.14	0
12.14	0
12.14	0
12.14	0
12.14	0
12.14	0
12.14	0
12.14	0
12.14	0
12.14	0
12.14	0
12.14	0
12.14	0
12.14	0
12.14	0
12.15	0
12.15	0
12.15	0
12.15	0
12.15	0
12.15	0
12.15	0
12.15	0
12.15	0
12.15	0
12.15	0
12.15	0
12.15	0
12.15	0
12.15	0
12.15	0
12.15	0
12.15	0
12.15	0
12.15	0
12.15	0
12.16	0
12.16	0
12.16	0
12.16	0
12.16	0
12.16	0
12.16	0
12.16	0
12.16	0
12.16	0
12.16	0
12.16	0
12.16	0
12.16	0
12.16	0
12.16	0
12.16	0
12.16	0
12.16	0
12.16	0
12.17	0
12.17	0
12.17	0
12.17	0
12.17	0
12.17	0
12.17	0
12.17	0
12.17	0
12.17	0
12.17	0
12.17	0
12.17	0
12.17	0
12.17	0
12.17	0
12.17	0
12.17	0
12.17	1.56E-11
12.18	7.42E-11
12.18	1.85E-10
12.18	3.54E-10
12.18	5.84E-10
12.18	8.81E-10
12.18	1.25E-09
12.18	1.69E-09
12.18	2.20E-09
12.18	2.79E-09
12.18	3.45E-09
12.18	4.20E-09
12.18	5.03E-09
12.18	5.94E-09
12.18	6.94E-09
12.18	8.03E-09
12.18	9.20E-09
12.18	1.05E-08
12.18	1.18E-08
12.18	1.33E-08
12.18	1.48E-08
12.19	1.65E-08
12.19	1.82E-08
12.19	2.00E-08
12.19	2.19E-08
12.19	2.40E-08
12.19	2.61E-08
12.19	2.83E-08
12.19	3.07E-08
12.19	3.31E-08
12.19	3.56E-08
12.19	3.83E-08
12.19	4.10E-08
12.19	4.39E-08
12.19	4.68E-08
12.19	4.99E-08
12.19	5.31E-08
12.19	5.64E-08
12.19	5.98E-08
12.19	6.33E-08
12.19	6.69E-08
12.19	7.06E-08
12.2	7.45E-08
12.2	7.84E-08
12.2	8.25E-08
12.2	8.67E-08
12.2	9.10E-08
12.2	9.54E-08
12.2	9.99E-08
12.2	1.05E-07
12.2	1.09E-07
12.2	1.14E-07
12.2	1.19E-07
12.2	1.24E-07
12.2	1.30E-07
12.2	1.35E-07
12.2	1.41E-07
12.2	1.46E-07
12.2	1.52E-07
12.2	1.58E-07
12.2	1.64E-07
12.2	1.70E-07
12.21	1.76E-07
12.21	1.82E-07
12.21	1.89E-07
12.21	1.96E-07
12.21	2.02E-07
12.21	2.09E-07
12.21	2.16E-07
12.21	2.23E-07
12.21	2.31E-07
12.21	2.38E-07
12.21	2.45E-07
12.21	2.53E-07
12.21	2.61E-07
12.21	2.69E-07
12.21	2.77E-07
12.21	2.85E-07
12.21	2.93E-07
12.21	3.02E-07
12.21	3.10E-07
12.22	3.19E-07
12.22	3.28E-07
12.22	3.37E-07
12.22	3.46E-07
12.22	3.55E-07
12.22	3.64E-07
12.22	3.74E-07
12.22	3.83E-07
12.22	3.93E-07
12.22	4.03E-07
12.22	4.13E-07
12.22	4.23E-07
12.22	4.34E-07
12.22	4.44E-07
12.22	4.55E-07
12.22	4.66E-07
12.22	4.76E-07
12.22	4.87E-07
12.22	4.99E-07
12.22	5.10E-07
12.23	5.21E-07
12.23	5.33E-07
12.23	5.45E-07
12.23	5.57E-07
12.23	5.69E-07
12.23	5.81E-07
12.23	5.93E-07
12.23	6.06E-07
12.23	6.18E-07
12.23	6.31E-07
12.23	6.44E-07
12.23	6.57E-07
12.23	6.70E-07
12.23	6.83E-07
12.23	6.97E-07
12.23	7.10E-07
12.23	7.24E-07
12.23	7.38E-07
12.23	7.52E-07
12.23	7.66E-07
12.23	7.81E-07
12.24	7.95E-07
12.24	8.10E-07
12.24	8.24E-07
12.24	8.39E-07
12.24	8.54E-07
12.24	8.70E-07
12.24	8.85E-07
12.24	9.01E-07
12.24	9.16E-07
12.24	9.32E-07
12.24	9.48E-07
12.24	9.64E-07
12.24	9.81E-07
12.24	9.97E-07
12.24	1.01E-06
12.24	1.03E-06
12.24	1.05E-06
12.24	1.06E-06
12.24	1.08E-06
12.24	1.10E-06
12.25	1.12E-06
12.25	1.13E-06
12.25	1.15E-06
12.25	1.17E-06
12.25	1.19E-06
12.25	1.21E-06
12.25	1.23E-06
12.25	1.24E-06
12.25	1.26E-06
12.25	1.28E-06
12.25	1.30E-06
12.25	1.32E-06
12.25	1.34E-06
12.25	1.36E-06
12.25	1.38E-06
12.25	1.40E-06
12.25	1.42E-06
12.25	1.44E-06
12.25	1.46E-06
12.26	1.48E-06
12.26	1.50E-06
12.26	1.52E-06
12.26	1.54E-06
12.26	1.56E-06
12.26	1.58E-06
12.26	1.61E-06
12.26	1.63E-06
12.26	1.65E-06
12.26	1.67E-06
12.26	1.69E-06
12.26	1.72E-06
12.26	1.74E-06
12.26	1.76E-06
12.26	1.78E-06
12.26	1.81E-06
12.26	1.83E-06
12.26	1.85E-06
12.26	1.88E-06
12.26	1.90E-06
12.27	1.92E-06
12.27	1.95E-06
12.27	1.97E-06
12.27	2.00E-06
12.27	2.02E-06
12.27	2.04E-06
12.27	2.07E-06
12.27	2.09E-06
12.27	2.12E-06
12.27	2.14E-06
12.27	2.17E-06
12.27	2.19E-06
12.27	2.22E-06
12.27	2.25E-06
12.27	2.27E-06
12.27	2.30E-06
12.27	2.33E-06
12.27	2.35E-06
12.27	2.38E-06
12.27	2.41E-06
12.27	2.43E-06
12.28	2.46E-06
12.28	2.49E-06
12.28	2.51E-06
12.28	2.54E-06
12.28	2.57E-06
12.28	2.60E-06
12.28	2.63E-06
12.28	2.65E-06
12.28	2.68E-06
12.28	2.71E-06
12.28	2.74E-06
12.28	2.77E-06
12.28	2.80E-06
12.28	2.83E-06
12.28	2.86E-06
12.28	2.89E-06
12.28	2.92E-06
12.28	2.95E-06
12.28	2.98E-06
12.28	3.01E-06
12.29	3.04E-06
12.29	3.07E-06
12.29	3.10E-06
12.29	3.13E-06
12.29	3.16E-06
12.29	3.20E-06
12.29	3.23E-06
12.29	3.26E-06
12.29	3.29E-06
12.29	3.32E-06
12.29	3.36E-06
12.29	3.39E-06
12.29	3.42E-06
12.29	3.45E-06
12.29	3.49E-06
12.29	3.52E-06
12.29	3.55E-06
12.29	3.59E-06
12.29	3.62E-06
12.3	3.65E-06
12.3	3.69E-06
12.3	3.72E-06
12.3	3.76E-06
12.3	3.79E-06
12.3	3.83E-06
12.3	3.86E-06
12.3	3.90E-06
12.3	3.93E-06
12.3	3.97E-06
12.3	4.00E-06
12.3	4.04E-06
12.3	4.08E-06
12.3	4.11E-06
12.3	4.15E-06
12.3	4.19E-06
12.3	4.22E-06
12.3	4.26E-06
12.3	4.30E-06
12.3	4.33E-06
12.31	4.37E-06
12.31	4.41E-06
12.31	4.45E-06
12.31	4.48E-06
12.31	4.52E-06
12.31	4.56E-06
12.31	4.60E-06
12.31	4.64E-06
12.31	4.68E-06
12.31	4.72E-06
12.31	4.76E-06
12.31	4.80E-06
12.31	4.84E-06
12.31	4.88E-06
12.31	4.92E-06
12.31	4.96E-06
12.31	5.00E-06
12.31	5.04E-06
12.31	5.08E-06
12.31	5.12E-06
12.31	5.16E-06
12.32	5.20E-06
12.32	5.24E-06
12.32	5.28E-06
12.32	5.33E-06
12.32	5.37E-06
12.32	5.41E-06
12.32	5.45E-06
12.32	5.50E-06
12.32	5.54E-06
12.32	5.58E-06
12.32	5.62E-06
12.32	5.67E-06
12.32	5.71E-06
12.32	5.75E-06
12.32	5.80E-06
12.32	5.84E-06
12.32	5.89E-06
12.32	5.93E-06
12.32	5.98E-06
12.32	6.02E-06
12.33	6.07E-06
12.33	6.11E-06
12.33	6.16E-06
12.33	6.20E-06
12.33	6.25E-06
12.33	6.29E-06
12.33	6.34E-06
12.33	6.39E-06
12.33	6.43E-06
12.33	6.48E-06
12.33	6.53E-06
12.33	6.57E-06
12.33	6.62E-06
12.33	6.67E-06
12.33	6.72E-06
12.33	6.76E-06
12.33	6.81E-06
12.33	6.86E-06
12.33	6.91E-06
12.34	6.96E-06
12.34	7.01E-06
12.34	7.05E-06
12.34	7.10E-06
12.34	7.15E-06
12.34	7.20E-06
12.34	7.25E-06
12.34	7.30E-06
12.34	7.35E-06
12.34	7.40E-06
12.34	7.45E-06
12.34	7.50E-06
12.34	7.55E-06
12.34	7.61E-06
12.34	7.66E-06
12.34	7.71E-06
12.34	7.76E-06
12.34	7.81E-06
12.34	7.86E-06
12.34	7.92E-06
12.35	7.97E-06
12.35	8.02E-06
12.35	8.07E-06
12.35	8.13E-06
12.35	8.18E-06
12.35	8.23E-06
12.35	8.29E-06
12.35	8.34E-06
12.35	8.40E-06
12.35	8.45E-06
12.35	8.50E-06
12.35	8.56E-06
12.35	8.61E-06
12.35	8.67E-06
12.35	8.72E-06
12.35	8.78E-06
12.35	8.83E-06
12.35	8.89E-06
12.35	8.95E-06
12.35	9.00E-06
12.35	9.06E-06
12.36	9.11E-06
12.36	9.17E-06
12.36	9.23E-06
12.36	9.29E-06
12.36	9.34E-06
12.36	9.40E-06
12.36	9.46E-06
12.36	9.52E-06
12.36	9.57E-06
12.36	9.63E-06
12.36	9.69E-06
12.36	9.75E-06
12.36	9.81E-06
12.36	9.87E-06
12.36	9.93E-06
12.36	9.99E-06
12.36	1.00E-05
12.36	1.01E-05
12.36	1.02E-05
12.36	1.02E-05
12.37	1.03E-05
12.37	1.04E-05
12.37	1.04E-05
12.37	1.05E-05
12.37	1.05E-05
12.37	1.06E-05
12.37	1.07E-05
12.37	1.07E-05
12.37	1.08E-05
12.37	1.08E-05
12.37	1.09E-05
12.37	1.10E-05
12.37	1.10E-05
12.37	1.11E-05
12.37	1.12E-05
12.37	1.12E-05
12.37	1.13E-05
12.37	1.13E-05
12.37	1.14E-05
12.38	1.15E-05
12.38	1.15E-05
12.38	1.16E-05
12.38	1.17E-05
12.38	1.17E-05
12.38	1.18E-05
12.38	1.19E-05
12.38	1.19E-05
12.38	1.20E-05
12.38	1.21E-05
12.38	1.21E-05
12.38	1.22E-05
12.38	1.23E-05
12.38	1.23E-05
12.38	1.24E-05
12.38	1.25E-05
12.38	1.25E-05
12.38	1.26E-05
12.38	1.27E-05
12.38	1.27E-05
12.39	1.28E-05
12.39	1.29E-05
12.39	1.29E-05
12.39	1.30E-05
12.39	1.31E-05
12.39	1.31E-05
12.39	1.32E-05
12.39	1.33E-05
12.39	1.34E-05
12.39	1.34E-05
12.39	1.35E-05
12.39	1.36E-05
12.39	1.36E-05
12.39	1.37E-05
12.39	1.38E-05
12.39	1.39E-05
12.39	1.39E-05
12.39	1.40E-05
12.39	1.41E-05
12.39	1.41E-05
12.4	1.42E-05
12.4	1.43E-05
12.4	1.44E-05
12.4	1.44E-05
12.4	1.45E-05
12.4	1.46E-05
12.4	1.46E-05
12.4	1.47E-05
12.4	1.48E-05
12.4	1.49E-05
12.4	1.49E-05
12.4	1.50E-05
12.4	1.51E-05
12.4	1.52E-05
12.4	1.52E-05
12.4	1.53E-05
12.4	1.54E-05
12.4	1.55E-05
12.4	1.55E-05
12.4	1.56E-05
12.4	1.57E-05
12.41	1.58E-05
12.41	1.59E-05
12.41	1.59E-05
12.41	1.60E-05
12.41	1.61E-05
12.41	1.62E-05
12.41	1.62E-05
12.41	1.63E-05
12.41	1.64E-05
12.41	1.65E-05
12.41	1.66E-05
12.41	1.66E-05
12.41	1.67E-05
12.41	1.68E-05
12.41	1.69E-05
12.41	1.70E-05
12.41	1.70E-05
12.41	1.71E-05
12.41	1.72E-05
12.41	1.73E-05
12.42	1.74E-05
12.42	1.74E-05
12.42	1.75E-05
12.42	1.76E-05
12.42	1.77E-05
12.42	1.78E-05
12.42	1.78E-05
12.42	1.79E-05
12.42	1.80E-05
12.42	1.81E-05
12.42	1.82E-05
12.42	1.83E-05
12.42	1.83E-05
12.42	1.84E-05
12.42	1.85E-05
12.42	1.86E-05
12.42	1.87E-05
12.42	1.88E-05
12.42	1.88E-05
12.43	1.89E-05
12.43	1.90E-05
12.43	1.91E-05
12.43	1.92E-05
12.43	1.93E-05
12.43	1.94E-05
12.43	1.94E-05
12.43	1.95E-05
12.43	1.96E-05
12.43	1.97E-05
12.43	1.98E-05
12.43	1.99E-05
12.43	2.00E-05
12.43	2.01E-05
12.43	2.01E-05
12.43	2.02E-05
12.43	2.03E-05
12.43	2.04E-05
12.43	2.05E-05
12.43	2.06E-05
12.44	2.07E-05
12.44	2.08E-05
12.44	2.09E-05
12.44	2.09E-05
12.44	2.10E-05
12.44	2.11E-05
12.44	2.12E-05
12.44	2.13E-05
12.44	2.14E-05
12.44	2.15E-05
12.44	2.16E-05
12.44	2.17E-05
12.44	2.18E-05
12.44	2.19E-05
12.44	2.19E-05
12.44	2.20E-05
12.44	2.21E-05
12.44	2.22E-05
12.44	2.23E-05
12.44	2.24E-05
12.44	2.25E-05
12.45	2.26E-05
12.45	2.27E-05
12.45	2.28E-05
12.45	2.29E-05
12.45	2.30E-05
12.45	2.31E-05
12.45	2.32E-05
12.45	2.33E-05
12.45	2.34E-05
12.45	2.34E-05
12.45	2.35E-05
12.45	2.36E-05
12.45	2.37E-05
12.45	2.38E-05
12.45	2.39E-05
12.45	2.40E-05
12.45	2.41E-05
12.45	2.42E-05
12.45	2.43E-05
12.45	2.44E-05
12.46	2.45E-05
12.46	2.46E-05
12.46	2.47E-05
12.46	2.48E-05
12.46	2.49E-05
12.46	2.50E-05
12.46	2.51E-05
12.46	2.52E-05
12.46	2.53E-05
12.46	2.54E-05
12.46	2.55E-05
12.46	2.56E-05
12.46	2.57E-05
12.46	2.58E-05
12.46	2.59E-05
12.46	2.60E-05
12.46	2.61E-05
12.46	2.62E-05
12.46	2.63E-05
12.47	2.64E-05
12.47	2.65E-05
12.47	2.66E-05
12.47	2.67E-05
12.47	2.68E-05
12.47	2.69E-05
12.47	2.70E-05
12.47	2.71E-05
12.47	2.72E-05
12.47	2.73E-05
12.47	2.74E-05
12.47	2.76E-05
12.47	2.77E-05
12.47	2.78E-05
12.47	2.79E-05
12.47	2.80E-05
12.47	2.81E-05
12.47	2.82E-05
12.47	2.83E-05
12.47	2.84E-05
12.48	2.85E-05
12.48	2.86E-05
12.48	2.87E-05
12.48	2.88E-05
12.48	2.89E-05
12.48	2.90E-05
12.48	2.91E-05
12.48	2.93E-05
12.48	2.94E-05
12.48	2.95E-05
12.48	2.96E-05
12.48	2.97E-05
12.48	2.98E-05
12.48	2.99E-05
12.48	3.00E-05
12.48	3.01E-05
12.48	3.02E-05
12.48	3.04E-05
12.48	3.05E-05
12.48	3.06E-05
12.48	3.07E-05
12.49	3.08E-05
12.49	3.09E-05
12.49	3.10E-05
12.49	3.11E-05
12.49	3.12E-05
12.49	3.14E-05
12.49	3.15E-05
12.49	3.16E-05
12.49	3.17E-05
12.49	3.18E-05
12.49	3.19E-05
12.49	3.20E-05
12.49	3.21E-05
12.49	3.23E-05
12.49	3.24E-05
12.49	3.25E-05
12.49	3.26E-05
12.49	3.27E-05
12.49	3.28E-05
12.49	3.30E-05
12.5	3.31E-05
12.5	3.32E-05
12.5	3.33E-05
12.5	3.34E-05
12.5	3.35E-05
12.5	3.36E-05
12.5	3.38E-05
12.5	3.39E-05
12.5	3.40E-05
12.5	3.41E-05
12.5	3.42E-05
12.5	3.44E-05
12.5	3.45E-05
12.5	3.46E-05
12.5	3.47E-05
12.5	3.48E-05
12.5	3.49E-05
12.5	3.51E-05
12.5	3.52E-05
12.51	3.53E-05
12.51	3.54E-05
12.51	3.56E-05
12.51	3.57E-05
12.51	3.58E-05
12.51	3.59E-05
12.51	3.60E-05
12.51	3.62E-05
12.51	3.63E-05
12.51	3.64E-05
12.51	3.65E-05
12.51	3.66E-05
12.51	3.68E-05
12.51	3.69E-05
12.51	3.70E-05
12.51	3.71E-05
12.51	3.73E-05
12.51	3.74E-05
12.51	3.75E-05
12.51	3.76E-05
12.52	3.78E-05
12.52	3.79E-05
12.52	3.80E-05
12.52	3.81E-05
12.52	3.83E-05
12.52	3.84E-05
12.52	3.85E-05
12.52	3.86E-05
12.52	3.88E-05
12.52	3.89E-05
12.52	3.90E-05
12.52	3.91E-05
12.52	3.93E-05
12.52	3.94E-05
12.52	3.95E-05
12.52	3.97E-05
12.52	3.98E-05
12.52	3.99E-05
12.52	4.00E-05
12.52	4.02E-05
12.52	4.03E-05
12.53	4.04E-05
12.53	4.06E-05
12.53	4.07E-05
12.53	4.08E-05
12.53	4.09E-05
12.53	4.11E-05
12.53	4.12E-05
12.53	4.13E-05
12.53	4.15E-05
12.53	4.16E-05
12.53	4.17E-05
12.53	4.19E-05
12.53	4.20E-05
12.53	4.21E-05
12.53	4.23E-05
12.53	4.24E-05
12.53	4.25E-05
12.53	4.27E-05
12.53	4.28E-05
12.53	4.29E-05
12.54	4.31E-05
12.54	4.32E-05
12.54	4.33E-05
12.54	4.35E-05
12.54	4.36E-05
12.54	4.37E-05
12.54	4.39E-05
12.54	4.40E-05
12.54	4.41E-05
12.54	4.43E-05
12.54	4.44E-05
12.54	4.46E-05
12.54	4.47E-05
12.54	4.48E-05
12.54	4.50E-05
12.54	4.51E-05
12.54	4.52E-05
12.54	4.54E-05
12.54	4.55E-05
12.55	4.57E-05
12.55	4.58E-05
12.55	4.59E-05
12.55	4.61E-05
12.55	4.62E-05
12.55	4.64E-05
12.55	4.65E-05
12.55	4.66E-05
12.55	4.68E-05
12.55	4.69E-05
12.55	4.71E-05
12.55	4.72E-05
12.55	4.73E-05
12.55	4.75E-05
12.55	4.76E-05
12.55	4.78E-05
12.55	4.79E-05
12.55	4.80E-05
12.55	4.82E-05
12.55	4.83E-05
12.56	4.85E-05
12.56	4.86E-05
12.56	4.88E-05
12.56	4.89E-05
12.56	4.91E-05
12.56	4.92E-05
12.56	4.93E-05
12.56	4.95E-05
12.56	4.96E-05
12.56	4.98E-05
12.56	4.99E-05
12.56	5.01E-05
12.56	5.02E-05
12.56	5.04E-05
12.56	5.05E-05
12.56	5.07E-05
12.56	5.08E-05
12.56	5.09E-05
12.56	5.11E-05
12.56	5.12E-05
12.56	5.14E-05
12.57	5.15E-05
12.57	5.17E-05
12.57	5.18E-05
12.57	5.20E-05
12.57	5.21E-05
12.57	5.23E-05
12.57	5.24E-05
12.57	5.26E-05
12.57	5.27E-05
12.57	5.29E-05
12.57	5.30E-05
12.57	5.32E-05
12.57	5.33E-05
12.57	5.35E-05
12.57	5.36E-05
12.57	5.38E-05
12.57	5.39E-05
12.57	5.41E-05
12.57	5.42E-05
12.57	5.44E-05
12.58	5.46E-05
12.58	5.47E-05
12.58	5.49E-05
12.58	5.50E-05
12.58	5.52E-05
12.58	5.53E-05
12.58	5.55E-05
12.58	5.56E-05
12.58	5.58E-05
12.58	5.59E-05
12.58	5.61E-05
12.58	5.63E-05
12.58	5.64E-05
12.58	5.66E-05
12.58	5.67E-05
12.58	5.69E-05
12.58	5.70E-05
12.58	5.72E-05
12.58	5.73E-05
12.59	5.75E-05
12.59	5.77E-05
12.59	5.78E-05
12.59	5.80E-05
12.59	5.81E-05
12.59	5.83E-05
12.59	5.85E-05
12.59	5.86E-05
12.59	5.88E-05
12.59	5.89E-05
12.59	5.91E-05
12.59	5.93E-05
12.59	5.94E-05
12.59	5.96E-05
12.59	5.97E-05
12.59	5.99E-05
12.59	6.01E-05
12.59	6.02E-05
12.59	6.04E-05
12.59	6.05E-05
12.6	6.07E-05
12.6	6.09E-05
12.6	6.10E-05
12.6	6.12E-05
12.6	6.14E-05
12.6	6.15E-05
12.6	6.17E-05
12.6	6.18E-05
12.6	6.20E-05
12.6	6.22E-05
12.6	6.23E-05
12.6	6.25E-05
12.6	6.27E-05
12.6	6.28E-05
12.6	6.30E-05
12.6	6.32E-05
12.6	6.33E-05
12.6	6.35E-05
12.6	6.37E-05
12.6	6.38E-05
12.6	6.40E-05
12.61	6.42E-05
12.61	6.43E-05
12.61	6.45E-05
12.61	6.47E-05
12.61	6.48E-05
12.61	6.50E-05
12.61	6.52E-05
12.61	6.53E-05
12.61	6.55E-05
12.61	6.57E-05
12.61	6.59E-05
12.61	6.60E-05
12.61	6.62E-05
12.61	6.64E-05
12.61	6.65E-05
12.61	6.67E-05
12.61	6.69E-05
12.61	6.71E-05
12.61	6.72E-05
12.61	6.74E-05
12.62	6.76E-05
12.62	6.77E-05
12.62	6.79E-05
12.62	6.81E-05
12.62	6.83E-05
12.62	6.84E-05
12.62	6.86E-05
12.62	6.88E-05
12.62	6.90E-05
12.62	6.91E-05
12.62	6.93E-05
12.62	6.95E-05
12.62	6.97E-05
12.62	6.98E-05
12.62	7.00E-05
12.62	7.02E-05
12.62	7.04E-05
12.62	7.05E-05
12.62	7.07E-05
12.62	7.09E-05
12.63	7.11E-05
12.63	7.12E-05
12.63	7.14E-05
12.63	7.16E-05
12.63	7.18E-05
12.63	7.20E-05
12.63	7.21E-05
12.63	7.23E-05
12.63	7.25E-05
12.63	7.27E-05
12.63	7.28E-05
12.63	7.30E-05
12.63	7.32E-05
12.63	7.34E-05
12.63	7.36E-05
12.63	7.37E-05
12.63	7.39E-05
12.63	7.41E-05
12.63	7.43E-05
12.64	7.45E-05
12.64	7.47E-05
12.64	7.48E-05
12.64	7.50E-05
12.64	7.52E-05
12.64	7.54E-05
12.64	7.56E-05
12.64	7.58E-05
12.64	7.59E-05
12.64	7.61E-05
12.64	7.63E-05
12.64	7.65E-05
12.64	7.67E-05
12.64	7.69E-05
12.64	7.70E-05
12.64	7.72E-05
12.64	7.74E-05
12.64	7.76E-05
12.64	7.78E-05
12.64	7.80E-05
12.65	7.82E-05
12.65	7.84E-05
12.65	7.85E-05
12.65	7.87E-05
12.65	7.89E-05
12.65	7.91E-05
12.65	7.93E-05
12.65	7.95E-05
12.65	7.97E-05
12.65	7.99E-05
12.65	8.00E-05
12.65	8.02E-05
12.65	8.04E-05
12.65	8.06E-05
12.65	8.08E-05
12.65	8.10E-05
12.65	8.12E-05
12.65	8.14E-05
12.65	8.16E-05
12.65	8.18E-05
12.65	8.20E-05
12.66	8.21E-05
12.66	8.23E-05
12.66	8.25E-05
12.66	8.27E-05
12.66	8.29E-05
12.66	8.31E-05
12.66	8.33E-05
12.66	8.35E-05
12.66	8.37E-05
12.66	8.39E-05
12.66	8.41E-05
12.66	8.43E-05
12.66	8.45E-05
12.66	8.47E-05
12.66	8.49E-05
12.66	8.51E-05
12.66	8.52E-05
12.66	8.54E-05
12.66	8.56E-05
12.66	8.58E-05
12.67	8.60E-05
12.67	8.62E-05
12.67	8.64E-05
12.67	8.66E-05
12.67	8.68E-05
12.67	8.70E-05
12.67	8.72E-05
12.67	8.74E-05
12.67	8.76E-05
12.67	8.78E-05
12.67	8.80E-05
12.67	8.82E-05
12.67	8.84E-05
12.67	8.86E-05
12.67	8.88E-05
12.67	8.90E-05
12.67	8.92E-05
12.67	8.94E-05
12.67	8.96E-05
12.68	8.98E-05
12.68	9.00E-05
12.68	9.02E-05
12.68	9.04E-05
12.68	9.06E-05
12.68	9.08E-05
12.68	9.10E-05
12.68	9.12E-05
12.68	9.14E-05
12.68	9.17E-05
12.68	9.19E-05
12.68	9.21E-05
12.68	9.23E-05
12.68	9.25E-05
12.68	9.27E-05
12.68	9.29E-05
12.68	9.31E-05
12.68	9.33E-05
12.68	9.35E-05
12.68	9.37E-05
12.69	9.39E-05
12.69	9.41E-05
12.69	9.43E-05
12.69	9.45E-05
12.69	9.47E-05
12.69	9.50E-05
12.69	9.52E-05
12.69	9.54E-05
12.69	9.56E-05
12.69	9.58E-05
12.69	9.60E-05
12.69	9.62E-05
12.69	9.64E-05
12.69	9.66E-05
12.69	9.68E-05
12.69	9.70E-05
12.69	9.73E-05
12.69	9.75E-05
12.69	9.77E-05
12.69	9.79E-05
12.69	9.81E-05
12.7	9.83E-05
12.7	9.85E-05
12.7	9.87E-05
12.7	9.90E-05
12.7	9.92E-05
12.7	9.94E-05
12.7	9.96E-05
12.7	9.98E-05
12.7	1.00E-04
12.7	1.00E-04
12.7	1.00E-04
12.7	1.01E-04
12.7	1.01E-04
12.7	1.01E-04
12.7	1.01E-04
12.7	1.02E-04
12.7	1.02E-04
12.7	1.02E-04
12.7	1.02E-04
12.7	1.02E-04
12.71	1.03E-04
12.71	1.03E-04
12.71	1.03E-04
12.71	1.03E-04
12.71	1.04E-04
12.71	1.04E-04
12.71	1.04E-04
12.71	1.04E-04
12.71	1.04E-04
12.71	1.05E-04
12.71	1.05E-04
12.71	1.05E-04
12.71	1.05E-04
12.71	1.06E-04
12.71	1.06E-04
12.71	1.06E-04
12.71	1.06E-04
12.71	1.06E-04
12.71	1.07E-04
12.72	1.07E-04
12.72	1.07E-04
12.72	1.07E-04
12.72	1.08E-04
12.72	1.08E-04
12.72	1.08E-04
12.72	1.08E-04
12.72	1.08E-04
12.72	1.09E-04
12.72	1.09E-04
12.72	1.09E-04
12.72	1.09E-04
12.72	1.10E-04
12.72	1.10E-04
12.72	1.10E-04
12.72	1.10E-04
12.72	1.10E-04
12.72	1.11E-04
12.72	1.11E-04
12.72	1.11E-04
12.73	1.11E-04
12.73	1.12E-04
12.73	1.12E-04
12.73	1.12E-04
12.73	1.12E-04
12.73	1.12E-04
12.73	1.13E-04
12.73	1.13E-04
12.73	1.13E-04
12.73	1.13E-04
12.73	1.14E-04
12.73	1.14E-04
12.73	1.14E-04
12.73	1.14E-04
12.73	1.15E-04
12.73	1.15E-04
12.73	1.15E-04
12.73	1.15E-04
12.73	1.15E-04
12.73	1.16E-04
12.73	1.16E-04
12.74	1.16E-04
12.74	1.16E-04
12.74	1.17E-04
12.74	1.17E-04
12.74	1.17E-04
12.74	1.17E-04
12.74	1.18E-04
12.74	1.18E-04
12.74	1.18E-04
12.74	1.18E-04
12.74	1.19E-04
12.74	1.19E-04
12.74	1.19E-04
12.74	1.19E-04
12.74	1.19E-04
12.74	1.20E-04
12.74	1.20E-04
12.74	1.20E-04
12.74	1.20E-04
12.74	1.21E-04
12.75	1.21E-04
12.75	1.21E-04
12.75	1.21E-04
12.75	1.22E-04
12.75	1.22E-04
12.75	1.22E-04
12.75	1.22E-04
12.75	1.23E-04
12.75	1.23E-04
12.75	1.23E-04
12.75	1.23E-04
12.75	1.24E-04
12.75	1.24E-04
12.75	1.24E-04
12.75	1.24E-04
12.75	1.24E-04
12.75	1.25E-04
12.75	1.25E-04
12.75	1.25E-04
12.76	1.25E-04
12.76	1.26E-04
12.76	1.26E-04
12.76	1.26E-04
12.76	1.26E-04
12.76	1.27E-04
12.76	1.27E-04
12.76	1.27E-04
12.76	1.27E-04
12.76	1.28E-04
12.76	1.28E-04
12.76	1.28E-04
12.76	1.28E-04
12.76	1.29E-04
12.76	1.29E-04
12.76	1.29E-04
12.76	1.29E-04
12.76	1.30E-04
12.76	1.30E-04
12.76	1.30E-04
12.77	1.30E-04
12.77	1.31E-04
12.77	1.31E-04
12.77	1.31E-04
12.77	1.31E-04
12.77	1.32E-04
12.77	1.32E-04
12.77	1.32E-04
12.77	1.32E-04
12.77	1.33E-04
12.77	1.33E-04
12.77	1.33E-04
12.77	1.33E-04
12.77	1.34E-04
12.77	1.34E-04
12.77	1.34E-04
12.77	1.34E-04
12.77	1.35E-04
12.77	1.35E-04
12.77	1.35E-04
12.77	1.35E-04
12.78	1.36E-04
12.78	1.36E-04
12.78	1.36E-04
12.78	1.36E-04
12.78	1.37E-04
12.78	1.37E-04
12.78	1.37E-04
12.78	1.37E-04
12.78	1.38E-04
12.78	1.38E-04
12.78	1.38E-04
12.78	1.38E-04
12.78	1.39E-04
12.78	1.39E-04
12.78	1.39E-04
12.78	1.39E-04
12.78	1.40E-04
12.78	1.40E-04
12.78	1.40E-04
12.78	1.40E-04
12.79	1.41E-04
12.79	1.41E-04
12.79	1.41E-04
12.79	1.42E-04
12.79	1.42E-04
12.79	1.42E-04
12.79	1.42E-04
12.79	1.43E-04
12.79	1.43E-04
12.79	1.43E-04
12.79	1.43E-04
12.79	1.44E-04
12.79	1.44E-04
12.79	1.44E-04
12.79	1.44E-04
12.79	1.45E-04
12.79	1.45E-04
12.79	1.45E-04
12.79	1.45E-04
12.8	1.46E-04
12.8	1.46E-04
12.8	1.46E-04
12.8	1.47E-04
12.8	1.47E-04
12.8	1.47E-04
12.8	1.47E-04
12.8	1.48E-04
12.8	1.48E-04
12.8	1.48E-04
12.8	1.48E-04
12.8	1.49E-04
12.8	1.49E-04
12.8	1.49E-04
12.8	1.49E-04
12.8	1.50E-04
12.8	1.50E-04
12.8	1.50E-04
12.8	1.51E-04
12.8	1.51E-04
12.81	1.51E-04
12.81	1.51E-04
12.81	1.52E-04
12.81	1.52E-04
12.81	1.52E-04
12.81	1.52E-04
12.81	1.53E-04
12.81	1.53E-04
12.81	1.53E-04
12.81	1.53E-04
12.81	1.54E-04
12.81	1.54E-04
12.81	1.54E-04
12.81	1.55E-04
12.81	1.55E-04
12.81	1.55E-04
12.81	1.55E-04
12.81	1.56E-04
12.81	1.56E-04
12.81	1.56E-04
12.81	1.56E-04
12.82	1.57E-04
12.82	1.57E-04
12.82	1.57E-04
12.82	1.58E-04
12.82	1.58E-04
12.82	1.58E-04
12.82	1.58E-04
12.82	1.59E-04
12.82	1.59E-04
12.82	1.59E-04
12.82	1.60E-04
12.82	1.60E-04
12.82	1.60E-04
12.82	1.60E-04
12.82	1.61E-04
12.82	1.61E-04
12.82	1.61E-04
12.82	1.61E-04
12.82	1.62E-04
12.82	1.62E-04
12.83	1.62E-04
12.83	1.63E-04
12.83	1.63E-04
12.83	1.63E-04
12.83	1.63E-04
12.83	1.64E-04
12.83	1.64E-04
12.83	1.64E-04
12.83	1.65E-04
12.83	1.65E-04
12.83	1.65E-04
12.83	1.65E-04
12.83	1.66E-04
12.83	1.66E-04
12.83	1.66E-04
12.83	1.67E-04
12.83	1.67E-04
12.83	1.67E-04
12.83	1.67E-04
12.84	1.68E-04
12.84	1.68E-04
12.84	1.68E-04
12.84	1.69E-04
12.84	1.69E-04
12.84	1.69E-04
12.84	1.69E-04
12.84	1.70E-04
12.84	1.70E-04
12.84	1.70E-04
12.84	1.71E-04
12.84	1.71E-04
12.84	1.71E-04
12.84	1.71E-04
12.84	1.72E-04
12.84	1.72E-04
12.84	1.72E-04
12.84	1.73E-04
12.84	1.73E-04
12.84	1.73E-04
12.85	1.73E-04
12.85	1.74E-04
12.85	1.74E-04
12.85	1.74E-04
12.85	1.75E-04
12.85	1.75E-04
12.85	1.75E-04
12.85	1.75E-04
12.85	1.76E-04
12.85	1.76E-04
12.85	1.76E-04
12.85	1.77E-04
12.85	1.77E-04
12.85	1.77E-04
12.85	1.78E-04
12.85	1.78E-04
12.85	1.78E-04
12.85	1.78E-04
12.85	1.79E-04
12.85	1.79E-04
12.85	1.79E-04
12.86	1.80E-04
12.86	1.80E-04
12.86	1.80E-04
12.86	1.80E-04
12.86	1.81E-04
12.86	1.81E-04
12.86	1.81E-04
12.86	1.82E-04
12.86	1.82E-04
12.86	1.82E-04
12.86	1.83E-04
12.86	1.83E-04
12.86	1.83E-04
12.86	1.83E-04
12.86	1.84E-04
12.86	1.84E-04
12.86	1.84E-04
12.86	1.85E-04
12.86	1.85E-04
12.86	1.85E-04
12.87	1.86E-04
12.87	1.86E-04
12.87	1.86E-04
12.87	1.86E-04
12.87	1.87E-04
12.87	1.87E-04
12.87	1.87E-04
12.87	1.88E-04
12.87	1.88E-04
12.87	1.88E-04
12.87	1.89E-04
12.87	1.89E-04
12.87	1.89E-04
12.87	1.90E-04
12.87	1.90E-04
12.87	1.90E-04
12.87	1.90E-04
12.87	1.91E-04
12.87	1.91E-04
12.88	1.91E-04
12.88	1.92E-04
12.88	1.92E-04
12.88	1.92E-04
12.88	1.93E-04
12.88	1.93E-04
12.88	1.93E-04
12.88	1.94E-04
12.88	1.94E-04
12.88	1.94E-04
12.88	1.94E-04
12.88	1.95E-04
12.88	1.95E-04
12.88	1.95E-04
12.88	1.96E-04
12.88	1.96E-04
12.88	1.96E-04
12.88	1.97E-04
12.88	1.97E-04
12.88	1.97E-04
12.89	1.98E-04
12.89	1.98E-04
12.89	1.98E-04
12.89	1.98E-04
12.89	1.99E-04
12.89	1.99E-04
12.89	1.99E-04
12.89	2.00E-04
12.89	2.00E-04
12.89	2.00E-04
12.89	2.01E-04
12.89	2.01E-04
12.89	2.01E-04
12.89	2.02E-04
12.89	2.02E-04
12.89	2.02E-04
12.89	2.03E-04
12.89	2.03E-04
12.89	2.03E-04
12.89	2.04E-04
12.9	2.04E-04
12.9	2.04E-04
12.9	2.04E-04
12.9	2.05E-04
12.9	2.05E-04
12.9	2.05E-04
12.9	2.06E-04
12.9	2.06E-04
12.9	2.06E-04
12.9	2.07E-04
12.9	2.07E-04
12.9	2.07E-04
12.9	2.08E-04
12.9	2.08E-04
12.9	2.08E-04
12.9	2.09E-04
12.9	2.09E-04
12.9	2.09E-04
12.9	2.10E-04
12.9	2.10E-04
12.9	2.10E-04
12.91	2.11E-04
12.91	2.11E-04
12.91	2.11E-04
12.91	2.12E-04
12.91	2.12E-04
12.91	2.12E-04
12.91	2.13E-04
12.91	2.13E-04
12.91	2.13E-04
12.91	2.14E-04
12.91	2.14E-04
12.91	2.14E-04
12.91	2.14E-04
12.91	2.15E-04
12.91	2.15E-04
12.91	2.15E-04
12.91	2.16E-04
12.91	2.16E-04
12.91	2.16E-04
12.91	2.17E-04
12.92	2.17E-04
12.92	2.17E-04
12.92	2.18E-04
12.92	2.18E-04
12.92	2.18E-04
12.92	2.19E-04
12.92	2.19E-04
12.92	2.19E-04
12.92	2.20E-04
12.92	2.20E-04
12.92	2.20E-04
12.92	2.21E-04
12.92	2.21E-04
12.92	2.21E-04
12.92	2.22E-04
12.92	2.22E-04
12.92	2.22E-04
12.92	2.23E-04
12.92	2.23E-04
12.93	2.23E-04
12.93	2.24E-04
12.93	2.24E-04
12.93	2.24E-04
12.93	2.25E-04
12.93	2.25E-04
12.93	2.25E-04
12.93	2.26E-04
12.93	2.26E-04
12.93	2.26E-04
12.93	2.27E-04
12.93	2.27E-04
12.93	2.27E-04
12.93	2.28E-04
12.93	2.28E-04
12.93	2.28E-04
12.93	2.29E-04
12.93	2.29E-04
12.93	2.29E-04
12.93	2.30E-04
12.94	2.30E-04
12.94	2.31E-04
12.94	2.31E-04
12.94	2.31E-04
12.94	2.32E-04
12.94	2.32E-04
12.94	2.32E-04
12.94	2.33E-04
12.94	2.33E-04
12.94	2.33E-04
12.94	2.34E-04
12.94	2.34E-04
12.94	2.34E-04
12.94	2.35E-04
12.94	2.35E-04
12.94	2.35E-04
12.94	2.36E-04
12.94	2.36E-04
12.94	2.36E-04
12.94	2.37E-04
12.94	2.37E-04
12.95	2.37E-04
12.95	2.38E-04
12.95	2.38E-04
12.95	2.38E-04
12.95	2.39E-04
12.95	2.39E-04
12.95	2.39E-04
12.95	2.40E-04
12.95	2.40E-04
12.95	2.40E-04
12.95	2.41E-04
12.95	2.41E-04
12.95	2.42E-04
12.95	2.42E-04
12.95	2.42E-04
12.95	2.43E-04
12.95	2.43E-04
12.95	2.43E-04
12.95	2.44E-04
12.95	2.44E-04
12.96	2.44E-04
12.96	2.45E-04
12.96	2.45E-04
12.96	2.45E-04
12.96	2.46E-04
12.96	2.46E-04
12.96	2.46E-04
12.96	2.47E-04
12.96	2.47E-04
12.96	2.48E-04
12.96	2.48E-04
12.96	2.48E-04
12.96	2.49E-04
12.96	2.49E-04
12.96	2.49E-04
12.96	2.50E-04
12.96	2.50E-04
12.96	2.50E-04
12.96	2.51E-04
12.97	2.51E-04
12.97	2.51E-04
12.97	2.52E-04
12.97	2.52E-04
12.97	2.52E-04
12.97	2.53E-04
12.97	2.53E-04
12.97	2.54E-04
12.97	2.54E-04
12.97	2.54E-04
12.97	2.55E-04
12.97	2.55E-04
12.97	2.55E-04
12.97	2.56E-04
12.97	2.56E-04
12.97	2.56E-04
12.97	2.57E-04
12.97	2.57E-04
12.97	2.58E-04
12.97	2.58E-04
12.98	2.58E-04
12.98	2.59E-04
12.98	2.59E-04
12.98	2.59E-04
12.98	2.60E-04
12.98	2.60E-04
12.98	2.60E-04
12.98	2.61E-04
12.98	2.61E-04
12.98	2.62E-04
12.98	2.62E-04
12.98	2.62E-04
12.98	2.63E-04
12.98	2.63E-04
12.98	2.63E-04
12.98	2.64E-04
12.98	2.64E-04
12.98	2.64E-04
12.98	2.65E-04
12.98	2.65E-04
12.98	2.66E-04
12.99	2.66E-04
12.99	2.66E-04
12.99	2.67E-04
12.99	2.67E-04
12.99	2.67E-04
12.99	2.68E-04
12.99	2.68E-04
12.99	2.68E-04
12.99	2.69E-04
12.99	2.69E-04
12.99	2.70E-04
12.99	2.70E-04
12.99	2.70E-04
12.99	2.71E-04
12.99	2.71E-04
12.99	2.71E-04
12.99	2.72E-04
12.99	2.72E-04
12.99	2.73E-04
12.99	2.73E-04
13	2.73E-04
13	2.74E-04
13	2.74E-04
13	2.74E-04
13	2.75E-04
13	2.75E-04
13	2.76E-04
13	2.76E-04
13	2.76E-04
13	2.77E-04
13	2.77E-04
13	2.77E-04
13	2.78E-04
13	2.78E-04
13	2.79E-04
13	2.79E-04
13	2.79E-04
13	2.80E-04
13	2.80E-04
13.01	2.80E-04
13.01	2.81E-04
13.01	2.81E-04
13.01	2.82E-04
13.01	2.82E-04
13.01	2.82E-04
13.01	2.83E-04
13.01	2.83E-04
13.01	2.84E-04
13.01	2.84E-04
13.01	2.84E-04
13.01	2.85E-04
13.01	2.85E-04
13.01	2.85E-04
13.01	2.86E-04
13.01	2.86E-04
13.01	2.87E-04
13.01	2.87E-04
13.01	2.87E-04
13.01	2.88E-04
13.02	2.88E-04
13.02	2.88E-04
13.02	2.89E-04
13.02	2.89E-04
13.02	2.90E-04
13.02	2.90E-04
13.02	2.90E-04
13.02	2.91E-04
13.02	2.91E-04
13.02	2.92E-04
13.02	2.92E-04
13.02	2.92E-04
13.02	2.93E-04
13.02	2.93E-04
13.02	2.94E-04
13.02	2.94E-04
13.02	2.94E-04
13.02	2.95E-04
13.02	2.95E-04
13.02	2.95E-04
13.02	2.96E-04
13.03	2.96E-04
13.03	2.97E-04
13.03	2.97E-04
13.03	2.97E-04
13.03	2.98E-04
13.03	2.98E-04
13.03	2.99E-04
13.03	2.99E-04
13.03	2.99E-04
13.03	3.00E-04
13.03	3.00E-04
13.03	3.01E-04
13.03	3.01E-04
13.03	3.01E-04
13.03	3.02E-04
13.03	3.02E-04
13.03	3.03E-04
13.03	3.03E-04
13.03	3.03E-04
13.03	3.04E-04
13.04	3.04E-04
13.04	3.05E-04
13.04	3.05E-04
13.04	3.05E-04
13.04	3.06E-04
13.04	3.06E-04
13.04	3.07E-04
13.04	3.07E-04
13.04	3.07E-04
13.04	3.08E-04
13.04	3.08E-04
13.04	3.08E-04
13.04	3.09E-04
13.04	3.09E-04
13.04	3.10E-04
13.04	3.10E-04
13.04	3.10E-04
13.04	3.11E-04
13.04	3.11E-04
13.05	3.12E-04
13.05	3.12E-04
13.05	3.13E-04
13.05	3.13E-04
13.05	3.13E-04
13.05	3.14E-04
13.05	3.14E-04
13.05	3.15E-04
13.05	3.15E-04
13.05	3.15E-04
13.05	3.16E-04
13.05	3.16E-04
13.05	3.17E-04
13.05	3.17E-04
13.05	3.17E-04
13.05	3.18E-04
13.05	3.18E-04
13.05	3.19E-04
13.05	3.19E-04
13.05	3.19E-04
13.06	3.20E-04
13.06	3.20E-04
13.06	3.21E-04
13.06	3.21E-04
13.06	3.21E-04
13.06	3.22E-04
13.06	3.22E-04
13.06	3.23E-04
13.06	3.23E-04
13.06	3.23E-04
13.06	3.24E-04
13.06	3.24E-04
13.06	3.25E-04
13.06	3.25E-04
13.06	3.26E-04
13.06	3.26E-04
13.06	3.26E-04
13.06	3.27E-04
13.06	3.27E-04
13.06	3.28E-04
13.06	3.28E-04
13.07	3.28E-04
13.07	3.29E-04
13.07	3.29E-04
13.07	3.30E-04
13.07	3.30E-04
13.07	3.30E-04
13.07	3.31E-04
13.07	3.31E-04
13.07	3.32E-04
13.07	3.32E-04
13.07	3.33E-04
13.07	3.33E-04
13.07	3.33E-04
13.07	3.34E-04
13.07	3.34E-04
13.07	3.35E-04
13.07	3.35E-04
13.07	3.35E-04
13.07	3.36E-04
13.07	3.36E-04
13.08	3.37E-04
13.08	3.37E-04
13.08	3.38E-04
13.08	3.38E-04
13.08	3.38E-04
13.08	3.39E-04
13.08	3.39E-04
13.08	3.40E-04
13.08	3.40E-04
13.08	3.41E-04
13.08	3.41E-04
13.08	3.41E-04
13.08	3.42E-04
13.08	3.42E-04
13.08	3.43E-04
13.08	3.43E-04
13.08	3.43E-04
13.08	3.44E-04
13.08	3.44E-04
13.09	3.45E-04
13.09	3.45E-04
13.09	3.46E-04
13.09	3.46E-04
13.09	3.46E-04
13.09	3.47E-04
13.09	3.47E-04
13.09	3.48E-04
13.09	3.48E-04
13.09	3.49E-04
13.09	3.49E-04
13.09	3.49E-04
13.09	3.50E-04
13.09	3.50E-04
13.09	3.51E-04
13.09	3.51E-04
13.09	3.52E-04
13.09	3.52E-04
13.09	3.52E-04
13.09	3.53E-04
13.1	3.53E-04
13.1	3.54E-04
13.1	3.54E-04
13.1	3.55E-04
13.1	3.55E-04
13.1	3.55E-04
13.1	3.56E-04
13.1	3.56E-04
13.1	3.57E-04
13.1	3.57E-04
13.1	3.58E-04
13.1	3.58E-04
13.1	3.58E-04
13.1	3.59E-04
13.1	3.59E-04
13.1	3.60E-04
13.1	3.60E-04
13.1	3.61E-04
13.1	3.61E-04
13.1	3.62E-04
13.1	3.62E-04
13.11	3.62E-04
13.11	3.63E-04
13.11	3.63E-04
13.11	3.64E-04
13.11	3.64E-04
13.11	3.65E-04
13.11	3.65E-04
13.11	3.65E-04
13.11	3.66E-04
13.11	3.66E-04
13.11	3.67E-04
13.11	3.67E-04
13.11	3.68E-04
13.11	3.68E-04
13.11	3.69E-04
13.11	3.69E-04
13.11	3.69E-04
13.11	3.70E-04
13.11	3.70E-04
13.11	3.71E-04
13.12	3.71E-04
13.12	3.72E-04
13.12	3.72E-04
13.12	3.73E-04
13.12	3.73E-04
13.12	3.73E-04
13.12	3.74E-04
13.12	3.74E-04
13.12	3.75E-04
13.12	3.75E-04
13.12	3.76E-04
13.12	3.76E-04
13.12	3.77E-04
13.12	3.77E-04
13.12	3.77E-04
13.12	3.78E-04
13.12	3.78E-04
13.12	3.79E-04
13.12	3.79E-04
13.12	3.80E-04
13.13	3.80E-04
13.13	3.81E-04
13.13	3.81E-04
13.13	3.81E-04
13.13	3.82E-04
13.13	3.82E-04
13.13	3.83E-04
13.13	3.83E-04
13.13	3.84E-04
13.13	3.84E-04
13.13	3.85E-04
13.13	3.85E-04
13.13	3.85E-04
13.13	3.86E-04
13.13	3.86E-04
13.13	3.87E-04
13.13	3.87E-04
13.13	3.88E-04
13.13	3.88E-04
13.14	3.89E-04
13.14	3.89E-04
13.14	3.90E-04
13.14	3.90E-04
13.14	3.90E-04
13.14	3.91E-04
13.14	3.91E-04
13.14	3.92E-04
13.14	3.92E-04
13.14	3.93E-04
13.14	3.93E-04
13.14	3.94E-04
13.14	3.94E-04
13.14	3.95E-04
13.14	3.95E-04
13.14	3.95E-04
13.14	3.96E-04
13.14	3.96E-04
13.14	3.97E-04
13.14	3.97E-04
13.15	3.98E-04
13.15	3.98E-04
13.15	3.99E-04
13.15	3.99E-04
13.15	4.00E-04
13.15	4.00E-04
13.15	4.01E-04
13.15	4.01E-04
13.15	4.01E-04
13.15	4.02E-04
13.15	4.02E-04
13.15	4.03E-04
13.15	4.03E-04
13.15	4.04E-04
13.15	4.04E-04
13.15	4.05E-04
13.15	4.05E-04
13.15	4.06E-04
13.15	4.06E-04
13.15	4.07E-04
13.15	4.07E-04
13.16	4.07E-04
13.16	4.08E-04
13.16	4.08E-04
13.16	4.09E-04
13.16	4.09E-04
13.16	4.10E-04
13.16	4.10E-04
13.16	4.11E-04
13.16	4.11E-04
13.16	4.12E-04
13.16	4.12E-04
13.16	4.13E-04
13.16	4.13E-04
13.16	4.14E-04
13.16	4.14E-04
13.16	4.15E-04
13.16	4.15E-04
13.16	4.15E-04
13.16	4.16E-04
13.16	4.16E-04
13.17	4.17E-04
13.17	4.17E-04
13.17	4.18E-04
13.17	4.18E-04
13.17	4.19E-04
13.17	4.19E-04
13.17	4.20E-04
13.17	4.20E-04
13.17	4.21E-04
13.17	4.21E-04
13.17	4.22E-04
13.17	4.22E-04
13.17	4.23E-04
13.17	4.23E-04
13.17	4.23E-04
13.17	4.24E-04
13.17	4.24E-04
13.17	4.25E-04
13.17	4.25E-04
13.18	4.26E-04
13.18	4.26E-04
13.18	4.27E-04
13.18	4.27E-04
13.18	4.28E-04
13.18	4.28E-04
13.18	4.29E-04
13.18	4.29E-04
13.18	4.30E-04
13.18	4.30E-04
13.18	4.31E-04
13.18	4.31E-04
13.18	4.32E-04
13.18	4.32E-04
13.18	4.33E-04
13.18	4.33E-04
13.18	4.34E-04
13.18	4.34E-04
13.18	4.35E-04
13.18	4.35E-04
13.19	4.35E-04
13.19	4.36E-04
13.19	4.36E-04
13.19	4.37E-04
13.19	4.37E-04
13.19	4.38E-04
13.19	4.38E-04
13.19	4.39E-04
13.19	4.39E-04
13.19	4.40E-04
13.19	4.40E-04
13.19	4.41E-04
13.19	4.41E-04
13.19	4.42E-04
13.19	4.42E-04
13.19	4.43E-04
13.19	4.43E-04
13.19	4.44E-04
13.19	4.44E-04
13.19	4.45E-04
13.19	4.45E-04
13.2	4.46E-04
13.2	4.46E-04
13.2	4.47E-04
13.2	4.47E-04
13.2	4.48E-04
13.2	4.48E-04
13.2	4.49E-04
13.2	4.49E-04
13.2	4.50E-04
13.2	4.50E-04
13.2	4.51E-04
13.2	4.51E-04
13.2	4.52E-04
13.2	4.52E-04
13.2	4.53E-04
13.2	4.53E-04
13.2	4.54E-04
13.2	4.54E-04
13.2	4.55E-04
13.2	4.55E-04
13.21	4.56E-04
13.21	4.56E-04
13.21	4.56E-04
13.21	4.57E-04
13.21	4.57E-04
13.21	4.58E-04
13.21	4.58E-04
13.21	4.59E-04
13.21	4.59E-04
13.21	4.60E-04
13.21	4.60E-04
13.21	4.61E-04
13.21	4.61E-04
13.21	4.62E-04
13.21	4.62E-04
13.21	4.63E-04
13.21	4.63E-04
13.21	4.64E-04
13.21	4.64E-04
13.22	4.65E-04
13.22	4.65E-04
13.22	4.66E-04
13.22	4.66E-04
13.22	4.67E-04
13.22	4.67E-04
13.22	4.68E-04
13.22	4.68E-04
13.22	4.69E-04
13.22	4.69E-04
13.22	4.70E-04
13.22	4.70E-04
13.22	4.71E-04
13.22	4.71E-04
13.22	4.72E-04
13.22	4.72E-04
13.22	4.73E-04
13.22	4.74E-04
13.22	4.74E-04
13.22	4.75E-04
13.23	4.75E-04
13.23	4.76E-04
13.23	4.76E-04
13.23	4.77E-04
13.23	4.77E-04
13.23	4.78E-04
13.23	4.78E-04
13.23	4.79E-04
13.23	4.79E-04
13.23	4.80E-04
13.23	4.80E-04
13.23	4.81E-04
13.23	4.81E-04
13.23	4.82E-04
13.23	4.82E-04
13.23	4.83E-04
13.23	4.83E-04
13.23	4.84E-04
13.23	4.84E-04
13.23	4.85E-04
13.23	4.85E-04
13.24	4.86E-04
13.24	4.86E-04
13.24	4.87E-04
13.24	4.87E-04
13.24	4.88E-04
13.24	4.88E-04
13.24	4.89E-04
13.24	4.89E-04
13.24	4.90E-04
13.24	4.90E-04
13.24	4.91E-04
13.24	4.91E-04
13.24	4.92E-04
13.24	4.92E-04
13.24	4.93E-04
13.24	4.93E-04
13.24	4.94E-04
13.24	4.94E-04
13.24	4.95E-04
13.24	4.96E-04
13.25	4.96E-04
13.25	4.97E-04
13.25	4.97E-04
13.25	4.98E-04
13.25	4.98E-04
13.25	4.99E-04
13.25	4.99E-04
13.25	5.00E-04
13.25	5.00E-04
13.25	5.01E-04
13.25	5.01E-04
13.25	5.02E-04
13.25	5.02E-04
13.25	5.03E-04
13.25	5.03E-04
13.25	5.04E-04
13.25	5.04E-04
13.25	5.05E-04
13.25	5.05E-04
13.26	5.06E-04
13.26	5.06E-04
13.26	5.07E-04
13.26	5.08E-04
13.26	5.08E-04
13.26	5.09E-04
13.26	5.09E-04
13.26	5.10E-04
13.26	5.10E-04
13.26	5.11E-04
13.26	5.11E-04
13.26	5.12E-04
13.26	5.12E-04
13.26	5.13E-04
13.26	5.13E-04
13.26	5.14E-04
13.26	5.14E-04
13.26	5.15E-04
13.26	5.15E-04
13.26	5.16E-04
13.27	5.16E-04
13.27	5.17E-04
13.27	5.18E-04
13.27	5.18E-04
13.27	5.19E-04
13.27	5.19E-04
13.27	5.20E-04
13.27	5.20E-04
13.27	5.21E-04
13.27	5.21E-04
13.27	5.22E-04
13.27	5.22E-04
13.27	5.23E-04
13.27	5.23E-04
13.27	5.24E-04
13.27	5.24E-04
13.27	5.25E-04
13.27	5.26E-04
13.27	5.26E-04
13.27	5.27E-04
13.27	5.27E-04
13.28	5.28E-04
13.28	5.28E-04
13.28	5.29E-04
13.28	5.29E-04
13.28	5.30E-04
13.28	5.30E-04
13.28	5.31E-04
13.28	5.31E-04
13.28	5.32E-04
13.28	5.33E-04
13.28	5.33E-04
13.28	5.34E-04
13.28	5.34E-04
13.28	5.35E-04
13.28	5.35E-04
13.28	5.36E-04
13.28	5.36E-04
13.28	5.37E-04
13.28	5.37E-04
13.28	5.38E-04
13.29	5.38E-04
13.29	5.39E-04
13.29	5.40E-04
13.29	5.40E-04
13.29	5.41E-04
13.29	5.41E-04
13.29	5.42E-04
13.29	5.42E-04
13.29	5.43E-04
13.29	5.43E-04
13.29	5.44E-04
13.29	5.44E-04
13.29	5.45E-04
13.29	5.46E-04
13.29	5.46E-04
13.29	5.47E-04
13.29	5.47E-04
13.29	5.48E-04
13.29	5.48E-04
13.3	5.49E-04
13.3	5.49E-04
13.3	5.50E-04
13.3	5.50E-04
13.3	5.51E-04
13.3	5.52E-04
13.3	5.52E-04
13.3	5.53E-04
13.3	5.53E-04
13.3	5.54E-04
13.3	5.54E-04
13.3	5.55E-04
13.3	5.55E-04
13.3	5.56E-04
13.3	5.57E-04
13.3	5.57E-04
13.3	5.58E-04
13.3	5.58E-04
13.3	5.59E-04
13.3	5.59E-04
13.31	5.60E-04
13.31	5.60E-04
13.31	5.61E-04
13.31	5.61E-04
13.31	5.62E-04
13.31	5.63E-04
13.31	5.63E-04
13.31	5.64E-04
13.31	5.64E-04
13.31	5.65E-04
13.31	5.65E-04
13.31	5.66E-04
13.31	5.66E-04
13.31	5.67E-04
13.31	5.68E-04
13.31	5.68E-04
13.31	5.69E-04
13.31	5.69E-04
13.31	5.70E-04
13.31	5.70E-04
13.31	5.71E-04
13.32	5.72E-04
13.32	5.72E-04
13.32	5.73E-04
13.32	5.73E-04
13.32	5.74E-04
13.32	5.74E-04
13.32	5.75E-04
13.32	5.75E-04
13.32	5.76E-04
13.32	5.77E-04
13.32	5.77E-04
13.32	5.78E-04
13.32	5.78E-04
13.32	5.79E-04
13.32	5.79E-04
13.32	5.80E-04
13.32	5.81E-04
13.32	5.81E-04
13.32	5.82E-04
13.32	5.82E-04
13.33	5.83E-04
13.33	5.83E-04
13.33	5.84E-04
13.33	5.84E-04
13.33	5.85E-04
13.33	5.86E-04
13.33	5.86E-04
13.33	5.87E-04
13.33	5.87E-04
13.33	5.88E-04
13.33	5.88E-04
13.33	5.89E-04
13.33	5.90E-04
13.33	5.90E-04
13.33	5.91E-04
13.33	5.91E-04
13.33	5.92E-04
13.33	5.92E-04
13.33	5.93E-04
13.34	5.94E-04
13.34	5.94E-04
13.34	5.95E-04
13.34	5.95E-04
13.34	5.96E-04
13.34	5.96E-04
13.34	5.97E-04
13.34	5.98E-04
13.34	5.98E-04
13.34	5.99E-04
13.34	5.99E-04
13.34	6.00E-04
13.34	6.00E-04
13.34	6.01E-04
13.34	6.02E-04
13.34	6.02E-04
13.34	6.03E-04
13.34	6.03E-04
13.34	6.04E-04
13.34	6.05E-04
13.35	6.05E-04
13.35	6.06E-04
13.35	6.06E-04
13.35	6.07E-04
13.35	6.07E-04
13.35	6.08E-04
13.35	6.09E-04
13.35	6.09E-04
13.35	6.10E-04
13.35	6.10E-04
13.35	6.11E-04
13.35	6.11E-04
13.35	6.12E-04
13.35	6.13E-04
13.35	6.13E-04
13.35	6.14E-04
13.35	6.14E-04
13.35	6.15E-04
13.35	6.16E-04
13.35	6.16E-04
13.35	6.17E-04
13.36	6.17E-04
13.36	6.18E-04
13.36	6.18E-04
13.36	6.19E-04
13.36	6.20E-04
13.36	6.20E-04
13.36	6.21E-04
13.36	6.21E-04
13.36	6.22E-04
13.36	6.23E-04
13.36	6.23E-04
13.36	6.24E-04
13.36	6.24E-04
13.36	6.25E-04
13.36	6.25E-04
13.36	6.26E-04
13.36	6.27E-04
13.36	6.27E-04
13.36	6.28E-04
13.36	6.28E-04
13.37	6.29E-04
13.37	6.30E-04
13.37	6.30E-04
13.37	6.31E-04
13.37	6.31E-04
13.37	6.32E-04
13.37	6.33E-04
13.37	6.33E-04
13.37	6.34E-04
13.37	6.34E-04
13.37	6.35E-04
13.37	6.36E-04
13.37	6.36E-04
13.37	6.37E-04
13.37	6.37E-04
13.37	6.38E-04
13.37	6.39E-04
13.37	6.39E-04
13.37	6.40E-04
13.38	6.40E-04
13.38	6.41E-04
13.38	6.41E-04
13.38	6.42E-04
13.38	6.43E-04
13.38	6.43E-04
13.38	6.44E-04
13.38	6.44E-04
13.38	6.45E-04
13.38	6.46E-04
13.38	6.46E-04
13.38	6.47E-04
13.38	6.47E-04
13.38	6.48E-04
13.38	6.49E-04
13.38	6.49E-04
13.38	6.50E-04
13.38	6.50E-04
13.38	6.51E-04
13.38	6.52E-04
13.39	6.52E-04
13.39	6.53E-04
13.39	6.53E-04
13.39	6.54E-04
13.39	6.55E-04
13.39	6.55E-04
13.39	6.56E-04
13.39	6.56E-04
13.39	6.57E-04
13.39	6.58E-04
13.39	6.58E-04
13.39	6.59E-04
13.39	6.60E-04
13.39	6.60E-04
13.39	6.61E-04
13.39	6.61E-04
13.39	6.62E-04
13.39	6.63E-04
13.39	6.63E-04
13.39	6.64E-04
13.4	6.64E-04
13.4	6.65E-04
13.4	6.66E-04
13.4	6.66E-04
13.4	6.67E-04
13.4	6.67E-04
13.4	6.68E-04
13.4	6.69E-04
13.4	6.69E-04
13.4	6.70E-04
13.4	6.70E-04
13.4	6.71E-04
13.4	6.72E-04
13.4	6.72E-04
13.4	6.73E-04
13.4	6.74E-04
13.4	6.74E-04
13.4	6.75E-04
13.4	6.75E-04
13.4	6.76E-04
13.4	6.77E-04
13.41	6.77E-04
13.41	6.78E-04
13.41	6.78E-04
13.41	6.79E-04
13.41	6.80E-04
13.41	6.80E-04
13.41	6.81E-04
13.41	6.82E-04
13.41	6.82E-04
13.41	6.83E-04
13.41	6.83E-04
13.41	6.84E-04
13.41	6.85E-04
13.41	6.85E-04
13.41	6.86E-04
13.41	6.86E-04
13.41	6.87E-04
13.41	6.88E-04
13.41	6.88E-04
13.41	6.89E-04
13.42	6.90E-04
13.42	6.90E-04
13.42	6.91E-04
13.42	6.91E-04
13.42	6.92E-04
13.42	6.93E-04
13.42	6.93E-04
13.42	6.94E-04
13.42	6.95E-04
13.42	6.95E-04
13.42	6.96E-04
13.42	6.96E-04
13.42	6.97E-04
13.42	6.98E-04
13.42	6.98E-04
13.42	6.99E-04
13.42	7.00E-04
13.42	7.00E-04
13.42	7.01E-04
13.43	7.01E-04
13.43	7.02E-04
13.43	7.03E-04
13.43	7.03E-04
13.43	7.04E-04
13.43	7.05E-04
13.43	7.05E-04
13.43	7.06E-04
13.43	7.06E-04
13.43	7.07E-04
13.43	7.08E-04
13.43	7.08E-04
13.43	7.09E-04
13.43	7.10E-04
13.43	7.10E-04
13.43	7.11E-04
13.43	7.11E-04
13.43	7.12E-04
13.43	7.13E-04
13.43	7.13E-04
13.44	7.14E-04
13.44	7.15E-04
13.44	7.15E-04
13.44	7.16E-04
13.44	7.16E-04
13.44	7.17E-04
13.44	7.18E-04
13.44	7.18E-04
13.44	7.19E-04
13.44	7.20E-04
13.44	7.20E-04
13.44	7.21E-04
13.44	7.22E-04
13.44	7.22E-04
13.44	7.23E-04
13.44	7.23E-04
13.44	7.24E-04
13.44	7.25E-04
13.44	7.25E-04
13.44	7.26E-04
13.44	7.27E-04
13.45	7.27E-04
13.45	7.28E-04
13.45	7.29E-04
13.45	7.29E-04
13.45	7.30E-04
13.45	7.31E-04
13.45	7.31E-04
13.45	7.32E-04
13.45	7.32E-04
13.45	7.33E-04
13.45	7.34E-04
13.45	7.34E-04
13.45	7.35E-04
13.45	7.36E-04
13.45	7.36E-04
13.45	7.37E-04
13.45	7.38E-04
13.45	7.38E-04
13.45	7.39E-04
13.45	7.39E-04
13.46	7.40E-04
13.46	7.41E-04
13.46	7.41E-04
13.46	7.42E-04
13.46	7.43E-04
13.46	7.43E-04
13.46	7.44E-04
13.46	7.45E-04
13.46	7.45E-04
13.46	7.46E-04
13.46	7.47E-04
13.46	7.47E-04
13.46	7.48E-04
13.46	7.49E-04
13.46	7.49E-04
13.46	7.50E-04
13.46	7.50E-04
13.46	7.51E-04
13.46	7.52E-04
13.47	7.52E-04
13.47	7.53E-04
13.47	7.54E-04
13.47	7.54E-04
13.47	7.55E-04
13.47	7.56E-04
13.47	7.56E-04
13.47	7.57E-04
13.47	7.58E-04
13.47	7.58E-04
13.47	7.59E-04
13.47	7.60E-04
13.47	7.60E-04
13.47	7.61E-04
13.47	7.62E-04
13.47	7.62E-04
13.47	7.63E-04
13.47	7.64E-04
13.47	7.64E-04
13.47	7.65E-04
13.48	7.66E-04
13.48	7.66E-04
13.48	7.67E-04
13.48	7.67E-04
13.48	7.68E-04
13.48	7.69E-04
13.48	7.69E-04
13.48	7.70E-04
13.48	7.71E-04
13.48	7.71E-04
13.48	7.72E-04
13.48	7.73E-04
13.48	7.73E-04
13.48	7.74E-04
13.48	7.75E-04
13.48	7.75E-04
13.48	7.76E-04
13.48	7.77E-04
13.48	7.77E-04
13.48	7.78E-04
13.48	7.79E-04
13.49	7.79E-04
13.49	7.80E-04
13.49	7.81E-04
13.49	7.81E-04
13.49	7.82E-04
13.49	7.83E-04
13.49	7.83E-04
13.49	7.84E-04
13.49	7.85E-04
13.49	7.85E-04
13.49	7.86E-04
13.49	7.87E-04
13.49	7.87E-04
13.49	7.88E-04
13.49	7.89E-04
13.49	7.89E-04
13.49	7.90E-04
13.49	7.91E-04
13.49	7.91E-04
13.49	7.92E-04
13.5	7.93E-04
13.5	7.93E-04
13.5	7.94E-04
13.5	7.95E-04
13.5	7.95E-04
13.5	7.96E-04
13.5	7.97E-04
13.5	7.97E-04
13.5	7.98E-04
13.5	7.99E-04
13.5	7.99E-04
13.5	8.00E-04
13.5	8.01E-04
13.5	8.01E-04
13.5	8.02E-04
13.5	8.03E-04
13.5	8.03E-04
13.5	8.04E-04
13.5	8.05E-04
13.51	8.05E-04
13.51	8.06E-04
13.51	8.07E-04
13.51	8.07E-04
13.51	8.08E-04
13.51	8.09E-04
13.51	8.10E-04
13.51	8.10E-04
13.51	8.11E-04
13.51	8.12E-04
13.51	8.12E-04
13.51	8.13E-04
13.51	8.14E-04
13.51	8.14E-04
13.51	8.15E-04
13.51	8.16E-04
13.51	8.16E-04
13.51	8.17E-04
13.51	8.18E-04
13.51	8.18E-04
13.52	8.19E-04
13.52	8.20E-04
13.52	8.20E-04
13.52	8.21E-04
13.52	8.22E-04
13.52	8.22E-04
13.52	8.23E-04
13.52	8.24E-04
13.52	8.24E-04
13.52	8.25E-04
13.52	8.26E-04
13.52	8.27E-04
13.52	8.27E-04
13.52	8.28E-04
13.52	8.29E-04
13.52	8.29E-04
13.52	8.30E-04
13.52	8.31E-04
13.52	8.31E-04
13.52	8.32E-04
13.52	8.33E-04
13.53	8.33E-04
13.53	8.34E-04
13.53	8.35E-04
13.53	8.35E-04
13.53	8.36E-04
13.53	8.37E-04
13.53	8.38E-04
13.53	8.38E-04
13.53	8.39E-04
13.53	8.40E-04
13.53	8.40E-04
13.53	8.41E-04
13.53	8.42E-04
13.53	8.42E-04
13.53	8.43E-04
13.53	8.44E-04
13.53	8.44E-04
13.53	8.45E-04
13.53	8.46E-04
13.53	8.46E-04
13.54	8.47E-04
13.54	8.48E-04
13.54	8.49E-04
13.54	8.49E-04
13.54	8.50E-04
13.54	8.51E-04
13.54	8.51E-04
13.54	8.52E-04
13.54	8.53E-04
13.54	8.53E-04
13.54	8.54E-04
13.54	8.55E-04
13.54	8.56E-04
13.54	8.56E-04
13.54	8.57E-04
13.54	8.58E-04
13.54	8.58E-04
13.54	8.59E-04
13.54	8.60E-04
13.55	8.60E-04
13.55	8.61E-04
13.55	8.62E-04
13.55	8.63E-04
13.55	8.63E-04
13.55	8.64E-04
13.55	8.65E-04
13.55	8.65E-04
13.55	8.66E-04
13.55	8.67E-04
13.55	8.67E-04
13.55	8.68E-04
13.55	8.69E-04
13.55	8.70E-04
13.55	8.70E-04
13.55	8.71E-04
13.55	8.72E-04
13.55	8.72E-04
13.55	8.73E-04
13.55	8.74E-04
13.56	8.74E-04
13.56	8.75E-04
13.56	8.76E-04
13.56	8.77E-04
13.56	8.77E-04
13.56	8.78E-04
13.56	8.79E-04
13.56	8.79E-04
13.56	8.80E-04
13.56	8.81E-04
13.56	8.82E-04
13.56	8.82E-04
13.56	8.83E-04
13.56	8.84E-04
13.56	8.84E-04
13.56	8.85E-04
13.56	8.86E-04
13.56	8.87E-04
13.56	8.87E-04
13.56	8.88E-04
13.56	8.89E-04
13.57	8.89E-04
13.57	8.90E-04
13.57	8.91E-04
13.57	8.91E-04
13.57	8.92E-04
13.57	8.93E-04
13.57	8.94E-04
13.57	8.94E-04
13.57	8.95E-04
13.57	8.96E-04
13.57	8.96E-04
13.57	8.97E-04
13.57	8.98E-04
13.57	8.99E-04
13.57	8.99E-04
13.57	9.00E-04
13.57	9.01E-04
13.57	9.01E-04
13.57	9.02E-04
13.57	9.03E-04
13.58	9.04E-04
13.58	9.04E-04
13.58	9.05E-04
13.58	9.06E-04
13.58	9.07E-04
13.58	9.07E-04
13.58	9.08E-04
13.58	9.09E-04
13.58	9.09E-04
13.58	9.10E-04
13.58	9.11E-04
13.58	9.12E-04
13.58	9.12E-04
13.58	9.13E-04
13.58	9.14E-04
13.58	9.14E-04
13.58	9.15E-04
13.58	9.16E-04
13.58	9.17E-04
13.59	9.17E-04
13.59	9.18E-04
13.59	9.19E-04
13.59	9.20E-04
13.59	9.20E-04
13.59	9.21E-04
13.59	9.22E-04
13.59	9.22E-04
13.59	9.23E-04
13.59	9.24E-04
13.59	9.25E-04
13.59	9.25E-04
13.59	9.26E-04
13.59	9.27E-04
13.59	9.28E-04
13.59	9.28E-04
13.59	9.29E-04
13.59	9.30E-04
13.59	9.30E-04
13.59	9.31E-04
13.6	9.32E-04
13.6	9.33E-04
13.6	9.33E-04
13.6	9.34E-04
13.6	9.35E-04
13.6	9.36E-04
13.6	9.36E-04
13.6	9.37E-04
13.6	9.38E-04
13.6	9.38E-04
13.6	9.39E-04
13.6	9.40E-04
13.6	9.41E-04
13.6	9.41E-04
13.6	9.42E-04
13.6	9.43E-04
13.6	9.44E-04
13.6	9.44E-04
13.6	9.45E-04
13.6	9.46E-04
13.6	9.47E-04
13.61	9.47E-04
13.61	9.48E-04
13.61	9.49E-04
13.61	9.49E-04
13.61	9.50E-04
13.61	9.51E-04
13.61	9.52E-04
13.61	9.52E-04
13.61	9.53E-04
13.61	9.54E-04
13.61	9.55E-04
13.61	9.55E-04
13.61	9.56E-04
13.61	9.57E-04
13.61	9.58E-04
13.61	9.58E-04
13.61	9.59E-04
13.61	9.60E-04
13.61	9.61E-04
13.61	9.61E-04
13.62	9.62E-04
13.62	9.63E-04
13.62	9.64E-04
13.62	9.64E-04
13.62	9.65E-04
13.62	9.66E-04
13.62	9.67E-04
13.62	9.67E-04
13.62	9.68E-04
13.62	9.69E-04
13.62	9.70E-04
13.62	9.70E-04
13.62	9.71E-04
13.62	9.72E-04
13.62	9.73E-04
13.62	9.73E-04
13.62	9.74E-04
13.62	9.75E-04
13.62	9.75E-04
13.62	9.76E-04
13.63	9.77E-04
13.63	9.78E-04
13.63	9.78E-04
13.63	9.79E-04
13.63	9.80E-04
13.63	9.81E-04
13.63	9.81E-04
13.63	9.82E-04
13.63	9.83E-04
13.63	9.84E-04
13.63	9.84E-04
13.63	9.85E-04
13.63	9.86E-04
13.63	9.87E-04
13.63	9.88E-04
13.63	9.88E-04
13.63	9.89E-04
13.63	9.90E-04
13.63	9.91E-04
13.64	9.91E-04
13.64	9.92E-04
13.64	9.93E-04
13.64	9.94E-04
13.64	9.94E-04
13.64	9.95E-04
13.64	9.96E-04
13.64	9.97E-04
13.64	9.97E-04
13.64	9.98E-04
13.64	9.99E-04
13.64	1.00E-03
13.64	1.00E-03
13.64	1.00E-03
13.64	1.00E-03
13.64	1.00E-03
13.64	1.00E-03
13.64	1.00E-03
13.64	1.01E-03
13.64	1.01E-03
13.65	1.01E-03
13.65	1.01E-03
13.65	1.01E-03
13.65	1.01E-03
13.65	1.01E-03
13.65	1.01E-03
13.65	1.01E-03
13.65	1.01E-03
13.65	1.01E-03
13.65	1.01E-03
13.65	1.01E-03
13.65	1.02E-03
13.65	1.02E-03
13.65	1.02E-03
13.65	1.02E-03
13.65	1.02E-03
13.65	1.02E-03
13.65	1.02E-03
13.65	1.02E-03
13.65	1.02E-03
13.65	1.02E-03
13.66	1.02E-03
13.66	1.02E-03
13.66	1.02E-03
13.66	1.03E-03
13.66	1.03E-03
13.66	1.03E-03
13.66	1.03E-03
13.66	1.03E-03
13.66	1.03E-03
13.66	1.03E-03
13.66	1.03E-03
13.66	1.03E-03
13.66	1.03E-03
13.66	1.03E-03
13.66	1.03E-03
13.66	1.03E-03
13.66	1.04E-03
13.66	1.04E-03
13.66	1.04E-03
13.66	1.04E-03
13.67	1.04E-03
13.67	1.04E-03
13.67	1.04E-03
13.67	1.04E-03
13.67	1.04E-03
13.67	1.04E-03
13.67	1.04E-03
13.67	1.04E-03
13.67	1.04E-03
13.67	1.05E-03
13.67	1.05E-03
13.67	1.05E-03
13.67	1.05E-03
13.67	1.05E-03
13.67	1.05E-03
13.67	1.05E-03
13.67	1.05E-03
13.67	1.05E-03
13.67	1.05E-03
13.68	1.05E-03
13.68	1.05E-03
13.68	1.05E-03
13.68	1.06E-03
13.68	1.06E-03
13.68	1.06E-03
13.68	1.06E-03
13.68	1.06E-03
13.68	1.06E-03
13.68	1.06E-03
13.68	1.06E-03
13.68	1.06E-03
13.68	1.06E-03
13.68	1.06E-03
13.68	1.06E-03
13.68	1.06E-03
13.68	1.07E-03
13.68	1.07E-03
13.68	1.07E-03
13.68	1.07E-03
13.69	1.07E-03
13.69	1.07E-03
13.69	1.07E-03
13.69	1.07E-03
13.69	1.07E-03
13.69	1.07E-03
13.69	1.07E-03
13.69	1.07E-03
13.69	1.08E-03
13.69	1.08E-03
13.69	1.08E-03
13.69	1.08E-03
13.69	1.08E-03
13.69	1.08E-03
13.69	1.08E-03
13.69	1.08E-03
13.69	1.08E-03
13.69	1.08E-03
13.69	1.08E-03
13.69	1.08E-03
13.69	1.08E-03
13.7	1.09E-03
13.7	1.09E-03
13.7	1.09E-03
13.7	1.09E-03
13.7	1.09E-03
13.7	1.09E-03
13.7	1.09E-03
13.7	1.09E-03
13.7	1.09E-03
13.7	1.09E-03
13.7	1.09E-03
13.7	1.09E-03
13.7	1.09E-03
13.7	1.10E-03
13.7	1.10E-03
13.7	1.10E-03
13.7	1.10E-03
13.7	1.10E-03
13.7	1.10E-03
13.7	1.10E-03
13.71	1.10E-03
13.71	1.10E-03
13.71	1.10E-03
13.71	1.10E-03
13.71	1.10E-03
13.71	1.11E-03
13.71	1.11E-03
13.71	1.11E-03
13.71	1.11E-03
13.71	1.11E-03
13.71	1.11E-03
13.71	1.11E-03
13.71	1.11E-03
13.71	1.11E-03
13.71	1.11E-03
13.71	1.11E-03
13.71	1.11E-03
13.71	1.11E-03
13.71	1.12E-03
13.72	1.12E-03
13.72	1.12E-03
13.72	1.12E-03
13.72	1.12E-03
13.72	1.12E-03
13.72	1.12E-03
13.72	1.12E-03
13.72	1.12E-03
13.72	1.12E-03
13.72	1.12E-03
13.72	1.12E-03
13.72	1.13E-03
13.72	1.13E-03
13.72	1.13E-03
13.72	1.13E-03
13.72	1.13E-03
13.72	1.13E-03
13.72	1.13E-03
13.72	1.13E-03
13.72	1.13E-03
13.73	1.13E-03
13.73	1.13E-03
13.73	1.13E-03
13.73	1.14E-03
13.73	1.14E-03
13.73	1.14E-03
13.73	1.14E-03
13.73	1.14E-03
13.73	1.14E-03
13.73	1.14E-03
13.73	1.14E-03
13.73	1.14E-03
13.73	1.14E-03
13.73	1.14E-03
13.73	1.14E-03
13.73	1.14E-03
13.73	1.15E-03
13.73	1.15E-03
13.73	1.15E-03
13.73	1.15E-03
13.73	1.15E-03
13.74	1.15E-03
13.74	1.15E-03
13.74	1.15E-03
13.74	1.15E-03
13.74	1.15E-03
13.74	1.15E-03
13.74	1.15E-03
13.74	1.16E-03
13.74	1.16E-03
13.74	1.16E-03
13.74	1.16E-03
13.74	1.16E-03
13.74	1.16E-03
13.74	1.16E-03
13.74	1.16E-03
13.74	1.16E-03
13.74	1.16E-03
13.74	1.16E-03
13.74	1.16E-03
13.74	1.17E-03
13.75	1.17E-03
13.75	1.17E-03
13.75	1.17E-03
13.75	1.17E-03
13.75	1.17E-03
13.75	1.17E-03
13.75	1.17E-03
13.75	1.17E-03
13.75	1.17E-03
13.75	1.17E-03
13.75	1.17E-03
13.75	1.18E-03
13.75	1.18E-03
13.75	1.18E-03
13.75	1.18E-03
13.75	1.18E-03
13.75	1.18E-03
13.75	1.18E-03
13.75	1.18E-03
13.76	1.18E-03
13.76	1.18E-03
13.76	1.18E-03
13.76	1.18E-03
13.76	1.19E-03
13.76	1.19E-03
13.76	1.19E-03
13.76	1.19E-03
13.76	1.19E-03
13.76	1.19E-03
13.76	1.19E-03
13.76	1.19E-03
13.76	1.19E-03
13.76	1.19E-03
13.76	1.19E-03
13.76	1.19E-03
13.76	1.20E-03
13.76	1.20E-03
13.76	1.20E-03
13.76	1.20E-03
13.77	1.20E-03
13.77	1.20E-03
13.77	1.20E-03
13.77	1.20E-03
13.77	1.20E-03
13.77	1.20E-03
13.77	1.20E-03
13.77	1.20E-03
13.77	1.21E-03
13.77	1.21E-03
13.77	1.21E-03
13.77	1.21E-03
13.77	1.21E-03
13.77	1.21E-03
13.77	1.21E-03
13.77	1.21E-03
13.77	1.21E-03
13.77	1.21E-03
13.77	1.21E-03
13.77	1.21E-03
13.77	1.22E-03
13.78	1.22E-03
13.78	1.22E-03
13.78	1.22E-03
13.78	1.22E-03
13.78	1.22E-03
13.78	1.22E-03
13.78	1.22E-03
13.78	1.22E-03
13.78	1.22E-03
13.78	1.22E-03
13.78	1.22E-03
13.78	1.23E-03
13.78	1.23E-03
13.78	1.23E-03
13.78	1.23E-03
13.78	1.23E-03
13.78	1.23E-03
13.78	1.23E-03
13.78	1.23E-03
13.78	1.23E-03
13.79	1.23E-03
13.79	1.23E-03
13.79	1.23E-03
13.79	1.24E-03
13.79	1.24E-03
13.79	1.24E-03
13.79	1.24E-03
13.79	1.24E-03
13.79	1.24E-03
13.79	1.24E-03
13.79	1.24E-03
13.79	1.24E-03
13.79	1.24E-03
13.79	1.24E-03
13.79	1.24E-03
13.79	1.25E-03
13.79	1.25E-03
13.79	1.25E-03
13.79	1.25E-03
13.8	1.25E-03
13.8	1.25E-03
13.8	1.25E-03
13.8	1.25E-03
13.8	1.25E-03
13.8	1.25E-03
13.8	1.25E-03
13.8	1.26E-03
13.8	1.26E-03
13.8	1.26E-03
13.8	1.26E-03
13.8	1.26E-03
13.8	1.26E-03
13.8	1.26E-03
13.8	1.26E-03
13.8	1.26E-03
13.8	1.26E-03
13.8	1.26E-03
13.8	1.26E-03
13.8	1.27E-03
13.81	1.27E-03
13.81	1.27E-03
13.81	1.27E-03
13.81	1.27E-03
13.81	1.27E-03
13.81	1.27E-03
13.81	1.27E-03
13.81	1.27E-03
13.81	1.27E-03
13.81	1.27E-03
13.81	1.27E-03
13.81	1.28E-03
13.81	1.28E-03
13.81	1.28E-03
13.81	1.28E-03
13.81	1.28E-03
13.81	1.28E-03
13.81	1.28E-03
13.81	1.28E-03
13.81	1.28E-03
13.81	1.28E-03
13.82	1.28E-03
13.82	1.29E-03
13.82	1.29E-03
13.82	1.29E-03
13.82	1.29E-03
13.82	1.29E-03
13.82	1.29E-03
13.82	1.29E-03
13.82	1.29E-03
13.82	1.29E-03
13.82	1.29E-03
13.82	1.29E-03
13.82	1.29E-03
13.82	1.30E-03
13.82	1.30E-03
13.82	1.30E-03
13.82	1.30E-03
13.82	1.30E-03
13.82	1.30E-03
13.82	1.30E-03
13.83	1.30E-03
13.83	1.30E-03
13.83	1.30E-03
13.83	1.30E-03
13.83	1.31E-03
13.83	1.31E-03
13.83	1.31E-03
13.83	1.31E-03
13.83	1.31E-03
13.83	1.31E-03
13.83	1.31E-03
13.83	1.31E-03
13.83	1.31E-03
13.83	1.31E-03
13.83	1.31E-03
13.83	1.31E-03
13.83	1.32E-03
13.83	1.32E-03
13.83	1.32E-03
13.84	1.32E-03
13.84	1.32E-03
13.84	1.32E-03
13.84	1.32E-03
13.84	1.32E-03
13.84	1.32E-03
13.84	1.32E-03
13.84	1.32E-03
13.84	1.33E-03
13.84	1.33E-03
13.84	1.33E-03
13.84	1.33E-03
13.84	1.33E-03
13.84	1.33E-03
13.84	1.33E-03
13.84	1.33E-03
13.84	1.33E-03
13.84	1.33E-03
13.84	1.33E-03
13.84	1.34E-03
13.85	1.34E-03
13.85	1.34E-03
13.85	1.34E-03
13.85	1.34E-03
13.85	1.34E-03
13.85	1.34E-03
13.85	1.34E-03
13.85	1.34E-03
13.85	1.34E-03
13.85	1.34E-03
13.85	1.34E-03
13.85	1.35E-03
13.85	1.35E-03
13.85	1.35E-03
13.85	1.35E-03
13.85	1.35E-03
13.85	1.35E-03
13.85	1.35E-03
13.85	1.35E-03
13.85	1.35E-03
13.85	1.35E-03
13.86	1.35E-03
13.86	1.36E-03
13.86	1.36E-03
13.86	1.36E-03
13.86	1.36E-03
13.86	1.36E-03
13.86	1.36E-03
13.86	1.36E-03
13.86	1.36E-03
13.86	1.36E-03
13.86	1.36E-03
13.86	1.36E-03
13.86	1.37E-03
13.86	1.37E-03
13.86	1.37E-03
13.86	1.37E-03
13.86	1.37E-03
13.86	1.37E-03
13.86	1.37E-03
13.86	1.37E-03
13.87	1.37E-03
13.87	1.37E-03
13.87	1.37E-03
13.87	1.38E-03
13.87	1.38E-03
13.87	1.38E-03
13.87	1.38E-03
13.87	1.38E-03
13.87	1.38E-03
13.87	1.38E-03
13.87	1.38E-03
13.87	1.38E-03
13.87	1.38E-03
13.87	1.38E-03
13.87	1.39E-03
13.87	1.39E-03
13.87	1.39E-03
13.87	1.39E-03
13.87	1.39E-03
13.88	1.39E-03
13.88	1.39E-03
13.88	1.39E-03
13.88	1.39E-03
13.88	1.39E-03
13.88	1.39E-03
13.88	1.40E-03
13.88	1.40E-03
13.88	1.40E-03
13.88	1.40E-03
13.88	1.40E-03
13.88	1.40E-03
13.88	1.40E-03
13.88	1.40E-03
13.88	1.40E-03
13.88	1.40E-03
13.88	1.40E-03
13.88	1.41E-03
13.88	1.41E-03
13.88	1.41E-03
13.89	1.41E-03
13.89	1.41E-03
13.89	1.41E-03
13.89	1.41E-03
13.89	1.41E-03
13.89	1.41E-03
13.89	1.41E-03
13.89	1.41E-03
13.89	1.42E-03
13.89	1.42E-03
13.89	1.42E-03
13.89	1.42E-03
13.89	1.42E-03
13.89	1.42E-03
13.89	1.42E-03
13.89	1.42E-03
13.89	1.42E-03
13.89	1.42E-03
13.89	1.42E-03
13.89	1.43E-03
13.9	1.43E-03
13.9	1.43E-03
13.9	1.43E-03
13.9	1.43E-03
13.9	1.43E-03
13.9	1.43E-03
13.9	1.43E-03
13.9	1.43E-03
13.9	1.43E-03
13.9	1.43E-03
13.9	1.44E-03
13.9	1.44E-03
13.9	1.44E-03
13.9	1.44E-03
13.9	1.44E-03
13.9	1.44E-03
13.9	1.44E-03
13.9	1.44E-03
13.9	1.44E-03
13.9	1.44E-03
13.9	1.44E-03
13.91	1.45E-03
13.91	1.45E-03
13.91	1.45E-03
13.91	1.45E-03
13.91	1.45E-03
13.91	1.45E-03
13.91	1.45E-03
13.91	1.45E-03
13.91	1.45E-03
13.91	1.45E-03
13.91	1.45E-03
13.91	1.46E-03
13.91	1.46E-03
13.91	1.46E-03
13.91	1.46E-03
13.91	1.46E-03
13.91	1.46E-03
13.91	1.46E-03
13.91	1.46E-03
13.91	1.46E-03
13.92	1.46E-03
13.92	1.46E-03
13.92	1.47E-03
13.92	1.47E-03
13.92	1.47E-03
13.92	1.47E-03
13.92	1.47E-03
13.92	1.47E-03
13.92	1.47E-03
13.92	1.47E-03
13.92	1.47E-03
13.92	1.47E-03
13.92	1.48E-03
13.92	1.48E-03
13.92	1.48E-03
13.92	1.48E-03
13.92	1.48E-03
13.92	1.48E-03
13.92	1.48E-03
13.93	1.48E-03
13.93	1.48E-03
13.93	1.48E-03
13.93	1.48E-03
13.93	1.49E-03
13.93	1.49E-03
13.93	1.49E-03
13.93	1.49E-03
13.93	1.49E-03
13.93	1.49E-03
13.93	1.49E-03
13.93	1.49E-03
13.93	1.49E-03
13.93	1.49E-03
13.93	1.49E-03
13.93	1.50E-03
13.93	1.50E-03
13.93	1.50E-03
13.93	1.50E-03
13.93	1.50E-03
13.94	1.50E-03
13.94	1.50E-03
13.94	1.50E-03
13.94	1.50E-03
13.94	1.50E-03
13.94	1.50E-03
13.94	1.51E-03
13.94	1.51E-03
13.94	1.51E-03
13.94	1.51E-03
13.94	1.51E-03
13.94	1.51E-03
13.94	1.51E-03
13.94	1.51E-03
13.94	1.51E-03
13.94	1.51E-03
13.94	1.52E-03
13.94	1.52E-03
13.94	1.52E-03
13.94	1.52E-03
13.94	1.52E-03
13.95	1.52E-03
13.95	1.52E-03
13.95	1.52E-03
13.95	1.52E-03
13.95	1.52E-03
13.95	1.52E-03
13.95	1.53E-03
13.95	1.53E-03
13.95	1.53E-03
13.95	1.53E-03
13.95	1.53E-03
13.95	1.53E-03
13.95	1.53E-03
13.95	1.53E-03
13.95	1.53E-03
13.95	1.53E-03
13.95	1.54E-03
13.95	1.54E-03
13.95	1.54E-03
13.95	1.54E-03
13.96	1.54E-03
13.96	1.54E-03
13.96	1.54E-03
13.96	1.54E-03
13.96	1.54E-03
13.96	1.54E-03
13.96	1.54E-03
13.96	1.55E-03
13.96	1.55E-03
13.96	1.55E-03
13.96	1.55E-03
13.96	1.55E-03
13.96	1.55E-03
13.96	1.55E-03
13.96	1.55E-03
13.96	1.55E-03
13.96	1.55E-03
13.96	1.56E-03
13.96	1.56E-03
13.97	1.56E-03
13.97	1.56E-03
13.97	1.56E-03
13.97	1.56E-03
13.97	1.56E-03
13.97	1.56E-03
13.97	1.56E-03
13.97	1.56E-03
13.97	1.56E-03
13.97	1.57E-03
13.97	1.57E-03
13.97	1.57E-03
13.97	1.57E-03
13.97	1.57E-03
13.97	1.57E-03
13.97	1.57E-03
13.97	1.57E-03
13.97	1.57E-03
13.97	1.57E-03
13.97	1.58E-03
13.98	1.58E-03
13.98	1.58E-03
13.98	1.58E-03
13.98	1.58E-03
13.98	1.58E-03
13.98	1.58E-03
13.98	1.58E-03
13.98	1.58E-03
13.98	1.58E-03
13.98	1.59E-03
13.98	1.59E-03
13.98	1.59E-03
13.98	1.59E-03
13.98	1.59E-03
13.98	1.59E-03
13.98	1.59E-03
13.98	1.59E-03
13.98	1.59E-03
13.98	1.59E-03
13.98	1.59E-03
13.98	1.60E-03
13.99	1.60E-03
13.99	1.60E-03
13.99	1.60E-03
13.99	1.60E-03
13.99	1.60E-03
13.99	1.60E-03
13.99	1.60E-03
13.99	1.60E-03
13.99	1.60E-03
13.99	1.61E-03
13.99	1.61E-03
13.99	1.61E-03
13.99	1.61E-03
13.99	1.61E-03
13.99	1.61E-03
13.99	1.61E-03
13.99	1.61E-03
13.99	1.61E-03
13.99	1.61E-03
13.99	1.62E-03
14	1.62E-03
14	1.62E-03
14	1.62E-03
14	1.62E-03
14	1.62E-03
14	1.62E-03
14	1.62E-03
14	1.62E-03
14	1.62E-03
14	1.63E-03
14	1.63E-03
14	1.63E-03
14	1.63E-03
14	1.63E-03
14	1.63E-03
14	1.63E-03
14	1.63E-03
14	1.63E-03
14	1.63E-03
14.01	1.64E-03
14.01	1.64E-03
14.01	1.64E-03
14.01	1.64E-03
14.01	1.64E-03
14.01	1.64E-03
14.01	1.64E-03
14.01	1.64E-03
14.01	1.64E-03
14.01	1.64E-03
14.01	1.64E-03
14.01	1.65E-03
14.01	1.65E-03
14.01	1.65E-03
14.01	1.65E-03
14.01	1.65E-03
14.01	1.65E-03
14.01	1.65E-03
14.01	1.65E-03
14.01	1.65E-03
14.02	1.65E-03
14.02	1.66E-03
14.02	1.66E-03
14.02	1.66E-03
14.02	1.66E-03
14.02	1.66E-03
14.02	1.66E-03
14.02	1.66E-03
14.02	1.66E-03
14.02	1.66E-03
14.02	1.66E-03
14.02	1.67E-03
14.02	1.67E-03
14.02	1.67E-03
14.02	1.67E-03
14.02	1.67E-03
14.02	1.67E-03
14.02	1.67E-03
14.02	1.67E-03
14.02	1.67E-03
14.02	1.67E-03
14.03	1.68E-03
14.03	1.68E-03
14.03	1.68E-03
14.03	1.68E-03
14.03	1.68E-03
14.03	1.68E-03
14.03	1.68E-03
14.03	1.68E-03
14.03	1.68E-03
14.03	1.68E-03
14.03	1.69E-03
14.03	1.69E-03
14.03	1.69E-03
14.03	1.69E-03
14.03	1.69E-03
14.03	1.69E-03
14.03	1.69E-03
14.03	1.69E-03
14.03	1.69E-03
14.03	1.69E-03
14.04	1.70E-03
14.04	1.70E-03
14.04	1.70E-03
14.04	1.70E-03
14.04	1.70E-03
14.04	1.70E-03
14.04	1.70E-03
14.04	1.70E-03
14.04	1.70E-03
14.04	1.70E-03
14.04	1.71E-03
14.04	1.71E-03
14.04	1.71E-03
14.04	1.71E-03
14.04	1.71E-03
14.04	1.71E-03
14.04	1.71E-03
14.04	1.71E-03
14.04	1.71E-03
14.05	1.71E-03
14.05	1.72E-03
14.05	1.72E-03
14.05	1.72E-03
14.05	1.72E-03
14.05	1.72E-03
14.05	1.72E-03
14.05	1.72E-03
14.05	1.72E-03
14.05	1.72E-03
14.05	1.72E-03
14.05	1.73E-03
14.05	1.73E-03
14.05	1.73E-03
14.05	1.73E-03
14.05	1.73E-03
14.05	1.73E-03
14.05	1.73E-03
14.05	1.73E-03
14.05	1.73E-03
14.06	1.73E-03
14.06	1.74E-03
14.06	1.74E-03
14.06	1.74E-03
14.06	1.74E-03
14.06	1.74E-03
14.06	1.74E-03
14.06	1.74E-03
14.06	1.74E-03
14.06	1.74E-03
14.06	1.75E-03
14.06	1.75E-03
14.06	1.75E-03
14.06	1.75E-03
14.06	1.75E-03
14.06	1.75E-03
14.06	1.75E-03
14.06	1.75E-03
14.06	1.75E-03
14.06	1.75E-03
14.06	1.76E-03
14.07	1.76E-03
14.07	1.76E-03
14.07	1.76E-03
14.07	1.76E-03
14.07	1.76E-03
14.07	1.76E-03
14.07	1.76E-03
14.07	1.76E-03
14.07	1.76E-03
14.07	1.77E-03
14.07	1.77E-03
14.07	1.77E-03
14.07	1.77E-03
14.07	1.77E-03
14.07	1.77E-03
14.07	1.77E-03
14.07	1.77E-03
14.07	1.77E-03
14.07	1.77E-03
14.07	1.78E-03
14.08	1.78E-03
14.08	1.78E-03
14.08	1.78E-03
14.08	1.78E-03
14.08	1.78E-03
14.08	1.78E-03
14.08	1.78E-03
14.08	1.78E-03
14.08	1.79E-03
14.08	1.79E-03
14.08	1.79E-03
14.08	1.79E-03
14.08	1.79E-03
14.08	1.79E-03
14.08	1.79E-03
14.08	1.79E-03
14.08	1.79E-03
14.08	1.79E-03
14.08	1.80E-03
14.09	1.80E-03
14.09	1.80E-03
14.09	1.80E-03
14.09	1.80E-03
14.09	1.80E-03
14.09	1.80E-03
14.09	1.80E-03
14.09	1.80E-03
14.09	1.80E-03
14.09	1.81E-03
14.09	1.81E-03
14.09	1.81E-03
14.09	1.81E-03
14.09	1.81E-03
14.09	1.81E-03
14.09	1.81E-03
14.09	1.81E-03
14.09	1.81E-03
14.09	1.82E-03
14.09	1.82E-03
14.1	1.82E-03
14.1	1.82E-03
14.1	1.82E-03
14.1	1.82E-03
14.1	1.82E-03
14.1	1.82E-03
14.1	1.82E-03
14.1	1.82E-03
14.1	1.83E-03
14.1	1.83E-03
14.1	1.83E-03
14.1	1.83E-03
14.1	1.83E-03
14.1	1.83E-03
14.1	1.83E-03
14.1	1.83E-03
14.1	1.83E-03
14.1	1.83E-03
14.1	1.84E-03
14.1	1.84E-03
14.1	1.84E-03
14.11	1.84E-03
14.11	1.84E-03
14.11	1.84E-03
14.11	1.84E-03
14.11	1.84E-03
14.11	1.84E-03
14.11	1.85E-03
14.11	1.85E-03
14.11	1.85E-03
14.11	1.85E-03
14.11	1.85E-03
14.11	1.85E-03
14.11	1.85E-03
14.11	1.85E-03
14.11	1.85E-03
14.11	1.85E-03
14.11	1.86E-03
14.11	1.86E-03
14.11	1.86E-03
14.11	1.86E-03
14.12	1.86E-03
14.12	1.86E-03
14.12	1.86E-03
14.12	1.86E-03
14.12	1.86E-03
14.12	1.87E-03
14.12	1.87E-03
14.12	1.87E-03
14.12	1.87E-03
14.12	1.87E-03
14.12	1.87E-03
14.12	1.87E-03
14.12	1.87E-03
14.12	1.87E-03
14.12	1.87E-03
14.12	1.88E-03
14.12	1.88E-03
14.12	1.88E-03
14.12	1.88E-03
14.12	1.88E-03
14.13	1.88E-03
14.13	1.88E-03
14.13	1.88E-03
14.13	1.88E-03
14.13	1.89E-03
14.13	1.89E-03
14.13	1.89E-03
14.13	1.89E-03
14.13	1.89E-03
14.13	1.89E-03
14.13	1.89E-03
14.13	1.89E-03
14.13	1.89E-03
14.13	1.90E-03
14.13	1.90E-03
14.13	1.90E-03
14.13	1.90E-03
14.13	1.90E-03
14.13	1.90E-03
14.14	1.90E-03
14.14	1.90E-03
14.14	1.90E-03
14.14	1.90E-03
14.14	1.91E-03
14.14	1.91E-03
14.14	1.91E-03
14.14	1.91E-03
14.14	1.91E-03
14.14	1.91E-03
14.14	1.91E-03
14.14	1.91E-03
14.14	1.91E-03
14.14	1.92E-03
14.14	1.92E-03
14.14	1.92E-03
14.14	1.92E-03
14.14	1.92E-03
14.14	1.92E-03
14.14	1.92E-03
14.15	1.92E-03
14.15	1.92E-03
14.15	1.92E-03
14.15	1.93E-03
14.15	1.93E-03
14.15	1.93E-03
14.15	1.93E-03
14.15	1.93E-03
14.15	1.93E-03
14.15	1.93E-03
14.15	1.93E-03
14.15	1.93E-03
14.15	1.94E-03
14.15	1.94E-03
14.15	1.94E-03
14.15	1.94E-03
14.15	1.94E-03
14.15	1.94E-03
14.15	1.94E-03
14.15	1.94E-03
14.15	1.94E-03
14.16	1.95E-03
14.16	1.95E-03
14.16	1.95E-03
14.16	1.95E-03
14.16	1.95E-03
14.16	1.95E-03
14.16	1.95E-03
14.16	1.95E-03
14.16	1.95E-03
14.16	1.96E-03
14.16	1.96E-03
14.16	1.96E-03
14.16	1.96E-03
14.16	1.96E-03
14.16	1.96E-03
14.16	1.96E-03
14.16	1.96E-03
14.16	1.96E-03
14.16	1.96E-03
14.16	1.97E-03
14.17	1.97E-03
14.17	1.97E-03
14.17	1.97E-03
14.17	1.97E-03
14.17	1.97E-03
14.17	1.97E-03
14.17	1.97E-03
14.17	1.97E-03
14.17	1.98E-03
14.17	1.98E-03
14.17	1.98E-03
14.17	1.98E-03
14.17	1.98E-03
14.17	1.98E-03
14.17	1.98E-03
14.17	1.98E-03
14.17	1.98E-03
14.17	1.99E-03
14.17	1.99E-03
14.18	1.99E-03
14.18	1.99E-03
14.18	1.99E-03
14.18	1.99E-03
14.18	1.99E-03
14.18	1.99E-03
14.18	1.99E-03
14.18	2.00E-03
14.18	2.00E-03
14.18	2.00E-03
14.18	2.00E-03
14.18	2.00E-03
14.18	2.00E-03
14.18	2.00E-03
14.18	2.00E-03
14.18	2.00E-03
14.18	2.01E-03
14.18	2.01E-03
14.18	2.01E-03
14.18	2.01E-03
14.19	2.01E-03
14.19	2.01E-03
14.19	2.01E-03
14.19	2.01E-03
14.19	2.01E-03
14.19	2.01E-03
14.19	2.02E-03
14.19	2.02E-03
14.19	2.02E-03
14.19	2.02E-03
14.19	2.02E-03
14.19	2.02E-03
14.19	2.02E-03
14.19	2.02E-03
14.19	2.02E-03
14.19	2.03E-03
14.19	2.03E-03
14.19	2.03E-03
14.19	2.03E-03
14.19	2.03E-03
14.19	2.03E-03
14.2	2.03E-03
14.2	2.03E-03
14.2	2.03E-03
14.2	2.04E-03
14.2	2.04E-03
14.2	2.04E-03
14.2	2.04E-03
14.2	2.04E-03
14.2	2.04E-03
14.2	2.04E-03
14.2	2.04E-03
14.2	2.04E-03
14.2	2.05E-03
14.2	2.05E-03
14.2	2.05E-03
14.2	2.05E-03
14.2	2.05E-03
14.2	2.05E-03
14.2	2.05E-03
14.2	2.05E-03
14.21	2.05E-03
14.21	2.06E-03
14.21	2.06E-03
14.21	2.06E-03
14.21	2.06E-03
14.21	2.06E-03
14.21	2.06E-03
14.21	2.06E-03
14.21	2.06E-03
14.21	2.06E-03
14.21	2.07E-03
14.21	2.07E-03
14.21	2.07E-03
14.21	2.07E-03
14.21	2.07E-03
14.21	2.07E-03
14.21	2.07E-03
14.21	2.07E-03
14.21	2.07E-03
14.22	2.08E-03
14.22	2.08E-03
14.22	2.08E-03
14.22	2.08E-03
14.22	2.08E-03
14.22	2.08E-03
14.22	2.08E-03
14.22	2.08E-03
14.22	2.08E-03
14.22	2.09E-03
14.22	2.09E-03
14.22	2.09E-03
14.22	2.09E-03
14.22	2.09E-03
14.22	2.09E-03
14.22	2.09E-03
14.22	2.09E-03
14.22	2.09E-03
14.22	2.10E-03
14.22	2.10E-03
14.23	2.10E-03
14.23	2.10E-03
14.23	2.10E-03
14.23	2.10E-03
14.23	2.10E-03
14.23	2.10E-03
14.23	2.10E-03
14.23	2.11E-03
14.23	2.11E-03
14.23	2.11E-03
14.23	2.11E-03
14.23	2.11E-03
14.23	2.11E-03
14.23	2.11E-03
14.23	2.11E-03
14.23	2.11E-03
14.23	2.12E-03
14.23	2.12E-03
14.23	2.12E-03
14.23	2.12E-03
14.23	2.12E-03
14.24	2.12E-03
14.24	2.12E-03
14.24	2.12E-03
14.24	2.12E-03
14.24	2.13E-03
14.24	2.13E-03
14.24	2.13E-03
14.24	2.13E-03
14.24	2.13E-03
14.24	2.13E-03
14.24	2.13E-03
14.24	2.13E-03
14.24	2.14E-03
14.24	2.14E-03
14.24	2.14E-03
14.24	2.14E-03
14.24	2.14E-03
14.24	2.14E-03
14.24	2.14E-03
14.24	2.14E-03
14.25	2.14E-03
14.25	2.15E-03
14.25	2.15E-03
14.25	2.15E-03
14.25	2.15E-03
14.25	2.15E-03
14.25	2.15E-03
14.25	2.15E-03
14.25	2.15E-03
14.25	2.15E-03
14.25	2.16E-03
14.25	2.16E-03
14.25	2.16E-03
14.25	2.16E-03
14.25	2.16E-03
14.25	2.16E-03
14.25	2.16E-03
14.25	2.16E-03
14.25	2.16E-03
14.26	2.17E-03
14.26	2.17E-03
14.26	2.17E-03
14.26	2.17E-03
14.26	2.17E-03
14.26	2.17E-03
14.26	2.17E-03
14.26	2.17E-03
14.26	2.17E-03
14.26	2.18E-03
14.26	2.18E-03
14.26	2.18E-03
14.26	2.18E-03
14.26	2.18E-03
14.26	2.18E-03
14.26	2.18E-03
14.26	2.18E-03
14.26	2.19E-03
14.26	2.19E-03
14.26	2.19E-03
14.27	2.19E-03
14.27	2.19E-03
14.27	2.19E-03
14.27	2.19E-03
14.27	2.19E-03
14.27	2.19E-03
14.27	2.20E-03
14.27	2.20E-03
14.27	2.20E-03
14.27	2.20E-03
14.27	2.20E-03
14.27	2.20E-03
14.27	2.20E-03
14.27	2.20E-03
14.27	2.20E-03
14.27	2.21E-03
14.27	2.21E-03
14.27	2.21E-03
14.27	2.21E-03
14.27	2.21E-03
14.27	2.21E-03
14.28	2.21E-03
14.28	2.21E-03
14.28	2.22E-03
14.28	2.22E-03
14.28	2.22E-03
14.28	2.22E-03
14.28	2.22E-03
14.28	2.22E-03
14.28	2.22E-03
14.28	2.22E-03
14.28	2.22E-03
14.28	2.23E-03
14.28	2.23E-03
14.28	2.23E-03
14.28	2.23E-03
14.28	2.23E-03
14.28	2.23E-03
14.28	2.23E-03
14.28	2.23E-03
14.28	2.23E-03
14.29	2.24E-03
14.29	2.24E-03
14.29	2.24E-03
14.29	2.24E-03
14.29	2.24E-03
14.29	2.24E-03
14.29	2.24E-03
14.29	2.24E-03
14.29	2.25E-03
14.29	2.25E-03
14.29	2.25E-03
14.29	2.25E-03
14.29	2.25E-03
14.29	2.25E-03
14.29	2.25E-03
14.29	2.25E-03
14.29	2.25E-03
14.29	2.26E-03
14.29	2.26E-03
14.3	2.26E-03
14.3	2.26E-03
14.3	2.26E-03
14.3	2.26E-03
14.3	2.26E-03
14.3	2.26E-03
14.3	2.26E-03
14.3	2.27E-03
14.3	2.27E-03
14.3	2.27E-03
14.3	2.27E-03
14.3	2.27E-03
14.3	2.27E-03
14.3	2.27E-03
14.3	2.27E-03
14.3	2.28E-03
14.3	2.28E-03
14.3	2.28E-03
14.3	2.28E-03
14.3	2.28E-03
14.31	2.28E-03
14.31	2.28E-03
14.31	2.28E-03
14.31	2.28E-03
14.31	2.29E-03
14.31	2.29E-03
14.31	2.29E-03
14.31	2.29E-03
14.31	2.29E-03
14.31	2.29E-03
14.31	2.29E-03
14.31	2.29E-03
14.31	2.30E-03
14.31	2.30E-03
14.31	2.30E-03
14.31	2.30E-03
14.31	2.30E-03
14.31	2.30E-03
14.31	2.30E-03
14.31	2.30E-03
14.31	2.30E-03
14.32	2.31E-03
14.32	2.31E-03
14.32	2.31E-03
14.32	2.31E-03
14.32	2.31E-03
14.32	2.31E-03
14.32	2.31E-03
14.32	2.31E-03
14.32	2.32E-03
14.32	2.32E-03
14.32	2.32E-03
14.32	2.32E-03
14.32	2.32E-03
14.32	2.32E-03
14.32	2.32E-03
14.32	2.32E-03
14.32	2.32E-03
14.32	2.33E-03
14.32	2.33E-03
14.32	2.33E-03
14.33	2.33E-03
14.33	2.33E-03
14.33	2.33E-03
14.33	2.33E-03
14.33	2.33E-03
14.33	2.34E-03
14.33	2.34E-03
14.33	2.34E-03
14.33	2.34E-03
14.33	2.34E-03
14.33	2.34E-03
14.33	2.34E-03
14.33	2.34E-03
14.33	2.34E-03
14.33	2.35E-03
14.33	2.35E-03
14.33	2.35E-03
14.33	2.35E-03
14.33	2.35E-03
14.34	2.35E-03
14.34	2.35E-03
14.34	2.35E-03
14.34	2.36E-03
14.34	2.36E-03
14.34	2.36E-03
14.34	2.36E-03
14.34	2.36E-03
14.34	2.36E-03
14.34	2.36E-03
14.34	2.36E-03
14.34	2.36E-03
14.34	2.37E-03
14.34	2.37E-03
14.34	2.37E-03
14.34	2.37E-03
14.34	2.37E-03
14.34	2.37E-03
14.34	2.37E-03
14.34	2.37E-03
14.35	2.38E-03
14.35	2.38E-03
14.35	2.38E-03
14.35	2.38E-03
14.35	2.38E-03
14.35	2.38E-03
14.35	2.38E-03
14.35	2.38E-03
14.35	2.39E-03
14.35	2.39E-03
14.35	2.39E-03
14.35	2.39E-03
14.35	2.39E-03
14.35	2.39E-03
14.35	2.39E-03
14.35	2.39E-03
14.35	2.39E-03
14.35	2.40E-03
14.35	2.40E-03
14.35	2.40E-03
14.35	2.40E-03
14.36	2.40E-03
14.36	2.40E-03
14.36	2.40E-03
14.36	2.40E-03
14.36	2.41E-03
14.36	2.41E-03
14.36	2.41E-03
14.36	2.41E-03
14.36	2.41E-03
14.36	2.41E-03
14.36	2.41E-03
14.36	2.41E-03
14.36	2.42E-03
14.36	2.42E-03
14.36	2.42E-03
14.36	2.42E-03
14.36	2.42E-03
14.36	2.42E-03
14.36	2.42E-03
14.36	2.42E-03
14.37	2.42E-03
14.37	2.43E-03
14.37	2.43E-03
14.37	2.43E-03
14.37	2.43E-03
14.37	2.43E-03
14.37	2.43E-03
14.37	2.43E-03
14.37	2.43E-03
14.37	2.44E-03
14.37	2.44E-03
14.37	2.44E-03
14.37	2.44E-03
14.37	2.44E-03
14.37	2.44E-03
14.37	2.44E-03
14.37	2.44E-03
14.37	2.45E-03
14.37	2.45E-03
14.38	2.45E-03
14.38	2.45E-03
14.38	2.45E-03
14.38	2.45E-03
14.38	2.45E-03
14.38	2.45E-03
14.38	2.46E-03
14.38	2.46E-03
14.38	2.46E-03
14.38	2.46E-03
14.38	2.46E-03
14.38	2.46E-03
14.38	2.46E-03
14.38	2.46E-03
14.38	2.46E-03
14.38	2.47E-03
14.38	2.47E-03
14.38	2.47E-03
14.38	2.47E-03
14.38	2.47E-03
14.39	2.47E-03
14.39	2.47E-03
14.39	2.47E-03
14.39	2.48E-03
14.39	2.48E-03
14.39	2.48E-03
14.39	2.48E-03
14.39	2.48E-03
14.39	2.48E-03
14.39	2.48E-03
14.39	2.48E-03
14.39	2.49E-03
14.39	2.49E-03
14.39	2.49E-03
14.39	2.49E-03
14.39	2.49E-03
14.39	2.49E-03
14.39	2.49E-03
14.39	2.49E-03
14.39	2.50E-03
14.4	2.50E-03
14.4	2.50E-03
14.4	2.50E-03
14.4	2.50E-03
14.4	2.50E-03
14.4	2.50E-03
14.4	2.50E-03
14.4	2.51E-03
14.4	2.51E-03
14.4	2.51E-03
14.4	2.51E-03
14.4	2.51E-03
14.4	2.51E-03
14.4	2.51E-03
14.4	2.51E-03
14.4	2.51E-03
14.4	2.52E-03
14.4	2.52E-03
14.4	2.52E-03
14.4	2.52E-03
14.4	2.52E-03
14.41	2.52E-03
14.41	2.52E-03
14.41	2.52E-03
14.41	2.53E-03
14.41	2.53E-03
14.41	2.53E-03
14.41	2.53E-03
14.41	2.53E-03
14.41	2.53E-03
14.41	2.53E-03
14.41	2.53E-03
14.41	2.54E-03
14.41	2.54E-03
14.41	2.54E-03
14.41	2.54E-03
14.41	2.54E-03
14.41	2.54E-03
14.41	2.54E-03
14.41	2.54E-03
14.41	2.55E-03
14.42	2.55E-03
14.42	2.55E-03
14.42	2.55E-03
14.42	2.55E-03
14.42	2.55E-03
14.42	2.55E-03
14.42	2.55E-03
14.42	2.56E-03
14.42	2.56E-03
14.42	2.56E-03
14.42	2.56E-03
14.42	2.56E-03
14.42	2.56E-03
14.42	2.56E-03
14.42	2.56E-03
14.42	2.57E-03
14.42	2.57E-03
14.42	2.57E-03
14.42	2.57E-03
14.43	2.57E-03
14.43	2.57E-03
14.43	2.57E-03
14.43	2.57E-03
14.43	2.58E-03
14.43	2.58E-03
14.43	2.58E-03
14.43	2.58E-03
14.43	2.58E-03
14.43	2.58E-03
14.43	2.58E-03
14.43	2.58E-03
14.43	2.59E-03
14.43	2.59E-03
14.43	2.59E-03
14.43	2.59E-03
14.43	2.59E-03
14.43	2.59E-03
14.43	2.59E-03
14.43	2.59E-03
14.44	2.60E-03
14.44	2.60E-03
14.44	2.60E-03
14.44	2.60E-03
14.44	2.60E-03
14.44	2.60E-03
14.44	2.60E-03
14.44	2.60E-03
14.44	2.61E-03
14.44	2.61E-03
14.44	2.61E-03
14.44	2.61E-03
14.44	2.61E-03
14.44	2.61E-03
14.44	2.61E-03
14.44	2.61E-03
14.44	2.62E-03
14.44	2.62E-03
14.44	2.62E-03
14.44	2.62E-03
14.44	2.62E-03
14.45	2.62E-03
14.45	2.62E-03
14.45	2.62E-03
14.45	2.63E-03
14.45	2.63E-03
14.45	2.63E-03
14.45	2.63E-03
14.45	2.63E-03
14.45	2.63E-03
14.45	2.63E-03
14.45	2.63E-03
14.45	2.64E-03
14.45	2.64E-03
14.45	2.64E-03
14.45	2.64E-03
14.45	2.64E-03
14.45	2.64E-03
14.45	2.64E-03
14.45	2.64E-03
14.45	2.65E-03
14.46	2.65E-03
14.46	2.65E-03
14.46	2.65E-03
14.46	2.65E-03
14.46	2.65E-03
14.46	2.65E-03
14.46	2.65E-03
14.46	2.66E-03
14.46	2.66E-03
14.46	2.66E-03
14.46	2.66E-03
14.46	2.66E-03
14.46	2.66E-03
14.46	2.66E-03
14.46	2.66E-03
14.46	2.67E-03
14.46	2.67E-03
14.46	2.67E-03
14.46	2.67E-03
14.47	2.67E-03
14.47	2.67E-03
14.47	2.67E-03
14.47	2.67E-03
14.47	2.68E-03
14.47	2.68E-03
14.47	2.68E-03
14.47	2.68E-03
14.47	2.68E-03
14.47	2.68E-03
14.47	2.68E-03
14.47	2.68E-03
14.47	2.69E-03
14.47	2.69E-03
14.47	2.69E-03
14.47	2.69E-03
14.47	2.69E-03
14.47	2.69E-03
14.47	2.69E-03
14.47	2.69E-03
14.48	2.70E-03
14.48	2.70E-03
14.48	2.70E-03
14.48	2.70E-03
14.48	2.70E-03
14.48	2.70E-03
14.48	2.70E-03
14.48	2.71E-03
14.48	2.71E-03
14.48	2.71E-03
14.48	2.71E-03
14.48	2.71E-03
14.48	2.71E-03
14.48	2.71E-03
14.48	2.71E-03
14.48	2.72E-03
14.48	2.72E-03
14.48	2.72E-03
14.48	2.72E-03
14.48	2.72E-03
14.48	2.72E-03
14.49	2.72E-03
14.49	2.72E-03
14.49	2.73E-03
14.49	2.73E-03
14.49	2.73E-03
14.49	2.73E-03
14.49	2.73E-03
14.49	2.73E-03
14.49	2.73E-03
14.49	2.73E-03
14.49	2.74E-03
14.49	2.74E-03
14.49	2.74E-03
14.49	2.74E-03
14.49	2.74E-03
14.49	2.74E-03
14.49	2.74E-03
14.49	2.74E-03
14.49	2.75E-03
14.49	2.75E-03
14.5	2.75E-03
14.5	2.75E-03
14.5	2.75E-03
14.5	2.75E-03
14.5	2.75E-03
14.5	2.76E-03
14.5	2.76E-03
14.5	2.76E-03
14.5	2.76E-03
14.5	2.76E-03
14.5	2.76E-03
14.5	2.76E-03
14.5	2.76E-03
14.5	2.77E-03
14.5	2.77E-03
14.5	2.77E-03
14.5	2.77E-03
14.5	2.77E-03
14.5	2.77E-03
14.51	2.77E-03
14.51	2.77E-03
14.51	2.78E-03
14.51	2.78E-03
14.51	2.78E-03
14.51	2.78E-03
14.51	2.78E-03
14.51	2.78E-03
14.51	2.78E-03
14.51	2.78E-03
14.51	2.79E-03
14.51	2.79E-03
14.51	2.79E-03
14.51	2.79E-03
14.51	2.79E-03
14.51	2.79E-03
14.51	2.79E-03
14.51	2.80E-03
14.51	2.80E-03
14.51	2.80E-03
14.52	2.80E-03
14.52	2.80E-03
14.52	2.80E-03
14.52	2.80E-03
14.52	2.80E-03
14.52	2.81E-03
14.52	2.81E-03
14.52	2.81E-03
14.52	2.81E-03
14.52	2.81E-03
14.52	2.81E-03
14.52	2.81E-03
14.52	2.81E-03
14.52	2.82E-03
14.52	2.82E-03
14.52	2.82E-03
14.52	2.82E-03
14.52	2.82E-03
14.52	2.82E-03
14.52	2.82E-03
14.52	2.82E-03
14.53	2.83E-03
14.53	2.83E-03
14.53	2.83E-03
14.53	2.83E-03
14.53	2.83E-03
14.53	2.83E-03
14.53	2.83E-03
14.53	2.84E-03
14.53	2.84E-03
14.53	2.84E-03
14.53	2.84E-03
14.53	2.84E-03
14.53	2.84E-03
14.53	2.84E-03
14.53	2.84E-03
14.53	2.85E-03
14.53	2.85E-03
14.53	2.85E-03
14.53	2.85E-03
14.53	2.85E-03
14.54	2.85E-03
14.54	2.85E-03
14.54	2.85E-03
14.54	2.86E-03
14.54	2.86E-03
14.54	2.86E-03
14.54	2.86E-03
14.54	2.86E-03
14.54	2.86E-03
14.54	2.86E-03
14.54	2.87E-03
14.54	2.87E-03
14.54	2.87E-03
14.54	2.87E-03
14.54	2.87E-03
14.54	2.87E-03
14.54	2.87E-03
14.54	2.87E-03
14.54	2.88E-03
14.55	2.88E-03
14.55	2.88E-03
14.55	2.88E-03
14.55	2.88E-03
14.55	2.88E-03
14.55	2.88E-03
14.55	2.89E-03
14.55	2.89E-03
14.55	2.89E-03
14.55	2.89E-03
14.55	2.89E-03
14.55	2.89E-03
14.55	2.89E-03
14.55	2.89E-03
14.55	2.90E-03
14.55	2.90E-03
14.55	2.90E-03
14.55	2.90E-03
14.55	2.90E-03
14.55	2.90E-03
14.56	2.90E-03
14.56	2.90E-03
14.56	2.91E-03
14.56	2.91E-03
14.56	2.91E-03
14.56	2.91E-03
14.56	2.91E-03
14.56	2.91E-03
14.56	2.91E-03
14.56	2.92E-03
14.56	2.92E-03
14.56	2.92E-03
14.56	2.92E-03
14.56	2.92E-03
14.56	2.92E-03
14.56	2.92E-03
14.56	2.92E-03
14.56	2.93E-03
14.56	2.93E-03
14.56	2.93E-03
14.56	2.93E-03
14.57	2.93E-03
14.57	2.93E-03
14.57	2.93E-03
14.57	2.94E-03
14.57	2.94E-03
14.57	2.94E-03
14.57	2.94E-03
14.57	2.94E-03
14.57	2.94E-03
14.57	2.94E-03
14.57	2.94E-03
14.57	2.95E-03
14.57	2.95E-03
14.57	2.95E-03
14.57	2.95E-03
14.57	2.95E-03
14.57	2.95E-03
14.57	2.95E-03
14.57	2.96E-03
14.57	2.96E-03
14.58	2.96E-03
14.58	2.96E-03
14.58	2.96E-03
14.58	2.96E-03
14.58	2.96E-03
14.58	2.96E-03
14.58	2.97E-03
14.58	2.97E-03
14.58	2.97E-03
14.58	2.97E-03
14.58	2.97E-03
14.58	2.97E-03
14.58	2.97E-03
14.58	2.98E-03
14.58	2.98E-03
14.58	2.98E-03
14.58	2.98E-03
14.58	2.98E-03
14.58	2.98E-03
14.59	2.98E-03
14.59	2.98E-03
14.59	2.99E-03
14.59	2.99E-03
14.59	2.99E-03
14.59	2.99E-03
14.59	2.99E-03
14.59	2.99E-03
14.59	2.99E-03
14.59	3.00E-03
14.59	3.00E-03
14.59	3.00E-03
14.59	3.00E-03
14.59	3.00E-03
14.59	3.00E-03
14.59	3.00E-03
14.59	3.00E-03
14.59	3.01E-03
14.59	3.01E-03
14.59	3.01E-03
14.6	3.01E-03
14.6	3.01E-03
14.6	3.01E-03
14.6	3.01E-03
14.6	3.02E-03
14.6	3.02E-03
14.6	3.02E-03
14.6	3.02E-03
14.6	3.02E-03
14.6	3.02E-03
14.6	3.02E-03
14.6	3.02E-03
14.6	3.03E-03
14.6	3.03E-03
14.6	3.03E-03
14.6	3.03E-03
14.6	3.03E-03
14.6	3.03E-03
14.6	3.03E-03
14.6	3.04E-03
14.6	3.04E-03
14.61	3.04E-03
14.61	3.04E-03
14.61	3.04E-03
14.61	3.04E-03
14.61	3.04E-03
14.61	3.05E-03
14.61	3.05E-03
14.61	3.05E-03
14.61	3.05E-03
14.61	3.05E-03
14.61	3.05E-03
14.61	3.05E-03
14.61	3.05E-03
14.61	3.06E-03
14.61	3.06E-03
14.61	3.06E-03
14.61	3.06E-03
14.61	3.06E-03
14.61	3.06E-03
14.61	3.06E-03
14.62	3.07E-03
14.62	3.07E-03
14.62	3.07E-03
14.62	3.07E-03
14.62	3.07E-03
14.62	3.07E-03
14.62	3.07E-03
14.62	3.08E-03
14.62	3.08E-03
14.62	3.08E-03
14.62	3.08E-03
14.62	3.08E-03
14.62	3.08E-03
14.62	3.08E-03
14.62	3.08E-03
14.62	3.09E-03
14.62	3.09E-03
14.62	3.09E-03
14.62	3.09E-03
14.62	3.09E-03
14.63	3.09E-03
14.63	3.09E-03
14.63	3.10E-03
14.63	3.10E-03
14.63	3.10E-03
14.63	3.10E-03
14.63	3.10E-03
14.63	3.10E-03
14.63	3.10E-03
14.63	3.10E-03
14.63	3.11E-03
14.63	3.11E-03
14.63	3.11E-03
14.63	3.11E-03
14.63	3.11E-03
14.63	3.11E-03
14.63	3.11E-03
14.63	3.12E-03
14.63	3.12E-03
14.64	3.12E-03
14.64	3.12E-03
14.64	3.12E-03
14.64	3.12E-03
14.64	3.12E-03
14.64	3.13E-03
14.64	3.13E-03
14.64	3.13E-03
14.64	3.13E-03
14.64	3.13E-03
14.64	3.13E-03
14.64	3.13E-03
14.64	3.14E-03
14.64	3.14E-03
14.64	3.14E-03
14.64	3.14E-03
14.64	3.14E-03
14.64	3.14E-03
14.64	3.14E-03
14.64	3.14E-03
14.65	3.15E-03
14.65	3.15E-03
14.65	3.15E-03
14.65	3.15E-03
14.65	3.15E-03
14.65	3.15E-03
14.65	3.15E-03
14.65	3.16E-03
14.65	3.16E-03
14.65	3.16E-03
14.65	3.16E-03
14.65	3.16E-03
14.65	3.16E-03
14.65	3.16E-03
14.65	3.17E-03
14.65	3.17E-03
14.65	3.17E-03
14.65	3.17E-03
14.65	3.17E-03
14.65	3.17E-03
14.65	3.17E-03
14.66	3.17E-03
14.66	3.18E-03
14.66	3.18E-03
14.66	3.18E-03
14.66	3.18E-03
14.66	3.18E-03
14.66	3.18E-03
14.66	3.18E-03
14.66	3.19E-03
14.66	3.19E-03
14.66	3.19E-03
14.66	3.19E-03
14.66	3.19E-03
14.66	3.19E-03
14.66	3.19E-03
14.66	3.20E-03
14.66	3.20E-03
14.66	3.20E-03
14.66	3.20E-03
14.66	3.20E-03
14.67	3.20E-03
14.67	3.20E-03
14.67	3.21E-03
14.67	3.21E-03
14.67	3.21E-03
14.67	3.21E-03
14.67	3.21E-03
14.67	3.21E-03
14.67	3.21E-03
14.67	3.22E-03
14.67	3.22E-03
14.67	3.22E-03
14.67	3.22E-03
14.67	3.22E-03
14.67	3.22E-03
14.67	3.22E-03
14.67	3.22E-03
14.67	3.23E-03
14.67	3.23E-03
14.68	3.23E-03
14.68	3.23E-03
14.68	3.23E-03
14.68	3.23E-03
14.68	3.23E-03
14.68	3.24E-03
14.68	3.24E-03
14.68	3.24E-03
14.68	3.24E-03
14.68	3.24E-03
14.68	3.24E-03
14.68	3.24E-03
14.68	3.25E-03
14.68	3.25E-03
14.68	3.25E-03
14.68	3.25E-03
14.68	3.25E-03
14.68	3.25E-03
14.68	3.25E-03
14.68	3.26E-03
14.69	3.26E-03
14.69	3.26E-03
14.69	3.26E-03
14.69	3.26E-03
14.69	3.26E-03
14.69	3.26E-03
14.69	3.27E-03
14.69	3.27E-03
14.69	3.27E-03
14.69	3.27E-03
14.69	3.27E-03
14.69	3.27E-03
14.69	3.27E-03
14.69	3.28E-03
14.69	3.28E-03
14.69	3.28E-03
14.69	3.28E-03
14.69	3.28E-03
14.69	3.28E-03
14.69	3.28E-03
14.69	3.28E-03
14.7	3.29E-03
14.7	3.29E-03
14.7	3.29E-03
14.7	3.29E-03
14.7	3.29E-03
14.7	3.29E-03
14.7	3.29E-03
14.7	3.30E-03
14.7	3.30E-03
14.7	3.30E-03
14.7	3.30E-03
14.7	3.30E-03
14.7	3.30E-03
14.7	3.30E-03
14.7	3.31E-03
14.7	3.31E-03
14.7	3.31E-03
14.7	3.31E-03
14.7	3.31E-03
14.7	3.31E-03
14.71	3.31E-03
14.71	3.32E-03
14.71	3.32E-03
14.71	3.32E-03
14.71	3.32E-03
14.71	3.32E-03
14.71	3.32E-03
14.71	3.32E-03
14.71	3.33E-03
14.71	3.33E-03
14.71	3.33E-03
14.71	3.33E-03
14.71	3.33E-03
14.71	3.33E-03
14.71	3.33E-03
14.71	3.34E-03
14.71	3.34E-03
14.71	3.34E-03
14.71	3.34E-03
14.72	3.34E-03
14.72	3.34E-03
14.72	3.34E-03
14.72	3.35E-03
14.72	3.35E-03
14.72	3.35E-03
14.72	3.35E-03
14.72	3.35E-03
14.72	3.35E-03
14.72	3.35E-03
14.72	3.36E-03
14.72	3.36E-03
14.72	3.36E-03
14.72	3.36E-03
14.72	3.36E-03
14.72	3.36E-03
14.72	3.36E-03
14.72	3.37E-03
14.72	3.37E-03
14.72	3.37E-03
14.73	3.37E-03
14.73	3.37E-03
14.73	3.37E-03
14.73	3.37E-03
14.73	3.38E-03
14.73	3.38E-03
14.73	3.38E-03
14.73	3.38E-03
14.73	3.38E-03
14.73	3.38E-03
14.73	3.38E-03
14.73	3.39E-03
14.73	3.39E-03
14.73	3.39E-03
14.73	3.39E-03
14.73	3.39E-03
14.73	3.39E-03
14.73	3.39E-03
14.73	3.40E-03
14.73	3.40E-03
14.73	3.40E-03
14.74	3.40E-03
14.74	3.40E-03
14.74	3.40E-03
14.74	3.40E-03
14.74	3.41E-03
14.74	3.41E-03
14.74	3.41E-03
14.74	3.41E-03
14.74	3.41E-03
14.74	3.41E-03
14.74	3.41E-03
14.74	3.42E-03
14.74	3.42E-03
14.74	3.42E-03
14.74	3.42E-03
14.74	3.42E-03
14.74	3.42E-03
14.74	3.42E-03
14.74	3.43E-03
14.74	3.43E-03
14.75	3.43E-03
14.75	3.43E-03
14.75	3.43E-03
14.75	3.43E-03
14.75	3.43E-03
14.75	3.44E-03
14.75	3.44E-03
14.75	3.44E-03
14.75	3.44E-03
14.75	3.44E-03
14.75	3.44E-03
14.75	3.44E-03
14.75	3.45E-03
14.75	3.45E-03
14.75	3.45E-03
14.75	3.45E-03
14.75	3.45E-03
14.75	3.45E-03
14.75	3.45E-03
14.76	3.46E-03
14.76	3.46E-03
14.76	3.46E-03
14.76	3.46E-03
14.76	3.46E-03
14.76	3.46E-03
14.76	3.46E-03
14.76	3.47E-03
14.76	3.47E-03
14.76	3.47E-03
14.76	3.47E-03
14.76	3.47E-03
14.76	3.47E-03
14.76	3.47E-03
14.76	3.48E-03
14.76	3.48E-03
14.76	3.48E-03
14.76	3.48E-03
14.76	3.48E-03
14.76	3.48E-03
14.77	3.48E-03
14.77	3.49E-03
14.77	3.49E-03
14.77	3.49E-03
14.77	3.49E-03
14.77	3.49E-03
14.77	3.49E-03
14.77	3.49E-03
14.77	3.50E-03
14.77	3.50E-03
14.77	3.50E-03
14.77	3.50E-03
14.77	3.50E-03
14.77	3.50E-03
14.77	3.50E-03
14.77	3.51E-03
14.77	3.51E-03
14.77	3.51E-03
14.77	3.51E-03
14.77	3.51E-03
14.77	3.51E-03
14.78	3.51E-03
14.78	3.52E-03
14.78	3.52E-03
14.78	3.52E-03
14.78	3.52E-03
14.78	3.52E-03
14.78	3.52E-03
14.78	3.52E-03
14.78	3.53E-03
14.78	3.53E-03
14.78	3.53E-03
14.78	3.53E-03
14.78	3.53E-03
14.78	3.53E-03
14.78	3.53E-03
14.78	3.54E-03
14.78	3.54E-03
14.78	3.54E-03
14.78	3.54E-03
14.78	3.54E-03
14.79	3.54E-03
14.79	3.54E-03
14.79	3.55E-03
14.79	3.55E-03
14.79	3.55E-03
14.79	3.55E-03
14.79	3.55E-03
14.79	3.55E-03
14.79	3.56E-03
14.79	3.56E-03
14.79	3.56E-03
14.79	3.56E-03
14.79	3.56E-03
14.79	3.56E-03
14.79	3.56E-03
14.79	3.57E-03
14.79	3.57E-03
14.79	3.57E-03
14.79	3.57E-03
14.8	3.57E-03
14.8	3.57E-03
14.8	3.57E-03
14.8	3.58E-03
14.8	3.58E-03
14.8	3.58E-03
14.8	3.58E-03
14.8	3.58E-03
14.8	3.58E-03
14.8	3.58E-03
14.8	3.59E-03
14.8	3.59E-03
14.8	3.59E-03
14.8	3.59E-03
14.8	3.59E-03
14.8	3.59E-03
14.8	3.59E-03
14.8	3.60E-03
14.8	3.60E-03
14.8	3.60E-03
14.81	3.60E-03
14.81	3.60E-03
14.81	3.60E-03
14.81	3.60E-03
14.81	3.61E-03
14.81	3.61E-03
14.81	3.61E-03
14.81	3.61E-03
14.81	3.61E-03
14.81	3.61E-03
14.81	3.62E-03
14.81	3.62E-03
14.81	3.62E-03
14.81	3.62E-03
14.81	3.62E-03
14.81	3.62E-03
14.81	3.62E-03
14.81	3.63E-03
14.81	3.63E-03
14.81	3.63E-03
14.81	3.63E-03
14.82	3.63E-03
14.82	3.63E-03
14.82	3.63E-03
14.82	3.64E-03
14.82	3.64E-03
14.82	3.64E-03
14.82	3.64E-03
14.82	3.64E-03
14.82	3.64E-03
14.82	3.64E-03
14.82	3.65E-03
14.82	3.65E-03
14.82	3.65E-03
14.82	3.65E-03
14.82	3.65E-03
14.82	3.65E-03
14.82	3.65E-03
14.82	3.66E-03
14.82	3.66E-03
14.82	3.66E-03
14.83	3.66E-03
14.83	3.66E-03
14.83	3.66E-03
14.83	3.67E-03
14.83	3.67E-03
14.83	3.67E-03
14.83	3.67E-03
14.83	3.67E-03
14.83	3.67E-03
14.83	3.67E-03
14.83	3.68E-03
14.83	3.68E-03
14.83	3.68E-03
14.83	3.68E-03
14.83	3.68E-03
14.83	3.68E-03
14.83	3.68E-03
14.83	3.69E-03
14.83	3.69E-03
14.84	3.69E-03
14.84	3.69E-03
14.84	3.69E-03
14.84	3.69E-03
14.84	3.69E-03
14.84	3.70E-03
14.84	3.70E-03
14.84	3.70E-03
14.84	3.70E-03
14.84	3.70E-03
14.84	3.70E-03
14.84	3.71E-03
14.84	3.71E-03
14.84	3.71E-03
14.84	3.71E-03
14.84	3.71E-03
14.84	3.71E-03
14.84	3.71E-03
14.84	3.72E-03
14.84	3.72E-03
14.85	3.72E-03
14.85	3.72E-03
14.85	3.72E-03
14.85	3.72E-03
14.85	3.72E-03
14.85	3.73E-03
14.85	3.73E-03
14.85	3.73E-03
14.85	3.73E-03
14.85	3.73E-03
14.85	3.73E-03
14.85	3.74E-03
14.85	3.74E-03
14.85	3.74E-03
14.85	3.74E-03
14.85	3.74E-03
14.85	3.74E-03
14.85	3.74E-03
14.85	3.75E-03
14.85	3.75E-03
14.85	3.75E-03
14.86	3.75E-03
14.86	3.75E-03
14.86	3.75E-03
14.86	3.75E-03
14.86	3.76E-03
14.86	3.76E-03
14.86	3.76E-03
14.86	3.76E-03
14.86	3.76E-03
14.86	3.76E-03
14.86	3.76E-03
14.86	3.77E-03
14.86	3.77E-03
14.86	3.77E-03
14.86	3.77E-03
14.86	3.77E-03
14.86	3.77E-03
14.86	3.78E-03
14.86	3.78E-03
14.86	3.78E-03
14.87	3.78E-03
14.87	3.78E-03
14.87	3.78E-03
14.87	3.78E-03
14.87	3.79E-03
14.87	3.79E-03
14.87	3.79E-03
14.87	3.79E-03
14.87	3.79E-03
14.87	3.79E-03
14.87	3.79E-03
14.87	3.80E-03
14.87	3.80E-03
14.87	3.80E-03
14.87	3.80E-03
14.87	3.80E-03
14.87	3.80E-03
14.87	3.81E-03
14.87	3.81E-03
14.88	3.81E-03
14.88	3.81E-03
14.88	3.81E-03
14.88	3.81E-03
14.88	3.81E-03
14.88	3.82E-03
14.88	3.82E-03
14.88	3.82E-03
14.88	3.82E-03
14.88	3.82E-03
14.88	3.82E-03
14.88	3.83E-03
14.88	3.83E-03
14.88	3.83E-03
14.88	3.83E-03
14.88	3.83E-03
14.88	3.83E-03
14.88	3.83E-03
14.88	3.84E-03
14.88	3.84E-03
14.89	3.84E-03
14.89	3.84E-03
14.89	3.84E-03
14.89	3.84E-03
14.89	3.84E-03
14.89	3.85E-03
14.89	3.85E-03
14.89	3.85E-03
14.89	3.85E-03
14.89	3.85E-03
14.89	3.85E-03
14.89	3.86E-03
14.89	3.86E-03
14.89	3.86E-03
14.89	3.86E-03
14.89	3.86E-03
14.89	3.86E-03
14.89	3.86E-03
14.89	3.87E-03
14.89	3.87E-03
14.9	3.87E-03
14.9	3.87E-03
14.9	3.87E-03
14.9	3.87E-03
14.9	3.88E-03
14.9	3.88E-03
14.9	3.88E-03
14.9	3.88E-03
14.9	3.88E-03
14.9	3.88E-03
14.9	3.88E-03
14.9	3.89E-03
14.9	3.89E-03
14.9	3.89E-03
14.9	3.89E-03
14.9	3.89E-03
14.9	3.89E-03
14.9	3.89E-03
14.9	3.90E-03
14.9	3.90E-03
14.9	3.90E-03
14.91	3.90E-03
14.91	3.90E-03
14.91	3.90E-03
14.91	3.91E-03
14.91	3.91E-03
14.91	3.91E-03
14.91	3.91E-03
14.91	3.91E-03
14.91	3.91E-03
14.91	3.91E-03
14.91	3.92E-03
14.91	3.92E-03
14.91	3.92E-03
14.91	3.92E-03
14.91	3.92E-03
14.91	3.92E-03
14.91	3.93E-03
14.91	3.93E-03
14.91	3.93E-03
14.91	3.93E-03
14.92	3.93E-03
14.92	3.93E-03
14.92	3.93E-03
14.92	3.94E-03
14.92	3.94E-03
14.92	3.94E-03
14.92	3.94E-03
14.92	3.94E-03
14.92	3.94E-03
14.92	3.95E-03
14.92	3.95E-03
14.92	3.95E-03
14.92	3.95E-03
14.92	3.95E-03
14.92	3.95E-03
14.92	3.95E-03
14.92	3.96E-03
14.92	3.96E-03
14.92	3.96E-03
14.93	3.96E-03
14.93	3.96E-03
14.93	3.96E-03
14.93	3.97E-03
14.93	3.97E-03
14.93	3.97E-03
14.93	3.97E-03
14.93	3.97E-03
14.93	3.97E-03
14.93	3.97E-03
14.93	3.98E-03
14.93	3.98E-03
14.93	3.98E-03
14.93	3.98E-03
14.93	3.98E-03
14.93	3.98E-03
14.93	3.99E-03
14.93	3.99E-03
14.93	3.99E-03
14.93	3.99E-03
14.94	3.99E-03
14.94	3.99E-03
14.94	3.99E-03
14.94	4.00E-03
14.94	4.00E-03
14.94	4.00E-03
14.94	4.00E-03
14.94	4.00E-03
14.94	4.00E-03
14.94	4.01E-03
14.94	4.01E-03
14.94	4.01E-03
14.94	4.01E-03
14.94	4.01E-03
14.94	4.01E-03
14.94	4.01E-03
14.94	4.02E-03
14.94	4.02E-03
14.94	4.02E-03
14.94	4.02E-03
14.94	4.02E-03
14.95	4.02E-03
14.95	4.03E-03
14.95	4.03E-03
14.95	4.03E-03
14.95	4.03E-03
14.95	4.03E-03
14.95	4.03E-03
14.95	4.03E-03
14.95	4.04E-03
14.95	4.04E-03
14.95	4.04E-03
14.95	4.04E-03
14.95	4.04E-03
14.95	4.04E-03
14.95	4.05E-03
14.95	4.05E-03
14.95	4.05E-03
14.95	4.05E-03
14.95	4.05E-03
14.95	4.05E-03
14.96	4.05E-03
14.96	4.06E-03
14.96	4.06E-03
14.96	4.06E-03
14.96	4.06E-03
14.96	4.06E-03
14.96	4.06E-03
14.96	4.07E-03
14.96	4.07E-03
14.96	4.07E-03
14.96	4.07E-03
14.96	4.07E-03
14.96	4.07E-03
14.96	4.07E-03
14.96	4.08E-03
14.96	4.08E-03
14.96	4.08E-03
14.96	4.08E-03
14.96	4.08E-03
14.97	4.08E-03
14.97	4.09E-03
14.97	4.09E-03
14.97	4.09E-03
14.97	4.09E-03
14.97	4.09E-03
14.97	4.09E-03
14.97	4.10E-03
14.97	4.10E-03
14.97	4.10E-03
14.97	4.10E-03
14.97	4.10E-03
14.97	4.10E-03
14.97	4.10E-03
14.97	4.11E-03
14.97	4.11E-03
14.97	4.11E-03
14.97	4.11E-03
14.97	4.11E-03
14.97	4.11E-03
14.98	4.12E-03
14.98	4.12E-03
14.98	4.12E-03
14.98	4.12E-03
14.98	4.12E-03
14.98	4.12E-03
14.98	4.12E-03
14.98	4.13E-03
14.98	4.13E-03
14.98	4.13E-03
14.98	4.13E-03
14.98	4.13E-03
14.98	4.13E-03
14.98	4.14E-03
14.98	4.14E-03
14.98	4.14E-03
14.98	4.14E-03
14.98	4.14E-03
14.98	4.14E-03
14.98	4.15E-03
14.98	4.15E-03
14.99	4.15E-03
14.99	4.15E-03
14.99	4.15E-03
14.99	4.15E-03
14.99	4.15E-03
14.99	4.16E-03
14.99	4.16E-03
14.99	4.16E-03
14.99	4.16E-03
14.99	4.16E-03
14.99	4.16E-03
14.99	4.17E-03
14.99	4.17E-03
14.99	4.17E-03
14.99	4.17E-03
14.99	4.17E-03
14.99	4.17E-03
14.99	4.17E-03
14.99	4.18E-03
14.99	4.18E-03
15	4.18E-03
15	4.18E-03
15	4.18E-03
15	4.18E-03
15	4.19E-03
15	4.19E-03
15	4.19E-03
15	4.19E-03
15	4.19E-03
15	4.19E-03
15	4.20E-03
15	4.20E-03
15	4.20E-03
15	4.20E-03
15	4.20E-03
15	4.20E-03
15	4.20E-03
15	4.21E-03
15	4.21E-03
15.01	4.21E-03
15.01	4.21E-03
15.01	4.21E-03
15.01	4.21E-03
15.01	4.22E-03
15.01	4.22E-03
15.01	4.22E-03
15.01	4.22E-03
15.01	4.22E-03
15.01	4.22E-03
15.01	4.23E-03
15.01	4.23E-03
15.01	4.23E-03
15.01	4.23E-03
15.01	4.23E-03
15.01	4.23E-03
15.01	4.23E-03
15.01	4.24E-03
15.01	4.24E-03
15.01	4.24E-03
15.02	4.24E-03
15.02	4.24E-03
15.02	4.24E-03
15.02	4.25E-03
15.02	4.25E-03
15.02	4.25E-03
15.02	4.25E-03
15.02	4.25E-03
15.02	4.25E-03
15.02	4.26E-03
15.02	4.26E-03
15.02	4.26E-03
15.02	4.26E-03
15.02	4.26E-03
15.02	4.26E-03
15.02	4.26E-03
15.02	4.27E-03
15.02	4.27E-03
15.02	4.27E-03
15.02	4.27E-03
15.02	4.27E-03
15.03	4.27E-03
15.03	4.28E-03
15.03	4.28E-03
15.03	4.28E-03
15.03	4.28E-03
15.03	4.28E-03
15.03	4.28E-03
15.03	4.29E-03
15.03	4.29E-03
15.03	4.29E-03
15.03	4.29E-03
15.03	4.29E-03
15.03	4.29E-03
15.03	4.30E-03
15.03	4.30E-03
15.03	4.30E-03
15.03	4.30E-03
15.03	4.30E-03
15.03	4.30E-03
15.03	4.30E-03
15.04	4.31E-03
15.04	4.31E-03
15.04	4.31E-03
15.04	4.31E-03
15.04	4.31E-03
15.04	4.31E-03
15.04	4.32E-03
15.04	4.32E-03
15.04	4.32E-03
15.04	4.32E-03
15.04	4.32E-03
15.04	4.32E-03
15.04	4.33E-03
15.04	4.33E-03
15.04	4.33E-03
15.04	4.33E-03
15.04	4.33E-03
15.04	4.33E-03
15.04	4.34E-03
15.05	4.34E-03
15.05	4.34E-03
15.05	4.34E-03
15.05	4.34E-03
15.05	4.34E-03
15.05	4.34E-03
15.05	4.35E-03
15.05	4.35E-03
15.05	4.35E-03
15.05	4.35E-03
15.05	4.35E-03
15.05	4.35E-03
15.05	4.36E-03
15.05	4.36E-03
15.05	4.36E-03
15.05	4.36E-03
15.05	4.36E-03
15.05	4.36E-03
15.05	4.37E-03
15.05	4.37E-03
15.06	4.37E-03
15.06	4.37E-03
15.06	4.37E-03
15.06	4.37E-03
15.06	4.38E-03
15.06	4.38E-03
15.06	4.38E-03
15.06	4.38E-03
15.06	4.38E-03
15.06	4.38E-03
15.06	4.38E-03
15.06	4.39E-03
15.06	4.39E-03
15.06	4.39E-03
15.06	4.39E-03
15.06	4.39E-03
15.06	4.39E-03
15.06	4.40E-03
15.06	4.40E-03
15.06	4.40E-03
15.06	4.40E-03
15.07	4.40E-03
15.07	4.40E-03
15.07	4.41E-03
15.07	4.41E-03
15.07	4.41E-03
15.07	4.41E-03
15.07	4.41E-03
15.07	4.41E-03
15.07	4.42E-03
15.07	4.42E-03
15.07	4.42E-03
15.07	4.42E-03
15.07	4.42E-03
15.07	4.42E-03
15.07	4.43E-03
15.07	4.43E-03
15.07	4.43E-03
15.07	4.43E-03
15.07	4.43E-03
15.07	4.43E-03
15.08	4.43E-03
15.08	4.44E-03
15.08	4.44E-03
15.08	4.44E-03
15.08	4.44E-03
15.08	4.44E-03
15.08	4.44E-03
15.08	4.45E-03
15.08	4.45E-03
15.08	4.45E-03
15.08	4.45E-03
15.08	4.45E-03
15.08	4.45E-03
15.08	4.46E-03
15.08	4.46E-03
15.08	4.46E-03
15.08	4.46E-03
15.08	4.46E-03
15.08	4.46E-03
15.09	4.47E-03
15.09	4.47E-03
15.09	4.47E-03
15.09	4.47E-03
15.09	4.47E-03
15.09	4.47E-03
15.09	4.48E-03
15.09	4.48E-03
15.09	4.48E-03
15.09	4.48E-03
15.09	4.48E-03
15.09	4.48E-03
15.09	4.49E-03
15.09	4.49E-03
15.09	4.49E-03
15.09	4.49E-03
15.09	4.49E-03
15.09	4.49E-03
15.09	4.49E-03
15.09	4.50E-03
15.1	4.50E-03
15.1	4.50E-03
15.1	4.50E-03
15.1	4.50E-03
15.1	4.50E-03
15.1	4.51E-03
15.1	4.51E-03
15.1	4.51E-03
15.1	4.51E-03
15.1	4.51E-03
15.1	4.51E-03
15.1	4.52E-03
15.1	4.52E-03
15.1	4.52E-03
15.1	4.52E-03
15.1	4.52E-03
15.1	4.52E-03
15.1	4.53E-03
15.1	4.53E-03
15.1	4.53E-03
15.1	4.53E-03
15.11	4.53E-03
15.11	4.53E-03
15.11	4.54E-03
15.11	4.54E-03
15.11	4.54E-03
15.11	4.54E-03
15.11	4.54E-03
15.11	4.54E-03
15.11	4.55E-03
15.11	4.55E-03
15.11	4.55E-03
15.11	4.55E-03
15.11	4.55E-03
15.11	4.55E-03
15.11	4.56E-03
15.11	4.56E-03
15.11	4.56E-03
15.11	4.56E-03
15.11	4.56E-03
15.11	4.56E-03
15.12	4.57E-03
15.12	4.57E-03
15.12	4.57E-03
15.12	4.57E-03
15.12	4.57E-03
15.12	4.57E-03
15.12	4.57E-03
15.12	4.58E-03
15.12	4.58E-03
15.12	4.58E-03
15.12	4.58E-03
15.12	4.58E-03
15.12	4.58E-03
15.12	4.59E-03
15.12	4.59E-03
15.12	4.59E-03
15.12	4.59E-03
15.12	4.59E-03
15.12	4.59E-03
15.12	4.60E-03
15.13	4.60E-03
15.13	4.60E-03
15.13	4.60E-03
15.13	4.60E-03
15.13	4.60E-03
15.13	4.61E-03
15.13	4.61E-03
15.13	4.61E-03
15.13	4.61E-03
15.13	4.61E-03
15.13	4.61E-03
15.13	4.62E-03
15.13	4.62E-03
15.13	4.62E-03
15.13	4.62E-03
15.13	4.62E-03
15.13	4.62E-03
15.13	4.63E-03
15.13	4.63E-03
15.14	4.63E-03
15.14	4.63E-03
15.14	4.63E-03
15.14	4.63E-03
15.14	4.64E-03
15.14	4.64E-03
15.14	4.64E-03
15.14	4.64E-03
15.14	4.64E-03
15.14	4.64E-03
15.14	4.65E-03
15.14	4.65E-03
15.14	4.65E-03
15.14	4.65E-03
15.14	4.65E-03
15.14	4.65E-03
15.14	4.66E-03
15.14	4.66E-03
15.14	4.66E-03
15.14	4.66E-03
15.15	4.66E-03
15.15	4.66E-03
15.15	4.67E-03
15.15	4.67E-03
15.15	4.67E-03
15.15	4.67E-03
15.15	4.67E-03
15.15	4.67E-03
15.15	4.68E-03
15.15	4.68E-03
15.15	4.68E-03
15.15	4.68E-03
15.15	4.68E-03
15.15	4.68E-03
15.15	4.69E-03
15.15	4.69E-03
15.15	4.69E-03
15.15	4.69E-03
15.15	4.69E-03
15.15	4.69E-03
15.15	4.70E-03
15.16	4.70E-03
15.16	4.70E-03
15.16	4.70E-03
15.16	4.70E-03
15.16	4.70E-03
15.16	4.71E-03
15.16	4.71E-03
15.16	4.71E-03
15.16	4.71E-03
15.16	4.71E-03
15.16	4.71E-03
15.16	4.72E-03
15.16	4.72E-03
15.16	4.72E-03
15.16	4.72E-03
15.16	4.72E-03
15.16	4.72E-03
15.16	4.73E-03
15.16	4.73E-03
15.16	4.73E-03
15.17	4.73E-03
15.17	4.73E-03
15.17	4.73E-03
15.17	4.74E-03
15.17	4.74E-03
15.17	4.74E-03
15.17	4.74E-03
15.17	4.74E-03
15.17	4.74E-03
15.17	4.75E-03
15.17	4.75E-03
15.17	4.75E-03
15.17	4.75E-03
15.17	4.75E-03
15.17	4.75E-03
15.17	4.76E-03
15.17	4.76E-03
15.17	4.76E-03
15.17	4.76E-03
15.18	4.76E-03
15.18	4.76E-03
15.18	4.77E-03
15.18	4.77E-03
15.18	4.77E-03
15.18	4.77E-03
15.18	4.77E-03
15.18	4.77E-03
15.18	4.78E-03
15.18	4.78E-03
15.18	4.78E-03
15.18	4.78E-03
15.18	4.78E-03
15.18	4.78E-03
15.18	4.79E-03
15.18	4.79E-03
15.18	4.79E-03
15.18	4.79E-03
15.18	4.79E-03
15.18	4.79E-03
15.19	4.80E-03
15.19	4.80E-03
15.19	4.80E-03
15.19	4.80E-03
15.19	4.80E-03
15.19	4.80E-03
15.19	4.81E-03
15.19	4.81E-03
15.19	4.81E-03
15.19	4.81E-03
15.19	4.81E-03
15.19	4.81E-03
15.19	4.82E-03
15.19	4.82E-03
15.19	4.82E-03
15.19	4.82E-03
15.19	4.82E-03
15.19	4.82E-03
15.19	4.83E-03
15.19	4.83E-03
15.19	4.83E-03
15.2	4.83E-03
15.2	4.83E-03
15.2	4.83E-03
15.2	4.84E-03
15.2	4.84E-03
15.2	4.84E-03
15.2	4.84E-03
15.2	4.84E-03
15.2	4.84E-03
15.2	4.85E-03
15.2	4.85E-03
15.2	4.85E-03
15.2	4.85E-03
15.2	4.85E-03
15.2	4.85E-03
15.2	4.86E-03
15.2	4.86E-03
15.2	4.86E-03
15.2	4.86E-03
15.2	4.86E-03
15.21	4.86E-03
15.21	4.87E-03
15.21	4.87E-03
15.21	4.87E-03
15.21	4.87E-03
15.21	4.87E-03
15.21	4.87E-03
15.21	4.88E-03
15.21	4.88E-03
15.21	4.88E-03
15.21	4.88E-03
15.21	4.88E-03
15.21	4.88E-03
15.21	4.89E-03
15.21	4.89E-03
15.21	4.89E-03
15.21	4.89E-03
15.21	4.89E-03
15.21	4.89E-03
15.22	4.90E-03
15.22	4.90E-03
15.22	4.90E-03
15.22	4.90E-03
15.22	4.90E-03
15.22	4.90E-03
15.22	4.91E-03
15.22	4.91E-03
15.22	4.91E-03
15.22	4.91E-03
15.22	4.91E-03
15.22	4.92E-03
15.22	4.92E-03
15.22	4.92E-03
15.22	4.92E-03
15.22	4.92E-03
15.22	4.92E-03
15.22	4.93E-03
15.22	4.93E-03
15.22	4.93E-03
15.23	4.93E-03
15.23	4.93E-03
15.23	4.93E-03
15.23	4.94E-03
15.23	4.94E-03
15.23	4.94E-03
15.23	4.94E-03
15.23	4.94E-03
15.23	4.94E-03
15.23	4.95E-03
15.23	4.95E-03
15.23	4.95E-03
15.23	4.95E-03
15.23	4.95E-03
15.23	4.95E-03
15.23	4.96E-03
15.23	4.96E-03
15.23	4.96E-03
15.23	4.96E-03
15.23	4.96E-03
15.23	4.96E-03
15.24	4.97E-03
15.24	4.97E-03
15.24	4.97E-03
15.24	4.97E-03
15.24	4.97E-03
15.24	4.97E-03
15.24	4.98E-03
15.24	4.98E-03
15.24	4.98E-03
15.24	4.98E-03
15.24	4.98E-03
15.24	4.98E-03
15.24	4.99E-03
15.24	4.99E-03
15.24	4.99E-03
15.24	4.99E-03
15.24	4.99E-03
15.24	4.99E-03
15.24	5.00E-03
15.24	5.00E-03
15.25	5.00E-03
15.25	5.00E-03
15.25	5.00E-03
15.25	5.01E-03
15.25	5.01E-03
15.25	5.01E-03
15.25	5.01E-03
15.25	5.01E-03
15.25	5.01E-03
15.25	5.02E-03
15.25	5.02E-03
15.25	5.02E-03
15.25	5.02E-03
15.25	5.02E-03
15.25	5.02E-03
15.25	5.03E-03
15.25	5.03E-03
15.25	5.03E-03
15.25	5.03E-03
15.26	5.03E-03
15.26	5.03E-03
15.26	5.04E-03
15.26	5.04E-03
15.26	5.04E-03
15.26	5.04E-03
15.26	5.04E-03
15.26	5.04E-03
15.26	5.05E-03
15.26	5.05E-03
15.26	5.05E-03
15.26	5.05E-03
15.26	5.05E-03
15.26	5.05E-03
15.26	5.06E-03
15.26	5.06E-03
15.26	5.06E-03
15.26	5.06E-03
15.26	5.06E-03
15.26	5.07E-03
15.27	5.07E-03
15.27	5.07E-03
15.27	5.07E-03
15.27	5.07E-03
15.27	5.07E-03
15.27	5.08E-03
15.27	5.08E-03
15.27	5.08E-03
15.27	5.08E-03
15.27	5.08E-03
15.27	5.08E-03
15.27	5.09E-03
15.27	5.09E-03
15.27	5.09E-03
15.27	5.09E-03
15.27	5.09E-03
15.27	5.09E-03
15.27	5.10E-03
15.27	5.10E-03
15.27	5.10E-03
15.27	5.10E-03
15.28	5.10E-03
15.28	5.10E-03
15.28	5.11E-03
15.28	5.11E-03
15.28	5.11E-03
15.28	5.11E-03
15.28	5.11E-03
15.28	5.12E-03
15.28	5.12E-03
15.28	5.12E-03
15.28	5.12E-03
15.28	5.12E-03
15.28	5.12E-03
15.28	5.13E-03
15.28	5.13E-03
15.28	5.13E-03
15.28	5.13E-03
15.28	5.13E-03
15.28	5.13E-03
15.28	5.14E-03
15.29	5.14E-03
15.29	5.14E-03
15.29	5.14E-03
15.29	5.14E-03
15.29	5.14E-03
15.29	5.15E-03
15.29	5.15E-03
15.29	5.15E-03
15.29	5.15E-03
15.29	5.15E-03
15.29	5.15E-03
15.29	5.16E-03
15.29	5.16E-03
15.29	5.16E-03
15.29	5.16E-03
15.29	5.16E-03
15.29	5.17E-03
15.29	5.17E-03
15.29	5.17E-03
15.3	5.17E-03
15.3	5.17E-03
15.3	5.17E-03
15.3	5.18E-03
15.3	5.18E-03
15.3	5.18E-03
15.3	5.18E-03
15.3	5.18E-03
15.3	5.18E-03
15.3	5.19E-03
15.3	5.19E-03
15.3	5.19E-03
15.3	5.19E-03
15.3	5.19E-03
15.3	5.19E-03
15.3	5.20E-03
15.3	5.20E-03
15.3	5.20E-03
15.3	5.20E-03
15.3	5.20E-03
15.31	5.21E-03
15.31	5.21E-03
15.31	5.21E-03
15.31	5.21E-03
15.31	5.21E-03
15.31	5.21E-03
15.31	5.22E-03
15.31	5.22E-03
15.31	5.22E-03
15.31	5.22E-03
15.31	5.22E-03
15.31	5.22E-03
15.31	5.23E-03
15.31	5.23E-03
15.31	5.23E-03
15.31	5.23E-03
15.31	5.23E-03
15.31	5.23E-03
15.31	5.24E-03
15.31	5.24E-03
15.31	5.24E-03
15.32	5.24E-03
15.32	5.24E-03
15.32	5.25E-03
15.32	5.25E-03
15.32	5.25E-03
15.32	5.25E-03
15.32	5.25E-03
15.32	5.25E-03
15.32	5.26E-03
15.32	5.26E-03
15.32	5.26E-03
15.32	5.26E-03
15.32	5.26E-03
15.32	5.26E-03
15.32	5.27E-03
15.32	5.27E-03
15.32	5.27E-03
15.32	5.27E-03
15.32	5.27E-03
15.32	5.27E-03
15.33	5.28E-03
15.33	5.28E-03
15.33	5.28E-03
15.33	5.28E-03
15.33	5.28E-03
15.33	5.29E-03
15.33	5.29E-03
15.33	5.29E-03
15.33	5.29E-03
15.33	5.29E-03
15.33	5.29E-03
15.33	5.30E-03
15.33	5.30E-03
15.33	5.30E-03
15.33	5.30E-03
15.33	5.30E-03
15.33	5.30E-03
15.33	5.31E-03
15.33	5.31E-03
15.34	5.31E-03
15.34	5.31E-03
15.34	5.31E-03
15.34	5.32E-03
15.34	5.32E-03
15.34	5.32E-03
15.34	5.32E-03
15.34	5.32E-03
15.34	5.32E-03
15.34	5.33E-03
15.34	5.33E-03
15.34	5.33E-03
15.34	5.33E-03
15.34	5.33E-03
15.34	5.33E-03
15.34	5.34E-03
15.34	5.34E-03
15.34	5.34E-03
15.34	5.34E-03
15.34	5.34E-03
15.35	5.34E-03
15.35	5.35E-03
15.35	5.35E-03
15.35	5.35E-03
15.35	5.35E-03
15.35	5.35E-03
15.35	5.36E-03
15.35	5.36E-03
15.35	5.36E-03
15.35	5.36E-03
15.35	5.36E-03
15.35	5.36E-03
15.35	5.37E-03
15.35	5.37E-03
15.35	5.37E-03
15.35	5.37E-03
15.35	5.37E-03
15.35	5.37E-03
15.35	5.38E-03
15.35	5.38E-03
15.35	5.38E-03
15.36	5.38E-03
15.36	5.38E-03
15.36	5.39E-03
15.36	5.39E-03
15.36	5.39E-03
15.36	5.39E-03
15.36	5.39E-03
15.36	5.39E-03
15.36	5.40E-03
15.36	5.40E-03
15.36	5.40E-03
15.36	5.40E-03
15.36	5.40E-03
15.36	5.40E-03
15.36	5.41E-03
15.36	5.41E-03
15.36	5.41E-03
15.36	5.41E-03
15.36	5.41E-03
15.36	5.42E-03
15.37	5.42E-03
15.37	5.42E-03
15.37	5.42E-03
15.37	5.42E-03
15.37	5.42E-03
15.37	5.43E-03
15.37	5.43E-03
15.37	5.43E-03
15.37	5.43E-03
15.37	5.43E-03
15.37	5.43E-03
15.37	5.44E-03
15.37	5.44E-03
15.37	5.44E-03
15.37	5.44E-03
15.37	5.44E-03
15.37	5.45E-03
15.37	5.45E-03
15.37	5.45E-03
15.38	5.45E-03
15.38	5.45E-03
15.38	5.45E-03
15.38	5.46E-03
15.38	5.46E-03
15.38	5.46E-03
15.38	5.46E-03
15.38	5.46E-03
15.38	5.47E-03
15.38	5.47E-03
15.38	5.47E-03
15.38	5.47E-03
15.38	5.47E-03
15.38	5.47E-03
15.38	5.48E-03
15.38	5.48E-03
15.38	5.48E-03
15.38	5.48E-03
15.38	5.48E-03
15.38	5.48E-03
15.39	5.49E-03
15.39	5.49E-03
15.39	5.49E-03
15.39	5.49E-03
15.39	5.49E-03
15.39	5.50E-03
15.39	5.50E-03
15.39	5.50E-03
15.39	5.50E-03
15.39	5.50E-03
15.39	5.50E-03
15.39	5.51E-03
15.39	5.51E-03
15.39	5.51E-03
15.39	5.51E-03
15.39	5.51E-03
15.39	5.51E-03
15.39	5.52E-03
15.39	5.52E-03
15.39	5.52E-03
15.4	5.52E-03
15.4	5.52E-03
15.4	5.53E-03
15.4	5.53E-03
15.4	5.53E-03
15.4	5.53E-03
15.4	5.53E-03
15.4	5.53E-03
15.4	5.54E-03
15.4	5.54E-03
15.4	5.54E-03
15.4	5.54E-03
15.4	5.54E-03
15.4	5.55E-03
15.4	5.55E-03
15.4	5.55E-03
15.4	5.55E-03
15.4	5.55E-03
15.4	5.55E-03
15.4	5.56E-03
15.4	5.56E-03
15.41	5.56E-03
15.41	5.56E-03
15.41	5.56E-03
15.41	5.56E-03
15.41	5.57E-03
15.41	5.57E-03
15.41	5.57E-03
15.41	5.57E-03
15.41	5.57E-03
15.41	5.58E-03
15.41	5.58E-03
15.41	5.58E-03
15.41	5.58E-03
15.41	5.58E-03
15.41	5.58E-03
15.41	5.59E-03
15.41	5.59E-03
15.41	5.59E-03
15.41	5.59E-03
15.41	5.59E-03
15.42	5.60E-03
15.42	5.60E-03
15.42	5.60E-03
15.42	5.60E-03
15.42	5.60E-03
15.42	5.60E-03
15.42	5.61E-03
15.42	5.61E-03
15.42	5.61E-03
15.42	5.61E-03
15.42	5.61E-03
15.42	5.62E-03
15.42	5.62E-03
15.42	5.62E-03
15.42	5.62E-03
15.42	5.62E-03
15.42	5.62E-03
15.42	5.63E-03
15.42	5.63E-03
15.43	5.63E-03
15.43	5.63E-03
15.43	5.63E-03
15.43	5.63E-03
15.43	5.64E-03
15.43	5.64E-03
15.43	5.64E-03
15.43	5.64E-03
15.43	5.64E-03
15.43	5.65E-03
15.43	5.65E-03
15.43	5.65E-03
15.43	5.65E-03
15.43	5.65E-03
15.43	5.65E-03
15.43	5.66E-03
15.43	5.66E-03
15.43	5.66E-03
15.43	5.66E-03
15.43	5.66E-03
15.44	5.67E-03
15.44	5.67E-03
15.44	5.67E-03
15.44	5.67E-03
15.44	5.67E-03
15.44	5.67E-03
15.44	5.68E-03
15.44	5.68E-03
15.44	5.68E-03
15.44	5.68E-03
15.44	5.68E-03
15.44	5.69E-03
15.44	5.69E-03
15.44	5.69E-03
15.44	5.69E-03
15.44	5.69E-03
15.44	5.69E-03
15.44	5.70E-03
15.44	5.70E-03
15.44	5.70E-03
15.44	5.70E-03
15.45	5.70E-03
15.45	5.71E-03
15.45	5.71E-03
15.45	5.71E-03
15.45	5.71E-03
15.45	5.71E-03
15.45	5.71E-03
15.45	5.72E-03
15.45	5.72E-03
15.45	5.72E-03
15.45	5.72E-03
15.45	5.72E-03
15.45	5.73E-03
15.45	5.73E-03
15.45	5.73E-03
15.45	5.73E-03
15.45	5.73E-03
15.45	5.73E-03
15.45	5.74E-03
15.45	5.74E-03
15.46	5.74E-03
15.46	5.74E-03
15.46	5.74E-03
15.46	5.75E-03
15.46	5.75E-03
15.46	5.75E-03
15.46	5.75E-03
15.46	5.75E-03
15.46	5.75E-03
15.46	5.76E-03
15.46	5.76E-03
15.46	5.76E-03
15.46	5.76E-03
15.46	5.76E-03
15.46	5.77E-03
15.46	5.77E-03
15.46	5.77E-03
15.46	5.77E-03
15.46	5.77E-03
15.47	5.77E-03
15.47	5.78E-03
15.47	5.78E-03
15.47	5.78E-03
15.47	5.78E-03
15.47	5.78E-03
15.47	5.79E-03
15.47	5.79E-03
15.47	5.79E-03
15.47	5.79E-03
15.47	5.79E-03
15.47	5.79E-03
15.47	5.80E-03
15.47	5.80E-03
15.47	5.80E-03
15.47	5.80E-03
15.47	5.80E-03
15.47	5.81E-03
15.47	5.81E-03
15.47	5.81E-03
15.48	5.81E-03
15.48	5.81E-03
15.48	5.81E-03
15.48	5.82E-03
15.48	5.82E-03
15.48	5.82E-03
15.48	5.82E-03
15.48	5.82E-03
15.48	5.83E-03
15.48	5.83E-03
15.48	5.83E-03
15.48	5.83E-03
15.48	5.83E-03
15.48	5.83E-03
15.48	5.84E-03
15.48	5.84E-03
15.48	5.84E-03
15.48	5.84E-03
15.48	5.84E-03
15.48	5.85E-03
15.48	5.85E-03
15.49	5.85E-03
15.49	5.85E-03
15.49	5.85E-03
15.49	5.85E-03
15.49	5.86E-03
15.49	5.86E-03
15.49	5.86E-03
15.49	5.86E-03
15.49	5.86E-03
15.49	5.87E-03
15.49	5.87E-03
15.49	5.87E-03
15.49	5.87E-03
15.49	5.87E-03
15.49	5.87E-03
15.49	5.88E-03
15.49	5.88E-03
15.49	5.88E-03
15.49	5.88E-03
15.49	5.88E-03
15.5	5.89E-03
15.5	5.89E-03
15.5	5.89E-03
15.5	5.89E-03
15.5	5.89E-03
15.5	5.89E-03
15.5	5.90E-03
15.5	5.90E-03
15.5	5.90E-03
15.5	5.90E-03
15.5	5.90E-03
15.5	5.91E-03
15.5	5.91E-03
15.5	5.91E-03
15.5	5.91E-03
15.5	5.91E-03
15.5	5.91E-03
15.5	5.92E-03
15.5	5.92E-03
15.51	5.92E-03
15.51	5.92E-03
15.51	5.92E-03
15.51	5.93E-03
15.51	5.93E-03
15.51	5.93E-03
15.51	5.93E-03
15.51	5.93E-03
15.51	5.94E-03
15.51	5.94E-03
15.51	5.94E-03
15.51	5.94E-03
15.51	5.94E-03
15.51	5.94E-03
15.51	5.95E-03
15.51	5.95E-03
15.51	5.95E-03
15.51	5.95E-03
15.51	5.95E-03
15.51	5.96E-03
15.52	5.96E-03
15.52	5.96E-03
15.52	5.96E-03
15.52	5.96E-03
15.52	5.96E-03
15.52	5.97E-03
15.52	5.97E-03
15.52	5.97E-03
15.52	5.97E-03
15.52	5.97E-03
15.52	5.98E-03
15.52	5.98E-03
15.52	5.98E-03
15.52	5.98E-03
15.52	5.98E-03
15.52	5.98E-03
15.52	5.99E-03
15.52	5.99E-03
15.52	5.99E-03
15.52	5.99E-03
15.52	5.99E-03
15.53	6.00E-03
15.53	6.00E-03
15.53	6.00E-03
15.53	6.00E-03
15.53	6.00E-03
15.53	6.01E-03
15.53	6.01E-03
15.53	6.01E-03
15.53	6.01E-03
15.53	6.01E-03
15.53	6.01E-03
15.53	6.02E-03
15.53	6.02E-03
15.53	6.02E-03
15.53	6.02E-03
15.53	6.02E-03
15.53	6.03E-03
15.53	6.03E-03
15.53	6.03E-03
15.53	6.03E-03
15.54	6.03E-03
15.54	6.03E-03
15.54	6.04E-03
15.54	6.04E-03
15.54	6.04E-03
15.54	6.04E-03
15.54	6.04E-03
15.54	6.05E-03
15.54	6.05E-03
15.54	6.05E-03
15.54	6.05E-03
15.54	6.05E-03
15.54	6.06E-03
15.54	6.06E-03
15.54	6.06E-03
15.54	6.06E-03
15.54	6.06E-03
15.54	6.06E-03
15.54	6.07E-03
15.55	6.07E-03
15.55	6.07E-03
15.55	6.07E-03
15.55	6.07E-03
15.55	6.08E-03
15.55	6.08E-03
15.55	6.08E-03
15.55	6.08E-03
15.55	6.08E-03
15.55	6.08E-03
15.55	6.09E-03
15.55	6.09E-03
15.55	6.09E-03
15.55	6.09E-03
15.55	6.09E-03
15.55	6.10E-03
15.55	6.10E-03
15.55	6.10E-03
15.55	6.10E-03
15.55	6.10E-03
15.56	6.11E-03
15.56	6.11E-03
15.56	6.11E-03
15.56	6.11E-03
15.56	6.11E-03
15.56	6.11E-03
15.56	6.12E-03
15.56	6.12E-03
15.56	6.12E-03
15.56	6.12E-03
15.56	6.12E-03
15.56	6.13E-03
15.56	6.13E-03
15.56	6.13E-03
15.56	6.13E-03
15.56	6.13E-03
15.56	6.14E-03
15.56	6.14E-03
15.56	6.14E-03
15.56	6.14E-03
15.56	6.14E-03
15.57	6.14E-03
15.57	6.15E-03
15.57	6.15E-03
15.57	6.15E-03
15.57	6.15E-03
15.57	6.15E-03
15.57	6.16E-03
15.57	6.16E-03
15.57	6.16E-03
15.57	6.16E-03
15.57	6.16E-03
15.57	6.16E-03
15.57	6.17E-03
15.57	6.17E-03
15.57	6.17E-03
15.57	6.17E-03
15.57	6.17E-03
15.57	6.18E-03
15.57	6.18E-03
15.57	6.18E-03
15.58	6.18E-03
15.58	6.18E-03
15.58	6.19E-03
15.58	6.19E-03
15.58	6.19E-03
15.58	6.19E-03
15.58	6.19E-03
15.58	6.19E-03
15.58	6.20E-03
15.58	6.20E-03
15.58	6.20E-03
15.58	6.20E-03
15.58	6.20E-03
15.58	6.21E-03
15.58	6.21E-03
15.58	6.21E-03
15.58	6.21E-03
15.58	6.21E-03
15.58	6.22E-03
15.59	6.22E-03
15.59	6.22E-03
15.59	6.22E-03
15.59	6.22E-03
15.59	6.22E-03
15.59	6.23E-03
15.59	6.23E-03
15.59	6.23E-03
15.59	6.23E-03
15.59	6.23E-03
15.59	6.24E-03
15.59	6.24E-03
15.59	6.24E-03
15.59	6.24E-03
15.59	6.24E-03
15.59	6.25E-03
15.59	6.25E-03
15.59	6.25E-03
15.59	6.25E-03
15.59	6.25E-03
15.6	6.25E-03
15.6	6.26E-03
15.6	6.26E-03
15.6	6.26E-03
15.6	6.26E-03
15.6	6.26E-03
15.6	6.27E-03
15.6	6.27E-03
15.6	6.27E-03
15.6	6.27E-03
15.6	6.27E-03
15.6	6.28E-03
15.6	6.28E-03
15.6	6.28E-03
15.6	6.28E-03
15.6	6.28E-03
15.6	6.28E-03
15.6	6.29E-03
15.6	6.29E-03
15.6	6.29E-03
15.6	6.29E-03
15.61	6.29E-03
15.61	6.30E-03
15.61	6.30E-03
15.61	6.30E-03
15.61	6.30E-03
15.61	6.30E-03
15.61	6.31E-03
15.61	6.31E-03
15.61	6.31E-03
15.61	6.31E-03
15.61	6.31E-03
15.61	6.32E-03
15.61	6.32E-03
15.61	6.32E-03
15.61	6.32E-03
15.61	6.32E-03
15.61	6.32E-03
15.61	6.33E-03
15.61	6.33E-03
15.61	6.33E-03
15.62	6.33E-03
15.62	6.33E-03
15.62	6.34E-03
15.62	6.34E-03
15.62	6.34E-03
15.62	6.34E-03
15.62	6.34E-03
15.62	6.35E-03
15.62	6.35E-03
15.62	6.35E-03
15.62	6.35E-03
15.62	6.35E-03
15.62	6.35E-03
15.62	6.36E-03
15.62	6.36E-03
15.62	6.36E-03
15.62	6.36E-03
15.62	6.36E-03
15.62	6.37E-03
15.62	6.37E-03
15.63	6.37E-03
15.63	6.37E-03
15.63	6.37E-03
15.63	6.38E-03
15.63	6.38E-03
15.63	6.38E-03
15.63	6.38E-03
15.63	6.38E-03
15.63	6.39E-03
15.63	6.39E-03
15.63	6.39E-03
15.63	6.39E-03
15.63	6.39E-03
15.63	6.39E-03
15.63	6.40E-03
15.63	6.40E-03
15.63	6.40E-03
15.63	6.40E-03
15.63	6.40E-03
15.64	6.41E-03
15.64	6.41E-03
15.64	6.41E-03
15.64	6.41E-03
15.64	6.41E-03
15.64	6.42E-03
15.64	6.42E-03
15.64	6.42E-03
15.64	6.42E-03
15.64	6.42E-03
15.64	6.42E-03
15.64	6.43E-03
15.64	6.43E-03
15.64	6.43E-03
15.64	6.43E-03
15.64	6.43E-03
15.64	6.44E-03
15.64	6.44E-03
15.64	6.44E-03
15.64	6.44E-03
15.65	6.44E-03
15.65	6.45E-03
15.65	6.45E-03
15.65	6.45E-03
15.65	6.45E-03
15.65	6.45E-03
15.65	6.46E-03
15.65	6.46E-03
15.65	6.46E-03
15.65	6.46E-03
15.65	6.46E-03
15.65	6.46E-03
15.65	6.47E-03
15.65	6.47E-03
15.65	6.47E-03
15.65	6.47E-03
15.65	6.47E-03
15.65	6.48E-03
15.65	6.48E-03
15.65	6.48E-03
15.65	6.48E-03
15.66	6.48E-03
15.66	6.49E-03
15.66	6.49E-03
15.66	6.49E-03
15.66	6.49E-03
15.66	6.49E-03
15.66	6.50E-03
15.66	6.50E-03
15.66	6.50E-03
15.66	6.50E-03
15.66	6.50E-03
15.66	6.50E-03
15.66	6.51E-03
15.66	6.51E-03
15.66	6.51E-03
15.66	6.51E-03
15.66	6.51E-03
15.66	6.52E-03
15.66	6.52E-03
15.66	6.52E-03
15.67	6.52E-03
15.67	6.52E-03
15.67	6.53E-03
15.67	6.53E-03
15.67	6.53E-03
15.67	6.53E-03
15.67	6.53E-03
15.67	6.54E-03
15.67	6.54E-03
15.67	6.54E-03
15.67	6.54E-03
15.67	6.54E-03
15.67	6.55E-03
15.67	6.55E-03
15.67	6.55E-03
15.67	6.55E-03
15.67	6.55E-03
15.67	6.55E-03
15.67	6.56E-03
15.68	6.56E-03
15.68	6.56E-03
15.68	6.56E-03
15.68	6.56E-03
15.68	6.57E-03
15.68	6.57E-03
15.68	6.57E-03
15.68	6.57E-03
15.68	6.57E-03
15.68	6.58E-03
15.68	6.58E-03
15.68	6.58E-03
15.68	6.58E-03
15.68	6.58E-03
15.68	6.59E-03
15.68	6.59E-03
15.68	6.59E-03
15.68	6.59E-03
15.68	6.59E-03
15.68	6.59E-03
15.69	6.60E-03
15.69	6.60E-03
15.69	6.60E-03
15.69	6.60E-03
15.69	6.60E-03
15.69	6.61E-03
15.69	6.61E-03
15.69	6.61E-03
15.69	6.61E-03
15.69	6.61E-03
15.69	6.62E-03
15.69	6.62E-03
15.69	6.62E-03
15.69	6.62E-03
15.69	6.62E-03
15.69	6.63E-03
15.69	6.63E-03
15.69	6.63E-03
15.69	6.63E-03
15.69	6.63E-03
15.69	6.64E-03
15.7	6.64E-03
15.7	6.64E-03
15.7	6.64E-03
15.7	6.64E-03
15.7	6.64E-03
15.7	6.65E-03
15.7	6.65E-03
15.7	6.65E-03
15.7	6.65E-03
15.7	6.65E-03
15.7	6.66E-03
15.7	6.66E-03
15.7	6.66E-03
15.7	6.66E-03
15.7	6.66E-03
15.7	6.67E-03
15.7	6.67E-03
15.7	6.67E-03
15.7	6.67E-03
15.7	6.67E-03
15.71	6.68E-03
15.71	6.68E-03
15.71	6.68E-03
15.71	6.68E-03
15.71	6.68E-03
15.71	6.69E-03
15.71	6.69E-03
15.71	6.69E-03
15.71	6.69E-03
15.71	6.69E-03
15.71	6.70E-03
15.71	6.70E-03
15.71	6.70E-03
15.71	6.70E-03
15.71	6.70E-03
15.71	6.70E-03
15.71	6.71E-03
15.71	6.71E-03
15.71	6.71E-03
15.72	6.71E-03
15.72	6.71E-03
15.72	6.72E-03
15.72	6.72E-03
15.72	6.72E-03
15.72	6.72E-03
15.72	6.72E-03
15.72	6.73E-03
15.72	6.73E-03
15.72	6.73E-03
15.72	6.73E-03
15.72	6.73E-03
15.72	6.74E-03
15.72	6.74E-03
15.72	6.74E-03
15.72	6.74E-03
15.72	6.74E-03
15.72	6.75E-03
15.72	6.75E-03
15.72	6.75E-03
15.73	6.75E-03
15.73	6.75E-03
15.73	6.76E-03
15.73	6.76E-03
15.73	6.76E-03
15.73	6.76E-03
15.73	6.76E-03
15.73	6.76E-03
15.73	6.77E-03
15.73	6.77E-03
15.73	6.77E-03
15.73	6.77E-03
15.73	6.77E-03
15.73	6.78E-03
15.73	6.78E-03
15.73	6.78E-03
15.73	6.78E-03
15.73	6.78E-03
15.73	6.79E-03
15.73	6.79E-03
15.73	6.79E-03
15.74	6.79E-03
15.74	6.79E-03
15.74	6.80E-03
15.74	6.80E-03
15.74	6.80E-03
15.74	6.80E-03
15.74	6.80E-03
15.74	6.81E-03
15.74	6.81E-03
15.74	6.81E-03
15.74	6.81E-03
15.74	6.81E-03
15.74	6.82E-03
15.74	6.82E-03
15.74	6.82E-03
15.74	6.82E-03
15.74	6.82E-03
15.74	6.83E-03
15.74	6.83E-03
15.74	6.83E-03
15.75	6.83E-03
15.75	6.83E-03
15.75	6.83E-03
15.75	6.84E-03
15.75	6.84E-03
15.75	6.84E-03
15.75	6.84E-03
15.75	6.84E-03
15.75	6.85E-03
15.75	6.85E-03
15.75	6.85E-03
15.75	6.85E-03
15.75	6.85E-03
15.75	6.86E-03
15.75	6.86E-03
15.75	6.86E-03
15.75	6.86E-03
15.75	6.86E-03
15.75	6.87E-03
15.76	6.87E-03
15.76	6.87E-03
15.76	6.87E-03
15.76	6.87E-03
15.76	6.88E-03
15.76	6.88E-03
15.76	6.88E-03
15.76	6.88E-03
15.76	6.88E-03
15.76	6.89E-03
15.76	6.89E-03
15.76	6.89E-03
15.76	6.89E-03
15.76	6.89E-03
15.76	6.90E-03
15.76	6.90E-03
15.76	6.90E-03
15.76	6.90E-03
15.76	6.90E-03
15.76	6.91E-03
15.77	6.91E-03
15.77	6.91E-03
15.77	6.91E-03
15.77	6.91E-03
15.77	6.91E-03
15.77	6.92E-03
15.77	6.92E-03
15.77	6.92E-03
15.77	6.92E-03
15.77	6.92E-03
15.77	6.93E-03
15.77	6.93E-03
15.77	6.93E-03
15.77	6.93E-03
15.77	6.93E-03
15.77	6.94E-03
15.77	6.94E-03
15.77	6.94E-03
15.77	6.94E-03
15.77	6.94E-03
15.77	6.95E-03
15.78	6.95E-03
15.78	6.95E-03
15.78	6.95E-03
15.78	6.95E-03
15.78	6.96E-03
15.78	6.96E-03
15.78	6.96E-03
15.78	6.96E-03
15.78	6.96E-03
15.78	6.97E-03
15.78	6.97E-03
15.78	6.97E-03
15.78	6.97E-03
15.78	6.97E-03
15.78	6.98E-03
15.78	6.98E-03
15.78	6.98E-03
15.78	6.98E-03
15.78	6.98E-03
15.78	6.99E-03
15.79	6.99E-03
15.79	6.99E-03
15.79	6.99E-03
15.79	6.99E-03
15.79	7.00E-03
15.79	7.00E-03
15.79	7.00E-03
15.79	7.00E-03
15.79	7.00E-03
15.79	7.01E-03
15.79	7.01E-03
15.79	7.01E-03
15.79	7.01E-03
15.79	7.01E-03
15.79	7.01E-03
15.79	7.02E-03
15.79	7.02E-03
15.79	7.02E-03
15.79	7.02E-03
15.8	7.02E-03
15.8	7.03E-03
15.8	7.03E-03
15.8	7.03E-03
15.8	7.03E-03
15.8	7.03E-03
15.8	7.04E-03
15.8	7.04E-03
15.8	7.04E-03
15.8	7.04E-03
15.8	7.04E-03
15.8	7.05E-03
15.8	7.05E-03
15.8	7.05E-03
15.8	7.05E-03
15.8	7.05E-03
15.8	7.06E-03
15.8	7.06E-03
15.8	7.06E-03
15.8	7.06E-03
15.81	7.06E-03
15.81	7.07E-03
15.81	7.07E-03
15.81	7.07E-03
15.81	7.07E-03
15.81	7.07E-03
15.81	7.08E-03
15.81	7.08E-03
15.81	7.08E-03
15.81	7.08E-03
15.81	7.08E-03
15.81	7.09E-03
15.81	7.09E-03
15.81	7.09E-03
15.81	7.09E-03
15.81	7.09E-03
15.81	7.10E-03
15.81	7.10E-03
15.81	7.10E-03
15.81	7.10E-03
15.81	7.10E-03
15.82	7.11E-03
15.82	7.11E-03
15.82	7.11E-03
15.82	7.11E-03
15.82	7.11E-03
15.82	7.12E-03
15.82	7.12E-03
15.82	7.12E-03
15.82	7.12E-03
15.82	7.12E-03
15.82	7.13E-03
15.82	7.13E-03
15.82	7.13E-03
15.82	7.13E-03
15.82	7.13E-03
15.82	7.14E-03
15.82	7.14E-03
15.82	7.14E-03
15.82	7.14E-03
15.82	7.14E-03
15.83	7.15E-03
15.83	7.15E-03
15.83	7.15E-03
15.83	7.15E-03
15.83	7.15E-03
15.83	7.16E-03
15.83	7.16E-03
15.83	7.16E-03
15.83	7.16E-03
15.83	7.16E-03
15.83	7.17E-03
15.83	7.17E-03
15.83	7.17E-03
15.83	7.17E-03
15.83	7.17E-03
15.83	7.18E-03
15.83	7.18E-03
15.83	7.18E-03
15.83	7.18E-03
15.84	7.18E-03
15.84	7.18E-03
15.84	7.19E-03
15.84	7.19E-03
15.84	7.19E-03
15.84	7.19E-03
15.84	7.19E-03
15.84	7.20E-03
15.84	7.20E-03
15.84	7.20E-03
15.84	7.20E-03
15.84	7.20E-03
15.84	7.21E-03
15.84	7.21E-03
15.84	7.21E-03
15.84	7.21E-03
15.84	7.21E-03
15.84	7.22E-03
15.84	7.22E-03
15.84	7.22E-03
15.85	7.22E-03
15.85	7.22E-03
15.85	7.23E-03
15.85	7.23E-03
15.85	7.23E-03
15.85	7.23E-03
15.85	7.23E-03
15.85	7.24E-03
15.85	7.24E-03
15.85	7.24E-03
15.85	7.24E-03
15.85	7.24E-03
15.85	7.25E-03
15.85	7.25E-03
15.85	7.25E-03
15.85	7.25E-03
15.85	7.25E-03
15.85	7.26E-03
15.85	7.26E-03
15.85	7.26E-03
15.85	7.26E-03
15.86	7.26E-03
15.86	7.27E-03
15.86	7.27E-03
15.86	7.27E-03
15.86	7.27E-03
15.86	7.27E-03
15.86	7.28E-03
15.86	7.28E-03
15.86	7.28E-03
15.86	7.28E-03
15.86	7.28E-03
15.86	7.29E-03
15.86	7.29E-03
15.86	7.29E-03
15.86	7.29E-03
15.86	7.29E-03
15.86	7.30E-03
15.86	7.30E-03
15.86	7.30E-03
15.86	7.30E-03
15.87	7.30E-03
15.87	7.31E-03
15.87	7.31E-03
15.87	7.31E-03
15.87	7.31E-03
15.87	7.31E-03
15.87	7.32E-03
15.87	7.32E-03
15.87	7.32E-03
15.87	7.32E-03
15.87	7.32E-03
15.87	7.33E-03
15.87	7.33E-03
15.87	7.33E-03
15.87	7.33E-03
15.87	7.33E-03
15.87	7.34E-03
15.87	7.34E-03
15.87	7.34E-03
15.88	7.34E-03
15.88	7.34E-03
15.88	7.35E-03
15.88	7.35E-03
15.88	7.35E-03
15.88	7.35E-03
15.88	7.35E-03
15.88	7.36E-03
15.88	7.36E-03
15.88	7.36E-03
15.88	7.36E-03
15.88	7.36E-03
15.88	7.37E-03
15.88	7.37E-03
15.88	7.37E-03
15.88	7.37E-03
15.88	7.37E-03
15.88	7.38E-03
15.88	7.38E-03
15.88	7.38E-03
15.89	7.38E-03
15.89	7.38E-03
15.89	7.39E-03
15.89	7.39E-03
15.89	7.39E-03
15.89	7.39E-03
15.89	7.39E-03
15.89	7.40E-03
15.89	7.40E-03
15.89	7.40E-03
15.89	7.40E-03
15.89	7.40E-03
15.89	7.41E-03
15.89	7.41E-03
15.89	7.41E-03
15.89	7.41E-03
15.89	7.41E-03
15.89	7.42E-03
15.89	7.42E-03
15.89	7.42E-03
15.9	7.42E-03
15.9	7.42E-03
15.9	7.43E-03
15.9	7.43E-03
15.9	7.43E-03
15.9	7.43E-03
15.9	7.43E-03
15.9	7.44E-03
15.9	7.44E-03
15.9	7.44E-03
15.9	7.44E-03
15.9	7.44E-03
15.9	7.45E-03
15.9	7.45E-03
15.9	7.45E-03
15.9	7.45E-03
15.9	7.45E-03
15.9	7.46E-03
15.9	7.46E-03
15.9	7.46E-03
15.9	7.46E-03
15.91	7.47E-03
15.91	7.47E-03
15.91	7.47E-03
15.91	7.47E-03
15.91	7.47E-03
15.91	7.48E-03
15.91	7.48E-03
15.91	7.48E-03
15.91	7.48E-03
15.91	7.48E-03
15.91	7.49E-03
15.91	7.49E-03
15.91	7.49E-03
15.91	7.49E-03
15.91	7.49E-03
15.91	7.50E-03
15.91	7.50E-03
15.91	7.50E-03
15.91	7.50E-03
15.91	7.50E-03
15.92	7.51E-03
15.92	7.51E-03
15.92	7.51E-03
15.92	7.51E-03
15.92	7.51E-03
15.92	7.52E-03
15.92	7.52E-03
15.92	7.52E-03
15.92	7.52E-03
15.92	7.52E-03
15.92	7.53E-03
15.92	7.53E-03
15.92	7.53E-03
15.92	7.53E-03
15.92	7.53E-03
15.92	7.54E-03
15.92	7.54E-03
15.92	7.54E-03
15.92	7.54E-03
15.93	7.54E-03
15.93	7.55E-03
15.93	7.55E-03
15.93	7.55E-03
15.93	7.55E-03
15.93	7.55E-03
15.93	7.56E-03
15.93	7.56E-03
15.93	7.56E-03
15.93	7.56E-03
15.93	7.56E-03
15.93	7.57E-03
15.93	7.57E-03
15.93	7.57E-03
15.93	7.57E-03
15.93	7.57E-03
15.93	7.58E-03
15.93	7.58E-03
15.93	7.58E-03
15.93	7.58E-03
15.94	7.58E-03
15.94	7.59E-03
15.94	7.59E-03
15.94	7.59E-03
15.94	7.59E-03
15.94	7.59E-03
15.94	7.60E-03
15.94	7.60E-03
15.94	7.60E-03
15.94	7.60E-03
15.94	7.60E-03
15.94	7.61E-03
15.94	7.61E-03
15.94	7.61E-03
15.94	7.61E-03
15.94	7.61E-03
15.94	7.62E-03
15.94	7.62E-03
15.94	7.62E-03
15.94	7.62E-03
15.94	7.62E-03
15.95	7.63E-03
15.95	7.63E-03
15.95	7.63E-03
15.95	7.63E-03
15.95	7.64E-03
15.95	7.64E-03
15.95	7.64E-03
15.95	7.64E-03
15.95	7.64E-03
15.95	7.65E-03
15.95	7.65E-03
15.95	7.65E-03
15.95	7.65E-03
15.95	7.65E-03
15.95	7.66E-03
15.95	7.66E-03
15.95	7.66E-03
15.95	7.66E-03
15.95	7.66E-03
15.95	7.67E-03
15.96	7.67E-03
15.96	7.67E-03
15.96	7.67E-03
15.96	7.67E-03
15.96	7.68E-03
15.96	7.68E-03
15.96	7.68E-03
15.96	7.68E-03
15.96	7.68E-03
15.96	7.69E-03
15.96	7.69E-03
15.96	7.69E-03
15.96	7.69E-03
15.96	7.69E-03
15.96	7.70E-03
15.96	7.70E-03
15.96	7.70E-03
15.96	7.70E-03
15.96	7.70E-03
15.97	7.71E-03
15.97	7.71E-03
15.97	7.71E-03
15.97	7.71E-03
15.97	7.71E-03
15.97	7.72E-03
15.97	7.72E-03
15.97	7.72E-03
15.97	7.72E-03
15.97	7.72E-03
15.97	7.73E-03
15.97	7.73E-03
15.97	7.73E-03
15.97	7.73E-03
15.97	7.73E-03
15.97	7.74E-03
15.97	7.74E-03
15.97	7.74E-03
15.97	7.74E-03
15.97	7.75E-03
15.98	7.75E-03
15.98	7.75E-03
15.98	7.75E-03
15.98	7.75E-03
15.98	7.76E-03
15.98	7.76E-03
15.98	7.76E-03
15.98	7.76E-03
15.98	7.76E-03
15.98	7.77E-03
15.98	7.77E-03
15.98	7.77E-03
15.98	7.77E-03
15.98	7.77E-03
15.98	7.78E-03
15.98	7.78E-03
15.98	7.78E-03
15.98	7.78E-03
15.98	7.78E-03
15.98	7.79E-03
15.98	7.79E-03
15.99	7.79E-03
15.99	7.79E-03
15.99	7.79E-03
15.99	7.80E-03
15.99	7.80E-03
15.99	7.80E-03
15.99	7.80E-03
15.99	7.80E-03
15.99	7.81E-03
15.99	7.81E-03
15.99	7.81E-03
15.99	7.81E-03
15.99	7.81E-03
15.99	7.82E-03
15.99	7.82E-03
15.99	7.82E-03
15.99	7.82E-03
15.99	7.82E-03
15.99	7.83E-03
15.99	7.83E-03
16	7.83E-03
16	7.83E-03
16	7.84E-03
16	7.84E-03
16	7.84E-03
16	7.84E-03
16	7.84E-03
16	7.85E-03
16	7.85E-03
16	7.85E-03
16	7.85E-03
16	7.85E-03
16	7.86E-03
16	7.86E-03
16	7.86E-03
16	7.86E-03
16	7.86E-03
16	7.87E-03
16	7.87E-03
16	7.87E-03
16.01	7.87E-03
16.01	7.87E-03
16.01	7.88E-03
16.01	7.88E-03
16.01	7.88E-03
16.01	7.88E-03
16.01	7.88E-03
16.01	7.89E-03
16.01	7.89E-03
16.01	7.89E-03
16.01	7.89E-03
16.01	7.89E-03
16.01	7.90E-03
16.01	7.90E-03
16.01	7.90E-03
16.01	7.90E-03
16.01	7.91E-03
16.01	7.91E-03
16.01	7.91E-03
16.01	7.91E-03
16.02	7.91E-03
16.02	7.92E-03
16.02	7.92E-03
16.02	7.92E-03
16.02	7.92E-03
16.02	7.92E-03
16.02	7.93E-03
16.02	7.93E-03
16.02	7.93E-03
16.02	7.93E-03
16.02	7.93E-03
16.02	7.94E-03
16.02	7.94E-03
16.02	7.94E-03
16.02	7.94E-03
16.02	7.94E-03
16.02	7.95E-03
16.02	7.95E-03
16.02	7.95E-03
16.02	7.95E-03
16.03	7.95E-03
16.03	7.96E-03
16.03	7.96E-03
16.03	7.96E-03
16.03	7.96E-03
16.03	7.96E-03
16.03	7.97E-03
16.03	7.97E-03
16.03	7.97E-03
16.03	7.97E-03
16.03	7.98E-03
16.03	7.98E-03
16.03	7.98E-03
16.03	7.98E-03
16.03	7.98E-03
16.03	7.99E-03
16.03	7.99E-03
16.03	7.99E-03
16.03	7.99E-03
16.03	7.99E-03
16.04	8.00E-03
16.04	8.00E-03
16.04	8.00E-03
16.04	8.00E-03
16.04	8.00E-03
16.04	8.01E-03
16.04	8.01E-03
16.04	8.01E-03
16.04	8.01E-03
16.04	8.01E-03
16.04	8.02E-03
16.04	8.02E-03
16.04	8.02E-03
16.04	8.02E-03
16.04	8.02E-03
16.04	8.03E-03
16.04	8.03E-03
16.04	8.03E-03
16.04	8.03E-03
16.05	8.04E-03
16.05	8.04E-03
16.05	8.04E-03
16.05	8.04E-03
16.05	8.04E-03
16.05	8.05E-03
16.05	8.05E-03
16.05	8.05E-03
16.05	8.05E-03
16.05	8.05E-03
16.05	8.06E-03
16.05	8.06E-03
16.05	8.06E-03
16.05	8.06E-03
16.05	8.06E-03
16.05	8.07E-03
16.05	8.07E-03
16.05	8.07E-03
16.05	8.07E-03
16.05	8.07E-03
16.06	8.08E-03
16.06	8.08E-03
16.06	8.08E-03
16.06	8.08E-03
16.06	8.08E-03
16.06	8.09E-03
16.06	8.09E-03
16.06	8.09E-03
16.06	8.09E-03
16.06	8.10E-03
16.06	8.10E-03
16.06	8.10E-03
16.06	8.10E-03
16.06	8.10E-03
16.06	8.11E-03
16.06	8.11E-03
16.06	8.11E-03
16.06	8.11E-03
16.06	8.11E-03
16.06	8.12E-03
16.07	8.12E-03
16.07	8.12E-03
16.07	8.12E-03
16.07	8.12E-03
16.07	8.13E-03
16.07	8.13E-03
16.07	8.13E-03
16.07	8.13E-03
16.07	8.13E-03
16.07	8.14E-03
16.07	8.14E-03
16.07	8.14E-03
16.07	8.14E-03
16.07	8.15E-03
16.07	8.15E-03
16.07	8.15E-03
16.07	8.15E-03
16.07	8.15E-03
16.07	8.16E-03
16.07	8.16E-03
16.08	8.16E-03
16.08	8.16E-03
16.08	8.16E-03
16.08	8.17E-03
16.08	8.17E-03
16.08	8.17E-03
16.08	8.17E-03
16.08	8.17E-03
16.08	8.18E-03
16.08	8.18E-03
16.08	8.18E-03
16.08	8.18E-03
16.08	8.18E-03
16.08	8.19E-03
16.08	8.19E-03
16.08	8.19E-03
16.08	8.19E-03
16.08	8.20E-03
16.08	8.20E-03
16.08	8.20E-03
16.08	8.20E-03
16.09	8.20E-03
16.09	8.21E-03
16.09	8.21E-03
16.09	8.21E-03
16.09	8.21E-03
16.09	8.21E-03
16.09	8.22E-03
16.09	8.22E-03
16.09	8.22E-03
16.09	8.22E-03
16.09	8.22E-03
16.09	8.23E-03
16.09	8.23E-03
16.09	8.23E-03
16.09	8.23E-03
16.09	8.23E-03
16.09	8.24E-03
16.09	8.24E-03
16.09	8.24E-03
16.09	8.24E-03
16.1	8.25E-03
16.1	8.25E-03
16.1	8.25E-03
16.1	8.25E-03
16.1	8.25E-03
16.1	8.26E-03
16.1	8.26E-03
16.1	8.26E-03
16.1	8.26E-03
16.1	8.26E-03
16.1	8.27E-03
16.1	8.27E-03
16.1	8.27E-03
16.1	8.27E-03
16.1	8.27E-03
16.1	8.28E-03
16.1	8.28E-03
16.1	8.28E-03
16.1	8.28E-03
16.1	8.28E-03
16.11	8.29E-03
16.11	8.29E-03
16.11	8.29E-03
16.11	8.29E-03
16.11	8.30E-03
16.11	8.30E-03
16.11	8.30E-03
16.11	8.30E-03
16.11	8.30E-03
16.11	8.31E-03
16.11	8.31E-03
16.11	8.31E-03
16.11	8.31E-03
16.11	8.31E-03
16.11	8.32E-03
16.11	8.32E-03
16.11	8.32E-03
16.11	8.32E-03
16.11	8.32E-03
16.11	8.33E-03
16.12	8.33E-03
16.12	8.33E-03
16.12	8.33E-03
16.12	8.34E-03
16.12	8.34E-03
16.12	8.34E-03
16.12	8.34E-03
16.12	8.34E-03
16.12	8.35E-03
16.12	8.35E-03
16.12	8.35E-03
16.12	8.35E-03
16.12	8.35E-03
16.12	8.36E-03
16.12	8.36E-03
16.12	8.36E-03
16.12	8.36E-03
16.12	8.36E-03
16.12	8.37E-03
16.12	8.37E-03
16.13	8.37E-03
16.13	8.37E-03
16.13	8.38E-03
16.13	8.38E-03
16.13	8.38E-03
16.13	8.38E-03
16.13	8.38E-03
16.13	8.39E-03
16.13	8.39E-03
16.13	8.39E-03
16.13	8.39E-03
16.13	8.39E-03
16.13	8.40E-03
16.13	8.40E-03
16.13	8.40E-03
16.13	8.40E-03
16.13	8.40E-03
16.13	8.41E-03
16.13	8.41E-03
16.14	8.41E-03
16.14	8.41E-03
16.14	8.42E-03
16.14	8.42E-03
16.14	8.42E-03
16.14	8.42E-03
16.14	8.42E-03
16.14	8.43E-03
16.14	8.43E-03
16.14	8.43E-03
16.14	8.43E-03
16.14	8.43E-03
16.14	8.44E-03
16.14	8.44E-03
16.14	8.44E-03
16.14	8.44E-03
16.14	8.44E-03
16.14	8.45E-03
16.14	8.45E-03
16.14	8.45E-03
16.15	8.45E-03
16.15	8.46E-03
16.15	8.46E-03
16.15	8.46E-03
16.15	8.46E-03
16.15	8.46E-03
16.15	8.47E-03
16.15	8.47E-03
16.15	8.47E-03
16.15	8.47E-03
16.15	8.47E-03
16.15	8.48E-03
16.15	8.48E-03
16.15	8.48E-03
16.15	8.48E-03
16.15	8.48E-03
16.15	8.49E-03
16.15	8.49E-03
16.15	8.49E-03
16.15	8.49E-03
16.16	8.50E-03
16.16	8.50E-03
16.16	8.50E-03
16.16	8.50E-03
16.16	8.50E-03
16.16	8.51E-03
16.16	8.51E-03
16.16	8.51E-03
16.16	8.51E-03
16.16	8.51E-03
16.16	8.52E-03
16.16	8.52E-03
16.16	8.52E-03
16.16	8.52E-03
16.16	8.52E-03
16.16	8.53E-03
16.16	8.53E-03
16.16	8.53E-03
16.16	8.53E-03
16.16	8.54E-03
16.17	8.54E-03
16.17	8.54E-03
16.17	8.54E-03
16.17	8.54E-03
16.17	8.55E-03
16.17	8.55E-03
16.17	8.55E-03
16.17	8.55E-03
16.17	8.55E-03
16.17	8.56E-03
16.17	8.56E-03
16.17	8.56E-03
16.17	8.56E-03
16.17	8.56E-03
16.17	8.57E-03
16.17	8.57E-03
16.17	8.57E-03
16.17	8.57E-03
16.17	8.58E-03
16.17	8.58E-03
16.17	8.58E-03
16.18	8.58E-03
16.18	8.58E-03
16.18	8.59E-03
16.18	8.59E-03
16.18	8.59E-03
16.18	8.59E-03
16.18	8.59E-03
16.18	8.60E-03
16.18	8.60E-03
16.18	8.60E-03
16.18	8.60E-03
16.18	8.61E-03
16.18	8.61E-03
16.18	8.61E-03
16.18	8.61E-03
16.18	8.61E-03
16.18	8.62E-03
16.18	8.62E-03
16.18	8.62E-03
16.18	8.62E-03
16.19	8.62E-03
16.19	8.63E-03
16.19	8.63E-03
16.19	8.63E-03
16.19	8.63E-03
16.19	8.63E-03
16.19	8.64E-03
16.19	8.64E-03
16.19	8.64E-03
16.19	8.64E-03
16.19	8.65E-03
16.19	8.65E-03
16.19	8.65E-03
16.19	8.65E-03
16.19	8.65E-03
16.19	8.66E-03
16.19	8.66E-03
16.19	8.66E-03
16.19	8.66E-03
16.19	8.66E-03
16.2	8.67E-03
16.2	8.67E-03
16.2	8.67E-03
16.2	8.67E-03
16.2	8.68E-03
16.2	8.68E-03
16.2	8.68E-03
16.2	8.68E-03
16.2	8.68E-03
16.2	8.69E-03
16.2	8.69E-03
16.2	8.69E-03
16.2	8.69E-03
16.2	8.69E-03
16.2	8.70E-03
16.2	8.70E-03
16.2	8.70E-03
16.2	8.70E-03
16.2	8.71E-03
16.2	8.71E-03
16.21	8.71E-03
16.21	8.71E-03
16.21	8.71E-03
16.21	8.72E-03
16.21	8.72E-03
16.21	8.72E-03
16.21	8.72E-03
16.21	8.72E-03
16.21	8.73E-03
16.21	8.73E-03
16.21	8.73E-03
16.21	8.73E-03
16.21	8.73E-03
16.21	8.74E-03
16.21	8.74E-03
16.21	8.74E-03
16.21	8.74E-03
16.21	8.75E-03
16.21	8.75E-03
16.22	8.75E-03
16.22	8.75E-03
16.22	8.75E-03
16.22	8.76E-03
16.22	8.76E-03
16.22	8.76E-03
16.22	8.76E-03
16.22	8.76E-03
16.22	8.77E-03
16.22	8.77E-03
16.22	8.77E-03
16.22	8.77E-03
16.22	8.78E-03
16.22	8.78E-03
16.22	8.78E-03
16.22	8.78E-03
16.22	8.78E-03
16.22	8.79E-03
16.22	8.79E-03
16.22	8.79E-03
16.23	8.79E-03
16.23	8.79E-03
16.23	8.80E-03
16.23	8.80E-03
16.23	8.80E-03
16.23	8.80E-03
16.23	8.81E-03
16.23	8.81E-03
16.23	8.81E-03
16.23	8.81E-03
16.23	8.81E-03
16.23	8.82E-03
16.23	8.82E-03
16.23	8.82E-03
16.23	8.82E-03
16.23	8.82E-03
16.23	8.83E-03
16.23	8.83E-03
16.23	8.83E-03
16.23	8.83E-03
16.24	8.84E-03
16.24	8.84E-03
16.24	8.84E-03
16.24	8.84E-03
16.24	8.84E-03
16.24	8.85E-03
16.24	8.85E-03
16.24	8.85E-03
16.24	8.85E-03
16.24	8.85E-03
16.24	8.86E-03
16.24	8.86E-03
16.24	8.86E-03
16.24	8.86E-03
16.24	8.87E-03
16.24	8.87E-03
16.24	8.87E-03
16.24	8.87E-03
16.24	8.87E-03
16.24	8.88E-03
16.25	8.88E-03
16.25	8.88E-03
16.25	8.88E-03
16.25	8.88E-03
16.25	8.89E-03
16.25	8.89E-03
16.25	8.89E-03
16.25	8.89E-03
16.25	8.90E-03
16.25	8.90E-03
16.25	8.90E-03
16.25	8.90E-03
16.25	8.90E-03
16.25	8.91E-03
16.25	8.91E-03
16.25	8.91E-03
16.25	8.91E-03
16.25	8.91E-03
16.25	8.92E-03
16.25	8.92E-03
16.25	8.92E-03
16.26	8.92E-03
16.26	8.93E-03
16.26	8.93E-03
16.26	8.93E-03
16.26	8.93E-03
16.26	8.93E-03
16.26	8.94E-03
16.26	8.94E-03
16.26	8.94E-03
16.26	8.94E-03
16.26	8.94E-03
16.26	8.95E-03
16.26	8.95E-03
16.26	8.95E-03
16.26	8.95E-03
16.26	8.96E-03
16.26	8.96E-03
16.26	8.96E-03
16.26	8.96E-03
16.26	8.96E-03
16.27	8.97E-03
16.27	8.97E-03
16.27	8.97E-03
16.27	8.97E-03
16.27	8.97E-03
16.27	8.98E-03
16.27	8.98E-03
16.27	8.98E-03
16.27	8.98E-03
16.27	8.99E-03
16.27	8.99E-03
16.27	8.99E-03
16.27	8.99E-03
16.27	8.99E-03
16.27	9.00E-03
16.27	9.00E-03
16.27	9.00E-03
16.27	9.00E-03
16.27	9.00E-03
16.27	9.01E-03
16.28	9.01E-03
16.28	9.01E-03
16.28	9.01E-03
16.28	9.02E-03
16.28	9.02E-03
16.28	9.02E-03
16.28	9.02E-03
16.28	9.02E-03
16.28	9.03E-03
16.28	9.03E-03
16.28	9.03E-03
16.28	9.03E-03
16.28	9.03E-03
16.28	9.04E-03
16.28	9.04E-03
16.28	9.04E-03
16.28	9.04E-03
16.28	9.05E-03
16.28	9.05E-03
16.28	9.05E-03
16.29	9.05E-03
16.29	9.05E-03
16.29	9.06E-03
16.29	9.06E-03
16.29	9.06E-03
16.29	9.06E-03
16.29	9.07E-03
16.29	9.07E-03
16.29	9.07E-03
16.29	9.07E-03
16.29	9.07E-03
16.29	9.08E-03
16.29	9.08E-03
16.29	9.08E-03
16.29	9.08E-03
16.29	9.08E-03
16.29	9.09E-03
16.29	9.09E-03
16.29	9.09E-03
16.3	9.09E-03
16.3	9.10E-03
16.3	9.10E-03
16.3	9.10E-03
16.3	9.10E-03
16.3	9.10E-03
16.3	9.11E-03
16.3	9.11E-03
16.3	9.11E-03
16.3	9.11E-03
16.3	9.11E-03
16.3	9.12E-03
16.3	9.12E-03
16.3	9.12E-03
16.3	9.12E-03
16.3	9.13E-03
16.3	9.13E-03
16.3	9.13E-03
16.3	9.13E-03
16.3	9.13E-03
16.31	9.14E-03
16.31	9.14E-03
16.31	9.14E-03
16.31	9.14E-03
16.31	9.15E-03
16.31	9.15E-03
16.31	9.15E-03
16.31	9.15E-03
16.31	9.15E-03
16.31	9.16E-03
16.31	9.16E-03
16.31	9.16E-03
16.31	9.16E-03
16.31	9.16E-03
16.31	9.17E-03
16.31	9.17E-03
16.31	9.17E-03
16.31	9.17E-03
16.31	9.18E-03
16.31	9.18E-03
16.32	9.18E-03
16.32	9.18E-03
16.32	9.18E-03
16.32	9.19E-03
16.32	9.19E-03
16.32	9.19E-03
16.32	9.19E-03
16.32	9.19E-03
16.32	9.20E-03
16.32	9.20E-03
16.32	9.20E-03
16.32	9.20E-03
16.32	9.21E-03
16.32	9.21E-03
16.32	9.21E-03
16.32	9.21E-03
16.32	9.21E-03
16.32	9.22E-03
16.32	9.22E-03
16.32	9.22E-03
16.33	9.22E-03
16.33	9.23E-03
16.33	9.23E-03
16.33	9.23E-03
16.33	9.23E-03
16.33	9.23E-03
16.33	9.24E-03
16.33	9.24E-03
16.33	9.24E-03
16.33	9.24E-03
16.33	9.24E-03
16.33	9.25E-03
16.33	9.25E-03
16.33	9.25E-03
16.33	9.25E-03
16.33	9.26E-03
16.33	9.26E-03
16.33	9.26E-03
16.33	9.26E-03
16.33	9.26E-03
16.33	9.27E-03
16.34	9.27E-03
16.34	9.27E-03
16.34	9.27E-03
16.34	9.28E-03
16.34	9.28E-03
16.34	9.28E-03
16.34	9.28E-03
16.34	9.28E-03
16.34	9.29E-03
16.34	9.29E-03
16.34	9.29E-03
16.34	9.29E-03
16.34	9.29E-03
16.34	9.30E-03
16.34	9.30E-03
16.34	9.30E-03
16.34	9.30E-03
16.34	9.31E-03
16.34	9.31E-03
16.34	9.31E-03
16.35	9.31E-03
16.35	9.31E-03
16.35	9.32E-03
16.35	9.32E-03
16.35	9.32E-03
16.35	9.32E-03
16.35	9.33E-03
16.35	9.33E-03
16.35	9.33E-03
16.35	9.33E-03
16.35	9.33E-03
16.35	9.34E-03
16.35	9.34E-03
16.35	9.34E-03
16.35	9.34E-03
16.35	9.34E-03
16.35	9.35E-03
16.35	9.35E-03
16.35	9.35E-03
16.35	9.35E-03
16.36	9.36E-03
16.36	9.36E-03
16.36	9.36E-03
16.36	9.36E-03
16.36	9.36E-03
16.36	9.37E-03
16.36	9.37E-03
16.36	9.37E-03
16.36	9.37E-03
16.36	9.38E-03
16.36	9.38E-03
16.36	9.38E-03
16.36	9.38E-03
16.36	9.38E-03
16.36	9.39E-03
16.36	9.39E-03
16.36	9.39E-03
16.36	9.39E-03
16.36	9.40E-03
16.36	9.40E-03
16.37	9.40E-03
16.37	9.40E-03
16.37	9.40E-03
16.37	9.41E-03
16.37	9.41E-03
16.37	9.41E-03
16.37	9.41E-03
16.37	9.41E-03
16.37	9.42E-03
16.37	9.42E-03
16.37	9.42E-03
16.37	9.42E-03
16.37	9.43E-03
16.37	9.43E-03
16.37	9.43E-03
16.37	9.43E-03
16.37	9.43E-03
16.37	9.44E-03
16.37	9.44E-03
16.38	9.44E-03
16.38	9.44E-03
16.38	9.45E-03
16.38	9.45E-03
16.38	9.45E-03
16.38	9.45E-03
16.38	9.45E-03
16.38	9.46E-03
16.38	9.46E-03
16.38	9.46E-03
16.38	9.46E-03
16.38	9.46E-03
16.38	9.47E-03
16.38	9.47E-03
16.38	9.47E-03
16.38	9.47E-03
16.38	9.48E-03
16.38	9.48E-03
16.38	9.48E-03
16.38	9.48E-03
16.39	9.48E-03
16.39	9.49E-03
16.39	9.49E-03
16.39	9.49E-03
16.39	9.49E-03
16.39	9.50E-03
16.39	9.50E-03
16.39	9.50E-03
16.39	9.50E-03
16.39	9.50E-03
16.39	9.51E-03
16.39	9.51E-03
16.39	9.51E-03
16.39	9.51E-03
16.39	9.52E-03
16.39	9.52E-03
16.39	9.52E-03
16.39	9.52E-03
16.39	9.52E-03
16.39	9.53E-03
16.4	9.53E-03
16.4	9.53E-03
16.4	9.53E-03
16.4	9.53E-03
16.4	9.54E-03
16.4	9.54E-03
16.4	9.54E-03
16.4	9.54E-03
16.4	9.55E-03
16.4	9.55E-03
16.4	9.55E-03
16.4	9.55E-03
16.4	9.55E-03
16.4	9.56E-03
16.4	9.56E-03
16.4	9.56E-03
16.4	9.56E-03
16.4	9.57E-03
16.4	9.57E-03
16.4	9.57E-03
16.41	9.57E-03
16.41	9.57E-03
16.41	9.58E-03
16.41	9.58E-03
16.41	9.58E-03
16.41	9.58E-03
16.41	9.59E-03
16.41	9.59E-03
16.41	9.59E-03
16.41	9.59E-03
16.41	9.59E-03
16.41	9.60E-03
16.41	9.60E-03
16.41	9.60E-03
16.41	9.60E-03
16.41	9.61E-03
16.41	9.61E-03
16.41	9.61E-03
16.41	9.61E-03
16.41	9.61E-03
16.42	9.62E-03
16.42	9.62E-03
16.42	9.62E-03
16.42	9.62E-03
16.42	9.63E-03
16.42	9.63E-03
16.42	9.63E-03
16.42	9.63E-03
16.42	9.63E-03
16.42	9.64E-03
16.42	9.64E-03
16.42	9.64E-03
16.42	9.64E-03
16.42	9.64E-03
16.42	9.65E-03
16.42	9.65E-03
16.42	9.65E-03
16.42	9.65E-03
16.42	9.66E-03
16.42	9.66E-03
16.42	9.66E-03
16.43	9.66E-03
16.43	9.66E-03
16.43	9.67E-03
16.43	9.67E-03
16.43	9.67E-03
16.43	9.67E-03
16.43	9.68E-03
16.43	9.68E-03
16.43	9.68E-03
16.43	9.68E-03
16.43	9.68E-03
16.43	9.69E-03
16.43	9.69E-03
16.43	9.69E-03
16.43	9.69E-03
16.43	9.70E-03
16.43	9.70E-03
16.43	9.70E-03
16.43	9.70E-03
16.43	9.70E-03
16.44	9.71E-03
16.44	9.71E-03
16.44	9.71E-03
16.44	9.71E-03
16.44	9.72E-03
16.44	9.72E-03
16.44	9.72E-03
16.44	9.72E-03
16.44	9.72E-03
16.44	9.73E-03
16.44	9.73E-03
16.44	9.73E-03
16.44	9.73E-03
16.44	9.74E-03
16.44	9.74E-03
16.44	9.74E-03
16.44	9.74E-03
16.44	9.74E-03
16.44	9.75E-03
16.44	9.75E-03
16.45	9.75E-03
16.45	9.75E-03
16.45	9.75E-03
16.45	9.76E-03
16.45	9.76E-03
16.45	9.76E-03
16.45	9.76E-03
16.45	9.77E-03
16.45	9.77E-03
16.45	9.77E-03
16.45	9.77E-03
16.45	9.77E-03
16.45	9.78E-03
16.45	9.78E-03
16.45	9.78E-03
16.45	9.78E-03
16.45	9.79E-03
16.45	9.79E-03
16.45	9.79E-03
16.45	9.79E-03
16.46	9.79E-03
16.46	9.80E-03
16.46	9.80E-03
16.46	9.80E-03
16.46	9.80E-03
16.46	9.81E-03
16.46	9.81E-03
16.46	9.81E-03
16.46	9.81E-03
16.46	9.81E-03
16.46	9.82E-03
16.46	9.82E-03
16.46	9.82E-03
16.46	9.82E-03
16.46	9.83E-03
16.46	9.83E-03
16.46	9.83E-03
16.46	9.83E-03
16.46	9.83E-03
16.47	9.84E-03
16.47	9.84E-03
16.47	9.84E-03
16.47	9.84E-03
16.47	9.85E-03
16.47	9.85E-03
16.47	9.85E-03
16.47	9.85E-03
16.47	9.85E-03
16.47	9.86E-03
16.47	9.86E-03
16.47	9.86E-03
16.47	9.86E-03
16.47	9.87E-03
16.47	9.87E-03
16.47	9.87E-03
16.47	9.87E-03
16.47	9.87E-03
16.47	9.88E-03
16.47	9.88E-03
16.48	9.88E-03
16.48	9.88E-03
16.48	9.89E-03
16.48	9.89E-03
16.48	9.89E-03
16.48	9.89E-03
16.48	9.89E-03
16.48	9.90E-03
16.48	9.90E-03
16.48	9.90E-03
16.48	9.90E-03
16.48	9.91E-03
16.48	9.91E-03
16.48	9.91E-03
16.48	9.91E-03
16.48	9.91E-03
16.48	9.92E-03
16.48	9.92E-03
16.48	9.92E-03
16.48	9.92E-03
16.49	9.93E-03
16.49	9.93E-03
16.49	9.93E-03
16.49	9.93E-03
16.49	9.93E-03
16.49	9.94E-03
16.49	9.94E-03
16.49	9.94E-03
16.49	9.94E-03
16.49	9.95E-03
16.49	9.95E-03
16.49	9.95E-03
16.49	9.95E-03
16.49	9.95E-03
16.49	9.96E-03
16.49	9.96E-03
16.49	9.96E-03
16.49	9.96E-03
16.49	9.97E-03
16.49	9.97E-03
16.5	9.97E-03
16.5	9.97E-03
16.5	9.97E-03
16.5	9.98E-03
16.5	9.98E-03
16.5	9.98E-03
16.5	9.98E-03
16.5	9.99E-03
16.5	9.99E-03
16.5	9.99E-03
16.5	9.99E-03
16.5	9.99E-03
16.5	1.00E-02
16.5	1.00E-02
16.5	1.00E-02
16.5	1.00E-02
16.5	1.00E-02
16.5	1.00E-02
16.5	1.00E-02
16.5	1.00E-02
16.5	1.00E-02
16.51	1.00E-02
16.51	1.00E-02
16.51	1.00E-02
16.51	1.00E-02
16.51	1.00E-02
16.51	1.00E-02
16.51	1.00E-02
16.51	1.00E-02
16.51	1.00E-02
16.51	1.00E-02
16.51	1.00E-02
16.51	1.00E-02
16.51	1.00E-02
16.51	1.00E-02
16.51	1.01E-02
16.51	1.01E-02
16.51	1.01E-02
16.51	1.01E-02
16.51	1.01E-02
16.51	1.01E-02
16.52	1.01E-02
16.52	1.01E-02
16.52	1.01E-02
16.52	1.01E-02
16.52	1.01E-02
16.52	1.01E-02
16.52	1.01E-02
16.52	1.01E-02
16.52	1.01E-02
16.52	1.01E-02
16.52	1.01E-02
16.52	1.01E-02
16.52	1.01E-02
16.52	1.01E-02
16.52	1.01E-02
16.52	1.01E-02
16.52	1.01E-02
16.52	1.01E-02
16.52	1.01E-02
16.52	1.01E-02
16.53	1.01E-02
16.53	1.01E-02
16.53	1.01E-02
16.53	1.01E-02
16.53	1.01E-02
16.53	1.01E-02
16.53	1.01E-02
16.53	1.01E-02
16.53	1.01E-02
16.53	1.01E-02
16.53	1.01E-02
16.53	1.01E-02
16.53	1.01E-02
16.53	1.01E-02
16.53	1.01E-02
16.53	1.01E-02
16.53	1.01E-02
16.53	1.01E-02
16.53	1.02E-02
16.53	1.02E-02
16.54	1.02E-02
16.54	1.02E-02
16.54	1.02E-02
16.54	1.02E-02
16.54	1.02E-02
16.54	1.02E-02
16.54	1.02E-02
16.54	1.02E-02
16.54	1.02E-02
16.54	1.02E-02
16.54	1.02E-02
16.54	1.02E-02
16.54	1.02E-02
16.54	1.02E-02
16.54	1.02E-02
16.54	1.02E-02
16.54	1.02E-02
16.54	1.02E-02
16.54	1.02E-02
16.55	1.02E-02
16.55	1.02E-02
16.55	1.02E-02
16.55	1.02E-02
16.55	1.02E-02
16.55	1.02E-02
16.55	1.02E-02
16.55	1.02E-02
16.55	1.02E-02
16.55	1.02E-02
16.55	1.02E-02
16.55	1.02E-02
16.55	1.02E-02
16.55	1.02E-02
16.55	1.02E-02
16.55	1.02E-02
16.55	1.02E-02
16.55	1.02E-02
16.55	1.02E-02
16.55	1.02E-02
16.56	1.02E-02
16.56	1.02E-02
16.56	1.02E-02
16.56	1.02E-02
16.56	1.03E-02
16.56	1.03E-02
16.56	1.03E-02
16.56	1.03E-02
16.56	1.03E-02
16.56	1.03E-02
16.56	1.03E-02
16.56	1.03E-02
16.56	1.03E-02
16.56	1.03E-02
16.56	1.03E-02
16.56	1.03E-02
16.56	1.03E-02
16.56	1.03E-02
16.56	1.03E-02
16.56	1.03E-02
16.57	1.03E-02
16.57	1.03E-02
16.57	1.03E-02
16.57	1.03E-02
16.57	1.03E-02
16.57	1.03E-02
16.57	1.03E-02
16.57	1.03E-02
16.57	1.03E-02
16.57	1.03E-02
16.57	1.03E-02
16.57	1.03E-02
16.57	1.03E-02
16.57	1.03E-02
16.57	1.03E-02
16.57	1.03E-02
16.57	1.03E-02
16.57	1.03E-02
16.57	1.03E-02
16.57	1.03E-02
16.58	1.03E-02
16.58	1.03E-02
16.58	1.03E-02
16.58	1.03E-02
16.58	1.03E-02
16.58	1.03E-02
16.58	1.03E-02
16.58	1.03E-02
16.58	1.03E-02
16.58	1.04E-02
16.58	1.04E-02
16.58	1.04E-02
16.58	1.04E-02
16.58	1.04E-02
16.58	1.04E-02
16.58	1.04E-02
16.58	1.04E-02
16.58	1.04E-02
16.58	1.04E-02
16.58	1.04E-02
16.58	1.04E-02
16.59	1.04E-02
16.59	1.04E-02
16.59	1.04E-02
16.59	1.04E-02
16.59	1.04E-02
16.59	1.04E-02
16.59	1.04E-02
16.59	1.04E-02
16.59	1.04E-02
16.59	1.04E-02
16.59	1.04E-02
16.59	1.04E-02
16.59	1.04E-02
16.59	1.04E-02
16.59	1.04E-02
16.59	1.04E-02
16.59	1.04E-02
16.59	1.04E-02
16.59	1.04E-02
16.59	1.04E-02
16.6	1.04E-02
16.6	1.04E-02
16.6	1.04E-02
16.6	1.04E-02
16.6	1.04E-02
16.6	1.04E-02
16.6	1.04E-02
16.6	1.04E-02
16.6	1.04E-02
16.6	1.04E-02
16.6	1.04E-02
16.6	1.04E-02
16.6	1.05E-02
16.6	1.05E-02
16.6	1.05E-02
16.6	1.05E-02
16.6	1.05E-02
16.6	1.05E-02
16.6	1.05E-02
16.6	1.05E-02
16.61	1.05E-02
16.61	1.05E-02
16.61	1.05E-02
16.61	1.05E-02
16.61	1.05E-02
16.61	1.05E-02
16.61	1.05E-02
16.61	1.05E-02
16.61	1.05E-02
16.61	1.05E-02
16.61	1.05E-02
16.61	1.05E-02
16.61	1.05E-02
16.61	1.05E-02
16.61	1.05E-02
16.61	1.05E-02
16.61	1.05E-02
16.61	1.05E-02
16.61	1.05E-02
16.61	1.05E-02
16.62	1.05E-02
16.62	1.05E-02
16.62	1.05E-02
16.62	1.05E-02
16.62	1.05E-02
16.62	1.05E-02
16.62	1.05E-02
16.62	1.05E-02
16.62	1.05E-02
16.62	1.05E-02
16.62	1.05E-02
16.62	1.05E-02
16.62	1.05E-02
16.62	1.05E-02
16.62	1.05E-02
16.62	1.05E-02
16.62	1.05E-02
16.62	1.06E-02
16.62	1.06E-02
16.62	1.06E-02
16.63	1.06E-02
16.63	1.06E-02
16.63	1.06E-02
16.63	1.06E-02
16.63	1.06E-02
16.63	1.06E-02
16.63	1.06E-02
16.63	1.06E-02
16.63	1.06E-02
16.63	1.06E-02
16.63	1.06E-02
16.63	1.06E-02
16.63	1.06E-02
16.63	1.06E-02
16.63	1.06E-02
16.63	1.06E-02
16.63	1.06E-02
16.63	1.06E-02
16.63	1.06E-02
16.64	1.06E-02
16.64	1.06E-02
16.64	1.06E-02
16.64	1.06E-02
16.64	1.06E-02
16.64	1.06E-02
16.64	1.06E-02
16.64	1.06E-02
16.64	1.06E-02
16.64	1.06E-02
16.64	1.06E-02
16.64	1.06E-02
16.64	1.06E-02
16.64	1.06E-02
16.64	1.06E-02
16.64	1.06E-02
16.64	1.06E-02
16.64	1.06E-02
16.64	1.06E-02
16.64	1.06E-02
16.65	1.06E-02
16.65	1.06E-02
16.65	1.07E-02
16.65	1.07E-02
16.65	1.07E-02
16.65	1.07E-02
16.65	1.07E-02
16.65	1.07E-02
16.65	1.07E-02
16.65	1.07E-02
16.65	1.07E-02
16.65	1.07E-02
16.65	1.07E-02
16.65	1.07E-02
16.65	1.07E-02
16.65	1.07E-02
16.65	1.07E-02
16.65	1.07E-02
16.65	1.07E-02
16.65	1.07E-02
16.66	1.07E-02
16.66	1.07E-02
16.66	1.07E-02
16.66	1.07E-02
16.66	1.07E-02
16.66	1.07E-02
16.66	1.07E-02
16.66	1.07E-02
16.66	1.07E-02
16.66	1.07E-02
16.66	1.07E-02
16.66	1.07E-02
16.66	1.07E-02
16.66	1.07E-02
16.66	1.07E-02
16.66	1.07E-02
16.66	1.07E-02
16.66	1.07E-02
16.66	1.07E-02
16.66	1.07E-02
16.67	1.07E-02
16.67	1.07E-02
16.67	1.07E-02
16.67	1.07E-02
16.67	1.07E-02
16.67	1.07E-02
16.67	1.08E-02
16.67	1.08E-02
16.67	1.08E-02
16.67	1.08E-02
16.67	1.08E-02
16.67	1.08E-02
16.67	1.08E-02
16.67	1.08E-02
16.67	1.08E-02
16.67	1.08E-02
16.67	1.08E-02
16.67	1.08E-02
16.67	1.08E-02
16.67	1.08E-02
16.67	1.08E-02
16.68	1.08E-02
16.68	1.08E-02
16.68	1.08E-02
16.68	1.08E-02
16.68	1.08E-02
16.68	1.08E-02
16.68	1.08E-02
16.68	1.08E-02
16.68	1.08E-02
16.68	1.08E-02
16.68	1.08E-02
16.68	1.08E-02
16.68	1.08E-02
16.68	1.08E-02
16.68	1.08E-02
16.68	1.08E-02
16.68	1.08E-02
16.68	1.08E-02
16.68	1.08E-02
16.68	1.08E-02
16.69	1.08E-02
16.69	1.08E-02
16.69	1.08E-02
16.69	1.08E-02
16.69	1.08E-02
16.69	1.08E-02
16.69	1.08E-02
16.69	1.08E-02
16.69	1.08E-02
16.69	1.09E-02
16.69	1.09E-02
16.69	1.09E-02
16.69	1.09E-02
16.69	1.09E-02
16.69	1.09E-02
16.69	1.09E-02
16.69	1.09E-02
16.69	1.09E-02
16.69	1.09E-02
16.69	1.09E-02
16.7	1.09E-02
16.7	1.09E-02
16.7	1.09E-02
16.7	1.09E-02
16.7	1.09E-02
16.7	1.09E-02
16.7	1.09E-02
16.7	1.09E-02
16.7	1.09E-02
16.7	1.09E-02
16.7	1.09E-02
16.7	1.09E-02
16.7	1.09E-02
16.7	1.09E-02
16.7	1.09E-02
16.7	1.09E-02
16.7	1.09E-02
16.7	1.09E-02
16.7	1.09E-02
16.7	1.09E-02
16.71	1.09E-02
16.71	1.09E-02
16.71	1.09E-02
16.71	1.09E-02
16.71	1.09E-02
16.71	1.09E-02
16.71	1.09E-02
16.71	1.09E-02
16.71	1.09E-02
16.71	1.09E-02
16.71	1.09E-02
16.71	1.09E-02
16.71	1.09E-02
16.71	1.10E-02
16.71	1.10E-02
16.71	1.10E-02
16.71	1.10E-02
16.71	1.10E-02
16.71	1.10E-02
16.72	1.10E-02
16.72	1.10E-02
16.72	1.10E-02
16.72	1.10E-02
16.72	1.10E-02
16.72	1.10E-02
16.72	1.10E-02
16.72	1.10E-02
16.72	1.10E-02
16.72	1.10E-02
16.72	1.10E-02
16.72	1.10E-02
16.72	1.10E-02
16.72	1.10E-02
16.72	1.10E-02
16.72	1.10E-02
16.72	1.10E-02
16.72	1.10E-02
16.72	1.10E-02
16.72	1.10E-02
16.73	1.10E-02
16.73	1.10E-02
16.73	1.10E-02
16.73	1.10E-02
16.73	1.10E-02
16.73	1.10E-02
16.73	1.10E-02
16.73	1.10E-02
16.73	1.10E-02
16.73	1.10E-02
16.73	1.10E-02
16.73	1.10E-02
16.73	1.10E-02
16.73	1.10E-02
16.73	1.10E-02
16.73	1.10E-02
16.73	1.10E-02
16.73	1.10E-02
16.73	1.11E-02
16.73	1.11E-02
16.74	1.11E-02
16.74	1.11E-02
16.74	1.11E-02
16.74	1.11E-02
16.74	1.11E-02
16.74	1.11E-02
16.74	1.11E-02
16.74	1.11E-02
16.74	1.11E-02
16.74	1.11E-02
16.74	1.11E-02
16.74	1.11E-02
16.74	1.11E-02
16.74	1.11E-02
16.74	1.11E-02
16.74	1.11E-02
16.74	1.11E-02
16.74	1.11E-02
16.74	1.11E-02
16.74	1.11E-02
16.75	1.11E-02
16.75	1.11E-02
16.75	1.11E-02
16.75	1.11E-02
16.75	1.11E-02
16.75	1.11E-02
16.75	1.11E-02
16.75	1.11E-02
16.75	1.11E-02
16.75	1.11E-02
16.75	1.11E-02
16.75	1.11E-02
16.75	1.11E-02
16.75	1.11E-02
16.75	1.11E-02
16.75	1.11E-02
16.75	1.11E-02
16.75	1.11E-02
16.75	1.11E-02
16.75	1.11E-02
16.75	1.11E-02
16.76	1.12E-02
16.76	1.12E-02
16.76	1.12E-02
16.76	1.12E-02
16.76	1.12E-02
16.76	1.12E-02
16.76	1.12E-02
16.76	1.12E-02
16.76	1.12E-02
16.76	1.12E-02
16.76	1.12E-02
16.76	1.12E-02
16.76	1.12E-02
16.76	1.12E-02
16.76	1.12E-02
16.76	1.12E-02
16.76	1.12E-02
16.76	1.12E-02
16.76	1.12E-02
16.76	1.12E-02
16.77	1.12E-02
16.77	1.12E-02
16.77	1.12E-02
16.77	1.12E-02
16.77	1.12E-02
16.77	1.12E-02
16.77	1.12E-02
16.77	1.12E-02
16.77	1.12E-02
16.77	1.12E-02
16.77	1.12E-02
16.77	1.12E-02
16.77	1.12E-02
16.77	1.12E-02
16.77	1.12E-02
16.77	1.12E-02
16.77	1.12E-02
16.77	1.12E-02
16.77	1.12E-02
16.77	1.12E-02
16.78	1.12E-02
16.78	1.12E-02
16.78	1.12E-02
16.78	1.12E-02
16.78	1.13E-02
16.78	1.13E-02
16.78	1.13E-02
16.78	1.13E-02
16.78	1.13E-02
16.78	1.13E-02
16.78	1.13E-02
16.78	1.13E-02
16.78	1.13E-02
16.78	1.13E-02
16.78	1.13E-02
16.78	1.13E-02
16.78	1.13E-02
16.78	1.13E-02
16.78	1.13E-02
16.78	1.13E-02
16.79	1.13E-02
16.79	1.13E-02
16.79	1.13E-02
16.79	1.13E-02
16.79	1.13E-02
16.79	1.13E-02
16.79	1.13E-02
16.79	1.13E-02
16.79	1.13E-02
16.79	1.13E-02
16.79	1.13E-02
16.79	1.13E-02
16.79	1.13E-02
16.79	1.13E-02
16.79	1.13E-02
16.79	1.13E-02
16.79	1.13E-02
16.79	1.13E-02
16.79	1.13E-02
16.8	1.13E-02
16.8	1.13E-02
16.8	1.13E-02
16.8	1.13E-02
16.8	1.13E-02
16.8	1.13E-02
16.8	1.13E-02
16.8	1.13E-02
16.8	1.13E-02
16.8	1.14E-02
16.8	1.14E-02
16.8	1.14E-02
16.8	1.14E-02
16.8	1.14E-02
16.8	1.14E-02
16.8	1.14E-02
16.8	1.14E-02
16.8	1.14E-02
16.8	1.14E-02
16.8	1.14E-02
16.81	1.14E-02
16.81	1.14E-02
16.81	1.14E-02
16.81	1.14E-02
16.81	1.14E-02
16.81	1.14E-02
16.81	1.14E-02
16.81	1.14E-02
16.81	1.14E-02
16.81	1.14E-02
16.81	1.14E-02
16.81	1.14E-02
16.81	1.14E-02
16.81	1.14E-02
16.81	1.14E-02
16.81	1.14E-02
16.81	1.14E-02
16.81	1.14E-02
16.81	1.14E-02
16.81	1.14E-02
16.82	1.14E-02
16.82	1.14E-02
16.82	1.14E-02
16.82	1.14E-02
16.82	1.14E-02
16.82	1.14E-02
16.82	1.14E-02
16.82	1.14E-02
16.82	1.14E-02
16.82	1.14E-02
16.82	1.14E-02
16.82	1.14E-02
16.82	1.15E-02
16.82	1.15E-02
16.82	1.15E-02
16.82	1.15E-02
16.82	1.15E-02
16.82	1.15E-02
16.82	1.15E-02
16.82	1.15E-02
16.83	1.15E-02
16.83	1.15E-02
16.83	1.15E-02
16.83	1.15E-02
16.83	1.15E-02
16.83	1.15E-02
16.83	1.15E-02
16.83	1.15E-02
16.83	1.15E-02
16.83	1.15E-02
16.83	1.15E-02
16.83	1.15E-02
16.83	1.15E-02
16.83	1.15E-02
16.83	1.15E-02
16.83	1.15E-02
16.83	1.15E-02
16.83	1.15E-02
16.83	1.15E-02
16.83	1.15E-02
16.83	1.15E-02
16.84	1.15E-02
16.84	1.15E-02
16.84	1.15E-02
16.84	1.15E-02
16.84	1.15E-02
16.84	1.15E-02
16.84	1.15E-02
16.84	1.15E-02
16.84	1.15E-02
16.84	1.15E-02
16.84	1.15E-02
16.84	1.15E-02
16.84	1.15E-02
16.84	1.15E-02
16.84	1.16E-02
16.84	1.16E-02
16.84	1.16E-02
16.84	1.16E-02
16.84	1.16E-02
16.84	1.16E-02
16.85	1.16E-02
16.85	1.16E-02
16.85	1.16E-02
16.85	1.16E-02
16.85	1.16E-02
16.85	1.16E-02
16.85	1.16E-02
16.85	1.16E-02
16.85	1.16E-02
16.85	1.16E-02
16.85	1.16E-02
16.85	1.16E-02
16.85	1.16E-02
16.85	1.16E-02
16.85	1.16E-02
16.85	1.16E-02
16.85	1.16E-02
16.85	1.16E-02
16.85	1.16E-02
16.85	1.16E-02
16.86	1.16E-02
16.86	1.16E-02
16.86	1.16E-02
16.86	1.16E-02
16.86	1.16E-02
16.86	1.16E-02
16.86	1.16E-02
16.86	1.16E-02
16.86	1.16E-02
16.86	1.16E-02
16.86	1.16E-02
16.86	1.16E-02
16.86	1.16E-02
16.86	1.16E-02
16.86	1.16E-02
16.86	1.16E-02
16.86	1.16E-02
16.86	1.16E-02
16.86	1.17E-02
16.86	1.17E-02
16.87	1.17E-02
16.87	1.17E-02
16.87	1.17E-02
16.87	1.17E-02
16.87	1.17E-02
16.87	1.17E-02
16.87	1.17E-02
16.87	1.17E-02
16.87	1.17E-02
16.87	1.17E-02
16.87	1.17E-02
16.87	1.17E-02
16.87	1.17E-02
16.87	1.17E-02
16.87	1.17E-02
16.87	1.17E-02
16.87	1.17E-02
16.87	1.17E-02
16.87	1.17E-02
16.88	1.17E-02
16.88	1.17E-02
16.88	1.17E-02
16.88	1.17E-02
16.88	1.17E-02
16.88	1.17E-02
16.88	1.17E-02
16.88	1.17E-02
16.88	1.17E-02
16.88	1.17E-02
16.88	1.17E-02
16.88	1.17E-02
16.88	1.17E-02
16.88	1.17E-02
16.88	1.17E-02
16.88	1.17E-02
16.88	1.17E-02
16.88	1.17E-02
16.88	1.17E-02
16.88	1.17E-02
16.89	1.17E-02
16.89	1.17E-02
16.89	1.18E-02
16.89	1.18E-02
16.89	1.18E-02
16.89	1.18E-02
16.89	1.18E-02
16.89	1.18E-02
16.89	1.18E-02
16.89	1.18E-02
16.89	1.18E-02
16.89	1.18E-02
16.89	1.18E-02
16.89	1.18E-02
16.89	1.18E-02
16.89	1.18E-02
16.89	1.18E-02
16.89	1.18E-02
16.89	1.18E-02
16.89	1.18E-02
16.9	1.18E-02
16.9	1.18E-02
16.9	1.18E-02
16.9	1.18E-02
16.9	1.18E-02
16.9	1.18E-02
16.9	1.18E-02
16.9	1.18E-02
16.9	1.18E-02
16.9	1.18E-02
16.9	1.18E-02
16.9	1.18E-02
16.9	1.18E-02
16.9	1.18E-02
16.9	1.18E-02
16.9	1.18E-02
16.9	1.18E-02
16.9	1.18E-02
16.9	1.18E-02
16.9	1.18E-02
16.91	1.18E-02
16.91	1.18E-02
16.91	1.18E-02
16.91	1.18E-02
16.91	1.18E-02
16.91	1.19E-02
16.91	1.19E-02
16.91	1.19E-02
16.91	1.19E-02
16.91	1.19E-02
16.91	1.19E-02
16.91	1.19E-02
16.91	1.19E-02
16.91	1.19E-02
16.91	1.19E-02
16.91	1.19E-02
16.91	1.19E-02
16.91	1.19E-02
16.91	1.19E-02
16.91	1.19E-02
16.92	1.19E-02
16.92	1.19E-02
16.92	1.19E-02
16.92	1.19E-02
16.92	1.19E-02
16.92	1.19E-02
16.92	1.19E-02
16.92	1.19E-02
16.92	1.19E-02
16.92	1.19E-02
16.92	1.19E-02
16.92	1.19E-02
16.92	1.19E-02
16.92	1.19E-02
16.92	1.19E-02
16.92	1.19E-02
16.92	1.19E-02
16.92	1.19E-02
16.92	1.19E-02
16.92	1.19E-02
16.92	1.19E-02
16.93	1.19E-02
16.93	1.19E-02
16.93	1.19E-02
16.93	1.19E-02
16.93	1.19E-02
16.93	1.19E-02
16.93	1.19E-02
16.93	1.20E-02
16.93	1.20E-02
16.93	1.20E-02
16.93	1.20E-02
16.93	1.20E-02
16.93	1.20E-02
16.93	1.20E-02
16.93	1.20E-02
16.93	1.20E-02
16.93	1.20E-02
16.93	1.20E-02
16.93	1.20E-02
16.93	1.20E-02
16.94	1.20E-02
16.94	1.20E-02
16.94	1.20E-02
16.94	1.20E-02
16.94	1.20E-02
16.94	1.20E-02
16.94	1.20E-02
16.94	1.20E-02
16.94	1.20E-02
16.94	1.20E-02
16.94	1.20E-02
16.94	1.20E-02
16.94	1.20E-02
16.94	1.20E-02
16.94	1.20E-02
16.94	1.20E-02
16.94	1.20E-02
16.94	1.20E-02
16.94	1.20E-02
16.94	1.20E-02
16.95	1.20E-02
16.95	1.20E-02
16.95	1.20E-02
16.95	1.20E-02
16.95	1.20E-02
16.95	1.20E-02
16.95	1.20E-02
16.95	1.20E-02
16.95	1.20E-02
16.95	1.20E-02
16.95	1.21E-02
16.95	1.21E-02
16.95	1.21E-02
16.95	1.21E-02
16.95	1.21E-02
16.95	1.21E-02
16.95	1.21E-02
16.95	1.21E-02
16.95	1.21E-02
16.95	1.21E-02
16.96	1.21E-02
16.96	1.21E-02
16.96	1.21E-02
16.96	1.21E-02
16.96	1.21E-02
16.96	1.21E-02
16.96	1.21E-02
16.96	1.21E-02
16.96	1.21E-02
16.96	1.21E-02
16.96	1.21E-02
16.96	1.21E-02
16.96	1.21E-02
16.96	1.21E-02
16.96	1.21E-02
16.96	1.21E-02
16.96	1.21E-02
16.96	1.21E-02
16.96	1.21E-02
16.97	1.21E-02
16.97	1.21E-02
16.97	1.21E-02
16.97	1.21E-02
16.97	1.21E-02
16.97	1.21E-02
16.97	1.21E-02
16.97	1.21E-02
16.97	1.21E-02
16.97	1.21E-02
16.97	1.21E-02
16.97	1.21E-02
16.97	1.21E-02
16.97	1.21E-02
16.97	1.22E-02
16.97	1.22E-02
16.97	1.22E-02
16.97	1.22E-02
16.97	1.22E-02
16.97	1.22E-02
16.98	1.22E-02
16.98	1.22E-02
16.98	1.22E-02
16.98	1.22E-02
16.98	1.22E-02
16.98	1.22E-02
16.98	1.22E-02
16.98	1.22E-02
16.98	1.22E-02
16.98	1.22E-02
16.98	1.22E-02
16.98	1.22E-02
16.98	1.22E-02
16.98	1.22E-02
16.98	1.22E-02
16.98	1.22E-02
16.98	1.22E-02
16.98	1.22E-02
16.98	1.22E-02
16.98	1.22E-02
16.99	1.22E-02
16.99	1.22E-02
16.99	1.22E-02
16.99	1.22E-02
16.99	1.22E-02
16.99	1.22E-02
16.99	1.22E-02
16.99	1.22E-02
16.99	1.22E-02
16.99	1.22E-02
16.99	1.22E-02
16.99	1.22E-02
16.99	1.22E-02
16.99	1.22E-02
16.99	1.22E-02
16.99	1.22E-02
16.99	1.23E-02
16.99	1.23E-02
16.99	1.23E-02
16.99	1.23E-02
17	1.23E-02
17	1.23E-02
17	1.23E-02
17	1.23E-02
17	1.23E-02
17	1.23E-02
17	1.23E-02
17	1.23E-02
17	1.23E-02
17	1.23E-02
17	1.23E-02
17	1.23E-02
17	1.23E-02
17	1.23E-02
17	1.23E-02
17	1.23E-02
17	1.23E-02
17	1.23E-02
17	1.23E-02
17	1.23E-02
17	1.23E-02
17.01	1.23E-02
17.01	1.23E-02
17.01	1.23E-02
17.01	1.23E-02
17.01	1.23E-02
17.01	1.23E-02
17.01	1.23E-02
17.01	1.23E-02
17.01	1.23E-02
17.01	1.23E-02
17.01	1.23E-02
17.01	1.23E-02
17.01	1.23E-02
17.01	1.23E-02
17.01	1.23E-02
17.01	1.23E-02
17.01	1.23E-02
17.01	1.23E-02
17.01	1.24E-02
17.01	1.24E-02
17.02	1.24E-02
17.02	1.24E-02
17.02	1.24E-02
17.02	1.24E-02
17.02	1.24E-02
17.02	1.24E-02
17.02	1.24E-02
17.02	1.24E-02
17.02	1.24E-02
17.02	1.24E-02
17.02	1.24E-02
17.02	1.24E-02
17.02	1.24E-02
17.02	1.24E-02
17.02	1.24E-02
17.02	1.24E-02
17.02	1.24E-02
17.02	1.24E-02
17.02	1.24E-02
17.02	1.24E-02
17.03	1.24E-02
17.03	1.24E-02
17.03	1.24E-02
17.03	1.24E-02
17.03	1.24E-02
17.03	1.24E-02
17.03	1.24E-02
17.03	1.24E-02
17.03	1.24E-02
17.03	1.24E-02
17.03	1.24E-02
17.03	1.24E-02
17.03	1.24E-02
17.03	1.24E-02
17.03	1.24E-02
17.03	1.24E-02
17.03	1.24E-02
17.03	1.24E-02
17.03	1.24E-02
17.03	1.24E-02
17.04	1.24E-02
17.04	1.25E-02
17.04	1.25E-02
17.04	1.25E-02
17.04	1.25E-02
17.04	1.25E-02
17.04	1.25E-02
17.04	1.25E-02
17.04	1.25E-02
17.04	1.25E-02
17.04	1.25E-02
17.04	1.25E-02
17.04	1.25E-02
17.04	1.25E-02
17.04	1.25E-02
17.04	1.25E-02
17.04	1.25E-02
17.04	1.25E-02
17.04	1.25E-02
17.05	1.25E-02
17.05	1.25E-02
17.05	1.25E-02
17.05	1.25E-02
17.05	1.25E-02
17.05	1.25E-02
17.05	1.25E-02
17.05	1.25E-02
17.05	1.25E-02
17.05	1.25E-02
17.05	1.25E-02
17.05	1.25E-02
17.05	1.25E-02
17.05	1.25E-02
17.05	1.25E-02
17.05	1.25E-02
17.05	1.25E-02
17.05	1.25E-02
17.05	1.25E-02
17.05	1.25E-02
17.06	1.25E-02
17.06	1.25E-02
17.06	1.25E-02
17.06	1.25E-02
17.06	1.26E-02
17.06	1.26E-02
17.06	1.26E-02
17.06	1.26E-02
17.06	1.26E-02
17.06	1.26E-02
17.06	1.26E-02
17.06	1.26E-02
17.06	1.26E-02
17.06	1.26E-02
17.06	1.26E-02
17.06	1.26E-02
17.06	1.26E-02
17.06	1.26E-02
17.06	1.26E-02
17.06	1.26E-02
17.07	1.26E-02
17.07	1.26E-02
17.07	1.26E-02
17.07	1.26E-02
17.07	1.26E-02
17.07	1.26E-02
17.07	1.26E-02
17.07	1.26E-02
17.07	1.26E-02
17.07	1.26E-02
17.07	1.26E-02
17.07	1.26E-02
17.07	1.26E-02
17.07	1.26E-02
17.07	1.26E-02
17.07	1.26E-02
17.07	1.26E-02
17.07	1.26E-02
17.07	1.26E-02
17.07	1.26E-02
17.08	1.26E-02
17.08	1.26E-02
17.08	1.26E-02
17.08	1.26E-02
17.08	1.26E-02
17.08	1.26E-02
17.08	1.26E-02
17.08	1.27E-02
17.08	1.27E-02
17.08	1.27E-02
17.08	1.27E-02
17.08	1.27E-02
17.08	1.27E-02
17.08	1.27E-02
17.08	1.27E-02
17.08	1.27E-02
17.08	1.27E-02
17.08	1.27E-02
17.08	1.27E-02
17.08	1.27E-02
17.08	1.27E-02
17.09	1.27E-02
17.09	1.27E-02
17.09	1.27E-02
17.09	1.27E-02
17.09	1.27E-02
17.09	1.27E-02
17.09	1.27E-02
17.09	1.27E-02
17.09	1.27E-02
17.09	1.27E-02
17.09	1.27E-02
17.09	1.27E-02
17.09	1.27E-02
17.09	1.27E-02
17.09	1.27E-02
17.09	1.27E-02
17.09	1.27E-02
17.09	1.27E-02
17.09	1.27E-02
17.09	1.27E-02
17.1	1.27E-02
17.1	1.27E-02
17.1	1.27E-02
17.1	1.27E-02
17.1	1.27E-02
17.1	1.27E-02
17.1	1.27E-02
17.1	1.27E-02
17.1	1.28E-02
17.1	1.28E-02
17.1	1.28E-02
17.1	1.28E-02
17.1	1.28E-02
17.1	1.28E-02
17.1	1.28E-02
17.1	1.28E-02
17.1	1.28E-02
17.1	1.28E-02
17.1	1.28E-02
17.1	1.28E-02
17.11	1.28E-02
17.11	1.28E-02
17.11	1.28E-02
17.11	1.28E-02
17.11	1.28E-02
17.11	1.28E-02
17.11	1.28E-02
17.11	1.28E-02
17.11	1.28E-02
17.11	1.28E-02
17.11	1.28E-02
17.11	1.28E-02
17.11	1.28E-02
17.11	1.28E-02
17.11	1.28E-02
17.11	1.28E-02
17.11	1.28E-02
17.11	1.28E-02
17.11	1.28E-02
17.11	1.28E-02
17.12	1.28E-02
17.12	1.28E-02
17.12	1.28E-02
17.12	1.28E-02
17.12	1.28E-02
17.12	1.28E-02
17.12	1.28E-02
17.12	1.28E-02
17.12	1.28E-02
17.12	1.28E-02
17.12	1.28E-02
17.12	1.29E-02
17.12	1.29E-02
17.12	1.29E-02
17.12	1.29E-02
17.12	1.29E-02
17.12	1.29E-02
17.12	1.29E-02
17.12	1.29E-02
17.12	1.29E-02
17.13	1.29E-02
17.13	1.29E-02
17.13	1.29E-02
17.13	1.29E-02
17.13	1.29E-02
17.13	1.29E-02
17.13	1.29E-02
17.13	1.29E-02
17.13	1.29E-02
17.13	1.29E-02
17.13	1.29E-02
17.13	1.29E-02
17.13	1.29E-02
17.13	1.29E-02
17.13	1.29E-02
17.13	1.29E-02
17.13	1.29E-02
17.13	1.29E-02
17.13	1.29E-02
17.14	1.29E-02
17.14	1.29E-02
17.14	1.29E-02
17.14	1.29E-02
17.14	1.29E-02
17.14	1.29E-02
17.14	1.29E-02
17.14	1.29E-02
17.14	1.29E-02
17.14	1.29E-02
17.14	1.29E-02
17.14	1.29E-02
17.14	1.29E-02
17.14	1.29E-02
17.14	1.30E-02
17.14	1.30E-02
17.14	1.30E-02
17.14	1.30E-02
17.14	1.30E-02
17.14	1.30E-02
17.15	1.30E-02
17.15	1.30E-02
17.15	1.30E-02
17.15	1.30E-02
17.15	1.30E-02
17.15	1.30E-02
17.15	1.30E-02
17.15	1.30E-02
17.15	1.30E-02
17.15	1.30E-02
17.15	1.30E-02
17.15	1.30E-02
17.15	1.30E-02
17.15	1.30E-02
17.15	1.30E-02
17.15	1.30E-02
17.15	1.30E-02
17.15	1.30E-02
17.15	1.30E-02
17.15	1.30E-02
17.16	1.30E-02
17.16	1.30E-02
17.16	1.30E-02
17.16	1.30E-02
17.16	1.30E-02
17.16	1.30E-02
17.16	1.30E-02
17.16	1.30E-02
17.16	1.30E-02
17.16	1.30E-02
17.16	1.30E-02
17.16	1.30E-02
17.16	1.30E-02
17.16	1.30E-02
17.16	1.30E-02
17.16	1.30E-02
17.16	1.31E-02
17.16	1.31E-02
17.16	1.31E-02
17.16	1.31E-02
17.17	1.31E-02
17.17	1.31E-02
17.17	1.31E-02
17.17	1.31E-02
17.17	1.31E-02
17.17	1.31E-02
17.17	1.31E-02
17.17	1.31E-02
17.17	1.31E-02
17.17	1.31E-02
17.17	1.31E-02
17.17	1.31E-02
17.17	1.31E-02
17.17	1.31E-02
17.17	1.31E-02
17.17	1.31E-02
17.17	1.31E-02
17.17	1.31E-02
17.17	1.31E-02
17.17	1.31E-02
17.17	1.31E-02
17.18	1.31E-02
17.18	1.31E-02
17.18	1.31E-02
17.18	1.31E-02
17.18	1.31E-02
17.18	1.31E-02
17.18	1.31E-02
17.18	1.31E-02
17.18	1.31E-02
17.18	1.31E-02
17.18	1.31E-02
17.18	1.31E-02
17.18	1.31E-02
17.18	1.31E-02
17.18	1.31E-02
17.18	1.31E-02
17.18	1.31E-02
17.18	1.31E-02
17.18	1.32E-02
17.18	1.32E-02
17.19	1.32E-02
17.19	1.32E-02
17.19	1.32E-02
17.19	1.32E-02
17.19	1.32E-02
17.19	1.32E-02
17.19	1.32E-02
17.19	1.32E-02
17.19	1.32E-02
17.19	1.32E-02
17.19	1.32E-02
17.19	1.32E-02
17.19	1.32E-02
17.19	1.32E-02
17.19	1.32E-02
17.19	1.32E-02
17.19	1.32E-02
17.19	1.32E-02
17.19	1.32E-02
17.19	1.32E-02
17.2	1.32E-02
17.2	1.32E-02
17.2	1.32E-02
17.2	1.32E-02
17.2	1.32E-02
17.2	1.32E-02
17.2	1.32E-02
17.2	1.32E-02
17.2	1.32E-02
17.2	1.32E-02
17.2	1.32E-02
17.2	1.32E-02
17.2	1.32E-02
17.2	1.32E-02
17.2	1.32E-02
17.2	1.32E-02
17.2	1.32E-02
17.2	1.32E-02
17.2	1.32E-02
17.2	1.32E-02
17.21	1.33E-02
17.21	1.33E-02
17.21	1.33E-02
17.21	1.33E-02
17.21	1.33E-02
17.21	1.33E-02
17.21	1.33E-02
17.21	1.33E-02
17.21	1.33E-02
17.21	1.33E-02
17.21	1.33E-02
17.21	1.33E-02
17.21	1.33E-02
17.21	1.33E-02
17.21	1.33E-02
17.21	1.33E-02
17.21	1.33E-02
17.21	1.33E-02
17.21	1.33E-02
17.22	1.33E-02
17.22	1.33E-02
17.22	1.33E-02
17.22	1.33E-02
17.22	1.33E-02
17.22	1.33E-02
17.22	1.33E-02
17.22	1.33E-02
17.22	1.33E-02
17.22	1.33E-02
17.22	1.33E-02
17.22	1.33E-02
17.22	1.33E-02
17.22	1.33E-02
17.22	1.33E-02
17.22	1.33E-02
17.22	1.33E-02
17.22	1.33E-02
17.22	1.33E-02
17.22	1.33E-02
17.23	1.33E-02
17.23	1.33E-02
17.23	1.33E-02
17.23	1.34E-02
17.23	1.34E-02
17.23	1.34E-02
17.23	1.34E-02
17.23	1.34E-02
17.23	1.34E-02
17.23	1.34E-02
17.23	1.34E-02
17.23	1.34E-02
17.23	1.34E-02
17.23	1.34E-02
17.23	1.34E-02
17.23	1.34E-02
17.23	1.34E-02
17.23	1.34E-02
17.23	1.34E-02
17.23	1.34E-02
17.24	1.34E-02
17.24	1.34E-02
17.24	1.34E-02
17.24	1.34E-02
17.24	1.34E-02
17.24	1.34E-02
17.24	1.34E-02
17.24	1.34E-02
17.24	1.34E-02
17.24	1.34E-02
17.24	1.34E-02
17.24	1.34E-02
17.24	1.34E-02
17.24	1.34E-02
17.24	1.34E-02
17.24	1.34E-02
17.24	1.34E-02
17.24	1.34E-02
17.24	1.34E-02
17.24	1.34E-02
17.25	1.34E-02
17.25	1.34E-02
17.25	1.34E-02
17.25	1.34E-02
17.25	1.34E-02
17.25	1.35E-02
17.25	1.35E-02
17.25	1.35E-02
17.25	1.35E-02
17.25	1.35E-02
17.25	1.35E-02
17.25	1.35E-02
17.25	1.35E-02
17.25	1.35E-02
17.25	1.35E-02
17.25	1.35E-02
17.25	1.35E-02
17.25	1.35E-02
17.25	1.35E-02
17.25	1.35E-02
17.25	1.35E-02
17.26	1.35E-02
17.26	1.35E-02
17.26	1.35E-02
17.26	1.35E-02
17.26	1.35E-02
17.26	1.35E-02
17.26	1.35E-02
17.26	1.35E-02
17.26	1.35E-02
17.26	1.35E-02
17.26	1.35E-02
17.26	1.35E-02
17.26	1.35E-02
17.26	1.35E-02
17.26	1.35E-02
17.26	1.35E-02
17.26	1.35E-02
17.26	1.35E-02
17.26	1.35E-02
17.26	1.35E-02
17.27	1.35E-02
17.27	1.35E-02
17.27	1.35E-02
17.27	1.35E-02
17.27	1.35E-02
17.27	1.35E-02
17.27	1.36E-02
17.27	1.36E-02
17.27	1.36E-02
17.27	1.36E-02
17.27	1.36E-02
17.27	1.36E-02
17.27	1.36E-02
17.27	1.36E-02
17.27	1.36E-02
17.27	1.36E-02
17.27	1.36E-02
17.27	1.36E-02
17.27	1.36E-02
17.27	1.36E-02
17.28	1.36E-02
17.28	1.36E-02
17.28	1.36E-02
17.28	1.36E-02
17.28	1.36E-02
17.28	1.36E-02
17.28	1.36E-02
17.28	1.36E-02
17.28	1.36E-02
17.28	1.36E-02
17.28	1.36E-02
17.28	1.36E-02
17.28	1.36E-02
17.28	1.36E-02
17.28	1.36E-02
17.28	1.36E-02
17.28	1.36E-02
17.28	1.36E-02
17.28	1.36E-02
17.28	1.36E-02
17.29	1.36E-02
17.29	1.36E-02
17.29	1.36E-02
17.29	1.36E-02
17.29	1.36E-02
17.29	1.36E-02
17.29	1.36E-02
17.29	1.36E-02
17.29	1.37E-02
17.29	1.37E-02
17.29	1.37E-02
17.29	1.37E-02
17.29	1.37E-02
17.29	1.37E-02
17.29	1.37E-02
17.29	1.37E-02
17.29	1.37E-02
17.29	1.37E-02
17.29	1.37E-02
17.3	1.37E-02
17.3	1.37E-02
17.3	1.37E-02
17.3	1.37E-02
17.3	1.37E-02
17.3	1.37E-02
17.3	1.37E-02
17.3	1.37E-02
17.3	1.37E-02
17.3	1.37E-02
17.3	1.37E-02
17.3	1.37E-02
17.3	1.37E-02
17.3	1.37E-02
17.3	1.37E-02
17.3	1.37E-02
17.3	1.37E-02
17.3	1.37E-02
17.3	1.37E-02
17.3	1.37E-02
17.31	1.37E-02
17.31	1.37E-02
17.31	1.37E-02
17.31	1.37E-02
17.31	1.37E-02
17.31	1.37E-02
17.31	1.37E-02
17.31	1.37E-02
17.31	1.37E-02
17.31	1.37E-02
17.31	1.37E-02
17.31	1.38E-02
17.31	1.38E-02
17.31	1.38E-02
17.31	1.38E-02
17.31	1.38E-02
17.31	1.38E-02
17.31	1.38E-02
17.31	1.38E-02
17.31	1.38E-02
17.32	1.38E-02
17.32	1.38E-02
17.32	1.38E-02
17.32	1.38E-02
17.32	1.38E-02
17.32	1.38E-02
17.32	1.38E-02
17.32	1.38E-02
17.32	1.38E-02
17.32	1.38E-02
17.32	1.38E-02
17.32	1.38E-02
17.32	1.38E-02
17.32	1.38E-02
17.32	1.38E-02
17.32	1.38E-02
17.32	1.38E-02
17.32	1.38E-02
17.32	1.38E-02
17.32	1.38E-02
17.33	1.38E-02
17.33	1.38E-02
17.33	1.38E-02
17.33	1.38E-02
17.33	1.38E-02
17.33	1.38E-02
17.33	1.38E-02
17.33	1.38E-02
17.33	1.38E-02
17.33	1.38E-02
17.33	1.38E-02
17.33	1.38E-02
17.33	1.38E-02
17.33	1.39E-02
17.33	1.39E-02
17.33	1.39E-02
17.33	1.39E-02
17.33	1.39E-02
17.33	1.39E-02
17.33	1.39E-02
17.33	1.39E-02
17.34	1.39E-02
17.34	1.39E-02
17.34	1.39E-02
17.34	1.39E-02
17.34	1.39E-02
17.34	1.39E-02
17.34	1.39E-02
17.34	1.39E-02
17.34	1.39E-02
17.34	1.39E-02
17.34	1.39E-02
17.34	1.39E-02
17.34	1.39E-02
17.34	1.39E-02
17.34	1.39E-02
17.34	1.39E-02
17.34	1.39E-02
17.34	1.39E-02
17.34	1.39E-02
17.34	1.39E-02
17.35	1.39E-02
17.35	1.39E-02
17.35	1.39E-02
17.35	1.39E-02
17.35	1.39E-02
17.35	1.39E-02
17.35	1.39E-02
17.35	1.39E-02
17.35	1.39E-02
17.35	1.39E-02
17.35	1.39E-02
17.35	1.39E-02
17.35	1.39E-02
17.35	1.39E-02
17.35	1.40E-02
17.35	1.40E-02
17.35	1.40E-02
17.35	1.40E-02
17.35	1.40E-02
17.35	1.40E-02
17.36	1.40E-02
17.36	1.40E-02
17.36	1.40E-02
17.36	1.40E-02
17.36	1.40E-02
17.36	1.40E-02
17.36	1.40E-02
17.36	1.40E-02
17.36	1.40E-02
17.36	1.40E-02
17.36	1.40E-02
17.36	1.40E-02
17.36	1.40E-02
17.36	1.40E-02
17.36	1.40E-02
17.36	1.40E-02
17.36	1.40E-02
17.36	1.40E-02
17.36	1.40E-02
17.36	1.40E-02
17.37	1.40E-02
17.37	1.40E-02
17.37	1.40E-02
17.37	1.40E-02
17.37	1.40E-02
17.37	1.40E-02
17.37	1.40E-02
17.37	1.40E-02
17.37	1.40E-02
17.37	1.40E-02
17.37	1.40E-02
17.37	1.40E-02
17.37	1.40E-02
17.37	1.40E-02
17.37	1.40E-02
17.37	1.40E-02
17.37	1.41E-02
17.37	1.41E-02
17.37	1.41E-02
17.38	1.41E-02
17.38	1.41E-02
17.38	1.41E-02
17.38	1.41E-02
17.38	1.41E-02
17.38	1.41E-02
17.38	1.41E-02
17.38	1.41E-02
17.38	1.41E-02
17.38	1.41E-02
17.38	1.41E-02
17.38	1.41E-02
17.38	1.41E-02
17.38	1.41E-02
17.38	1.41E-02
17.38	1.41E-02
17.38	1.41E-02
17.38	1.41E-02
17.38	1.41E-02
17.38	1.41E-02
17.39	1.41E-02
17.39	1.41E-02
17.39	1.41E-02
17.39	1.41E-02
17.39	1.41E-02
17.39	1.41E-02
17.39	1.41E-02
17.39	1.41E-02
17.39	1.41E-02
17.39	1.41E-02
17.39	1.41E-02
17.39	1.41E-02
17.39	1.41E-02
17.39	1.41E-02
17.39	1.41E-02
17.39	1.41E-02
17.39	1.41E-02
17.39	1.41E-02
17.39	1.41E-02
17.39	1.42E-02
17.4	1.42E-02
17.4	1.42E-02
17.4	1.42E-02
17.4	1.42E-02
17.4	1.42E-02
17.4	1.42E-02
17.4	1.42E-02
17.4	1.42E-02
17.4	1.42E-02
17.4	1.42E-02
17.4	1.42E-02
17.4	1.42E-02
17.4	1.42E-02
17.4	1.42E-02
17.4	1.42E-02
17.4	1.42E-02
17.4	1.42E-02
17.4	1.42E-02
17.4	1.42E-02
17.4	1.42E-02
17.41	1.42E-02
17.41	1.42E-02
17.41	1.42E-02
17.41	1.42E-02
17.41	1.42E-02
17.41	1.42E-02
17.41	1.42E-02
17.41	1.42E-02
17.41	1.42E-02
17.41	1.42E-02
17.41	1.42E-02
17.41	1.42E-02
17.41	1.42E-02
17.41	1.42E-02
17.41	1.42E-02
17.41	1.42E-02
17.41	1.42E-02
17.41	1.42E-02
17.41	1.42E-02
17.41	1.42E-02
17.42	1.43E-02
17.42	1.43E-02
17.42	1.43E-02
17.42	1.43E-02
17.42	1.43E-02
17.42	1.43E-02
17.42	1.43E-02
17.42	1.43E-02
17.42	1.43E-02
17.42	1.43E-02
17.42	1.43E-02
17.42	1.43E-02
17.42	1.43E-02
17.42	1.43E-02
17.42	1.43E-02
17.42	1.43E-02
17.42	1.43E-02
17.42	1.43E-02
17.42	1.43E-02
17.42	1.43E-02
17.42	1.43E-02
17.43	1.43E-02
17.43	1.43E-02
17.43	1.43E-02
17.43	1.43E-02
17.43	1.43E-02
17.43	1.43E-02
17.43	1.43E-02
17.43	1.43E-02
17.43	1.43E-02
17.43	1.43E-02
17.43	1.43E-02
17.43	1.43E-02
17.43	1.43E-02
17.43	1.43E-02
17.43	1.43E-02
17.43	1.43E-02
17.43	1.43E-02
17.43	1.43E-02
17.43	1.43E-02
17.43	1.43E-02
17.44	1.43E-02
17.44	1.44E-02
17.44	1.44E-02
17.44	1.44E-02
17.44	1.44E-02
17.44	1.44E-02
17.44	1.44E-02
17.44	1.44E-02
17.44	1.44E-02
17.44	1.44E-02
17.44	1.44E-02
17.44	1.44E-02
17.44	1.44E-02
17.44	1.44E-02
17.44	1.44E-02
17.44	1.44E-02
17.44	1.44E-02
17.44	1.44E-02
17.44	1.44E-02
17.44	1.44E-02
17.45	1.44E-02
17.45	1.44E-02
17.45	1.44E-02
17.45	1.44E-02
17.45	1.44E-02
17.45	1.44E-02
17.45	1.44E-02
17.45	1.44E-02
17.45	1.44E-02
17.45	1.44E-02
17.45	1.44E-02
17.45	1.44E-02
17.45	1.44E-02
17.45	1.44E-02
17.45	1.44E-02
17.45	1.44E-02
17.45	1.44E-02
17.45	1.44E-02
17.45	1.44E-02
17.45	1.44E-02
17.46	1.44E-02
17.46	1.44E-02
17.46	1.44E-02
17.46	1.45E-02
17.46	1.45E-02
17.46	1.45E-02
17.46	1.45E-02
17.46	1.45E-02
17.46	1.45E-02
17.46	1.45E-02
17.46	1.45E-02
17.46	1.45E-02
17.46	1.45E-02
17.46	1.45E-02
17.46	1.45E-02
17.46	1.45E-02
17.46	1.45E-02
17.46	1.45E-02
17.46	1.45E-02
17.47	1.45E-02
17.47	1.45E-02
17.47	1.45E-02
17.47	1.45E-02
17.47	1.45E-02
17.47	1.45E-02
17.47	1.45E-02
17.47	1.45E-02
17.47	1.45E-02
17.47	1.45E-02
17.47	1.45E-02
17.47	1.45E-02
17.47	1.45E-02
17.47	1.45E-02
17.47	1.45E-02
17.47	1.45E-02
17.47	1.45E-02
17.47	1.45E-02
17.47	1.45E-02
17.47	1.45E-02
17.48	1.45E-02
17.48	1.45E-02
17.48	1.45E-02
17.48	1.45E-02
17.48	1.45E-02
17.48	1.46E-02
17.48	1.46E-02
17.48	1.46E-02
17.48	1.46E-02
17.48	1.46E-02
17.48	1.46E-02
17.48	1.46E-02
17.48	1.46E-02
17.48	1.46E-02
17.48	1.46E-02
17.48	1.46E-02
17.48	1.46E-02
17.48	1.46E-02
17.48	1.46E-02
17.48	1.46E-02
17.49	1.46E-02
17.49	1.46E-02
17.49	1.46E-02
17.49	1.46E-02
17.49	1.46E-02
17.49	1.46E-02
17.49	1.46E-02
17.49	1.46E-02
17.49	1.46E-02
17.49	1.46E-02
17.49	1.46E-02
17.49	1.46E-02
17.49	1.46E-02
17.49	1.46E-02
17.49	1.46E-02
17.49	1.46E-02
17.49	1.46E-02
17.49	1.46E-02
17.49	1.46E-02
17.49	1.46E-02
17.5	1.46E-02
17.5	1.46E-02
17.5	1.46E-02
17.5	1.46E-02
17.5	1.46E-02
17.5	1.46E-02
17.5	1.46E-02
17.5	1.47E-02
17.5	1.47E-02
17.5	1.47E-02
17.5	1.47E-02
17.5	1.47E-02
17.5	1.47E-02
17.5	1.47E-02
17.5	1.47E-02
17.5	1.47E-02
17.5	1.47E-02
17.5	1.47E-02
17.5	1.47E-02
17.5	1.47E-02
17.5	1.47E-02
17.51	1.47E-02
17.51	1.47E-02
17.51	1.47E-02
17.51	1.47E-02
17.51	1.47E-02
17.51	1.47E-02
17.51	1.47E-02
17.51	1.47E-02
17.51	1.47E-02
17.51	1.47E-02
17.51	1.47E-02
17.51	1.47E-02
17.51	1.47E-02
17.51	1.47E-02
17.51	1.47E-02
17.51	1.47E-02
17.51	1.47E-02
17.51	1.47E-02
17.51	1.47E-02
17.51	1.47E-02
17.52	1.47E-02
17.52	1.47E-02
17.52	1.47E-02
17.52	1.47E-02
17.52	1.47E-02
17.52	1.47E-02
17.52	1.47E-02
17.52	1.47E-02
17.52	1.48E-02
17.52	1.48E-02
17.52	1.48E-02
17.52	1.48E-02
17.52	1.48E-02
17.52	1.48E-02
17.52	1.48E-02
17.52	1.48E-02
17.52	1.48E-02
17.52	1.48E-02
17.52	1.48E-02
17.52	1.48E-02
17.53	1.48E-02
17.53	1.48E-02
17.53	1.48E-02
17.53	1.48E-02
17.53	1.48E-02
17.53	1.48E-02
17.53	1.48E-02
17.53	1.48E-02
17.53	1.48E-02
17.53	1.48E-02
17.53	1.48E-02
17.53	1.48E-02
17.53	1.48E-02
17.53	1.48E-02
17.53	1.48E-02
17.53	1.48E-02
17.53	1.48E-02
17.53	1.48E-02
17.53	1.48E-02
17.53	1.48E-02
17.54	1.48E-02
17.54	1.48E-02
17.54	1.48E-02
17.54	1.48E-02
17.54	1.48E-02
17.54	1.48E-02
17.54	1.48E-02
17.54	1.48E-02
17.54	1.48E-02
17.54	1.49E-02
17.54	1.49E-02
17.54	1.49E-02
17.54	1.49E-02
17.54	1.49E-02
17.54	1.49E-02
17.54	1.49E-02
17.54	1.49E-02
17.54	1.49E-02
17.54	1.49E-02
17.55	1.49E-02
17.55	1.49E-02
17.55	1.49E-02
17.55	1.49E-02
17.55	1.49E-02
17.55	1.49E-02
17.55	1.49E-02
17.55	1.49E-02
17.55	1.49E-02
17.55	1.49E-02
17.55	1.49E-02
17.55	1.49E-02
17.55	1.49E-02
17.55	1.49E-02
17.55	1.49E-02
17.55	1.49E-02
17.55	1.49E-02
17.55	1.49E-02
17.55	1.49E-02
17.55	1.49E-02
17.56	1.49E-02
17.56	1.49E-02
17.56	1.49E-02
17.56	1.49E-02
17.56	1.49E-02
17.56	1.49E-02
17.56	1.49E-02
17.56	1.49E-02
17.56	1.49E-02
17.56	1.49E-02
17.56	1.49E-02
17.56	1.49E-02
17.56	1.50E-02
17.56	1.50E-02
17.56	1.50E-02
17.56	1.50E-02
17.56	1.50E-02
17.56	1.50E-02
17.56	1.50E-02
17.56	1.50E-02
17.57	1.50E-02
17.57	1.50E-02
17.57	1.50E-02
17.57	1.50E-02
17.57	1.50E-02
17.57	1.50E-02
17.57	1.50E-02
17.57	1.50E-02
17.57	1.50E-02
17.57	1.50E-02
17.57	1.50E-02
17.57	1.50E-02
17.57	1.50E-02
17.57	1.50E-02
17.57	1.50E-02
17.57	1.50E-02
17.57	1.50E-02
17.57	1.50E-02
17.57	1.50E-02
17.57	1.50E-02
17.58	1.50E-02
17.58	1.50E-02
17.58	1.50E-02
17.58	1.50E-02
17.58	1.50E-02
17.58	1.50E-02
17.58	1.50E-02
17.58	1.50E-02
17.58	1.50E-02
17.58	1.50E-02
17.58	1.50E-02
17.58	1.50E-02
17.58	1.50E-02
17.58	1.51E-02
17.58	1.51E-02
17.58	1.51E-02
17.58	1.51E-02
17.58	1.51E-02
17.58	1.51E-02
17.58	1.51E-02
17.58	1.51E-02
17.59	1.51E-02
17.59	1.51E-02
17.59	1.51E-02
17.59	1.51E-02
17.59	1.51E-02
17.59	1.51E-02
17.59	1.51E-02
17.59	1.51E-02
17.59	1.51E-02
17.59	1.51E-02
17.59	1.51E-02
17.59	1.51E-02
17.59	1.51E-02
17.59	1.51E-02
17.59	1.51E-02
17.59	1.51E-02
17.59	1.51E-02
17.59	1.51E-02
17.59	1.51E-02
17.59	1.51E-02
17.6	1.51E-02
17.6	1.51E-02
17.6	1.51E-02
17.6	1.51E-02
17.6	1.51E-02
17.6	1.51E-02
17.6	1.51E-02
17.6	1.51E-02
17.6	1.51E-02
17.6	1.51E-02
17.6	1.51E-02
17.6	1.51E-02
17.6	1.51E-02
17.6	1.51E-02
17.6	1.52E-02
17.6	1.52E-02
17.6	1.52E-02
17.6	1.52E-02
17.6	1.52E-02
17.6	1.52E-02
17.61	1.52E-02
17.61	1.52E-02
17.61	1.52E-02
17.61	1.52E-02
17.61	1.52E-02
17.61	1.52E-02
17.61	1.52E-02
17.61	1.52E-02
17.61	1.52E-02
17.61	1.52E-02
17.61	1.52E-02
17.61	1.52E-02
17.61	1.52E-02
17.61	1.52E-02
17.61	1.52E-02
17.61	1.52E-02
17.61	1.52E-02
17.61	1.52E-02
17.61	1.52E-02
17.61	1.52E-02
17.62	1.52E-02
17.62	1.52E-02
17.62	1.52E-02
17.62	1.52E-02
17.62	1.52E-02
17.62	1.52E-02
17.62	1.52E-02
17.62	1.52E-02
17.62	1.52E-02
17.62	1.52E-02
17.62	1.52E-02
17.62	1.52E-02
17.62	1.52E-02
17.62	1.52E-02
17.62	1.52E-02
17.62	1.52E-02
17.62	1.53E-02
17.62	1.53E-02
17.62	1.53E-02
17.62	1.53E-02
17.63	1.53E-02
17.63	1.53E-02
17.63	1.53E-02
17.63	1.53E-02
17.63	1.53E-02
17.63	1.53E-02
17.63	1.53E-02
17.63	1.53E-02
17.63	1.53E-02
17.63	1.53E-02
17.63	1.53E-02
17.63	1.53E-02
17.63	1.53E-02
17.63	1.53E-02
17.63	1.53E-02
17.63	1.53E-02
17.63	1.53E-02
17.63	1.53E-02
17.63	1.53E-02
17.64	1.53E-02
17.64	1.53E-02
17.64	1.53E-02
17.64	1.53E-02
17.64	1.53E-02
17.64	1.53E-02
17.64	1.53E-02
17.64	1.53E-02
17.64	1.53E-02
17.64	1.53E-02
17.64	1.53E-02
17.64	1.53E-02
17.64	1.53E-02
17.64	1.53E-02
17.64	1.53E-02
17.64	1.53E-02
17.64	1.53E-02
17.64	1.53E-02
17.64	1.54E-02
17.64	1.54E-02
17.65	1.54E-02
17.65	1.54E-02
17.65	1.54E-02
17.65	1.54E-02
17.65	1.54E-02
17.65	1.54E-02
17.65	1.54E-02
17.65	1.54E-02
17.65	1.54E-02
17.65	1.54E-02
17.65	1.54E-02
17.65	1.54E-02
17.65	1.54E-02
17.65	1.54E-02
17.65	1.54E-02
17.65	1.54E-02
17.65	1.54E-02
17.65	1.54E-02
17.65	1.54E-02
17.65	1.54E-02
17.66	1.54E-02
17.66	1.54E-02
17.66	1.54E-02
17.66	1.54E-02
17.66	1.54E-02
17.66	1.54E-02
17.66	1.54E-02
17.66	1.54E-02
17.66	1.54E-02
17.66	1.54E-02
17.66	1.54E-02
17.66	1.54E-02
17.66	1.54E-02
17.66	1.54E-02
17.66	1.54E-02
17.66	1.54E-02
17.66	1.54E-02
17.66	1.54E-02
17.66	1.54E-02
17.66	1.54E-02
17.67	1.55E-02
17.67	1.55E-02
17.67	1.55E-02
17.67	1.55E-02
17.67	1.55E-02
17.67	1.55E-02
17.67	1.55E-02
17.67	1.55E-02
17.67	1.55E-02
17.67	1.55E-02
17.67	1.55E-02
17.67	1.55E-02
17.67	1.55E-02
17.67	1.55E-02
17.67	1.55E-02
17.67	1.55E-02
17.67	1.55E-02
17.67	1.55E-02
17.67	1.55E-02
17.67	1.55E-02
17.67	1.55E-02
17.68	1.55E-02
17.68	1.55E-02
17.68	1.55E-02
17.68	1.55E-02
17.68	1.55E-02
17.68	1.55E-02
17.68	1.55E-02
17.68	1.55E-02
17.68	1.55E-02
17.68	1.55E-02
17.68	1.55E-02
17.68	1.55E-02
17.68	1.55E-02
17.68	1.55E-02
17.68	1.55E-02
17.68	1.55E-02
17.68	1.55E-02
17.68	1.55E-02
17.68	1.55E-02
17.68	1.55E-02
17.69	1.56E-02
17.69	1.56E-02
17.69	1.56E-02
17.69	1.56E-02
17.69	1.56E-02
17.69	1.56E-02
17.69	1.56E-02
17.69	1.56E-02
17.69	1.56E-02
17.69	1.56E-02
17.69	1.56E-02
17.69	1.56E-02
17.69	1.56E-02
17.69	1.56E-02
17.69	1.56E-02
17.69	1.56E-02
17.69	1.56E-02
17.69	1.56E-02
17.69	1.56E-02
17.69	1.56E-02
17.7	1.56E-02
17.7	1.56E-02
17.7	1.56E-02
17.7	1.56E-02
17.7	1.56E-02
17.7	1.56E-02
17.7	1.56E-02
17.7	1.56E-02
17.7	1.56E-02
17.7	1.56E-02
17.7	1.56E-02
17.7	1.56E-02
17.7	1.56E-02
17.7	1.56E-02
17.7	1.56E-02
17.7	1.56E-02
17.7	1.56E-02
17.7	1.56E-02
17.7	1.56E-02
17.7	1.56E-02
17.71	1.56E-02
17.71	1.56E-02
17.71	1.57E-02
17.71	1.57E-02
17.71	1.57E-02
17.71	1.57E-02
17.71	1.57E-02
17.71	1.57E-02
17.71	1.57E-02
17.71	1.57E-02
17.71	1.57E-02
17.71	1.57E-02
17.71	1.57E-02
17.71	1.57E-02
17.71	1.57E-02
17.71	1.57E-02
17.71	1.57E-02
17.71	1.57E-02
17.71	1.57E-02
17.72	1.57E-02
17.72	1.57E-02
17.72	1.57E-02
17.72	1.57E-02
17.72	1.57E-02
17.72	1.57E-02
17.72	1.57E-02
17.72	1.57E-02
17.72	1.57E-02
17.72	1.57E-02
17.72	1.57E-02
17.72	1.57E-02
17.72	1.57E-02
17.72	1.57E-02
17.72	1.57E-02
17.72	1.57E-02
17.72	1.57E-02
17.72	1.57E-02
17.72	1.57E-02
17.72	1.57E-02
17.73	1.57E-02
17.73	1.57E-02
17.73	1.57E-02
17.73	1.57E-02
17.73	1.58E-02
17.73	1.58E-02
17.73	1.58E-02
17.73	1.58E-02
17.73	1.58E-02
17.73	1.58E-02
17.73	1.58E-02
17.73	1.58E-02
17.73	1.58E-02
17.73	1.58E-02
17.73	1.58E-02
17.73	1.58E-02
17.73	1.58E-02
17.73	1.58E-02
17.73	1.58E-02
17.73	1.58E-02
17.74	1.58E-02
17.74	1.58E-02
17.74	1.58E-02
17.74	1.58E-02
17.74	1.58E-02
17.74	1.58E-02
17.74	1.58E-02
17.74	1.58E-02
17.74	1.58E-02
17.74	1.58E-02
17.74	1.58E-02
17.74	1.58E-02
17.74	1.58E-02
17.74	1.58E-02
17.74	1.58E-02
17.74	1.58E-02
17.74	1.58E-02
17.74	1.58E-02
17.74	1.58E-02
17.74	1.58E-02
17.75	1.58E-02
17.75	1.58E-02
17.75	1.58E-02
17.75	1.58E-02
17.75	1.58E-02
17.75	1.58E-02
17.75	1.59E-02
17.75	1.59E-02
17.75	1.59E-02
17.75	1.59E-02
17.75	1.59E-02
17.75	1.59E-02
17.75	1.59E-02
17.75	1.59E-02
17.75	1.59E-02
17.75	1.59E-02
17.75	1.59E-02
17.75	1.59E-02
17.75	1.59E-02
17.75	1.59E-02
17.75	1.59E-02
17.76	1.59E-02
17.76	1.59E-02
17.76	1.59E-02
17.76	1.59E-02
17.76	1.59E-02
17.76	1.59E-02
17.76	1.59E-02
17.76	1.59E-02
17.76	1.59E-02
17.76	1.59E-02
17.76	1.59E-02
17.76	1.59E-02
17.76	1.59E-02
17.76	1.59E-02
17.76	1.59E-02
17.76	1.59E-02
17.76	1.59E-02
17.76	1.59E-02
17.76	1.59E-02
17.76	1.59E-02
17.77	1.59E-02
17.77	1.59E-02
17.77	1.59E-02
17.77	1.59E-02
17.77	1.59E-02
17.77	1.59E-02
17.77	1.60E-02
17.77	1.60E-02
17.77	1.60E-02
17.77	1.60E-02
17.77	1.60E-02
17.77	1.60E-02
17.77	1.60E-02
17.77	1.60E-02
17.77	1.60E-02
17.77	1.60E-02
17.77	1.60E-02
17.77	1.60E-02
17.77	1.60E-02
17.77	1.60E-02
17.78	1.60E-02
17.78	1.60E-02
17.78	1.60E-02
17.78	1.60E-02
17.78	1.60E-02
17.78	1.60E-02
17.78	1.60E-02
17.78	1.60E-02
17.78	1.60E-02
17.78	1.60E-02
17.78	1.60E-02
17.78	1.60E-02
17.78	1.60E-02
17.78	1.60E-02
17.78	1.60E-02
17.78	1.60E-02
17.78	1.60E-02
17.78	1.60E-02
17.78	1.60E-02
17.78	1.60E-02
17.79	1.60E-02
17.79	1.60E-02
17.79	1.60E-02
17.79	1.60E-02
17.79	1.60E-02
17.79	1.60E-02
17.79	1.60E-02
17.79	1.60E-02
17.79	1.61E-02
17.79	1.61E-02
17.79	1.61E-02
17.79	1.61E-02
17.79	1.61E-02
17.79	1.61E-02
17.79	1.61E-02
17.79	1.61E-02
17.79	1.61E-02
17.79	1.61E-02
17.79	1.61E-02
17.8	1.61E-02
17.8	1.61E-02
17.8	1.61E-02
17.8	1.61E-02
17.8	1.61E-02
17.8	1.61E-02
17.8	1.61E-02
17.8	1.61E-02
17.8	1.61E-02
17.8	1.61E-02
17.8	1.61E-02
17.8	1.61E-02
17.8	1.61E-02
17.8	1.61E-02
17.8	1.61E-02
17.8	1.61E-02
17.8	1.61E-02
17.8	1.61E-02
17.8	1.61E-02
17.8	1.61E-02
17.81	1.61E-02
17.81	1.61E-02
17.81	1.61E-02
17.81	1.61E-02
17.81	1.61E-02
17.81	1.61E-02
17.81	1.61E-02
17.81	1.61E-02
17.81	1.61E-02
17.81	1.61E-02
17.81	1.62E-02
17.81	1.62E-02
17.81	1.62E-02
17.81	1.62E-02
17.81	1.62E-02
17.81	1.62E-02
17.81	1.62E-02
17.81	1.62E-02
17.81	1.62E-02
17.81	1.62E-02
17.82	1.62E-02
17.82	1.62E-02
17.82	1.62E-02
17.82	1.62E-02
17.82	1.62E-02
17.82	1.62E-02
17.82	1.62E-02
17.82	1.62E-02
17.82	1.62E-02
17.82	1.62E-02
17.82	1.62E-02
17.82	1.62E-02
17.82	1.62E-02
17.82	1.62E-02
17.82	1.62E-02
17.82	1.62E-02
17.82	1.62E-02
17.82	1.62E-02
17.82	1.62E-02
17.82	1.62E-02
17.83	1.62E-02
17.83	1.62E-02
17.83	1.62E-02
17.83	1.62E-02
17.83	1.62E-02
17.83	1.62E-02
17.83	1.62E-02
17.83	1.62E-02
17.83	1.62E-02
17.83	1.62E-02
17.83	1.62E-02
17.83	1.62E-02
17.83	1.63E-02
17.83	1.63E-02
17.83	1.63E-02
17.83	1.63E-02
17.83	1.63E-02
17.83	1.63E-02
17.83	1.63E-02
17.83	1.63E-02
17.83	1.63E-02
17.84	1.63E-02
17.84	1.63E-02
17.84	1.63E-02
17.84	1.63E-02
17.84	1.63E-02
17.84	1.63E-02
17.84	1.63E-02
17.84	1.63E-02
17.84	1.63E-02
17.84	1.63E-02
17.84	1.63E-02
17.84	1.63E-02
17.84	1.63E-02
17.84	1.63E-02
17.84	1.63E-02
17.84	1.63E-02
17.84	1.63E-02
17.84	1.63E-02
17.84	1.63E-02
17.84	1.63E-02
17.85	1.63E-02
17.85	1.63E-02
17.85	1.63E-02
17.85	1.63E-02
17.85	1.63E-02
17.85	1.63E-02
17.85	1.63E-02
17.85	1.63E-02
17.85	1.63E-02
17.85	1.63E-02
17.85	1.63E-02
17.85	1.63E-02
17.85	1.64E-02
17.85	1.64E-02
17.85	1.64E-02
17.85	1.64E-02
17.85	1.64E-02
17.85	1.64E-02
17.85	1.64E-02
17.85	1.64E-02
17.86	1.64E-02
17.86	1.64E-02
17.86	1.64E-02
17.86	1.64E-02
17.86	1.64E-02
17.86	1.64E-02
17.86	1.64E-02
17.86	1.64E-02
17.86	1.64E-02
17.86	1.64E-02
17.86	1.64E-02
17.86	1.64E-02
17.86	1.64E-02
17.86	1.64E-02
17.86	1.64E-02
17.86	1.64E-02
17.86	1.64E-02
17.86	1.64E-02
17.86	1.64E-02
17.86	1.64E-02
17.87	1.64E-02
17.87	1.64E-02
17.87	1.64E-02
17.87	1.64E-02
17.87	1.64E-02
17.87	1.64E-02
17.87	1.64E-02
17.87	1.64E-02
17.87	1.64E-02
17.87	1.64E-02
17.87	1.64E-02
17.87	1.64E-02
17.87	1.64E-02
17.87	1.65E-02
17.87	1.65E-02
17.87	1.65E-02
17.87	1.65E-02
17.87	1.65E-02
17.87	1.65E-02
17.88	1.65E-02
17.88	1.65E-02
17.88	1.65E-02
17.88	1.65E-02
17.88	1.65E-02
17.88	1.65E-02
17.88	1.65E-02
17.88	1.65E-02
17.88	1.65E-02
17.88	1.65E-02
17.88	1.65E-02
17.88	1.65E-02
17.88	1.65E-02
17.88	1.65E-02
17.88	1.65E-02
17.88	1.65E-02
17.88	1.65E-02
17.88	1.65E-02
17.88	1.65E-02
17.88	1.65E-02
17.89	1.65E-02
17.89	1.65E-02
17.89	1.65E-02
17.89	1.65E-02
17.89	1.65E-02
17.89	1.65E-02
17.89	1.65E-02
17.89	1.65E-02
17.89	1.65E-02
17.89	1.65E-02
17.89	1.65E-02
17.89	1.65E-02
17.89	1.65E-02
17.89	1.65E-02
17.89	1.65E-02
17.89	1.65E-02
17.89	1.66E-02
17.89	1.66E-02
17.89	1.66E-02
17.89	1.66E-02
17.9	1.66E-02
17.9	1.66E-02
17.9	1.66E-02
17.9	1.66E-02
17.9	1.66E-02
17.9	1.66E-02
17.9	1.66E-02
17.9	1.66E-02
17.9	1.66E-02
17.9	1.66E-02
17.9	1.66E-02
17.9	1.66E-02
17.9	1.66E-02
17.9	1.66E-02
17.9	1.66E-02
17.9	1.66E-02
17.9	1.66E-02
17.9	1.66E-02
17.9	1.66E-02
17.9	1.66E-02
17.91	1.66E-02
17.91	1.66E-02
17.91	1.66E-02
17.91	1.66E-02
17.91	1.66E-02
17.91	1.66E-02
17.91	1.66E-02
17.91	1.66E-02
17.91	1.66E-02
17.91	1.66E-02
17.91	1.66E-02
17.91	1.66E-02
17.91	1.66E-02
17.91	1.66E-02
17.91	1.66E-02
17.91	1.66E-02
17.91	1.66E-02
17.91	1.67E-02
17.91	1.67E-02
17.91	1.67E-02
17.92	1.67E-02
17.92	1.67E-02
17.92	1.67E-02
17.92	1.67E-02
17.92	1.67E-02
17.92	1.67E-02
17.92	1.67E-02
17.92	1.67E-02
17.92	1.67E-02
17.92	1.67E-02
17.92	1.67E-02
17.92	1.67E-02
17.92	1.67E-02
17.92	1.67E-02
17.92	1.67E-02
17.92	1.67E-02
17.92	1.67E-02
17.92	1.67E-02
17.92	1.67E-02
17.92	1.67E-02
17.92	1.67E-02
17.93	1.67E-02
17.93	1.67E-02
17.93	1.67E-02
17.93	1.67E-02
17.93	1.67E-02
17.93	1.67E-02
17.93	1.67E-02
17.93	1.67E-02
17.93	1.67E-02
17.93	1.67E-02
17.93	1.67E-02
17.93	1.67E-02
17.93	1.67E-02
17.93	1.67E-02
17.93	1.67E-02
17.93	1.67E-02
17.93	1.67E-02
17.93	1.67E-02
17.93	1.68E-02
17.93	1.68E-02
17.94	1.68E-02
17.94	1.68E-02
17.94	1.68E-02
17.94	1.68E-02
17.94	1.68E-02
17.94	1.68E-02
17.94	1.68E-02
17.94	1.68E-02
17.94	1.68E-02
17.94	1.68E-02
17.94	1.68E-02
17.94	1.68E-02
17.94	1.68E-02
17.94	1.68E-02
17.94	1.68E-02
17.94	1.68E-02
17.94	1.68E-02
17.94	1.68E-02
17.94	1.68E-02
17.94	1.68E-02
17.95	1.68E-02
17.95	1.68E-02
17.95	1.68E-02
17.95	1.68E-02
17.95	1.68E-02
17.95	1.68E-02
17.95	1.68E-02
17.95	1.68E-02
17.95	1.68E-02
17.95	1.68E-02
17.95	1.68E-02
17.95	1.68E-02
17.95	1.68E-02
17.95	1.68E-02
17.95	1.68E-02
17.95	1.68E-02
17.95	1.68E-02
17.95	1.68E-02
17.95	1.68E-02
17.95	1.69E-02
17.96	1.69E-02
17.96	1.69E-02
17.96	1.69E-02
17.96	1.69E-02
17.96	1.69E-02
17.96	1.69E-02
17.96	1.69E-02
17.96	1.69E-02
17.96	1.69E-02
17.96	1.69E-02
17.96	1.69E-02
17.96	1.69E-02
17.96	1.69E-02
17.96	1.69E-02
17.96	1.69E-02
17.96	1.69E-02
17.96	1.69E-02
17.96	1.69E-02
17.96	1.69E-02
17.97	1.69E-02
17.97	1.69E-02
17.97	1.69E-02
17.97	1.69E-02
17.97	1.69E-02
17.97	1.69E-02
17.97	1.69E-02
17.97	1.69E-02
17.97	1.69E-02
17.97	1.69E-02
17.97	1.69E-02
17.97	1.69E-02
17.97	1.69E-02
17.97	1.69E-02
17.97	1.69E-02
17.97	1.69E-02
17.97	1.69E-02
17.97	1.69E-02
17.97	1.69E-02
17.97	1.69E-02
17.98	1.69E-02
17.98	1.69E-02
17.98	1.70E-02
17.98	1.70E-02
17.98	1.70E-02
17.98	1.70E-02
17.98	1.70E-02
17.98	1.70E-02
17.98	1.70E-02
17.98	1.70E-02
17.98	1.70E-02
17.98	1.70E-02
17.98	1.70E-02
17.98	1.70E-02
17.98	1.70E-02
17.98	1.70E-02
17.98	1.70E-02
17.98	1.70E-02
17.98	1.70E-02
17.98	1.70E-02
17.99	1.70E-02
17.99	1.70E-02
17.99	1.70E-02
17.99	1.70E-02
17.99	1.70E-02
17.99	1.70E-02
17.99	1.70E-02
17.99	1.70E-02
17.99	1.70E-02
17.99	1.70E-02
17.99	1.70E-02
17.99	1.70E-02
17.99	1.70E-02
17.99	1.70E-02
17.99	1.70E-02
17.99	1.70E-02
17.99	1.70E-02
17.99	1.70E-02
17.99	1.70E-02
17.99	1.70E-02
18	1.70E-02
18	1.70E-02
18	1.70E-02
18	1.70E-02
18	1.71E-02
18	1.71E-02
18	1.71E-02
18	1.71E-02
18	1.71E-02
18	1.71E-02
18	1.71E-02
18	1.71E-02
18	1.71E-02
18	1.71E-02
18	1.71E-02
18	1.71E-02
18	1.71E-02
18	1.71E-02
18	1.71E-02
18	1.71E-02
18	1.71E-02
18.01	1.71E-02
18.01	1.71E-02
18.01	1.71E-02
18.01	1.71E-02
18.01	1.71E-02
18.01	1.71E-02
18.01	1.71E-02
18.01	1.71E-02
18.01	1.71E-02
18.01	1.71E-02
18.01	1.71E-02
18.01	1.71E-02
18.01	1.71E-02
18.01	1.71E-02
18.01	1.71E-02
18.01	1.71E-02
18.01	1.71E-02
18.01	1.71E-02
18.01	1.71E-02
18.01	1.71E-02
18.02	1.71E-02
18.02	1.71E-02
18.02	1.71E-02
18.02	1.71E-02
18.02	1.72E-02
18.02	1.72E-02
18.02	1.72E-02
18.02	1.72E-02
18.02	1.72E-02
18.02	1.72E-02
18.02	1.72E-02
18.02	1.72E-02
18.02	1.72E-02
18.02	1.72E-02
18.02	1.72E-02
18.02	1.72E-02
18.02	1.72E-02
18.02	1.72E-02
18.02	1.72E-02
18.02	1.72E-02
18.03	1.72E-02
18.03	1.72E-02
18.03	1.72E-02
18.03	1.72E-02
18.03	1.72E-02
18.03	1.72E-02
18.03	1.72E-02
18.03	1.72E-02
18.03	1.72E-02
18.03	1.72E-02
18.03	1.72E-02
18.03	1.72E-02
18.03	1.72E-02
18.03	1.72E-02
18.03	1.72E-02
18.03	1.72E-02
18.03	1.72E-02
18.03	1.72E-02
18.03	1.72E-02
18.03	1.72E-02
18.04	1.72E-02
18.04	1.72E-02
18.04	1.72E-02
18.04	1.72E-02
18.04	1.72E-02
18.04	1.72E-02
18.04	1.73E-02
18.04	1.73E-02
18.04	1.73E-02
18.04	1.73E-02
18.04	1.73E-02
18.04	1.73E-02
18.04	1.73E-02
18.04	1.73E-02
18.04	1.73E-02
18.04	1.73E-02
18.04	1.73E-02
18.04	1.73E-02
18.04	1.73E-02
18.05	1.73E-02
18.05	1.73E-02
18.05	1.73E-02
18.05	1.73E-02
18.05	1.73E-02
18.05	1.73E-02
18.05	1.73E-02
18.05	1.73E-02
18.05	1.73E-02
18.05	1.73E-02
18.05	1.73E-02
18.05	1.73E-02
18.05	1.73E-02
18.05	1.73E-02
18.05	1.73E-02
18.05	1.73E-02
18.05	1.73E-02
18.05	1.73E-02
18.05	1.73E-02
18.05	1.73E-02
18.06	1.73E-02
18.06	1.73E-02
18.06	1.73E-02
18.06	1.73E-02
18.06	1.73E-02
18.06	1.73E-02
18.06	1.73E-02
18.06	1.73E-02
18.06	1.74E-02
18.06	1.74E-02
18.06	1.74E-02
18.06	1.74E-02
18.06	1.74E-02
18.06	1.74E-02
18.06	1.74E-02
18.06	1.74E-02
18.06	1.74E-02
18.06	1.74E-02
18.06	1.74E-02
18.06	1.74E-02
18.07	1.74E-02
18.07	1.74E-02
18.07	1.74E-02
18.07	1.74E-02
18.07	1.74E-02
18.07	1.74E-02
18.07	1.74E-02
18.07	1.74E-02
18.07	1.74E-02
18.07	1.74E-02
18.07	1.74E-02
18.07	1.74E-02
18.07	1.74E-02
18.07	1.74E-02
18.07	1.74E-02
18.07	1.74E-02
18.07	1.74E-02
18.07	1.74E-02
18.07	1.74E-02
18.07	1.74E-02
18.08	1.74E-02
18.08	1.74E-02
18.08	1.74E-02
18.08	1.74E-02
18.08	1.74E-02
18.08	1.74E-02
18.08	1.74E-02
18.08	1.74E-02
18.08	1.74E-02
18.08	1.74E-02
18.08	1.75E-02
18.08	1.75E-02
18.08	1.75E-02
18.08	1.75E-02
18.08	1.75E-02
18.08	1.75E-02
18.08	1.75E-02
18.08	1.75E-02
18.08	1.75E-02
18.08	1.75E-02
18.08	1.75E-02
18.09	1.75E-02
18.09	1.75E-02
18.09	1.75E-02
18.09	1.75E-02
18.09	1.75E-02
18.09	1.75E-02
18.09	1.75E-02
18.09	1.75E-02
18.09	1.75E-02
18.09	1.75E-02
18.09	1.75E-02
18.09	1.75E-02
18.09	1.75E-02
18.09	1.75E-02
18.09	1.75E-02
18.09	1.75E-02
18.09	1.75E-02
18.09	1.75E-02
18.09	1.75E-02
18.09	1.75E-02
18.1	1.75E-02
18.1	1.75E-02
18.1	1.75E-02
18.1	1.75E-02
18.1	1.75E-02
18.1	1.75E-02
18.1	1.75E-02
18.1	1.75E-02
18.1	1.75E-02
18.1	1.75E-02
18.1	1.76E-02
18.1	1.76E-02
18.1	1.76E-02
18.1	1.76E-02
18.1	1.76E-02
18.1	1.76E-02
18.1	1.76E-02
18.1	1.76E-02
18.1	1.76E-02
18.1	1.76E-02
18.11	1.76E-02
18.11	1.76E-02
18.11	1.76E-02
18.11	1.76E-02
18.11	1.76E-02
18.11	1.76E-02
18.11	1.76E-02
18.11	1.76E-02
18.11	1.76E-02
18.11	1.76E-02
18.11	1.76E-02
18.11	1.76E-02
18.11	1.76E-02
18.11	1.76E-02
18.11	1.76E-02
18.11	1.76E-02
18.11	1.76E-02
18.11	1.76E-02
18.11	1.76E-02
18.11	1.76E-02
18.12	1.76E-02
18.12	1.76E-02
18.12	1.76E-02
18.12	1.76E-02
18.12	1.76E-02
18.12	1.76E-02
18.12	1.76E-02
18.12	1.76E-02
18.12	1.76E-02
18.12	1.76E-02
18.12	1.76E-02
18.12	1.76E-02
18.12	1.77E-02
18.12	1.77E-02
18.12	1.77E-02
18.12	1.77E-02
18.12	1.77E-02
18.12	1.77E-02
18.12	1.77E-02
18.12	1.77E-02
18.13	1.77E-02
18.13	1.77E-02
18.13	1.77E-02
18.13	1.77E-02
18.13	1.77E-02
18.13	1.77E-02
18.13	1.77E-02
18.13	1.77E-02
18.13	1.77E-02
18.13	1.77E-02
18.13	1.77E-02
18.13	1.77E-02
18.13	1.77E-02
18.13	1.77E-02
18.13	1.77E-02
18.13	1.77E-02
18.13	1.77E-02
18.13	1.77E-02
18.13	1.77E-02
18.14	1.77E-02
18.14	1.77E-02
18.14	1.77E-02
18.14	1.77E-02
18.14	1.77E-02
18.14	1.77E-02
18.14	1.77E-02
18.14	1.77E-02
18.14	1.77E-02
18.14	1.77E-02
18.14	1.77E-02
18.14	1.77E-02
18.14	1.77E-02
18.14	1.77E-02
18.14	1.77E-02
18.14	1.78E-02
18.14	1.78E-02
18.14	1.78E-02
18.14	1.78E-02
18.14	1.78E-02
18.15	1.78E-02
18.15	1.78E-02
18.15	1.78E-02
18.15	1.78E-02
18.15	1.78E-02
18.15	1.78E-02
18.15	1.78E-02
18.15	1.78E-02
18.15	1.78E-02
18.15	1.78E-02
18.15	1.78E-02
18.15	1.78E-02
18.15	1.78E-02
18.15	1.78E-02
18.15	1.78E-02
18.15	1.78E-02
18.15	1.78E-02
18.15	1.78E-02
18.15	1.78E-02
18.15	1.78E-02
18.16	1.78E-02
18.16	1.78E-02
18.16	1.78E-02
18.16	1.78E-02
18.16	1.78E-02
18.16	1.78E-02
18.16	1.78E-02
18.16	1.78E-02
18.16	1.78E-02
18.16	1.78E-02
18.16	1.78E-02
18.16	1.78E-02
18.16	1.78E-02
18.16	1.78E-02
18.16	1.78E-02
18.16	1.78E-02
18.16	1.79E-02
18.16	1.79E-02
18.16	1.79E-02
18.16	1.79E-02
18.17	1.79E-02
18.17	1.79E-02
18.17	1.79E-02
18.17	1.79E-02
18.17	1.79E-02
18.17	1.79E-02
18.17	1.79E-02
18.17	1.79E-02
18.17	1.79E-02
18.17	1.79E-02
18.17	1.79E-02
18.17	1.79E-02
18.17	1.79E-02
18.17	1.79E-02
18.17	1.79E-02
18.17	1.79E-02
18.17	1.79E-02
18.17	1.79E-02
18.17	1.79E-02
18.17	1.79E-02
18.17	1.79E-02
18.18	1.79E-02
18.18	1.79E-02
18.18	1.79E-02
18.18	1.79E-02
18.18	1.79E-02
18.18	1.79E-02
18.18	1.79E-02
18.18	1.79E-02
18.18	1.79E-02
18.18	1.79E-02
18.18	1.79E-02
18.18	1.79E-02
18.18	1.79E-02
18.18	1.79E-02
18.18	1.79E-02
18.18	1.79E-02
18.18	1.79E-02
18.18	1.80E-02
18.18	1.80E-02
18.18	1.80E-02
18.19	1.80E-02
18.19	1.80E-02
18.19	1.80E-02
18.19	1.80E-02
18.19	1.80E-02
18.19	1.80E-02
18.19	1.80E-02
18.19	1.80E-02
18.19	1.80E-02
18.19	1.80E-02
18.19	1.80E-02
18.19	1.80E-02
18.19	1.80E-02
18.19	1.80E-02
18.19	1.80E-02
18.19	1.80E-02
18.19	1.80E-02
18.19	1.80E-02
18.19	1.80E-02
18.19	1.80E-02
18.2	1.80E-02
18.2	1.80E-02
18.2	1.80E-02
18.2	1.80E-02
18.2	1.80E-02
18.2	1.80E-02
18.2	1.80E-02
18.2	1.80E-02
18.2	1.80E-02
18.2	1.80E-02
18.2	1.80E-02
18.2	1.80E-02
18.2	1.80E-02
18.2	1.80E-02
18.2	1.80E-02
18.2	1.80E-02
18.2	1.80E-02
18.2	1.80E-02
18.2	1.80E-02
18.2	1.81E-02
18.21	1.81E-02
18.21	1.81E-02
18.21	1.81E-02
18.21	1.81E-02
18.21	1.81E-02
18.21	1.81E-02
18.21	1.81E-02
18.21	1.81E-02
18.21	1.81E-02
18.21	1.81E-02
18.21	1.81E-02
18.21	1.81E-02
18.21	1.81E-02
18.21	1.81E-02
18.21	1.81E-02
18.21	1.81E-02
18.21	1.81E-02
18.21	1.81E-02
18.21	1.81E-02
18.22	1.81E-02
18.22	1.81E-02
18.22	1.81E-02
18.22	1.81E-02
18.22	1.81E-02
18.22	1.81E-02
18.22	1.81E-02
18.22	1.81E-02
18.22	1.81E-02
18.22	1.81E-02
18.22	1.81E-02
18.22	1.81E-02
18.22	1.81E-02
18.22	1.81E-02
18.22	1.81E-02
18.22	1.81E-02
18.22	1.81E-02
18.22	1.81E-02
18.22	1.81E-02
18.22	1.81E-02
18.23	1.81E-02
18.23	1.81E-02
18.23	1.82E-02
18.23	1.82E-02
18.23	1.82E-02
18.23	1.82E-02
18.23	1.82E-02
18.23	1.82E-02
18.23	1.82E-02
18.23	1.82E-02
18.23	1.82E-02
18.23	1.82E-02
18.23	1.82E-02
18.23	1.82E-02
18.23	1.82E-02
18.23	1.82E-02
18.23	1.82E-02
18.23	1.82E-02
18.23	1.82E-02
18.23	1.82E-02
18.24	1.82E-02
18.24	1.82E-02
18.24	1.82E-02
18.24	1.82E-02
18.24	1.82E-02
18.24	1.82E-02
18.24	1.82E-02
18.24	1.82E-02
18.24	1.82E-02
18.24	1.82E-02
18.24	1.82E-02
18.24	1.82E-02
18.24	1.82E-02
18.24	1.82E-02
18.24	1.82E-02
18.24	1.82E-02
18.24	1.82E-02
18.24	1.82E-02
18.24	1.82E-02
18.24	1.82E-02
18.25	1.82E-02
18.25	1.82E-02
18.25	1.82E-02
18.25	1.82E-02
18.25	1.83E-02
18.25	1.83E-02
18.25	1.83E-02
18.25	1.83E-02
18.25	1.83E-02
18.25	1.83E-02
18.25	1.83E-02
18.25	1.83E-02
18.25	1.83E-02
18.25	1.83E-02
18.25	1.83E-02
18.25	1.83E-02
18.25	1.83E-02
18.25	1.83E-02
18.25	1.83E-02
18.25	1.83E-02
18.25	1.83E-02
18.26	1.83E-02
18.26	1.83E-02
18.26	1.83E-02
18.26	1.83E-02
18.26	1.83E-02
18.26	1.83E-02
18.26	1.83E-02
18.26	1.83E-02
18.26	1.83E-02
18.26	1.83E-02
18.26	1.83E-02
18.26	1.83E-02
18.26	1.83E-02
18.26	1.83E-02
18.26	1.83E-02
18.26	1.83E-02
18.26	1.83E-02
18.26	1.83E-02
18.26	1.83E-02
18.26	1.83E-02
18.27	1.83E-02
18.27	1.83E-02
18.27	1.83E-02
18.27	1.83E-02
18.27	1.84E-02
18.27	1.84E-02
18.27	1.84E-02
18.27	1.84E-02
18.27	1.84E-02
18.27	1.84E-02
18.27	1.84E-02
18.27	1.84E-02
18.27	1.84E-02
18.27	1.84E-02
18.27	1.84E-02
18.27	1.84E-02
18.27	1.84E-02
18.27	1.84E-02
18.27	1.84E-02
18.27	1.84E-02
18.28	1.84E-02
18.28	1.84E-02
18.28	1.84E-02
18.28	1.84E-02
18.28	1.84E-02
18.28	1.84E-02
18.28	1.84E-02
18.28	1.84E-02
18.28	1.84E-02
18.28	1.84E-02
18.28	1.84E-02
18.28	1.84E-02
18.28	1.84E-02
18.28	1.84E-02
18.28	1.84E-02
18.28	1.84E-02
18.28	1.84E-02
18.28	1.84E-02
18.28	1.84E-02
18.28	1.84E-02
18.29	1.84E-02
18.29	1.84E-02
18.29	1.84E-02
18.29	1.84E-02
18.29	1.84E-02
18.29	1.84E-02
18.29	1.85E-02
18.29	1.85E-02
18.29	1.85E-02
18.29	1.85E-02
18.29	1.85E-02
18.29	1.85E-02
18.29	1.85E-02
18.29	1.85E-02
18.29	1.85E-02
18.29	1.85E-02
18.29	1.85E-02
18.29	1.85E-02
18.29	1.85E-02
18.3	1.85E-02
18.3	1.85E-02
18.3	1.85E-02
18.3	1.85E-02
18.3	1.85E-02
18.3	1.85E-02
18.3	1.85E-02
18.3	1.85E-02
18.3	1.85E-02
18.3	1.85E-02
18.3	1.85E-02
18.3	1.85E-02
18.3	1.85E-02
18.3	1.85E-02
18.3	1.85E-02
18.3	1.85E-02
18.3	1.85E-02
18.3	1.85E-02
18.3	1.85E-02
18.3	1.85E-02
18.31	1.85E-02
18.31	1.85E-02
18.31	1.85E-02
18.31	1.85E-02
18.31	1.85E-02
18.31	1.85E-02
18.31	1.85E-02
18.31	1.85E-02
18.31	1.85E-02
18.31	1.86E-02
18.31	1.86E-02
18.31	1.86E-02
18.31	1.86E-02
18.31	1.86E-02
18.31	1.86E-02
18.31	1.86E-02
18.31	1.86E-02
18.31	1.86E-02
18.31	1.86E-02
18.31	1.86E-02
18.32	1.86E-02
18.32	1.86E-02
18.32	1.86E-02
18.32	1.86E-02
18.32	1.86E-02
18.32	1.86E-02
18.32	1.86E-02
18.32	1.86E-02
18.32	1.86E-02
18.32	1.86E-02
18.32	1.86E-02
18.32	1.86E-02
18.32	1.86E-02
18.32	1.86E-02
18.32	1.86E-02
18.32	1.86E-02
18.32	1.86E-02
18.32	1.86E-02
18.32	1.86E-02
18.32	1.86E-02
18.33	1.86E-02
18.33	1.86E-02
18.33	1.86E-02
18.33	1.86E-02
18.33	1.86E-02
18.33	1.86E-02
18.33	1.86E-02
18.33	1.86E-02
18.33	1.86E-02
18.33	1.86E-02
18.33	1.86E-02
18.33	1.87E-02
18.33	1.87E-02
18.33	1.87E-02
18.33	1.87E-02
18.33	1.87E-02
18.33	1.87E-02
18.33	1.87E-02
18.33	1.87E-02
18.33	1.87E-02
18.33	1.87E-02
18.34	1.87E-02
18.34	1.87E-02
18.34	1.87E-02
18.34	1.87E-02
18.34	1.87E-02
18.34	1.87E-02
18.34	1.87E-02
18.34	1.87E-02
18.34	1.87E-02
18.34	1.87E-02
18.34	1.87E-02
18.34	1.87E-02
18.34	1.87E-02
18.34	1.87E-02
18.34	1.87E-02
18.34	1.87E-02
18.34	1.87E-02
18.34	1.87E-02
18.34	1.87E-02
18.34	1.87E-02
18.35	1.87E-02
18.35	1.87E-02
18.35	1.87E-02
18.35	1.87E-02
18.35	1.87E-02
18.35	1.87E-02
18.35	1.87E-02
18.35	1.87E-02
18.35	1.87E-02
18.35	1.87E-02
18.35	1.87E-02
18.35	1.87E-02
18.35	1.88E-02
18.35	1.88E-02
18.35	1.88E-02
18.35	1.88E-02
18.35	1.88E-02
18.35	1.88E-02
18.35	1.88E-02
18.35	1.88E-02
18.36	1.88E-02
18.36	1.88E-02
18.36	1.88E-02
18.36	1.88E-02
18.36	1.88E-02
18.36	1.88E-02
18.36	1.88E-02
18.36	1.88E-02
18.36	1.88E-02
18.36	1.88E-02
18.36	1.88E-02
18.36	1.88E-02
18.36	1.88E-02
18.36	1.88E-02
18.36	1.88E-02
18.36	1.88E-02
18.36	1.88E-02
18.36	1.88E-02
18.36	1.88E-02
18.36	1.88E-02
18.37	1.88E-02
18.37	1.88E-02
18.37	1.88E-02
18.37	1.88E-02
18.37	1.88E-02
18.37	1.88E-02
18.37	1.88E-02
18.37	1.88E-02
18.37	1.88E-02
18.37	1.88E-02
18.37	1.88E-02
18.37	1.88E-02
18.37	1.88E-02
18.37	1.88E-02
18.37	1.89E-02
18.37	1.89E-02
18.37	1.89E-02
18.37	1.89E-02
18.37	1.89E-02
18.38	1.89E-02
18.38	1.89E-02
18.38	1.89E-02
18.38	1.89E-02
18.38	1.89E-02
18.38	1.89E-02
18.38	1.89E-02
18.38	1.89E-02
18.38	1.89E-02
18.38	1.89E-02
18.38	1.89E-02
18.38	1.89E-02
18.38	1.89E-02
18.38	1.89E-02
18.38	1.89E-02
18.38	1.89E-02
18.38	1.89E-02
18.38	1.89E-02
18.38	1.89E-02
18.38	1.89E-02
18.39	1.89E-02
18.39	1.89E-02
18.39	1.89E-02
18.39	1.89E-02
18.39	1.89E-02
18.39	1.89E-02
18.39	1.89E-02
18.39	1.89E-02
18.39	1.89E-02
18.39	1.89E-02
18.39	1.89E-02
18.39	1.89E-02
18.39	1.89E-02
18.39	1.89E-02
18.39	1.89E-02
18.39	1.89E-02
18.39	1.89E-02
18.39	1.90E-02
18.39	1.90E-02
18.39	1.90E-02
18.4	1.90E-02
18.4	1.90E-02
18.4	1.90E-02
18.4	1.90E-02
18.4	1.90E-02
18.4	1.90E-02
18.4	1.90E-02
18.4	1.90E-02
18.4	1.90E-02
18.4	1.90E-02
18.4	1.90E-02
18.4	1.90E-02
18.4	1.90E-02
18.4	1.90E-02
18.4	1.90E-02
18.4	1.90E-02
18.4	1.90E-02
18.4	1.90E-02
18.4	1.90E-02
18.4	1.90E-02
18.41	1.90E-02
18.41	1.90E-02
18.41	1.90E-02
18.41	1.90E-02
18.41	1.90E-02
18.41	1.90E-02
18.41	1.90E-02
18.41	1.90E-02
18.41	1.90E-02
18.41	1.90E-02
18.41	1.90E-02
18.41	1.90E-02
18.41	1.90E-02
18.41	1.90E-02
18.41	1.90E-02
18.41	1.90E-02
18.41	1.90E-02
18.41	1.90E-02
18.41	1.90E-02
18.41	1.91E-02
18.42	1.91E-02
18.42	1.91E-02
18.42	1.91E-02
18.42	1.91E-02
18.42	1.91E-02
18.42	1.91E-02
18.42	1.91E-02
18.42	1.91E-02
18.42	1.91E-02
18.42	1.91E-02
18.42	1.91E-02
18.42	1.91E-02
18.42	1.91E-02
18.42	1.91E-02
18.42	1.91E-02
18.42	1.91E-02
18.42	1.91E-02
18.42	1.91E-02
18.42	1.91E-02
18.42	1.91E-02
18.42	1.91E-02
18.43	1.91E-02
18.43	1.91E-02
18.43	1.91E-02
18.43	1.91E-02
18.43	1.91E-02
18.43	1.91E-02
18.43	1.91E-02
18.43	1.91E-02
18.43	1.91E-02
18.43	1.91E-02
18.43	1.91E-02
18.43	1.91E-02
18.43	1.91E-02
18.43	1.91E-02
18.43	1.91E-02
18.43	1.91E-02
18.43	1.91E-02
18.43	1.91E-02
18.43	1.91E-02
18.43	1.91E-02
18.44	1.91E-02
18.44	1.92E-02
18.44	1.92E-02
18.44	1.92E-02
18.44	1.92E-02
18.44	1.92E-02
18.44	1.92E-02
18.44	1.92E-02
18.44	1.92E-02
18.44	1.92E-02
18.44	1.92E-02
18.44	1.92E-02
18.44	1.92E-02
18.44	1.92E-02
18.44	1.92E-02
18.44	1.92E-02
18.44	1.92E-02
18.44	1.92E-02
18.44	1.92E-02
18.44	1.92E-02
18.45	1.92E-02
18.45	1.92E-02
18.45	1.92E-02
18.45	1.92E-02
18.45	1.92E-02
18.45	1.92E-02
18.45	1.92E-02
18.45	1.92E-02
18.45	1.92E-02
18.45	1.92E-02
18.45	1.92E-02
18.45	1.92E-02
18.45	1.92E-02
18.45	1.92E-02
18.45	1.92E-02
18.45	1.92E-02
18.45	1.92E-02
18.45	1.92E-02
18.45	1.92E-02
18.45	1.92E-02
18.46	1.92E-02
18.46	1.92E-02
18.46	1.92E-02
18.46	1.93E-02
18.46	1.93E-02
18.46	1.93E-02
18.46	1.93E-02
18.46	1.93E-02
18.46	1.93E-02
18.46	1.93E-02
18.46	1.93E-02
18.46	1.93E-02
18.46	1.93E-02
18.46	1.93E-02
18.46	1.93E-02
18.46	1.93E-02
18.46	1.93E-02
18.46	1.93E-02
18.46	1.93E-02
18.47	1.93E-02
18.47	1.93E-02
18.47	1.93E-02
18.47	1.93E-02
18.47	1.93E-02
18.47	1.93E-02
18.47	1.93E-02
18.47	1.93E-02
18.47	1.93E-02
18.47	1.93E-02
18.47	1.93E-02
18.47	1.93E-02
18.47	1.93E-02
18.47	1.93E-02
18.47	1.93E-02
18.47	1.93E-02
18.47	1.93E-02
18.47	1.93E-02
18.47	1.93E-02
18.47	1.93E-02
18.48	1.93E-02
18.48	1.93E-02
18.48	1.93E-02
18.48	1.93E-02
18.48	1.93E-02
18.48	1.93E-02
18.48	1.94E-02
18.48	1.94E-02
18.48	1.94E-02
18.48	1.94E-02
18.48	1.94E-02
18.48	1.94E-02
18.48	1.94E-02
18.48	1.94E-02
18.48	1.94E-02
18.48	1.94E-02
18.48	1.94E-02
18.48	1.94E-02
18.48	1.94E-02
18.48	1.94E-02
18.49	1.94E-02
18.49	1.94E-02
18.49	1.94E-02
18.49	1.94E-02
18.49	1.94E-02
18.49	1.94E-02
18.49	1.94E-02
18.49	1.94E-02
18.49	1.94E-02
18.49	1.94E-02
18.49	1.94E-02
18.49	1.94E-02
18.49	1.94E-02
18.49	1.94E-02
18.49	1.94E-02
18.49	1.94E-02
18.49	1.94E-02
18.49	1.94E-02
18.49	1.94E-02
18.49	1.94E-02
18.5	1.94E-02
18.5	1.94E-02
18.5	1.94E-02
18.5	1.94E-02
18.5	1.94E-02
18.5	1.94E-02
18.5	1.94E-02
18.5	1.94E-02
18.5	1.95E-02
18.5	1.95E-02
18.5	1.95E-02
18.5	1.95E-02
18.5	1.95E-02
18.5	1.95E-02
18.5	1.95E-02
18.5	1.95E-02
18.5	1.95E-02
18.5	1.95E-02
18.5	1.95E-02
18.5	1.95E-02
18.5	1.95E-02
18.51	1.95E-02
18.51	1.95E-02
18.51	1.95E-02
18.51	1.95E-02
18.51	1.95E-02
18.51	1.95E-02
18.51	1.95E-02
18.51	1.95E-02
18.51	1.95E-02
18.51	1.95E-02
18.51	1.95E-02
18.51	1.95E-02
18.51	1.95E-02
18.51	1.95E-02
18.51	1.95E-02
18.51	1.95E-02
18.51	1.95E-02
18.51	1.95E-02
18.51	1.95E-02
18.51	1.95E-02
18.52	1.95E-02
18.52	1.95E-02
18.52	1.95E-02
18.52	1.95E-02
18.52	1.95E-02
18.52	1.95E-02
18.52	1.95E-02
18.52	1.95E-02
18.52	1.95E-02
18.52	1.95E-02
18.52	1.96E-02
18.52	1.96E-02
18.52	1.96E-02
18.52	1.96E-02
18.52	1.96E-02
18.52	1.96E-02
18.52	1.96E-02
18.52	1.96E-02
18.52	1.96E-02
18.52	1.96E-02
18.53	1.96E-02
18.53	1.96E-02
18.53	1.96E-02
18.53	1.96E-02
18.53	1.96E-02
18.53	1.96E-02
18.53	1.96E-02
18.53	1.96E-02
18.53	1.96E-02
18.53	1.96E-02
18.53	1.96E-02
18.53	1.96E-02
18.53	1.96E-02
18.53	1.96E-02
18.53	1.96E-02
18.53	1.96E-02
18.53	1.96E-02
18.53	1.96E-02
18.53	1.96E-02
18.53	1.96E-02
18.54	1.96E-02
18.54	1.96E-02
18.54	1.96E-02
18.54	1.96E-02
18.54	1.96E-02
18.54	1.96E-02
18.54	1.96E-02
18.54	1.96E-02
18.54	1.96E-02
18.54	1.96E-02
18.54	1.96E-02
18.54	1.96E-02
18.54	1.97E-02
18.54	1.97E-02
18.54	1.97E-02
18.54	1.97E-02
18.54	1.97E-02
18.54	1.97E-02
18.54	1.97E-02
18.55	1.97E-02
18.55	1.97E-02
18.55	1.97E-02
18.55	1.97E-02
18.55	1.97E-02
18.55	1.97E-02
18.55	1.97E-02
18.55	1.97E-02
18.55	1.97E-02
18.55	1.97E-02
18.55	1.97E-02
18.55	1.97E-02
18.55	1.97E-02
18.55	1.97E-02
18.55	1.97E-02
18.55	1.97E-02
18.55	1.97E-02
18.55	1.97E-02
18.55	1.97E-02
18.55	1.97E-02
18.56	1.97E-02
18.56	1.97E-02
18.56	1.97E-02
18.56	1.97E-02
18.56	1.97E-02
18.56	1.97E-02
18.56	1.97E-02
18.56	1.97E-02
18.56	1.97E-02
18.56	1.97E-02
18.56	1.97E-02
18.56	1.97E-02
18.56	1.97E-02
18.56	1.97E-02
18.56	1.97E-02
18.56	1.97E-02
18.56	1.98E-02
18.56	1.98E-02
18.56	1.98E-02
18.56	1.98E-02
18.57	1.98E-02
18.57	1.98E-02
18.57	1.98E-02
18.57	1.98E-02
18.57	1.98E-02
18.57	1.98E-02
18.57	1.98E-02
18.57	1.98E-02
18.57	1.98E-02
18.57	1.98E-02
18.57	1.98E-02
18.57	1.98E-02
18.57	1.98E-02
18.57	1.98E-02
18.57	1.98E-02
18.57	1.98E-02
18.57	1.98E-02
18.57	1.98E-02
18.57	1.98E-02
18.57	1.98E-02
18.58	1.98E-02
18.58	1.98E-02
18.58	1.98E-02
18.58	1.98E-02
18.58	1.98E-02
18.58	1.98E-02
18.58	1.98E-02
18.58	1.98E-02
18.58	1.98E-02
18.58	1.98E-02
18.58	1.98E-02
18.58	1.98E-02
18.58	1.98E-02
18.58	1.98E-02
18.58	1.98E-02
18.58	1.98E-02
18.58	1.98E-02
18.58	1.98E-02
18.58	1.99E-02
18.58	1.99E-02
18.58	1.99E-02
18.59	1.99E-02
18.59	1.99E-02
18.59	1.99E-02
18.59	1.99E-02
18.59	1.99E-02
18.59	1.99E-02
18.59	1.99E-02
18.59	1.99E-02
18.59	1.99E-02
18.59	1.99E-02
18.59	1.99E-02
18.59	1.99E-02
18.59	1.99E-02
18.59	1.99E-02
18.59	1.99E-02
18.59	1.99E-02
18.59	1.99E-02
18.59	1.99E-02
18.59	1.99E-02
18.59	1.99E-02
18.6	1.99E-02
18.6	1.99E-02
18.6	1.99E-02
18.6	1.99E-02
18.6	1.99E-02
18.6	1.99E-02
18.6	1.99E-02
18.6	1.99E-02
18.6	1.99E-02
18.6	1.99E-02
18.6	1.99E-02
18.6	1.99E-02
18.6	1.99E-02
18.6	1.99E-02
18.6	1.99E-02
18.6	1.99E-02
18.6	1.99E-02
18.6	1.99E-02
18.6	1.99E-02
18.6	1.99E-02
18.61	2.00E-02
18.61	2.00E-02
18.61	2.00E-02
18.61	2.00E-02
18.61	2.00E-02
18.61	2.00E-02
18.61	2.00E-02
18.61	2.00E-02
18.61	2.00E-02
18.61	2.00E-02
18.61	2.00E-02
18.61	2.00E-02
18.61	2.00E-02
18.61	2.00E-02
18.61	2.00E-02
18.61	2.00E-02
18.61	2.00E-02
18.61	2.00E-02
18.61	2.00E-02
18.61	2.00E-02
18.62	2.00E-02
18.62	2.00E-02
18.62	2.00E-02
18.62	2.00E-02
18.62	2.00E-02
18.62	2.00E-02
18.62	2.00E-02
18.62	2.00E-02
18.62	2.00E-02
18.62	2.00E-02
18.62	2.00E-02
18.62	2.00E-02
18.62	2.00E-02
18.62	2.00E-02
18.62	2.00E-02
18.62	2.00E-02
18.62	2.00E-02
18.62	2.00E-02
18.62	2.00E-02
18.62	2.00E-02
18.63	2.00E-02
18.63	2.00E-02
18.63	2.00E-02
18.63	2.01E-02
18.63	2.01E-02
18.63	2.01E-02
18.63	2.01E-02
18.63	2.01E-02
18.63	2.01E-02
18.63	2.01E-02
18.63	2.01E-02
18.63	2.01E-02
18.63	2.01E-02
18.63	2.01E-02
18.63	2.01E-02
18.63	2.01E-02
18.63	2.01E-02
18.63	2.01E-02
18.63	2.01E-02
18.64	2.01E-02
18.64	2.01E-02
18.64	2.01E-02
18.64	2.01E-02
18.64	2.01E-02
18.64	2.01E-02
18.64	2.01E-02
18.64	2.01E-02
18.64	2.01E-02
18.64	2.01E-02
18.64	2.01E-02
18.64	2.01E-02
18.64	2.01E-02
18.64	2.01E-02
18.64	2.01E-02
18.64	2.01E-02
18.64	2.01E-02
18.64	2.01E-02
18.64	2.01E-02
18.64	2.01E-02
18.65	2.01E-02
18.65	2.01E-02
18.65	2.01E-02
18.65	2.01E-02
18.65	2.01E-02
18.65	2.01E-02
18.65	2.02E-02
18.65	2.02E-02
18.65	2.02E-02
18.65	2.02E-02
18.65	2.02E-02
18.65	2.02E-02
18.65	2.02E-02
18.65	2.02E-02
18.65	2.02E-02
18.65	2.02E-02
18.65	2.02E-02
18.65	2.02E-02
18.65	2.02E-02
18.65	2.02E-02
18.66	2.02E-02
18.66	2.02E-02
18.66	2.02E-02
18.66	2.02E-02
18.66	2.02E-02
18.66	2.02E-02
18.66	2.02E-02
18.66	2.02E-02
18.66	2.02E-02
18.66	2.02E-02
18.66	2.02E-02
18.66	2.02E-02
18.66	2.02E-02
18.66	2.02E-02
18.66	2.02E-02
18.66	2.02E-02
18.66	2.02E-02
18.66	2.02E-02
18.66	2.02E-02
18.66	2.02E-02
18.67	2.02E-02
18.67	2.02E-02
18.67	2.02E-02
18.67	2.02E-02
18.67	2.02E-02
18.67	2.02E-02
18.67	2.02E-02
18.67	2.02E-02
18.67	2.02E-02
18.67	2.03E-02
18.67	2.03E-02
18.67	2.03E-02
18.67	2.03E-02
18.67	2.03E-02
18.67	2.03E-02
18.67	2.03E-02
18.67	2.03E-02
18.67	2.03E-02
18.67	2.03E-02
18.67	2.03E-02
18.67	2.03E-02
18.68	2.03E-02
18.68	2.03E-02
18.68	2.03E-02
18.68	2.03E-02
18.68	2.03E-02
18.68	2.03E-02
18.68	2.03E-02
18.68	2.03E-02
18.68	2.03E-02
18.68	2.03E-02
18.68	2.03E-02
18.68	2.03E-02
18.68	2.03E-02
18.68	2.03E-02
18.68	2.03E-02
18.68	2.03E-02
18.68	2.03E-02
18.68	2.03E-02
18.68	2.03E-02
18.68	2.03E-02
18.69	2.03E-02
18.69	2.03E-02
18.69	2.03E-02
18.69	2.03E-02
18.69	2.03E-02
18.69	2.03E-02
18.69	2.03E-02
18.69	2.03E-02
18.69	2.03E-02
18.69	2.03E-02
18.69	2.03E-02
18.69	2.04E-02
18.69	2.04E-02
18.69	2.04E-02
18.69	2.04E-02
18.69	2.04E-02
18.69	2.04E-02
18.69	2.04E-02
18.69	2.04E-02
18.69	2.04E-02
18.7	2.04E-02
18.7	2.04E-02
18.7	2.04E-02
18.7	2.04E-02
18.7	2.04E-02
18.7	2.04E-02
18.7	2.04E-02
18.7	2.04E-02
18.7	2.04E-02
18.7	2.04E-02
18.7	2.04E-02
18.7	2.04E-02
18.7	2.04E-02
18.7	2.04E-02
18.7	2.04E-02
18.7	2.04E-02
18.7	2.04E-02
18.7	2.04E-02
18.7	2.04E-02
18.7	2.04E-02
18.71	2.04E-02
18.71	2.04E-02
18.71	2.04E-02
18.71	2.04E-02
18.71	2.04E-02
18.71	2.04E-02
18.71	2.04E-02
18.71	2.04E-02
18.71	2.04E-02
18.71	2.04E-02
18.71	2.04E-02
18.71	2.04E-02
18.71	2.04E-02
18.71	2.04E-02
18.71	2.05E-02
18.71	2.05E-02
18.71	2.05E-02
18.71	2.05E-02
18.71	2.05E-02
18.72	2.05E-02
18.72	2.05E-02
18.72	2.05E-02
18.72	2.05E-02
18.72	2.05E-02
18.72	2.05E-02
18.72	2.05E-02
18.72	2.05E-02
18.72	2.05E-02
18.72	2.05E-02
18.72	2.05E-02
18.72	2.05E-02
18.72	2.05E-02
18.72	2.05E-02
18.72	2.05E-02
18.72	2.05E-02
18.72	2.05E-02
18.72	2.05E-02
18.72	2.05E-02
18.72	2.05E-02
18.73	2.05E-02
18.73	2.05E-02
18.73	2.05E-02
18.73	2.05E-02
18.73	2.05E-02
18.73	2.05E-02
18.73	2.05E-02
18.73	2.05E-02
18.73	2.05E-02
18.73	2.05E-02
18.73	2.05E-02
18.73	2.05E-02
18.73	2.05E-02
18.73	2.05E-02
18.73	2.05E-02
18.73	2.05E-02
18.73	2.05E-02
18.73	2.05E-02
18.73	2.06E-02
18.73	2.06E-02
18.74	2.06E-02
18.74	2.06E-02
18.74	2.06E-02
18.74	2.06E-02
18.74	2.06E-02
18.74	2.06E-02
18.74	2.06E-02
18.74	2.06E-02
18.74	2.06E-02
18.74	2.06E-02
18.74	2.06E-02
18.74	2.06E-02
18.74	2.06E-02
18.74	2.06E-02
18.74	2.06E-02
18.74	2.06E-02
18.74	2.06E-02
18.74	2.06E-02
18.74	2.06E-02
18.74	2.06E-02
18.75	2.06E-02
18.75	2.06E-02
18.75	2.06E-02
18.75	2.06E-02
18.75	2.06E-02
18.75	2.06E-02
18.75	2.06E-02
18.75	2.06E-02
18.75	2.06E-02
18.75	2.06E-02
18.75	2.06E-02
18.75	2.06E-02
18.75	2.06E-02
18.75	2.06E-02
18.75	2.06E-02
18.75	2.06E-02
18.75	2.06E-02
18.75	2.06E-02
18.75	2.06E-02
18.75	2.06E-02
18.75	2.06E-02
18.76	2.07E-02
18.76	2.07E-02
18.76	2.07E-02
18.76	2.07E-02
18.76	2.07E-02
18.76	2.07E-02
18.76	2.07E-02
18.76	2.07E-02
18.76	2.07E-02
18.76	2.07E-02
18.76	2.07E-02
18.76	2.07E-02
18.76	2.07E-02
18.76	2.07E-02
18.76	2.07E-02
18.76	2.07E-02
18.76	2.07E-02
18.76	2.07E-02
18.76	2.07E-02
18.76	2.07E-02
18.77	2.07E-02
18.77	2.07E-02
18.77	2.07E-02
18.77	2.07E-02
18.77	2.07E-02
18.77	2.07E-02
18.77	2.07E-02
18.77	2.07E-02
18.77	2.07E-02
18.77	2.07E-02
18.77	2.07E-02
18.77	2.07E-02
18.77	2.07E-02
18.77	2.07E-02
18.77	2.07E-02
18.77	2.07E-02
18.77	2.07E-02
18.77	2.07E-02
18.77	2.07E-02
18.77	2.07E-02
18.78	2.07E-02
18.78	2.07E-02
18.78	2.07E-02
18.78	2.08E-02
18.78	2.08E-02
18.78	2.08E-02
18.78	2.08E-02
18.78	2.08E-02
18.78	2.08E-02
18.78	2.08E-02
18.78	2.08E-02
18.78	2.08E-02
18.78	2.08E-02
18.78	2.08E-02
18.78	2.08E-02
18.78	2.08E-02
18.78	2.08E-02
18.78	2.08E-02
18.78	2.08E-02
18.78	2.08E-02
18.79	2.08E-02
18.79	2.08E-02
18.79	2.08E-02
18.79	2.08E-02
18.79	2.08E-02
18.79	2.08E-02
18.79	2.08E-02
18.79	2.08E-02
18.79	2.08E-02
18.79	2.08E-02
18.79	2.08E-02
18.79	2.08E-02
18.79	2.08E-02
18.79	2.08E-02
18.79	2.08E-02
18.79	2.08E-02
18.79	2.08E-02
18.79	2.08E-02
18.79	2.08E-02
18.8	2.08E-02
18.8	2.08E-02
18.8	2.08E-02
18.8	2.08E-02
18.8	2.08E-02
18.8	2.08E-02
18.8	2.08E-02
18.8	2.09E-02
18.8	2.09E-02
18.8	2.09E-02
18.8	2.09E-02
18.8	2.09E-02
18.8	2.09E-02
18.8	2.09E-02
18.8	2.09E-02
18.8	2.09E-02
18.8	2.09E-02
18.8	2.09E-02
18.8	2.09E-02
18.8	2.09E-02
18.81	2.09E-02
18.81	2.09E-02
18.81	2.09E-02
18.81	2.09E-02
18.81	2.09E-02
18.81	2.09E-02
18.81	2.09E-02
18.81	2.09E-02
18.81	2.09E-02
18.81	2.09E-02
18.81	2.09E-02
18.81	2.09E-02
18.81	2.09E-02
18.81	2.09E-02
18.81	2.09E-02
18.81	2.09E-02
18.81	2.09E-02
18.81	2.09E-02
18.81	2.09E-02
18.81	2.09E-02
18.82	2.09E-02
18.82	2.09E-02
18.82	2.09E-02
18.82	2.09E-02
18.82	2.09E-02
18.82	2.09E-02
18.82	2.09E-02
18.82	2.09E-02
18.82	2.09E-02
18.82	2.09E-02
18.82	2.09E-02
18.82	2.10E-02
18.82	2.10E-02
18.82	2.10E-02
18.82	2.10E-02
18.82	2.10E-02
18.82	2.10E-02
18.82	2.10E-02
18.82	2.10E-02
18.82	2.10E-02
18.83	2.10E-02
18.83	2.10E-02
18.83	2.10E-02
18.83	2.10E-02
18.83	2.10E-02
18.83	2.10E-02
18.83	2.10E-02
18.83	2.10E-02
18.83	2.10E-02
18.83	2.10E-02
18.83	2.10E-02
18.83	2.10E-02
18.83	2.10E-02
18.83	2.10E-02
18.83	2.10E-02
18.83	2.10E-02
18.83	2.10E-02
18.83	2.10E-02
18.83	2.10E-02
18.83	2.10E-02
18.83	2.10E-02
18.84	2.10E-02
18.84	2.10E-02
18.84	2.10E-02
18.84	2.10E-02
18.84	2.10E-02
18.84	2.10E-02
18.84	2.10E-02
18.84	2.10E-02
18.84	2.10E-02
18.84	2.10E-02
18.84	2.10E-02
18.84	2.10E-02
18.84	2.10E-02
18.84	2.11E-02
18.84	2.11E-02
18.84	2.11E-02
18.84	2.11E-02
18.84	2.11E-02
18.84	2.11E-02
18.84	2.11E-02
18.85	2.11E-02
18.85	2.11E-02
18.85	2.11E-02
18.85	2.11E-02
18.85	2.11E-02
18.85	2.11E-02
18.85	2.11E-02
18.85	2.11E-02
18.85	2.11E-02
18.85	2.11E-02
18.85	2.11E-02
18.85	2.11E-02
18.85	2.11E-02
18.85	2.11E-02
18.85	2.11E-02
18.85	2.11E-02
18.85	2.11E-02
18.85	2.11E-02
18.85	2.11E-02
18.85	2.11E-02
18.86	2.11E-02
18.86	2.11E-02
18.86	2.11E-02
18.86	2.11E-02
18.86	2.11E-02
18.86	2.11E-02
18.86	2.11E-02
18.86	2.11E-02
18.86	2.11E-02
18.86	2.11E-02
18.86	2.11E-02
18.86	2.11E-02
18.86	2.11E-02
18.86	2.11E-02
18.86	2.11E-02
18.86	2.11E-02
18.86	2.11E-02
18.86	2.12E-02
18.86	2.12E-02
18.86	2.12E-02
18.87	2.12E-02
18.87	2.12E-02
18.87	2.12E-02
18.87	2.12E-02
18.87	2.12E-02
18.87	2.12E-02
18.87	2.12E-02
18.87	2.12E-02
18.87	2.12E-02
18.87	2.12E-02
18.87	2.12E-02
18.87	2.12E-02
18.87	2.12E-02
18.87	2.12E-02
18.87	2.12E-02
18.87	2.12E-02
18.87	2.12E-02
18.87	2.12E-02
18.87	2.12E-02
18.88	2.12E-02
18.88	2.12E-02
18.88	2.12E-02
18.88	2.12E-02
18.88	2.12E-02
18.88	2.12E-02
18.88	2.12E-02
18.88	2.12E-02
18.88	2.12E-02
18.88	2.12E-02
18.88	2.12E-02
18.88	2.12E-02
18.88	2.12E-02
18.88	2.12E-02
18.88	2.12E-02
18.88	2.12E-02
18.88	2.12E-02
18.88	2.12E-02
18.88	2.12E-02
18.88	2.12E-02
18.89	2.12E-02
18.89	2.13E-02
18.89	2.13E-02
18.89	2.13E-02
18.89	2.13E-02
18.89	2.13E-02
18.89	2.13E-02
18.89	2.13E-02
18.89	2.13E-02
18.89	2.13E-02
18.89	2.13E-02
18.89	2.13E-02
18.89	2.13E-02
18.89	2.13E-02
18.89	2.13E-02
18.89	2.13E-02
18.89	2.13E-02
18.89	2.13E-02
18.89	2.13E-02
18.89	2.13E-02
18.9	2.13E-02
18.9	2.13E-02
18.9	2.13E-02
18.9	2.13E-02
18.9	2.13E-02
18.9	2.13E-02
18.9	2.13E-02
18.9	2.13E-02
18.9	2.13E-02
18.9	2.13E-02
18.9	2.13E-02
18.9	2.13E-02
18.9	2.13E-02
18.9	2.13E-02
18.9	2.13E-02
18.9	2.13E-02
18.9	2.13E-02
18.9	2.13E-02
18.9	2.13E-02
18.9	2.13E-02
18.91	2.13E-02
18.91	2.13E-02
18.91	2.13E-02
18.91	2.13E-02
18.91	2.13E-02
18.91	2.14E-02
18.91	2.14E-02
18.91	2.14E-02
18.91	2.14E-02
18.91	2.14E-02
18.91	2.14E-02
18.91	2.14E-02
18.91	2.14E-02
18.91	2.14E-02
18.91	2.14E-02
18.91	2.14E-02
18.91	2.14E-02
18.91	2.14E-02
18.91	2.14E-02
18.91	2.14E-02
18.92	2.14E-02
18.92	2.14E-02
18.92	2.14E-02
18.92	2.14E-02
18.92	2.14E-02
18.92	2.14E-02
18.92	2.14E-02
18.92	2.14E-02
18.92	2.14E-02
18.92	2.14E-02
18.92	2.14E-02
18.92	2.14E-02
18.92	2.14E-02
18.92	2.14E-02
18.92	2.14E-02
18.92	2.14E-02
18.92	2.14E-02
18.92	2.14E-02
18.92	2.14E-02
18.92	2.14E-02
18.92	2.14E-02
18.93	2.14E-02
18.93	2.14E-02
18.93	2.14E-02
18.93	2.14E-02
18.93	2.14E-02
18.93	2.14E-02
18.93	2.14E-02
18.93	2.15E-02
18.93	2.15E-02
18.93	2.15E-02
18.93	2.15E-02
18.93	2.15E-02
18.93	2.15E-02
18.93	2.15E-02
18.93	2.15E-02
18.93	2.15E-02
18.93	2.15E-02
18.93	2.15E-02
18.93	2.15E-02
18.93	2.15E-02
18.94	2.15E-02
18.94	2.15E-02
18.94	2.15E-02
18.94	2.15E-02
18.94	2.15E-02
18.94	2.15E-02
18.94	2.15E-02
18.94	2.15E-02
18.94	2.15E-02
18.94	2.15E-02
18.94	2.15E-02
18.94	2.15E-02
18.94	2.15E-02
18.94	2.15E-02
18.94	2.15E-02
18.94	2.15E-02
18.94	2.15E-02
18.94	2.15E-02
18.94	2.15E-02
18.94	2.15E-02
18.95	2.15E-02
18.95	2.15E-02
18.95	2.15E-02
18.95	2.15E-02
18.95	2.15E-02
18.95	2.15E-02
18.95	2.15E-02
18.95	2.15E-02
18.95	2.15E-02
18.95	2.15E-02
18.95	2.15E-02
18.95	2.16E-02
18.95	2.16E-02
18.95	2.16E-02
18.95	2.16E-02
18.95	2.16E-02
18.95	2.16E-02
18.95	2.16E-02
18.95	2.16E-02
18.95	2.16E-02
18.96	2.16E-02
18.96	2.16E-02
18.96	2.16E-02
18.96	2.16E-02
18.96	2.16E-02
18.96	2.16E-02
18.96	2.16E-02
18.96	2.16E-02
18.96	2.16E-02
18.96	2.16E-02
18.96	2.16E-02
18.96	2.16E-02
18.96	2.16E-02
18.96	2.16E-02
18.96	2.16E-02
18.96	2.16E-02
18.96	2.16E-02
18.96	2.16E-02
18.96	2.16E-02
18.97	2.16E-02
18.97	2.16E-02
18.97	2.16E-02
18.97	2.16E-02
18.97	2.16E-02
18.97	2.16E-02
18.97	2.16E-02
18.97	2.16E-02
18.97	2.16E-02
18.97	2.16E-02
18.97	2.16E-02
18.97	2.16E-02
18.97	2.16E-02
18.97	2.16E-02
18.97	2.16E-02
18.97	2.16E-02
18.97	2.17E-02
18.97	2.17E-02
18.97	2.17E-02
18.97	2.17E-02
18.98	2.17E-02
18.98	2.17E-02
18.98	2.17E-02
18.98	2.17E-02
18.98	2.17E-02
18.98	2.17E-02
18.98	2.17E-02
18.98	2.17E-02
18.98	2.17E-02
18.98	2.17E-02
18.98	2.17E-02
18.98	2.17E-02
18.98	2.17E-02
18.98	2.17E-02
18.98	2.17E-02
18.98	2.17E-02
18.98	2.17E-02
18.98	2.17E-02
18.98	2.17E-02
18.98	2.17E-02
18.99	2.17E-02
18.99	2.17E-02
18.99	2.17E-02
18.99	2.17E-02
18.99	2.17E-02
18.99	2.17E-02
18.99	2.17E-02
18.99	2.17E-02
18.99	2.17E-02
18.99	2.17E-02
18.99	2.17E-02
18.99	2.17E-02
18.99	2.17E-02
18.99	2.17E-02
18.99	2.17E-02
18.99	2.17E-02
18.99	2.17E-02
18.99	2.17E-02
18.99	2.17E-02
18.99	2.17E-02
19	2.18E-02
19	2.18E-02
19	2.18E-02
19	2.18E-02
19	2.18E-02
19	2.18E-02
19	2.18E-02
19	2.18E-02
19	2.18E-02
19	2.18E-02
19	2.18E-02
19	2.18E-02
19	2.18E-02
19	2.18E-02
19	2.18E-02
19	2.18E-02
19	2.18E-02
19	2.18E-02
19	2.18E-02
19	2.18E-02
19	2.18E-02
19.01	2.18E-02
19.01	2.18E-02
19.01	2.18E-02
19.01	2.18E-02
19.01	2.18E-02
19.01	2.18E-02
19.01	2.18E-02
19.01	2.18E-02
19.01	2.18E-02
19.01	2.18E-02
19.01	2.18E-02
19.01	2.18E-02
19.01	2.18E-02
19.01	2.18E-02
19.01	2.18E-02
19.01	2.18E-02
19.01	2.18E-02
19.01	2.18E-02
19.01	2.18E-02
19.01	2.18E-02
19.02	2.18E-02
19.02	2.18E-02
19.02	2.18E-02
19.02	2.19E-02
19.02	2.19E-02
19.02	2.19E-02
19.02	2.19E-02
19.02	2.19E-02
19.02	2.19E-02
19.02	2.19E-02
19.02	2.19E-02
19.02	2.19E-02
19.02	2.19E-02
19.02	2.19E-02
19.02	2.19E-02
19.02	2.19E-02
19.02	2.19E-02
19.02	2.19E-02
19.02	2.19E-02
19.02	2.19E-02
19.03	2.19E-02
19.03	2.19E-02
19.03	2.19E-02
19.03	2.19E-02
19.03	2.19E-02
19.03	2.19E-02
19.03	2.19E-02
19.03	2.19E-02
19.03	2.19E-02
19.03	2.19E-02
19.03	2.19E-02
19.03	2.19E-02
19.03	2.19E-02
19.03	2.19E-02
19.03	2.19E-02
19.03	2.19E-02
19.03	2.19E-02
19.03	2.19E-02
19.03	2.19E-02
19.03	2.19E-02
19.04	2.19E-02
19.04	2.19E-02
19.04	2.19E-02
19.04	2.19E-02
19.04	2.19E-02
19.04	2.19E-02
19.04	2.19E-02
19.04	2.19E-02
19.04	2.20E-02
19.04	2.20E-02
19.04	2.20E-02
19.04	2.20E-02
19.04	2.20E-02
19.04	2.20E-02
19.04	2.20E-02
19.04	2.20E-02
19.04	2.20E-02
19.04	2.20E-02
19.04	2.20E-02
19.05	2.20E-02
19.05	2.20E-02
19.05	2.20E-02
19.05	2.20E-02
19.05	2.20E-02
19.05	2.20E-02
19.05	2.20E-02
19.05	2.20E-02
19.05	2.20E-02
19.05	2.20E-02
19.05	2.20E-02
19.05	2.20E-02
19.05	2.20E-02
19.05	2.20E-02
19.05	2.20E-02
19.05	2.20E-02
19.05	2.20E-02
19.05	2.20E-02
19.05	2.20E-02
19.05	2.20E-02
19.06	2.20E-02
19.06	2.20E-02
19.06	2.20E-02
19.06	2.20E-02
19.06	2.20E-02
19.06	2.20E-02
19.06	2.20E-02
19.06	2.20E-02
19.06	2.20E-02
19.06	2.20E-02
19.06	2.20E-02
19.06	2.20E-02
19.06	2.20E-02
19.06	2.21E-02
19.06	2.21E-02
19.06	2.21E-02
19.06	2.21E-02
19.06	2.21E-02
19.06	2.21E-02
19.06	2.21E-02
19.07	2.21E-02
19.07	2.21E-02
19.07	2.21E-02
19.07	2.21E-02
19.07	2.21E-02
19.07	2.21E-02
19.07	2.21E-02
19.07	2.21E-02
19.07	2.21E-02
19.07	2.21E-02
19.07	2.21E-02
19.07	2.21E-02
19.07	2.21E-02
19.07	2.21E-02
19.07	2.21E-02
19.07	2.21E-02
19.07	2.21E-02
19.07	2.21E-02
19.07	2.21E-02
19.07	2.21E-02
19.08	2.21E-02
19.08	2.21E-02
19.08	2.21E-02
19.08	2.21E-02
19.08	2.21E-02
19.08	2.21E-02
19.08	2.21E-02
19.08	2.21E-02
19.08	2.21E-02
19.08	2.21E-02
19.08	2.21E-02
19.08	2.21E-02
19.08	2.21E-02
19.08	2.21E-02
19.08	2.21E-02
19.08	2.21E-02
19.08	2.21E-02
19.08	2.22E-02
19.08	2.22E-02
19.08	2.22E-02
19.08	2.22E-02
19.09	2.22E-02
19.09	2.22E-02
19.09	2.22E-02
19.09	2.22E-02
19.09	2.22E-02
19.09	2.22E-02
19.09	2.22E-02
19.09	2.22E-02
19.09	2.22E-02
19.09	2.22E-02
19.09	2.22E-02
19.09	2.22E-02
19.09	2.22E-02
19.09	2.22E-02
19.09	2.22E-02
19.09	2.22E-02
19.09	2.22E-02
19.09	2.22E-02
19.09	2.22E-02
19.09	2.22E-02
19.1	2.22E-02
19.1	2.22E-02
19.1	2.22E-02
19.1	2.22E-02
19.1	2.22E-02
19.1	2.22E-02
19.1	2.22E-02
19.1	2.22E-02
19.1	2.22E-02
19.1	2.22E-02
19.1	2.22E-02
19.1	2.22E-02
19.1	2.22E-02
19.1	2.22E-02
19.1	2.22E-02
19.1	2.22E-02
19.1	2.22E-02
19.1	2.22E-02
19.1	2.22E-02
19.1	2.22E-02
19.11	2.22E-02
19.11	2.23E-02
19.11	2.23E-02
19.11	2.23E-02
19.11	2.23E-02
19.11	2.23E-02
19.11	2.23E-02
19.11	2.23E-02
19.11	2.23E-02
19.11	2.23E-02
19.11	2.23E-02
19.11	2.23E-02
19.11	2.23E-02
19.11	2.23E-02
19.11	2.23E-02
19.11	2.23E-02
19.11	2.23E-02
19.11	2.23E-02
19.11	2.23E-02
19.11	2.23E-02
19.12	2.23E-02
19.12	2.23E-02
19.12	2.23E-02
19.12	2.23E-02
19.12	2.23E-02
19.12	2.23E-02
19.12	2.23E-02
19.12	2.23E-02
19.12	2.23E-02
19.12	2.23E-02
19.12	2.23E-02
19.12	2.23E-02
19.12	2.23E-02
19.12	2.23E-02
19.12	2.23E-02
19.12	2.23E-02
19.12	2.23E-02
19.12	2.23E-02
19.12	2.23E-02
19.12	2.23E-02
19.13	2.23E-02
19.13	2.23E-02
19.13	2.23E-02
19.13	2.23E-02
19.13	2.23E-02
19.13	2.24E-02
19.13	2.24E-02
19.13	2.24E-02
19.13	2.24E-02
19.13	2.24E-02
19.13	2.24E-02
19.13	2.24E-02
19.13	2.24E-02
19.13	2.24E-02
19.13	2.24E-02
19.13	2.24E-02
19.13	2.24E-02
19.13	2.24E-02
19.13	2.24E-02
19.14	2.24E-02
19.14	2.24E-02
19.14	2.24E-02
19.14	2.24E-02
19.14	2.24E-02
19.14	2.24E-02
19.14	2.24E-02
19.14	2.24E-02
19.14	2.24E-02
19.14	2.24E-02
19.14	2.24E-02
19.14	2.24E-02
19.14	2.24E-02
19.14	2.24E-02
19.14	2.24E-02
19.14	2.24E-02
19.14	2.24E-02
19.14	2.24E-02
19.14	2.24E-02
19.14	2.24E-02
19.15	2.24E-02
19.15	2.24E-02
19.15	2.24E-02
19.15	2.24E-02
19.15	2.24E-02
19.15	2.24E-02
19.15	2.24E-02
19.15	2.24E-02
19.15	2.24E-02
19.15	2.24E-02
19.15	2.24E-02
19.15	2.25E-02
19.15	2.25E-02
19.15	2.25E-02
19.15	2.25E-02
19.15	2.25E-02
19.15	2.25E-02
19.15	2.25E-02
19.15	2.25E-02
19.15	2.25E-02
19.16	2.25E-02
19.16	2.25E-02
19.16	2.25E-02
19.16	2.25E-02
19.16	2.25E-02
19.16	2.25E-02
19.16	2.25E-02
19.16	2.25E-02
19.16	2.25E-02
19.16	2.25E-02
19.16	2.25E-02
19.16	2.25E-02
19.16	2.25E-02
19.16	2.25E-02
19.16	2.25E-02
19.16	2.25E-02
19.16	2.25E-02
19.16	2.25E-02
19.16	2.25E-02
19.16	2.25E-02
19.17	2.25E-02
19.17	2.25E-02
19.17	2.25E-02
19.17	2.25E-02
19.17	2.25E-02
19.17	2.25E-02
19.17	2.25E-02
19.17	2.25E-02
19.17	2.25E-02
19.17	2.25E-02
19.17	2.25E-02
19.17	2.25E-02
19.17	2.25E-02
19.17	2.25E-02
19.17	2.25E-02
19.17	2.25E-02
19.17	2.26E-02
19.17	2.26E-02
19.17	2.26E-02
19.17	2.26E-02
19.17	2.26E-02
19.18	2.26E-02
19.18	2.26E-02
19.18	2.26E-02
19.18	2.26E-02
19.18	2.26E-02
19.18	2.26E-02
19.18	2.26E-02
19.18	2.26E-02
19.18	2.26E-02
19.18	2.26E-02
19.18	2.26E-02
19.18	2.26E-02
19.18	2.26E-02
19.18	2.26E-02
19.18	2.26E-02
19.18	2.26E-02
19.18	2.26E-02
19.18	2.26E-02
19.18	2.26E-02
19.18	2.26E-02
19.19	2.26E-02
19.19	2.26E-02
19.19	2.26E-02
19.19	2.26E-02
19.19	2.26E-02
19.19	2.26E-02
19.19	2.26E-02
19.19	2.26E-02
19.19	2.26E-02
19.19	2.26E-02
19.19	2.26E-02
19.19	2.26E-02
19.19	2.26E-02
19.19	2.26E-02
19.19	2.26E-02
19.19	2.26E-02
19.19	2.26E-02
19.19	2.26E-02
19.19	2.26E-02
19.19	2.26E-02
19.2	2.27E-02
19.2	2.27E-02
19.2	2.27E-02
19.2	2.27E-02
19.2	2.27E-02
19.2	2.27E-02
19.2	2.27E-02
19.2	2.27E-02
19.2	2.27E-02
19.2	2.27E-02
19.2	2.27E-02
19.2	2.27E-02
19.2	2.27E-02
19.2	2.27E-02
19.2	2.27E-02
19.2	2.27E-02
19.2	2.27E-02
19.2	2.27E-02
19.2	2.27E-02
19.2	2.27E-02
19.21	2.27E-02
19.21	2.27E-02
19.21	2.27E-02
19.21	2.27E-02
19.21	2.27E-02
19.21	2.27E-02
19.21	2.27E-02
19.21	2.27E-02
19.21	2.27E-02
19.21	2.27E-02
19.21	2.27E-02
19.21	2.27E-02
19.21	2.27E-02
19.21	2.27E-02
19.21	2.27E-02
19.21	2.27E-02
19.21	2.27E-02
19.21	2.27E-02
19.21	2.27E-02
19.22	2.27E-02
19.22	2.27E-02
19.22	2.27E-02
19.22	2.27E-02
19.22	2.27E-02
19.22	2.27E-02
19.22	2.28E-02
19.22	2.28E-02
19.22	2.28E-02
19.22	2.28E-02
19.22	2.28E-02
19.22	2.28E-02
19.22	2.28E-02
19.22	2.28E-02
19.22	2.28E-02
19.22	2.28E-02
19.22	2.28E-02
19.22	2.28E-02
19.22	2.28E-02
19.22	2.28E-02
19.23	2.28E-02
19.23	2.28E-02
19.23	2.28E-02
19.23	2.28E-02
19.23	2.28E-02
19.23	2.28E-02
19.23	2.28E-02
19.23	2.28E-02
19.23	2.28E-02
19.23	2.28E-02
19.23	2.28E-02
19.23	2.28E-02
19.23	2.28E-02
19.23	2.28E-02
19.23	2.28E-02
19.23	2.28E-02
19.23	2.28E-02
19.23	2.28E-02
19.23	2.28E-02
19.23	2.28E-02
19.24	2.28E-02
19.24	2.28E-02
19.24	2.28E-02
19.24	2.28E-02
19.24	2.28E-02
19.24	2.28E-02
19.24	2.28E-02
19.24	2.28E-02
19.24	2.28E-02
19.24	2.28E-02
19.24	2.28E-02
19.24	2.29E-02
19.24	2.29E-02
19.24	2.29E-02
19.24	2.29E-02
19.24	2.29E-02
19.24	2.29E-02
19.24	2.29E-02
19.24	2.29E-02
19.24	2.29E-02
19.25	2.29E-02
19.25	2.29E-02
19.25	2.29E-02
19.25	2.29E-02
19.25	2.29E-02
19.25	2.29E-02
19.25	2.29E-02
19.25	2.29E-02
19.25	2.29E-02
19.25	2.29E-02
19.25	2.29E-02
19.25	2.29E-02
19.25	2.29E-02
19.25	2.29E-02
19.25	2.29E-02
19.25	2.29E-02
19.25	2.29E-02
19.25	2.29E-02
19.25	2.29E-02
19.25	2.29E-02
19.25	2.29E-02
19.26	2.29E-02
19.26	2.29E-02
19.26	2.29E-02
19.26	2.29E-02
19.26	2.29E-02
19.26	2.29E-02
19.26	2.29E-02
19.26	2.29E-02
19.26	2.29E-02
19.26	2.29E-02
19.26	2.29E-02
19.26	2.29E-02
19.26	2.29E-02
19.26	2.29E-02
19.26	2.29E-02
19.26	2.29E-02
19.26	2.30E-02
19.26	2.30E-02
19.26	2.30E-02
19.26	2.30E-02
19.27	2.30E-02
19.27	2.30E-02
19.27	2.30E-02
19.27	2.30E-02
19.27	2.30E-02
19.27	2.30E-02
19.27	2.30E-02
19.27	2.30E-02
19.27	2.30E-02
19.27	2.30E-02
19.27	2.30E-02
19.27	2.30E-02
19.27	2.30E-02
19.27	2.30E-02
19.27	2.30E-02
19.27	2.30E-02
19.27	2.30E-02
19.27	2.30E-02
19.27	2.30E-02
19.27	2.30E-02
19.28	2.30E-02
19.28	2.30E-02
19.28	2.30E-02
19.28	2.30E-02
19.28	2.30E-02
19.28	2.30E-02
19.28	2.30E-02
19.28	2.30E-02
19.28	2.30E-02
19.28	2.30E-02
19.28	2.30E-02
19.28	2.30E-02
19.28	2.30E-02
19.28	2.30E-02
19.28	2.30E-02
19.28	2.30E-02
19.28	2.30E-02
19.28	2.30E-02
19.28	2.30E-02
19.28	2.30E-02
19.29	2.30E-02
19.29	2.31E-02
19.29	2.31E-02
19.29	2.31E-02
19.29	2.31E-02
19.29	2.31E-02
19.29	2.31E-02
19.29	2.31E-02
19.29	2.31E-02
19.29	2.31E-02
19.29	2.31E-02
19.29	2.31E-02
19.29	2.31E-02
19.29	2.31E-02
19.29	2.31E-02
19.29	2.31E-02
19.29	2.31E-02
19.29	2.31E-02
19.29	2.31E-02
19.3	2.31E-02
19.3	2.31E-02
19.3	2.31E-02
19.3	2.31E-02
19.3	2.31E-02
19.3	2.31E-02
19.3	2.31E-02
19.3	2.31E-02
19.3	2.31E-02
19.3	2.31E-02
19.3	2.31E-02
19.3	2.31E-02
19.3	2.31E-02
19.3	2.31E-02
19.3	2.31E-02
19.3	2.31E-02
19.3	2.31E-02
19.3	2.31E-02
19.3	2.31E-02
19.3	2.31E-02
19.31	2.31E-02
19.31	2.31E-02
19.31	2.31E-02
19.31	2.31E-02
19.31	2.31E-02
19.31	2.31E-02
19.31	2.31E-02
19.31	2.31E-02
19.31	2.32E-02
19.31	2.32E-02
19.31	2.32E-02
19.31	2.32E-02
19.31	2.32E-02
19.31	2.32E-02
19.31	2.32E-02
19.31	2.32E-02
19.31	2.32E-02
19.31	2.32E-02
19.31	2.32E-02
19.31	2.32E-02
19.32	2.32E-02
19.32	2.32E-02
19.32	2.32E-02
19.32	2.32E-02
19.32	2.32E-02
19.32	2.32E-02
19.32	2.32E-02
19.32	2.32E-02
19.32	2.32E-02
19.32	2.32E-02
19.32	2.32E-02
19.32	2.32E-02
19.32	2.32E-02
19.32	2.32E-02
19.32	2.32E-02
19.32	2.32E-02
19.32	2.32E-02
19.32	2.32E-02
19.32	2.32E-02
19.32	2.32E-02
19.33	2.32E-02
19.33	2.32E-02
19.33	2.32E-02
19.33	2.32E-02
19.33	2.32E-02
19.33	2.32E-02
19.33	2.32E-02
19.33	2.32E-02
19.33	2.32E-02
19.33	2.32E-02
19.33	2.32E-02
19.33	2.32E-02
19.33	2.32E-02
19.33	2.33E-02
19.33	2.33E-02
19.33	2.33E-02
19.33	2.33E-02
19.33	2.33E-02
19.33	2.33E-02
19.33	2.33E-02
19.33	2.33E-02
19.34	2.33E-02
19.34	2.33E-02
19.34	2.33E-02
19.34	2.33E-02
19.34	2.33E-02
19.34	2.33E-02
19.34	2.33E-02
19.34	2.33E-02
19.34	2.33E-02
19.34	2.33E-02
19.34	2.33E-02
19.34	2.33E-02
19.34	2.33E-02
19.34	2.33E-02
19.34	2.33E-02
19.34	2.33E-02
19.34	2.33E-02
19.34	2.33E-02
19.34	2.33E-02
19.34	2.33E-02
19.35	2.33E-02
19.35	2.33E-02
19.35	2.33E-02
19.35	2.33E-02
19.35	2.33E-02
19.35	2.33E-02
19.35	2.33E-02
19.35	2.33E-02
19.35	2.33E-02
19.35	2.33E-02
19.35	2.33E-02
19.35	2.33E-02
19.35	2.33E-02
19.35	2.33E-02
19.35	2.33E-02
19.35	2.33E-02
19.35	2.33E-02
19.35	2.33E-02
19.35	2.34E-02
19.35	2.34E-02
19.36	2.34E-02
19.36	2.34E-02
19.36	2.34E-02
19.36	2.34E-02
19.36	2.34E-02
19.36	2.34E-02
19.36	2.34E-02
19.36	2.34E-02
19.36	2.34E-02
19.36	2.34E-02
19.36	2.34E-02
19.36	2.34E-02
19.36	2.34E-02
19.36	2.34E-02
19.36	2.34E-02
19.36	2.34E-02
19.36	2.34E-02
19.36	2.34E-02
19.36	2.34E-02
19.36	2.34E-02
19.37	2.34E-02
19.37	2.34E-02
19.37	2.34E-02
19.37	2.34E-02
19.37	2.34E-02
19.37	2.34E-02
19.37	2.34E-02
19.37	2.34E-02
19.37	2.34E-02
19.37	2.34E-02
19.37	2.34E-02
19.37	2.34E-02
19.37	2.34E-02
19.37	2.34E-02
19.37	2.34E-02
19.37	2.34E-02
19.37	2.34E-02
19.37	2.34E-02
19.37	2.34E-02
19.38	2.34E-02
19.38	2.34E-02
19.38	2.34E-02
19.38	2.34E-02
19.38	2.34E-02
19.38	2.35E-02
19.38	2.35E-02
19.38	2.35E-02
19.38	2.35E-02
19.38	2.35E-02
19.38	2.35E-02
19.38	2.35E-02
19.38	2.35E-02
19.38	2.35E-02
19.38	2.35E-02
19.38	2.35E-02
19.38	2.35E-02
19.38	2.35E-02
19.38	2.35E-02
19.38	2.35E-02
19.39	2.35E-02
19.39	2.35E-02
19.39	2.35E-02
19.39	2.35E-02
19.39	2.35E-02
19.39	2.35E-02
19.39	2.35E-02
19.39	2.35E-02
19.39	2.35E-02
19.39	2.35E-02
19.39	2.35E-02
19.39	2.35E-02
19.39	2.35E-02
19.39	2.35E-02
19.39	2.35E-02
19.39	2.35E-02
19.39	2.35E-02
19.39	2.35E-02
19.39	2.35E-02
19.39	2.35E-02
19.4	2.35E-02
19.4	2.35E-02
19.4	2.35E-02
19.4	2.35E-02
19.4	2.35E-02
19.4	2.35E-02
19.4	2.35E-02
19.4	2.35E-02
19.4	2.35E-02
19.4	2.35E-02
19.4	2.35E-02
19.4	2.36E-02
19.4	2.36E-02
19.4	2.36E-02
19.4	2.36E-02
19.4	2.36E-02
19.4	2.36E-02
19.4	2.36E-02
19.4	2.36E-02
19.4	2.36E-02
19.41	2.36E-02
19.41	2.36E-02
19.41	2.36E-02
19.41	2.36E-02
19.41	2.36E-02
19.41	2.36E-02
19.41	2.36E-02
19.41	2.36E-02
19.41	2.36E-02
19.41	2.36E-02
19.41	2.36E-02
19.41	2.36E-02
19.41	2.36E-02
19.41	2.36E-02
19.41	2.36E-02
19.41	2.36E-02
19.41	2.36E-02
19.41	2.36E-02
19.41	2.36E-02
19.41	2.36E-02
19.42	2.36E-02
19.42	2.36E-02
19.42	2.36E-02
19.42	2.36E-02
19.42	2.36E-02
19.42	2.36E-02
19.42	2.36E-02
19.42	2.36E-02
19.42	2.36E-02
19.42	2.36E-02
19.42	2.36E-02
19.42	2.36E-02
19.42	2.36E-02
19.42	2.36E-02
19.42	2.36E-02
19.42	2.36E-02
19.42	2.36E-02
19.42	2.37E-02
19.42	2.37E-02
19.42	2.37E-02
19.42	2.37E-02
19.43	2.37E-02
19.43	2.37E-02
19.43	2.37E-02
19.43	2.37E-02
19.43	2.37E-02
19.43	2.37E-02
19.43	2.37E-02
19.43	2.37E-02
19.43	2.37E-02
19.43	2.37E-02
19.43	2.37E-02
19.43	2.37E-02
19.43	2.37E-02
19.43	2.37E-02
19.43	2.37E-02
19.43	2.37E-02
19.43	2.37E-02
19.43	2.37E-02
19.43	2.37E-02
19.43	2.37E-02
19.44	2.37E-02
19.44	2.37E-02
19.44	2.37E-02
19.44	2.37E-02
19.44	2.37E-02
19.44	2.37E-02
19.44	2.37E-02
19.44	2.37E-02
19.44	2.37E-02
19.44	2.37E-02
19.44	2.37E-02
19.44	2.37E-02
19.44	2.37E-02
19.44	2.37E-02
19.44	2.37E-02
19.44	2.37E-02
19.44	2.37E-02
19.44	2.37E-02
19.44	2.37E-02
19.44	2.37E-02
19.45	2.37E-02
19.45	2.37E-02
19.45	2.37E-02
19.45	2.38E-02
19.45	2.38E-02
19.45	2.38E-02
19.45	2.38E-02
19.45	2.38E-02
19.45	2.38E-02
19.45	2.38E-02
19.45	2.38E-02
19.45	2.38E-02
19.45	2.38E-02
19.45	2.38E-02
19.45	2.38E-02
19.45	2.38E-02
19.45	2.38E-02
19.45	2.38E-02
19.45	2.38E-02
19.45	2.38E-02
19.46	2.38E-02
19.46	2.38E-02
19.46	2.38E-02
19.46	2.38E-02
19.46	2.38E-02
19.46	2.38E-02
19.46	2.38E-02
19.46	2.38E-02
19.46	2.38E-02
19.46	2.38E-02
19.46	2.38E-02
19.46	2.38E-02
19.46	2.38E-02
19.46	2.38E-02
19.46	2.38E-02
19.46	2.38E-02
19.46	2.38E-02
19.46	2.38E-02
19.46	2.38E-02
19.47	2.38E-02
19.47	2.38E-02
19.47	2.38E-02
19.47	2.38E-02
19.47	2.38E-02
19.47	2.38E-02
19.47	2.38E-02
19.47	2.38E-02
19.47	2.38E-02
19.47	2.38E-02
19.47	2.39E-02
19.47	2.39E-02
19.47	2.39E-02
19.47	2.39E-02
19.47	2.39E-02
19.47	2.39E-02
19.47	2.39E-02
19.47	2.39E-02
19.47	2.39E-02
19.47	2.39E-02
19.48	2.39E-02
19.48	2.39E-02
19.48	2.39E-02
19.48	2.39E-02
19.48	2.39E-02
19.48	2.39E-02
19.48	2.39E-02
19.48	2.39E-02
19.48	2.39E-02
19.48	2.39E-02
19.48	2.39E-02
19.48	2.39E-02
19.48	2.39E-02
19.48	2.39E-02
19.48	2.39E-02
19.48	2.39E-02
19.48	2.39E-02
19.48	2.39E-02
19.48	2.39E-02
19.48	2.39E-02
19.49	2.39E-02
19.49	2.39E-02
19.49	2.39E-02
19.49	2.39E-02
19.49	2.39E-02
19.49	2.39E-02
19.49	2.39E-02
19.49	2.39E-02
19.49	2.39E-02
19.49	2.39E-02
19.49	2.39E-02
19.49	2.39E-02
19.49	2.39E-02
19.49	2.39E-02
19.49	2.39E-02
19.49	2.39E-02
19.49	2.39E-02
19.49	2.40E-02
19.49	2.40E-02
19.49	2.40E-02
19.5	2.40E-02
19.5	2.40E-02
19.5	2.40E-02
19.5	2.40E-02
19.5	2.40E-02
19.5	2.40E-02
19.5	2.40E-02
19.5	2.40E-02
19.5	2.40E-02
19.5	2.40E-02
19.5	2.40E-02
19.5	2.40E-02
19.5	2.40E-02
19.5	2.40E-02
19.5	2.40E-02
19.5	2.40E-02
19.5	2.40E-02
19.5	2.40E-02
19.5	2.40E-02
19.5	2.40E-02
19.5	2.40E-02
19.51	2.40E-02
19.51	2.40E-02
19.51	2.40E-02
19.51	2.40E-02
19.51	2.40E-02
19.51	2.40E-02
19.51	2.40E-02
19.51	2.40E-02
19.51	2.40E-02
19.51	2.40E-02
19.51	2.40E-02
19.51	2.40E-02
19.51	2.40E-02
19.51	2.40E-02
19.51	2.40E-02
19.51	2.40E-02
19.51	2.40E-02
19.51	2.40E-02
19.51	2.40E-02
19.51	2.40E-02
19.52	2.40E-02
19.52	2.40E-02
19.52	2.40E-02
19.52	2.41E-02
19.52	2.41E-02
19.52	2.41E-02
19.52	2.41E-02
19.52	2.41E-02
19.52	2.41E-02
19.52	2.41E-02
19.52	2.41E-02
19.52	2.41E-02
19.52	2.41E-02
19.52	2.41E-02
19.52	2.41E-02
19.52	2.41E-02
19.52	2.41E-02
19.52	2.41E-02
19.52	2.41E-02
19.52	2.41E-02
19.53	2.41E-02
19.53	2.41E-02
19.53	2.41E-02
19.53	2.41E-02
19.53	2.41E-02
19.53	2.41E-02
19.53	2.41E-02
19.53	2.41E-02
19.53	2.41E-02
19.53	2.41E-02
19.53	2.41E-02
19.53	2.41E-02
19.53	2.41E-02
19.53	2.41E-02
19.53	2.41E-02
19.53	2.41E-02
19.53	2.41E-02
19.53	2.41E-02
19.53	2.41E-02
19.53	2.41E-02
19.54	2.41E-02
19.54	2.41E-02
19.54	2.41E-02
19.54	2.41E-02
19.54	2.41E-02
19.54	2.41E-02
19.54	2.41E-02
19.54	2.41E-02
19.54	2.41E-02
19.54	2.41E-02
19.54	2.42E-02
19.54	2.42E-02
19.54	2.42E-02
19.54	2.42E-02
19.54	2.42E-02
19.54	2.42E-02
19.54	2.42E-02
19.54	2.42E-02
19.54	2.42E-02
19.55	2.42E-02
19.55	2.42E-02
19.55	2.42E-02
19.55	2.42E-02
19.55	2.42E-02
19.55	2.42E-02
19.55	2.42E-02
19.55	2.42E-02
19.55	2.42E-02
19.55	2.42E-02
19.55	2.42E-02
19.55	2.42E-02
19.55	2.42E-02
19.55	2.42E-02
19.55	2.42E-02
19.55	2.42E-02
19.55	2.42E-02
19.55	2.42E-02
19.55	2.42E-02
19.55	2.42E-02
19.56	2.42E-02
19.56	2.42E-02
19.56	2.42E-02
19.56	2.42E-02
19.56	2.42E-02
19.56	2.42E-02
19.56	2.42E-02
19.56	2.42E-02
19.56	2.42E-02
19.56	2.42E-02
19.56	2.42E-02
19.56	2.42E-02
19.56	2.42E-02
19.56	2.42E-02
19.56	2.42E-02
19.56	2.42E-02
19.56	2.42E-02
19.56	2.42E-02
19.56	2.43E-02
19.56	2.43E-02
19.57	2.43E-02
19.57	2.43E-02
19.57	2.43E-02
19.57	2.43E-02
19.57	2.43E-02
19.57	2.43E-02
19.57	2.43E-02
19.57	2.43E-02
19.57	2.43E-02
19.57	2.43E-02
19.57	2.43E-02
19.57	2.43E-02
19.57	2.43E-02
19.57	2.43E-02
19.57	2.43E-02
19.57	2.43E-02
19.57	2.43E-02
19.57	2.43E-02
19.57	2.43E-02
19.57	2.43E-02
19.58	2.43E-02
19.58	2.43E-02
19.58	2.43E-02
19.58	2.43E-02
19.58	2.43E-02
19.58	2.43E-02
19.58	2.43E-02
19.58	2.43E-02
19.58	2.43E-02
19.58	2.43E-02
19.58	2.43E-02
19.58	2.43E-02
19.58	2.43E-02
19.58	2.43E-02
19.58	2.43E-02
19.58	2.43E-02
19.58	2.43E-02
19.58	2.43E-02
19.58	2.43E-02
19.58	2.43E-02
19.58	2.43E-02
19.59	2.43E-02
19.59	2.43E-02
19.59	2.43E-02
19.59	2.43E-02
19.59	2.44E-02
19.59	2.44E-02
19.59	2.44E-02
19.59	2.44E-02
19.59	2.44E-02
19.59	2.44E-02
19.59	2.44E-02
19.59	2.44E-02
19.59	2.44E-02
19.59	2.44E-02
19.59	2.44E-02
19.59	2.44E-02
19.59	2.44E-02
19.59	2.44E-02
19.59	2.44E-02
19.59	2.44E-02
19.6	2.44E-02
19.6	2.44E-02
19.6	2.44E-02
19.6	2.44E-02
19.6	2.44E-02
19.6	2.44E-02
19.6	2.44E-02
19.6	2.44E-02
19.6	2.44E-02
19.6	2.44E-02
19.6	2.44E-02
19.6	2.44E-02
19.6	2.44E-02
19.6	2.44E-02
19.6	2.44E-02
19.6	2.44E-02
19.6	2.44E-02
19.6	2.44E-02
19.6	2.44E-02
19.6	2.44E-02
19.61	2.44E-02
19.61	2.44E-02
19.61	2.44E-02
19.61	2.44E-02
19.61	2.44E-02
19.61	2.44E-02
19.61	2.44E-02
19.61	2.44E-02
19.61	2.44E-02
19.61	2.44E-02
19.61	2.44E-02
19.61	2.44E-02
19.61	2.45E-02
19.61	2.45E-02
19.61	2.45E-02
19.61	2.45E-02
19.61	2.45E-02
19.61	2.45E-02
19.61	2.45E-02
19.61	2.45E-02
19.62	2.45E-02
19.62	2.45E-02
19.62	2.45E-02
19.62	2.45E-02
19.62	2.45E-02
19.62	2.45E-02
19.62	2.45E-02
19.62	2.45E-02
19.62	2.45E-02
19.62	2.45E-02
19.62	2.45E-02
19.62	2.45E-02
19.62	2.45E-02
19.62	2.45E-02
19.62	2.45E-02
19.62	2.45E-02
19.62	2.45E-02
19.62	2.45E-02
19.62	2.45E-02
19.62	2.45E-02
19.63	2.45E-02
19.63	2.45E-02
19.63	2.45E-02
19.63	2.45E-02
19.63	2.45E-02
19.63	2.45E-02
19.63	2.45E-02
19.63	2.45E-02
19.63	2.45E-02
19.63	2.45E-02
19.63	2.45E-02
19.63	2.45E-02
19.63	2.45E-02
19.63	2.45E-02
19.63	2.45E-02
19.63	2.45E-02
19.63	2.45E-02
19.63	2.45E-02
19.63	2.45E-02
19.64	2.46E-02
19.64	2.46E-02
19.64	2.46E-02
19.64	2.46E-02
19.64	2.46E-02
19.64	2.46E-02
19.64	2.46E-02
19.64	2.46E-02
19.64	2.46E-02
19.64	2.46E-02
19.64	2.46E-02
19.64	2.46E-02
19.64	2.46E-02
19.64	2.46E-02
19.64	2.46E-02
19.64	2.46E-02
19.64	2.46E-02
19.64	2.46E-02
19.64	2.46E-02
19.64	2.46E-02
19.65	2.46E-02
19.65	2.46E-02
19.65	2.46E-02
19.65	2.46E-02
19.65	2.46E-02
19.65	2.46E-02
19.65	2.46E-02
19.65	2.46E-02
19.65	2.46E-02
19.65	2.46E-02
19.65	2.46E-02
19.65	2.46E-02
19.65	2.46E-02
19.65	2.46E-02
19.65	2.46E-02
19.65	2.46E-02
19.65	2.46E-02
19.65	2.46E-02
19.65	2.46E-02
19.65	2.46E-02
19.66	2.46E-02
19.66	2.46E-02
19.66	2.46E-02
19.66	2.46E-02
19.66	2.46E-02
19.66	2.46E-02
19.66	2.46E-02
19.66	2.46E-02
19.66	2.47E-02
19.66	2.47E-02
19.66	2.47E-02
19.66	2.47E-02
19.66	2.47E-02
19.66	2.47E-02
19.66	2.47E-02
19.66	2.47E-02
19.66	2.47E-02
19.66	2.47E-02
19.66	2.47E-02
19.66	2.47E-02
19.67	2.47E-02
19.67	2.47E-02
19.67	2.47E-02
19.67	2.47E-02
19.67	2.47E-02
19.67	2.47E-02
19.67	2.47E-02
19.67	2.47E-02
19.67	2.47E-02
19.67	2.47E-02
19.67	2.47E-02
19.67	2.47E-02
19.67	2.47E-02
19.67	2.47E-02
19.67	2.47E-02
19.67	2.47E-02
19.67	2.47E-02
19.67	2.47E-02
19.67	2.47E-02
19.67	2.47E-02
19.67	2.47E-02
19.68	2.47E-02
19.68	2.47E-02
19.68	2.47E-02
19.68	2.47E-02
19.68	2.47E-02
19.68	2.47E-02
19.68	2.47E-02
19.68	2.47E-02
19.68	2.47E-02
19.68	2.47E-02
19.68	2.47E-02
19.68	2.47E-02
19.68	2.47E-02
19.68	2.47E-02
19.68	2.47E-02
19.68	2.48E-02
19.68	2.48E-02
19.68	2.48E-02
19.68	2.48E-02
19.68	2.48E-02
19.69	2.48E-02
19.69	2.48E-02
19.69	2.48E-02
19.69	2.48E-02
19.69	2.48E-02
19.69	2.48E-02
19.69	2.48E-02
19.69	2.48E-02
19.69	2.48E-02
19.69	2.48E-02
19.69	2.48E-02
19.69	2.48E-02
19.69	2.48E-02
19.69	2.48E-02
19.69	2.48E-02
19.69	2.48E-02
19.69	2.48E-02
19.69	2.48E-02
19.69	2.48E-02
19.69	2.48E-02
19.7	2.48E-02
19.7	2.48E-02
19.7	2.48E-02
19.7	2.48E-02
19.7	2.48E-02
19.7	2.48E-02
19.7	2.48E-02
19.7	2.48E-02
19.7	2.48E-02
19.7	2.48E-02
19.7	2.48E-02
19.7	2.48E-02
19.7	2.48E-02
19.7	2.48E-02
19.7	2.48E-02
19.7	2.48E-02
19.7	2.48E-02
19.7	2.48E-02
19.7	2.48E-02
19.7	2.48E-02
19.71	2.48E-02
19.71	2.48E-02
19.71	2.48E-02
19.71	2.49E-02
19.71	2.49E-02
19.71	2.49E-02
19.71	2.49E-02
19.71	2.49E-02
19.71	2.49E-02
19.71	2.49E-02
19.71	2.49E-02
19.71	2.49E-02
19.71	2.49E-02
19.71	2.49E-02
19.71	2.49E-02
19.71	2.49E-02
19.71	2.49E-02
19.71	2.49E-02
19.71	2.49E-02
19.72	2.49E-02
19.72	2.49E-02
19.72	2.49E-02
19.72	2.49E-02
19.72	2.49E-02
19.72	2.49E-02
19.72	2.49E-02
19.72	2.49E-02
19.72	2.49E-02
19.72	2.49E-02
19.72	2.49E-02
19.72	2.49E-02
19.72	2.49E-02
19.72	2.49E-02
19.72	2.49E-02
19.72	2.49E-02
19.72	2.49E-02
19.72	2.49E-02
19.72	2.49E-02
19.72	2.49E-02
19.73	2.49E-02
19.73	2.49E-02
19.73	2.49E-02
19.73	2.49E-02
19.73	2.49E-02
19.73	2.49E-02
19.73	2.49E-02
19.73	2.49E-02
19.73	2.49E-02
19.73	2.49E-02
19.73	2.49E-02
19.73	2.49E-02
19.73	2.49E-02
19.73	2.50E-02
19.73	2.50E-02
19.73	2.50E-02
19.73	2.50E-02
19.73	2.50E-02
19.73	2.50E-02
19.73	2.50E-02
19.74	2.50E-02
19.74	2.50E-02
19.74	2.50E-02
19.74	2.50E-02
19.74	2.50E-02
19.74	2.50E-02
19.74	2.50E-02
19.74	2.50E-02
19.74	2.50E-02
19.74	2.50E-02
19.74	2.50E-02
19.74	2.50E-02
19.74	2.50E-02
19.74	2.50E-02
19.74	2.50E-02
19.74	2.50E-02
19.74	2.50E-02
19.74	2.50E-02
19.74	2.50E-02
19.74	2.50E-02
19.75	2.50E-02
19.75	2.50E-02
19.75	2.50E-02
19.75	2.50E-02
19.75	2.50E-02
19.75	2.50E-02
19.75	2.50E-02
19.75	2.50E-02
19.75	2.50E-02
19.75	2.50E-02
19.75	2.50E-02
19.75	2.50E-02
19.75	2.50E-02
19.75	2.50E-02
19.75	2.50E-02
19.75	2.50E-02
19.75	2.50E-02
19.75	2.50E-02
19.75	2.50E-02
19.75	2.50E-02
19.75	2.50E-02
19.76	2.51E-02
19.76	2.51E-02
19.76	2.51E-02
19.76	2.51E-02
19.76	2.51E-02
19.76	2.51E-02
19.76	2.51E-02
19.76	2.51E-02
19.76	2.51E-02
19.76	2.51E-02
19.76	2.51E-02
19.76	2.51E-02
19.76	2.51E-02
19.76	2.51E-02
19.76	2.51E-02
19.76	2.51E-02
19.76	2.51E-02
19.76	2.51E-02
19.76	2.51E-02
19.76	2.51E-02
19.77	2.51E-02
19.77	2.51E-02
19.77	2.51E-02
19.77	2.51E-02
19.77	2.51E-02
19.77	2.51E-02
19.77	2.51E-02
19.77	2.51E-02
19.77	2.51E-02
19.77	2.51E-02
19.77	2.51E-02
19.77	2.51E-02
19.77	2.51E-02
19.77	2.51E-02
19.77	2.51E-02
19.77	2.51E-02
19.77	2.51E-02
19.77	2.51E-02
19.77	2.51E-02
19.77	2.51E-02
19.78	2.51E-02
19.78	2.51E-02
19.78	2.51E-02
19.78	2.51E-02
19.78	2.51E-02
19.78	2.51E-02
19.78	2.51E-02
19.78	2.51E-02
19.78	2.51E-02
19.78	2.52E-02
19.78	2.52E-02
19.78	2.52E-02
19.78	2.52E-02
19.78	2.52E-02
19.78	2.52E-02
19.78	2.52E-02
19.78	2.52E-02
19.78	2.52E-02
19.78	2.52E-02
19.78	2.52E-02
19.79	2.52E-02
19.79	2.52E-02
19.79	2.52E-02
19.79	2.52E-02
19.79	2.52E-02
19.79	2.52E-02
19.79	2.52E-02
19.79	2.52E-02
19.79	2.52E-02
19.79	2.52E-02
19.79	2.52E-02
19.79	2.52E-02
19.79	2.52E-02
19.79	2.52E-02
19.79	2.52E-02
19.79	2.52E-02
19.79	2.52E-02
19.79	2.52E-02
19.79	2.52E-02
19.8	2.52E-02
19.8	2.52E-02
19.8	2.52E-02
19.8	2.52E-02
19.8	2.52E-02
19.8	2.52E-02
19.8	2.52E-02
19.8	2.52E-02
19.8	2.52E-02
19.8	2.52E-02
19.8	2.52E-02
19.8	2.52E-02
19.8	2.52E-02
19.8	2.52E-02
19.8	2.52E-02
19.8	2.52E-02
19.8	2.52E-02
19.8	2.52E-02
19.8	2.52E-02
19.8	2.53E-02
19.81	2.53E-02
19.81	2.53E-02
19.81	2.53E-02
19.81	2.53E-02
19.81	2.53E-02
19.81	2.53E-02
19.81	2.53E-02
19.81	2.53E-02
19.81	2.53E-02
19.81	2.53E-02
19.81	2.53E-02
19.81	2.53E-02
19.81	2.53E-02
19.81	2.53E-02
19.81	2.53E-02
19.81	2.53E-02
19.81	2.53E-02
19.81	2.53E-02
19.81	2.53E-02
19.81	2.53E-02
19.82	2.53E-02
19.82	2.53E-02
19.82	2.53E-02
19.82	2.53E-02
19.82	2.53E-02
19.82	2.53E-02
19.82	2.53E-02
19.82	2.53E-02
19.82	2.53E-02
19.82	2.53E-02
19.82	2.53E-02
19.82	2.53E-02
19.82	2.53E-02
19.82	2.53E-02
19.82	2.53E-02
19.82	2.53E-02
19.82	2.53E-02
19.82	2.53E-02
19.82	2.53E-02
19.82	2.53E-02
19.83	2.53E-02
19.83	2.53E-02
19.83	2.53E-02
19.83	2.53E-02
19.83	2.53E-02
19.83	2.53E-02
19.83	2.53E-02
19.83	2.53E-02
19.83	2.54E-02
19.83	2.54E-02
19.83	2.54E-02
19.83	2.54E-02
19.83	2.54E-02
19.83	2.54E-02
19.83	2.54E-02
19.83	2.54E-02
19.83	2.54E-02
19.83	2.54E-02
19.83	2.54E-02
19.83	2.54E-02
19.83	2.54E-02
19.84	2.54E-02
19.84	2.54E-02
19.84	2.54E-02
19.84	2.54E-02
19.84	2.54E-02
19.84	2.54E-02
19.84	2.54E-02
19.84	2.54E-02
19.84	2.54E-02
19.84	2.54E-02
19.84	2.54E-02
19.84	2.54E-02
19.84	2.54E-02
19.84	2.54E-02
19.84	2.54E-02
19.84	2.54E-02
19.84	2.54E-02
19.84	2.54E-02
19.84	2.54E-02
19.84	2.54E-02
19.85	2.54E-02
19.85	2.54E-02
19.85	2.54E-02
19.85	2.54E-02
19.85	2.54E-02
19.85	2.54E-02
19.85	2.54E-02
19.85	2.54E-02
19.85	2.54E-02
19.85	2.54E-02
19.85	2.54E-02
19.85	2.54E-02
19.85	2.54E-02
19.85	2.54E-02
19.85	2.54E-02
19.85	2.54E-02
19.85	2.55E-02
19.85	2.55E-02
19.85	2.55E-02
19.85	2.55E-02
19.86	2.55E-02
19.86	2.55E-02
19.86	2.55E-02
19.86	2.55E-02
19.86	2.55E-02
19.86	2.55E-02
19.86	2.55E-02
19.86	2.55E-02
19.86	2.55E-02
19.86	2.55E-02
19.86	2.55E-02
19.86	2.55E-02
19.86	2.55E-02
19.86	2.55E-02
19.86	2.55E-02
19.86	2.55E-02
19.86	2.55E-02
19.86	2.55E-02
19.86	2.55E-02
19.86	2.55E-02
19.87	2.55E-02
19.87	2.55E-02
19.87	2.55E-02
19.87	2.55E-02
19.87	2.55E-02
19.87	2.55E-02
19.87	2.55E-02
19.87	2.55E-02
19.87	2.55E-02
19.87	2.55E-02
19.87	2.55E-02
19.87	2.55E-02
19.87	2.55E-02
19.87	2.55E-02
19.87	2.55E-02
19.87	2.55E-02
19.87	2.55E-02
19.87	2.55E-02
19.87	2.55E-02
19.88	2.55E-02
19.88	2.55E-02
19.88	2.55E-02
19.88	2.55E-02
19.88	2.55E-02
19.88	2.55E-02
19.88	2.56E-02
19.88	2.56E-02
19.88	2.56E-02
19.88	2.56E-02
19.88	2.56E-02
19.88	2.56E-02
19.88	2.56E-02
19.88	2.56E-02
19.88	2.56E-02
19.88	2.56E-02
19.88	2.56E-02
19.88	2.56E-02
19.88	2.56E-02
19.88	2.56E-02
19.89	2.56E-02
19.89	2.56E-02
19.89	2.56E-02
19.89	2.56E-02
19.89	2.56E-02
19.89	2.56E-02
19.89	2.56E-02
19.89	2.56E-02
19.89	2.56E-02
19.89	2.56E-02
19.89	2.56E-02
19.89	2.56E-02
19.89	2.56E-02
19.89	2.56E-02
19.89	2.56E-02
19.89	2.56E-02
19.89	2.56E-02
19.89	2.56E-02
19.89	2.56E-02
19.89	2.56E-02
19.9	2.56E-02
19.9	2.56E-02
19.9	2.56E-02
19.9	2.56E-02
19.9	2.56E-02
19.9	2.56E-02
19.9	2.56E-02
19.9	2.56E-02
19.9	2.56E-02
19.9	2.56E-02
19.9	2.56E-02
19.9	2.56E-02
19.9	2.56E-02
19.9	2.56E-02
19.9	2.56E-02
19.9	2.56E-02
19.9	2.57E-02
19.9	2.57E-02
19.9	2.57E-02
19.9	2.57E-02
19.91	2.57E-02
19.91	2.57E-02
19.91	2.57E-02
19.91	2.57E-02
19.91	2.57E-02
19.91	2.57E-02
19.91	2.57E-02
19.91	2.57E-02
19.91	2.57E-02
19.91	2.57E-02
19.91	2.57E-02
19.91	2.57E-02
19.91	2.57E-02
19.91	2.57E-02
19.91	2.57E-02
19.91	2.57E-02
19.91	2.57E-02
19.91	2.57E-02
19.91	2.57E-02
19.91	2.57E-02
19.92	2.57E-02
19.92	2.57E-02
19.92	2.57E-02
19.92	2.57E-02
19.92	2.57E-02
19.92	2.57E-02
19.92	2.57E-02
19.92	2.57E-02
19.92	2.57E-02
19.92	2.57E-02
19.92	2.57E-02
19.92	2.57E-02
19.92	2.57E-02
19.92	2.57E-02
19.92	2.57E-02
19.92	2.57E-02
19.92	2.57E-02
19.92	2.57E-02
19.92	2.57E-02
19.92	2.57E-02
19.92	2.57E-02
19.93	2.57E-02
19.93	2.57E-02
19.93	2.57E-02
19.93	2.57E-02
19.93	2.57E-02
19.93	2.58E-02
19.93	2.58E-02
19.93	2.58E-02
19.93	2.58E-02
19.93	2.58E-02
19.93	2.58E-02
19.93	2.58E-02
19.93	2.58E-02
19.93	2.58E-02
19.93	2.58E-02
19.93	2.58E-02
19.93	2.58E-02
19.93	2.58E-02
19.93	2.58E-02
19.93	2.58E-02
19.94	2.58E-02
19.94	2.58E-02
19.94	2.58E-02
19.94	2.58E-02
19.94	2.58E-02
19.94	2.58E-02
19.94	2.58E-02
19.94	2.58E-02
19.94	2.58E-02
19.94	2.58E-02
19.94	2.58E-02
19.94	2.58E-02
19.94	2.58E-02
19.94	2.58E-02
19.94	2.58E-02
19.94	2.58E-02
19.94	2.58E-02
19.94	2.58E-02
19.94	2.58E-02
19.94	2.58E-02
19.95	2.58E-02
19.95	2.58E-02
19.95	2.58E-02
19.95	2.58E-02
19.95	2.58E-02
19.95	2.58E-02
19.95	2.58E-02
19.95	2.58E-02
19.95	2.58E-02
19.95	2.58E-02
19.95	2.58E-02
19.95	2.58E-02
19.95	2.58E-02
19.95	2.58E-02
19.95	2.58E-02
19.95	2.59E-02
19.95	2.59E-02
19.95	2.59E-02
19.95	2.59E-02
19.95	2.59E-02
19.96	2.59E-02
19.96	2.59E-02
19.96	2.59E-02
19.96	2.59E-02
19.96	2.59E-02
19.96	2.59E-02
19.96	2.59E-02
19.96	2.59E-02
19.96	2.59E-02
19.96	2.59E-02
19.96	2.59E-02
19.96	2.59E-02
19.96	2.59E-02
19.96	2.59E-02
19.96	2.59E-02
19.96	2.59E-02
19.96	2.59E-02
19.96	2.59E-02
19.96	2.59E-02
19.97	2.59E-02
19.97	2.59E-02
19.97	2.59E-02
19.97	2.59E-02
19.97	2.59E-02
19.97	2.59E-02
19.97	2.59E-02
19.97	2.59E-02
19.97	2.59E-02
19.97	2.59E-02
19.97	2.59E-02
19.97	2.59E-02
19.97	2.59E-02
19.97	2.59E-02
19.97	2.59E-02
19.97	2.59E-02
19.97	2.59E-02
19.97	2.59E-02
19.97	2.59E-02
19.97	2.59E-02
19.98	2.59E-02
19.98	2.59E-02
19.98	2.59E-02
19.98	2.59E-02
19.98	2.59E-02
19.98	2.59E-02
19.98	2.60E-02
19.98	2.60E-02
19.98	2.60E-02
19.98	2.60E-02
19.98	2.60E-02
19.98	2.60E-02
19.98	2.60E-02
19.98	2.60E-02
19.98	2.60E-02
19.98	2.60E-02
19.98	2.60E-02
19.98	2.60E-02
19.98	2.60E-02
19.98	2.60E-02
19.99	2.60E-02
19.99	2.60E-02
19.99	2.60E-02
19.99	2.60E-02
19.99	2.60E-02
19.99	2.60E-02
19.99	2.60E-02
19.99	2.60E-02
19.99	2.60E-02
19.99	2.60E-02
19.99	2.60E-02
19.99	2.60E-02
19.99	2.60E-02
19.99	2.60E-02
19.99	2.60E-02
19.99	2.60E-02
19.99	2.60E-02
19.99	2.60E-02
19.99	2.60E-02
19.99	2.60E-02
20	2.60E-02
20	2.60E-02
20	2.60E-02
20	2.60E-02
20	2.60E-02
20	2.60E-02
20	2.60E-02
20	2.60E-02
20	2.60E-02
20	2.60E-02
20	2.60E-02
20	2.60E-02
20	2.60E-02
20	2.60E-02
20	2.60E-02
20	2.60E-02
20	2.60E-02
20	2.61E-02
20	2.61E-02
20	2.61E-02
20	2.61E-02
20.01	2.61E-02
20.01	2.61E-02
20.01	2.61E-02
20.01	2.61E-02
20.01	2.61E-02
20.01	2.61E-02
20.01	2.61E-02
20.01	2.61E-02
20.01	2.61E-02
20.01	2.61E-02
20.01	2.61E-02
20.01	2.61E-02
20.01	2.61E-02
20.01	2.61E-02
20.01	2.61E-02
20.01	2.61E-02
20.01	2.61E-02
20.01	2.61E-02
20.01	2.61E-02
20.01	2.61E-02
20.02	2.61E-02
20.02	2.61E-02
20.02	2.61E-02
20.02	2.61E-02
20.02	2.61E-02
20.02	2.61E-02
20.02	2.61E-02
20.02	2.61E-02
20.02	2.61E-02
20.02	2.61E-02
20.02	2.61E-02
20.02	2.61E-02
20.02	2.61E-02
20.02	2.61E-02
20.02	2.61E-02
20.02	2.61E-02
20.02	2.61E-02
20.02	2.61E-02
20.02	2.61E-02
20.02	2.61E-02
20.03	2.61E-02
20.03	2.61E-02
20.03	2.61E-02
20.03	2.61E-02
20.03	2.61E-02
20.03	2.61E-02
20.03	2.61E-02
20.03	2.62E-02
20.03	2.62E-02
20.03	2.62E-02
20.03	2.62E-02
20.03	2.62E-02
20.03	2.62E-02
20.03	2.62E-02
20.03	2.62E-02
20.03	2.62E-02
20.03	2.62E-02
20.03	2.62E-02
20.03	2.62E-02
20.03	2.62E-02
20.04	2.62E-02
20.04	2.62E-02
20.04	2.62E-02
20.04	2.62E-02
20.04	2.62E-02
20.04	2.62E-02
20.04	2.62E-02
20.04	2.62E-02
20.04	2.62E-02
20.04	2.62E-02
20.04	2.62E-02
20.04	2.62E-02
20.04	2.62E-02
20.04	2.62E-02
20.04	2.62E-02
20.04	2.62E-02
20.04	2.62E-02
20.04	2.62E-02
20.04	2.62E-02
20.05	2.62E-02
20.05	2.62E-02
20.05	2.62E-02
20.05	2.62E-02
20.05	2.62E-02
20.05	2.62E-02
20.05	2.62E-02
20.05	2.62E-02
20.05	2.62E-02
20.05	2.62E-02
20.05	2.62E-02
20.05	2.62E-02
20.05	2.62E-02
20.05	2.62E-02
20.05	2.62E-02
20.05	2.62E-02
20.05	2.62E-02
20.05	2.62E-02
20.05	2.62E-02
20.05	2.63E-02
20.06	2.63E-02
20.06	2.63E-02
20.06	2.63E-02
20.06	2.63E-02
20.06	2.63E-02
20.06	2.63E-02
20.06	2.63E-02
20.06	2.63E-02
20.06	2.63E-02
20.06	2.63E-02
20.06	2.63E-02
20.06	2.63E-02
20.06	2.63E-02
20.06	2.63E-02
20.06	2.63E-02
20.06	2.63E-02
20.06	2.63E-02
20.06	2.63E-02
20.06	2.63E-02
20.06	2.63E-02
20.07	2.63E-02
20.07	2.63E-02
20.07	2.63E-02
20.07	2.63E-02
20.07	2.63E-02
20.07	2.63E-02
20.07	2.63E-02
20.07	2.63E-02
20.07	2.63E-02
20.07	2.63E-02
20.07	2.63E-02
20.07	2.63E-02
20.07	2.63E-02
20.07	2.63E-02
20.07	2.63E-02
20.07	2.63E-02
20.07	2.63E-02
20.07	2.63E-02
20.07	2.63E-02
20.07	2.63E-02
20.08	2.63E-02
20.08	2.63E-02
20.08	2.63E-02
20.08	2.63E-02
20.08	2.63E-02
20.08	2.63E-02
20.08	2.63E-02
20.08	2.63E-02
20.08	2.63E-02
20.08	2.63E-02
20.08	2.64E-02
20.08	2.64E-02
20.08	2.64E-02
20.08	2.64E-02
20.08	2.64E-02
20.08	2.64E-02
20.08	2.64E-02
20.08	2.64E-02
20.08	2.64E-02
20.08	2.64E-02
20.08	2.64E-02
20.09	2.64E-02
20.09	2.64E-02
20.09	2.64E-02
20.09	2.64E-02
20.09	2.64E-02
20.09	2.64E-02
20.09	2.64E-02
20.09	2.64E-02
20.09	2.64E-02
20.09	2.64E-02
20.09	2.64E-02
20.09	2.64E-02
20.09	2.64E-02
20.09	2.64E-02
20.09	2.64E-02
20.09	2.64E-02
20.09	2.64E-02
20.09	2.64E-02
20.09	2.64E-02
20.09	2.64E-02
20.1	2.64E-02
20.1	2.64E-02
20.1	2.64E-02
20.1	2.64E-02
20.1	2.64E-02
20.1	2.64E-02
20.1	2.64E-02
20.1	2.64E-02
20.1	2.64E-02
20.1	2.64E-02
20.1	2.64E-02
20.1	2.64E-02
20.1	2.64E-02
20.1	2.64E-02
20.1	2.64E-02
20.1	2.64E-02
20.1	2.64E-02
20.1	2.64E-02
20.1	2.64E-02
20.1	2.64E-02
20.11	2.64E-02
20.11	2.65E-02
20.11	2.65E-02
20.11	2.65E-02
20.11	2.65E-02
20.11	2.65E-02
20.11	2.65E-02
20.11	2.65E-02
20.11	2.65E-02
20.11	2.65E-02
20.11	2.65E-02
20.11	2.65E-02
20.11	2.65E-02
20.11	2.65E-02
20.11	2.65E-02
20.11	2.65E-02
20.11	2.65E-02
20.11	2.65E-02
20.11	2.65E-02
20.11	2.65E-02
20.12	2.65E-02
20.12	2.65E-02
20.12	2.65E-02
20.12	2.65E-02
20.12	2.65E-02
20.12	2.65E-02
20.12	2.65E-02
20.12	2.65E-02
20.12	2.65E-02
20.12	2.65E-02
20.12	2.65E-02
20.12	2.65E-02
20.12	2.65E-02
20.12	2.65E-02
20.12	2.65E-02
20.12	2.65E-02
20.12	2.65E-02
20.12	2.65E-02
20.12	2.65E-02
20.12	2.65E-02
20.13	2.65E-02
20.13	2.65E-02
20.13	2.65E-02
20.13	2.65E-02
20.13	2.65E-02
20.13	2.65E-02
20.13	2.65E-02
20.13	2.65E-02
20.13	2.65E-02
20.13	2.65E-02
20.13	2.65E-02
20.13	2.65E-02
20.13	2.66E-02
20.13	2.66E-02
20.13	2.66E-02
20.13	2.66E-02
20.13	2.66E-02
20.13	2.66E-02
20.13	2.66E-02
20.14	2.66E-02
20.14	2.66E-02
20.14	2.66E-02
20.14	2.66E-02
20.14	2.66E-02
20.14	2.66E-02
20.14	2.66E-02
20.14	2.66E-02
20.14	2.66E-02
20.14	2.66E-02
20.14	2.66E-02
20.14	2.66E-02
20.14	2.66E-02
20.14	2.66E-02
20.14	2.66E-02
20.14	2.66E-02
20.14	2.66E-02
20.14	2.66E-02
20.14	2.66E-02
20.14	2.66E-02
20.15	2.66E-02
20.15	2.66E-02
20.15	2.66E-02
20.15	2.66E-02
20.15	2.66E-02
20.15	2.66E-02
20.15	2.66E-02
20.15	2.66E-02
20.15	2.66E-02
20.15	2.66E-02
20.15	2.66E-02
20.15	2.66E-02
20.15	2.66E-02
20.15	2.66E-02
20.15	2.66E-02
20.15	2.66E-02
20.15	2.66E-02
20.15	2.66E-02
20.15	2.66E-02
20.15	2.66E-02
20.16	2.66E-02
20.16	2.66E-02
20.16	2.66E-02
20.16	2.66E-02
20.16	2.66E-02
20.16	2.67E-02
20.16	2.67E-02
20.16	2.67E-02
20.16	2.67E-02
20.16	2.67E-02
20.16	2.67E-02
20.16	2.67E-02
20.16	2.67E-02
20.16	2.67E-02
20.16	2.67E-02
20.16	2.67E-02
20.16	2.67E-02
20.16	2.67E-02
20.16	2.67E-02
20.16	2.67E-02
20.17	2.67E-02
20.17	2.67E-02
20.17	2.67E-02
20.17	2.67E-02
20.17	2.67E-02
20.17	2.67E-02
20.17	2.67E-02
20.17	2.67E-02
20.17	2.67E-02
20.17	2.67E-02
20.17	2.67E-02
20.17	2.67E-02
20.17	2.67E-02
20.17	2.67E-02
20.17	2.67E-02
20.17	2.67E-02
20.17	2.67E-02
20.17	2.67E-02
20.17	2.67E-02
20.17	2.67E-02
20.17	2.67E-02
20.18	2.67E-02
20.18	2.67E-02
20.18	2.67E-02
20.18	2.67E-02
20.18	2.67E-02
20.18	2.67E-02
20.18	2.67E-02
20.18	2.67E-02
20.18	2.67E-02
20.18	2.67E-02
20.18	2.67E-02
20.18	2.67E-02
20.18	2.67E-02
20.18	2.67E-02
20.18	2.67E-02
20.18	2.67E-02
20.18	2.68E-02
20.18	2.68E-02
20.18	2.68E-02
20.18	2.68E-02
20.19	2.68E-02
20.19	2.68E-02
20.19	2.68E-02
20.19	2.68E-02
20.19	2.68E-02
20.19	2.68E-02
20.19	2.68E-02
20.19	2.68E-02
20.19	2.68E-02
20.19	2.68E-02
20.19	2.68E-02
20.19	2.68E-02
20.19	2.68E-02
20.19	2.68E-02
20.19	2.68E-02
20.19	2.68E-02
20.19	2.68E-02
20.19	2.68E-02
20.19	2.68E-02
20.19	2.68E-02
20.2	2.68E-02
20.2	2.68E-02
20.2	2.68E-02
20.2	2.68E-02
20.2	2.68E-02
20.2	2.68E-02
20.2	2.68E-02
20.2	2.68E-02
20.2	2.68E-02
20.2	2.68E-02
20.2	2.68E-02
20.2	2.68E-02
20.2	2.68E-02
20.2	2.68E-02
20.2	2.68E-02
20.2	2.68E-02
20.2	2.68E-02
20.2	2.68E-02
20.2	2.68E-02
20.2	2.68E-02
20.21	2.68E-02
20.21	2.68E-02
20.21	2.68E-02
20.21	2.68E-02
20.21	2.68E-02
20.21	2.68E-02
20.21	2.68E-02
20.21	2.68E-02
20.21	2.68E-02
20.21	2.69E-02
20.21	2.69E-02
20.21	2.69E-02
20.21	2.69E-02
20.21	2.69E-02
20.21	2.69E-02
20.21	2.69E-02
20.21	2.69E-02
20.21	2.69E-02
20.21	2.69E-02
20.22	2.69E-02
20.22	2.69E-02
20.22	2.69E-02
20.22	2.69E-02
20.22	2.69E-02
20.22	2.69E-02
20.22	2.69E-02
20.22	2.69E-02
20.22	2.69E-02
20.22	2.69E-02
20.22	2.69E-02
20.22	2.69E-02
20.22	2.69E-02
20.22	2.69E-02
20.22	2.69E-02
20.22	2.69E-02
20.22	2.69E-02
20.22	2.69E-02
20.22	2.69E-02
20.22	2.69E-02
20.23	2.69E-02
20.23	2.69E-02
20.23	2.69E-02
20.23	2.69E-02
20.23	2.69E-02
20.23	2.69E-02
20.23	2.69E-02
20.23	2.69E-02
20.23	2.69E-02
20.23	2.69E-02
20.23	2.69E-02
20.23	2.69E-02
20.23	2.69E-02
20.23	2.69E-02
20.23	2.69E-02
20.23	2.69E-02
20.23	2.69E-02
20.23	2.69E-02
20.23	2.69E-02
20.23	2.69E-02
20.24	2.69E-02
20.24	2.69E-02
20.24	2.69E-02
20.24	2.70E-02
20.24	2.70E-02
20.24	2.70E-02
20.24	2.70E-02
20.24	2.70E-02
20.24	2.70E-02
20.24	2.70E-02
20.24	2.70E-02
20.24	2.70E-02
20.24	2.70E-02
20.24	2.70E-02
20.24	2.70E-02
20.24	2.70E-02
20.24	2.70E-02
20.24	2.70E-02
20.24	2.70E-02
20.24	2.70E-02
20.25	2.70E-02
20.25	2.70E-02
20.25	2.70E-02
20.25	2.70E-02
20.25	2.70E-02
20.25	2.70E-02
20.25	2.70E-02
20.25	2.70E-02
20.25	2.70E-02
20.25	2.70E-02
20.25	2.70E-02
20.25	2.70E-02
20.25	2.70E-02
20.25	2.70E-02
20.25	2.70E-02
20.25	2.70E-02
20.25	2.70E-02
20.25	2.70E-02
20.25	2.70E-02
20.25	2.70E-02
20.25	2.70E-02
20.26	2.70E-02
20.26	2.70E-02
20.26	2.70E-02
20.26	2.70E-02
20.26	2.70E-02
20.26	2.70E-02
20.26	2.70E-02
20.26	2.70E-02
20.26	2.70E-02
20.26	2.70E-02
20.26	2.70E-02
20.26	2.70E-02
20.26	2.70E-02
20.26	2.70E-02
20.26	2.70E-02
20.26	2.71E-02
20.26	2.71E-02
20.26	2.71E-02
20.26	2.71E-02
20.26	2.71E-02
20.27	2.71E-02
20.27	2.71E-02
20.27	2.71E-02
20.27	2.71E-02
20.27	2.71E-02
20.27	2.71E-02
20.27	2.71E-02
20.27	2.71E-02
20.27	2.71E-02
20.27	2.71E-02
20.27	2.71E-02
20.27	2.71E-02
20.27	2.71E-02
20.27	2.71E-02
20.27	2.71E-02
20.27	2.71E-02
20.27	2.71E-02
20.27	2.71E-02
20.27	2.71E-02
20.27	2.71E-02
20.28	2.71E-02
20.28	2.71E-02
20.28	2.71E-02
20.28	2.71E-02
20.28	2.71E-02
20.28	2.71E-02
20.28	2.71E-02
20.28	2.71E-02
20.28	2.71E-02
20.28	2.71E-02
20.28	2.71E-02
20.28	2.71E-02
20.28	2.71E-02
20.28	2.71E-02
20.28	2.71E-02
20.28	2.71E-02
20.28	2.71E-02
20.28	2.71E-02
20.28	2.71E-02
20.28	2.71E-02
20.29	2.71E-02
20.29	2.71E-02
20.29	2.71E-02
20.29	2.71E-02
20.29	2.71E-02
20.29	2.71E-02
20.29	2.71E-02
20.29	2.71E-02
20.29	2.72E-02
20.29	2.72E-02
20.29	2.72E-02
20.29	2.72E-02
20.29	2.72E-02
20.29	2.72E-02
20.29	2.72E-02
20.29	2.72E-02
20.29	2.72E-02
20.29	2.72E-02
20.29	2.72E-02
20.3	2.72E-02
20.3	2.72E-02
20.3	2.72E-02
20.3	2.72E-02
20.3	2.72E-02
20.3	2.72E-02
20.3	2.72E-02
20.3	2.72E-02
20.3	2.72E-02
20.3	2.72E-02
20.3	2.72E-02
20.3	2.72E-02
20.3	2.72E-02
20.3	2.72E-02
20.3	2.72E-02
20.3	2.72E-02
20.3	2.72E-02
20.3	2.72E-02
20.3	2.72E-02
20.3	2.72E-02
20.31	2.72E-02
20.31	2.72E-02
20.31	2.72E-02
20.31	2.72E-02
20.31	2.72E-02
20.31	2.72E-02
20.31	2.72E-02
20.31	2.72E-02
20.31	2.72E-02
20.31	2.72E-02
20.31	2.72E-02
20.31	2.72E-02
20.31	2.72E-02
20.31	2.72E-02
20.31	2.72E-02
20.31	2.72E-02
20.31	2.72E-02
20.31	2.72E-02
20.31	2.72E-02
20.31	2.72E-02
20.32	2.72E-02
20.32	2.72E-02
20.32	2.72E-02
20.32	2.73E-02
20.32	2.73E-02
20.32	2.73E-02
20.32	2.73E-02
20.32	2.73E-02
20.32	2.73E-02
20.32	2.73E-02
20.32	2.73E-02
20.32	2.73E-02
20.32	2.73E-02
20.32	2.73E-02
20.32	2.73E-02
20.32	2.73E-02
20.32	2.73E-02
20.32	2.73E-02
20.32	2.73E-02
20.32	2.73E-02
20.33	2.73E-02
20.33	2.73E-02
20.33	2.73E-02
20.33	2.73E-02
20.33	2.73E-02
20.33	2.73E-02
20.33	2.73E-02
20.33	2.73E-02
20.33	2.73E-02
20.33	2.73E-02
20.33	2.73E-02
20.33	2.73E-02
20.33	2.73E-02
20.33	2.73E-02
20.33	2.73E-02
20.33	2.73E-02
20.33	2.73E-02
20.33	2.73E-02
20.33	2.73E-02
20.33	2.73E-02
20.33	2.73E-02
20.34	2.73E-02
20.34	2.73E-02
20.34	2.73E-02
20.34	2.73E-02
20.34	2.73E-02
20.34	2.73E-02
20.34	2.73E-02
20.34	2.73E-02
20.34	2.73E-02
20.34	2.73E-02
20.34	2.73E-02
20.34	2.73E-02
20.34	2.73E-02
20.34	2.73E-02
20.34	2.73E-02
20.34	2.74E-02
20.34	2.74E-02
20.34	2.74E-02
20.34	2.74E-02
20.34	2.74E-02
20.35	2.74E-02
20.35	2.74E-02
20.35	2.74E-02
20.35	2.74E-02
20.35	2.74E-02
20.35	2.74E-02
20.35	2.74E-02
20.35	2.74E-02
20.35	2.74E-02
20.35	2.74E-02
20.35	2.74E-02
20.35	2.74E-02
20.35	2.74E-02
20.35	2.74E-02
20.35	2.74E-02
20.35	2.74E-02
20.35	2.74E-02
20.35	2.74E-02
20.35	2.74E-02
20.35	2.74E-02
20.36	2.74E-02
20.36	2.74E-02
20.36	2.74E-02
20.36	2.74E-02
20.36	2.74E-02
20.36	2.74E-02
20.36	2.74E-02
20.36	2.74E-02
20.36	2.74E-02
20.36	2.74E-02
20.36	2.74E-02
20.36	2.74E-02
20.36	2.74E-02
20.36	2.74E-02
20.36	2.74E-02
20.36	2.74E-02
20.36	2.74E-02
20.36	2.74E-02
20.36	2.74E-02
20.36	2.74E-02
20.37	2.74E-02
20.37	2.74E-02
20.37	2.74E-02
20.37	2.74E-02
20.37	2.74E-02
20.37	2.74E-02
20.37	2.74E-02
20.37	2.74E-02
20.37	2.74E-02
20.37	2.74E-02
20.37	2.75E-02
20.37	2.75E-02
20.37	2.75E-02
20.37	2.75E-02
20.37	2.75E-02
20.37	2.75E-02
20.37	2.75E-02
20.37	2.75E-02
20.37	2.75E-02
20.38	2.75E-02
20.38	2.75E-02
20.38	2.75E-02
20.38	2.75E-02
20.38	2.75E-02
20.38	2.75E-02
20.38	2.75E-02
20.38	2.75E-02
20.38	2.75E-02
20.38	2.75E-02
20.38	2.75E-02
20.38	2.75E-02
20.38	2.75E-02
20.38	2.75E-02
20.38	2.75E-02
20.38	2.75E-02
20.38	2.75E-02
20.38	2.75E-02
20.38	2.75E-02
20.38	2.75E-02
20.39	2.75E-02
20.39	2.75E-02
20.39	2.75E-02
20.39	2.75E-02
20.39	2.75E-02
20.39	2.75E-02
20.39	2.75E-02
20.39	2.75E-02
20.39	2.75E-02
20.39	2.75E-02
20.39	2.75E-02
20.39	2.75E-02
20.39	2.75E-02
20.39	2.75E-02
20.39	2.75E-02
20.39	2.75E-02
20.39	2.75E-02
20.39	2.75E-02
20.39	2.75E-02
20.39	2.75E-02
20.4	2.75E-02
20.4	2.75E-02
20.4	2.75E-02
20.4	2.75E-02
20.4	2.75E-02
20.4	2.76E-02
20.4	2.76E-02
20.4	2.76E-02
20.4	2.76E-02
20.4	2.76E-02
20.4	2.76E-02
20.4	2.76E-02
20.4	2.76E-02
20.4	2.76E-02
20.4	2.76E-02
20.4	2.76E-02
20.4	2.76E-02
20.4	2.76E-02
20.4	2.76E-02
20.4	2.76E-02
20.41	2.76E-02
20.41	2.76E-02
20.41	2.76E-02
20.41	2.76E-02
20.41	2.76E-02
20.41	2.76E-02
20.41	2.76E-02
20.41	2.76E-02
20.41	2.76E-02
20.41	2.76E-02
20.41	2.76E-02
20.41	2.76E-02
20.41	2.76E-02
20.41	2.76E-02
20.41	2.76E-02
20.41	2.76E-02
20.41	2.76E-02
20.41	2.76E-02
20.41	2.76E-02
20.41	2.76E-02
20.42	2.76E-02
20.42	2.76E-02
20.42	2.76E-02
20.42	2.76E-02
20.42	2.76E-02
20.42	2.76E-02
20.42	2.76E-02
20.42	2.76E-02
20.42	2.76E-02
20.42	2.76E-02
20.42	2.76E-02
20.42	2.76E-02
20.42	2.76E-02
20.42	2.76E-02
20.42	2.76E-02
20.42	2.76E-02
20.42	2.76E-02
20.42	2.76E-02
20.42	2.76E-02
20.42	2.76E-02
20.42	2.77E-02
20.43	2.77E-02
20.43	2.77E-02
20.43	2.77E-02
20.43	2.77E-02
20.43	2.77E-02
20.43	2.77E-02
20.43	2.77E-02
20.43	2.77E-02
20.43	2.77E-02
20.43	2.77E-02
20.43	2.77E-02
20.43	2.77E-02
20.43	2.77E-02
20.43	2.77E-02
20.43	2.77E-02
20.43	2.77E-02
20.43	2.77E-02
20.43	2.77E-02
20.43	2.77E-02
20.43	2.77E-02
20.44	2.77E-02
20.44	2.77E-02
20.44	2.77E-02
20.44	2.77E-02
20.44	2.77E-02
20.44	2.77E-02
20.44	2.77E-02
20.44	2.77E-02
20.44	2.77E-02
20.44	2.77E-02
20.44	2.77E-02
20.44	2.77E-02
20.44	2.77E-02
20.44	2.77E-02
20.44	2.77E-02
20.44	2.77E-02
20.44	2.77E-02
20.44	2.77E-02
20.44	2.77E-02
20.44	2.77E-02
20.45	2.77E-02
20.45	2.77E-02
20.45	2.77E-02
20.45	2.77E-02
20.45	2.77E-02
20.45	2.77E-02
20.45	2.77E-02
20.45	2.77E-02
20.45	2.77E-02
20.45	2.77E-02
20.45	2.77E-02
20.45	2.77E-02
20.45	2.77E-02
20.45	2.77E-02
20.45	2.78E-02
20.45	2.78E-02
20.45	2.78E-02
20.45	2.78E-02
20.45	2.78E-02
20.45	2.78E-02
20.46	2.78E-02
20.46	2.78E-02
20.46	2.78E-02
20.46	2.78E-02
20.46	2.78E-02
20.46	2.78E-02
20.46	2.78E-02
20.46	2.78E-02
20.46	2.78E-02
20.46	2.78E-02
20.46	2.78E-02
20.46	2.78E-02
20.46	2.78E-02
20.46	2.78E-02
20.46	2.78E-02
20.46	2.78E-02
20.46	2.78E-02
20.46	2.78E-02
20.46	2.78E-02
20.47	2.78E-02
20.47	2.78E-02
20.47	2.78E-02
20.47	2.78E-02
20.47	2.78E-02
20.47	2.78E-02
20.47	2.78E-02
20.47	2.78E-02
20.47	2.78E-02
20.47	2.78E-02
20.47	2.78E-02
20.47	2.78E-02
20.47	2.78E-02
20.47	2.78E-02
20.47	2.78E-02
20.47	2.78E-02
20.47	2.78E-02
20.47	2.78E-02
20.47	2.78E-02
20.47	2.78E-02
20.48	2.78E-02
20.48	2.78E-02
20.48	2.78E-02
20.48	2.78E-02
20.48	2.78E-02
20.48	2.78E-02
20.48	2.78E-02
20.48	2.78E-02
20.48	2.78E-02
20.48	2.78E-02
20.48	2.79E-02
20.48	2.79E-02
20.48	2.79E-02
20.48	2.79E-02
20.48	2.79E-02
20.48	2.79E-02
20.48	2.79E-02
20.48	2.79E-02
20.48	2.79E-02
20.48	2.79E-02
20.49	2.79E-02
20.49	2.79E-02
20.49	2.79E-02
20.49	2.79E-02
20.49	2.79E-02
20.49	2.79E-02
20.49	2.79E-02
20.49	2.79E-02
20.49	2.79E-02
20.49	2.79E-02
20.49	2.79E-02
20.49	2.79E-02
20.49	2.79E-02
20.49	2.79E-02
20.49	2.79E-02
20.49	2.79E-02
20.49	2.79E-02
20.49	2.79E-02
20.49	2.79E-02
20.49	2.79E-02
20.5	2.79E-02
20.5	2.79E-02
20.5	2.79E-02
20.5	2.79E-02
20.5	2.79E-02
20.5	2.79E-02
20.5	2.79E-02
20.5	2.79E-02
20.5	2.79E-02
20.5	2.79E-02
20.5	2.79E-02
20.5	2.79E-02
20.5	2.79E-02
20.5	2.79E-02
20.5	2.79E-02
20.5	2.79E-02
20.5	2.79E-02
20.5	2.79E-02
20.5	2.79E-02
20.5	2.79E-02
20.5	2.79E-02
20.51	2.79E-02
20.51	2.79E-02
20.51	2.79E-02
20.51	2.79E-02
20.51	2.79E-02
20.51	2.80E-02
20.51	2.80E-02
20.51	2.80E-02
20.51	2.80E-02
20.51	2.80E-02
20.51	2.80E-02
20.51	2.80E-02
20.51	2.80E-02
20.51	2.80E-02
20.51	2.80E-02
20.51	2.80E-02
20.51	2.80E-02
20.51	2.80E-02
20.51	2.80E-02
20.51	2.80E-02
20.52	2.80E-02
20.52	2.80E-02
20.52	2.80E-02
20.52	2.80E-02
20.52	2.80E-02
20.52	2.80E-02
20.52	2.80E-02
20.52	2.80E-02
20.52	2.80E-02
20.52	2.80E-02
20.52	2.80E-02
20.52	2.80E-02
20.52	2.80E-02
20.52	2.80E-02
20.52	2.80E-02
20.52	2.80E-02
20.52	2.80E-02
20.52	2.80E-02
20.52	2.80E-02
20.52	2.80E-02
20.53	2.80E-02
20.53	2.80E-02
20.53	2.80E-02
20.53	2.80E-02
20.53	2.80E-02
20.53	2.80E-02
20.53	2.80E-02
20.53	2.80E-02
20.53	2.80E-02
20.53	2.80E-02
20.53	2.80E-02
20.53	2.80E-02
20.53	2.80E-02
20.53	2.80E-02
20.53	2.80E-02
20.53	2.80E-02
20.53	2.80E-02
20.53	2.80E-02
20.53	2.80E-02
20.53	2.80E-02
20.54	2.80E-02
20.54	2.81E-02
20.54	2.81E-02
20.54	2.81E-02
20.54	2.81E-02
20.54	2.81E-02
20.54	2.81E-02
20.54	2.81E-02
20.54	2.81E-02
20.54	2.81E-02
20.54	2.81E-02
20.54	2.81E-02
20.54	2.81E-02
20.54	2.81E-02
20.54	2.81E-02
20.54	2.81E-02
20.54	2.81E-02
20.54	2.81E-02
20.54	2.81E-02
20.55	2.81E-02
20.55	2.81E-02
20.55	2.81E-02
20.55	2.81E-02
20.55	2.81E-02
20.55	2.81E-02
20.55	2.81E-02
20.55	2.81E-02
20.55	2.81E-02
20.55	2.81E-02
20.55	2.81E-02
20.55	2.81E-02
20.55	2.81E-02
20.55	2.81E-02
20.55	2.81E-02
20.55	2.81E-02
20.55	2.81E-02
20.55	2.81E-02
20.55	2.81E-02
20.55	2.81E-02
20.56	2.81E-02
20.56	2.81E-02
20.56	2.81E-02
20.56	2.81E-02
20.56	2.81E-02
20.56	2.81E-02
20.56	2.81E-02
20.56	2.81E-02
20.56	2.81E-02
20.56	2.81E-02
20.56	2.81E-02
20.56	2.81E-02
20.56	2.81E-02
20.56	2.81E-02
20.56	2.81E-02
20.56	2.81E-02
20.56	2.81E-02
20.56	2.81E-02
20.56	2.81E-02
20.56	2.82E-02
20.57	2.82E-02
20.57	2.82E-02
20.57	2.82E-02
20.57	2.82E-02
20.57	2.82E-02
20.57	2.82E-02
20.57	2.82E-02
20.57	2.82E-02
20.57	2.82E-02
20.57	2.82E-02
20.57	2.82E-02
20.57	2.82E-02
20.57	2.82E-02
20.57	2.82E-02
20.57	2.82E-02
20.57	2.82E-02
20.57	2.82E-02
20.57	2.82E-02
20.57	2.82E-02
20.57	2.82E-02
20.58	2.82E-02
20.58	2.82E-02
20.58	2.82E-02
20.58	2.82E-02
20.58	2.82E-02
20.58	2.82E-02
20.58	2.82E-02
20.58	2.82E-02
20.58	2.82E-02
20.58	2.82E-02
20.58	2.82E-02
20.58	2.82E-02
20.58	2.82E-02
20.58	2.82E-02
20.58	2.82E-02
20.58	2.82E-02
20.58	2.82E-02
20.58	2.82E-02
20.58	2.82E-02
20.58	2.82E-02
20.58	2.82E-02
20.59	2.82E-02
20.59	2.82E-02
20.59	2.82E-02
20.59	2.82E-02
20.59	2.82E-02
20.59	2.82E-02
20.59	2.82E-02
20.59	2.82E-02
20.59	2.82E-02
20.59	2.82E-02
20.59	2.82E-02
20.59	2.82E-02
20.59	2.82E-02
20.59	2.82E-02
20.59	2.83E-02
20.59	2.83E-02
20.59	2.83E-02
20.59	2.83E-02
20.59	2.83E-02
20.59	2.83E-02
20.6	2.83E-02
20.6	2.83E-02
20.6	2.83E-02
20.6	2.83E-02
20.6	2.83E-02
20.6	2.83E-02
20.6	2.83E-02
20.6	2.83E-02
20.6	2.83E-02
20.6	2.83E-02
20.6	2.83E-02
20.6	2.83E-02
20.6	2.83E-02
20.6	2.83E-02
20.6	2.83E-02
20.6	2.83E-02
20.6	2.83E-02
20.6	2.83E-02
20.6	2.83E-02
20.6	2.83E-02
20.61	2.83E-02
20.61	2.83E-02
20.61	2.83E-02
20.61	2.83E-02
20.61	2.83E-02
20.61	2.83E-02
20.61	2.83E-02
20.61	2.83E-02
20.61	2.83E-02
20.61	2.83E-02
20.61	2.83E-02
20.61	2.83E-02
20.61	2.83E-02
20.61	2.83E-02
20.61	2.83E-02
20.61	2.83E-02
20.61	2.83E-02
20.61	2.83E-02
20.61	2.83E-02
20.61	2.83E-02
20.62	2.83E-02
20.62	2.83E-02
20.62	2.83E-02
20.62	2.83E-02
20.62	2.83E-02
20.62	2.83E-02
20.62	2.83E-02
20.62	2.83E-02
20.62	2.83E-02
20.62	2.83E-02
20.62	2.83E-02
20.62	2.84E-02
20.62	2.84E-02
20.62	2.84E-02
20.62	2.84E-02
20.62	2.84E-02
20.62	2.84E-02
20.62	2.84E-02
20.62	2.84E-02
20.62	2.84E-02
20.63	2.84E-02
20.63	2.84E-02
20.63	2.84E-02
20.63	2.84E-02
20.63	2.84E-02
20.63	2.84E-02
20.63	2.84E-02
20.63	2.84E-02
20.63	2.84E-02
20.63	2.84E-02
20.63	2.84E-02
20.63	2.84E-02
20.63	2.84E-02
20.63	2.84E-02
20.63	2.84E-02
20.63	2.84E-02
20.63	2.84E-02
20.63	2.84E-02
20.63	2.84E-02
20.64	2.84E-02
20.64	2.84E-02
20.64	2.84E-02
20.64	2.84E-02
20.64	2.84E-02
20.64	2.84E-02
20.64	2.84E-02
20.64	2.84E-02
20.64	2.84E-02
20.64	2.84E-02
20.64	2.84E-02
20.64	2.84E-02
20.64	2.84E-02
20.64	2.84E-02
20.64	2.84E-02
20.64	2.84E-02
20.64	2.84E-02
20.64	2.84E-02
20.64	2.84E-02
20.64	2.84E-02
20.65	2.84E-02
20.65	2.84E-02
20.65	2.84E-02
20.65	2.84E-02
20.65	2.84E-02
20.65	2.84E-02
20.65	2.84E-02
20.65	2.84E-02
20.65	2.84E-02
20.65	2.84E-02
20.65	2.85E-02
20.65	2.85E-02
20.65	2.85E-02
20.65	2.85E-02
20.65	2.85E-02
20.65	2.85E-02
20.65	2.85E-02
20.65	2.85E-02
20.65	2.85E-02
20.65	2.85E-02
20.66	2.85E-02
20.66	2.85E-02
20.66	2.85E-02
20.66	2.85E-02
20.66	2.85E-02
20.66	2.85E-02
20.66	2.85E-02
20.66	2.85E-02
20.66	2.85E-02
20.66	2.85E-02
20.66	2.85E-02
20.66	2.85E-02
20.66	2.85E-02
20.66	2.85E-02
20.66	2.85E-02
20.66	2.85E-02
20.66	2.85E-02
20.66	2.85E-02
20.66	2.85E-02
20.66	2.85E-02
20.67	2.85E-02
20.67	2.85E-02
20.67	2.85E-02
20.67	2.85E-02
20.67	2.85E-02
20.67	2.85E-02
20.67	2.85E-02
20.67	2.85E-02
20.67	2.85E-02
20.67	2.85E-02
20.67	2.85E-02
20.67	2.85E-02
20.67	2.85E-02
20.67	2.85E-02
20.67	2.85E-02
20.67	2.85E-02
20.67	2.85E-02
20.67	2.85E-02
20.67	2.85E-02
20.67	2.85E-02
20.67	2.85E-02
20.68	2.85E-02
20.68	2.85E-02
20.68	2.85E-02
20.68	2.85E-02
20.68	2.85E-02
20.68	2.85E-02
20.68	2.85E-02
20.68	2.86E-02
20.68	2.86E-02
20.68	2.86E-02
20.68	2.86E-02
20.68	2.86E-02
20.68	2.86E-02
20.68	2.86E-02
20.68	2.86E-02
20.68	2.86E-02
20.68	2.86E-02
20.68	2.86E-02
20.68	2.86E-02
20.68	2.86E-02
20.69	2.86E-02
20.69	2.86E-02
20.69	2.86E-02
20.69	2.86E-02
20.69	2.86E-02
20.69	2.86E-02
20.69	2.86E-02
20.69	2.86E-02
20.69	2.86E-02
20.69	2.86E-02
20.69	2.86E-02
20.69	2.86E-02
20.69	2.86E-02
20.69	2.86E-02
20.69	2.86E-02
20.69	2.86E-02
20.69	2.86E-02
20.69	2.86E-02
20.69	2.86E-02
20.69	2.86E-02
20.7	2.86E-02
20.7	2.86E-02
20.7	2.86E-02
20.7	2.86E-02
20.7	2.86E-02
20.7	2.86E-02
20.7	2.86E-02
20.7	2.86E-02
20.7	2.86E-02
20.7	2.86E-02
20.7	2.86E-02
20.7	2.86E-02
20.7	2.86E-02
20.7	2.86E-02
20.7	2.86E-02
20.7	2.86E-02
20.7	2.86E-02
20.7	2.86E-02
20.7	2.86E-02
20.7	2.86E-02
20.71	2.86E-02
20.71	2.86E-02
20.71	2.86E-02
20.71	2.86E-02
20.71	2.86E-02
20.71	2.87E-02
20.71	2.87E-02
20.71	2.87E-02
20.71	2.87E-02
20.71	2.87E-02
20.71	2.87E-02
20.71	2.87E-02
20.71	2.87E-02
20.71	2.87E-02
20.71	2.87E-02
20.71	2.87E-02
20.71	2.87E-02
20.71	2.87E-02
20.71	2.87E-02
20.72	2.87E-02
20.72	2.87E-02
20.72	2.87E-02
20.72	2.87E-02
20.72	2.87E-02
20.72	2.87E-02
20.72	2.87E-02
20.72	2.87E-02
20.72	2.87E-02
20.72	2.87E-02
20.72	2.87E-02
20.72	2.87E-02
20.72	2.87E-02
20.72	2.87E-02
20.72	2.87E-02
20.72	2.87E-02
20.72	2.87E-02
20.72	2.87E-02
20.72	2.87E-02
20.72	2.87E-02
20.73	2.87E-02
20.73	2.87E-02
20.73	2.87E-02
20.73	2.87E-02
20.73	2.87E-02
20.73	2.87E-02
20.73	2.87E-02
20.73	2.87E-02
20.73	2.87E-02
20.73	2.87E-02
20.73	2.87E-02
20.73	2.87E-02
20.73	2.87E-02
20.73	2.87E-02
20.73	2.87E-02
20.73	2.87E-02
20.73	2.87E-02
20.73	2.87E-02
20.73	2.87E-02
20.73	2.87E-02
20.74	2.87E-02
20.74	2.87E-02
20.74	2.87E-02
20.74	2.87E-02
20.74	2.87E-02
20.74	2.88E-02
20.74	2.88E-02
20.74	2.88E-02
20.74	2.88E-02
20.74	2.88E-02
20.74	2.88E-02
20.74	2.88E-02
20.74	2.88E-02
20.74	2.88E-02
20.74	2.88E-02
20.74	2.88E-02
20.74	2.88E-02
20.74	2.88E-02
20.74	2.88E-02
20.74	2.88E-02
20.75	2.88E-02
20.75	2.88E-02
20.75	2.88E-02
20.75	2.88E-02
20.75	2.88E-02
20.75	2.88E-02
20.75	2.88E-02
20.75	2.88E-02
20.75	2.88E-02
20.75	2.88E-02
20.75	2.88E-02
20.75	2.88E-02
20.75	2.88E-02
20.75	2.88E-02
20.75	2.88E-02
20.75	2.88E-02
20.75	2.88E-02
20.75	2.88E-02
20.75	2.88E-02
20.75	2.88E-02
20.75	2.88E-02
20.76	2.88E-02
20.76	2.88E-02
20.76	2.88E-02
20.76	2.88E-02
20.76	2.88E-02
20.76	2.88E-02
20.76	2.88E-02
20.76	2.88E-02
20.76	2.88E-02
20.76	2.88E-02
20.76	2.88E-02
20.76	2.88E-02
20.76	2.88E-02
20.76	2.88E-02
20.76	2.88E-02
20.76	2.88E-02
20.76	2.88E-02
20.76	2.88E-02
20.76	2.88E-02
20.76	2.88E-02
20.77	2.88E-02
20.77	2.88E-02
20.77	2.88E-02
20.77	2.89E-02
20.77	2.89E-02
20.77	2.89E-02
20.77	2.89E-02
20.77	2.89E-02
20.77	2.89E-02
20.77	2.89E-02
20.77	2.89E-02
20.77	2.89E-02
20.77	2.89E-02
20.77	2.89E-02
20.77	2.89E-02
20.77	2.89E-02
20.77	2.89E-02
20.77	2.89E-02
20.77	2.89E-02
20.77	2.89E-02
20.78	2.89E-02
20.78	2.89E-02
20.78	2.89E-02
20.78	2.89E-02
20.78	2.89E-02
20.78	2.89E-02
20.78	2.89E-02
20.78	2.89E-02
20.78	2.89E-02
20.78	2.89E-02
20.78	2.89E-02
20.78	2.89E-02
20.78	2.89E-02
20.78	2.89E-02
20.78	2.89E-02
20.78	2.89E-02
20.78	2.89E-02
20.78	2.89E-02
20.78	2.89E-02
20.78	2.89E-02
20.79	2.89E-02
20.79	2.89E-02
20.79	2.89E-02
20.79	2.89E-02
20.79	2.89E-02
20.79	2.89E-02
20.79	2.89E-02
20.79	2.89E-02
20.79	2.89E-02
20.79	2.89E-02
20.79	2.89E-02
20.79	2.89E-02
20.79	2.89E-02
20.79	2.89E-02
20.79	2.89E-02
20.79	2.89E-02
20.79	2.89E-02
20.79	2.89E-02
20.79	2.89E-02
20.8	2.89E-02
20.8	2.89E-02
20.8	2.89E-02
20.8	2.90E-02
20.8	2.90E-02
20.8	2.90E-02
20.8	2.90E-02
20.8	2.90E-02
20.8	2.90E-02
20.8	2.90E-02
20.8	2.90E-02
20.8	2.90E-02
20.8	2.90E-02
20.8	2.90E-02
20.8	2.90E-02
20.8	2.90E-02
20.8	2.90E-02
20.8	2.90E-02
20.8	2.90E-02
20.8	2.90E-02
20.81	2.90E-02
20.81	2.90E-02
20.81	2.90E-02
20.81	2.90E-02
20.81	2.90E-02
20.81	2.90E-02
20.81	2.90E-02
20.81	2.90E-02
20.81	2.90E-02
20.81	2.90E-02
20.81	2.90E-02
20.81	2.90E-02
20.81	2.90E-02
20.81	2.90E-02
20.81	2.90E-02
20.81	2.90E-02
20.81	2.90E-02
20.81	2.90E-02
20.81	2.90E-02
20.81	2.90E-02
20.82	2.90E-02
20.82	2.90E-02
20.82	2.90E-02
20.82	2.90E-02
20.82	2.90E-02
20.82	2.90E-02
20.82	2.90E-02
20.82	2.90E-02
20.82	2.90E-02
20.82	2.90E-02
20.82	2.90E-02
20.82	2.90E-02
20.82	2.90E-02
20.82	2.90E-02
20.82	2.90E-02
20.82	2.90E-02
20.82	2.90E-02
20.82	2.90E-02
20.82	2.90E-02
20.82	2.90E-02
20.83	2.90E-02
20.83	2.90E-02
20.83	2.90E-02
20.83	2.91E-02
20.83	2.91E-02
20.83	2.91E-02
20.83	2.91E-02
20.83	2.91E-02
20.83	2.91E-02
20.83	2.91E-02
20.83	2.91E-02
20.83	2.91E-02
20.83	2.91E-02
20.83	2.91E-02
20.83	2.91E-02
20.83	2.91E-02
20.83	2.91E-02
20.83	2.91E-02
20.83	2.91E-02
20.83	2.91E-02
20.83	2.91E-02
20.84	2.91E-02
20.84	2.91E-02
20.84	2.91E-02
20.84	2.91E-02
20.84	2.91E-02
20.84	2.91E-02
20.84	2.91E-02
20.84	2.91E-02
20.84	2.91E-02
20.84	2.91E-02
20.84	2.91E-02
20.84	2.91E-02
20.84	2.91E-02
20.84	2.91E-02
20.84	2.91E-02
20.84	2.91E-02
20.84	2.91E-02
20.84	2.91E-02
20.84	2.91E-02
20.84	2.91E-02
20.85	2.91E-02
20.85	2.91E-02
20.85	2.91E-02
20.85	2.91E-02
20.85	2.91E-02
20.85	2.91E-02
20.85	2.91E-02
20.85	2.91E-02
20.85	2.91E-02
20.85	2.91E-02
20.85	2.91E-02
20.85	2.91E-02
20.85	2.91E-02
20.85	2.91E-02
20.85	2.91E-02
20.85	2.91E-02
20.85	2.91E-02
20.85	2.91E-02
20.85	2.91E-02
20.85	2.91E-02
20.86	2.91E-02
20.86	2.91E-02
20.86	2.92E-02
20.86	2.92E-02
20.86	2.92E-02
20.86	2.92E-02
20.86	2.92E-02
20.86	2.92E-02
20.86	2.92E-02
20.86	2.92E-02
20.86	2.92E-02
20.86	2.92E-02
20.86	2.92E-02
20.86	2.92E-02
20.86	2.92E-02
20.86	2.92E-02
20.86	2.92E-02
20.86	2.92E-02
20.86	2.92E-02
20.86	2.92E-02
20.87	2.92E-02
20.87	2.92E-02
20.87	2.92E-02
20.87	2.92E-02
20.87	2.92E-02
20.87	2.92E-02
20.87	2.92E-02
20.87	2.92E-02
20.87	2.92E-02
20.87	2.92E-02
20.87	2.92E-02
20.87	2.92E-02
20.87	2.92E-02
20.87	2.92E-02
20.87	2.92E-02
20.87	2.92E-02
20.87	2.92E-02
20.87	2.92E-02
20.87	2.92E-02
20.88	2.92E-02
20.88	2.92E-02
20.88	2.92E-02
20.88	2.92E-02
20.88	2.92E-02
20.88	2.92E-02
20.88	2.92E-02
20.88	2.92E-02
20.88	2.92E-02
20.88	2.92E-02
20.88	2.92E-02
20.88	2.92E-02
20.88	2.92E-02
20.88	2.92E-02
20.88	2.92E-02
20.88	2.92E-02
20.88	2.92E-02
20.88	2.92E-02
20.88	2.92E-02
20.88	2.92E-02
20.89	2.92E-02
20.89	2.92E-02
20.89	2.92E-02
20.89	2.92E-02
20.89	2.93E-02
20.89	2.93E-02
20.89	2.93E-02
20.89	2.93E-02
20.89	2.93E-02
20.89	2.93E-02
20.89	2.93E-02
20.89	2.93E-02
20.89	2.93E-02
20.89	2.93E-02
20.89	2.93E-02
20.89	2.93E-02
20.89	2.93E-02
20.89	2.93E-02
20.89	2.93E-02
20.89	2.93E-02
20.9	2.93E-02
20.9	2.93E-02
20.9	2.93E-02
20.9	2.93E-02
20.9	2.93E-02
20.9	2.93E-02
20.9	2.93E-02
20.9	2.93E-02
20.9	2.93E-02
20.9	2.93E-02
20.9	2.93E-02
20.9	2.93E-02
20.9	2.93E-02
20.9	2.93E-02
20.9	2.93E-02
20.9	2.93E-02
20.9	2.93E-02
20.9	2.93E-02
20.9	2.93E-02
20.9	2.93E-02
20.91	2.93E-02
20.91	2.93E-02
20.91	2.93E-02
20.91	2.93E-02
20.91	2.93E-02
20.91	2.93E-02
20.91	2.93E-02
20.91	2.93E-02
20.91	2.93E-02
20.91	2.93E-02
20.91	2.93E-02
20.91	2.93E-02
20.91	2.93E-02
20.91	2.93E-02
20.91	2.93E-02
20.91	2.93E-02
20.91	2.93E-02
20.91	2.93E-02
20.91	2.93E-02
20.91	2.93E-02
20.92	2.93E-02
20.92	2.93E-02
20.92	2.93E-02
20.92	2.93E-02
20.92	2.93E-02
20.92	2.94E-02
20.92	2.94E-02
20.92	2.94E-02
20.92	2.94E-02
20.92	2.94E-02
20.92	2.94E-02
20.92	2.94E-02
20.92	2.94E-02
20.92	2.94E-02
20.92	2.94E-02
20.92	2.94E-02
20.92	2.94E-02
20.92	2.94E-02
20.92	2.94E-02
20.92	2.94E-02
20.92	2.94E-02
20.93	2.94E-02
20.93	2.94E-02
20.93	2.94E-02
20.93	2.94E-02
20.93	2.94E-02
20.93	2.94E-02
20.93	2.94E-02
20.93	2.94E-02
20.93	2.94E-02
20.93	2.94E-02
20.93	2.94E-02
20.93	2.94E-02
20.93	2.94E-02
20.93	2.94E-02
20.93	2.94E-02
20.93	2.94E-02
20.93	2.94E-02
20.93	2.94E-02
20.93	2.94E-02
20.93	2.94E-02
20.94	2.94E-02
20.94	2.94E-02
20.94	2.94E-02
20.94	2.94E-02
20.94	2.94E-02
20.94	2.94E-02
20.94	2.94E-02
20.94	2.94E-02
20.94	2.94E-02
20.94	2.94E-02
20.94	2.94E-02
20.94	2.94E-02
20.94	2.94E-02
20.94	2.94E-02
20.94	2.94E-02
20.94	2.94E-02
20.94	2.94E-02
20.94	2.94E-02
20.94	2.94E-02
20.94	2.94E-02
20.95	2.94E-02
20.95	2.94E-02
20.95	2.94E-02
20.95	2.94E-02
20.95	2.94E-02
20.95	2.94E-02
20.95	2.95E-02
20.95	2.95E-02
20.95	2.95E-02
20.95	2.95E-02
20.95	2.95E-02
20.95	2.95E-02
20.95	2.95E-02
20.95	2.95E-02
20.95	2.95E-02
20.95	2.95E-02
20.95	2.95E-02
20.95	2.95E-02
20.95	2.95E-02
20.95	2.95E-02
20.96	2.95E-02
20.96	2.95E-02
20.96	2.95E-02
20.96	2.95E-02
20.96	2.95E-02
20.96	2.95E-02
20.96	2.95E-02
20.96	2.95E-02
20.96	2.95E-02
20.96	2.95E-02
20.96	2.95E-02
20.96	2.95E-02
20.96	2.95E-02
20.96	2.95E-02
20.96	2.95E-02
20.96	2.95E-02
20.96	2.95E-02
20.96	2.95E-02
20.96	2.95E-02
20.97	2.95E-02
20.97	2.95E-02
20.97	2.95E-02
20.97	2.95E-02
20.97	2.95E-02
20.97	2.95E-02
20.97	2.95E-02
20.97	2.95E-02
20.97	2.95E-02
20.97	2.95E-02
20.97	2.95E-02
20.97	2.95E-02
20.97	2.95E-02
20.97	2.95E-02
20.97	2.95E-02
20.97	2.95E-02
20.97	2.95E-02
20.97	2.95E-02
20.97	2.95E-02
20.97	2.95E-02
20.98	2.95E-02
20.98	2.95E-02
20.98	2.95E-02
20.98	2.95E-02
20.98	2.95E-02
20.98	2.95E-02
20.98	2.95E-02
20.98	2.95E-02
20.98	2.95E-02
20.98	2.96E-02
20.98	2.96E-02
20.98	2.96E-02
20.98	2.96E-02
20.98	2.96E-02
20.98	2.96E-02
20.98	2.96E-02
20.98	2.96E-02
20.98	2.96E-02
20.98	2.96E-02
20.98	2.96E-02
20.99	2.96E-02
20.99	2.96E-02
20.99	2.96E-02
20.99	2.96E-02
20.99	2.96E-02
20.99	2.96E-02
20.99	2.96E-02
20.99	2.96E-02
20.99	2.96E-02
20.99	2.96E-02
20.99	2.96E-02
20.99	2.96E-02
20.99	2.96E-02
20.99	2.96E-02
20.99	2.96E-02
20.99	2.96E-02
20.99	2.96E-02
20.99	2.96E-02
20.99	2.96E-02
20.99	2.96E-02
21	2.96E-02
21	2.96E-02
21	2.96E-02
21	2.96E-02
21	2.96E-02
21	2.96E-02
21	2.96E-02
21	2.96E-02
21	2.96E-02
21	2.96E-02
21	2.96E-02
21	2.96E-02
21	2.96E-02
21	2.96E-02
21	2.96E-02
21	2.96E-02
21	2.96E-02
21	2.96E-02
21	2.96E-02
21	2.96E-02
21	2.96E-02
21.01	2.96E-02
21.01	2.96E-02
21.01	2.96E-02
21.01	2.96E-02
21.01	2.96E-02
21.01	2.96E-02
21.01	2.96E-02
21.01	2.96E-02
21.01	2.96E-02
21.01	2.96E-02
21.01	2.97E-02
21.01	2.97E-02
21.01	2.97E-02
21.01	2.97E-02
21.01	2.97E-02
21.01	2.97E-02
21.01	2.97E-02
21.01	2.97E-02
21.01	2.97E-02
21.01	2.97E-02
21.02	2.97E-02
21.02	2.97E-02
21.02	2.97E-02
21.02	2.97E-02
21.02	2.97E-02
21.02	2.97E-02
21.02	2.97E-02
21.02	2.97E-02
21.02	2.97E-02
21.02	2.97E-02
21.02	2.97E-02
21.02	2.97E-02
21.02	2.97E-02
21.02	2.97E-02
21.02	2.97E-02
21.02	2.97E-02
21.02	2.97E-02
21.02	2.97E-02
21.02	2.97E-02
21.02	2.97E-02
21.03	2.97E-02
21.03	2.97E-02
21.03	2.97E-02
21.03	2.97E-02
21.03	2.97E-02
21.03	2.97E-02
21.03	2.97E-02
21.03	2.97E-02
21.03	2.97E-02
21.03	2.97E-02
21.03	2.97E-02
21.03	2.97E-02
21.03	2.97E-02
21.03	2.97E-02
21.03	2.97E-02
21.03	2.97E-02
21.03	2.97E-02
21.03	2.97E-02
21.03	2.97E-02
21.03	2.97E-02
21.04	2.97E-02
21.04	2.97E-02
21.04	2.97E-02
21.04	2.97E-02
21.04	2.97E-02
21.04	2.97E-02
21.04	2.97E-02
21.04	2.97E-02
21.04	2.97E-02
21.04	2.97E-02
21.04	2.97E-02
21.04	2.97E-02
21.04	2.97E-02
21.04	2.98E-02
21.04	2.98E-02
21.04	2.98E-02
21.04	2.98E-02
21.04	2.98E-02
21.04	2.98E-02
21.05	2.98E-02
21.05	2.98E-02
21.05	2.98E-02
21.05	2.98E-02
21.05	2.98E-02
21.05	2.98E-02
21.05	2.98E-02
21.05	2.98E-02
21.05	2.98E-02
21.05	2.98E-02
21.05	2.98E-02
21.05	2.98E-02
21.05	2.98E-02
21.05	2.98E-02
21.05	2.98E-02
21.05	2.98E-02
21.05	2.98E-02
21.05	2.98E-02
21.05	2.98E-02
21.05	2.98E-02
21.06	2.98E-02
21.06	2.98E-02
21.06	2.98E-02
21.06	2.98E-02
21.06	2.98E-02
21.06	2.98E-02
21.06	2.98E-02
21.06	2.98E-02
21.06	2.98E-02
21.06	2.98E-02
21.06	2.98E-02
21.06	2.98E-02
21.06	2.98E-02
21.06	2.98E-02
21.06	2.98E-02
21.06	2.98E-02
21.06	2.98E-02
21.06	2.98E-02
21.06	2.98E-02
21.06	2.98E-02
21.07	2.98E-02
21.07	2.98E-02
21.07	2.98E-02
21.07	2.98E-02
21.07	2.98E-02
21.07	2.98E-02
21.07	2.98E-02
21.07	2.98E-02
21.07	2.98E-02
21.07	2.98E-02
21.07	2.98E-02
21.07	2.98E-02
21.07	2.98E-02
21.07	2.98E-02
21.07	2.98E-02
21.07	2.98E-02
21.07	2.98E-02
21.07	2.98E-02
21.07	2.99E-02
21.07	2.99E-02
21.08	2.99E-02
21.08	2.99E-02
21.08	2.99E-02
21.08	2.99E-02
21.08	2.99E-02
21.08	2.99E-02
21.08	2.99E-02
21.08	2.99E-02
21.08	2.99E-02
21.08	2.99E-02
21.08	2.99E-02
21.08	2.99E-02
21.08	2.99E-02
21.08	2.99E-02
21.08	2.99E-02
21.08	2.99E-02
21.08	2.99E-02
21.08	2.99E-02
21.08	2.99E-02
21.08	2.99E-02
21.08	2.99E-02
21.09	2.99E-02
21.09	2.99E-02
21.09	2.99E-02
21.09	2.99E-02
21.09	2.99E-02
21.09	2.99E-02
21.09	2.99E-02
21.09	2.99E-02
21.09	2.99E-02
21.09	2.99E-02
21.09	2.99E-02
21.09	2.99E-02
21.09	2.99E-02
21.09	2.99E-02
21.09	2.99E-02
21.09	2.99E-02
21.09	2.99E-02
21.09	2.99E-02
21.09	2.99E-02
21.09	2.99E-02
21.1	2.99E-02
21.1	2.99E-02
21.1	2.99E-02
21.1	2.99E-02
21.1	2.99E-02
21.1	2.99E-02
21.1	2.99E-02
21.1	2.99E-02
21.1	2.99E-02
21.1	2.99E-02
21.1	2.99E-02
21.1	2.99E-02
21.1	2.99E-02
21.1	2.99E-02
21.1	2.99E-02
21.1	2.99E-02
21.1	2.99E-02
21.1	2.99E-02
21.1	2.99E-02
21.1	2.99E-02
21.11	2.99E-02
21.11	3.00E-02
21.11	3.00E-02
21.11	3.00E-02
21.11	3.00E-02
21.11	3.00E-02
21.11	3.00E-02
21.11	3.00E-02
21.11	3.00E-02
21.11	3.00E-02
21.11	3.00E-02
21.11	3.00E-02
21.11	3.00E-02
21.11	3.00E-02
21.11	3.00E-02
21.11	3.00E-02
21.11	3.00E-02
21.11	3.00E-02
21.11	3.00E-02
21.11	3.00E-02
21.12	3.00E-02
21.12	3.00E-02
21.12	3.00E-02
21.12	3.00E-02
21.12	3.00E-02
21.12	3.00E-02
21.12	3.00E-02
21.12	3.00E-02
21.12	3.00E-02
21.12	3.00E-02
21.12	3.00E-02
21.12	3.00E-02
21.12	3.00E-02
21.12	3.00E-02
21.12	3.00E-02
21.12	3.00E-02
21.12	3.00E-02
21.12	3.00E-02
21.12	3.00E-02
21.12	3.00E-02
21.13	3.00E-02
21.13	3.00E-02
21.13	3.00E-02
21.13	3.00E-02
21.13	3.00E-02
21.13	3.00E-02
21.13	3.00E-02
21.13	3.00E-02
21.13	3.00E-02
21.13	3.00E-02
21.13	3.00E-02
21.13	3.00E-02
21.13	3.00E-02
21.13	3.00E-02
21.13	3.00E-02
21.13	3.00E-02
21.13	3.00E-02
21.13	3.00E-02
21.13	3.00E-02
21.14	3.00E-02
21.14	3.00E-02
21.14	3.00E-02
21.14	3.00E-02
21.14	3.00E-02
21.14	3.00E-02
21.14	3.00E-02
21.14	3.01E-02
21.14	3.01E-02
21.14	3.01E-02
21.14	3.01E-02
21.14	3.01E-02
21.14	3.01E-02
21.14	3.01E-02
21.14	3.01E-02
21.14	3.01E-02
21.14	3.01E-02
21.14	3.01E-02
21.14	3.01E-02
21.14	3.01E-02
21.15	3.01E-02
21.15	3.01E-02
21.15	3.01E-02
21.15	3.01E-02
21.15	3.01E-02
21.15	3.01E-02
21.15	3.01E-02
21.15	3.01E-02
21.15	3.01E-02
21.15	3.01E-02
21.15	3.01E-02
21.15	3.01E-02
21.15	3.01E-02
21.15	3.01E-02
21.15	3.01E-02
21.15	3.01E-02
21.15	3.01E-02
21.15	3.01E-02
21.15	3.01E-02
21.15	3.01E-02
21.16	3.01E-02
21.16	3.01E-02
21.16	3.01E-02
21.16	3.01E-02
21.16	3.01E-02
21.16	3.01E-02
21.16	3.01E-02
21.16	3.01E-02
21.16	3.01E-02
21.16	3.01E-02
21.16	3.01E-02
21.16	3.01E-02
21.16	3.01E-02
21.16	3.01E-02
21.16	3.01E-02
21.16	3.01E-02
21.16	3.01E-02
21.16	3.01E-02
21.16	3.01E-02
21.16	3.01E-02
21.17	3.01E-02
21.17	3.01E-02
21.17	3.01E-02
21.17	3.01E-02
21.17	3.01E-02
21.17	3.01E-02
21.17	3.01E-02
21.17	3.01E-02
21.17	3.01E-02
21.17	3.01E-02
21.17	3.01E-02
21.17	3.01E-02
21.17	3.02E-02
21.17	3.02E-02
21.17	3.02E-02
21.17	3.02E-02
21.17	3.02E-02
21.17	3.02E-02
21.17	3.02E-02
21.17	3.02E-02
21.17	3.02E-02
21.18	3.02E-02
21.18	3.02E-02
21.18	3.02E-02
21.18	3.02E-02
21.18	3.02E-02
21.18	3.02E-02
21.18	3.02E-02
21.18	3.02E-02
21.18	3.02E-02
21.18	3.02E-02
21.18	3.02E-02
21.18	3.02E-02
21.18	3.02E-02
21.18	3.02E-02
21.18	3.02E-02
21.18	3.02E-02
21.18	3.02E-02
21.18	3.02E-02
21.18	3.02E-02
21.18	3.02E-02
21.19	3.02E-02
21.19	3.02E-02
21.19	3.02E-02
21.19	3.02E-02
21.19	3.02E-02
21.19	3.02E-02
21.19	3.02E-02
21.19	3.02E-02
21.19	3.02E-02
21.19	3.02E-02
21.19	3.02E-02
21.19	3.02E-02
21.19	3.02E-02
21.19	3.02E-02
21.19	3.02E-02
21.19	3.02E-02
21.19	3.02E-02
21.19	3.02E-02
21.19	3.02E-02
21.19	3.02E-02
21.2	3.02E-02
21.2	3.02E-02
21.2	3.02E-02
21.2	3.02E-02
21.2	3.02E-02
21.2	3.02E-02
21.2	3.02E-02
21.2	3.02E-02
21.2	3.02E-02
21.2	3.02E-02
21.2	3.02E-02
21.2	3.02E-02
21.2	3.02E-02
21.2	3.02E-02
21.2	3.02E-02
21.2	3.02E-02
21.2	3.02E-02
21.2	3.03E-02
21.2	3.03E-02
21.2	3.03E-02
21.21	3.03E-02
21.21	3.03E-02
21.21	3.03E-02
21.21	3.03E-02
21.21	3.03E-02
21.21	3.03E-02
21.21	3.03E-02
21.21	3.03E-02
21.21	3.03E-02
21.21	3.03E-02
21.21	3.03E-02
21.21	3.03E-02
21.21	3.03E-02
21.21	3.03E-02
21.21	3.03E-02
21.21	3.03E-02
21.21	3.03E-02
21.21	3.03E-02
21.21	3.03E-02
21.22	3.03E-02
21.22	3.03E-02
21.22	3.03E-02
21.22	3.03E-02
21.22	3.03E-02
21.22	3.03E-02
21.22	3.03E-02
21.22	3.03E-02
21.22	3.03E-02
21.22	3.03E-02
21.22	3.03E-02
21.22	3.03E-02
21.22	3.03E-02
21.22	3.03E-02
21.22	3.03E-02
21.22	3.03E-02
21.22	3.03E-02
21.22	3.03E-02
21.22	3.03E-02
21.22	3.03E-02
21.23	3.03E-02
21.23	3.03E-02
21.23	3.03E-02
21.23	3.03E-02
21.23	3.03E-02
21.23	3.03E-02
21.23	3.03E-02
21.23	3.03E-02
21.23	3.03E-02
21.23	3.03E-02
21.23	3.03E-02
21.23	3.03E-02
21.23	3.03E-02
21.23	3.03E-02
21.23	3.03E-02
21.23	3.03E-02
21.23	3.03E-02
21.23	3.03E-02
21.23	3.03E-02
21.23	3.03E-02
21.24	3.03E-02
21.24	3.03E-02
21.24	3.03E-02
21.24	3.03E-02
21.24	3.04E-02
21.24	3.04E-02
21.24	3.04E-02
21.24	3.04E-02
21.24	3.04E-02
21.24	3.04E-02
21.24	3.04E-02
21.24	3.04E-02
21.24	3.04E-02
21.24	3.04E-02
21.24	3.04E-02
21.24	3.04E-02
21.24	3.04E-02
21.24	3.04E-02
21.24	3.04E-02
21.24	3.04E-02
21.25	3.04E-02
21.25	3.04E-02
21.25	3.04E-02
21.25	3.04E-02
21.25	3.04E-02
21.25	3.04E-02
21.25	3.04E-02
21.25	3.04E-02
21.25	3.04E-02
21.25	3.04E-02
21.25	3.04E-02
21.25	3.04E-02
21.25	3.04E-02
21.25	3.04E-02
21.25	3.04E-02
21.25	3.04E-02
21.25	3.04E-02
21.25	3.04E-02
21.25	3.04E-02
21.25	3.04E-02
21.25	3.04E-02
21.26	3.04E-02
21.26	3.04E-02
21.26	3.04E-02
21.26	3.04E-02
21.26	3.04E-02
21.26	3.04E-02
21.26	3.04E-02
21.26	3.04E-02
21.26	3.04E-02
21.26	3.04E-02
21.26	3.04E-02
21.26	3.04E-02
21.26	3.04E-02
21.26	3.04E-02
21.26	3.04E-02
21.26	3.04E-02
21.26	3.04E-02
21.26	3.04E-02
21.26	3.04E-02
21.26	3.04E-02
21.27	3.04E-02
21.27	3.04E-02
21.27	3.04E-02
21.27	3.04E-02
21.27	3.04E-02
21.27	3.04E-02
21.27	3.04E-02
21.27	3.04E-02
21.27	3.04E-02
21.27	3.04E-02
21.27	3.05E-02
21.27	3.05E-02
21.27	3.05E-02
21.27	3.05E-02
21.27	3.05E-02
21.27	3.05E-02
21.27	3.05E-02
21.27	3.05E-02
21.27	3.05E-02
21.27	3.05E-02
21.28	3.05E-02
21.28	3.05E-02
21.28	3.05E-02
21.28	3.05E-02
21.28	3.05E-02
21.28	3.05E-02
21.28	3.05E-02
21.28	3.05E-02
21.28	3.05E-02
21.28	3.05E-02
21.28	3.05E-02
21.28	3.05E-02
21.28	3.05E-02
21.28	3.05E-02
21.28	3.05E-02
21.28	3.05E-02
21.28	3.05E-02
21.28	3.05E-02
21.28	3.05E-02
21.28	3.05E-02
21.29	3.05E-02
21.29	3.05E-02
21.29	3.05E-02
21.29	3.05E-02
21.29	3.05E-02
21.29	3.05E-02
21.29	3.05E-02
21.29	3.05E-02
21.29	3.05E-02
21.29	3.05E-02
21.29	3.05E-02
21.29	3.05E-02
21.29	3.05E-02
21.29	3.05E-02
21.29	3.05E-02
21.29	3.05E-02
21.29	3.05E-02
21.29	3.05E-02
21.29	3.05E-02
21.3	3.05E-02
21.3	3.05E-02
21.3	3.05E-02
21.3	3.05E-02
21.3	3.05E-02
21.3	3.05E-02
21.3	3.05E-02
21.3	3.05E-02
21.3	3.05E-02
21.3	3.05E-02
21.3	3.05E-02
21.3	3.05E-02
21.3	3.05E-02
21.3	3.05E-02
21.3	3.05E-02
21.3	3.05E-02
21.3	3.05E-02
21.3	3.05E-02
21.3	3.06E-02
21.3	3.06E-02
21.31	3.06E-02
21.31	3.06E-02
21.31	3.06E-02
21.31	3.06E-02
21.31	3.06E-02
21.31	3.06E-02
21.31	3.06E-02
21.31	3.06E-02
21.31	3.06E-02
21.31	3.06E-02
21.31	3.06E-02
21.31	3.06E-02
21.31	3.06E-02
21.31	3.06E-02
21.31	3.06E-02
21.31	3.06E-02
21.31	3.06E-02
21.31	3.06E-02
21.31	3.06E-02
21.31	3.06E-02
21.32	3.06E-02
21.32	3.06E-02
21.32	3.06E-02
21.32	3.06E-02
21.32	3.06E-02
21.32	3.06E-02
21.32	3.06E-02
21.32	3.06E-02
21.32	3.06E-02
21.32	3.06E-02
21.32	3.06E-02
21.32	3.06E-02
21.32	3.06E-02
21.32	3.06E-02
21.32	3.06E-02
21.32	3.06E-02
21.32	3.06E-02
21.32	3.06E-02
21.32	3.06E-02
21.32	3.06E-02
21.33	3.06E-02
21.33	3.06E-02
21.33	3.06E-02
21.33	3.06E-02
21.33	3.06E-02
21.33	3.06E-02
21.33	3.06E-02
21.33	3.06E-02
21.33	3.06E-02
21.33	3.06E-02
21.33	3.06E-02
21.33	3.06E-02
21.33	3.06E-02
21.33	3.06E-02
21.33	3.06E-02
21.33	3.06E-02
21.33	3.06E-02
21.33	3.06E-02
21.33	3.06E-02
21.33	3.06E-02
21.33	3.06E-02
21.34	3.06E-02
21.34	3.06E-02
21.34	3.06E-02
21.34	3.06E-02
21.34	3.06E-02
21.34	3.07E-02
21.34	3.07E-02
21.34	3.07E-02
21.34	3.07E-02
21.34	3.07E-02
21.34	3.07E-02
21.34	3.07E-02
21.34	3.07E-02
21.34	3.07E-02
21.34	3.07E-02
21.34	3.07E-02
21.34	3.07E-02
21.34	3.07E-02
21.34	3.07E-02
21.34	3.07E-02
21.35	3.07E-02
21.35	3.07E-02
21.35	3.07E-02
21.35	3.07E-02
21.35	3.07E-02
21.35	3.07E-02
21.35	3.07E-02
21.35	3.07E-02
21.35	3.07E-02
21.35	3.07E-02
21.35	3.07E-02
21.35	3.07E-02
21.35	3.07E-02
21.35	3.07E-02
21.35	3.07E-02
21.35	3.07E-02
21.35	3.07E-02
21.35	3.07E-02
21.35	3.07E-02
21.35	3.07E-02
21.36	3.07E-02
21.36	3.07E-02
21.36	3.07E-02
21.36	3.07E-02
21.36	3.07E-02
21.36	3.07E-02
21.36	3.07E-02
21.36	3.07E-02
21.36	3.07E-02
21.36	3.07E-02
21.36	3.07E-02
21.36	3.07E-02
21.36	3.07E-02
21.36	3.07E-02
21.36	3.07E-02
21.36	3.07E-02
21.36	3.07E-02
21.36	3.07E-02
21.36	3.07E-02
21.36	3.07E-02
21.37	3.07E-02
21.37	3.07E-02
21.37	3.07E-02
21.37	3.07E-02
21.37	3.07E-02
21.37	3.07E-02
21.37	3.07E-02
21.37	3.07E-02
21.37	3.07E-02
21.37	3.07E-02
21.37	3.07E-02
21.37	3.07E-02
21.37	3.07E-02
21.37	3.07E-02
21.37	3.08E-02
21.37	3.08E-02
21.37	3.08E-02
21.37	3.08E-02
21.37	3.08E-02
21.38	3.08E-02
21.38	3.08E-02
21.38	3.08E-02
21.38	3.08E-02
21.38	3.08E-02
21.38	3.08E-02
21.38	3.08E-02
21.38	3.08E-02
21.38	3.08E-02
21.38	3.08E-02
21.38	3.08E-02
21.38	3.08E-02
21.38	3.08E-02
21.38	3.08E-02
21.38	3.08E-02
21.38	3.08E-02
21.38	3.08E-02
21.38	3.08E-02
21.38	3.08E-02
21.38	3.08E-02
21.39	3.08E-02
21.39	3.08E-02
21.39	3.08E-02
21.39	3.08E-02
21.39	3.08E-02
21.39	3.08E-02
21.39	3.08E-02
21.39	3.08E-02
21.39	3.08E-02
21.39	3.08E-02
21.39	3.08E-02
21.39	3.08E-02
21.39	3.08E-02
21.39	3.08E-02
21.39	3.08E-02
21.39	3.08E-02
21.39	3.08E-02
21.39	3.08E-02
21.39	3.08E-02
21.39	3.08E-02
21.4	3.08E-02
21.4	3.08E-02
21.4	3.08E-02
21.4	3.08E-02
21.4	3.08E-02
21.4	3.08E-02
21.4	3.08E-02
21.4	3.08E-02
21.4	3.08E-02
21.4	3.08E-02
21.4	3.08E-02
21.4	3.08E-02
21.4	3.08E-02
21.4	3.08E-02
21.4	3.08E-02
21.4	3.08E-02
21.4	3.08E-02
21.4	3.08E-02
21.4	3.08E-02
21.4	3.08E-02
21.41	3.08E-02
21.41	3.08E-02
21.41	3.08E-02
21.41	3.08E-02
21.41	3.08E-02
21.41	3.09E-02
21.41	3.09E-02
21.41	3.09E-02
21.41	3.09E-02
21.41	3.09E-02
21.41	3.09E-02
21.41	3.09E-02
21.41	3.09E-02
21.41	3.09E-02
21.41	3.09E-02
21.41	3.09E-02
21.41	3.09E-02
21.41	3.09E-02
21.41	3.09E-02
21.41	3.09E-02
21.42	3.09E-02
21.42	3.09E-02
21.42	3.09E-02
21.42	3.09E-02
21.42	3.09E-02
21.42	3.09E-02
21.42	3.09E-02
21.42	3.09E-02
21.42	3.09E-02
21.42	3.09E-02
21.42	3.09E-02
21.42	3.09E-02
21.42	3.09E-02
21.42	3.09E-02
21.42	3.09E-02
21.42	3.09E-02
21.42	3.09E-02
21.42	3.09E-02
21.42	3.09E-02
21.42	3.09E-02
21.42	3.09E-02
21.43	3.09E-02
21.43	3.09E-02
21.43	3.09E-02
21.43	3.09E-02
21.43	3.09E-02
21.43	3.09E-02
21.43	3.09E-02
21.43	3.09E-02
21.43	3.09E-02
21.43	3.09E-02
21.43	3.09E-02
21.43	3.09E-02
21.43	3.09E-02
21.43	3.09E-02
21.43	3.09E-02
21.43	3.09E-02
21.43	3.09E-02
21.43	3.09E-02
21.43	3.09E-02
21.43	3.09E-02
21.44	3.09E-02
21.44	3.09E-02
21.44	3.09E-02
21.44	3.09E-02
21.44	3.09E-02
21.44	3.09E-02
21.44	3.09E-02
21.44	3.09E-02
21.44	3.09E-02
21.44	3.09E-02
21.44	3.09E-02
21.44	3.09E-02
21.44	3.09E-02
21.44	3.09E-02
21.44	3.10E-02
21.44	3.10E-02
21.44	3.10E-02
21.44	3.10E-02
21.44	3.10E-02
21.44	3.10E-02
21.45	3.10E-02
21.45	3.10E-02
21.45	3.10E-02
21.45	3.10E-02
21.45	3.10E-02
21.45	3.10E-02
21.45	3.10E-02
21.45	3.10E-02
21.45	3.10E-02
21.45	3.10E-02
21.45	3.10E-02
21.45	3.10E-02
21.45	3.10E-02
21.45	3.10E-02
21.45	3.10E-02
21.45	3.10E-02
21.45	3.10E-02
21.45	3.10E-02
21.45	3.10E-02
21.45	3.10E-02
21.46	3.10E-02
21.46	3.10E-02
21.46	3.10E-02
21.46	3.10E-02
21.46	3.10E-02
21.46	3.10E-02
21.46	3.10E-02
21.46	3.10E-02
21.46	3.10E-02
21.46	3.10E-02
21.46	3.10E-02
21.46	3.10E-02
21.46	3.10E-02
21.46	3.10E-02
21.46	3.10E-02
21.46	3.10E-02
21.46	3.10E-02
21.46	3.10E-02
21.46	3.10E-02
21.47	3.10E-02
21.47	3.10E-02
21.47	3.10E-02
21.47	3.10E-02
21.47	3.10E-02
21.47	3.10E-02
21.47	3.10E-02
21.47	3.10E-02
21.47	3.10E-02
21.47	3.10E-02
21.47	3.10E-02
21.47	3.10E-02
21.47	3.10E-02
21.47	3.10E-02
21.47	3.10E-02
21.47	3.10E-02
21.47	3.10E-02
21.47	3.10E-02
21.47	3.10E-02
21.47	3.10E-02
21.48	3.10E-02
21.48	3.10E-02
21.48	3.10E-02
21.48	3.10E-02
21.48	3.10E-02
21.48	3.11E-02
21.48	3.11E-02
21.48	3.11E-02
21.48	3.11E-02
21.48	3.11E-02
21.48	3.11E-02
21.48	3.11E-02
21.48	3.11E-02
21.48	3.11E-02
21.48	3.11E-02
21.48	3.11E-02
21.48	3.11E-02
21.48	3.11E-02
21.48	3.11E-02
21.48	3.11E-02
21.49	3.11E-02
21.49	3.11E-02
21.49	3.11E-02
21.49	3.11E-02
21.49	3.11E-02
21.49	3.11E-02
21.49	3.11E-02
21.49	3.11E-02
21.49	3.11E-02
21.49	3.11E-02
21.49	3.11E-02
21.49	3.11E-02
21.49	3.11E-02
21.49	3.11E-02
21.49	3.11E-02
21.49	3.11E-02
21.49	3.11E-02
21.49	3.11E-02
21.49	3.11E-02
21.49	3.11E-02
21.5	3.11E-02
21.5	3.11E-02
21.5	3.11E-02
21.5	3.11E-02
21.5	3.11E-02
21.5	3.11E-02
21.5	3.11E-02
21.5	3.11E-02
21.5	3.11E-02
21.5	3.11E-02
21.5	3.11E-02
21.5	3.11E-02
21.5	3.11E-02
21.5	3.11E-02
21.5	3.11E-02
21.5	3.11E-02
21.5	3.11E-02
21.5	3.11E-02
21.5	3.11E-02
21.5	3.11E-02
21.5	3.11E-02
21.51	3.11E-02
21.51	3.11E-02
21.51	3.11E-02
21.51	3.11E-02
21.51	3.11E-02
21.51	3.11E-02
21.51	3.11E-02
21.51	3.11E-02
21.51	3.11E-02
21.51	3.11E-02
21.51	3.11E-02
21.51	3.11E-02
21.51	3.11E-02
21.51	3.11E-02
21.51	3.11E-02
21.51	3.11E-02
21.51	3.12E-02
21.51	3.12E-02
21.51	3.12E-02
21.51	3.12E-02
21.52	3.12E-02
21.52	3.12E-02
21.52	3.12E-02
21.52	3.12E-02
21.52	3.12E-02
21.52	3.12E-02
21.52	3.12E-02
21.52	3.12E-02
21.52	3.12E-02
21.52	3.12E-02
21.52	3.12E-02
21.52	3.12E-02
21.52	3.12E-02
21.52	3.12E-02
21.52	3.12E-02
21.52	3.12E-02
21.52	3.12E-02
21.52	3.12E-02
21.52	3.12E-02
21.52	3.12E-02
21.53	3.12E-02
21.53	3.12E-02
21.53	3.12E-02
21.53	3.12E-02
21.53	3.12E-02
21.53	3.12E-02
21.53	3.12E-02
21.53	3.12E-02
21.53	3.12E-02
21.53	3.12E-02
21.53	3.12E-02
21.53	3.12E-02
21.53	3.12E-02
21.53	3.12E-02
21.53	3.12E-02
21.53	3.12E-02
21.53	3.12E-02
21.53	3.12E-02
21.53	3.12E-02
21.53	3.12E-02
21.54	3.12E-02
21.54	3.12E-02
21.54	3.12E-02
21.54	3.12E-02
21.54	3.12E-02
21.54	3.12E-02
21.54	3.12E-02
21.54	3.12E-02
21.54	3.12E-02
21.54	3.12E-02
21.54	3.12E-02
21.54	3.12E-02
21.54	3.12E-02
21.54	3.12E-02
21.54	3.12E-02
21.54	3.12E-02
21.54	3.12E-02
21.54	3.12E-02
21.54	3.12E-02
21.55	3.12E-02
21.55	3.12E-02
21.55	3.12E-02
21.55	3.12E-02
21.55	3.12E-02
21.55	3.12E-02
21.55	3.12E-02
21.55	3.12E-02
21.55	3.12E-02
21.55	3.13E-02
21.55	3.13E-02
21.55	3.13E-02
21.55	3.13E-02
21.55	3.13E-02
21.55	3.13E-02
21.55	3.13E-02
21.55	3.13E-02
21.55	3.13E-02
21.55	3.13E-02
21.55	3.13E-02
21.56	3.13E-02
21.56	3.13E-02
21.56	3.13E-02
21.56	3.13E-02
21.56	3.13E-02
21.56	3.13E-02
21.56	3.13E-02
21.56	3.13E-02
21.56	3.13E-02
21.56	3.13E-02
21.56	3.13E-02
21.56	3.13E-02
21.56	3.13E-02
21.56	3.13E-02
21.56	3.13E-02
21.56	3.13E-02
21.56	3.13E-02
21.56	3.13E-02
21.56	3.13E-02
21.56	3.13E-02
21.57	3.13E-02
21.57	3.13E-02
21.57	3.13E-02
21.57	3.13E-02
21.57	3.13E-02
21.57	3.13E-02
21.57	3.13E-02
21.57	3.13E-02
21.57	3.13E-02
21.57	3.13E-02
21.57	3.13E-02
21.57	3.13E-02
21.57	3.13E-02
21.57	3.13E-02
21.57	3.13E-02
21.57	3.13E-02
21.57	3.13E-02
21.57	3.13E-02
21.57	3.13E-02
21.57	3.13E-02
21.58	3.13E-02
21.58	3.13E-02
21.58	3.13E-02
21.58	3.13E-02
21.58	3.13E-02
21.58	3.13E-02
21.58	3.13E-02
21.58	3.13E-02
21.58	3.13E-02
21.58	3.13E-02
21.58	3.13E-02
21.58	3.13E-02
21.58	3.13E-02
21.58	3.13E-02
21.58	3.13E-02
21.58	3.13E-02
21.58	3.13E-02
21.58	3.13E-02
21.58	3.13E-02
21.58	3.13E-02
21.58	3.13E-02
21.59	3.13E-02
21.59	3.14E-02
21.59	3.14E-02
21.59	3.14E-02
21.59	3.14E-02
21.59	3.14E-02
21.59	3.14E-02
21.59	3.14E-02
21.59	3.14E-02
21.59	3.14E-02
21.59	3.14E-02
21.59	3.14E-02
21.59	3.14E-02
21.59	3.14E-02
21.59	3.14E-02
21.59	3.14E-02
21.59	3.14E-02
21.59	3.14E-02
21.59	3.14E-02
21.59	3.14E-02
21.6	3.14E-02
21.6	3.14E-02
21.6	3.14E-02
21.6	3.14E-02
21.6	3.14E-02
21.6	3.14E-02
21.6	3.14E-02
21.6	3.14E-02
21.6	3.14E-02
21.6	3.14E-02
21.6	3.14E-02
21.6	3.14E-02
21.6	3.14E-02
21.6	3.14E-02
21.6	3.14E-02
21.6	3.14E-02
21.6	3.14E-02
21.6	3.14E-02
21.6	3.14E-02
21.6	3.14E-02
21.61	3.14E-02
21.61	3.14E-02
21.61	3.14E-02
21.61	3.14E-02
21.61	3.14E-02
21.61	3.14E-02
21.61	3.14E-02
21.61	3.14E-02
21.61	3.14E-02
21.61	3.14E-02
21.61	3.14E-02
21.61	3.14E-02
21.61	3.14E-02
21.61	3.14E-02
21.61	3.14E-02
21.61	3.14E-02
21.61	3.14E-02
21.61	3.14E-02
21.61	3.14E-02
21.61	3.14E-02
21.62	3.14E-02
21.62	3.14E-02
21.62	3.14E-02
21.62	3.14E-02
21.62	3.14E-02
21.62	3.14E-02
21.62	3.14E-02
21.62	3.14E-02
21.62	3.14E-02
21.62	3.14E-02
21.62	3.14E-02
21.62	3.14E-02
21.62	3.14E-02
21.62	3.14E-02
21.62	3.14E-02
21.62	3.15E-02
21.62	3.15E-02
21.62	3.15E-02
21.62	3.15E-02
21.62	3.15E-02
21.63	3.15E-02
21.63	3.15E-02
21.63	3.15E-02
21.63	3.15E-02
21.63	3.15E-02
21.63	3.15E-02
21.63	3.15E-02
21.63	3.15E-02
21.63	3.15E-02
21.63	3.15E-02
21.63	3.15E-02
21.63	3.15E-02
21.63	3.15E-02
21.63	3.15E-02
21.63	3.15E-02
21.63	3.15E-02
21.63	3.15E-02
21.63	3.15E-02
21.63	3.15E-02
21.64	3.15E-02
21.64	3.15E-02
21.64	3.15E-02
21.64	3.15E-02
21.64	3.15E-02
21.64	3.15E-02
21.64	3.15E-02
21.64	3.15E-02
21.64	3.15E-02
21.64	3.15E-02
21.64	3.15E-02
21.64	3.15E-02
21.64	3.15E-02
21.64	3.15E-02
21.64	3.15E-02
21.64	3.15E-02
21.64	3.15E-02
21.64	3.15E-02
21.64	3.15E-02
21.64	3.15E-02
21.65	3.15E-02
21.65	3.15E-02
21.65	3.15E-02
21.65	3.15E-02
21.65	3.15E-02
21.65	3.15E-02
21.65	3.15E-02
21.65	3.15E-02
21.65	3.15E-02
21.65	3.15E-02
21.65	3.15E-02
21.65	3.15E-02
21.65	3.15E-02
21.65	3.15E-02
21.65	3.15E-02
21.65	3.15E-02
21.65	3.15E-02
21.65	3.15E-02
21.65	3.15E-02
21.65	3.15E-02
21.66	3.15E-02
21.66	3.15E-02
21.66	3.15E-02
21.66	3.15E-02
21.66	3.15E-02
21.66	3.15E-02
21.66	3.15E-02
21.66	3.15E-02
21.66	3.15E-02
21.66	3.15E-02
21.66	3.15E-02
21.66	3.16E-02
21.66	3.16E-02
21.66	3.16E-02
21.66	3.16E-02
21.66	3.16E-02
21.66	3.16E-02
21.66	3.16E-02
21.66	3.16E-02
21.66	3.16E-02
21.67	3.16E-02
21.67	3.16E-02
21.67	3.16E-02
21.67	3.16E-02
21.67	3.16E-02
21.67	3.16E-02
21.67	3.16E-02
21.67	3.16E-02
21.67	3.16E-02
21.67	3.16E-02
21.67	3.16E-02
21.67	3.16E-02
21.67	3.16E-02
21.67	3.16E-02
21.67	3.16E-02
21.67	3.16E-02
21.67	3.16E-02
21.67	3.16E-02
21.67	3.16E-02
21.67	3.16E-02
21.67	3.16E-02
21.68	3.16E-02
21.68	3.16E-02
21.68	3.16E-02
21.68	3.16E-02
21.68	3.16E-02
21.68	3.16E-02
21.68	3.16E-02
21.68	3.16E-02
21.68	3.16E-02
21.68	3.16E-02
21.68	3.16E-02
21.68	3.16E-02
21.68	3.16E-02
21.68	3.16E-02
21.68	3.16E-02
21.68	3.16E-02
21.68	3.16E-02
21.68	3.16E-02
21.68	3.16E-02
21.68	3.16E-02
21.69	3.16E-02
21.69	3.16E-02
21.69	3.16E-02
21.69	3.16E-02
21.69	3.16E-02
21.69	3.16E-02
21.69	3.16E-02
21.69	3.16E-02
21.69	3.16E-02
21.69	3.16E-02
21.69	3.16E-02
21.69	3.16E-02
21.69	3.16E-02
21.69	3.16E-02
21.69	3.16E-02
21.69	3.16E-02
21.69	3.16E-02
21.69	3.16E-02
21.69	3.16E-02
21.69	3.16E-02
21.7	3.16E-02
21.7	3.16E-02
21.7	3.16E-02
21.7	3.16E-02
21.7	3.16E-02
21.7	3.17E-02
21.7	3.17E-02
21.7	3.17E-02
21.7	3.17E-02
21.7	3.17E-02
21.7	3.17E-02
21.7	3.17E-02
21.7	3.17E-02
21.7	3.17E-02
21.7	3.17E-02
21.7	3.17E-02
21.7	3.17E-02
21.7	3.17E-02
21.7	3.17E-02
21.7	3.17E-02
21.71	3.17E-02
21.71	3.17E-02
21.71	3.17E-02
21.71	3.17E-02
21.71	3.17E-02
21.71	3.17E-02
21.71	3.17E-02
21.71	3.17E-02
21.71	3.17E-02
21.71	3.17E-02
21.71	3.17E-02
21.71	3.17E-02
21.71	3.17E-02
21.71	3.17E-02
21.71	3.17E-02
21.71	3.17E-02
21.71	3.17E-02
21.71	3.17E-02
21.71	3.17E-02
21.72	3.17E-02
21.72	3.17E-02
21.72	3.17E-02
21.72	3.17E-02
21.72	3.17E-02
21.72	3.17E-02
21.72	3.17E-02
21.72	3.17E-02
21.72	3.17E-02
21.72	3.17E-02
21.72	3.17E-02
21.72	3.17E-02
21.72	3.17E-02
21.72	3.17E-02
21.72	3.17E-02
21.72	3.17E-02
21.72	3.17E-02
21.72	3.17E-02
21.72	3.17E-02
21.72	3.17E-02
21.73	3.17E-02
21.73	3.17E-02
21.73	3.17E-02
21.73	3.17E-02
21.73	3.17E-02
21.73	3.17E-02
21.73	3.17E-02
21.73	3.17E-02
21.73	3.17E-02
21.73	3.17E-02
21.73	3.17E-02
21.73	3.17E-02
21.73	3.17E-02
21.73	3.17E-02
21.73	3.17E-02
21.73	3.17E-02
21.73	3.17E-02
21.73	3.17E-02
21.73	3.17E-02
21.73	3.17E-02
21.74	3.17E-02
21.74	3.17E-02
21.74	3.18E-02
21.74	3.18E-02
21.74	3.18E-02
21.74	3.18E-02
21.74	3.18E-02
21.74	3.18E-02
21.74	3.18E-02
21.74	3.18E-02
21.74	3.18E-02
21.74	3.18E-02
21.74	3.18E-02
21.74	3.18E-02
21.74	3.18E-02
21.74	3.18E-02
21.74	3.18E-02
21.74	3.18E-02
21.74	3.18E-02
21.74	3.18E-02
21.75	3.18E-02
21.75	3.18E-02
21.75	3.18E-02
21.75	3.18E-02
21.75	3.18E-02
21.75	3.18E-02
21.75	3.18E-02
21.75	3.18E-02
21.75	3.18E-02
21.75	3.18E-02
21.75	3.18E-02
21.75	3.18E-02
21.75	3.18E-02
21.75	3.18E-02
21.75	3.18E-02
21.75	3.18E-02
21.75	3.18E-02
21.75	3.18E-02
21.75	3.18E-02
21.75	3.18E-02
21.75	3.18E-02
21.76	3.18E-02
21.76	3.18E-02
21.76	3.18E-02
21.76	3.18E-02
21.76	3.18E-02
21.76	3.18E-02
21.76	3.18E-02
21.76	3.18E-02
21.76	3.18E-02
21.76	3.18E-02
21.76	3.18E-02
21.76	3.18E-02
21.76	3.18E-02
21.76	3.18E-02
21.76	3.18E-02
21.76	3.18E-02
21.76	3.18E-02
21.76	3.18E-02
21.76	3.18E-02
21.76	3.18E-02
21.77	3.18E-02
21.77	3.18E-02
21.77	3.18E-02
21.77	3.18E-02
21.77	3.18E-02
21.77	3.18E-02
21.77	3.18E-02
21.77	3.18E-02
21.77	3.18E-02
21.77	3.18E-02
21.77	3.18E-02
21.77	3.18E-02
21.77	3.18E-02
21.77	3.18E-02
21.77	3.18E-02
21.77	3.18E-02
21.77	3.18E-02
21.77	3.18E-02
21.77	3.19E-02
21.77	3.19E-02
21.78	3.19E-02
21.78	3.19E-02
21.78	3.19E-02
21.78	3.19E-02
21.78	3.19E-02
21.78	3.19E-02
21.78	3.19E-02
21.78	3.19E-02
21.78	3.19E-02
21.78	3.19E-02
21.78	3.19E-02
21.78	3.19E-02
21.78	3.19E-02
21.78	3.19E-02
21.78	3.19E-02
21.78	3.19E-02
21.78	3.19E-02
21.78	3.19E-02
21.78	3.19E-02
21.78	3.19E-02
21.79	3.19E-02
21.79	3.19E-02
21.79	3.19E-02
21.79	3.19E-02
21.79	3.19E-02
21.79	3.19E-02
21.79	3.19E-02
21.79	3.19E-02
21.79	3.19E-02
21.79	3.19E-02
21.79	3.19E-02
21.79	3.19E-02
21.79	3.19E-02
21.79	3.19E-02
21.79	3.19E-02
21.79	3.19E-02
21.79	3.19E-02
21.79	3.19E-02
21.79	3.19E-02
21.8	3.19E-02
21.8	3.19E-02
21.8	3.19E-02
21.8	3.19E-02
21.8	3.19E-02
21.8	3.19E-02
21.8	3.19E-02
21.8	3.19E-02
21.8	3.19E-02
21.8	3.19E-02
21.8	3.19E-02
21.8	3.19E-02
21.8	3.19E-02
21.8	3.19E-02
21.8	3.19E-02
21.8	3.19E-02
21.8	3.19E-02
21.8	3.19E-02
21.8	3.19E-02
21.8	3.19E-02
21.81	3.19E-02
21.81	3.19E-02
21.81	3.19E-02
21.81	3.19E-02
21.81	3.19E-02
21.81	3.19E-02
21.81	3.19E-02
21.81	3.19E-02
21.81	3.19E-02
21.81	3.19E-02
21.81	3.19E-02
21.81	3.19E-02
21.81	3.19E-02
21.81	3.19E-02
21.81	3.19E-02
21.81	3.19E-02
21.81	3.19E-02
21.81	3.19E-02
21.81	3.20E-02
21.81	3.20E-02
21.82	3.20E-02
21.82	3.20E-02
21.82	3.20E-02
21.82	3.20E-02
21.82	3.20E-02
21.82	3.20E-02
21.82	3.20E-02
21.82	3.20E-02
21.82	3.20E-02
21.82	3.20E-02
21.82	3.20E-02
21.82	3.20E-02
21.82	3.20E-02
21.82	3.20E-02
21.82	3.20E-02
21.82	3.20E-02
21.82	3.20E-02
21.82	3.20E-02
21.82	3.20E-02
21.82	3.20E-02
21.83	3.20E-02
21.83	3.20E-02
21.83	3.20E-02
21.83	3.20E-02
21.83	3.20E-02
21.83	3.20E-02
21.83	3.20E-02
21.83	3.20E-02
21.83	3.20E-02
21.83	3.20E-02
21.83	3.20E-02
21.83	3.20E-02
21.83	3.20E-02
21.83	3.20E-02
21.83	3.20E-02
21.83	3.20E-02
21.83	3.20E-02
21.83	3.20E-02
21.83	3.20E-02
21.83	3.20E-02
21.83	3.20E-02
21.84	3.20E-02
21.84	3.20E-02
21.84	3.20E-02
21.84	3.20E-02
21.84	3.20E-02
21.84	3.20E-02
21.84	3.20E-02
21.84	3.20E-02
21.84	3.20E-02
21.84	3.20E-02
21.84	3.20E-02
21.84	3.20E-02
21.84	3.20E-02
21.84	3.20E-02
21.84	3.20E-02
21.84	3.20E-02
21.84	3.20E-02
21.84	3.20E-02
21.84	3.20E-02
21.84	3.20E-02
21.85	3.20E-02
21.85	3.20E-02
21.85	3.20E-02
21.85	3.20E-02
21.85	3.20E-02
21.85	3.20E-02
21.85	3.20E-02
21.85	3.20E-02
21.85	3.20E-02
21.85	3.20E-02
21.85	3.20E-02
21.85	3.20E-02
21.85	3.20E-02
21.85	3.20E-02
21.85	3.20E-02
21.85	3.20E-02
21.85	3.21E-02
21.85	3.21E-02
21.85	3.21E-02
21.85	3.21E-02
21.86	3.21E-02
21.86	3.21E-02
21.86	3.21E-02
21.86	3.21E-02
21.86	3.21E-02
21.86	3.21E-02
21.86	3.21E-02
21.86	3.21E-02
21.86	3.21E-02
21.86	3.21E-02
21.86	3.21E-02
21.86	3.21E-02
21.86	3.21E-02
21.86	3.21E-02
21.86	3.21E-02
21.86	3.21E-02
21.86	3.21E-02
21.86	3.21E-02
21.86	3.21E-02
21.86	3.21E-02
21.87	3.21E-02
21.87	3.21E-02
21.87	3.21E-02
21.87	3.21E-02
21.87	3.21E-02
21.87	3.21E-02
21.87	3.21E-02
21.87	3.21E-02
21.87	3.21E-02
21.87	3.21E-02
21.87	3.21E-02
21.87	3.21E-02
21.87	3.21E-02
21.87	3.21E-02
21.87	3.21E-02
21.87	3.21E-02
21.87	3.21E-02
21.87	3.21E-02
21.87	3.21E-02
21.88	3.21E-02
21.88	3.21E-02
21.88	3.21E-02
21.88	3.21E-02
21.88	3.21E-02
21.88	3.21E-02
21.88	3.21E-02
21.88	3.21E-02
21.88	3.21E-02
21.88	3.21E-02
21.88	3.21E-02
21.88	3.21E-02
21.88	3.21E-02
21.88	3.21E-02
21.88	3.21E-02
21.88	3.21E-02
21.88	3.21E-02
21.88	3.21E-02
21.88	3.21E-02
21.88	3.21E-02
21.89	3.21E-02
21.89	3.21E-02
21.89	3.21E-02
21.89	3.21E-02
21.89	3.21E-02
21.89	3.21E-02
21.89	3.21E-02
21.89	3.21E-02
21.89	3.21E-02
21.89	3.21E-02
21.89	3.21E-02
21.89	3.21E-02
21.89	3.21E-02
21.89	3.21E-02
21.89	3.21E-02
21.89	3.21E-02
21.89	3.21E-02
21.89	3.22E-02
21.89	3.22E-02
21.89	3.22E-02
21.9	3.22E-02
21.9	3.22E-02
21.9	3.22E-02
21.9	3.22E-02
21.9	3.22E-02
21.9	3.22E-02
21.9	3.22E-02
21.9	3.22E-02
21.9	3.22E-02
21.9	3.22E-02
21.9	3.22E-02
21.9	3.22E-02
21.9	3.22E-02
21.9	3.22E-02
21.9	3.22E-02
21.9	3.22E-02
21.9	3.22E-02
21.9	3.22E-02
21.9	3.22E-02
21.9	3.22E-02
21.91	3.22E-02
21.91	3.22E-02
21.91	3.22E-02
21.91	3.22E-02
21.91	3.22E-02
21.91	3.22E-02
21.91	3.22E-02
21.91	3.22E-02
21.91	3.22E-02
21.91	3.22E-02
21.91	3.22E-02
21.91	3.22E-02
21.91	3.22E-02
21.91	3.22E-02
21.91	3.22E-02
21.91	3.22E-02
21.91	3.22E-02
21.91	3.22E-02
21.91	3.22E-02
21.91	3.22E-02
21.92	3.22E-02
21.92	3.22E-02
21.92	3.22E-02
21.92	3.22E-02
21.92	3.22E-02
21.92	3.22E-02
21.92	3.22E-02
21.92	3.22E-02
21.92	3.22E-02
21.92	3.22E-02
21.92	3.22E-02
21.92	3.22E-02
21.92	3.22E-02
21.92	3.22E-02
21.92	3.22E-02
21.92	3.22E-02
21.92	3.22E-02
21.92	3.22E-02
21.92	3.22E-02
21.92	3.22E-02
21.92	3.22E-02
21.93	3.22E-02
21.93	3.22E-02
21.93	3.22E-02
21.93	3.22E-02
21.93	3.22E-02
21.93	3.22E-02
21.93	3.22E-02
21.93	3.22E-02
21.93	3.22E-02
21.93	3.22E-02
21.93	3.22E-02
21.93	3.22E-02
21.93	3.22E-02
21.93	3.22E-02
21.93	3.22E-02
21.93	3.22E-02
21.93	3.22E-02
21.93	3.23E-02
21.93	3.23E-02
21.93	3.23E-02
21.94	3.23E-02
21.94	3.23E-02
21.94	3.23E-02
21.94	3.23E-02
21.94	3.23E-02
21.94	3.23E-02
21.94	3.23E-02
21.94	3.23E-02
21.94	3.23E-02
21.94	3.23E-02
21.94	3.23E-02
21.94	3.23E-02
21.94	3.23E-02
21.94	3.23E-02
21.94	3.23E-02
21.94	3.23E-02
21.94	3.23E-02
21.94	3.23E-02
21.94	3.23E-02
21.94	3.23E-02
21.95	3.23E-02
21.95	3.23E-02
21.95	3.23E-02
21.95	3.23E-02
21.95	3.23E-02
21.95	3.23E-02
21.95	3.23E-02
21.95	3.23E-02
21.95	3.23E-02
21.95	3.23E-02
21.95	3.23E-02
21.95	3.23E-02
21.95	3.23E-02
21.95	3.23E-02
21.95	3.23E-02
21.95	3.23E-02
21.95	3.23E-02
21.95	3.23E-02
21.95	3.23E-02
21.95	3.23E-02
21.96	3.23E-02
21.96	3.23E-02
21.96	3.23E-02
21.96	3.23E-02
21.96	3.23E-02
21.96	3.23E-02
21.96	3.23E-02
21.96	3.23E-02
21.96	3.23E-02
21.96	3.23E-02
21.96	3.23E-02
21.96	3.23E-02
21.96	3.23E-02
21.96	3.23E-02
21.96	3.23E-02
21.96	3.23E-02
21.96	3.23E-02
21.96	3.23E-02
21.96	3.23E-02
21.97	3.23E-02
21.97	3.23E-02
21.97	3.23E-02
21.97	3.23E-02
21.97	3.23E-02
21.97	3.23E-02
21.97	3.23E-02
21.97	3.23E-02
21.97	3.23E-02
21.97	3.23E-02
21.97	3.23E-02
21.97	3.23E-02
21.97	3.23E-02
21.97	3.23E-02
21.97	3.23E-02
21.97	3.23E-02
21.97	3.23E-02
21.97	3.23E-02
21.97	3.23E-02
21.97	3.23E-02
21.98	3.24E-02
21.98	3.24E-02
21.98	3.24E-02
21.98	3.24E-02
21.98	3.24E-02
21.98	3.24E-02
21.98	3.24E-02
21.98	3.24E-02
21.98	3.24E-02
21.98	3.24E-02
21.98	3.24E-02
21.98	3.24E-02
21.98	3.24E-02
21.98	3.24E-02
21.98	3.24E-02
21.98	3.24E-02
21.98	3.24E-02
21.98	3.24E-02
21.98	3.24E-02
21.98	3.24E-02
21.99	3.24E-02
21.99	3.24E-02
21.99	3.24E-02
21.99	3.24E-02
21.99	3.24E-02
21.99	3.24E-02
21.99	3.24E-02
21.99	3.24E-02
21.99	3.24E-02
21.99	3.24E-02
21.99	3.24E-02
21.99	3.24E-02
21.99	3.24E-02
21.99	3.24E-02
21.99	3.24E-02
21.99	3.24E-02
21.99	3.24E-02
21.99	3.24E-02
21.99	3.24E-02
21.99	3.24E-02
22	3.24E-02
22	3.24E-02
22	3.24E-02
22	3.24E-02
22	3.24E-02
22	3.24E-02
22	3.24E-02
22	3.24E-02
22	3.24E-02
22	3.24E-02
22	3.24E-02
22	3.24E-02
22	3.24E-02
22	3.24E-02
22	3.24E-02
22	3.24E-02
22	3.24E-02
22	3.24E-02
22	3.24E-02
22	3.24E-02
22	3.24E-02
22.01	3.24E-02
22.01	3.24E-02
22.01	3.24E-02
22.01	3.24E-02
22.01	3.24E-02
22.01	3.24E-02
22.01	3.24E-02
22.01	3.24E-02
22.01	3.24E-02
22.01	3.24E-02
22.01	3.24E-02
22.01	3.24E-02
22.01	3.24E-02
22.01	3.24E-02
22.01	3.24E-02
22.01	3.24E-02
22.01	3.24E-02
22.01	3.24E-02
22.01	3.24E-02
22.01	3.24E-02
22.02	3.24E-02
22.02	3.24E-02
22.02	3.25E-02
22.02	3.25E-02
22.02	3.25E-02
22.02	3.25E-02
22.02	3.25E-02
22.02	3.25E-02
22.02	3.25E-02
22.02	3.25E-02
22.02	3.25E-02
22.02	3.25E-02
22.02	3.25E-02
22.02	3.25E-02
22.02	3.25E-02
22.02	3.25E-02
22.02	3.25E-02
22.02	3.25E-02
22.02	3.25E-02
22.02	3.25E-02
22.03	3.25E-02
22.03	3.25E-02
22.03	3.25E-02
22.03	3.25E-02
22.03	3.25E-02
22.03	3.25E-02
22.03	3.25E-02
22.03	3.25E-02
22.03	3.25E-02
22.03	3.25E-02
22.03	3.25E-02
22.03	3.25E-02
22.03	3.25E-02
22.03	3.25E-02
22.03	3.25E-02
22.03	3.25E-02
22.03	3.25E-02
22.03	3.25E-02
22.03	3.25E-02
22.03	3.25E-02
22.04	3.25E-02
22.04	3.25E-02
22.04	3.25E-02
22.04	3.25E-02
22.04	3.25E-02
22.04	3.25E-02
22.04	3.25E-02
22.04	3.25E-02
22.04	3.25E-02
22.04	3.25E-02
22.04	3.25E-02
22.04	3.25E-02
22.04	3.25E-02
22.04	3.25E-02
22.04	3.25E-02
22.04	3.25E-02
22.04	3.25E-02
22.04	3.25E-02
22.04	3.25E-02
22.05	3.25E-02
22.05	3.25E-02
22.05	3.25E-02
22.05	3.25E-02
22.05	3.25E-02
22.05	3.25E-02
22.05	3.25E-02
22.05	3.25E-02
22.05	3.25E-02
22.05	3.25E-02
22.05	3.25E-02
22.05	3.25E-02
22.05	3.25E-02
22.05	3.25E-02
22.05	3.25E-02
22.05	3.25E-02
22.05	3.25E-02
22.05	3.25E-02
22.05	3.25E-02
22.05	3.25E-02
22.06	3.25E-02
22.06	3.25E-02
22.06	3.25E-02
22.06	3.25E-02
22.06	3.25E-02
22.06	3.25E-02
22.06	3.25E-02
22.06	3.26E-02
22.06	3.26E-02
22.06	3.26E-02
22.06	3.26E-02
22.06	3.26E-02
22.06	3.26E-02
22.06	3.26E-02
22.06	3.26E-02
22.06	3.26E-02
22.06	3.26E-02
22.06	3.26E-02
22.06	3.26E-02
22.06	3.26E-02
22.07	3.26E-02
22.07	3.26E-02
22.07	3.26E-02
22.07	3.26E-02
22.07	3.26E-02
22.07	3.26E-02
22.07	3.26E-02
22.07	3.26E-02
22.07	3.26E-02
22.07	3.26E-02
22.07	3.26E-02
22.07	3.26E-02
22.07	3.26E-02
22.07	3.26E-02
22.07	3.26E-02
22.07	3.26E-02
22.07	3.26E-02
22.07	3.26E-02
22.07	3.26E-02
22.07	3.26E-02
22.08	3.26E-02
22.08	3.26E-02
22.08	3.26E-02
22.08	3.26E-02
22.08	3.26E-02
22.08	3.26E-02
22.08	3.26E-02
22.08	3.26E-02
22.08	3.26E-02
22.08	3.26E-02
22.08	3.26E-02
22.08	3.26E-02
22.08	3.26E-02
22.08	3.26E-02
22.08	3.26E-02
22.08	3.26E-02
22.08	3.26E-02
22.08	3.26E-02
22.08	3.26E-02
22.08	3.26E-02
22.08	3.26E-02
22.09	3.26E-02
22.09	3.26E-02
22.09	3.26E-02
22.09	3.26E-02
22.09	3.26E-02
22.09	3.26E-02
22.09	3.26E-02
22.09	3.26E-02
22.09	3.26E-02
22.09	3.26E-02
22.09	3.26E-02
22.09	3.26E-02
22.09	3.26E-02
22.09	3.26E-02
22.09	3.26E-02
22.09	3.26E-02
22.09	3.26E-02
22.09	3.26E-02
22.09	3.26E-02
22.09	3.26E-02
22.1	3.26E-02
22.1	3.26E-02
22.1	3.26E-02
22.1	3.26E-02
22.1	3.26E-02
22.1	3.26E-02
22.1	3.26E-02
22.1	3.26E-02
22.1	3.26E-02
22.1	3.26E-02
22.1	3.26E-02
22.1	3.26E-02
22.1	3.27E-02
22.1	3.27E-02
22.1	3.27E-02
22.1	3.27E-02
22.1	3.27E-02
22.1	3.27E-02
22.1	3.27E-02
22.1	3.27E-02
22.11	3.27E-02
22.11	3.27E-02
22.11	3.27E-02
22.11	3.27E-02
22.11	3.27E-02
22.11	3.27E-02
22.11	3.27E-02
22.11	3.27E-02
22.11	3.27E-02
22.11	3.27E-02
22.11	3.27E-02
22.11	3.27E-02
22.11	3.27E-02
22.11	3.27E-02
22.11	3.27E-02
22.11	3.27E-02
22.11	3.27E-02
22.11	3.27E-02
22.11	3.27E-02
22.11	3.27E-02
22.12	3.27E-02
22.12	3.27E-02
22.12	3.27E-02
22.12	3.27E-02
22.12	3.27E-02
22.12	3.27E-02
22.12	3.27E-02
22.12	3.27E-02
22.12	3.27E-02
22.12	3.27E-02
22.12	3.27E-02
22.12	3.27E-02
22.12	3.27E-02
22.12	3.27E-02
22.12	3.27E-02
22.12	3.27E-02
22.12	3.27E-02
22.12	3.27E-02
22.12	3.27E-02
22.12	3.27E-02
22.13	3.27E-02
22.13	3.27E-02
22.13	3.27E-02
22.13	3.27E-02
22.13	3.27E-02
22.13	3.27E-02
22.13	3.27E-02
22.13	3.27E-02
22.13	3.27E-02
22.13	3.27E-02
22.13	3.27E-02
22.13	3.27E-02
22.13	3.27E-02
22.13	3.27E-02
22.13	3.27E-02
22.13	3.27E-02
22.13	3.27E-02
22.13	3.27E-02
22.13	3.27E-02
22.14	3.27E-02
22.14	3.27E-02
22.14	3.27E-02
22.14	3.27E-02
22.14	3.27E-02
22.14	3.27E-02
22.14	3.27E-02
22.14	3.27E-02
22.14	3.27E-02
22.14	3.27E-02
22.14	3.27E-02
22.14	3.27E-02
22.14	3.27E-02
22.14	3.27E-02
22.14	3.27E-02
22.14	3.27E-02
22.14	3.27E-02
22.14	3.27E-02
22.14	3.27E-02
22.14	3.28E-02
22.15	3.28E-02
22.15	3.28E-02
22.15	3.28E-02
22.15	3.28E-02
22.15	3.28E-02
22.15	3.28E-02
22.15	3.28E-02
22.15	3.28E-02
22.15	3.28E-02
22.15	3.28E-02
22.15	3.28E-02
22.15	3.28E-02
22.15	3.28E-02
22.15	3.28E-02
22.15	3.28E-02
22.15	3.28E-02
22.15	3.28E-02
22.15	3.28E-02
22.15	3.28E-02
22.15	3.28E-02
22.16	3.28E-02
22.16	3.28E-02
22.16	3.28E-02
22.16	3.28E-02
22.16	3.28E-02
22.16	3.28E-02
22.16	3.28E-02
22.16	3.28E-02
22.16	3.28E-02
22.16	3.28E-02
22.16	3.28E-02
22.16	3.28E-02
22.16	3.28E-02
22.16	3.28E-02
22.16	3.28E-02
22.16	3.28E-02
22.16	3.28E-02
22.16	3.28E-02
22.16	3.28E-02
22.16	3.28E-02
22.17	3.28E-02
22.17	3.28E-02
22.17	3.28E-02
22.17	3.28E-02
22.17	3.28E-02
22.17	3.28E-02
22.17	3.28E-02
22.17	3.28E-02
22.17	3.28E-02
22.17	3.28E-02
22.17	3.28E-02
22.17	3.28E-02
22.17	3.28E-02
22.17	3.28E-02
22.17	3.28E-02
22.17	3.28E-02
22.17	3.28E-02
22.17	3.28E-02
22.17	3.28E-02
22.17	3.28E-02
22.17	3.28E-02
22.18	3.28E-02
22.18	3.28E-02
22.18	3.28E-02
22.18	3.28E-02
22.18	3.28E-02
22.18	3.28E-02
22.18	3.28E-02
22.18	3.28E-02
22.18	3.28E-02
22.18	3.28E-02
22.18	3.28E-02
22.18	3.28E-02
22.18	3.28E-02
22.18	3.28E-02
22.18	3.28E-02
22.18	3.28E-02
22.18	3.28E-02
22.18	3.28E-02
22.18	3.28E-02
22.18	3.28E-02
22.19	3.28E-02
22.19	3.28E-02
22.19	3.28E-02
22.19	3.28E-02
22.19	3.28E-02
22.19	3.28E-02
22.19	3.29E-02
22.19	3.29E-02
22.19	3.29E-02
22.19	3.29E-02
22.19	3.29E-02
22.19	3.29E-02
22.19	3.29E-02
22.19	3.29E-02
22.19	3.29E-02
22.19	3.29E-02
22.19	3.29E-02
22.19	3.29E-02
22.19	3.29E-02
22.19	3.29E-02
22.2	3.29E-02
22.2	3.29E-02
22.2	3.29E-02
22.2	3.29E-02
22.2	3.29E-02
22.2	3.29E-02
22.2	3.29E-02
22.2	3.29E-02
22.2	3.29E-02
22.2	3.29E-02
22.2	3.29E-02
22.2	3.29E-02
22.2	3.29E-02
22.2	3.29E-02
22.2	3.29E-02
22.2	3.29E-02
22.2	3.29E-02
22.2	3.29E-02
22.2	3.29E-02
22.2	3.29E-02
22.21	3.29E-02
22.21	3.29E-02
22.21	3.29E-02
22.21	3.29E-02
22.21	3.29E-02
22.21	3.29E-02
22.21	3.29E-02
22.21	3.29E-02
22.21	3.29E-02
22.21	3.29E-02
22.21	3.29E-02
22.21	3.29E-02
22.21	3.29E-02
22.21	3.29E-02
22.21	3.29E-02
22.21	3.29E-02
22.21	3.29E-02
22.21	3.29E-02
22.21	3.29E-02
22.22	3.29E-02
22.22	3.29E-02
22.22	3.29E-02
22.22	3.29E-02
22.22	3.29E-02
22.22	3.29E-02
22.22	3.29E-02
22.22	3.29E-02
22.22	3.29E-02
22.22	3.29E-02
22.22	3.29E-02
22.22	3.29E-02
22.22	3.29E-02
22.22	3.29E-02
22.22	3.29E-02
22.22	3.29E-02
22.22	3.29E-02
22.22	3.29E-02
22.22	3.29E-02
22.22	3.29E-02
22.23	3.29E-02
22.23	3.29E-02
22.23	3.29E-02
22.23	3.29E-02
22.23	3.29E-02
22.23	3.29E-02
22.23	3.29E-02
22.23	3.29E-02
22.23	3.29E-02
22.23	3.29E-02
22.23	3.29E-02
22.23	3.29E-02
22.23	3.29E-02
22.23	3.29E-02
22.23	3.29E-02
22.23	3.29E-02
22.23	3.30E-02
22.23	3.30E-02
22.23	3.30E-02
22.23	3.30E-02
22.24	3.30E-02
22.24	3.30E-02
22.24	3.30E-02
22.24	3.30E-02
22.24	3.30E-02
22.24	3.30E-02
22.24	3.30E-02
22.24	3.30E-02
22.24	3.30E-02
22.24	3.30E-02
22.24	3.30E-02
22.24	3.30E-02
22.24	3.30E-02
22.24	3.30E-02
22.24	3.30E-02
22.24	3.30E-02
22.24	3.30E-02
22.24	3.30E-02
22.24	3.30E-02
22.24	3.30E-02
22.25	3.30E-02
22.25	3.30E-02
22.25	3.30E-02
22.25	3.30E-02
22.25	3.30E-02
22.25	3.30E-02
22.25	3.30E-02
22.25	3.30E-02
22.25	3.30E-02
22.25	3.30E-02
22.25	3.30E-02
22.25	3.30E-02
22.25	3.30E-02
22.25	3.30E-02
22.25	3.30E-02
22.25	3.30E-02
22.25	3.30E-02
22.25	3.30E-02
22.25	3.30E-02
22.25	3.30E-02
22.25	3.30E-02
22.26	3.30E-02
22.26	3.30E-02
22.26	3.30E-02
22.26	3.30E-02
22.26	3.30E-02
22.26	3.30E-02
22.26	3.30E-02
22.26	3.30E-02
22.26	3.30E-02
22.26	3.30E-02
22.26	3.30E-02
22.26	3.30E-02
22.26	3.30E-02
22.26	3.30E-02
22.26	3.30E-02
22.26	3.30E-02
22.26	3.30E-02
22.26	3.30E-02
22.26	3.30E-02
22.26	3.30E-02
22.27	3.30E-02
22.27	3.30E-02
22.27	3.30E-02
22.27	3.30E-02
22.27	3.30E-02
22.27	3.30E-02
22.27	3.30E-02
22.27	3.30E-02
22.27	3.30E-02
22.27	3.30E-02
22.27	3.30E-02
22.27	3.30E-02
22.27	3.30E-02
22.27	3.30E-02
22.27	3.30E-02
22.27	3.30E-02
22.27	3.30E-02
22.27	3.30E-02
22.27	3.30E-02
22.27	3.30E-02
22.28	3.30E-02
22.28	3.30E-02
22.28	3.30E-02
22.28	3.30E-02
22.28	3.30E-02
22.28	3.30E-02
22.28	3.31E-02
22.28	3.31E-02
22.28	3.31E-02
22.28	3.31E-02
22.28	3.31E-02
22.28	3.31E-02
22.28	3.31E-02
22.28	3.31E-02
22.28	3.31E-02
22.28	3.31E-02
22.28	3.31E-02
22.28	3.31E-02
22.28	3.31E-02
22.28	3.31E-02
22.29	3.31E-02
22.29	3.31E-02
22.29	3.31E-02
22.29	3.31E-02
22.29	3.31E-02
22.29	3.31E-02
22.29	3.31E-02
22.29	3.31E-02
22.29	3.31E-02
22.29	3.31E-02
22.29	3.31E-02
22.29	3.31E-02
22.29	3.31E-02
22.29	3.31E-02
22.29	3.31E-02
22.29	3.31E-02
22.29	3.31E-02
22.29	3.31E-02
22.29	3.31E-02
22.3	3.31E-02
22.3	3.31E-02
22.3	3.31E-02
22.3	3.31E-02
22.3	3.31E-02
22.3	3.31E-02
22.3	3.31E-02
22.3	3.31E-02
22.3	3.31E-02
22.3	3.31E-02
22.3	3.31E-02
22.3	3.31E-02
22.3	3.31E-02
22.3	3.31E-02
22.3	3.31E-02
22.3	3.31E-02
22.3	3.31E-02
22.3	3.31E-02
22.3	3.31E-02
22.3	3.31E-02
22.31	3.31E-02
22.31	3.31E-02
22.31	3.31E-02
22.31	3.31E-02
22.31	3.31E-02
22.31	3.31E-02
22.31	3.31E-02
22.31	3.31E-02
22.31	3.31E-02
22.31	3.31E-02
22.31	3.31E-02
22.31	3.31E-02
22.31	3.31E-02
22.31	3.31E-02
22.31	3.31E-02
22.31	3.31E-02
22.31	3.31E-02
22.31	3.31E-02
22.31	3.31E-02
22.31	3.31E-02
22.32	3.31E-02
22.32	3.31E-02
22.32	3.31E-02
22.32	3.31E-02
22.32	3.31E-02
22.32	3.31E-02
22.32	3.31E-02
22.32	3.31E-02
22.32	3.31E-02
22.32	3.31E-02
22.32	3.31E-02
22.32	3.31E-02
22.32	3.31E-02
22.32	3.31E-02
22.32	3.31E-02
22.32	3.31E-02
22.32	3.31E-02
22.32	3.31E-02
22.32	3.31E-02
22.32	3.32E-02
22.33	3.32E-02
22.33	3.32E-02
22.33	3.32E-02
22.33	3.32E-02
22.33	3.32E-02
22.33	3.32E-02
22.33	3.32E-02
22.33	3.32E-02
22.33	3.32E-02
22.33	3.32E-02
22.33	3.32E-02
22.33	3.32E-02
22.33	3.32E-02
22.33	3.32E-02
22.33	3.32E-02
22.33	3.32E-02
22.33	3.32E-02
22.33	3.32E-02
22.33	3.32E-02
22.33	3.32E-02
22.33	3.32E-02
22.34	3.32E-02
22.34	3.32E-02
22.34	3.32E-02
22.34	3.32E-02
22.34	3.32E-02
22.34	3.32E-02
22.34	3.32E-02
22.34	3.32E-02
22.34	3.32E-02
22.34	3.32E-02
22.34	3.32E-02
22.34	3.32E-02
22.34	3.32E-02
22.34	3.32E-02
22.34	3.32E-02
22.34	3.32E-02
22.34	3.32E-02
22.34	3.32E-02
22.34	3.32E-02
22.34	3.32E-02
22.35	3.32E-02
22.35	3.32E-02
22.35	3.32E-02
22.35	3.32E-02
22.35	3.32E-02
22.35	3.32E-02
22.35	3.32E-02
22.35	3.32E-02
22.35	3.32E-02
22.35	3.32E-02
22.35	3.32E-02
22.35	3.32E-02
22.35	3.32E-02
22.35	3.32E-02
22.35	3.32E-02
22.35	3.32E-02
22.35	3.32E-02
22.35	3.32E-02
22.35	3.32E-02
22.35	3.32E-02
22.36	3.32E-02
22.36	3.32E-02
22.36	3.32E-02
22.36	3.32E-02
22.36	3.32E-02
22.36	3.32E-02
22.36	3.32E-02
22.36	3.32E-02
22.36	3.32E-02
22.36	3.32E-02
22.36	3.32E-02
22.36	3.32E-02
22.36	3.32E-02
22.36	3.32E-02
22.36	3.32E-02
22.36	3.32E-02
22.36	3.32E-02
22.36	3.32E-02
22.36	3.32E-02
22.36	3.32E-02
22.37	3.32E-02
22.37	3.32E-02
22.37	3.32E-02
22.37	3.32E-02
22.37	3.32E-02
22.37	3.32E-02
22.37	3.32E-02
22.37	3.32E-02
22.37	3.32E-02
22.37	3.32E-02
22.37	3.32E-02
22.37	3.33E-02
22.37	3.33E-02
22.37	3.33E-02
22.37	3.33E-02
22.37	3.33E-02
22.37	3.33E-02
22.37	3.33E-02
22.37	3.33E-02
22.38	3.33E-02
22.38	3.33E-02
22.38	3.33E-02
22.38	3.33E-02
22.38	3.33E-02
22.38	3.33E-02
22.38	3.33E-02
22.38	3.33E-02
22.38	3.33E-02
22.38	3.33E-02
22.38	3.33E-02
22.38	3.33E-02
22.38	3.33E-02
22.38	3.33E-02
22.38	3.33E-02
22.38	3.33E-02
22.38	3.33E-02
22.38	3.33E-02
22.38	3.33E-02
22.38	3.33E-02
22.39	3.33E-02
22.39	3.33E-02
22.39	3.33E-02
22.39	3.33E-02
22.39	3.33E-02
22.39	3.33E-02
22.39	3.33E-02
22.39	3.33E-02
22.39	3.33E-02
22.39	3.33E-02
22.39	3.33E-02
22.39	3.33E-02
22.39	3.33E-02
22.39	3.33E-02
22.39	3.33E-02
22.39	3.33E-02
22.39	3.33E-02
22.39	3.33E-02
22.39	3.33E-02
22.39	3.33E-02
22.4	3.33E-02
22.4	3.33E-02
22.4	3.33E-02
22.4	3.33E-02
22.4	3.33E-02
22.4	3.33E-02
22.4	3.33E-02
22.4	3.33E-02
22.4	3.33E-02
22.4	3.33E-02
22.4	3.33E-02
22.4	3.33E-02
22.4	3.33E-02
22.4	3.33E-02
22.4	3.33E-02
22.4	3.33E-02
22.4	3.33E-02
22.4	3.33E-02
22.4	3.33E-02
22.4	3.33E-02
22.41	3.33E-02
22.41	3.33E-02
22.41	3.33E-02
22.41	3.33E-02
22.41	3.33E-02
22.41	3.33E-02
22.41	3.33E-02
22.41	3.33E-02
22.41	3.33E-02
22.41	3.33E-02
22.41	3.33E-02
22.41	3.33E-02
22.41	3.33E-02
22.41	3.33E-02
22.41	3.33E-02
22.41	3.33E-02
22.41	3.33E-02
22.41	3.33E-02
22.41	3.33E-02
22.41	3.33E-02
22.42	3.33E-02
22.42	3.33E-02
22.42	3.33E-02
22.42	3.33E-02
22.42	3.33E-02
22.42	3.33E-02
22.42	3.33E-02
22.42	3.34E-02
22.42	3.34E-02
22.42	3.34E-02
22.42	3.34E-02
22.42	3.34E-02
22.42	3.34E-02
22.42	3.34E-02
22.42	3.34E-02
22.42	3.34E-02
22.42	3.34E-02
22.42	3.34E-02
22.42	3.34E-02
22.42	3.34E-02
22.42	3.34E-02
22.43	3.34E-02
22.43	3.34E-02
22.43	3.34E-02
22.43	3.34E-02
22.43	3.34E-02
22.43	3.34E-02
22.43	3.34E-02
22.43	3.34E-02
22.43	3.34E-02
22.43	3.34E-02
22.43	3.34E-02
22.43	3.34E-02
22.43	3.34E-02
22.43	3.34E-02
22.43	3.34E-02
22.43	3.34E-02
22.43	3.34E-02
22.43	3.34E-02
22.43	3.34E-02
22.43	3.34E-02