0	0
5.00E-04	0
1.00E-03	0
1.50E-03	0
2.00E-03	0
2.50E-03	0
3.00E-03	0
3.50E-03	0
4.00E-03	0
4.50E-03	0
5.00E-03	0
5.50E-03	0
6.00E-03	0
6.50E-03	0
7.00E-03	0
7.50E-03	0
8.00E-03	0
8.50E-03	0
9.00E-03	0
9.50E-03	0
1.00E-02	0
1.05E-02	0
1.10E-02	0
1.15E-02	0
1.20E-02	0
1.25E-02	0
1.30E-02	0
1.35E-02	0
1.40E-02	0
1.45E-02	0
1.50E-02	0
1.55E-02	0
1.60E-02	0
1.65E-02	0
1.70E-02	0
1.75E-02	0
1.80E-02	0
1.85E-02	0
1.90E-02	0
1.95E-02	0
2.00E-02	0
2.05E-02	0
2.10E-02	0
2.15E-02	0
2.20E-02	0
2.25E-02	0
2.30E-02	0
2.35E-02	0
2.40E-02	0
2.45E-02	0
2.50E-02	0
2.55E-02	0
2.60E-02	0
2.65E-02	0
2.70E-02	0
2.75E-02	0
2.80E-02	0
2.85E-02	0
2.90E-02	0
2.95E-02	0
3.00E-02	0
3.05E-02	0
3.10E-02	0
3.15E-02	0
3.20E-02	0
3.25E-02	0
3.30E-02	0
3.35E-02	0
3.40E-02	0
3.45E-02	0
3.50E-02	0
3.55E-02	0
3.60E-02	0
3.65E-02	0
3.70E-02	0
3.75E-02	0
3.80E-02	0
3.85E-02	0
3.90E-02	0
3.95E-02	0
4.00E-02	0
4.05E-02	0
4.10E-02	0
4.15E-02	0
4.20E-02	0
4.25E-02	0
4.30E-02	0
4.35E-02	0
4.40E-02	0
4.45E-02	0
4.50E-02	0
4.55E-02	0
4.60E-02	0
4.65E-02	0
4.70E-02	0
4.75E-02	0
4.80E-02	0
4.85E-02	0
4.90E-02	0
4.95E-02	0
5.00E-02	0
5.05E-02	0
5.10E-02	0
5.15E-02	0
5.20E-02	0
5.25E-02	0
5.30E-02	0
5.35E-02	0
5.40E-02	0
5.45E-02	0
5.50E-02	0
5.55E-02	0
5.60E-02	0
5.65E-02	0
5.70E-02	0
5.75E-02	0
5.80E-02	0
5.85E-02	0
5.90E-02	0
5.95E-02	0
6.00E-02	0
6.05E-02	0
6.10E-02	0
6.15E-02	0
6.20E-02	0
6.25E-02	0
6.30E-02	0
6.35E-02	0
6.40E-02	0
6.45E-02	0
6.50E-02	0
6.55E-02	0
6.60E-02	0
6.65E-02	0
6.70E-02	0
6.75E-02	0
6.80E-02	0
6.85E-02	0
6.90E-02	0
6.95E-02	0
7.00E-02	0
7.05E-02	0
7.10E-02	0
7.15E-02	0
7.20E-02	0
7.25E-02	0
7.30E-02	0
7.35E-02	0
7.40E-02	0
7.45E-02	0
7.50E-02	0
7.55E-02	0
7.60E-02	0
7.65E-02	0
7.70E-02	0
7.75E-02	0
7.80E-02	0
7.85E-02	0
7.90E-02	0
7.95E-02	0
8.00E-02	0
8.05E-02	0
8.10E-02	0
8.15E-02	0
8.20E-02	0
8.25E-02	0
8.30E-02	0
8.35E-02	0
8.40E-02	0
8.45E-02	0
8.50E-02	0
8.55E-02	0
8.60E-02	0
8.65E-02	0
8.70E-02	0
8.75E-02	0
8.80E-02	0
8.85E-02	0
8.90E-02	0
8.95E-02	0
9.00E-02	0
9.05E-02	0
9.10E-02	0
9.15E-02	0
9.20E-02	0
9.25E-02	0
9.30E-02	0
9.35E-02	0
9.40E-02	0
9.45E-02	0
9.50E-02	0
9.55E-02	0
9.60E-02	0
9.65E-02	0
9.70E-02	0
9.75E-02	0
9.80E-02	0
9.85E-02	0
9.90E-02	0
9.95E-02	0
1.00E-01	0
1.01E-01	0
1.01E-01	0
1.02E-01	0
1.02E-01	0
1.03E-01	0
1.03E-01	0
1.04E-01	0
1.04E-01	0
1.05E-01	0
1.05E-01	0
1.06E-01	0
1.06E-01	0
1.07E-01	0
1.07E-01	0
1.08E-01	0
1.08E-01	0
1.09E-01	0
1.09E-01	0
1.10E-01	0
1.10E-01	0
1.11E-01	0
1.11E-01	0
1.12E-01	0
1.12E-01	0
1.13E-01	0
1.13E-01	0
1.14E-01	0
1.14E-01	0
1.15E-01	0
1.15E-01	0
1.16E-01	0
1.16E-01	0
1.17E-01	0
1.17E-01	0
1.18E-01	0
1.18E-01	0
1.19E-01	0
1.19E-01	0
1.20E-01	0
1.20E-01	0
1.21E-01	0
1.21E-01	0
1.22E-01	0
1.22E-01	0
1.23E-01	0
1.23E-01	0
1.24E-01	0
1.24E-01	0
1.25E-01	0
1.25E-01	0
1.26E-01	0
1.26E-01	0
1.27E-01	0
1.27E-01	0
1.28E-01	0
1.28E-01	0
1.29E-01	0
1.29E-01	0
1.30E-01	0
1.30E-01	0
1.31E-01	0
1.31E-01	0
1.32E-01	0
1.32E-01	0
1.33E-01	0
1.33E-01	0
1.34E-01	0
1.34E-01	0
1.35E-01	0
1.35E-01	0
1.36E-01	0
1.36E-01	0
1.37E-01	0
1.37E-01	0
1.38E-01	0
1.38E-01	0
1.39E-01	0
1.39E-01	0
1.40E-01	0
1.40E-01	0
1.41E-01	0
1.41E-01	0
1.42E-01	0
1.42E-01	0
1.43E-01	0
1.43E-01	0
1.44E-01	0
1.44E-01	0
1.45E-01	0
1.45E-01	0
1.46E-01	0
1.46E-01	0
1.47E-01	0
1.47E-01	0
1.48E-01	0
1.48E-01	0
1.49E-01	0
1.49E-01	0
1.50E-01	0
1.50E-01	0
1.51E-01	0
1.51E-01	0
1.52E-01	0
1.52E-01	0
1.53E-01	0
1.53E-01	0
1.54E-01	0
1.54E-01	0
1.55E-01	0
1.55E-01	0
1.56E-01	0
1.56E-01	0
1.57E-01	0
1.57E-01	0
1.58E-01	0
1.58E-01	0
1.59E-01	0
1.59E-01	0
1.60E-01	0
1.60E-01	0
1.61E-01	0
1.61E-01	0
1.62E-01	0
1.62E-01	0
1.63E-01	0
1.63E-01	0
1.64E-01	0
1.64E-01	0
1.65E-01	0
1.65E-01	0
1.66E-01	0
1.66E-01	0
1.67E-01	0
1.67E-01	0
1.68E-01	0
1.68E-01	0
1.69E-01	0
1.69E-01	0
1.70E-01	0
1.70E-01	0
1.71E-01	0
1.71E-01	0
1.72E-01	0
1.72E-01	0
1.73E-01	0
1.73E-01	0
1.74E-01	0
1.74E-01	0
1.75E-01	0
1.75E-01	0
1.76E-01	0
1.76E-01	0
1.77E-01	0
1.77E-01	0
1.78E-01	0
1.78E-01	0
1.79E-01	0
1.79E-01	0
1.80E-01	0
1.80E-01	0
1.81E-01	0
1.81E-01	0
1.82E-01	0
1.82E-01	0
1.83E-01	0
1.83E-01	0
1.84E-01	0
1.84E-01	0
1.85E-01	0
1.85E-01	0
1.86E-01	0
1.86E-01	0
1.87E-01	0
1.87E-01	0
1.88E-01	0
1.88E-01	0
1.89E-01	0
1.89E-01	0
1.90E-01	0
1.90E-01	0
1.91E-01	0
1.91E-01	0
1.92E-01	0
1.92E-01	0
1.93E-01	0
1.93E-01	0
1.94E-01	0
1.94E-01	0
1.95E-01	0
1.95E-01	0
1.96E-01	0
1.96E-01	0
1.97E-01	0
1.97E-01	0
1.98E-01	0
1.98E-01	0
1.99E-01	0
1.99E-01	0
2.00E-01	0
2.00E-01	0
2.01E-01	0
2.01E-01	0
2.02E-01	0
2.02E-01	0
2.03E-01	0
2.03E-01	0
2.04E-01	0
2.04E-01	0
2.05E-01	0
2.05E-01	0
2.06E-01	0
2.06E-01	0
2.07E-01	0
2.07E-01	0
2.08E-01	0
2.08E-01	0
2.09E-01	0
2.09E-01	0
2.10E-01	0
2.10E-01	0.00E+00
2.11E-01	0.00E+00
2.11E-01	0.00E+00
2.12E-01	0.00E+00
2.12E-01	0.00E+00
2.13E-01	0.00E+00
2.13E-01	0.00E+00
2.14E-01	0.00E+00
2.14E-01	0.00E+00
2.15E-01	0.00E+00
2.15E-01	0.00E+00
2.16E-01	0.00E+00
2.16E-01	0.00E+00
2.17E-01	0.00E+00
2.17E-01	0.00E+00
2.18E-01	0.00E+00
2.18E-01	0.00E+00
2.19E-01	0.00E+00
2.19E-01	0.00E+00
2.20E-01	0.00E+00
2.20E-01	0.00E+00
2.21E-01	0.00E+00
2.21E-01	0.00E+00
2.22E-01	0.00E+00
2.22E-01	0.00E+00
2.23E-01	0.00E+00
2.23E-01	0.00E+00
2.24E-01	0.00E+00
2.24E-01	0.00E+00
2.25E-01	0.00E+00
2.25E-01	0.00E+00
2.26E-01	0.00E+00
2.26E-01	0.00E+00
2.27E-01	0.00E+00
2.27E-01	0.00E+00
2.28E-01	0.00E+00
2.28E-01	0.00E+00
2.29E-01	0.00E+00
2.29E-01	0.00E+00
2.30E-01	0.00E+00
2.30E-01	0.00E+00
2.31E-01	0.00E+00
2.31E-01	0.00E+00
2.32E-01	0.00E+00
2.32E-01	0.00E+00
2.33E-01	0.00E+00
2.33E-01	0.00E+00
2.34E-01	0.00E+00
2.34E-01	0.00E+00
2.35E-01	0.00E+00
2.35E-01	0.00E+00
2.36E-01	0.00E+00
2.36E-01	0.00E+00
2.37E-01	0.00E+00
2.37E-01	0.00E+00
2.38E-01	0.00E+00
2.38E-01	0.00E+00
2.39E-01	0.00E+00
2.39E-01	0.00E+00
2.40E-01	0.00E+00
2.40E-01	0.00E+00
2.41E-01	0.00E+00
2.41E-01	0.00E+00
2.42E-01	0.00E+00
2.42E-01	0.00E+00
2.43E-01	0.00E+00
2.43E-01	0.00E+00
2.44E-01	0.00E+00
2.44E-01	0.00E+00
2.45E-01	0.00E+00
2.45E-01	0.00E+00
2.46E-01	0.00E+00
2.46E-01	0.00E+00
2.47E-01	0.00E+00
2.47E-01	0.00E+00
2.48E-01	0.00E+00
2.48E-01	0.00E+00
2.49E-01	0.00E+00
2.49E-01	0.00E+00
2.50E-01	0.00E+00
2.50E-01	0.00E+00
2.51E-01	0.00E+00
2.51E-01	0.00E+00
2.52E-01	0.00E+00
2.52E-01	0.00E+00
2.53E-01	0.00E+00
2.53E-01	0.00E+00
2.54E-01	0.00E+00
2.54E-01	0.00E+00
2.55E-01	0.00E+00
2.55E-01	0.00E+00
2.56E-01	0.00E+00
2.56E-01	0.00E+00
2.57E-01	0.00E+00
2.57E-01	0.00E+00
2.58E-01	0.00E+00
2.58E-01	0.00E+00
2.59E-01	0.00E+00
2.59E-01	0.00E+00
2.60E-01	0.00E+00
2.60E-01	0.00E+00
2.61E-01	0.00E+00
2.61E-01	0.00E+00
2.62E-01	0.00E+00
2.62E-01	0.00E+00
2.63E-01	0.00E+00
2.63E-01	0.00E+00
2.64E-01	0.00E+00
2.64E-01	0.00E+00
2.65E-01	0.00E+00
2.65E-01	0.00E+00
2.66E-01	0.00E+00
2.66E-01	0.00E+00
2.67E-01	0.00E+00
2.67E-01	0.00E+00
2.68E-01	0.00E+00
2.68E-01	0.00E+00
2.69E-01	0.00E+00
2.69E-01	0.00E+00
2.70E-01	0.00E+00
2.70E-01	0.00E+00
2.71E-01	0.00E+00
2.71E-01	0.00E+00
2.72E-01	0.00E+00
2.72E-01	0.00E+00
2.73E-01	0.00E+00
2.73E-01	0.00E+00
2.74E-01	0.00E+00
2.74E-01	0.00E+00
2.75E-01	0.00E+00
2.75E-01	0.00E+00
2.76E-01	0.00E+00
2.76E-01	0.00E+00
2.77E-01	0.00E+00
2.77E-01	0.00E+00
2.78E-01	0.00E+00
2.78E-01	0.00E+00
2.79E-01	0.00E+00
2.79E-01	0.00E+00
2.80E-01	0.00E+00
2.80E-01	0.00E+00
2.81E-01	0.00E+00
2.81E-01	0.00E+00
2.82E-01	0.00E+00
2.82E-01	0.00E+00
2.83E-01	0.00E+00
2.83E-01	0.00E+00
2.84E-01	0.00E+00
2.84E-01	0.00E+00
2.85E-01	0.00E+00
2.85E-01	0.00E+00
2.86E-01	0.00E+00
2.86E-01	0.00E+00
2.87E-01	0.00E+00
2.87E-01	0.00E+00
2.88E-01	0.00E+00
2.88E-01	0.00E+00
2.89E-01	0.00E+00
2.89E-01	0.00E+00
2.90E-01	0.00E+00
2.90E-01	0.00E+00
2.91E-01	0.00E+00
2.91E-01	0.00E+00
2.92E-01	0.00E+00
2.92E-01	0.00E+00
2.93E-01	0.00E+00
2.93E-01	0.00E+00
2.94E-01	0.00E+00
2.94E-01	0.00E+00
2.95E-01	0.00E+00
2.95E-01	0.00E+00
2.96E-01	0.00E+00
2.96E-01	0.00E+00
2.97E-01	0.00E+00
2.97E-01	0.00E+00
2.98E-01	0.00E+00
2.98E-01	0.00E+00
2.99E-01	0.00E+00
2.99E-01	0.00E+00
3.00E-01	0.00E+00
3.00E-01	0.00E+00
3.01E-01	0.00E+00
3.01E-01	0.00E+00
3.02E-01	0.00E+00
3.02E-01	0.00E+00
3.03E-01	0.00E+00
3.03E-01	0.00E+00
3.04E-01	0.00E+00
3.04E-01	0.00E+00
3.05E-01	0.00E+00
3.05E-01	0.00E+00
3.06E-01	0.00E+00
3.06E-01	0.00E+00
3.07E-01	0.00E+00
3.07E-01	0.00E+00
3.08E-01	0.00E+00
3.08E-01	0.00E+00
3.09E-01	0.00E+00
3.09E-01	0.00E+00
3.10E-01	0.00E+00
3.10E-01	0.00E+00
3.11E-01	0.00E+00
3.11E-01	0.00E+00
3.12E-01	0.00E+00
3.12E-01	0.00E+00
3.13E-01	0.00E+00
3.13E-01	0.00E+00
3.14E-01	0.00E+00
3.14E-01	0.00E+00
3.15E-01	0.00E+00
3.15E-01	0.00E+00
3.16E-01	0.00E+00
3.16E-01	0.00E+00
3.17E-01	0.00E+00
3.17E-01	0.00E+00
3.18E-01	0.00E+00
3.18E-01	0.00E+00
3.19E-01	0.00E+00
3.19E-01	0.00E+00
3.20E-01	0.00E+00
3.20E-01	0.00E+00
3.21E-01	0.00E+00
3.21E-01	0.00E+00
3.22E-01	0.00E+00
3.22E-01	0.00E+00
3.23E-01	0.00E+00
3.23E-01	0.00E+00
3.24E-01	0.00E+00
3.24E-01	0.00E+00
3.25E-01	0.00E+00
3.25E-01	0.00E+00
3.26E-01	0.00E+00
3.26E-01	0.00E+00
3.27E-01	0.00E+00
3.27E-01	0.00E+00
3.28E-01	0.00E+00
3.28E-01	0.00E+00
3.29E-01	0.00E+00
3.29E-01	0.00E+00
3.30E-01	0.00E+00
3.30E-01	0.00E+00
3.31E-01	0.00E+00
3.31E-01	0.00E+00
3.32E-01	0.00E+00
3.32E-01	0.00E+00
3.33E-01	0.00E+00
3.33E-01	0.00E+00
3.34E-01	0.00E+00
3.34E-01	0.00E+00
3.35E-01	0.00E+00
3.35E-01	0.00E+00
3.36E-01	0.00E+00
3.36E-01	0.00E+00
3.37E-01	0.00E+00
3.37E-01	0.00E+00
3.38E-01	0.00E+00
3.38E-01	0.00E+00
3.39E-01	0.00E+00
3.39E-01	0.00E+00
3.40E-01	0.00E+00
3.40E-01	0.00E+00
3.41E-01	0.00E+00
3.41E-01	0.00E+00
3.42E-01	0.00E+00
3.42E-01	0.00E+00
3.43E-01	0.00E+00
3.43E-01	0.00E+00
3.44E-01	0.00E+00
3.44E-01	0.00E+00
3.45E-01	0.00E+00
3.45E-01	0.00E+00
3.46E-01	0.00E+00
3.46E-01	0.00E+00
3.47E-01	0.00E+00
3.47E-01	0.00E+00
3.48E-01	0.00E+00
3.48E-01	0.00E+00
3.49E-01	0.00E+00
3.49E-01	0.00E+00
3.50E-01	0.00E+00
3.50E-01	0.00E+00
3.51E-01	0.00E+00
3.51E-01	0.00E+00
3.52E-01	0.00E+00
3.52E-01	0.00E+00
3.53E-01	0.00E+00
3.53E-01	0.00E+00
3.54E-01	0.00E+00
3.54E-01	0.00E+00
3.55E-01	0.00E+00
3.55E-01	0.00E+00
3.56E-01	0.00E+00
3.56E-01	0.00E+00
3.57E-01	0.00E+00
3.57E-01	0.00E+00
3.58E-01	0.00E+00
3.58E-01	0.00E+00
3.59E-01	0.00E+00
3.59E-01	0.00E+00
3.60E-01	0.00E+00
3.60E-01	0.00E+00
3.61E-01	0.00E+00
3.61E-01	0.00E+00
3.62E-01	0.00E+00
3.62E-01	0.00E+00
3.63E-01	0.00E+00
3.63E-01	0.00E+00
3.64E-01	0.00E+00
3.64E-01	0.00E+00
3.65E-01	0.00E+00
3.65E-01	0.00E+00
3.66E-01	0.00E+00
3.66E-01	0.00E+00
3.67E-01	0.00E+00
3.67E-01	0.00E+00
3.68E-01	0.00E+00
3.68E-01	0.00E+00
3.69E-01	0.00E+00
3.69E-01	0.00E+00
3.70E-01	0.00E+00
3.70E-01	0.00E+00
3.71E-01	0.00E+00
3.71E-01	0.00E+00
3.72E-01	0.00E+00
3.72E-01	0.00E+00
3.73E-01	0.00E+00
3.73E-01	0.00E+00
3.74E-01	0.00E+00
3.74E-01	0.00E+00
3.75E-01	0.00E+00
3.75E-01	0.00E+00
3.76E-01	0.00E+00
3.76E-01	0.00E+00
3.77E-01	0.00E+00
3.77E-01	0.00E+00
3.78E-01	0.00E+00
3.78E-01	0.00E+00
3.79E-01	0.00E+00
3.79E-01	0.00E+00
3.80E-01	0.00E+00
3.80E-01	0.00E+00
3.81E-01	0.00E+00
3.81E-01	0.00E+00
3.82E-01	0.00E+00
3.82E-01	0.00E+00
3.83E-01	0.00E+00
3.83E-01	0.00E+00
3.84E-01	0.00E+00
3.84E-01	0.00E+00
3.85E-01	0.00E+00
3.85E-01	0.00E+00
3.86E-01	0.00E+00
3.86E-01	0.00E+00
3.87E-01	0.00E+00
3.87E-01	0.00E+00
3.88E-01	0.00E+00
3.88E-01	0.00E+00
3.89E-01	0.00E+00
3.89E-01	0.00E+00
3.90E-01	0.00E+00
3.90E-01	0.00E+00
3.91E-01	0.00E+00
3.91E-01	0.00E+00
3.92E-01	0.00E+00
3.92E-01	0.00E+00
3.93E-01	0.00E+00
3.93E-01	0.00E+00
3.94E-01	0.00E+00
3.94E-01	0.00E+00
3.95E-01	0.00E+00
3.95E-01	0.00E+00
3.96E-01	0.00E+00
3.96E-01	0.00E+00
3.97E-01	0.00E+00
3.97E-01	0.00E+00
3.98E-01	0.00E+00
3.98E-01	0.00E+00
3.99E-01	0.00E+00
3.99E-01	0.00E+00
4.00E-01	0.00E+00
4.00E-01	0.00E+00
4.01E-01	0.00E+00
4.01E-01	0.00E+00
4.02E-01	0.00E+00
4.02E-01	0.00E+00
4.03E-01	0.00E+00
4.03E-01	0.00E+00
4.04E-01	0.00E+00
4.04E-01	0.00E+00
4.05E-01	0.00E+00
4.05E-01	0.00E+00
4.06E-01	0.00E+00
4.06E-01	0.00E+00
4.07E-01	0.00E+00
4.07E-01	0.00E+00
4.08E-01	0.00E+00
4.08E-01	0.00E+00
4.09E-01	0.00E+00
4.09E-01	0.00E+00
4.10E-01	0.00E+00
4.10E-01	0.00E+00
4.11E-01	0.00E+00
4.11E-01	0.00E+00
4.12E-01	0.00E+00
4.12E-01	0.00E+00
4.13E-01	0.00E+00
4.13E-01	0.00E+00
4.14E-01	0.00E+00
4.14E-01	0.00E+00
4.15E-01	0.00E+00
4.15E-01	0.00E+00
4.16E-01	0.00E+00
4.16E-01	0.00E+00
4.17E-01	0.00E+00
4.17E-01	0.00E+00
4.18E-01	0.00E+00
4.18E-01	0.00E+00
4.19E-01	0.00E+00
4.19E-01	0.00E+00
4.20E-01	0.00E+00
4.20E-01	0.00E+00
4.21E-01	0.00E+00
4.21E-01	0.00E+00
4.22E-01	0.00E+00
4.22E-01	0.00E+00
4.23E-01	0.00E+00
4.23E-01	0.00E+00
4.24E-01	0.00E+00
4.24E-01	0.00E+00
4.25E-01	0.00E+00
4.25E-01	0.00E+00
4.26E-01	0.00E+00
4.26E-01	0.00E+00
4.27E-01	0.00E+00
4.27E-01	0.00E+00
4.28E-01	0.00E+00
4.28E-01	0.00E+00
4.29E-01	0.00E+00
4.29E-01	0.00E+00
4.30E-01	0.00E+00
4.30E-01	0.00E+00
4.31E-01	0.00E+00
4.31E-01	0.00E+00
4.32E-01	0.00E+00
4.32E-01	0.00E+00
4.33E-01	0.00E+00
4.33E-01	0.00E+00
4.34E-01	0.00E+00
4.34E-01	0.00E+00
4.35E-01	0.00E+00
4.35E-01	0.00E+00
4.36E-01	0.00E+00
4.36E-01	0.00E+00
4.37E-01	0.00E+00
4.37E-01	0.00E+00
4.38E-01	0.00E+00
4.38E-01	0.00E+00
4.39E-01	0.00E+00
4.39E-01	0.00E+00
4.40E-01	0.00E+00
4.40E-01	0.00E+00
4.41E-01	0.00E+00
4.41E-01	0.00E+00
4.42E-01	0.00E+00
4.42E-01	0.00E+00
4.43E-01	0.00E+00
4.43E-01	0.00E+00
4.44E-01	0.00E+00
4.44E-01	0.00E+00
4.45E-01	0.00E+00
4.45E-01	0.00E+00
4.46E-01	0.00E+00
4.46E-01	0.00E+00
4.47E-01	0.00E+00
4.47E-01	0.00E+00
4.48E-01	0.00E+00
4.48E-01	0.00E+00
4.49E-01	0.00E+00
4.49E-01	0.00E+00
4.50E-01	0.00E+00
4.50E-01	0.00E+00
4.51E-01	0.00E+00
4.51E-01	0.00E+00
4.52E-01	0.00E+00
4.52E-01	0.00E+00
4.53E-01	0.00E+00
4.53E-01	0.00E+00
4.54E-01	0.00E+00
4.54E-01	0.00E+00
4.55E-01	0.00E+00
4.55E-01	0.00E+00
4.56E-01	0.00E+00
4.56E-01	0.00E+00
4.57E-01	0.00E+00
4.57E-01	0.00E+00
4.58E-01	0.00E+00
4.58E-01	0.00E+00
4.59E-01	0.00E+00
4.59E-01	0.00E+00
4.60E-01	0.00E+00
4.60E-01	0.00E+00
4.61E-01	0.00E+00
4.61E-01	0.00E+00
4.62E-01	0.00E+00
4.62E-01	0.00E+00
4.63E-01	0.00E+00
4.63E-01	0.00E+00
4.64E-01	0.00E+00
4.64E-01	0.00E+00
4.65E-01	0.00E+00
4.65E-01	0.00E+00
4.66E-01	0.00E+00
4.66E-01	0.00E+00
4.67E-01	0.00E+00
4.67E-01	0.00E+00
4.68E-01	0.00E+00
4.68E-01	0.00E+00
4.69E-01	0.00E+00
4.69E-01	0.00E+00
4.70E-01	0.00E+00
4.70E-01	0.00E+00
4.71E-01	0.00E+00
4.71E-01	0.00E+00
4.72E-01	0.00E+00
4.72E-01	0.00E+00
4.73E-01	0.00E+00
4.73E-01	0.00E+00
4.74E-01	0.00E+00
4.74E-01	0.00E+00
4.75E-01	0.00E+00
4.75E-01	0.00E+00
4.76E-01	0.00E+00
4.76E-01	0.00E+00
4.77E-01	0.00E+00
4.77E-01	0.00E+00
4.78E-01	0.00E+00
4.78E-01	0.00E+00
4.79E-01	0.00E+00
4.79E-01	0.00E+00
4.80E-01	0.00E+00
4.80E-01	0.00E+00
4.81E-01	0.00E+00
4.81E-01	0.00E+00
4.82E-01	0.00E+00
4.82E-01	0.00E+00
4.83E-01	0.00E+00
4.83E-01	0.00E+00
4.84E-01	0.00E+00
4.84E-01	0.00E+00
4.85E-01	0.00E+00
4.85E-01	0.00E+00
4.86E-01	0.00E+00
4.86E-01	0.00E+00
4.87E-01	0.00E+00
4.87E-01	0.00E+00
4.88E-01	0.00E+00
4.88E-01	0.00E+00
4.89E-01	0.00E+00
4.89E-01	0.00E+00
4.90E-01	0.00E+00
4.90E-01	0.00E+00
4.91E-01	0.00E+00
4.91E-01	0.00E+00
4.92E-01	0.00E+00
4.92E-01	0.00E+00
4.93E-01	0.00E+00
4.93E-01	0.00E+00
4.94E-01	0.00E+00
4.94E-01	0.00E+00
4.95E-01	0.00E+00
4.95E-01	0.00E+00
4.96E-01	0.00E+00
4.96E-01	0.00E+00
4.97E-01	0.00E+00
4.97E-01	0.00E+00
4.98E-01	0.00E+00
4.98E-01	0.00E+00
4.99E-01	0.00E+00
4.99E-01	0.00E+00
5.00E-01	0.00E+00
5.00E-01	0.00E+00
5.01E-01	0.00E+00
5.01E-01	0.00E+00
5.02E-01	0.00E+00
5.02E-01	0.00E+00
5.03E-01	0.00E+00
5.03E-01	0.00E+00
5.04E-01	0.00E+00
5.04E-01	0.00E+00
5.05E-01	0.00E+00
5.05E-01	0.00E+00
5.06E-01	0.00E+00
5.06E-01	0.00E+00
5.07E-01	0.00E+00
5.07E-01	0.00E+00
5.08E-01	0.00E+00
5.08E-01	0.00E+00
5.09E-01	0.00E+00
5.09E-01	0.00E+00
5.10E-01	0.00E+00
5.10E-01	0.00E+00
5.11E-01	0.00E+00
5.11E-01	0.00E+00
5.12E-01	0.00E+00
5.12E-01	0.00E+00
5.13E-01	0.00E+00
5.13E-01	0.00E+00
5.14E-01	0.00E+00
5.14E-01	0.00E+00
5.15E-01	0.00E+00
5.15E-01	0.00E+00
5.16E-01	0.00E+00
5.16E-01	0.00E+00
5.17E-01	0.00E+00
5.17E-01	0.00E+00
5.18E-01	0.00E+00
5.18E-01	0.00E+00
5.19E-01	0.00E+00
5.19E-01	0.00E+00
5.20E-01	0.00E+00
5.20E-01	0.00E+00
5.21E-01	0.00E+00
5.21E-01	0.00E+00
5.22E-01	0.00E+00
5.22E-01	0.00E+00
5.23E-01	0.00E+00
5.23E-01	0.00E+00
5.24E-01	0.00E+00
5.24E-01	0.00E+00
5.25E-01	0.00E+00
5.25E-01	0.00E+00
5.26E-01	0.00E+00
5.26E-01	0.00E+00
5.27E-01	0.00E+00
5.27E-01	0.00E+00
5.28E-01	0.00E+00
5.28E-01	0.00E+00
5.29E-01	0.00E+00
5.29E-01	0.00E+00
5.30E-01	0.00E+00
5.30E-01	0.00E+00
5.31E-01	0.00E+00
5.31E-01	0.00E+00
5.32E-01	0.00E+00
5.32E-01	0.00E+00
5.33E-01	0.00E+00
5.33E-01	0.00E+00
5.34E-01	0.00E+00
5.34E-01	0.00E+00
5.35E-01	0.00E+00
5.35E-01	0.00E+00
5.36E-01	0.00E+00
5.36E-01	0.00E+00
5.37E-01	0.00E+00
5.37E-01	0.00E+00
5.38E-01	0.00E+00
5.38E-01	0.00E+00
5.39E-01	0.00E+00
5.39E-01	0.00E+00
5.40E-01	0.00E+00
5.40E-01	0.00E+00
5.41E-01	0.00E+00
5.41E-01	0.00E+00
5.42E-01	0.00E+00
5.42E-01	0.00E+00
5.43E-01	0.00E+00
5.43E-01	0.00E+00
5.44E-01	0.00E+00
5.44E-01	0.00E+00
5.45E-01	0.00E+00
5.45E-01	0.00E+00
5.46E-01	0.00E+00
5.46E-01	0.00E+00
5.47E-01	0.00E+00
5.47E-01	0.00E+00
5.48E-01	0.00E+00
5.48E-01	0.00E+00
5.49E-01	0.00E+00
5.49E-01	0.00E+00
5.50E-01	0.00E+00
5.50E-01	0.00E+00
5.51E-01	0.00E+00
5.51E-01	0.00E+00
5.52E-01	0.00E+00
5.52E-01	0.00E+00
5.53E-01	0.00E+00
5.53E-01	0.00E+00
5.54E-01	0.00E+00
5.54E-01	0.00E+00
5.55E-01	0.00E+00
5.55E-01	0.00E+00
5.56E-01	0.00E+00
5.56E-01	0.00E+00
5.57E-01	0.00E+00
5.57E-01	0.00E+00
5.58E-01	0.00E+00
5.58E-01	0.00E+00
5.59E-01	0.00E+00
5.59E-01	0.00E+00
5.60E-01	0.00E+00
5.60E-01	0.00E+00
5.61E-01	0.00E+00
5.61E-01	0.00E+00
5.62E-01	0.00E+00
5.62E-01	0.00E+00
5.63E-01	0.00E+00
5.63E-01	0.00E+00
5.64E-01	0.00E+00
5.64E-01	0.00E+00
5.65E-01	0.00E+00
5.65E-01	0.00E+00
5.66E-01	0.00E+00
5.66E-01	0.00E+00
5.67E-01	0.00E+00
5.67E-01	0.00E+00
5.68E-01	0.00E+00
5.68E-01	0.00E+00
5.69E-01	0.00E+00
5.69E-01	0.00E+00
5.70E-01	0.00E+00
5.70E-01	0.00E+00
5.71E-01	0.00E+00
5.71E-01	0.00E+00
5.72E-01	0.00E+00
5.72E-01	0.00E+00
5.73E-01	0.00E+00
5.73E-01	0.00E+00
5.74E-01	0.00E+00
5.74E-01	0.00E+00
5.75E-01	0.00E+00
5.75E-01	0.00E+00
5.76E-01	0.00E+00
5.76E-01	0.00E+00
5.77E-01	0.00E+00
5.77E-01	0.00E+00
5.78E-01	0.00E+00
5.78E-01	0.00E+00
5.79E-01	0.00E+00
5.79E-01	0.00E+00
5.80E-01	0.00E+00
5.80E-01	0.00E+00
5.81E-01	0.00E+00
5.81E-01	0.00E+00
5.82E-01	0.00E+00
5.82E-01	0.00E+00
5.83E-01	0.00E+00
5.83E-01	0.00E+00
5.84E-01	0.00E+00
5.84E-01	0.00E+00
5.85E-01	0.00E+00
5.85E-01	0.00E+00
5.86E-01	0.00E+00
5.86E-01	0.00E+00
5.87E-01	0.00E+00
5.87E-01	0.00E+00
5.88E-01	0.00E+00
5.88E-01	0.00E+00
5.89E-01	0.00E+00
5.89E-01	0.00E+00
5.90E-01	0.00E+00
5.90E-01	0.00E+00
5.91E-01	0.00E+00
5.91E-01	0.00E+00
5.92E-01	0.00E+00
5.92E-01	0.00E+00
5.93E-01	0.00E+00
5.93E-01	0.00E+00
5.94E-01	0.00E+00
5.94E-01	0.00E+00
5.95E-01	0.00E+00
5.95E-01	0.00E+00
5.96E-01	0.00E+00
5.96E-01	0.00E+00
5.97E-01	0.00E+00
5.97E-01	0.00E+00
5.98E-01	0.00E+00
5.98E-01	0.00E+00
5.99E-01	0.00E+00
5.99E-01	0.00E+00
6.00E-01	0.00E+00
6.00E-01	0.00E+00
6.01E-01	0.00E+00
6.01E-01	0.00E+00
6.02E-01	0.00E+00
6.02E-01	0.00E+00
6.03E-01	0.00E+00
6.03E-01	0.00E+00
6.04E-01	0.00E+00
6.04E-01	0.00E+00
6.05E-01	0.00E+00
6.05E-01	0.00E+00
6.06E-01	0.00E+00
6.06E-01	0.00E+00
6.07E-01	0.00E+00
6.07E-01	0.00E+00
6.08E-01	0.00E+00
6.08E-01	0.00E+00
6.09E-01	0.00E+00
6.09E-01	0.00E+00
6.10E-01	0.00E+00
6.10E-01	0.00E+00
6.11E-01	0.00E+00
6.11E-01	0.00E+00
6.12E-01	0.00E+00
6.12E-01	0.00E+00
6.13E-01	0.00E+00
6.13E-01	0.00E+00
6.14E-01	0.00E+00
6.14E-01	0.00E+00
6.15E-01	0.00E+00
6.15E-01	0.00E+00
6.16E-01	0.00E+00
6.16E-01	0.00E+00
6.17E-01	0.00E+00
6.17E-01	0.00E+00
6.18E-01	0.00E+00
6.18E-01	0.00E+00
6.19E-01	0.00E+00
6.19E-01	0.00E+00
6.20E-01	0.00E+00
6.20E-01	0.00E+00
6.21E-01	0.00E+00
6.21E-01	0.00E+00
6.22E-01	0.00E+00
6.22E-01	0.00E+00
6.23E-01	0.00E+00
6.23E-01	0.00E+00
6.24E-01	0.00E+00
6.24E-01	0.00E+00
6.25E-01	0.00E+00
6.25E-01	0.00E+00
6.26E-01	0.00E+00
6.26E-01	0.00E+00
6.27E-01	0.00E+00
6.27E-01	0.00E+00
6.28E-01	0.00E+00
6.28E-01	0.00E+00
6.29E-01	0.00E+00
6.29E-01	0.00E+00
6.30E-01	0.00E+00
6.30E-01	0.00E+00
6.31E-01	0.00E+00
6.31E-01	0.00E+00
6.32E-01	0.00E+00
6.32E-01	0.00E+00
6.33E-01	0.00E+00
6.33E-01	0.00E+00
6.34E-01	0.00E+00
6.34E-01	0.00E+00
6.35E-01	0.00E+00
6.35E-01	0.00E+00
6.36E-01	0.00E+00
6.36E-01	0.00E+00
6.37E-01	0.00E+00
6.37E-01	0.00E+00
6.38E-01	0.00E+00
6.38E-01	0.00E+00
6.39E-01	0.00E+00
6.39E-01	0.00E+00
6.40E-01	0.00E+00
6.40E-01	0.00E+00
6.41E-01	0.00E+00
6.41E-01	0.00E+00
6.42E-01	0.00E+00
6.42E-01	0.00E+00
6.43E-01	0.00E+00
6.43E-01	0.00E+00
6.44E-01	0.00E+00
6.44E-01	0.00E+00
6.45E-01	0.00E+00
6.45E-01	0.00E+00
6.46E-01	0.00E+00
6.46E-01	0.00E+00
6.47E-01	0.00E+00
6.47E-01	0.00E+00
6.48E-01	0.00E+00
6.48E-01	0.00E+00
6.49E-01	0.00E+00
6.49E-01	0.00E+00
6.50E-01	0.00E+00
6.50E-01	0.00E+00
6.51E-01	0.00E+00
6.51E-01	0.00E+00
6.52E-01	0.00E+00
6.52E-01	0.00E+00
6.53E-01	0.00E+00
6.53E-01	0.00E+00
6.54E-01	0.00E+00
6.54E-01	0.00E+00
6.55E-01	0.00E+00
6.55E-01	0.00E+00
6.56E-01	0.00E+00
6.56E-01	0.00E+00
6.57E-01	0.00E+00
6.57E-01	0.00E+00
6.58E-01	0.00E+00
6.58E-01	0.00E+00
6.59E-01	0.00E+00
6.59E-01	0.00E+00
6.60E-01	0.00E+00
6.60E-01	0.00E+00
6.61E-01	0.00E+00
6.61E-01	0.00E+00
6.62E-01	0.00E+00
6.62E-01	0.00E+00
6.63E-01	0.00E+00
6.63E-01	0.00E+00
6.64E-01	0.00E+00
6.64E-01	0.00E+00
6.65E-01	0.00E+00
6.65E-01	0.00E+00
6.66E-01	0.00E+00
6.66E-01	0.00E+00
6.67E-01	0.00E+00
6.67E-01	0.00E+00
6.68E-01	0.00E+00
6.68E-01	0.00E+00
6.69E-01	0.00E+00
6.69E-01	0.00E+00
6.70E-01	0.00E+00
6.70E-01	0.00E+00
6.71E-01	0.00E+00
6.71E-01	0.00E+00
6.72E-01	0.00E+00
6.72E-01	0.00E+00
6.73E-01	0.00E+00
6.73E-01	0.00E+00
6.74E-01	0.00E+00
6.74E-01	0.00E+00
6.75E-01	0.00E+00
6.75E-01	0.00E+00
6.76E-01	0.00E+00
6.76E-01	0.00E+00
6.77E-01	0.00E+00
6.77E-01	0.00E+00
6.78E-01	0.00E+00
6.78E-01	0.00E+00
6.79E-01	0.00E+00
6.79E-01	0.00E+00
6.80E-01	0.00E+00
6.80E-01	0.00E+00
6.81E-01	0.00E+00
6.81E-01	0.00E+00
6.82E-01	0.00E+00
6.82E-01	0.00E+00
6.83E-01	0.00E+00
6.83E-01	0.00E+00
6.84E-01	0.00E+00
6.84E-01	0.00E+00
6.85E-01	0.00E+00
6.85E-01	0.00E+00
6.86E-01	0.00E+00
6.86E-01	0.00E+00
6.87E-01	0.00E+00
6.87E-01	0.00E+00
6.88E-01	0.00E+00
6.88E-01	0.00E+00
6.89E-01	0.00E+00
6.89E-01	0.00E+00
6.90E-01	0.00E+00
6.90E-01	0.00E+00
6.91E-01	0.00E+00
6.91E-01	0.00E+00
6.92E-01	0.00E+00
6.92E-01	0.00E+00
6.93E-01	0.00E+00
6.93E-01	0.00E+00
6.94E-01	0.00E+00
6.94E-01	0.00E+00
6.95E-01	0.00E+00
6.95E-01	0.00E+00
6.96E-01	0.00E+00
6.96E-01	0.00E+00
6.97E-01	0.00E+00
6.97E-01	0.00E+00
6.98E-01	0.00E+00
6.98E-01	0.00E+00
6.99E-01	0.00E+00
6.99E-01	0.00E+00
7.00E-01	0.00E+00
7.00E-01	0.00E+00
7.01E-01	0.00E+00
7.01E-01	0.00E+00
7.02E-01	0.00E+00
7.02E-01	0.00E+00
7.03E-01	0.00E+00
7.03E-01	0.00E+00
7.04E-01	0.00E+00
7.04E-01	0.00E+00
7.05E-01	0.00E+00
7.05E-01	0.00E+00
7.06E-01	0.00E+00
7.06E-01	0.00E+00
7.07E-01	0.00E+00
7.07E-01	0.00E+00
7.08E-01	0.00E+00
7.08E-01	0.00E+00
7.09E-01	0.00E+00
7.09E-01	0.00E+00
7.10E-01	0.00E+00
7.10E-01	0.00E+00
7.11E-01	0.00E+00
7.11E-01	0.00E+00
7.12E-01	0.00E+00
7.12E-01	0.00E+00
7.13E-01	0.00E+00
7.13E-01	0.00E+00
7.14E-01	0.00E+00
7.14E-01	0.00E+00
7.15E-01	0.00E+00
7.15E-01	0.00E+00
7.16E-01	0.00E+00
7.16E-01	0.00E+00
7.17E-01	0.00E+00
7.17E-01	0.00E+00
7.18E-01	0.00E+00
7.18E-01	0.00E+00
7.19E-01	0.00E+00
7.19E-01	0.00E+00
7.20E-01	0.00E+00
7.20E-01	0.00E+00
7.21E-01	0.00E+00
7.21E-01	0.00E+00
7.22E-01	0.00E+00
7.22E-01	0.00E+00
7.23E-01	0.00E+00
7.23E-01	0.00E+00
7.24E-01	0.00E+00
7.24E-01	0.00E+00
7.25E-01	0.00E+00
7.25E-01	0.00E+00
7.26E-01	0.00E+00
7.26E-01	0.00E+00
7.27E-01	0.00E+00
7.27E-01	0.00E+00
7.28E-01	0.00E+00
7.28E-01	0.00E+00
7.29E-01	0.00E+00
7.29E-01	0.00E+00
7.30E-01	0.00E+00
7.30E-01	0.00E+00
7.31E-01	0.00E+00
7.31E-01	0.00E+00
7.32E-01	0.00E+00
7.32E-01	0.00E+00
7.33E-01	0.00E+00
7.33E-01	0.00E+00
7.34E-01	0.00E+00
7.34E-01	0.00E+00
7.35E-01	0.00E+00
7.35E-01	0.00E+00
7.36E-01	0.00E+00
7.36E-01	0.00E+00
7.37E-01	0.00E+00
7.37E-01	0.00E+00
7.38E-01	0.00E+00
7.38E-01	0.00E+00
7.39E-01	0.00E+00
7.39E-01	0.00E+00
7.40E-01	0.00E+00
7.40E-01	0.00E+00
7.41E-01	0.00E+00
7.41E-01	0.00E+00
7.42E-01	0.00E+00
7.42E-01	0.00E+00
7.43E-01	0.00E+00
7.43E-01	0.00E+00
7.44E-01	0.00E+00
7.44E-01	0.00E+00
7.45E-01	0.00E+00
7.45E-01	0.00E+00
7.46E-01	0.00E+00
7.46E-01	0.00E+00
7.47E-01	0.00E+00
7.47E-01	0.00E+00
7.48E-01	0.00E+00
7.48E-01	0.00E+00
7.49E-01	0.00E+00
7.49E-01	0.00E+00
7.50E-01	0.00E+00
7.50E-01	0.00E+00
7.51E-01	0.00E+00
7.51E-01	0.00E+00
7.52E-01	0.00E+00
7.52E-01	0.00E+00
7.53E-01	0.00E+00
7.53E-01	0.00E+00
7.54E-01	0.00E+00
7.54E-01	0.00E+00
7.55E-01	0.00E+00
7.55E-01	0.00E+00
7.56E-01	0.00E+00
7.56E-01	0.00E+00
7.57E-01	0.00E+00
7.57E-01	0.00E+00
7.58E-01	0.00E+00
7.58E-01	0.00E+00
7.59E-01	0.00E+00
7.59E-01	0.00E+00
7.60E-01	0.00E+00
7.60E-01	0.00E+00
7.61E-01	0.00E+00
7.61E-01	0.00E+00
7.62E-01	0.00E+00
7.62E-01	0.00E+00
7.63E-01	0.00E+00
7.63E-01	0.00E+00
7.64E-01	0.00E+00
7.64E-01	0.00E+00
7.65E-01	0.00E+00
7.65E-01	0.00E+00
7.66E-01	0.00E+00
7.66E-01	0.00E+00
7.67E-01	0.00E+00
7.67E-01	0.00E+00
7.68E-01	0.00E+00
7.68E-01	0.00E+00
7.69E-01	0.00E+00
7.69E-01	0.00E+00
7.70E-01	0.00E+00
7.70E-01	0.00E+00
7.71E-01	0.00E+00
7.71E-01	0.00E+00
7.72E-01	0.00E+00
7.72E-01	0.00E+00
7.73E-01	0.00E+00
7.73E-01	0.00E+00
7.74E-01	0.00E+00
7.74E-01	0.00E+00
7.75E-01	0.00E+00
7.75E-01	0.00E+00
7.76E-01	0.00E+00
7.76E-01	0.00E+00
7.77E-01	0.00E+00
7.77E-01	0.00E+00
7.78E-01	0.00E+00
7.78E-01	0.00E+00
7.79E-01	0.00E+00
7.79E-01	0.00E+00
7.80E-01	0.00E+00
7.80E-01	0.00E+00
7.81E-01	0.00E+00
7.81E-01	0.00E+00
7.82E-01	0.00E+00
7.82E-01	0.00E+00
7.83E-01	0.00E+00
7.83E-01	0.00E+00
7.84E-01	0.00E+00
7.84E-01	0.00E+00
7.85E-01	0.00E+00
7.85E-01	0.00E+00
7.86E-01	0.00E+00
7.86E-01	0.00E+00
7.87E-01	0.00E+00
7.87E-01	0.00E+00
7.88E-01	0.00E+00
7.88E-01	0.00E+00
7.89E-01	0.00E+00
7.89E-01	0.00E+00
7.90E-01	0.00E+00
7.90E-01	0.00E+00
7.91E-01	0.00E+00
7.91E-01	0.00E+00
7.92E-01	0.00E+00
7.92E-01	0.00E+00
7.93E-01	0.00E+00
7.93E-01	0.00E+00
7.94E-01	0.00E+00
7.94E-01	0.00E+00
7.95E-01	0.00E+00
7.95E-01	0.00E+00
7.96E-01	0.00E+00
7.96E-01	0.00E+00
7.97E-01	0.00E+00
7.97E-01	0.00E+00
7.98E-01	0.00E+00
7.98E-01	0.00E+00
7.99E-01	0.00E+00
7.99E-01	0.00E+00
8.00E-01	0.00E+00
8.00E-01	0.00E+00
8.01E-01	0.00E+00
8.01E-01	0.00E+00
8.02E-01	0.00E+00
8.02E-01	0.00E+00
8.03E-01	0.00E+00
8.03E-01	0.00E+00
8.04E-01	0.00E+00
8.04E-01	0.00E+00
8.05E-01	0.00E+00
8.05E-01	0.00E+00
8.06E-01	0.00E+00
8.06E-01	0.00E+00
8.07E-01	0.00E+00
8.07E-01	0.00E+00
8.08E-01	0.00E+00
8.08E-01	0.00E+00
8.09E-01	0.00E+00
8.09E-01	0.00E+00
8.10E-01	0.00E+00
8.10E-01	0.00E+00
8.11E-01	0.00E+00
8.11E-01	0.00E+00
8.12E-01	0.00E+00
8.12E-01	0.00E+00
8.13E-01	0.00E+00
8.13E-01	0.00E+00
8.14E-01	0.00E+00
8.14E-01	0.00E+00
8.15E-01	0.00E+00
8.15E-01	0.00E+00
8.16E-01	0.00E+00
8.16E-01	0.00E+00
8.17E-01	0.00E+00
8.17E-01	0.00E+00
8.18E-01	0.00E+00
8.18E-01	0.00E+00
8.19E-01	0.00E+00
8.19E-01	0.00E+00
8.20E-01	0.00E+00
8.20E-01	0.00E+00
8.21E-01	0.00E+00
8.21E-01	0.00E+00
8.22E-01	0.00E+00
8.22E-01	0.00E+00
8.23E-01	0.00E+00
8.23E-01	0.00E+00
8.24E-01	0.00E+00
8.24E-01	0.00E+00
8.25E-01	0.00E+00
8.25E-01	0.00E+00
8.26E-01	0.00E+00
8.26E-01	0.00E+00
8.27E-01	0.00E+00
8.27E-01	0.00E+00
8.28E-01	0.00E+00
8.28E-01	0.00E+00
8.29E-01	0.00E+00
8.29E-01	0.00E+00
8.30E-01	0.00E+00
8.30E-01	0.00E+00
8.31E-01	0.00E+00
8.31E-01	0.00E+00
8.32E-01	1.25E-02
8.32E-01	2.48E-02
8.33E-01	3.68E-02
8.33E-01	4.87E-02
8.34E-01	6.04E-02
8.34E-01	7.19E-02
8.35E-01	8.32E-02
8.35E-01	9.44E-02
8.36E-01	1.05E-01
8.36E-01	1.16E-01
8.37E-01	1.27E-01
8.37E-01	1.37E-01
8.38E-01	1.48E-01
8.38E-01	1.58E-01
8.39E-01	1.68E-01
8.39E-01	1.77E-01
8.40E-01	1.87E-01
8.40E-01	1.97E-01
8.41E-01	2.06E-01
8.41E-01	2.15E-01
8.42E-01	2.24E-01
8.42E-01	2.33E-01
8.43E-01	2.42E-01
8.43E-01	2.51E-01
8.44E-01	2.59E-01
8.44E-01	2.68E-01
8.45E-01	2.76E-01
8.45E-01	2.84E-01
8.46E-01	2.92E-01
8.46E-01	3.00E-01
8.47E-01	3.08E-01
8.47E-01	3.16E-01
8.48E-01	3.23E-01
8.48E-01	3.31E-01
8.49E-01	3.38E-01
8.49E-01	3.45E-01
8.50E-01	3.52E-01
8.50E-01	3.59E-01
8.51E-01	3.66E-01
8.51E-01	3.73E-01
8.52E-01	3.80E-01
8.52E-01	3.87E-01
8.53E-01	3.93E-01
8.53E-01	4.00E-01
8.54E-01	4.06E-01
8.54E-01	4.12E-01
8.55E-01	4.19E-01
8.55E-01	4.25E-01
8.56E-01	4.31E-01
8.56E-01	4.37E-01
8.57E-01	4.42E-01
8.57E-01	4.48E-01
8.58E-01	4.54E-01
8.58E-01	4.60E-01
8.59E-01	4.65E-01
8.59E-01	4.71E-01
8.60E-01	4.76E-01
8.60E-01	4.81E-01
8.61E-01	4.87E-01
8.61E-01	4.92E-01
8.62E-01	4.97E-01
8.62E-01	5.02E-01
8.63E-01	5.07E-01
8.63E-01	5.12E-01
8.64E-01	5.17E-01
8.64E-01	5.21E-01
8.65E-01	5.26E-01
8.65E-01	5.31E-01
8.66E-01	5.35E-01
8.66E-01	5.40E-01
8.67E-01	5.44E-01
8.67E-01	5.49E-01
8.68E-01	5.53E-01
8.68E-01	5.57E-01
8.69E-01	5.62E-01
8.69E-01	5.66E-01
8.70E-01	5.70E-01
8.70E-01	5.74E-01
8.71E-01	5.78E-01
8.71E-01	5.82E-01
8.72E-01	5.86E-01
8.72E-01	5.90E-01
8.73E-01	5.94E-01
8.73E-01	5.97E-01
8.74E-01	6.01E-01
8.74E-01	6.05E-01
8.75E-01	6.08E-01
8.75E-01	6.12E-01
8.76E-01	6.16E-01
8.76E-01	6.19E-01
8.77E-01	6.23E-01
8.77E-01	6.26E-01
8.78E-01	6.29E-01
8.78E-01	6.33E-01
8.79E-01	6.36E-01
8.79E-01	6.39E-01
8.80E-01	6.42E-01
8.80E-01	6.46E-01
8.81E-01	6.49E-01
8.81E-01	6.52E-01
8.82E-01	6.55E-01
8.82E-01	6.58E-01
8.83E-01	6.61E-01
8.83E-01	6.64E-01
8.84E-01	6.67E-01
8.84E-01	6.70E-01
8.85E-01	6.73E-01
8.85E-01	6.75E-01
8.86E-01	6.78E-01
8.86E-01	6.81E-01
8.87E-01	6.84E-01
8.87E-01	6.86E-01
8.88E-01	6.89E-01
8.88E-01	6.92E-01
8.89E-01	6.94E-01
8.89E-01	6.97E-01
8.90E-01	6.99E-01
8.90E-01	7.02E-01
8.91E-01	7.04E-01
8.91E-01	7.07E-01
8.92E-01	7.09E-01
8.92E-01	7.12E-01
8.93E-01	7.14E-01
8.93E-01	7.16E-01
8.94E-01	7.19E-01
8.94E-01	7.21E-01
8.95E-01	7.23E-01
8.95E-01	7.25E-01
8.96E-01	7.28E-01
8.96E-01	7.30E-01
8.97E-01	7.32E-01
8.97E-01	7.34E-01
8.98E-01	7.36E-01
8.98E-01	7.38E-01
8.99E-01	7.40E-01
8.99E-01	7.43E-01
9.00E-01	7.45E-01
9.00E-01	7.47E-01
9.01E-01	7.49E-01
9.01E-01	7.51E-01
9.02E-01	7.52E-01
9.02E-01	7.54E-01
9.03E-01	7.56E-01
9.03E-01	7.58E-01
9.04E-01	7.60E-01
9.04E-01	7.62E-01
9.05E-01	7.64E-01
9.05E-01	7.65E-01
9.06E-01	7.67E-01
9.06E-01	7.69E-01
9.07E-01	7.71E-01
9.07E-01	7.73E-01
9.08E-01	7.74E-01
9.08E-01	7.76E-01
9.09E-01	7.78E-01
9.09E-01	7.79E-01
9.10E-01	7.81E-01
9.10E-01	7.82E-01
9.11E-01	7.84E-01
9.11E-01	7.86E-01
9.12E-01	7.87E-01
9.12E-01	7.89E-01
9.13E-01	7.90E-01
9.13E-01	7.92E-01
9.14E-01	7.93E-01
9.14E-01	7.95E-01
9.15E-01	7.96E-01
9.15E-01	7.98E-01
9.16E-01	7.99E-01
9.16E-01	8.01E-01
9.17E-01	8.02E-01
9.17E-01	8.04E-01
9.18E-01	8.05E-01
9.18E-01	8.06E-01
9.19E-01	8.08E-01
9.19E-01	8.09E-01
9.20E-01	8.10E-01
9.20E-01	8.12E-01
9.21E-01	8.13E-01
9.21E-01	8.14E-01
9.22E-01	8.16E-01
9.22E-01	8.17E-01
9.23E-01	8.18E-01
9.23E-01	8.19E-01
9.24E-01	8.21E-01
9.24E-01	8.22E-01
9.25E-01	8.23E-01
9.25E-01	8.24E-01
9.26E-01	8.25E-01
9.26E-01	8.27E-01
9.27E-01	8.28E-01
9.27E-01	8.29E-01
9.28E-01	8.30E-01
9.28E-01	8.31E-01
9.29E-01	8.32E-01
9.29E-01	8.33E-01
9.30E-01	8.35E-01
9.30E-01	8.36E-01
9.31E-01	8.37E-01
9.31E-01	8.38E-01
9.32E-01	8.39E-01
9.32E-01	8.40E-01
9.33E-01	8.41E-01
9.33E-01	8.42E-01
9.34E-01	8.43E-01
9.34E-01	8.44E-01
9.35E-01	8.45E-01
9.35E-01	8.46E-01
9.36E-01	8.47E-01
9.36E-01	8.48E-01
9.37E-01	8.49E-01
9.37E-01	8.50E-01
9.38E-01	8.51E-01
9.38E-01	8.52E-01
9.39E-01	8.53E-01
9.39E-01	8.54E-01
9.40E-01	8.55E-01
9.40E-01	8.56E-01
9.41E-01	8.56E-01
9.41E-01	8.57E-01
9.42E-01	8.58E-01
9.42E-01	8.59E-01
9.43E-01	8.60E-01
9.43E-01	8.61E-01
9.44E-01	8.62E-01
9.44E-01	8.63E-01
9.45E-01	8.63E-01
9.45E-01	8.64E-01
9.46E-01	8.65E-01
9.46E-01	8.66E-01
9.47E-01	8.67E-01
9.47E-01	8.67E-01
9.48E-01	8.68E-01
9.48E-01	8.69E-01
9.49E-01	8.70E-01
9.49E-01	8.71E-01
9.50E-01	8.71E-01
9.50E-01	8.72E-01
9.51E-01	8.73E-01
9.51E-01	8.74E-01
9.52E-01	8.74E-01
9.52E-01	8.75E-01
9.53E-01	8.76E-01
9.53E-01	8.77E-01
9.54E-01	8.77E-01
9.54E-01	8.78E-01
9.55E-01	8.79E-01
9.55E-01	8.79E-01
9.56E-01	8.80E-01
9.56E-01	8.81E-01
9.57E-01	8.82E-01
9.57E-01	8.82E-01
9.58E-01	8.83E-01
9.58E-01	8.84E-01
9.59E-01	8.84E-01
9.59E-01	8.85E-01
9.60E-01	8.85E-01
9.60E-01	8.86E-01
9.61E-01	8.87E-01
9.61E-01	8.87E-01
9.62E-01	8.88E-01
9.62E-01	8.89E-01
9.63E-01	8.89E-01
9.63E-01	8.90E-01
9.64E-01	8.91E-01
9.64E-01	8.91E-01
9.65E-01	8.92E-01
9.65E-01	8.92E-01
9.66E-01	8.93E-01
9.66E-01	8.94E-01
9.67E-01	8.94E-01
9.67E-01	8.95E-01
9.68E-01	8.95E-01
9.68E-01	8.96E-01
9.69E-01	8.96E-01
9.69E-01	8.97E-01
9.70E-01	8.97E-01
9.70E-01	8.98E-01
9.71E-01	8.99E-01
9.71E-01	8.99E-01
9.72E-01	9.00E-01
9.72E-01	9.00E-01
9.73E-01	9.01E-01
9.73E-01	9.01E-01
9.74E-01	9.02E-01
9.74E-01	9.02E-01
9.75E-01	9.03E-01
9.75E-01	9.03E-01
9.76E-01	9.04E-01
9.76E-01	9.04E-01
9.77E-01	9.05E-01
9.77E-01	9.05E-01
9.78E-01	9.06E-01
9.78E-01	9.06E-01
9.79E-01	9.07E-01
9.79E-01	9.07E-01
9.80E-01	9.08E-01
9.80E-01	9.08E-01
9.81E-01	9.09E-01
9.81E-01	9.09E-01
9.82E-01	9.10E-01
9.82E-01	9.10E-01
9.83E-01	9.10E-01
9.83E-01	9.11E-01
9.84E-01	9.11E-01
9.84E-01	9.12E-01
9.85E-01	9.12E-01
9.85E-01	9.13E-01
9.86E-01	9.13E-01
9.86E-01	9.14E-01
9.87E-01	9.14E-01
9.87E-01	9.14E-01
9.88E-01	9.15E-01
9.88E-01	9.15E-01
9.89E-01	9.16E-01
9.89E-01	9.16E-01
9.90E-01	9.17E-01
9.90E-01	9.17E-01
9.91E-01	9.17E-01
9.91E-01	9.18E-01
9.92E-01	9.18E-01
9.92E-01	9.19E-01
9.93E-01	9.19E-01
9.93E-01	9.19E-01
9.94E-01	9.20E-01
9.94E-01	9.20E-01
9.95E-01	9.20E-01
9.95E-01	9.21E-01
9.96E-01	9.21E-01
9.96E-01	9.22E-01
9.97E-01	9.22E-01
9.97E-01	9.22E-01
9.98E-01	9.23E-01
9.98E-01	9.23E-01
9.99E-01	9.23E-01
9.99E-01	9.24E-01
1.00E+00	9.24E-01
1	9.24E-01
1	9.25E-01
1.001	9.25E-01
1.002	9.26E-01
1.002	9.26E-01
1.003	9.26E-01
1.003	9.27E-01
1.003	9.27E-01
1.004	9.27E-01
1.005	9.28E-01
1.005	9.28E-01
1.005	9.28E-01
1.006	9.29E-01
1.007	9.29E-01
1.007	9.29E-01
1.008	9.30E-01
1.008	9.30E-01
1.008	9.30E-01
1.009	9.30E-01
1.01	9.31E-01
1.01	9.31E-01
1.01	9.31E-01
1.011	9.32E-01
1.012	9.32E-01
1.012	9.32E-01
1.013	9.33E-01
1.013	9.33E-01
1.013	9.33E-01
1.014	9.33E-01
1.015	9.34E-01
1.015	9.34E-01
1.015	9.34E-01
1.016	9.35E-01
1.016	9.35E-01
1.017	9.35E-01
1.018	9.35E-01
1.018	9.36E-01
1.018	9.36E-01
1.019	9.36E-01
1.02	9.37E-01
1.02	9.37E-01
1.02	9.37E-01
1.021	9.37E-01
1.021	9.38E-01
1.022	9.38E-01
1.023	9.38E-01
1.023	9.38E-01
1.023	9.39E-01
1.024	9.39E-01
1.025	9.39E-01
1.025	9.39E-01
1.026	9.40E-01
1.026	9.40E-01
1.026	9.40E-01
1.027	9.40E-01
1.028	9.41E-01
1.028	9.41E-01
1.028	9.41E-01
1.029	9.41E-01
1.03	9.42E-01
1.03	9.42E-01
1.031	9.42E-01
1.031	9.42E-01
1.031	9.43E-01
1.032	9.43E-01
1.033	9.43E-01
1.033	9.43E-01
1.033	9.44E-01
1.034	9.44E-01
1.035	9.44E-01
1.035	9.44E-01
1.036	9.44E-01
1.036	9.45E-01
1.036	9.45E-01
1.037	9.45E-01
1.038	9.45E-01
1.038	9.46E-01
1.038	9.46E-01
1.039	9.46E-01
1.039	9.46E-01
1.04	9.46E-01
1.041	9.47E-01
1.041	9.47E-01
1.041	9.47E-01
1.042	9.47E-01
1.043	9.47E-01
1.043	9.48E-01
1.043	9.48E-01
1.044	9.48E-01
1.044	9.48E-01
1.045	9.48E-01
1.046	9.49E-01
1.046	9.49E-01
1.046	9.49E-01
1.047	9.49E-01
1.048	9.49E-01
1.048	9.50E-01
1.048	9.50E-01
1.049	9.50E-01
1.049	9.50E-01
1.05	9.50E-01
1.051	9.51E-01
1.051	9.51E-01
1.051	9.51E-01
1.052	9.51E-01
1.053	9.51E-01
1.053	9.51E-01
1.054	9.52E-01
1.054	9.52E-01
1.054	9.52E-01
1.055	9.52E-01
1.056	9.52E-01
1.056	9.53E-01
1.056	9.53E-01
1.057	9.53E-01
1.058	9.53E-01
1.058	9.53E-01
1.059	9.53E-01
1.059	9.54E-01
1.059	9.54E-01
1.06	9.54E-01
1.061	9.54E-01
1.061	9.54E-01
1.061	9.54E-01
1.062	9.55E-01
1.062	9.55E-01
1.063	9.55E-01
1.064	9.55E-01
1.064	9.55E-01
1.064	9.55E-01
1.065	9.56E-01
1.066	9.56E-01
1.066	9.56E-01
1.066	9.56E-01
1.067	9.56E-01
1.067	9.56E-01
1.068	9.56E-01
1.069	9.57E-01
1.069	9.57E-01
1.069	9.57E-01
1.07	9.57E-01
1.071	9.57E-01
1.071	9.57E-01
1.071	9.57E-01
1.072	9.58E-01
1.072	9.58E-01
1.073	9.58E-01
1.074	9.58E-01
1.074	9.58E-01
1.074	9.58E-01
1.075	9.59E-01
1.076	9.59E-01
1.076	9.59E-01
1.077	9.59E-01
1.077	9.59E-01
1.077	9.59E-01
1.078	9.59E-01
1.079	9.59E-01
1.079	9.60E-01
1.079	9.60E-01
1.08	9.60E-01
1.081	9.60E-01
1.081	9.60E-01
1.082	9.60E-01
1.082	9.60E-01
1.082	9.61E-01
1.083	9.61E-01
1.084	9.61E-01
1.084	9.61E-01
1.084	9.61E-01
1.085	9.61E-01
1.086	9.61E-01
1.086	9.61E-01
1.087	9.62E-01
1.087	9.62E-01
1.087	9.62E-01
1.088	9.62E-01
1.089	9.62E-01
1.089	9.62E-01
1.089	9.62E-01
1.09	9.62E-01
1.09	9.63E-01
1.091	9.63E-01
1.092	9.63E-01
1.092	9.63E-01
1.092	9.63E-01
1.093	9.63E-01
1.094	9.63E-01
1.094	9.63E-01
1.094	9.64E-01
1.095	9.64E-01
1.095	9.64E-01
1.096	9.64E-01
1.097	9.64E-01
1.097	9.64E-01
1.097	9.64E-01
1.098	9.64E-01
1.099	9.64E-01
1.099	9.65E-01
1.099	9.65E-01
1.1	9.65E-01
1.1	9.65E-01
1.101	9.65E-01
1.102	9.65E-01
1.102	9.65E-01
1.102	9.65E-01
1.103	9.65E-01
1.104	9.66E-01
1.104	9.66E-01
1.105	9.66E-01
1.105	9.66E-01
1.105	9.66E-01
1.106	9.66E-01
1.107	9.66E-01
1.107	9.66E-01
1.107	9.66E-01
1.108	9.66E-01
1.109	9.66E-01
1.109	9.66E-01
1.11	9.66E-01
1.11	9.66E-01
1.11	9.66E-01
1.111	9.66E-01
1.112	9.66E-01
1.112	9.66E-01
1.112	9.66E-01
1.113	9.66E-01
1.113	9.66E-01
1.114	9.66E-01
1.115	9.66E-01
1.115	9.66E-01
1.115	9.66E-01
1.116	9.66E-01
1.117	9.66E-01
1.117	9.66E-01
1.117	9.66E-01
1.118	9.66E-01
1.118	9.66E-01
1.119	9.66E-01
1.12	9.66E-01
1.12	9.66E-01
1.12	9.66E-01
1.121	9.66E-01
1.122	9.66E-01
1.122	9.66E-01
1.122	9.66E-01
1.123	9.66E-01
1.123	9.66E-01
1.124	9.66E-01
1.125	9.66E-01
1.125	9.66E-01
1.125	9.66E-01
1.126	9.66E-01
1.127	9.66E-01
1.127	9.66E-01
1.128	9.66E-01
1.128	9.66E-01
1.128	9.66E-01
1.129	9.66E-01
1.13	9.66E-01
1.13	9.66E-01
1.13	9.66E-01
1.131	9.66E-01
1.132	9.66E-01
1.132	9.66E-01
1.133	9.66E-01
1.133	9.66E-01
1.133	9.66E-01
1.134	9.66E-01
1.135	9.66E-01
1.135	9.66E-01
1.135	9.66E-01
1.136	9.66E-01
1.137	9.66E-01
1.137	9.66E-01
1.138	9.66E-01
1.138	9.66E-01
1.138	9.66E-01
1.139	9.66E-01
1.14	9.66E-01
1.14	9.66E-01
1.14	9.66E-01
1.141	9.66E-01
1.141	9.66E-01
1.142	9.66E-01
1.143	9.66E-01
1.143	9.66E-01
1.143	9.66E-01
1.144	9.66E-01
1.145	9.66E-01
1.145	9.66E-01
1.145	9.66E-01
1.146	9.66E-01
1.146	9.66E-01
1.147	9.66E-01
1.148	9.66E-01
1.148	9.66E-01
1.148	9.66E-01
1.149	9.66E-01
1.15	9.66E-01
1.15	9.66E-01
1.151	9.66E-01
1.151	9.66E-01
1.151	9.66E-01
1.152	9.66E-01
1.153	9.66E-01
1.153	9.66E-01
1.153	9.66E-01
1.154	9.66E-01
1.155	9.66E-01
1.155	9.66E-01
1.156	9.66E-01
1.156	9.66E-01
1.156	9.66E-01
1.157	9.66E-01
1.158	9.66E-01
1.158	9.66E-01
1.158	9.66E-01
1.159	9.66E-01
1.16	9.66E-01
1.16	9.66E-01
1.161	9.66E-01
1.161	9.66E-01
1.161	9.66E-01
1.162	9.66E-01
1.163	9.66E-01
1.163	9.66E-01
1.163	9.66E-01
1.164	9.66E-01
1.164	9.66E-01
1.165	9.66E-01
1.166	9.66E-01
1.166	9.66E-01
1.166	9.66E-01
1.167	9.66E-01
1.168	9.66E-01
1.168	9.66E-01
1.168	9.66E-01
1.169	9.66E-01
1.169	9.66E-01
1.17	9.66E-01
1.171	9.66E-01
1.171	9.66E-01
1.171	9.66E-01
1.172	9.66E-01
1.173	9.66E-01
1.173	9.66E-01
1.173	9.66E-01
1.174	9.66E-01
1.174	9.66E-01
1.175	9.66E-01
1.176	9.66E-01
1.176	9.66E-01
1.176	9.66E-01
1.177	9.66E-01
1.178	9.66E-01
1.178	9.66E-01
1.179	9.66E-01
1.179	9.66E-01
1.179	9.66E-01
1.18	9.66E-01
1.181	9.66E-01
1.181	9.66E-01
1.181	9.66E-01
1.182	9.66E-01
1.183	9.66E-01
1.183	9.66E-01
1.184	9.66E-01
1.184	9.66E-01
1.184	9.66E-01
1.185	9.66E-01
1.186	9.66E-01
1.186	9.66E-01
1.186	9.66E-01
1.187	9.66E-01
1.188	9.66E-01
1.188	9.66E-01
1.189	9.66E-01
1.189	9.66E-01
1.189	9.66E-01
1.19	9.66E-01
1.191	9.66E-01
1.191	9.66E-01
1.191	9.66E-01
1.192	9.66E-01
1.192	9.66E-01
1.193	9.66E-01
1.194	9.66E-01
1.194	9.66E-01
1.194	9.66E-01
1.195	9.66E-01
1.196	9.66E-01
1.196	9.66E-01
1.196	9.66E-01
1.197	9.66E-01
1.197	9.66E-01
1.198	9.66E-01
1.199	9.66E-01
1.199	9.66E-01
1.199	9.66E-01
1.2	9.66E-01
1.201	9.66E-01
1.201	9.66E-01
1.202	9.66E-01
1.202	9.66E-01
1.202	9.66E-01
1.203	9.66E-01
1.204	9.66E-01
1.204	9.66E-01
1.204	9.66E-01
1.205	9.66E-01
1.206	9.66E-01
1.206	9.66E-01
1.207	9.66E-01
1.207	9.66E-01
1.207	9.66E-01
1.208	9.66E-01
1.209	9.66E-01
1.209	9.66E-01
1.209	9.66E-01
1.21	9.66E-01
1.211	9.66E-01
1.211	9.66E-01
1.212	9.66E-01
1.212	9.66E-01
1.212	9.66E-01
1.213	9.66E-01
1.214	9.66E-01
1.214	9.66E-01
1.214	9.66E-01
1.215	9.66E-01
1.215	9.66E-01
1.216	9.66E-01
1.217	9.66E-01
1.217	9.66E-01
1.217	9.66E-01
1.218	9.66E-01
1.219	9.66E-01
1.219	9.66E-01
1.219	9.66E-01
1.22	9.66E-01
1.22	9.66E-01
1.221	9.66E-01
1.222	9.66E-01
1.222	9.66E-01
1.222	9.66E-01
1.223	9.66E-01
1.224	9.66E-01
1.224	9.66E-01
1.224	9.66E-01
1.225	9.66E-01
1.225	9.66E-01
1.226	9.66E-01
1.227	9.66E-01
1.227	9.66E-01
1.227	9.66E-01
1.228	9.66E-01
1.229	9.66E-01
1.229	9.66E-01
1.23	9.66E-01
1.23	9.66E-01
1.23	9.66E-01
1.231	9.66E-01
1.232	9.66E-01
1.232	9.66E-01
1.232	9.66E-01
1.233	9.66E-01
1.234	9.66E-01
1.234	9.66E-01
1.235	9.66E-01
1.235	9.66E-01
1.235	9.66E-01
1.236	9.66E-01
1.237	9.66E-01
1.237	9.66E-01
1.237	9.66E-01
1.238	9.66E-01
1.238	9.66E-01
1.239	9.66E-01
1.24	9.66E-01
1.24	9.66E-01
1.24	9.66E-01
1.241	9.66E-01
1.242	9.66E-01
1.242	9.66E-01
1.242	9.66E-01
1.243	9.66E-01
1.243	9.66E-01
1.244	9.66E-01
1.245	9.66E-01
1.245	9.66E-01
1.245	9.66E-01
1.246	9.66E-01
1.247	9.66E-01
1.247	9.66E-01
1.247	9.66E-01
1.248	9.66E-01
1.248	9.66E-01
1.249	9.66E-01
1.25	9.66E-01
1.25	9.66E-01
1.25	9.66E-01
1.251	9.66E-01
1.252	9.66E-01
1.252	9.66E-01
1.253	9.66E-01
1.253	9.66E-01
1.253	9.66E-01
1.254	9.66E-01
1.255	9.66E-01
1.255	9.66E-01
1.255	9.66E-01
1.256	9.66E-01
1.257	9.66E-01
1.257	9.66E-01
1.258	9.66E-01
1.258	9.66E-01
1.258	9.66E-01
1.259	9.66E-01
1.26	9.66E-01
1.26	9.66E-01
1.26	9.66E-01
1.261	9.66E-01
1.262	9.66E-01
1.262	9.66E-01
1.263	9.66E-01
1.263	9.66E-01
1.263	9.66E-01
1.264	9.66E-01
1.265	9.66E-01
1.265	9.66E-01
1.265	9.66E-01
1.266	9.66E-01
1.266	9.66E-01
1.267	9.66E-01
1.268	9.66E-01
1.268	9.66E-01
1.268	9.66E-01
1.269	9.66E-01
1.27	9.66E-01
1.27	9.66E-01
1.27	9.66E-01
1.271	9.66E-01
1.271	9.66E-01
1.272	9.66E-01
1.273	9.66E-01
1.273	9.66E-01
1.273	9.66E-01
1.274	9.66E-01
1.275	9.66E-01
1.275	9.66E-01
1.276	9.66E-01
1.276	9.66E-01
1.276	9.66E-01
1.277	9.66E-01
1.278	9.66E-01
1.278	9.66E-01
1.278	9.66E-01
1.279	9.66E-01
1.28	9.66E-01
1.28	9.66E-01
1.281	9.66E-01
1.281	9.66E-01
1.281	9.66E-01
1.282	9.66E-01
1.283	9.66E-01
1.283	9.66E-01
1.283	9.66E-01
1.284	9.66E-01
1.285	9.66E-01
1.285	9.66E-01
1.286	9.66E-01
1.286	9.66E-01
1.286	9.66E-01
1.287	9.66E-01
1.288	9.66E-01
1.288	9.66E-01
1.288	9.66E-01
1.289	9.66E-01
1.289	9.66E-01
1.29	9.66E-01
1.291	9.66E-01
1.291	9.66E-01
1.291	9.66E-01
1.292	9.66E-01
1.293	9.66E-01
1.293	9.66E-01
1.293	9.66E-01
1.294	9.66E-01
1.294	9.66E-01
1.295	9.66E-01
1.296	9.66E-01
1.296	9.66E-01
1.296	9.66E-01
1.297	9.66E-01
1.298	9.66E-01
1.298	9.66E-01
1.298	9.66E-01
1.299	9.66E-01
1.299	9.66E-01
1.3	9.66E-01
1.301	9.66E-01
1.301	9.66E-01
1.301	9.66E-01
1.302	9.66E-01
1.303	9.66E-01
1.303	9.66E-01
1.304	9.66E-01
1.304	9.66E-01
1.304	9.66E-01
1.305	9.66E-01
1.306	9.66E-01
1.306	9.66E-01
1.306	9.66E-01
1.307	9.66E-01
1.308	9.66E-01
1.308	9.66E-01
1.309	9.66E-01
1.309	9.66E-01
1.309	9.66E-01
1.31	9.66E-01
1.311	9.66E-01
1.311	9.66E-01
1.311	9.66E-01
1.312	9.66E-01
1.312	9.66E-01
1.313	9.66E-01
1.314	9.66E-01
1.314	9.66E-01
1.314	9.66E-01
1.315	9.66E-01
1.316	9.66E-01
1.316	9.66E-01
1.316	9.66E-01
1.317	9.66E-01
1.317	9.66E-01
1.318	9.66E-01
1.319	9.66E-01
1.319	9.66E-01
1.319	9.66E-01
1.32	9.66E-01
1.321	9.66E-01
1.321	9.66E-01
1.321	9.66E-01
1.322	9.66E-01
1.322	9.66E-01
1.323	9.66E-01
1.324	9.66E-01
1.324	9.66E-01
1.324	9.66E-01
1.325	9.66E-01
1.326	9.66E-01
1.326	9.66E-01
1.327	9.66E-01
1.327	9.66E-01
1.327	9.66E-01
1.328	9.66E-01
1.329	9.66E-01
1.329	9.66E-01
1.329	9.66E-01
1.33	9.66E-01
1.331	9.66E-01
1.331	9.66E-01
1.332	9.66E-01
1.332	9.66E-01
1.332	9.66E-01
1.333	9.66E-01
1.334	9.66E-01
1.334	9.66E-01
1.334	9.66E-01
1.335	9.66E-01
1.336	9.66E-01
1.336	9.66E-01
1.337	9.66E-01
1.337	9.66E-01
1.337	9.66E-01
1.338	9.66E-01
1.339	9.66E-01
1.339	9.66E-01
1.339	9.66E-01
1.34	9.66E-01
1.34	9.66E-01
1.341	9.66E-01
1.342	9.66E-01
1.342	9.66E-01
1.342	9.66E-01
1.343	9.66E-01
1.344	9.66E-01
1.344	9.66E-01
1.344	9.66E-01
1.345	9.66E-01
1.345	9.66E-01
1.346	9.66E-01
1.347	9.66E-01
1.347	9.66E-01
1.347	9.66E-01
1.348	9.66E-01
1.349	9.66E-01
1.349	9.66E-01
1.349	9.66E-01
1.35	9.66E-01
1.35	9.66E-01
1.351	9.66E-01
1.352	9.66E-01
1.352	9.66E-01
1.352	9.66E-01
1.353	9.66E-01
1.354	9.66E-01
1.354	9.66E-01
1.355	9.66E-01
1.355	9.66E-01
1.355	9.66E-01
1.356	9.66E-01
1.357	9.66E-01
1.357	9.66E-01
1.357	9.66E-01
1.358	9.66E-01
1.359	9.66E-01
1.359	9.66E-01
1.36	9.66E-01
1.36	9.66E-01
1.36	9.66E-01
1.361	9.66E-01
1.362	9.66E-01
1.362	9.66E-01
1.362	9.66E-01
1.363	9.66E-01
1.363	9.66E-01
1.364	9.66E-01
1.365	9.66E-01
1.365	9.66E-01
1.365	9.66E-01
1.366	9.66E-01
1.367	9.66E-01
1.367	9.66E-01
1.367	9.66E-01
1.368	9.66E-01
1.368	9.66E-01
1.369	9.66E-01
1.37	9.66E-01
1.37	9.66E-01
1.37	9.66E-01
1.371	9.66E-01
1.372	9.66E-01
1.372	9.66E-01
1.372	9.66E-01
1.373	9.66E-01
1.373	9.66E-01
1.374	9.66E-01
1.375	9.66E-01
1.375	9.66E-01
1.375	9.66E-01
1.376	9.66E-01
1.377	9.66E-01
1.377	9.66E-01
1.378	9.66E-01
1.378	9.66E-01
1.378	9.66E-01
1.379	9.66E-01
1.38	9.66E-01
1.38	9.66E-01
1.38	9.66E-01
1.381	9.66E-01
1.382	9.66E-01
1.382	9.66E-01
1.383	9.66E-01
1.383	9.66E-01
1.383	9.66E-01
1.384	9.66E-01
1.385	9.66E-01
1.385	9.66E-01
1.385	9.66E-01
1.386	9.66E-01
1.387	9.66E-01
1.387	9.66E-01
1.388	9.66E-01
1.388	9.66E-01
1.388	9.66E-01
1.389	9.66E-01
1.39	9.66E-01
1.39	9.66E-01
1.39	9.66E-01
1.391	9.66E-01
1.391	9.66E-01
1.392	9.66E-01
1.393	9.66E-01
1.393	9.66E-01
1.393	9.66E-01
1.394	9.66E-01
1.395	9.66E-01
1.395	9.66E-01
1.395	9.66E-01
1.396	9.66E-01
1.396	9.66E-01
1.397	9.66E-01
1.398	9.66E-01
1.398	9.66E-01
1.398	9.66E-01
1.399	9.66E-01
1.4	9.66E-01
1.4	9.66E-01
1.401	9.66E-01
1.401	9.66E-01
1.401	9.66E-01
1.402	9.66E-01
1.403	9.66E-01
1.403	9.66E-01
1.403	9.66E-01
1.404	9.66E-01
1.405	9.66E-01
1.405	9.66E-01
1.406	9.66E-01
1.406	9.66E-01
1.406	9.66E-01
1.407	9.66E-01
1.408	9.66E-01
1.408	9.66E-01
1.408	9.66E-01
1.409	9.66E-01
1.41	9.66E-01
1.41	9.66E-01
1.411	9.66E-01
1.411	9.66E-01
1.411	9.66E-01
1.412	9.66E-01
1.413	9.66E-01
1.413	9.66E-01
1.413	9.66E-01
1.414	9.66E-01
1.414	9.66E-01
1.415	9.66E-01
1.416	9.66E-01
1.416	9.66E-01
1.416	9.66E-01
1.417	9.66E-01
1.418	9.66E-01
1.418	9.66E-01
1.418	9.66E-01
1.419	9.66E-01
1.419	9.66E-01
1.42	9.66E-01
1.421	9.66E-01
1.421	9.66E-01
1.421	9.66E-01
1.422	9.66E-01
1.423	9.66E-01
1.423	9.66E-01
1.423	9.66E-01
1.424	9.66E-01
1.424	9.66E-01
1.425	9.66E-01
1.426	9.66E-01
1.426	9.66E-01
1.426	9.66E-01
1.427	9.66E-01
1.428	9.66E-01
1.428	9.66E-01
1.429	9.66E-01
1.429	9.66E-01
1.429	9.66E-01
1.43	9.66E-01
1.431	9.66E-01
1.431	9.66E-01
1.431	9.66E-01
1.432	9.66E-01
1.433	9.66E-01
1.433	9.66E-01
1.434	9.66E-01
1.434	9.66E-01
1.434	9.66E-01
1.435	9.66E-01
1.436	9.66E-01
1.436	9.66E-01
1.436	9.66E-01
1.437	9.66E-01
1.438	9.66E-01
1.438	9.66E-01
1.439	9.66E-01
1.439	9.66E-01
1.439	9.66E-01
1.44	9.66E-01
1.441	9.66E-01
1.441	9.66E-01
1.441	9.66E-01
1.442	9.66E-01
1.442	9.66E-01
1.443	9.66E-01
1.444	9.66E-01
1.444	9.66E-01
1.444	9.66E-01
1.445	9.66E-01
1.446	9.66E-01
1.446	9.66E-01
1.446	9.66E-01
1.447	9.66E-01
1.447	9.66E-01
1.448	9.66E-01
1.449	9.66E-01
1.449	9.66E-01
1.449	9.66E-01
1.45	9.66E-01
1.451	9.66E-01
1.451	9.66E-01
1.452	9.66E-01
1.452	9.66E-01
1.452	9.66E-01
1.453	9.66E-01
1.454	9.66E-01
1.454	9.66E-01
1.454	9.66E-01
1.455	9.66E-01
1.456	9.66E-01
1.456	9.66E-01
1.457	9.66E-01
1.457	9.66E-01
1.457	9.66E-01
1.458	9.66E-01
1.459	9.66E-01
1.459	9.66E-01
1.459	9.66E-01
1.46	9.66E-01
1.461	9.66E-01
1.461	9.66E-01
1.462	9.66E-01
1.462	9.66E-01
1.462	9.66E-01
1.463	9.66E-01
1.464	9.66E-01
1.464	9.66E-01
1.464	9.66E-01
1.465	9.66E-01
1.465	9.66E-01
1.466	9.66E-01
1.467	9.66E-01
1.467	9.66E-01
1.467	9.66E-01
1.468	9.66E-01
1.469	9.66E-01
1.469	9.66E-01
1.469	9.66E-01
1.47	9.66E-01
1.47	9.66E-01
1.471	9.66E-01
1.472	9.66E-01
1.472	9.66E-01
1.472	9.66E-01
1.473	9.66E-01
1.474	9.66E-01
1.474	9.66E-01
1.474	9.66E-01
1.475	9.66E-01
1.475	9.66E-01
1.476	9.66E-01
1.477	9.66E-01
1.477	9.66E-01
1.477	9.66E-01
1.478	9.66E-01
1.479	9.66E-01
1.479	9.66E-01
1.48	9.66E-01
1.48	9.66E-01
1.48	9.66E-01
1.481	9.66E-01
1.482	9.66E-01
1.482	9.66E-01
1.482	9.66E-01
1.483	9.66E-01
1.484	9.66E-01
1.484	9.66E-01
1.485	9.66E-01
1.485	9.66E-01
1.485	9.66E-01
1.486	9.66E-01
1.487	9.66E-01
1.487	9.66E-01
1.487	9.66E-01
1.488	9.66E-01
1.488	9.66E-01
1.489	9.66E-01
1.49	9.66E-01
1.49	9.66E-01
1.49	9.66E-01
1.491	9.66E-01
1.492	9.66E-01
1.492	9.66E-01
1.492	9.66E-01
1.493	9.66E-01
1.493	9.66E-01
1.494	9.66E-01
1.495	9.66E-01
1.495	9.66E-01
1.495	9.66E-01
1.496	9.66E-01
1.497	9.66E-01
1.497	9.66E-01
1.497	9.66E-01
1.498	9.66E-01
1.498	9.66E-01
1.499	9.66E-01
1.5	9.66E-01
1.5	9.66E-01
1.5	9.66E-01
1.501	9.66E-01
1.502	9.66E-01
1.502	9.66E-01
1.503	9.66E-01
1.503	9.66E-01
1.503	9.66E-01
1.504	9.66E-01
1.505	9.66E-01
1.505	9.66E-01
1.505	9.66E-01
1.506	9.66E-01
1.507	9.66E-01
1.507	9.66E-01
1.508	9.66E-01
1.508	9.66E-01
1.508	9.66E-01
1.509	9.66E-01
1.51	9.66E-01
1.51	9.66E-01
1.51	9.66E-01
1.511	9.66E-01
1.512	9.66E-01
1.512	9.66E-01
1.513	9.66E-01
1.513	9.66E-01
1.513	9.66E-01
1.514	9.66E-01
1.515	9.66E-01
1.515	9.66E-01
1.515	9.66E-01
1.516	9.66E-01
1.516	9.66E-01
1.517	9.66E-01
1.518	9.66E-01
1.518	9.66E-01
1.518	9.66E-01
1.519	9.66E-01
1.52	9.66E-01
1.52	9.66E-01
1.52	9.66E-01
1.521	9.66E-01
1.521	9.66E-01
1.522	9.66E-01
1.523	9.66E-01
1.523	9.66E-01
1.523	9.66E-01
1.524	9.66E-01
1.525	9.66E-01
1.525	9.66E-01
1.526	9.66E-01
1.526	9.66E-01
1.526	9.66E-01
1.527	9.66E-01
1.528	9.66E-01
1.528	9.66E-01
1.528	9.66E-01
1.529	9.66E-01
1.53	9.66E-01
1.53	9.66E-01
1.531	9.66E-01
1.531	9.66E-01
1.531	9.66E-01
1.532	9.66E-01
1.533	9.66E-01
1.533	9.66E-01
1.533	9.66E-01
1.534	9.66E-01
1.535	9.66E-01
1.535	9.66E-01
1.536	9.66E-01
1.536	9.66E-01
1.536	9.66E-01
1.537	9.66E-01
1.538	9.66E-01
1.538	9.66E-01
1.538	9.66E-01
1.539	9.66E-01
1.539	9.66E-01
1.54	9.66E-01
1.541	9.66E-01
1.541	9.66E-01
1.541	9.66E-01
1.542	9.66E-01
1.543	9.66E-01
1.543	9.66E-01
1.543	9.66E-01
1.544	9.66E-01
1.544	9.66E-01
1.545	9.66E-01
1.546	9.66E-01
1.546	9.66E-01
1.546	9.66E-01
1.547	9.66E-01
1.548	9.66E-01
1.548	9.66E-01
1.548	9.66E-01
1.549	9.66E-01
1.549	9.66E-01
1.55	9.66E-01
1.551	9.66E-01
1.551	9.66E-01
1.551	9.66E-01
1.552	9.66E-01
1.553	9.66E-01
1.553	9.66E-01
1.554	9.66E-01
1.554	9.66E-01
1.554	9.66E-01
1.555	9.66E-01
1.556	9.66E-01
1.556	9.66E-01
1.556	9.66E-01
1.557	9.66E-01
1.558	9.66E-01
1.558	9.66E-01
1.559	9.66E-01
1.559	9.66E-01
1.559	9.66E-01
1.56	9.66E-01
1.561	9.66E-01
1.561	9.66E-01
1.561	9.66E-01
1.562	9.66E-01
1.562	9.66E-01
1.563	9.66E-01
1.564	9.66E-01
1.564	9.66E-01
1.564	9.66E-01
1.565	9.66E-01
1.566	9.66E-01
1.566	9.66E-01
1.566	9.66E-01
1.567	9.66E-01
1.567	9.66E-01
1.568	9.66E-01
1.569	9.66E-01
1.569	9.66E-01
1.569	9.66E-01
1.57	9.66E-01
1.571	9.66E-01
1.571	9.66E-01
1.571	9.66E-01
1.572	9.66E-01
1.572	9.66E-01
1.573	9.66E-01
1.574	9.66E-01
1.574	9.66E-01
1.574	9.66E-01
1.575	9.66E-01
1.576	9.66E-01
1.576	9.66E-01
1.577	9.66E-01
1.577	9.66E-01
1.577	9.66E-01
1.578	9.66E-01
1.579	9.66E-01
1.579	9.66E-01
1.579	9.66E-01
1.58	9.66E-01
1.581	9.66E-01
1.581	9.66E-01
1.582	9.66E-01
1.582	9.66E-01
1.582	9.66E-01
1.583	9.66E-01
1.584	9.66E-01
1.584	9.66E-01
1.584	9.66E-01
1.585	9.66E-01
1.586	9.66E-01
1.586	9.66E-01
1.587	9.66E-01
1.587	9.66E-01
1.587	9.66E-01
1.588	9.66E-01
1.589	9.66E-01
1.589	9.66E-01
1.589	9.66E-01
1.59	9.66E-01
1.59	9.66E-01
1.591	9.66E-01
1.592	9.66E-01
1.592	9.66E-01
1.592	9.66E-01
1.593	9.66E-01
1.594	9.66E-01
1.594	9.66E-01
1.594	9.66E-01
1.595	9.66E-01
1.595	9.66E-01
1.596	9.66E-01
1.597	9.66E-01
1.597	9.66E-01
1.597	9.66E-01
1.598	9.66E-01
1.599	9.66E-01
1.599	9.66E-01
1.599	9.66E-01
1.6	9.66E-01
1.6	9.66E-01
1.601	9.66E-01
1.602	9.66E-01
1.602	9.66E-01
1.602	9.66E-01
1.603	9.66E-01
1.604	9.66E-01
1.604	9.66E-01
1.605	9.66E-01
1.605	9.66E-01
1.605	9.66E-01
1.606	9.66E-01
1.607	9.66E-01
1.607	9.66E-01
1.607	9.66E-01
1.608	9.66E-01
1.609	9.66E-01
1.609	9.66E-01
1.61	9.66E-01
1.61	9.66E-01
1.61	9.66E-01
1.611	9.66E-01
1.612	9.66E-01
1.612	9.66E-01
1.612	9.66E-01
1.613	9.66E-01
1.613	9.66E-01
1.614	9.66E-01
1.615	9.66E-01
1.615	9.66E-01
1.615	9.66E-01
1.616	9.66E-01
1.617	9.66E-01
1.617	9.66E-01
1.617	9.66E-01
1.618	9.66E-01
1.618	9.66E-01
1.619	9.66E-01
1.62	9.66E-01
1.62	9.66E-01
1.62	9.66E-01
1.621	9.66E-01
1.622	9.66E-01
1.622	9.66E-01
1.622	9.66E-01
1.623	9.66E-01
1.623	9.66E-01
1.624	9.66E-01
1.625	9.66E-01
1.625	9.66E-01
1.625	9.66E-01
1.626	9.66E-01
1.627	9.66E-01
1.627	9.66E-01
1.628	9.66E-01
1.628	9.66E-01
1.628	9.66E-01
1.629	9.66E-01
1.63	9.66E-01
1.63	9.66E-01
1.63	9.66E-01
1.631	9.66E-01
1.632	9.66E-01
1.632	9.66E-01
1.633	9.66E-01
1.633	9.66E-01
1.633	9.66E-01
1.634	9.66E-01
1.635	9.66E-01
1.635	9.66E-01
1.635	9.66E-01
1.636	9.66E-01
1.637	9.66E-01
1.637	9.66E-01
1.638	9.66E-01
1.638	9.66E-01
1.638	9.66E-01
1.639	9.66E-01
1.64	9.66E-01
1.64	9.66E-01
1.64	9.66E-01
1.641	9.66E-01
1.641	9.66E-01
1.642	9.66E-01
1.643	9.66E-01
1.643	9.66E-01
1.643	9.66E-01
1.644	9.66E-01
1.645	9.66E-01
1.645	9.66E-01
1.645	9.66E-01
1.646	9.66E-01
1.646	9.66E-01
1.647	9.66E-01
1.648	9.66E-01
1.648	9.66E-01
1.648	9.66E-01
1.649	9.66E-01
1.65	9.66E-01
1.65	9.66E-01
1.651	9.66E-01
1.651	9.66E-01
1.651	9.66E-01
1.652	9.66E-01
1.653	9.66E-01
1.653	9.66E-01
1.653	9.66E-01
1.654	9.66E-01
1.655	9.66E-01
1.655	9.66E-01
1.656	9.66E-01
1.656	9.66E-01
1.656	9.66E-01
1.657	9.66E-01
1.658	9.66E-01
1.658	9.66E-01
1.658	9.66E-01
1.659	9.66E-01
1.66	9.66E-01
1.66	9.66E-01
1.661	9.66E-01
1.661	9.66E-01
1.661	9.66E-01
1.662	9.66E-01
1.663	9.66E-01
1.663	9.66E-01
1.663	9.66E-01
1.664	9.66E-01
1.664	9.66E-01
1.665	9.66E-01
1.666	9.66E-01
1.666	9.66E-01
1.666	9.66E-01
1.667	9.66E-01
1.668	9.66E-01
1.668	9.66E-01
1.668	9.66E-01
1.669	9.66E-01
1.669	9.66E-01
1.67	9.66E-01
1.671	9.66E-01
1.671	9.66E-01
1.671	9.66E-01
1.672	9.66E-01
1.673	9.66E-01
1.673	9.66E-01
1.673	9.66E-01
1.674	9.66E-01
1.674	9.66E-01
1.675	9.66E-01
1.676	9.66E-01
1.676	9.66E-01
1.676	9.66E-01
1.677	9.66E-01
1.678	9.66E-01
1.678	9.66E-01
1.679	9.66E-01
1.679	9.66E-01
1.679	9.66E-01
1.68	9.66E-01
1.681	9.66E-01
1.681	9.66E-01
1.681	9.66E-01
1.682	9.66E-01
1.683	9.66E-01
1.683	9.66E-01
1.684	9.66E-01
1.684	9.66E-01
1.684	9.66E-01
1.685	9.66E-01
1.686	9.66E-01
1.686	9.66E-01
1.686	9.66E-01
1.687	9.66E-01
1.688	9.66E-01
1.688	9.66E-01
1.689	9.66E-01
1.689	9.66E-01
1.689	9.66E-01
1.69	9.66E-01
1.691	9.66E-01
1.691	9.66E-01
1.691	9.66E-01
1.692	9.66E-01
1.692	9.66E-01
1.693	9.66E-01
1.694	9.66E-01
1.694	9.66E-01
1.694	9.66E-01
1.695	9.66E-01
1.696	9.66E-01
1.696	9.66E-01
1.696	9.66E-01
1.697	9.66E-01
1.697	9.66E-01
1.698	9.66E-01
1.699	9.66E-01
1.699	9.66E-01
1.699	9.66E-01
1.7	9.66E-01
1.701	9.66E-01
1.701	9.66E-01
1.702	9.66E-01
1.702	9.66E-01
1.702	9.66E-01
1.703	9.66E-01
1.704	9.66E-01
1.704	9.66E-01
1.704	9.66E-01
1.705	9.66E-01
1.706	9.66E-01
1.706	9.66E-01
1.707	9.66E-01
1.707	9.66E-01
1.707	9.66E-01
1.708	9.66E-01
1.709	9.66E-01
1.709	9.66E-01
1.709	9.66E-01
1.71	9.66E-01
1.711	9.66E-01
1.711	9.66E-01
1.712	9.66E-01
1.712	9.66E-01
1.712	9.66E-01
1.713	9.66E-01
1.714	9.66E-01
1.714	9.66E-01
1.714	9.66E-01
1.715	9.66E-01
1.715	9.66E-01
1.716	9.66E-01
1.717	9.66E-01
1.717	9.66E-01
1.717	9.66E-01
1.718	9.66E-01
1.719	9.66E-01
1.719	9.66E-01
1.719	9.66E-01
1.72	9.66E-01
1.72	9.66E-01
1.721	9.66E-01
1.722	9.66E-01
1.722	9.66E-01
1.722	9.66E-01
1.723	9.66E-01
1.724	9.66E-01
1.724	9.66E-01
1.724	9.66E-01
1.725	9.66E-01
1.725	9.66E-01
1.726	9.66E-01
1.727	9.66E-01
1.727	9.66E-01
1.727	9.66E-01
1.728	9.66E-01
1.729	9.66E-01
1.729	9.66E-01
1.73	9.66E-01
1.73	9.66E-01
1.73	9.66E-01
1.731	9.66E-01
1.732	9.66E-01
1.732	9.66E-01
1.732	9.66E-01
1.733	9.66E-01
1.734	9.66E-01
1.734	9.66E-01
1.735	9.66E-01
1.735	9.66E-01
1.735	9.66E-01
1.736	9.66E-01
1.737	9.66E-01
1.737	9.66E-01
1.737	9.66E-01
1.738	9.66E-01
1.738	9.66E-01
1.739	9.66E-01
1.74	9.66E-01
1.74	9.66E-01
1.74	9.66E-01
1.741	9.66E-01
1.742	9.66E-01
1.742	9.66E-01
1.742	9.66E-01
1.743	9.66E-01
1.743	9.66E-01
1.744	9.66E-01
1.745	9.66E-01
1.745	9.66E-01
1.745	9.66E-01
1.746	9.66E-01
1.747	9.66E-01
1.747	9.66E-01
1.747	9.66E-01
1.748	9.66E-01
1.748	9.66E-01
1.749	9.66E-01
1.75	9.66E-01
1.75	9.66E-01
1.75	9.66E-01
1.751	9.66E-01
1.752	9.66E-01
1.752	9.66E-01
1.753	9.66E-01
1.753	9.66E-01
1.753	9.66E-01
1.754	9.66E-01
1.755	9.66E-01
1.755	9.66E-01
1.755	9.66E-01
1.756	9.66E-01
1.757	9.66E-01
1.757	9.66E-01
1.758	9.66E-01
1.758	9.66E-01
1.758	9.66E-01
1.759	9.66E-01
1.76	9.66E-01
1.76	9.66E-01
1.76	9.66E-01
1.761	9.66E-01
1.762	9.66E-01
1.762	9.66E-01
1.763	9.66E-01
1.763	9.66E-01
1.763	9.66E-01
1.764	9.66E-01
1.765	9.66E-01
1.765	9.66E-01
1.765	9.66E-01
1.766	9.66E-01
1.766	9.66E-01
1.767	9.66E-01
1.768	9.66E-01
1.768	9.66E-01
1.768	9.66E-01
1.769	9.66E-01
1.77	9.66E-01
1.77	9.66E-01
1.77	9.66E-01
1.771	9.66E-01
1.771	9.66E-01
1.772	9.66E-01
1.773	9.66E-01
1.773	9.66E-01
1.773	9.66E-01
1.774	9.66E-01
1.775	9.66E-01
1.775	9.66E-01
1.776	9.66E-01
1.776	9.66E-01
1.776	9.66E-01
1.777	9.66E-01
1.778	9.66E-01
1.778	9.66E-01
1.778	9.66E-01
1.779	9.66E-01
1.78	9.66E-01
1.78	9.66E-01
1.781	9.66E-01
1.781	9.66E-01
1.781	9.66E-01
1.782	9.66E-01
1.783	9.66E-01
1.783	9.66E-01
1.783	9.66E-01
1.784	9.66E-01
1.785	9.66E-01
1.785	9.66E-01
1.786	9.66E-01
1.786	9.66E-01
1.786	9.66E-01
1.787	9.66E-01
1.788	9.66E-01
1.788	9.66E-01
1.788	9.66E-01
1.789	9.66E-01
1.789	9.66E-01
1.79	9.66E-01
1.791	9.66E-01
1.791	9.66E-01
1.791	9.66E-01
1.792	9.66E-01
1.793	9.66E-01
1.793	9.66E-01
1.793	9.66E-01
1.794	9.66E-01
1.794	9.66E-01
1.795	9.66E-01
1.796	9.66E-01
1.796	9.66E-01
1.796	9.66E-01
1.797	9.66E-01
1.798	9.66E-01
1.798	9.66E-01
1.798	9.66E-01
1.799	9.66E-01
1.799	9.66E-01
1.8	9.66E-01
1.801	9.66E-01
1.801	9.66E-01
1.801	9.66E-01
1.802	9.66E-01
1.803	9.66E-01
1.803	9.66E-01
1.804	9.66E-01
1.804	9.66E-01
1.804	9.66E-01
1.805	9.66E-01
1.806	9.66E-01
1.806	9.66E-01
1.806	9.66E-01
1.807	9.66E-01
1.808	9.66E-01
1.808	9.66E-01
1.809	9.66E-01
1.809	9.66E-01
1.809	9.66E-01
1.81	9.66E-01
1.811	9.66E-01
1.811	9.66E-01
1.811	9.66E-01
1.812	9.66E-01
1.812	9.66E-01
1.813	9.66E-01
1.814	9.66E-01
1.814	9.66E-01
1.814	9.66E-01
1.815	9.66E-01
1.816	9.66E-01
1.816	9.66E-01
1.816	9.66E-01
1.817	9.66E-01
1.817	9.66E-01
1.818	9.66E-01
1.819	9.66E-01
1.819	9.66E-01
1.819	9.66E-01
1.82	9.66E-01
1.821	9.66E-01
1.821	9.66E-01
1.821	9.66E-01
1.822	9.66E-01
1.822	9.66E-01
1.823	9.66E-01
1.824	9.66E-01
1.824	9.66E-01
1.824	9.66E-01
1.825	9.66E-01
1.826	9.66E-01
1.826	9.66E-01
1.827	9.66E-01
1.827	9.66E-01
1.827	9.66E-01
1.828	9.66E-01
1.829	9.66E-01
1.829	9.66E-01
1.829	9.66E-01
1.83	9.66E-01
1.831	9.66E-01
1.831	9.66E-01
1.832	9.66E-01
1.832	9.66E-01
1.832	9.66E-01
1.833	9.66E-01
1.834	9.66E-01
1.834	9.66E-01
1.834	9.66E-01
1.835	9.66E-01
1.836	9.66E-01
1.836	9.66E-01
1.837	9.66E-01
1.837	9.66E-01
1.837	9.66E-01
1.838	9.66E-01
1.839	9.66E-01
1.839	9.66E-01
1.839	9.66E-01
1.84	9.66E-01
1.84	9.66E-01
1.841	9.66E-01
1.842	9.66E-01
1.842	9.66E-01
1.842	9.66E-01
1.843	9.66E-01
1.844	9.66E-01
1.844	9.66E-01
1.844	9.66E-01
1.845	9.66E-01
1.845	9.66E-01
1.846	9.66E-01
1.847	9.66E-01
1.847	9.66E-01
1.847	9.66E-01
1.848	9.66E-01
1.849	9.66E-01
1.849	9.66E-01
1.849	9.66E-01
1.85	9.66E-01
1.85	9.66E-01
1.851	9.66E-01
1.852	9.66E-01
1.852	9.66E-01
1.852	9.66E-01
1.853	9.66E-01
1.854	9.66E-01
1.854	9.66E-01
1.855	9.66E-01
1.855	9.66E-01
1.855	9.66E-01
1.856	9.66E-01
1.857	9.66E-01
1.857	9.66E-01
1.857	9.66E-01
1.858	9.66E-01
1.859	9.66E-01
1.859	9.66E-01
1.86	9.66E-01
1.86	9.66E-01
1.86	9.66E-01
1.861	9.66E-01
1.862	9.66E-01
1.862	9.66E-01
1.862	9.66E-01
1.863	9.66E-01
1.863	9.66E-01
1.864	9.66E-01
1.865	9.66E-01
1.865	9.66E-01
1.865	9.66E-01
1.866	9.66E-01
1.867	9.66E-01
1.867	9.66E-01
1.867	9.66E-01
1.868	9.66E-01
1.868	9.66E-01
1.869	9.66E-01
1.87	9.66E-01
1.87	9.66E-01
1.87	9.66E-01
1.871	9.66E-01
1.872	9.66E-01
1.872	9.66E-01
1.872	9.66E-01
1.873	9.66E-01
1.873	9.66E-01
1.874	9.66E-01
1.875	9.66E-01
1.875	9.66E-01
1.875	9.66E-01
1.876	9.66E-01
1.877	9.66E-01
1.877	9.66E-01
1.878	9.66E-01
1.878	9.66E-01
1.878	9.66E-01
1.879	9.66E-01
1.88	9.66E-01
1.88	9.66E-01
1.88	9.66E-01
1.881	9.66E-01
1.882	9.66E-01
1.882	9.66E-01
1.883	9.66E-01
1.883	9.66E-01
1.883	9.66E-01
1.884	9.66E-01
1.885	9.66E-01
1.885	9.66E-01
1.885	9.66E-01
1.886	9.66E-01
1.887	9.66E-01
1.887	9.66E-01
1.888	9.66E-01
1.888	9.66E-01
1.888	9.66E-01
1.889	9.66E-01
1.89	9.66E-01
1.89	9.66E-01
1.89	9.66E-01
1.891	9.66E-01
1.891	9.66E-01
1.892	9.66E-01
1.893	9.66E-01
1.893	9.66E-01
1.893	9.66E-01
1.894	9.66E-01
1.895	9.66E-01
1.895	9.66E-01
1.895	9.66E-01
1.896	9.66E-01
1.896	9.66E-01
1.897	9.66E-01
1.898	9.66E-01
1.898	9.66E-01
1.898	9.66E-01
1.899	9.66E-01
1.9	9.66E-01
1.9	9.66E-01
1.901	9.66E-01
1.901	9.66E-01
1.901	9.66E-01
1.902	9.66E-01
1.903	9.66E-01
1.903	9.66E-01
1.903	9.66E-01
1.904	9.66E-01
1.905	9.66E-01
1.905	9.66E-01
1.906	9.66E-01
1.906	9.66E-01
1.906	9.66E-01
1.907	9.66E-01
1.908	9.66E-01
1.908	9.66E-01
1.908	9.66E-01
1.909	9.66E-01
1.91	9.66E-01
1.91	9.66E-01
1.911	9.66E-01
1.911	9.66E-01
1.911	9.66E-01
1.912	9.66E-01
1.913	9.66E-01
1.913	9.66E-01
1.913	9.66E-01
1.914	9.66E-01
1.914	9.66E-01
1.915	9.66E-01
1.916	9.66E-01
1.916	9.66E-01
1.916	9.66E-01
1.917	9.66E-01
1.918	9.66E-01
1.918	9.66E-01
1.918	9.66E-01
1.919	9.66E-01
1.919	9.66E-01
1.92	9.66E-01
1.921	9.66E-01
1.921	9.66E-01
1.921	9.66E-01
1.922	9.66E-01
1.923	9.66E-01
1.923	9.66E-01
1.923	9.66E-01
1.924	9.66E-01
1.924	9.66E-01
1.925	9.66E-01
1.926	9.66E-01
1.926	9.66E-01
1.926	9.66E-01
1.927	9.66E-01
1.928	9.66E-01
1.928	9.66E-01
1.929	9.66E-01
1.929	9.66E-01
1.929	9.66E-01
1.93	9.66E-01
1.931	9.66E-01
1.931	9.66E-01
1.931	9.66E-01
1.932	9.66E-01
1.933	9.66E-01
1.933	9.66E-01
1.934	9.66E-01
1.934	9.66E-01
1.934	9.66E-01
1.935	9.66E-01
1.936	9.66E-01
1.936	9.66E-01
1.936	9.66E-01
1.937	9.66E-01
1.938	9.66E-01
1.938	9.66E-01
1.939	9.66E-01
1.939	9.66E-01
1.939	9.66E-01
1.94	9.66E-01
1.941	9.66E-01
1.941	9.66E-01
1.941	9.66E-01
1.942	9.66E-01
1.942	9.66E-01
1.943	9.66E-01
1.944	9.66E-01
1.944	9.66E-01
1.944	9.66E-01
1.945	9.66E-01
1.946	9.66E-01
1.946	9.66E-01
1.946	9.66E-01
1.947	9.66E-01
1.947	9.66E-01
1.948	9.66E-01
1.949	9.66E-01
1.949	9.66E-01
1.949	9.66E-01
1.95	9.66E-01
1.951	9.66E-01
1.951	9.66E-01
1.952	9.66E-01
1.952	9.66E-01
1.952	9.66E-01
1.953	9.66E-01
1.954	9.66E-01
1.954	9.66E-01
1.954	9.66E-01
1.955	9.66E-01
1.956	9.66E-01
1.956	9.66E-01
1.957	9.66E-01
1.957	9.66E-01
1.957	9.66E-01
1.958	9.66E-01
1.959	9.66E-01
1.959	9.66E-01
1.959	9.66E-01
1.96	9.66E-01
1.961	9.66E-01
1.961	9.66E-01
1.962	9.66E-01
1.962	9.66E-01
1.962	9.66E-01
1.963	9.66E-01
1.964	9.66E-01
1.964	9.66E-01
1.964	9.66E-01
1.965	9.66E-01
1.965	9.66E-01
1.966	9.66E-01
1.967	9.66E-01
1.967	9.66E-01
1.967	9.66E-01
1.968	9.66E-01
1.969	9.66E-01
1.969	9.66E-01
1.969	9.66E-01
1.97	9.66E-01
1.97	9.66E-01
1.971	9.66E-01
1.972	9.66E-01
1.972	9.66E-01
1.972	9.66E-01
1.973	9.66E-01
1.974	9.66E-01
1.974	9.66E-01
1.974	9.66E-01
1.975	9.66E-01
1.975	9.66E-01
1.976	9.66E-01
1.977	9.66E-01
1.977	9.66E-01
1.977	9.66E-01
1.978	9.66E-01
1.979	9.66E-01
1.979	9.66E-01
1.98	9.66E-01
1.98	9.66E-01
1.98	9.66E-01
1.981	9.66E-01
1.982	9.66E-01
1.982	9.66E-01
1.982	9.66E-01
1.983	9.66E-01
1.984	9.66E-01
1.984	9.66E-01
1.985	9.66E-01
1.985	9.66E-01
1.985	9.66E-01
1.986	9.66E-01
1.987	9.66E-01
1.987	9.66E-01
1.987	9.66E-01
1.988	9.66E-01
1.988	9.66E-01
1.989	9.66E-01
1.99	9.66E-01
1.99	9.66E-01
1.99	9.66E-01
1.991	9.66E-01
1.992	9.66E-01
1.992	9.66E-01
1.992	9.66E-01
1.993	9.66E-01
1.993	9.66E-01
1.994	9.66E-01
1.995	9.66E-01
1.995	9.66E-01
1.995	9.66E-01
1.996	9.66E-01
1.997	9.66E-01
1.997	9.66E-01
1.997	9.66E-01
1.998	9.66E-01
1.998	9.66E-01
1.999	9.66E-01
2	9.66E-01
2	9.66E-01
2	9.66E-01
2.001	9.66E-01
2.001	9.66E-01
2.002	9.66E-01
2.003	9.66E-01
2.003	9.66E-01
2.003	9.66E-01
2.004	9.66E-01
2.004	9.66E-01
2.005	9.66E-01
2.006	9.66E-01
2.006	9.66E-01
2.007	9.66E-01
2.007	9.66E-01
2.007	9.66E-01
2.008	9.66E-01
2.009	9.66E-01
2.009	9.66E-01
2.01	9.66E-01
2.01	9.66E-01
2.01	9.66E-01
2.011	9.66E-01
2.011	9.66E-01
2.012	9.66E-01
2.013	9.66E-01
2.013	9.66E-01
2.013	9.66E-01
2.014	9.66E-01
2.014	9.66E-01
2.015	9.66E-01
2.016	9.66E-01
2.016	9.66E-01
2.016	9.66E-01
2.017	9.66E-01
2.017	9.66E-01
2.018	9.66E-01
2.019	9.66E-01
2.019	9.66E-01
2.02	9.66E-01
2.02	9.66E-01
2.02	9.66E-01
2.021	9.66E-01
2.022	9.66E-01
2.022	9.66E-01
2.023	9.66E-01
2.023	9.66E-01
2.023	9.66E-01
2.024	9.66E-01
2.024	9.66E-01
2.025	9.66E-01
2.026	9.66E-01
2.026	9.66E-01
2.026	9.66E-01
2.027	9.66E-01
2.027	9.66E-01
2.028	9.66E-01
2.029	9.66E-01
2.029	9.66E-01
2.03	9.66E-01
2.03	9.66E-01
2.03	9.66E-01
2.031	9.66E-01
2.032	9.66E-01
2.032	9.66E-01
2.033	9.66E-01
2.033	9.66E-01
2.033	9.66E-01
2.034	9.66E-01
2.034	9.66E-01
2.035	9.66E-01
2.036	9.66E-01
2.036	9.66E-01
2.036	9.66E-01
2.037	9.66E-01
2.037	9.66E-01
2.038	9.66E-01
2.039	9.66E-01
2.039	9.66E-01
2.039	9.66E-01
2.04	9.66E-01
2.04	9.66E-01
2.041	9.66E-01
2.042	9.66E-01
2.042	9.66E-01
2.043	9.66E-01
2.043	9.66E-01
2.043	9.66E-01
2.044	9.66E-01
2.045	9.66E-01
2.045	9.66E-01
2.046	9.66E-01
2.046	9.66E-01
2.046	9.66E-01
2.047	9.66E-01
2.047	9.66E-01
2.048	9.66E-01
2.049	9.66E-01
2.049	9.66E-01
2.049	9.66E-01
2.05	9.66E-01
2.05	9.66E-01
2.051	9.66E-01
2.052	9.66E-01
2.052	9.66E-01
2.053	9.66E-01
2.053	9.66E-01
2.053	9.66E-01
2.054	9.66E-01
2.055	9.66E-01
2.055	9.66E-01
2.056	9.66E-01
2.056	9.66E-01
2.056	9.66E-01
2.057	9.66E-01
2.057	9.66E-01
2.058	9.66E-01
2.059	9.66E-01
2.059	9.66E-01
2.059	9.66E-01
2.06	9.66E-01
2.06	9.66E-01
2.061	9.66E-01
2.062	9.66E-01
2.062	9.66E-01
2.062	9.66E-01
2.063	9.66E-01
2.063	9.66E-01
2.064	9.66E-01
2.065	9.66E-01
2.065	9.66E-01
2.066	9.66E-01
2.066	9.66E-01
2.066	9.66E-01
2.067	9.66E-01
2.068	9.66E-01
2.068	9.66E-01
2.069	9.66E-01
2.069	9.66E-01
2.069	9.66E-01
2.07	9.66E-01
2.07	9.66E-01
2.071	9.66E-01
2.072	9.66E-01
2.072	9.66E-01
2.072	9.66E-01
2.073	9.66E-01
2.073	9.66E-01
2.074	9.66E-01
2.075	9.66E-01
2.075	9.66E-01
2.076	9.66E-01
2.076	9.66E-01
2.076	9.66E-01
2.077	9.66E-01
2.078	9.66E-01
2.078	9.66E-01
2.079	9.66E-01
2.079	9.66E-01
2.079	9.66E-01
2.08	9.66E-01
2.08	9.66E-01
2.081	9.66E-01
2.082	9.66E-01
2.082	9.66E-01
2.082	9.66E-01
2.083	9.66E-01
2.083	9.66E-01
2.084	9.66E-01
2.085	9.66E-01
2.085	9.66E-01
2.086	9.66E-01
2.086	9.66E-01
2.086	9.66E-01
2.087	9.66E-01
2.088	9.66E-01
2.088	9.66E-01
2.089	9.66E-01
2.089	9.66E-01
2.089	9.66E-01
2.09	9.66E-01
2.091	9.66E-01
2.091	9.66E-01
2.092	9.66E-01
2.092	9.66E-01
2.092	9.66E-01
2.093	9.66E-01
2.093	9.66E-01
2.094	9.66E-01
2.095	9.66E-01
2.095	9.66E-01
2.095	9.66E-01
2.096	9.66E-01
2.096	9.66E-01
2.097	9.66E-01
2.098	9.66E-01
2.098	9.66E-01
2.099	9.66E-01
2.099	9.66E-01
2.099	9.66E-01
2.1	9.66E-01
2.101	9.66E-01
2.101	9.66E-01
2.102	9.66E-01
2.102	9.66E-01
2.102	9.66E-01
2.103	9.66E-01
2.103	9.66E-01
2.104	9.66E-01
2.105	9.66E-01
2.105	9.66E-01
2.105	9.66E-01
2.106	9.66E-01
2.106	9.66E-01
2.107	9.66E-01
2.108	9.66E-01
2.108	9.66E-01
2.109	9.66E-01
2.109	9.66E-01
2.109	9.66E-01
2.11	9.66E-01
2.111	9.66E-01
2.111	9.66E-01
2.112	9.66E-01
2.112	9.66E-01
2.112	9.66E-01
2.113	9.66E-01
2.114	9.66E-01
2.114	9.66E-01
2.115	9.66E-01
2.115	9.66E-01
2.115	9.66E-01
2.116	9.66E-01
2.116	9.66E-01
2.117	9.66E-01
2.118	9.66E-01
2.118	9.66E-01
2.118	9.66E-01
2.119	9.66E-01
2.119	9.66E-01
2.12	9.66E-01
2.121	9.66E-01
2.121	9.66E-01
2.122	9.66E-01
2.122	9.66E-01
2.122	9.66E-01
2.123	9.66E-01
2.124	9.66E-01
2.124	9.66E-01
2.125	9.66E-01
2.125	9.66E-01
2.125	9.66E-01
2.126	9.66E-01
2.126	9.66E-01
2.127	9.66E-01
2.128	9.66E-01
2.128	9.66E-01
2.128	9.66E-01
2.129	9.66E-01
2.129	9.66E-01
2.13	9.66E-01
2.131	9.66E-01
2.131	9.66E-01
2.132	9.66E-01
2.132	9.66E-01
2.132	9.66E-01
2.133	9.66E-01
2.134	9.66E-01
2.134	9.66E-01
2.135	9.66E-01
2.135	9.66E-01
2.135	9.66E-01
2.136	9.66E-01
2.136	9.66E-01
2.137	9.66E-01
2.138	9.66E-01
2.138	9.66E-01
2.138	9.66E-01
2.139	9.66E-01
2.139	9.66E-01
2.14	9.66E-01
2.141	9.66E-01
2.141	9.66E-01
2.141	9.66E-01
2.142	9.66E-01
2.142	9.66E-01
2.143	9.66E-01
2.144	9.66E-01
2.144	9.66E-01
2.145	9.66E-01
2.145	9.66E-01
2.145	9.66E-01
2.146	9.66E-01
2.147	9.66E-01
2.147	9.66E-01
2.148	9.66E-01
2.148	9.66E-01
2.148	9.66E-01
2.149	9.66E-01
2.149	9.66E-01
2.15	9.66E-01
2.151	9.66E-01
2.151	9.66E-01
2.151	9.66E-01
2.152	9.66E-01
2.152	9.66E-01
2.153	9.66E-01
2.154	9.66E-01
2.154	9.66E-01
2.155	9.66E-01
2.155	9.66E-01
2.155	9.66E-01
2.156	9.66E-01
2.157	9.66E-01
2.157	9.66E-01
2.158	9.66E-01
2.158	9.66E-01
2.158	9.66E-01
2.159	9.66E-01
2.159	9.66E-01
2.16	9.66E-01
2.161	9.66E-01
2.161	9.66E-01
2.161	9.66E-01
2.162	9.66E-01
2.162	9.66E-01
2.163	9.66E-01
2.164	9.66E-01
2.164	9.66E-01
2.164	9.66E-01
2.165	9.66E-01
2.165	9.66E-01
2.166	9.66E-01
2.167	9.66E-01
2.167	9.66E-01
2.168	9.66E-01
2.168	9.66E-01
2.168	9.66E-01
2.169	9.66E-01
2.17	9.66E-01
2.17	9.66E-01
2.171	9.66E-01
2.171	9.66E-01
2.171	9.66E-01
2.172	9.66E-01
2.172	9.66E-01
2.173	9.66E-01
2.174	9.66E-01
2.174	9.66E-01
2.174	9.66E-01
2.175	9.66E-01
2.175	9.66E-01
2.176	9.66E-01
2.177	9.66E-01
2.177	9.66E-01
2.178	9.66E-01
2.178	9.66E-01
2.178	9.66E-01
2.179	9.66E-01
2.18	9.66E-01
2.18	9.66E-01
2.181	9.66E-01
2.181	9.66E-01
2.181	9.66E-01
2.182	9.66E-01
2.182	9.66E-01
2.183	9.66E-01
2.184	9.66E-01
2.184	9.66E-01
2.184	9.66E-01
2.185	9.66E-01
2.185	9.66E-01
2.186	9.66E-01
2.187	9.66E-01
2.187	9.66E-01
2.188	9.66E-01
2.188	9.66E-01
2.188	9.66E-01
2.189	9.66E-01
2.19	9.66E-01
2.19	9.66E-01
2.191	9.66E-01
2.191	9.66E-01
2.191	9.66E-01
2.192	9.66E-01
2.193	9.66E-01
2.193	9.66E-01
2.194	9.66E-01
2.194	9.66E-01
2.194	9.66E-01
2.195	9.66E-01
2.195	9.66E-01
2.196	9.66E-01
2.197	9.66E-01
2.197	9.66E-01
2.197	9.66E-01
2.198	9.66E-01
2.198	9.66E-01
2.199	9.66E-01
2.2	9.66E-01
2.2	9.66E-01
2.201	9.66E-01
2.201	9.66E-01
2.201	9.66E-01
2.202	9.66E-01
2.203	9.66E-01
2.203	9.66E-01
2.204	9.66E-01
2.204	9.66E-01
2.204	9.66E-01
2.205	9.66E-01
2.205	9.66E-01
2.206	9.66E-01
2.207	9.66E-01
2.207	9.66E-01
2.207	9.66E-01
2.208	9.66E-01
2.208	9.66E-01
2.209	9.66E-01
2.21	9.66E-01
2.21	9.66E-01
2.211	9.66E-01
2.211	9.66E-01
2.211	9.66E-01
2.212	9.66E-01
2.213	9.66E-01
2.213	9.66E-01
2.214	9.66E-01
2.214	9.66E-01
2.214	9.66E-01
2.215	9.66E-01
2.216	9.66E-01
2.216	9.66E-01
2.217	9.66E-01
2.217	9.66E-01
2.217	9.66E-01
2.218	9.66E-01
2.218	9.66E-01
2.219	9.66E-01
2.22	9.66E-01
2.22	9.66E-01
2.22	9.66E-01
2.221	9.66E-01
2.221	9.66E-01
2.222	9.66E-01
2.223	9.66E-01
2.223	9.66E-01
2.224	9.66E-01
2.224	9.66E-01
2.224	9.66E-01
2.225	9.66E-01
2.226	9.66E-01
2.226	9.66E-01
2.227	9.66E-01
2.227	9.66E-01
2.227	9.66E-01
2.228	9.66E-01
2.228	9.66E-01
2.229	9.66E-01
2.23	9.66E-01
2.23	9.66E-01
2.23	9.66E-01
2.231	9.66E-01
2.231	9.66E-01
2.232	9.66E-01
2.233	9.66E-01
2.233	9.66E-01
2.234	9.66E-01
2.234	9.66E-01
2.234	9.66E-01
2.235	9.66E-01
2.236	9.66E-01
2.236	9.66E-01
2.237	9.66E-01
2.237	9.66E-01
2.237	9.66E-01
2.238	9.66E-01
2.239	9.66E-01
2.239	9.66E-01
2.24	9.66E-01
2.24	9.66E-01
2.24	9.66E-01
2.241	9.66E-01
2.241	9.66E-01
2.242	9.66E-01
2.243	9.66E-01
2.243	9.66E-01
2.243	9.66E-01
2.244	9.66E-01
2.244	9.66E-01
2.245	9.66E-01
2.246	9.66E-01
2.246	9.66E-01
2.247	9.66E-01
2.247	9.66E-01
2.247	9.66E-01
2.248	9.66E-01
2.249	9.66E-01
2.249	9.66E-01
2.25	9.66E-01
2.25	9.66E-01
2.25	9.66E-01
2.251	9.66E-01
2.251	9.66E-01
2.252	9.66E-01
2.253	9.66E-01
2.253	9.66E-01
2.253	9.66E-01
2.254	9.66E-01
2.254	9.66E-01
2.255	9.66E-01
2.256	9.66E-01
2.256	9.66E-01
2.257	9.66E-01
2.257	9.66E-01
2.257	9.66E-01
2.258	9.66E-01
2.259	9.66E-01
2.259	9.66E-01
2.26	9.66E-01
2.26	9.66E-01
2.26	9.66E-01
2.261	9.66E-01
2.261	9.66E-01
2.262	9.66E-01
2.263	9.66E-01
2.263	9.66E-01
2.263	9.66E-01
2.264	9.66E-01
2.264	9.66E-01
2.265	9.66E-01
2.266	9.66E-01
2.266	9.66E-01
2.266	9.66E-01
2.267	9.66E-01
2.267	9.66E-01
2.268	9.66E-01
2.269	9.66E-01
2.269	9.66E-01
2.27	9.66E-01
2.27	9.66E-01
2.27	9.66E-01
2.271	9.66E-01
2.272	9.66E-01
2.272	9.66E-01
2.273	9.66E-01
2.273	9.66E-01
2.273	9.66E-01
2.274	9.66E-01
2.274	9.66E-01
2.275	9.66E-01
2.276	9.66E-01
2.276	9.66E-01
2.276	9.66E-01
2.277	9.66E-01
2.277	9.66E-01
2.278	9.66E-01
2.279	9.66E-01
2.279	9.66E-01
2.28	9.66E-01
2.28	9.66E-01
2.28	9.66E-01
2.281	9.66E-01
2.282	9.66E-01
2.282	9.66E-01
2.283	9.66E-01
2.283	9.66E-01
2.283	9.66E-01
2.284	9.66E-01
2.284	9.66E-01
2.285	9.66E-01
2.286	9.66E-01
2.286	9.66E-01
2.286	9.66E-01
2.287	9.66E-01
2.287	9.66E-01
2.288	9.66E-01
2.289	9.66E-01
2.289	9.66E-01
2.289	9.66E-01
2.29	9.66E-01
2.29	9.66E-01
2.291	9.66E-01
2.292	9.66E-01
2.292	9.66E-01
2.293	9.66E-01
2.293	9.66E-01
2.293	9.66E-01
2.294	9.66E-01
2.295	9.66E-01
2.295	9.66E-01
2.296	9.66E-01
2.296	9.66E-01
2.296	9.66E-01
2.297	9.66E-01
2.297	9.66E-01
2.298	9.66E-01
2.299	9.66E-01
2.299	9.66E-01
2.299	9.66E-01
2.3	9.66E-01
2.3	9.66E-01
2.301	9.66E-01
2.302	9.66E-01
2.302	9.66E-01
2.303	9.66E-01
2.303	9.66E-01
2.303	9.66E-01
2.304	9.66E-01
2.305	9.66E-01
2.305	9.66E-01
2.306	9.66E-01
2.306	9.66E-01
2.306	9.66E-01
2.307	9.66E-01
2.307	9.66E-01
2.308	9.66E-01
2.309	9.66E-01
2.309	9.66E-01
2.309	9.66E-01
2.31	9.66E-01
2.31	9.66E-01
2.311	9.66E-01
2.312	9.66E-01
2.312	9.66E-01
2.312	9.66E-01
2.313	9.66E-01
2.313	9.66E-01
2.314	9.66E-01
2.315	9.66E-01
2.315	9.66E-01
2.316	9.66E-01
2.316	9.66E-01
2.316	9.66E-01
2.317	9.66E-01
2.318	9.66E-01
2.318	9.66E-01
2.319	9.66E-01
2.319	9.66E-01
2.319	9.66E-01
2.32	9.66E-01
2.32	9.66E-01
2.321	9.66E-01
2.322	9.66E-01
2.322	9.66E-01
2.322	9.66E-01
2.323	9.66E-01
2.323	9.66E-01
2.324	9.66E-01
2.325	9.66E-01
2.325	9.66E-01
2.326	9.66E-01
2.326	9.66E-01
2.326	9.66E-01
2.327	9.66E-01
2.328	9.66E-01
2.328	9.66E-01
2.329	9.66E-01
2.329	9.66E-01
2.329	9.66E-01
2.33	9.66E-01
2.33	9.66E-01
2.331	9.66E-01
2.332	9.66E-01
2.332	9.66E-01
2.332	9.66E-01
2.333	9.66E-01
2.333	9.66E-01
2.334	9.66E-01
2.335	9.66E-01
2.335	9.66E-01
2.336	9.66E-01
2.336	9.66E-01
2.336	9.66E-01
2.337	9.66E-01
2.338	9.66E-01
2.338	9.66E-01
2.339	9.66E-01
2.339	9.66E-01
2.339	9.66E-01
2.34	9.66E-01
2.341	9.66E-01
2.341	9.66E-01
2.342	9.66E-01
2.342	9.66E-01
2.342	9.66E-01
2.343	9.66E-01
2.343	9.66E-01
2.344	9.66E-01
2.345	9.66E-01
2.345	9.66E-01
2.345	9.66E-01
2.346	9.66E-01
2.346	9.66E-01
2.347	9.66E-01
2.348	9.66E-01
2.348	9.66E-01
2.349	9.66E-01
2.349	9.66E-01
2.349	9.66E-01
2.35	9.66E-01
2.351	9.66E-01
2.351	9.66E-01
2.352	9.66E-01
2.352	9.66E-01
2.352	9.66E-01
2.353	9.66E-01
2.353	9.66E-01
2.354	9.66E-01
2.355	9.66E-01
2.355	9.66E-01
2.355	9.66E-01
2.356	9.66E-01
2.356	9.66E-01
2.357	9.66E-01
2.358	9.66E-01
2.358	9.66E-01
2.359	9.66E-01
2.359	9.66E-01
2.359	9.66E-01
2.36	9.66E-01
2.361	9.66E-01
2.361	9.66E-01
2.362	9.66E-01
2.362	9.66E-01
2.362	9.66E-01
2.363	9.66E-01
2.364	9.66E-01
2.364	9.66E-01
2.365	9.66E-01
2.365	9.66E-01
2.365	9.66E-01
2.366	9.66E-01
2.366	9.66E-01
2.367	9.66E-01
2.368	9.66E-01
2.368	9.66E-01
2.368	9.66E-01
2.369	9.66E-01
2.369	9.66E-01
2.37	9.66E-01
2.371	9.66E-01
2.371	9.66E-01
2.372	9.66E-01
2.372	9.66E-01
2.372	9.66E-01
2.373	9.66E-01
2.374	9.66E-01
2.374	9.66E-01
2.375	9.66E-01
2.375	9.66E-01
2.375	9.66E-01
2.376	9.66E-01
2.376	9.66E-01
2.377	9.66E-01
2.378	9.66E-01
2.378	9.66E-01
2.378	9.66E-01
2.379	9.66E-01
2.379	9.66E-01
2.38	9.66E-01
2.381	9.66E-01
2.381	9.66E-01
2.382	9.66E-01
2.382	9.66E-01
2.382	9.66E-01
2.383	9.66E-01
2.384	9.66E-01
2.384	9.66E-01
2.385	9.66E-01
2.385	9.66E-01
2.385	9.66E-01
2.386	9.66E-01
2.386	9.66E-01
2.387	9.66E-01
2.388	9.66E-01
2.388	9.66E-01
2.388	9.66E-01
2.389	9.66E-01
2.389	9.66E-01
2.39	9.66E-01
2.391	9.66E-01
2.391	9.66E-01
2.391	9.66E-01
2.392	9.66E-01
2.392	9.66E-01
2.393	9.66E-01
2.394	9.66E-01
2.394	9.66E-01
2.395	9.66E-01
2.395	9.66E-01
2.395	9.66E-01
2.396	9.66E-01
2.397	9.66E-01
2.397	9.66E-01
2.398	9.66E-01
2.398	9.66E-01
2.398	9.66E-01
2.399	9.66E-01
2.399	9.66E-01
2.4	9.66E-01
2.401	9.66E-01
2.401	9.66E-01
2.401	9.66E-01
2.402	9.66E-01
2.402	9.66E-01
2.403	9.66E-01
2.404	9.66E-01
2.404	9.66E-01
2.405	9.66E-01
2.405	9.66E-01
2.405	9.66E-01
2.406	9.66E-01
2.407	9.66E-01
2.407	9.66E-01
2.408	9.66E-01
2.408	9.66E-01
2.408	9.66E-01
2.409	9.66E-01
2.409	9.66E-01
2.41	9.66E-01
2.411	9.66E-01
2.411	9.66E-01
2.411	9.66E-01
2.412	9.66E-01
2.412	9.66E-01
2.413	9.66E-01
2.414	9.66E-01
2.414	9.66E-01
2.414	9.66E-01
2.415	9.66E-01
2.415	9.66E-01
2.416	9.66E-01
2.417	9.66E-01
2.417	9.66E-01
2.418	9.66E-01
2.418	9.66E-01
2.418	9.66E-01
2.419	9.66E-01
2.42	9.66E-01
2.42	9.66E-01
2.421	9.66E-01
2.421	9.66E-01
2.421	9.66E-01
2.422	9.66E-01
2.422	9.66E-01
2.423	9.66E-01
2.424	9.66E-01
2.424	9.66E-01
2.424	9.66E-01
2.425	9.66E-01
2.425	9.66E-01
2.426	9.66E-01
2.427	9.66E-01
2.427	9.66E-01
2.428	9.66E-01
2.428	9.66E-01
2.428	9.66E-01
2.429	9.66E-01
2.43	9.66E-01
2.43	9.66E-01
2.431	9.66E-01
2.431	9.66E-01
2.431	9.66E-01
2.432	9.66E-01
2.432	9.66E-01
2.433	9.66E-01
2.434	9.66E-01
2.434	9.66E-01
2.434	9.66E-01
2.435	9.66E-01
2.435	9.66E-01
2.436	9.66E-01
2.437	9.66E-01
2.437	9.66E-01
2.438	9.66E-01
2.438	9.66E-01
2.438	9.66E-01
2.439	9.66E-01
2.44	9.66E-01
2.44	9.66E-01
2.441	9.66E-01
2.441	9.66E-01
2.441	9.66E-01
2.442	9.66E-01
2.443	9.66E-01
2.443	9.66E-01
2.444	9.66E-01
2.444	9.66E-01
2.444	9.66E-01
2.445	9.66E-01
2.445	9.66E-01
2.446	9.66E-01
2.447	9.66E-01
2.447	9.66E-01
2.447	9.66E-01
2.448	9.66E-01
2.448	9.66E-01
2.449	9.66E-01
2.45	9.66E-01
2.45	9.66E-01
2.451	9.66E-01
2.451	9.66E-01
2.451	9.66E-01
2.452	9.66E-01
2.453	9.66E-01
2.453	9.66E-01
2.454	9.66E-01
2.454	9.66E-01
2.454	9.66E-01
2.455	9.66E-01
2.455	9.66E-01
2.456	9.66E-01
2.457	9.66E-01
2.457	9.66E-01
2.457	9.66E-01
2.458	9.66E-01
2.458	9.66E-01
2.459	9.66E-01
2.46	9.66E-01
2.46	9.66E-01
2.461	9.66E-01
2.461	9.66E-01
2.461	9.66E-01
2.462	9.66E-01
2.463	9.66E-01
2.463	9.66E-01
2.464	9.66E-01
2.464	9.66E-01
2.464	9.66E-01
2.465	9.66E-01
2.466	9.66E-01
2.466	9.66E-01
2.467	9.66E-01
2.467	9.66E-01
2.467	9.66E-01
2.468	9.66E-01
2.468	9.66E-01
2.469	9.66E-01
2.47	9.66E-01
2.47	9.66E-01
2.47	9.66E-01
2.471	9.66E-01
2.471	9.66E-01
2.472	9.66E-01
2.473	9.66E-01
2.473	9.66E-01
2.474	9.66E-01
2.474	9.66E-01
2.474	9.66E-01
2.475	9.66E-01
2.476	9.66E-01
2.476	9.66E-01
2.477	9.66E-01
2.477	9.66E-01
2.477	9.66E-01
2.478	9.66E-01
2.478	9.66E-01
2.479	9.66E-01
2.48	9.66E-01
2.48	9.66E-01
2.48	9.66E-01
2.481	9.66E-01
2.481	9.66E-01
2.482	9.66E-01
2.483	9.66E-01
2.483	9.66E-01
2.484	9.66E-01
2.484	9.66E-01
2.484	9.66E-01
2.485	9.66E-01
2.486	9.66E-01
2.486	9.66E-01
2.487	9.66E-01
2.487	9.66E-01
2.487	9.66E-01
2.488	9.66E-01
2.489	9.66E-01
2.489	9.66E-01
2.49	9.66E-01
2.49	9.66E-01
2.49	9.66E-01
2.491	9.66E-01
2.491	9.66E-01
2.492	9.66E-01
2.493	9.66E-01
2.493	9.66E-01
2.493	9.66E-01
2.494	9.66E-01
2.494	9.66E-01
2.495	9.66E-01
2.496	9.66E-01
2.496	9.66E-01
2.497	9.66E-01
2.497	9.66E-01
2.497	9.66E-01
2.498	9.66E-01
2.499	9.66E-01
2.499	9.66E-01
2.5	9.66E-01
2.5	9.66E-01
2.5	9.66E-01
2.501	9.66E-01
2.501	9.66E-01
2.502	9.66E-01
2.503	9.66E-01
2.503	9.66E-01
2.503	9.66E-01
2.504	9.66E-01
2.504	9.66E-01
2.505	9.66E-01
2.506	9.66E-01
2.506	9.66E-01
2.507	9.66E-01
2.507	9.66E-01
2.507	9.66E-01
2.508	9.66E-01
2.509	9.66E-01
2.509	9.66E-01
2.51	9.66E-01
2.51	9.66E-01
2.51	9.66E-01
2.511	9.66E-01
2.511	9.66E-01
2.512	9.66E-01
2.513	9.66E-01
2.513	9.66E-01
2.513	9.66E-01
2.514	9.66E-01
2.514	9.66E-01
2.515	9.66E-01
2.516	9.66E-01
2.516	9.66E-01
2.516	9.66E-01
2.517	9.66E-01
2.517	9.66E-01
2.518	9.66E-01
2.519	9.66E-01
2.519	9.66E-01
2.52	9.66E-01
2.52	9.66E-01
2.52	9.66E-01
2.521	9.66E-01
2.522	9.66E-01
2.522	9.66E-01
2.523	9.66E-01
2.523	9.66E-01
2.523	9.66E-01
2.524	9.66E-01
2.524	9.66E-01
2.525	9.66E-01
2.526	9.66E-01
2.526	9.66E-01
2.526	9.66E-01
2.527	9.66E-01
2.527	9.66E-01
2.528	9.66E-01
2.529	9.66E-01
2.529	9.66E-01
2.53	9.66E-01
2.53	9.66E-01
2.53	9.66E-01
2.531	9.66E-01
2.532	9.66E-01
2.532	9.66E-01
2.533	9.66E-01
2.533	9.66E-01
2.533	9.66E-01
2.534	9.66E-01
2.534	9.66E-01
2.535	9.66E-01
2.536	9.66E-01
2.536	9.66E-01
2.536	9.66E-01
2.537	9.66E-01
2.537	9.66E-01
2.538	9.66E-01
2.539	9.66E-01
2.539	9.66E-01
2.539	9.66E-01
2.54	9.66E-01
2.54	9.66E-01
2.541	9.66E-01
2.542	9.66E-01
2.542	9.66E-01
2.543	9.66E-01
2.543	9.66E-01
2.543	9.66E-01
2.544	9.66E-01
2.545	9.66E-01
2.545	9.66E-01
2.546	9.66E-01
2.546	9.66E-01
2.546	9.66E-01
2.547	9.66E-01
2.547	9.66E-01
2.548	9.66E-01
2.549	9.66E-01
2.549	9.66E-01
2.549	9.66E-01
2.55	9.66E-01
2.55	9.66E-01
2.551	9.66E-01
2.552	9.66E-01
2.552	9.66E-01
2.553	9.66E-01
2.553	9.66E-01
2.553	9.66E-01
2.554	9.66E-01
2.555	9.66E-01
2.555	9.66E-01
2.556	9.66E-01
2.556	9.66E-01
2.556	9.66E-01
2.557	9.66E-01
2.557	9.66E-01
2.558	9.66E-01
2.559	9.66E-01
2.559	9.66E-01
2.559	9.66E-01
2.56	9.66E-01
2.56	9.66E-01
2.561	9.66E-01
2.562	9.66E-01
2.562	9.66E-01
2.562	9.66E-01
2.563	9.66E-01
2.563	9.66E-01
2.564	9.66E-01
2.565	9.66E-01
2.565	9.66E-01
2.566	9.66E-01
2.566	9.66E-01
2.566	9.66E-01
2.567	9.66E-01
2.568	9.66E-01
2.568	9.66E-01
2.569	9.66E-01
2.569	9.66E-01
2.569	9.66E-01
2.57	9.66E-01
2.57	9.66E-01
2.571	9.66E-01
2.572	9.66E-01
2.572	9.66E-01
2.572	9.66E-01
2.573	9.66E-01
2.573	9.66E-01
2.574	9.66E-01
2.575	9.66E-01
2.575	9.66E-01
2.576	9.66E-01
2.576	9.66E-01
2.576	9.66E-01
2.577	9.66E-01
2.578	9.66E-01
2.578	9.66E-01
2.579	9.66E-01
2.579	9.66E-01
2.579	9.66E-01
2.58	9.66E-01
2.58	9.66E-01
2.581	9.66E-01
2.582	9.66E-01
2.582	9.66E-01
2.582	9.66E-01
2.583	9.66E-01
2.583	9.66E-01
2.584	9.66E-01
2.585	9.66E-01
2.585	9.66E-01
2.586	9.66E-01
2.586	9.66E-01
2.586	9.66E-01
2.587	9.66E-01
2.588	9.66E-01
2.588	9.66E-01
2.589	9.66E-01
2.589	9.66E-01
2.589	9.66E-01
2.59	9.66E-01
2.591	9.66E-01
2.591	9.66E-01
2.592	9.66E-01
2.592	9.66E-01
2.592	9.66E-01
2.593	9.66E-01
2.593	9.66E-01
2.594	9.66E-01
2.595	9.66E-01
2.595	9.66E-01
2.595	9.66E-01
2.596	9.66E-01
2.596	9.66E-01
2.597	9.66E-01
2.598	9.66E-01
2.598	9.66E-01
2.599	9.66E-01
2.599	9.66E-01
2.599	9.66E-01
2.6	9.66E-01
2.601	9.66E-01
2.601	9.66E-01
2.602	9.66E-01
2.602	9.66E-01
2.602	9.66E-01
2.603	9.66E-01
2.603	9.66E-01
2.604	9.66E-01
2.605	9.66E-01
2.605	9.66E-01
2.605	9.66E-01
2.606	9.66E-01
2.606	9.66E-01
2.607	9.66E-01
2.608	9.66E-01
2.608	9.66E-01
2.609	9.66E-01
2.609	9.66E-01
2.609	9.66E-01
2.61	9.66E-01
2.611	9.66E-01
2.611	9.66E-01
2.612	9.66E-01
2.612	9.66E-01
2.612	9.66E-01
2.613	9.66E-01
2.614	9.66E-01
2.614	9.66E-01
2.615	9.66E-01
2.615	9.66E-01
2.615	9.66E-01
2.616	9.66E-01
2.616	9.66E-01
2.617	9.66E-01
2.618	9.66E-01
2.618	9.66E-01
2.618	9.66E-01
2.619	9.66E-01
2.619	9.66E-01
2.62	9.66E-01
2.621	9.66E-01
2.621	9.66E-01
2.622	9.66E-01
2.622	9.66E-01
2.622	9.66E-01
2.623	9.66E-01
2.624	9.66E-01
2.624	9.66E-01
2.625	9.66E-01
2.625	9.66E-01
2.625	9.66E-01
2.626	9.66E-01
2.626	9.66E-01
2.627	9.66E-01
2.628	9.66E-01
2.628	9.66E-01
2.628	9.66E-01
2.629	9.66E-01
2.629	9.66E-01
2.63	9.66E-01
2.631	9.66E-01
2.631	9.66E-01
2.632	9.66E-01
2.632	9.66E-01
2.632	9.66E-01
2.633	9.66E-01
2.634	9.66E-01
2.634	9.66E-01
2.635	9.66E-01
2.635	9.66E-01
2.635	9.66E-01
2.636	9.66E-01
2.636	9.66E-01
2.637	9.66E-01
2.638	9.66E-01
2.638	9.66E-01
2.638	9.66E-01
2.639	9.66E-01
2.639	9.66E-01
2.64	9.66E-01
2.641	9.66E-01
2.641	9.66E-01
2.641	9.66E-01
2.642	9.66E-01
2.642	9.66E-01
2.643	9.66E-01
2.644	9.66E-01
2.644	9.66E-01
2.645	9.66E-01
2.645	9.66E-01
2.645	9.66E-01
2.646	9.66E-01
2.647	9.66E-01
2.647	9.66E-01
2.648	9.66E-01
2.648	9.66E-01
2.648	9.66E-01
2.649	9.66E-01
2.649	9.66E-01
2.65	9.66E-01
2.651	9.66E-01
2.651	9.66E-01
2.651	9.66E-01
2.652	9.66E-01
2.652	9.66E-01
2.653	9.66E-01
2.654	9.66E-01
2.654	9.66E-01
2.655	9.66E-01
2.655	9.66E-01
2.655	9.66E-01
2.656	9.66E-01
2.657	9.66E-01
2.657	9.66E-01
2.658	9.66E-01
2.658	9.66E-01
2.658	9.66E-01
2.659	9.66E-01
2.659	9.66E-01
2.66	9.66E-01
2.661	9.66E-01
2.661	9.66E-01
2.661	9.66E-01
2.662	9.66E-01
2.662	9.66E-01
2.663	9.66E-01
2.664	9.66E-01
2.664	9.66E-01
2.664	9.66E-01
2.665	9.66E-01
2.665	9.66E-01
2.666	9.66E-01
2.667	9.66E-01
2.667	9.66E-01
2.668	9.66E-01
2.668	9.66E-01
2.668	9.66E-01
2.669	9.66E-01
2.67	9.66E-01
2.67	9.66E-01
2.671	9.66E-01
2.671	9.66E-01
2.671	9.66E-01
2.672	9.66E-01
2.672	9.66E-01
2.673	9.66E-01
2.674	9.66E-01
2.674	9.66E-01
2.674	9.66E-01
2.675	9.66E-01
2.675	9.66E-01
2.676	9.66E-01
2.677	9.66E-01
2.677	9.66E-01
2.678	9.66E-01
2.678	9.66E-01
2.678	9.66E-01
2.679	9.66E-01
2.68	9.66E-01
2.68	9.66E-01
2.681	9.66E-01
2.681	9.66E-01
2.681	9.66E-01
2.682	9.66E-01
2.682	9.66E-01
2.683	9.66E-01
2.684	9.66E-01
2.684	9.66E-01
2.684	9.66E-01
2.685	9.66E-01
2.685	9.66E-01
2.686	9.66E-01
2.687	9.66E-01
2.687	9.66E-01
2.688	9.66E-01
2.688	9.66E-01
2.688	9.66E-01
2.689	9.66E-01
2.69	9.66E-01
2.69	9.66E-01
2.691	9.66E-01
2.691	9.66E-01
2.691	9.66E-01
2.692	9.66E-01
2.693	9.66E-01
2.693	9.66E-01
2.694	9.66E-01
2.694	9.66E-01
2.694	9.66E-01
2.695	9.66E-01
2.695	9.66E-01
2.696	9.66E-01
2.697	9.66E-01
2.697	9.66E-01
2.697	9.66E-01
2.698	9.66E-01
2.698	9.66E-01
2.699	9.66E-01
2.7	9.66E-01
2.7	9.66E-01
2.701	9.66E-01
2.701	9.66E-01
2.701	9.66E-01
2.702	9.66E-01
2.703	9.66E-01
2.703	9.66E-01
2.704	9.66E-01
2.704	9.66E-01
2.704	9.66E-01
2.705	9.66E-01
2.705	9.66E-01
2.706	9.66E-01
2.707	9.66E-01
2.707	9.66E-01
2.707	9.66E-01
2.708	9.66E-01
2.708	9.66E-01
2.709	9.66E-01
2.71	9.66E-01
2.71	9.66E-01
2.711	9.66E-01
2.711	9.66E-01
2.711	9.66E-01
2.712	9.66E-01
2.713	9.66E-01
2.713	9.66E-01
2.714	9.66E-01
2.714	9.66E-01
2.714	9.66E-01
2.715	9.66E-01
2.716	9.66E-01
2.716	9.66E-01
2.717	9.66E-01
2.717	9.66E-01
2.717	9.66E-01
2.718	9.66E-01
2.718	9.66E-01
2.719	9.66E-01
2.72	9.66E-01
2.72	9.66E-01
2.72	9.66E-01
2.721	9.66E-01
2.721	9.66E-01
2.722	9.66E-01
2.723	9.66E-01
2.723	9.66E-01
2.724	9.66E-01
2.724	9.66E-01
2.724	9.66E-01
2.725	9.66E-01
2.726	9.66E-01
2.726	9.66E-01
2.727	9.66E-01
2.727	9.66E-01
2.727	9.66E-01
2.728	9.66E-01
2.728	9.66E-01
2.729	9.66E-01
2.73	9.66E-01
2.73	9.66E-01
2.73	9.66E-01
2.731	9.66E-01
2.731	9.66E-01
2.732	9.66E-01
2.733	9.66E-01
2.733	9.66E-01
2.734	9.66E-01
2.734	9.66E-01
2.734	9.66E-01
2.735	9.66E-01
2.736	9.66E-01
2.736	9.66E-01
2.737	9.66E-01
2.737	9.66E-01
2.737	9.66E-01
2.738	9.66E-01
2.739	9.66E-01
2.739	9.66E-01
2.74	9.66E-01
2.74	9.66E-01
2.74	9.66E-01
2.741	9.66E-01
2.741	9.66E-01
2.742	9.66E-01
2.743	9.66E-01
2.743	9.66E-01
2.743	9.66E-01
2.744	9.66E-01
2.744	9.66E-01
2.745	9.66E-01
2.746	9.66E-01
2.746	9.66E-01
2.747	9.66E-01
2.747	9.66E-01
2.747	9.66E-01
2.748	9.66E-01
2.749	9.66E-01
2.749	9.66E-01
2.75	9.66E-01
2.75	9.66E-01
2.75	9.66E-01
2.751	9.66E-01
2.751	9.66E-01
2.752	9.66E-01
2.753	9.66E-01
2.753	9.66E-01
2.753	9.66E-01
2.754	9.66E-01
2.754	9.66E-01
2.755	9.66E-01
2.756	9.66E-01
2.756	9.66E-01
2.757	9.66E-01
2.757	9.66E-01
2.757	9.66E-01
2.758	9.66E-01
2.759	9.66E-01
2.759	9.66E-01
2.76	9.66E-01
2.76	9.66E-01
2.76	9.66E-01
2.761	9.66E-01
2.761	9.66E-01
2.762	9.66E-01
2.763	9.66E-01
2.763	9.66E-01
2.763	9.66E-01
2.764	9.66E-01
2.764	9.66E-01
2.765	9.66E-01
2.766	9.66E-01
2.766	9.66E-01
2.766	9.66E-01
2.767	9.66E-01
2.767	9.66E-01
2.768	9.66E-01
2.769	9.66E-01
2.769	9.66E-01
2.77	9.66E-01
2.77	9.66E-01
2.77	9.66E-01
2.771	9.66E-01
2.772	9.66E-01
2.772	9.66E-01
2.773	9.66E-01
2.773	9.66E-01
2.773	9.66E-01
2.774	9.66E-01
2.774	9.66E-01
2.775	9.66E-01
2.776	9.66E-01
2.776	9.66E-01
2.776	9.66E-01
2.777	9.66E-01
2.777	9.66E-01
2.778	9.66E-01
2.779	9.66E-01
2.779	9.66E-01
2.78	9.66E-01
2.78	9.66E-01
2.78	9.66E-01
2.781	9.66E-01
2.782	9.66E-01
2.782	9.66E-01
2.783	9.66E-01
2.783	9.66E-01
2.783	9.66E-01
2.784	9.66E-01
2.784	9.66E-01
2.785	9.66E-01
2.786	9.66E-01
2.786	9.66E-01
2.786	9.66E-01
2.787	9.66E-01
2.787	9.66E-01
2.788	9.66E-01
2.789	9.66E-01
2.789	9.66E-01
2.789	9.66E-01
2.79	9.66E-01
2.79	9.66E-01
2.791	9.66E-01
2.792	9.66E-01
2.792	9.66E-01
2.793	9.66E-01
2.793	9.66E-01
2.793	9.66E-01
2.794	9.66E-01
2.795	9.66E-01
2.795	9.66E-01
2.796	9.66E-01
2.796	9.66E-01
2.796	9.66E-01
2.797	9.66E-01
2.797	9.66E-01
2.798	9.66E-01
2.799	9.66E-01
2.799	9.66E-01
2.799	9.66E-01
2.8	9.66E-01
2.8	9.66E-01
2.801	9.66E-01
2.802	9.66E-01
2.802	9.66E-01
2.803	9.66E-01
2.803	9.66E-01
2.803	9.66E-01
2.804	9.66E-01
2.805	9.66E-01
2.805	9.66E-01
2.806	9.66E-01
2.806	9.66E-01
2.806	9.66E-01
2.807	9.66E-01
2.807	9.66E-01
2.808	9.66E-01
2.809	9.66E-01
2.809	9.66E-01
2.809	9.66E-01
2.81	9.66E-01
2.81	9.66E-01
2.811	9.66E-01
2.812	9.66E-01
2.812	9.66E-01
2.812	9.66E-01
2.813	9.66E-01
2.813	9.66E-01
2.814	9.66E-01
2.815	9.66E-01
2.815	9.66E-01
2.816	9.66E-01
2.816	9.66E-01
2.816	9.66E-01
2.817	9.66E-01
2.818	9.66E-01
2.818	9.66E-01
2.819	9.66E-01
2.819	9.66E-01
2.819	9.66E-01
2.82	9.66E-01
2.82	9.66E-01
2.821	9.66E-01
2.822	9.66E-01
2.822	9.66E-01
2.822	9.66E-01
2.823	9.66E-01
2.823	9.66E-01
2.824	9.66E-01
2.825	9.66E-01
2.825	9.66E-01
2.826	9.66E-01
2.826	9.66E-01
2.826	9.66E-01
2.827	9.66E-01
2.828	9.66E-01
2.828	9.66E-01
2.829	9.66E-01
2.829	9.66E-01
2.829	9.66E-01
2.83	9.66E-01
2.83	9.66E-01
2.831	9.66E-01
2.832	9.66E-01
2.832	9.66E-01
2.832	9.66E-01
2.833	9.66E-01
2.833	9.66E-01
2.834	9.66E-01
2.835	9.66E-01
2.835	9.66E-01
2.836	9.66E-01
2.836	9.66E-01
2.836	9.66E-01
2.837	9.66E-01
2.838	9.66E-01
2.838	9.66E-01
2.839	9.66E-01
2.839	9.66E-01
2.839	9.66E-01
2.84	9.66E-01
2.841	9.66E-01
2.841	9.66E-01
2.842	9.66E-01
2.842	9.66E-01
2.842	9.66E-01
2.843	9.66E-01
2.843	9.66E-01
2.844	9.66E-01
2.845	9.66E-01
2.845	9.66E-01
2.845	9.66E-01
2.846	9.66E-01
2.846	9.66E-01
2.847	9.66E-01
2.848	9.66E-01
2.848	9.66E-01
2.849	9.66E-01
2.849	9.66E-01
2.849	9.66E-01
2.85	9.66E-01
2.851	9.66E-01
2.851	9.66E-01
2.852	9.66E-01
2.852	9.66E-01
2.852	9.66E-01
2.853	9.66E-01
2.853	9.66E-01
2.854	9.66E-01
2.855	9.66E-01
2.855	9.66E-01
2.855	9.66E-01
2.856	9.66E-01
2.856	9.66E-01
2.857	9.66E-01
2.858	9.66E-01
2.858	9.66E-01
2.859	9.66E-01
2.859	9.66E-01
2.859	9.66E-01
2.86	9.66E-01
2.861	9.66E-01
2.861	9.66E-01
2.862	9.66E-01
2.862	9.66E-01
2.862	9.66E-01
2.863	9.66E-01
2.864	9.66E-01
2.864	9.66E-01
2.865	9.66E-01
2.865	9.66E-01
2.865	9.66E-01
2.866	9.66E-01
2.866	9.66E-01
2.867	9.66E-01
2.868	9.66E-01
2.868	9.66E-01
2.868	9.66E-01
2.869	9.66E-01
2.869	9.66E-01
2.87	9.66E-01
2.871	9.66E-01
2.871	9.66E-01
2.872	9.66E-01
2.872	9.66E-01
2.872	9.66E-01
2.873	9.66E-01
2.874	9.66E-01
2.874	9.66E-01
2.875	9.66E-01
2.875	9.66E-01
2.875	9.66E-01
2.876	9.66E-01
2.876	9.66E-01
2.877	9.66E-01
2.878	9.66E-01
2.878	9.66E-01
2.878	9.66E-01
2.879	9.66E-01
2.879	9.66E-01
2.88	9.66E-01
2.881	9.66E-01
2.881	9.66E-01
2.882	9.66E-01
2.882	9.66E-01
2.882	9.66E-01
2.883	9.66E-01
2.884	9.66E-01
2.884	9.66E-01
2.885	9.66E-01
2.885	9.66E-01
2.885	9.66E-01
2.886	9.66E-01
2.886	9.66E-01
2.887	9.66E-01
2.888	9.66E-01
2.888	9.66E-01
2.888	9.66E-01
2.889	9.66E-01
2.889	9.66E-01
2.89	9.66E-01
2.891	9.66E-01
2.891	9.66E-01
2.891	9.66E-01
2.892	9.66E-01
2.892	9.66E-01
2.893	9.66E-01
2.894	9.66E-01
2.894	9.66E-01
2.895	9.66E-01
2.895	9.66E-01
2.895	9.66E-01
2.896	9.66E-01
2.897	9.66E-01
2.897	9.66E-01
2.898	9.66E-01
2.898	9.66E-01
2.898	9.66E-01
2.899	9.66E-01
2.899	9.66E-01
2.9	9.66E-01
2.901	9.66E-01
2.901	9.66E-01
2.901	9.66E-01
2.902	9.66E-01
2.902	9.66E-01
2.903	9.66E-01
2.904	9.66E-01
2.904	9.66E-01
2.905	9.66E-01
2.905	9.66E-01
2.905	9.66E-01
2.906	9.66E-01
2.907	9.66E-01
2.907	9.66E-01
2.908	9.66E-01
2.908	9.66E-01
2.908	9.66E-01
2.909	9.66E-01
2.909	9.66E-01
2.91	9.66E-01
2.911	9.66E-01
2.911	9.66E-01
2.911	9.66E-01
2.912	9.66E-01
2.912	9.66E-01
2.913	9.66E-01
2.914	9.66E-01
2.914	9.66E-01
2.914	9.66E-01
2.915	9.66E-01
2.915	9.66E-01
2.916	9.66E-01
2.917	9.66E-01
2.917	9.66E-01
2.918	9.66E-01
2.918	9.66E-01
2.918	9.66E-01
2.919	9.66E-01
2.92	9.66E-01
2.92	9.66E-01
2.921	9.66E-01
2.921	9.66E-01
2.921	9.66E-01
2.922	9.66E-01
2.922	9.66E-01
2.923	9.66E-01
2.924	9.66E-01
2.924	9.66E-01
2.924	9.66E-01
2.925	9.66E-01
2.925	9.66E-01
2.926	9.66E-01
2.927	9.66E-01
2.927	9.66E-01
2.928	9.66E-01
2.928	9.66E-01
2.928	9.66E-01
2.929	9.66E-01
2.93	9.66E-01
2.93	9.66E-01
2.931	9.66E-01
2.931	9.66E-01
2.931	9.66E-01
2.932	9.66E-01
2.932	9.66E-01
2.933	9.66E-01
2.934	9.66E-01
2.934	9.66E-01
2.934	9.66E-01
2.935	9.66E-01
2.935	9.66E-01
2.936	9.66E-01
2.937	9.66E-01
2.937	9.66E-01
2.938	9.66E-01
2.938	9.66E-01
2.938	9.66E-01
2.939	9.66E-01
2.94	9.66E-01
2.94	9.66E-01
2.941	9.66E-01
2.941	9.66E-01
2.941	9.66E-01
2.942	9.66E-01
2.943	9.66E-01
2.943	9.66E-01
2.944	9.66E-01
2.944	9.66E-01
2.944	9.66E-01
2.945	9.66E-01
2.945	9.66E-01
2.946	9.66E-01
2.947	9.66E-01
2.947	9.66E-01
2.947	9.66E-01
2.948	9.66E-01
2.948	9.66E-01
2.949	9.66E-01
2.95	9.66E-01
2.95	9.66E-01
2.951	9.66E-01
2.951	9.66E-01
2.951	9.66E-01
2.952	9.66E-01
2.953	9.66E-01
2.953	9.66E-01
2.954	9.66E-01
2.954	9.66E-01
2.954	9.66E-01
2.955	9.66E-01
2.955	9.66E-01
2.956	9.66E-01
2.957	9.66E-01
2.957	9.66E-01
2.957	9.66E-01
2.958	9.66E-01
2.958	9.66E-01
2.959	9.66E-01
2.96	9.66E-01
2.96	9.66E-01
2.961	9.66E-01
2.961	9.66E-01
2.961	9.66E-01
2.962	9.66E-01
2.963	9.66E-01
2.963	9.66E-01
2.964	9.66E-01
2.964	9.66E-01
2.964	9.66E-01
2.965	9.66E-01
2.966	9.66E-01
2.966	9.66E-01
2.967	9.66E-01
2.967	9.66E-01
2.967	9.66E-01
2.968	9.66E-01
2.968	9.66E-01
2.969	9.66E-01
2.97	9.66E-01
2.97	9.66E-01
2.97	9.66E-01
2.971	9.66E-01
2.971	9.66E-01
2.972	9.66E-01
2.973	9.66E-01
2.973	9.66E-01
2.974	9.66E-01
2.974	9.66E-01
2.974	9.66E-01
2.975	9.66E-01
2.976	9.66E-01
2.976	9.66E-01
2.977	9.66E-01
2.977	9.66E-01
2.977	9.66E-01
2.978	9.66E-01
2.978	9.66E-01
2.979	9.66E-01
2.98	9.66E-01
2.98	9.66E-01
2.98	9.66E-01
2.981	9.66E-01
2.981	9.66E-01
2.982	9.66E-01
2.983	9.66E-01
2.983	9.66E-01
2.984	9.66E-01
2.984	9.66E-01
2.984	9.66E-01
2.985	9.66E-01
2.986	9.66E-01
2.986	9.66E-01
2.987	9.66E-01
2.987	9.66E-01
2.987	9.66E-01
2.988	9.66E-01
2.989	9.66E-01
2.989	9.66E-01
2.99	9.66E-01
2.99	9.66E-01
2.99	9.66E-01
2.991	9.66E-01
2.991	9.66E-01
2.992	9.66E-01
2.993	9.66E-01
2.993	9.66E-01
2.993	9.66E-01
2.994	9.66E-01
2.994	9.66E-01
2.995	9.66E-01
2.996	9.66E-01
2.996	9.66E-01
2.997	9.66E-01
2.997	9.66E-01
2.997	9.66E-01
2.998	9.66E-01
2.999	9.66E-01
2.999	9.66E-01
3	9.66E-01
3	9.66E-01
3	9.66E-01
3.001	9.66E-01
3.001	9.66E-01
3.002	9.66E-01
3.003	9.66E-01
3.003	9.66E-01
3.003	9.66E-01
3.004	9.66E-01
3.004	9.66E-01
3.005	9.66E-01
3.006	9.66E-01
3.006	9.66E-01
3.007	9.66E-01
3.007	9.66E-01
3.007	9.66E-01
3.008	9.66E-01
3.009	9.66E-01
3.009	9.66E-01
3.01	9.66E-01
3.01	9.66E-01
3.01	9.66E-01
3.011	9.66E-01
3.011	9.66E-01
3.012	9.66E-01
3.013	9.66E-01
3.013	9.66E-01
3.013	9.66E-01
3.014	9.66E-01
3.014	9.66E-01
3.015	9.66E-01
3.016	9.66E-01
3.016	9.66E-01
3.016	9.66E-01
3.017	9.66E-01
3.017	9.66E-01
3.018	9.66E-01
3.019	9.66E-01
3.019	9.66E-01
3.02	9.66E-01
3.02	9.66E-01
3.02	9.66E-01
3.021	9.66E-01
3.022	9.66E-01
3.022	9.66E-01
3.023	9.66E-01
3.023	9.66E-01
3.023	9.66E-01
3.024	9.66E-01
3.024	9.66E-01
3.025	9.66E-01
3.026	9.66E-01
3.026	9.66E-01
3.026	9.66E-01
3.027	9.66E-01
3.027	9.66E-01
3.028	9.66E-01
3.029	9.66E-01
3.029	9.66E-01
3.03	9.66E-01
3.03	9.66E-01
3.03	9.66E-01
3.031	9.66E-01
3.032	9.66E-01
3.032	9.66E-01
3.033	9.66E-01
3.033	9.66E-01
3.033	9.66E-01
3.034	9.66E-01
3.034	9.66E-01
3.035	9.66E-01
3.036	9.66E-01
3.036	9.66E-01
3.036	9.66E-01
3.037	9.66E-01
3.037	9.66E-01
3.038	9.66E-01
3.039	9.66E-01
3.039	9.66E-01
3.039	9.66E-01
3.04	9.66E-01
3.04	9.66E-01
3.041	9.66E-01
3.042	9.66E-01
3.042	9.66E-01
3.043	9.66E-01
3.043	9.66E-01
3.043	9.66E-01
3.044	9.66E-01
3.045	9.66E-01
3.045	9.66E-01
3.046	9.66E-01
3.046	9.66E-01
3.046	9.66E-01
3.047	9.66E-01
3.047	9.66E-01
3.048	9.66E-01
3.049	9.66E-01
3.049	9.66E-01
3.049	9.66E-01
3.05	9.66E-01
3.05	9.66E-01
3.051	9.66E-01
3.052	9.66E-01
3.052	9.66E-01
3.053	9.66E-01
3.053	9.66E-01
3.053	9.66E-01
3.054	9.66E-01
3.055	9.66E-01
3.055	9.66E-01
3.056	9.66E-01
3.056	9.66E-01
3.056	9.66E-01
3.057	9.66E-01
3.057	9.66E-01
3.058	9.66E-01
3.059	9.66E-01
3.059	9.66E-01
3.059	9.66E-01
3.06	9.66E-01
3.06	9.66E-01
3.061	9.66E-01
3.062	9.66E-01
3.062	9.66E-01
3.062	9.66E-01
3.063	9.66E-01
3.063	9.66E-01
3.064	9.66E-01
3.065	9.66E-01
3.065	9.66E-01
3.066	9.66E-01
3.066	9.66E-01
3.066	9.66E-01
3.067	9.66E-01
3.068	9.66E-01
3.068	9.66E-01
3.069	9.66E-01
3.069	9.66E-01
3.069	9.66E-01
3.07	9.66E-01
3.07	9.66E-01
3.071	9.66E-01
3.072	9.66E-01
3.072	9.66E-01
3.072	9.66E-01
3.073	9.66E-01
3.073	9.66E-01
3.074	9.66E-01
3.075	9.66E-01
3.075	9.66E-01
3.076	9.66E-01
3.076	9.66E-01
3.076	9.66E-01
3.077	9.66E-01
3.078	9.66E-01
3.078	9.66E-01
3.079	9.66E-01
3.079	9.66E-01
3.079	9.66E-01
3.08	9.66E-01
3.08	9.66E-01
3.081	9.66E-01
3.082	9.66E-01
3.082	9.66E-01
3.082	9.66E-01
3.083	9.66E-01
3.083	9.66E-01
3.084	9.66E-01
3.085	9.66E-01
3.085	9.66E-01
3.086	9.66E-01
3.086	9.66E-01
3.086	9.66E-01
3.087	9.66E-01
3.088	9.66E-01
3.088	9.66E-01
3.089	9.66E-01
3.089	9.66E-01
3.089	9.66E-01
3.09	9.66E-01
3.091	9.66E-01
3.091	9.66E-01
3.092	9.66E-01
3.092	9.66E-01
3.092	9.66E-01
3.093	9.66E-01
3.093	9.66E-01
3.094	9.66E-01
3.095	9.66E-01
3.095	9.66E-01
3.095	9.66E-01
3.096	9.66E-01
3.096	9.66E-01
3.097	9.66E-01
3.098	9.66E-01
3.098	9.66E-01
3.099	9.66E-01
3.099	9.66E-01
3.099	9.66E-01
3.1	9.66E-01
3.101	9.66E-01
3.101	9.66E-01
3.102	9.66E-01
3.102	9.66E-01
3.102	9.66E-01
3.103	9.66E-01
3.103	9.66E-01
3.104	9.66E-01
3.105	9.66E-01
3.105	9.66E-01
3.105	9.66E-01
3.106	9.66E-01
3.106	9.66E-01
3.107	9.66E-01
3.108	9.66E-01
3.108	9.66E-01
3.109	9.66E-01
3.109	9.66E-01
3.109	9.66E-01
3.11	9.66E-01
3.111	9.66E-01
3.111	9.66E-01
3.112	9.66E-01
3.112	9.66E-01
3.112	9.66E-01
3.113	9.66E-01
3.114	9.66E-01
3.114	9.66E-01
3.115	9.66E-01
3.115	9.66E-01
3.115	9.66E-01
3.116	9.66E-01
3.116	9.66E-01
3.117	9.66E-01
3.118	9.66E-01
3.118	9.66E-01
3.118	9.66E-01
3.119	9.66E-01
3.119	9.66E-01
3.12	9.66E-01
3.121	9.66E-01
3.121	9.66E-01
3.122	9.66E-01
3.122	9.66E-01
3.122	9.66E-01
3.123	9.66E-01
3.124	9.66E-01
3.124	9.66E-01
3.125	9.66E-01
3.125	9.66E-01
3.125	9.66E-01
3.126	9.66E-01
3.126	9.66E-01
3.127	9.66E-01
3.128	9.66E-01
3.128	9.66E-01
3.128	9.66E-01
3.129	9.66E-01
3.129	9.66E-01
3.13	9.66E-01
3.131	9.66E-01
3.131	9.66E-01
3.132	9.66E-01
3.132	9.66E-01
3.132	9.66E-01
3.133	9.66E-01
3.134	9.66E-01
3.134	9.66E-01
3.135	9.66E-01
3.135	9.66E-01
3.135	9.66E-01
3.136	9.66E-01
3.136	9.66E-01
3.137	9.66E-01
3.138	9.66E-01
3.138	9.66E-01
3.138	9.66E-01
3.139	9.66E-01
3.139	9.66E-01
3.14	9.66E-01
3.141	9.66E-01
3.141	9.66E-01
3.141	9.66E-01
3.142	9.66E-01
3.142	9.66E-01
3.143	9.66E-01
3.144	9.66E-01
3.144	9.66E-01
3.145	9.66E-01
3.145	9.66E-01
3.145	9.66E-01
3.146	9.66E-01
3.147	9.66E-01
3.147	9.66E-01
3.148	9.66E-01
3.148	9.66E-01
3.148	9.66E-01
3.149	9.66E-01
3.149	9.66E-01
3.15	9.66E-01
3.151	9.66E-01
3.151	9.66E-01
3.151	9.66E-01
3.152	9.66E-01
3.152	9.66E-01
3.153	9.66E-01
3.154	9.66E-01
3.154	9.66E-01
3.155	9.66E-01
3.155	9.66E-01
3.155	9.66E-01
3.156	9.66E-01
3.157	9.66E-01
3.157	9.66E-01
3.158	9.66E-01
3.158	9.66E-01
3.158	9.66E-01
3.159	9.66E-01
3.159	9.66E-01
3.16	9.66E-01
3.161	9.66E-01
3.161	9.66E-01
3.161	9.66E-01
3.162	9.66E-01
3.162	9.66E-01
3.163	9.66E-01
3.164	9.66E-01
3.164	9.66E-01
3.164	9.66E-01
3.165	9.66E-01
3.165	9.66E-01
3.166	9.66E-01
3.167	9.66E-01
3.167	9.66E-01
3.168	9.66E-01
3.168	9.66E-01
3.168	9.66E-01
3.169	9.66E-01
3.17	9.66E-01
3.17	9.66E-01
3.171	9.66E-01
3.171	9.66E-01
3.171	9.66E-01
3.172	9.66E-01
3.172	9.66E-01
3.173	9.66E-01
3.174	9.66E-01
3.174	9.66E-01
3.174	9.66E-01
3.175	9.66E-01
3.175	9.66E-01
3.176	9.66E-01
3.177	9.66E-01
3.177	9.66E-01
3.178	9.66E-01
3.178	9.66E-01
3.178	9.66E-01
3.179	9.66E-01
3.18	9.66E-01
3.18	9.66E-01
3.181	9.66E-01
3.181	9.66E-01
3.181	9.66E-01
3.182	9.66E-01
3.182	9.66E-01
3.183	9.66E-01
3.184	9.66E-01
3.184	9.66E-01
3.184	9.66E-01
3.185	9.66E-01
3.185	9.66E-01
3.186	9.66E-01
3.187	9.66E-01
3.187	9.66E-01
3.188	9.66E-01
3.188	9.66E-01
3.188	9.66E-01
3.189	9.66E-01
3.19	9.66E-01
3.19	9.66E-01
3.191	9.66E-01
3.191	9.66E-01
3.191	9.66E-01
3.192	9.66E-01
3.193	9.66E-01
3.193	9.66E-01
3.194	9.66E-01
3.194	9.66E-01
3.194	9.66E-01
3.195	9.66E-01
3.195	9.66E-01
3.196	9.66E-01
3.197	9.66E-01
3.197	9.66E-01
3.197	9.66E-01
3.198	9.66E-01
3.198	9.66E-01
3.199	9.66E-01
3.2	9.66E-01
3.2	9.66E-01
3.201	9.66E-01
3.201	9.66E-01
3.201	9.66E-01
3.202	9.66E-01
3.203	9.66E-01
3.203	9.66E-01
3.204	9.66E-01
3.204	9.66E-01
3.204	9.66E-01
3.205	9.66E-01
3.205	9.66E-01
3.206	9.66E-01
3.207	9.66E-01
3.207	9.66E-01
3.207	9.66E-01
3.208	9.66E-01
3.208	9.66E-01
3.209	9.66E-01
3.21	9.66E-01
3.21	9.66E-01
3.211	9.66E-01
3.211	9.66E-01
3.211	9.66E-01
3.212	9.66E-01
3.213	9.66E-01
3.213	9.66E-01
3.214	9.66E-01
3.214	9.66E-01
3.214	9.66E-01
3.215	9.66E-01
3.216	9.66E-01
3.216	9.66E-01
3.217	9.66E-01
3.217	9.66E-01
3.217	9.66E-01
3.218	9.66E-01
3.218	9.66E-01
3.219	9.66E-01
3.22	9.66E-01
3.22	9.66E-01
3.22	9.66E-01
3.221	9.66E-01
3.221	9.66E-01
3.222	9.66E-01
3.223	9.66E-01
3.223	9.66E-01
3.224	9.66E-01
3.224	9.66E-01
3.224	9.66E-01
3.225	9.66E-01
3.226	9.66E-01
3.226	9.66E-01
3.227	9.66E-01
3.227	9.66E-01
3.227	9.66E-01
3.228	9.66E-01
3.228	9.66E-01
3.229	9.66E-01
3.23	9.66E-01
3.23	9.66E-01
3.23	9.66E-01
3.231	9.66E-01
3.231	9.66E-01
3.232	9.66E-01
3.233	9.66E-01
3.233	9.66E-01
3.234	9.66E-01
3.234	9.66E-01
3.234	9.66E-01
3.235	9.66E-01
3.236	9.66E-01
3.236	9.66E-01
3.237	9.66E-01
3.237	9.66E-01
3.237	9.66E-01
3.238	9.66E-01
3.239	9.66E-01
3.239	9.66E-01
3.24	9.66E-01
3.24	9.66E-01
3.24	9.66E-01
3.241	9.66E-01
3.241	9.66E-01
3.242	9.66E-01
3.243	9.66E-01
3.243	9.66E-01
3.243	9.66E-01
3.244	9.66E-01
3.244	9.66E-01
3.245	9.66E-01
3.246	9.66E-01
3.246	9.66E-01
3.247	9.66E-01
3.247	9.66E-01
3.247	9.66E-01
3.248	9.66E-01
3.249	9.66E-01
3.249	9.66E-01
3.25	9.66E-01
3.25	9.66E-01
3.25	9.66E-01
3.251	9.66E-01
3.251	9.66E-01
3.252	9.66E-01
3.253	9.66E-01
3.253	9.66E-01
3.253	9.66E-01
3.254	9.66E-01
3.254	9.66E-01
3.255	9.66E-01
3.256	9.66E-01
3.256	9.66E-01
3.257	9.66E-01
3.257	9.66E-01
3.257	9.66E-01
3.258	9.66E-01
3.259	9.66E-01
3.259	9.66E-01
3.26	9.66E-01
3.26	9.66E-01
3.26	9.66E-01
3.261	9.66E-01
3.261	9.66E-01
3.262	9.66E-01
3.263	9.66E-01
3.263	9.66E-01
3.263	9.66E-01
3.264	9.66E-01
3.264	9.66E-01
3.265	9.66E-01
3.266	9.66E-01
3.266	9.66E-01
3.266	9.66E-01
3.267	9.66E-01
3.267	9.66E-01
3.268	9.66E-01
3.269	9.66E-01
3.269	9.66E-01
3.27	9.66E-01
3.27	9.66E-01
3.27	9.66E-01
3.271	9.66E-01
3.272	9.66E-01
3.272	9.66E-01
3.273	9.66E-01
3.273	9.66E-01
3.273	9.66E-01
3.274	9.66E-01
3.274	9.66E-01
3.275	9.66E-01
3.276	9.66E-01
3.276	9.66E-01
3.276	9.66E-01
3.277	9.66E-01
3.277	9.66E-01
3.278	9.66E-01
3.279	9.66E-01
3.279	9.66E-01
3.28	9.66E-01
3.28	9.66E-01
3.28	9.66E-01
3.281	9.66E-01
3.282	9.66E-01
3.282	9.66E-01
3.283	9.66E-01
3.283	9.66E-01
3.283	9.66E-01
3.284	9.66E-01
3.284	9.66E-01
3.285	9.66E-01
3.286	9.66E-01
3.286	9.66E-01
3.286	9.66E-01
3.287	9.66E-01
3.287	9.66E-01
3.288	9.66E-01
3.289	9.66E-01
3.289	9.66E-01
3.289	9.66E-01
3.29	9.66E-01
3.29	9.66E-01
3.291	9.66E-01
3.292	9.66E-01
3.292	9.66E-01
3.293	9.66E-01
3.293	9.66E-01
3.293	9.66E-01
3.294	9.66E-01
3.295	9.66E-01
3.295	9.66E-01
3.296	9.66E-01
3.296	9.66E-01
3.296	9.66E-01
3.297	9.66E-01
3.297	9.66E-01
3.298	9.66E-01
3.299	9.66E-01
3.299	9.66E-01
3.299	9.66E-01
3.3	9.66E-01
3.3	9.66E-01
3.301	9.66E-01
3.302	9.66E-01
3.302	9.66E-01
3.303	9.66E-01
3.303	9.66E-01
3.303	9.66E-01
3.304	9.66E-01
3.305	9.66E-01
3.305	9.66E-01
3.306	9.66E-01
3.306	9.66E-01
3.306	9.66E-01
3.307	9.66E-01
3.307	9.66E-01
3.308	9.66E-01
3.309	9.66E-01
3.309	9.66E-01
3.309	9.66E-01
3.31	9.66E-01
3.31	9.66E-01
3.311	9.66E-01
3.312	9.66E-01
3.312	9.66E-01
3.312	9.66E-01
3.313	9.66E-01
3.313	9.66E-01
3.314	9.66E-01
3.315	9.66E-01
3.315	9.66E-01
3.316	9.66E-01
3.316	9.66E-01
3.316	9.66E-01
3.317	9.66E-01
3.318	9.66E-01
3.318	9.66E-01
3.319	9.66E-01
3.319	9.66E-01
3.319	9.66E-01
3.32	9.66E-01
3.32	9.66E-01
3.321	9.66E-01
3.322	9.66E-01
3.322	9.66E-01
3.322	9.66E-01
3.323	9.66E-01
3.323	9.66E-01
3.324	9.66E-01
3.325	9.66E-01
3.325	9.66E-01
3.326	9.66E-01
3.326	9.66E-01
3.326	9.66E-01
3.327	9.66E-01
3.328	9.66E-01
3.328	9.66E-01
3.329	9.66E-01
3.329	9.66E-01
3.329	9.66E-01
3.33	9.66E-01
3.33	9.66E-01
3.331	9.66E-01
3.332	9.66E-01
3.332	9.66E-01
3.332	9.66E-01
3.333	9.66E-01
3.333	9.66E-01
3.334	9.66E-01
3.335	9.66E-01
3.335	9.66E-01
3.336	9.66E-01
3.336	9.66E-01
3.336	9.66E-01
3.337	9.66E-01
3.338	9.66E-01
3.338	9.66E-01
3.339	9.66E-01
3.339	9.66E-01
3.339	9.66E-01
3.34	9.66E-01
3.341	9.66E-01
3.341	9.66E-01
3.342	9.66E-01
3.342	9.66E-01
3.342	9.66E-01
3.343	9.66E-01
3.343	9.66E-01
3.344	9.66E-01
3.345	9.66E-01
3.345	9.66E-01
3.345	9.66E-01
3.346	9.66E-01
3.346	9.66E-01
3.347	9.66E-01
3.348	9.66E-01
3.348	9.66E-01
3.349	9.66E-01
3.349	9.66E-01
3.349	9.66E-01
3.35	9.66E-01
3.351	9.66E-01
3.351	9.66E-01
3.352	9.66E-01
3.352	9.66E-01
3.352	9.66E-01
3.353	9.66E-01
3.353	9.66E-01
3.354	9.66E-01
3.355	9.66E-01
3.355	9.66E-01
3.355	9.66E-01
3.356	9.66E-01
3.356	9.66E-01
3.357	9.66E-01
3.358	9.66E-01
3.358	9.66E-01
3.359	9.66E-01
3.359	9.66E-01
3.359	9.66E-01
3.36	9.66E-01
3.361	9.66E-01
3.361	9.66E-01
3.362	9.66E-01
3.362	9.66E-01
3.362	9.66E-01
3.363	9.66E-01
3.364	9.66E-01
3.364	9.66E-01
3.365	9.66E-01
3.365	9.66E-01
3.365	9.66E-01
3.366	9.66E-01
3.366	9.66E-01
3.367	9.66E-01
3.368	9.66E-01
3.368	9.66E-01
3.368	9.66E-01
3.369	9.66E-01
3.369	9.66E-01
3.37	9.66E-01
3.371	9.66E-01
3.371	9.66E-01
3.372	9.66E-01
3.372	9.66E-01
3.372	9.66E-01
3.373	9.66E-01
3.374	9.66E-01
3.374	9.66E-01
3.375	9.66E-01
3.375	9.66E-01
3.375	9.66E-01
3.376	9.66E-01
3.376	9.66E-01
3.377	9.66E-01
3.378	9.66E-01
3.378	9.66E-01
3.378	9.66E-01
3.379	9.66E-01
3.379	9.66E-01
3.38	9.66E-01
3.381	9.66E-01
3.381	9.66E-01
3.382	9.66E-01
3.382	9.66E-01
3.382	9.66E-01
3.383	9.66E-01
3.384	9.66E-01
3.384	9.66E-01
3.385	9.66E-01
3.385	9.66E-01
3.385	9.66E-01
3.386	9.66E-01
3.386	9.66E-01
3.387	9.66E-01
3.388	9.66E-01
3.388	9.66E-01
3.388	9.66E-01
3.389	9.66E-01
3.389	9.66E-01
3.39	9.66E-01
3.391	9.66E-01
3.391	9.66E-01
3.391	9.66E-01
3.392	9.66E-01
3.392	9.66E-01
3.393	9.66E-01
3.394	9.66E-01
3.394	9.66E-01
3.395	9.66E-01
3.395	9.66E-01
3.395	9.66E-01
3.396	9.66E-01
3.397	9.66E-01
3.397	9.66E-01
3.398	9.66E-01
3.398	9.66E-01
3.398	9.66E-01
3.399	9.66E-01
3.399	9.66E-01
3.4	9.66E-01
3.401	9.66E-01
3.401	9.66E-01
3.401	9.66E-01
3.402	9.66E-01
3.402	9.66E-01
3.403	9.66E-01
3.404	9.66E-01
3.404	9.66E-01
3.405	9.66E-01
3.405	9.66E-01
3.405	9.66E-01
3.406	9.66E-01
3.407	9.66E-01
3.407	9.66E-01
3.408	9.66E-01
3.408	9.66E-01
3.408	9.66E-01
3.409	9.66E-01
3.409	9.66E-01
3.41	9.66E-01
3.411	9.66E-01
3.411	9.66E-01
3.411	9.66E-01
3.412	9.66E-01
3.412	9.66E-01
3.413	9.66E-01
3.414	9.66E-01
3.414	9.66E-01
3.414	9.66E-01
3.415	9.66E-01
3.415	9.66E-01
3.416	9.66E-01
3.417	9.66E-01
3.417	9.66E-01
3.418	9.66E-01
3.418	9.66E-01
3.418	9.66E-01
3.419	9.66E-01
3.42	9.66E-01
3.42	9.66E-01
3.421	9.66E-01
3.421	9.66E-01
3.421	9.66E-01
3.422	9.66E-01
3.422	9.66E-01
3.423	9.66E-01
3.424	9.66E-01
3.424	9.66E-01
3.424	9.66E-01
3.425	9.66E-01
3.425	9.66E-01
3.426	9.66E-01
3.427	9.66E-01
3.427	9.66E-01
3.428	9.66E-01
3.428	9.66E-01
3.428	9.66E-01
3.429	9.66E-01
3.43	9.66E-01
3.43	9.66E-01
3.431	9.66E-01
3.431	9.66E-01
3.431	9.66E-01
3.432	9.66E-01
3.432	9.66E-01
3.433	9.66E-01
3.434	9.66E-01
3.434	9.66E-01
3.434	9.66E-01
3.435	9.66E-01
3.435	9.66E-01
3.436	9.66E-01
3.437	9.66E-01
3.437	9.66E-01
3.438	9.66E-01
3.438	9.66E-01
3.438	9.66E-01
3.439	9.66E-01
3.44	9.66E-01
3.44	9.66E-01
3.441	9.66E-01
3.441	9.66E-01
3.441	9.66E-01
3.442	9.66E-01
3.443	9.66E-01
3.443	9.66E-01
3.444	9.66E-01
3.444	9.66E-01
3.444	9.66E-01
3.445	9.66E-01
3.445	9.66E-01
3.446	9.66E-01
3.447	9.66E-01
3.447	9.66E-01
3.447	9.66E-01
3.448	9.66E-01
3.448	9.66E-01
3.449	9.66E-01
3.45	9.66E-01
3.45	9.66E-01
3.451	9.66E-01
3.451	9.66E-01
3.451	9.66E-01
3.452	9.66E-01
3.453	9.66E-01
3.453	9.66E-01
3.454	9.66E-01
3.454	9.66E-01
3.454	9.66E-01
3.455	9.66E-01
3.455	9.66E-01
3.456	9.66E-01
3.457	9.66E-01
3.457	9.66E-01
3.457	9.66E-01
3.458	9.66E-01
3.458	9.66E-01
3.459	9.66E-01
3.46	9.66E-01
3.46	9.66E-01
3.461	9.66E-01
3.461	9.66E-01
3.461	9.66E-01
3.462	9.66E-01
3.463	9.66E-01
3.463	9.66E-01
3.464	9.66E-01
3.464	9.66E-01
3.464	9.66E-01
3.465	9.66E-01
3.466	9.66E-01
3.466	9.66E-01
3.467	9.66E-01
3.467	9.66E-01
3.467	9.66E-01
3.468	9.66E-01
3.468	9.66E-01
3.469	9.66E-01
3.47	9.66E-01
3.47	9.66E-01
3.47	9.66E-01
3.471	9.66E-01
3.471	9.66E-01
3.472	9.66E-01
3.473	9.66E-01
3.473	9.66E-01
3.474	9.66E-01
3.474	9.66E-01
3.474	9.66E-01
3.475	9.66E-01
3.476	9.66E-01
3.476	9.66E-01
3.477	9.66E-01
3.477	9.66E-01
3.477	9.66E-01
3.478	9.66E-01
3.478	9.66E-01
3.479	9.66E-01
3.48	9.66E-01
3.48	9.66E-01
3.48	9.66E-01
3.481	9.66E-01
3.481	9.66E-01
3.482	9.66E-01
3.483	9.66E-01
3.483	9.66E-01
3.484	9.66E-01
3.484	9.66E-01
3.484	9.66E-01
3.485	9.66E-01
3.486	9.66E-01
3.486	9.66E-01
3.487	9.66E-01
3.487	9.66E-01
3.487	9.66E-01
3.488	9.66E-01
3.489	9.66E-01
3.489	9.66E-01
3.49	9.66E-01
3.49	9.66E-01
3.49	9.66E-01
3.491	9.66E-01
3.491	9.66E-01
3.492	9.66E-01
3.493	9.66E-01
3.493	9.66E-01
3.493	9.66E-01
3.494	9.66E-01
3.494	9.66E-01
3.495	9.66E-01
3.496	9.66E-01
3.496	9.66E-01
3.497	9.66E-01
3.497	9.66E-01
3.497	9.66E-01
3.498	9.66E-01
3.499	9.66E-01
3.499	9.66E-01
3.5	9.66E-01
3.5	9.66E-01
3.5	9.66E-01
3.501	9.66E-01
3.501	9.66E-01
3.502	9.66E-01
3.503	9.66E-01
3.503	9.66E-01
3.503	9.66E-01
3.504	9.66E-01
3.504	9.66E-01
3.505	9.66E-01
3.506	9.66E-01
3.506	9.66E-01
3.507	9.66E-01
3.507	9.66E-01
3.507	9.66E-01
3.508	9.66E-01
3.509	9.66E-01
3.509	9.66E-01
3.51	9.66E-01
3.51	9.66E-01
3.51	9.66E-01
3.511	9.66E-01
3.511	9.66E-01
3.512	9.66E-01
3.513	9.66E-01
3.513	9.66E-01
3.513	9.66E-01
3.514	9.66E-01
3.514	9.66E-01
3.515	9.66E-01
3.516	9.66E-01
3.516	9.66E-01
3.516	9.66E-01
3.517	9.66E-01
3.517	9.66E-01
3.518	9.66E-01
3.519	9.66E-01
3.519	9.66E-01
3.52	9.66E-01
3.52	9.66E-01
3.52	9.66E-01
3.521	9.66E-01
3.522	9.66E-01
3.522	9.66E-01
3.523	9.66E-01
3.523	9.66E-01
3.523	9.66E-01
3.524	9.66E-01
3.524	9.66E-01
3.525	9.66E-01
3.526	9.66E-01
3.526	9.66E-01
3.526	9.66E-01
3.527	9.66E-01
3.527	9.66E-01
3.528	9.66E-01
3.529	9.66E-01
3.529	9.66E-01
3.53	9.66E-01
3.53	9.66E-01
3.53	9.66E-01
3.531	9.66E-01
3.532	9.66E-01
3.532	9.66E-01
3.533	9.66E-01
3.533	9.66E-01
3.533	9.66E-01
3.534	9.66E-01
3.534	9.66E-01
3.535	9.66E-01
3.536	9.66E-01
3.536	9.66E-01
3.536	9.66E-01
3.537	9.66E-01
3.537	9.66E-01
3.538	9.66E-01
3.539	9.66E-01
3.539	9.66E-01
3.539	9.66E-01
3.54	9.66E-01
3.54	9.66E-01
3.541	9.66E-01
3.542	9.66E-01
3.542	9.66E-01
3.543	9.66E-01
3.543	9.66E-01
3.543	9.66E-01
3.544	9.66E-01
3.545	9.66E-01
3.545	9.66E-01
3.546	9.66E-01
3.546	9.66E-01
3.546	9.66E-01
3.547	9.66E-01
3.547	9.66E-01
3.548	9.66E-01
3.549	9.66E-01
3.549	9.66E-01
3.549	9.66E-01
3.55	9.66E-01
3.55	9.66E-01
3.551	9.66E-01
3.552	9.66E-01
3.552	9.66E-01
3.553	9.66E-01
3.553	9.66E-01
3.553	9.66E-01
3.554	9.66E-01
3.555	9.66E-01
3.555	9.66E-01
3.556	9.66E-01
3.556	9.66E-01
3.556	9.66E-01
3.557	9.66E-01
3.557	9.66E-01
3.558	9.66E-01
3.559	9.66E-01
3.559	9.66E-01
3.559	9.66E-01
3.56	9.66E-01
3.56	9.66E-01
3.561	9.66E-01
3.562	9.66E-01
3.562	9.66E-01
3.562	9.66E-01
3.563	9.66E-01
3.563	9.66E-01
3.564	9.66E-01
3.565	9.66E-01
3.565	9.66E-01
3.566	9.66E-01
3.566	9.66E-01
3.566	9.66E-01
3.567	9.66E-01
3.568	9.66E-01
3.568	9.66E-01
3.569	9.66E-01
3.569	9.66E-01
3.569	9.66E-01
3.57	9.66E-01
3.57	9.66E-01
3.571	9.66E-01
3.572	9.66E-01
3.572	9.66E-01
3.572	9.66E-01
3.573	9.66E-01
3.573	9.66E-01
3.574	9.66E-01
3.575	9.66E-01
3.575	9.66E-01
3.576	9.66E-01
3.576	9.66E-01
3.576	9.66E-01
3.577	9.66E-01
3.578	9.66E-01
3.578	9.66E-01
3.579	9.66E-01
3.579	9.66E-01
3.579	9.66E-01
3.58	9.66E-01
3.58	9.66E-01
3.581	9.66E-01
3.582	9.66E-01
3.582	9.66E-01
3.582	9.66E-01
3.583	9.66E-01
3.583	9.66E-01
3.584	9.66E-01
3.585	9.66E-01
3.585	9.66E-01
3.586	9.66E-01
3.586	9.66E-01
3.586	9.66E-01
3.587	9.66E-01
3.588	9.66E-01
3.588	9.66E-01
3.589	9.66E-01
3.589	9.66E-01
3.589	9.66E-01
3.59	9.66E-01
3.591	9.66E-01
3.591	9.66E-01
3.592	9.66E-01
3.592	9.66E-01
3.592	9.66E-01
3.593	9.66E-01
3.593	9.66E-01
3.594	9.66E-01
3.595	9.66E-01
3.595	9.66E-01
3.595	9.66E-01
3.596	9.66E-01
3.596	9.66E-01
3.597	9.66E-01
3.598	9.66E-01
3.598	9.66E-01
3.599	9.66E-01
3.599	9.66E-01
3.599	9.66E-01
3.6	9.66E-01
3.601	9.66E-01
3.601	9.66E-01
3.602	9.66E-01
3.602	9.66E-01
3.602	9.66E-01
3.603	9.66E-01
3.603	9.66E-01
3.604	9.66E-01
3.605	9.66E-01
3.605	9.66E-01
3.605	9.66E-01
3.606	9.66E-01
3.606	9.66E-01
3.607	9.66E-01
3.608	9.66E-01
3.608	9.66E-01
3.609	9.66E-01
3.609	9.66E-01
3.609	9.66E-01
3.61	9.66E-01
3.611	9.66E-01
3.611	9.66E-01
3.612	9.66E-01
3.612	9.66E-01
3.612	9.66E-01
3.613	9.66E-01
3.614	9.66E-01
3.614	9.66E-01
3.615	9.66E-01
3.615	9.66E-01
3.615	9.66E-01
3.616	9.66E-01
3.616	9.66E-01
3.617	9.66E-01
3.618	9.66E-01
3.618	9.66E-01
3.618	9.66E-01
3.619	9.66E-01
3.619	9.66E-01
3.62	9.66E-01
3.621	9.66E-01
3.621	9.66E-01
3.622	9.66E-01
3.622	9.66E-01
3.622	9.66E-01
3.623	9.66E-01
3.624	9.66E-01
3.624	9.66E-01
3.625	9.66E-01
3.625	9.66E-01
3.625	9.66E-01
3.626	9.66E-01
3.626	9.66E-01
3.627	9.66E-01
3.628	9.66E-01
3.628	9.66E-01
3.628	9.66E-01
3.629	9.66E-01
3.629	9.66E-01
3.63	9.66E-01
3.631	9.66E-01
3.631	9.66E-01
3.632	9.66E-01
3.632	9.66E-01
3.632	9.66E-01
3.633	9.66E-01
3.634	9.66E-01
3.634	9.66E-01
3.635	9.66E-01
3.635	9.66E-01
3.635	9.66E-01
3.636	9.66E-01
3.636	9.66E-01
3.637	9.66E-01
3.638	9.66E-01
3.638	9.66E-01
3.638	9.66E-01
3.639	9.66E-01
3.639	9.66E-01
3.64	9.66E-01
3.641	9.66E-01
3.641	9.66E-01
3.641	9.66E-01
3.642	9.66E-01
3.642	9.66E-01
3.643	9.66E-01
3.644	9.66E-01
3.644	9.66E-01
3.645	9.66E-01
3.645	9.66E-01
3.645	9.66E-01
3.646	9.66E-01
3.647	9.66E-01
3.647	9.66E-01
3.648	9.66E-01
3.648	9.66E-01
3.648	9.66E-01
3.649	9.66E-01
3.649	9.66E-01
3.65	9.66E-01
3.651	9.66E-01
3.651	9.66E-01
3.651	9.66E-01
3.652	9.66E-01
3.652	9.66E-01
3.653	9.66E-01
3.654	9.66E-01
3.654	9.66E-01
3.655	9.66E-01
3.655	9.66E-01
3.655	9.66E-01
3.656	9.66E-01
3.657	9.66E-01
3.657	9.66E-01
3.658	9.66E-01
3.658	9.66E-01
3.658	9.66E-01
3.659	9.66E-01
3.659	9.66E-01
3.66	9.66E-01
3.661	9.66E-01
3.661	9.66E-01
3.661	9.66E-01
3.662	9.66E-01
3.662	9.66E-01
3.663	9.66E-01
3.664	9.66E-01
3.664	9.66E-01
3.664	9.66E-01
3.665	9.66E-01
3.665	9.66E-01
3.666	9.66E-01
3.667	9.66E-01
3.667	9.66E-01
3.668	9.66E-01
3.668	9.66E-01
3.668	9.66E-01
3.669	9.66E-01
3.67	9.66E-01
3.67	9.66E-01
3.671	9.66E-01
3.671	9.66E-01
3.671	9.66E-01
3.672	9.66E-01
3.672	9.66E-01
3.673	9.66E-01
3.674	9.66E-01
3.674	9.66E-01
3.674	9.66E-01
3.675	9.66E-01
3.675	9.66E-01
3.676	9.66E-01
3.677	9.66E-01
3.677	9.66E-01
3.678	9.66E-01
3.678	9.66E-01
3.678	9.66E-01
3.679	9.66E-01
3.68	9.66E-01
3.68	9.66E-01
3.681	9.66E-01
3.681	9.66E-01
3.681	9.66E-01
3.682	9.66E-01
3.682	9.66E-01
3.683	9.66E-01
3.684	9.66E-01
3.684	9.66E-01
3.684	9.66E-01
3.685	9.66E-01
3.685	9.66E-01
3.686	9.66E-01
3.687	9.66E-01
3.687	9.66E-01
3.688	9.66E-01
3.688	9.66E-01
3.688	9.66E-01
3.689	9.66E-01
3.69	9.66E-01
3.69	9.66E-01
3.691	9.66E-01
3.691	9.66E-01
3.691	9.66E-01
3.692	9.66E-01
3.693	9.66E-01
3.693	9.66E-01
3.694	9.66E-01
3.694	9.66E-01
3.694	9.66E-01
3.695	9.66E-01
3.695	9.66E-01
3.696	9.66E-01
3.697	9.66E-01
3.697	9.66E-01
3.697	9.66E-01
3.698	9.66E-01
3.698	9.66E-01
3.699	9.66E-01
3.7	9.66E-01
3.7	9.66E-01
3.701	9.66E-01
3.701	9.66E-01
3.701	9.66E-01
3.702	9.66E-01
3.703	9.66E-01
3.703	9.66E-01
3.704	9.66E-01
3.704	9.66E-01
3.704	9.66E-01
3.705	9.66E-01
3.705	9.66E-01
3.706	9.66E-01
3.707	9.66E-01
3.707	9.66E-01
3.707	9.66E-01
3.708	9.66E-01
3.708	9.66E-01
3.709	9.66E-01
3.71	9.66E-01
3.71	9.66E-01
3.711	9.66E-01
3.711	9.66E-01
3.711	9.66E-01
3.712	9.66E-01
3.713	9.66E-01
3.713	9.66E-01
3.714	9.66E-01
3.714	9.66E-01
3.714	9.66E-01
3.715	9.66E-01
3.716	9.66E-01
3.716	9.66E-01
3.717	9.66E-01
3.717	9.66E-01
3.717	9.66E-01
3.718	9.66E-01
3.718	9.66E-01
3.719	9.66E-01
3.72	9.66E-01
3.72	9.66E-01
3.72	9.66E-01
3.721	9.66E-01
3.721	9.66E-01
3.722	9.66E-01
3.723	9.66E-01
3.723	9.66E-01
3.724	9.66E-01
3.724	9.66E-01
3.724	9.66E-01
3.725	9.66E-01
3.726	9.66E-01
3.726	9.66E-01
3.727	9.66E-01
3.727	9.66E-01
3.727	9.66E-01
3.728	9.66E-01
3.728	9.66E-01
3.729	9.66E-01
3.73	9.66E-01
3.73	9.66E-01
3.73	9.66E-01
3.731	9.66E-01
3.731	9.66E-01
3.732	9.66E-01
3.733	9.66E-01
3.733	9.66E-01
3.734	9.66E-01
3.734	9.66E-01
3.734	9.66E-01
3.735	9.66E-01
3.736	9.66E-01
3.736	9.66E-01
3.737	9.66E-01
3.737	9.66E-01
3.737	9.66E-01
3.738	9.66E-01
3.739	9.66E-01
3.739	9.66E-01
3.74	9.66E-01
3.74	9.66E-01
3.74	9.66E-01
3.741	9.66E-01
3.741	9.66E-01
3.742	9.66E-01
3.743	9.66E-01
3.743	9.66E-01
3.743	9.66E-01
3.744	9.66E-01
3.744	9.66E-01
3.745	9.66E-01
3.746	9.66E-01
3.746	9.66E-01
3.747	9.66E-01
3.747	9.66E-01
3.747	9.66E-01
3.748	9.66E-01
3.749	9.66E-01
3.749	9.66E-01
3.75	9.66E-01
3.75	9.66E-01
3.75	9.66E-01
3.751	9.66E-01
3.751	9.66E-01
3.752	9.66E-01
3.753	9.66E-01
3.753	9.66E-01
3.753	9.66E-01
3.754	9.66E-01
3.754	9.66E-01
3.755	9.66E-01
3.756	9.66E-01
3.756	9.66E-01
3.757	9.66E-01
3.757	9.66E-01
3.757	9.66E-01
3.758	9.66E-01
3.759	9.66E-01
3.759	9.66E-01
3.76	9.66E-01
3.76	9.66E-01
3.76	9.66E-01
3.761	9.66E-01
3.761	9.66E-01
3.762	9.66E-01
3.763	9.66E-01
3.763	9.66E-01
3.763	9.66E-01
3.764	9.66E-01
3.764	9.66E-01
3.765	9.66E-01
3.766	9.66E-01
3.766	9.66E-01
3.766	9.66E-01
3.767	9.66E-01
3.767	9.66E-01
3.768	9.66E-01
3.769	9.66E-01
3.769	9.66E-01
3.77	9.66E-01
3.77	9.66E-01
3.77	9.66E-01
3.771	9.66E-01
3.772	9.66E-01
3.772	9.66E-01
3.773	9.66E-01
3.773	9.66E-01
3.773	9.66E-01
3.774	9.66E-01
3.774	9.66E-01
3.775	9.66E-01
3.776	9.66E-01
3.776	9.66E-01
3.776	9.66E-01
3.777	9.66E-01
3.777	9.66E-01
3.778	9.66E-01
3.779	9.66E-01
3.779	9.66E-01
3.78	9.66E-01
3.78	9.66E-01
3.78	9.66E-01
3.781	9.66E-01
3.782	9.66E-01
3.782	9.66E-01
3.783	9.66E-01
3.783	9.66E-01
3.783	9.66E-01
3.784	9.66E-01
3.784	9.66E-01
3.785	9.66E-01
3.786	9.66E-01
3.786	9.66E-01
3.786	9.66E-01
3.787	9.66E-01
3.787	9.66E-01
3.788	9.66E-01
3.789	9.66E-01
3.789	9.66E-01
3.789	9.66E-01
3.79	9.66E-01
3.79	9.66E-01
3.791	9.66E-01
3.792	9.66E-01
3.792	9.66E-01
3.793	9.66E-01
3.793	9.66E-01
3.793	9.66E-01
3.794	9.66E-01
3.795	9.66E-01
3.795	9.66E-01
3.796	9.66E-01
3.796	9.66E-01
3.796	9.66E-01
3.797	9.66E-01
3.797	9.66E-01
3.798	9.66E-01
3.799	9.66E-01
3.799	9.66E-01
3.799	9.66E-01
3.8	9.66E-01
3.8	9.66E-01
3.801	9.66E-01
3.802	9.66E-01
3.802	9.66E-01
3.803	9.66E-01
3.803	9.66E-01
3.803	9.66E-01
3.804	9.66E-01
3.805	9.66E-01
3.805	9.66E-01
3.806	9.66E-01
3.806	9.66E-01
3.806	9.66E-01
3.807	9.66E-01
3.807	9.66E-01
3.808	9.66E-01
3.809	9.66E-01
3.809	9.66E-01
3.809	9.66E-01
3.81	9.66E-01
3.81	9.66E-01
3.811	9.66E-01
3.812	9.66E-01
3.812	9.66E-01
3.812	9.66E-01
3.813	9.66E-01
3.813	9.66E-01
3.814	9.66E-01
3.815	9.66E-01
3.815	9.66E-01
3.816	9.66E-01
3.816	9.66E-01
3.816	9.66E-01
3.817	9.66E-01
3.818	9.66E-01
3.818	9.66E-01
3.819	9.66E-01
3.819	9.66E-01
3.819	9.66E-01
3.82	9.66E-01
3.82	9.66E-01
3.821	9.66E-01
3.822	9.66E-01
3.822	9.66E-01
3.822	9.66E-01
3.823	9.66E-01
3.823	9.66E-01
3.824	9.66E-01
3.825	9.66E-01
3.825	9.66E-01
3.826	9.66E-01
3.826	9.66E-01
3.826	9.66E-01
3.827	9.66E-01
3.828	9.66E-01
3.828	9.66E-01
3.829	9.66E-01
3.829	9.66E-01
3.829	9.66E-01
3.83	9.66E-01
3.83	9.66E-01
3.831	9.66E-01
3.832	9.66E-01
3.832	9.66E-01
3.832	9.66E-01
3.833	9.66E-01
3.833	9.66E-01
3.834	9.66E-01
3.835	9.66E-01
3.835	9.66E-01
3.836	9.66E-01
3.836	9.66E-01
3.836	9.66E-01
3.837	9.66E-01
3.838	9.66E-01
3.838	9.66E-01
3.839	9.66E-01
3.839	9.66E-01
3.839	9.66E-01
3.84	9.66E-01
3.841	9.66E-01
3.841	9.66E-01
3.842	9.66E-01
3.842	9.66E-01
3.842	9.66E-01
3.843	9.66E-01
3.843	9.66E-01
3.844	9.66E-01
3.845	9.66E-01
3.845	9.66E-01
3.845	9.66E-01
3.846	9.66E-01
3.846	9.66E-01
3.847	9.66E-01
3.848	9.66E-01
3.848	9.66E-01
3.849	9.66E-01
3.849	9.66E-01
3.849	9.66E-01
3.85	9.66E-01
3.851	9.66E-01
3.851	9.66E-01
3.852	9.66E-01
3.852	9.66E-01
3.852	9.66E-01
3.853	9.66E-01
3.853	9.66E-01
3.854	9.66E-01
3.855	9.66E-01
3.855	9.66E-01
3.855	9.66E-01
3.856	9.66E-01
3.856	9.66E-01
3.857	9.66E-01
3.858	9.66E-01
3.858	9.66E-01
3.859	9.66E-01
3.859	9.66E-01
3.859	9.66E-01
3.86	9.66E-01
3.861	9.66E-01
3.861	9.66E-01
3.862	9.66E-01
3.862	9.66E-01
3.862	9.66E-01
3.863	9.66E-01
3.864	9.66E-01
3.864	9.66E-01
3.865	9.66E-01
3.865	9.66E-01
3.865	9.66E-01
3.866	9.66E-01
3.866	9.66E-01
3.867	9.66E-01
3.868	9.66E-01
3.868	9.66E-01
3.868	9.66E-01
3.869	9.66E-01
3.869	9.66E-01
3.87	9.66E-01
3.871	9.66E-01
3.871	9.66E-01
3.872	9.66E-01
3.872	9.66E-01
3.872	9.66E-01
3.873	9.66E-01
3.874	9.66E-01
3.874	9.66E-01
3.875	9.66E-01
3.875	9.66E-01
3.875	9.66E-01
3.876	9.66E-01
3.876	9.66E-01
3.877	9.66E-01
3.878	9.66E-01
3.878	9.66E-01
3.878	9.66E-01
3.879	9.66E-01
3.879	9.66E-01
3.88	9.66E-01
3.881	9.66E-01
3.881	9.66E-01
3.882	9.66E-01
3.882	9.66E-01
3.882	9.66E-01
3.883	9.66E-01
3.884	9.66E-01
3.884	9.66E-01
3.885	9.66E-01
3.885	9.66E-01
3.885	9.66E-01
3.886	9.66E-01
3.886	9.66E-01
3.887	9.66E-01
3.888	9.66E-01
3.888	9.66E-01
3.888	9.66E-01
3.889	9.66E-01
3.889	9.66E-01
3.89	9.66E-01
3.891	9.66E-01
3.891	9.66E-01
3.891	9.66E-01
3.892	9.66E-01
3.892	9.66E-01
3.893	9.66E-01
3.894	9.66E-01
3.894	9.66E-01
3.895	9.66E-01
3.895	9.66E-01
3.895	9.66E-01
3.896	9.66E-01
3.897	9.66E-01
3.897	9.66E-01
3.898	9.66E-01
3.898	9.66E-01
3.898	9.66E-01
3.899	9.66E-01
3.899	9.66E-01
3.9	9.66E-01
3.901	9.66E-01
3.901	9.66E-01
3.901	9.66E-01
3.902	9.66E-01
3.902	9.66E-01
3.903	9.66E-01
3.904	9.66E-01
3.904	9.66E-01
3.905	9.66E-01
3.905	9.66E-01
3.905	9.66E-01
3.906	9.66E-01
3.907	9.66E-01
3.907	9.66E-01
3.908	9.66E-01
3.908	9.66E-01
3.908	9.66E-01
3.909	9.66E-01
3.909	9.66E-01
3.91	9.66E-01
3.911	9.66E-01
3.911	9.66E-01
3.911	9.66E-01
3.912	9.66E-01
3.912	9.66E-01
3.913	9.66E-01
3.914	9.66E-01
3.914	9.66E-01
3.914	9.66E-01
3.915	9.66E-01
3.915	9.66E-01
3.916	9.66E-01
3.917	9.66E-01
3.917	9.66E-01
3.918	9.66E-01
3.918	9.66E-01
3.918	9.66E-01
3.919	9.66E-01
3.92	9.66E-01
3.92	9.66E-01
3.921	9.66E-01
3.921	9.66E-01
3.921	9.66E-01
3.922	9.66E-01
3.922	9.66E-01
3.923	9.66E-01
3.924	9.66E-01
3.924	9.66E-01
3.924	9.66E-01
3.925	9.66E-01
3.925	9.66E-01
3.926	9.66E-01
3.927	9.66E-01
3.927	9.66E-01
3.928	9.66E-01
3.928	9.66E-01
3.928	9.66E-01
3.929	9.66E-01
3.93	9.66E-01
3.93	9.66E-01
3.931	9.66E-01
3.931	9.66E-01
3.931	9.66E-01
3.932	9.66E-01
3.932	9.66E-01
3.933	9.66E-01
3.934	9.66E-01
3.934	9.66E-01
3.934	9.66E-01
3.935	9.66E-01
3.935	9.66E-01
3.936	9.66E-01
3.937	9.66E-01
3.937	9.66E-01
3.938	9.66E-01
3.938	9.66E-01
3.938	9.66E-01
3.939	9.66E-01
3.94	9.66E-01
3.94	9.66E-01
3.941	9.66E-01
3.941	9.66E-01
3.941	9.66E-01
3.942	9.66E-01
3.943	9.66E-01
3.943	9.66E-01
3.944	9.66E-01
3.944	9.66E-01
3.944	9.66E-01
3.945	9.66E-01
3.945	9.66E-01
3.946	9.66E-01
3.947	9.66E-01
3.947	9.66E-01
3.947	9.66E-01
3.948	9.66E-01
3.948	9.66E-01
3.949	9.66E-01
3.95	9.66E-01
3.95	9.66E-01
3.951	9.66E-01
3.951	9.66E-01
3.951	9.66E-01
3.952	9.66E-01
3.953	9.66E-01
3.953	9.66E-01
3.954	9.66E-01
3.954	9.66E-01
3.954	9.66E-01
3.955	9.66E-01
3.955	9.66E-01
3.956	9.66E-01
3.957	9.66E-01
3.957	9.66E-01
3.957	9.66E-01
3.958	9.66E-01
3.958	9.66E-01
3.959	9.66E-01
3.96	9.66E-01
3.96	9.66E-01
3.961	9.66E-01
3.961	9.66E-01
3.961	9.66E-01
3.962	9.66E-01
3.963	9.66E-01
3.963	9.66E-01
3.964	9.66E-01
3.964	9.66E-01
3.964	9.66E-01
3.965	9.66E-01
3.966	9.66E-01
3.966	9.66E-01
3.967	9.66E-01
3.967	9.66E-01
3.967	9.66E-01
3.968	9.66E-01
3.968	9.66E-01
3.969	9.66E-01
3.97	9.66E-01
3.97	9.66E-01
3.97	9.66E-01
3.971	9.66E-01
3.971	9.66E-01
3.972	9.66E-01
3.973	9.66E-01
3.973	9.66E-01
3.974	9.66E-01
3.974	9.66E-01
3.974	9.66E-01
3.975	9.66E-01
3.976	9.66E-01
3.976	9.66E-01
3.977	9.66E-01
3.977	9.66E-01
3.977	9.66E-01
3.978	9.66E-01
3.978	9.66E-01
3.979	9.66E-01
3.98	9.66E-01
3.98	9.66E-01
3.98	9.66E-01
3.981	9.66E-01
3.981	9.66E-01
3.982	9.66E-01
3.983	9.66E-01
3.983	9.66E-01
3.984	9.66E-01
3.984	9.66E-01
3.984	9.66E-01
3.985	9.66E-01
3.986	9.66E-01
3.986	9.66E-01
3.987	9.66E-01
3.987	9.66E-01
3.987	9.66E-01
3.988	9.66E-01
3.989	9.66E-01
3.989	9.66E-01
3.99	9.66E-01
3.99	9.66E-01
3.99	9.66E-01
3.991	9.66E-01
3.991	9.66E-01
3.992	9.66E-01
3.993	9.66E-01
3.993	9.66E-01
3.993	9.66E-01
3.994	9.66E-01
3.994	9.66E-01
3.995	9.66E-01
3.996	9.66E-01
3.996	9.66E-01
3.997	9.66E-01
3.997	9.66E-01
3.997	9.66E-01
3.998	9.66E-01
3.999	9.66E-01
3.999	9.66E-01
4	9.66E-01
4	9.66E-01
4.001	9.66E-01
4.001	9.66E-01
4.002	9.66E-01
4.002	9.66E-01
4.003	9.66E-01
4.003	9.66E-01
4.003	9.66E-01
4.004	9.66E-01
4.004	9.66E-01
4.005	9.66E-01
4.005	9.66E-01
4.006	9.66E-01
4.006	9.66E-01
4.007	9.66E-01
4.008	9.66E-01
4.008	9.66E-01
4.009	9.66E-01
4.009	9.66E-01
4.01	9.66E-01
4.01	9.66E-01
4.01	9.66E-01
4.011	9.66E-01
4.011	9.66E-01
4.012	9.66E-01
4.012	9.66E-01
4.013	9.66E-01
4.014	9.66E-01
4.014	9.66E-01
4.015	9.66E-01
4.015	9.66E-01
4.016	9.66E-01
4.016	9.66E-01
4.016	9.66E-01
4.017	9.66E-01
4.017	9.66E-01
4.018	9.66E-01
4.018	9.66E-01
4.019	9.66E-01
4.019	9.66E-01
4.02	9.66E-01
4.021	9.66E-01
4.021	9.66E-01
4.022	9.66E-01
4.022	9.66E-01
4.023	9.66E-01
4.023	9.66E-01
4.023	9.66E-01
4.024	9.66E-01
4.024	9.66E-01
4.025	9.66E-01
4.025	9.66E-01
4.026	9.66E-01
4.027	9.66E-01
4.027	9.66E-01
4.028	9.66E-01
4.028	9.66E-01
4.029	9.66E-01
4.029	9.66E-01
4.03	9.66E-01
4.03	9.66E-01
4.03	9.66E-01
4.031	9.66E-01
4.031	9.66E-01
4.032	9.66E-01
4.032	9.66E-01
4.033	9.66E-01
4.034	9.66E-01
4.034	9.66E-01
4.035	9.66E-01
4.035	9.66E-01
4.036	9.66E-01
4.036	9.66E-01
4.036	9.66E-01
4.037	9.66E-01
4.037	9.66E-01
4.038	9.66E-01
4.038	9.66E-01
4.039	9.66E-01
4.04	9.66E-01
4.04	9.66E-01
4.041	9.66E-01
4.041	9.66E-01
4.042	9.66E-01
4.042	9.66E-01
4.043	9.66E-01
4.043	9.66E-01
4.043	9.66E-01
4.044	9.66E-01
4.044	9.66E-01
4.045	9.66E-01
4.045	9.66E-01
4.046	9.66E-01
4.047	9.66E-01
4.047	9.66E-01
4.048	9.66E-01
4.048	9.66E-01
4.049	9.66E-01
4.049	9.66E-01
4.049	9.66E-01
4.05	9.66E-01
4.05	9.66E-01
4.051	9.66E-01
4.051	9.66E-01
4.052	9.66E-01
4.052	9.66E-01
4.053	9.66E-01
4.054	9.66E-01
4.054	9.66E-01
4.055	9.66E-01
4.055	9.66E-01
4.056	9.66E-01
4.056	9.66E-01
4.056	9.66E-01
4.057	9.66E-01
4.057	9.66E-01
4.058	9.66E-01
4.058	9.66E-01
4.059	9.66E-01
4.06	9.66E-01
4.06	9.66E-01
4.061	9.66E-01
4.061	9.66E-01
4.062	9.66E-01
4.062	9.66E-01
4.062	9.66E-01
4.063	9.66E-01
4.063	9.66E-01
4.064	9.66E-01
4.064	9.66E-01
4.065	9.66E-01
4.065	9.66E-01
4.066	9.66E-01
4.067	9.66E-01
4.067	9.66E-01
4.068	9.66E-01
4.068	9.66E-01
4.069	9.66E-01
4.069	9.66E-01
4.069	9.66E-01
4.07	9.66E-01
4.07	9.66E-01
4.071	9.66E-01
4.071	9.66E-01
4.072	9.66E-01
4.073	9.66E-01
4.073	9.66E-01
4.074	9.66E-01
4.074	9.66E-01
4.075	9.66E-01
4.075	9.66E-01
4.076	9.66E-01
4.076	9.66E-01
4.076	9.66E-01
4.077	9.66E-01
4.077	9.66E-01
4.078	9.66E-01
4.078	9.66E-01
4.079	9.66E-01
4.08	9.66E-01
4.08	9.66E-01
4.081	9.66E-01
4.081	9.66E-01
4.082	9.66E-01
4.082	9.66E-01
4.082	9.66E-01
4.083	9.66E-01
4.083	9.66E-01
4.084	9.66E-01
4.084	9.66E-01
4.085	9.66E-01
4.085	9.66E-01
4.086	9.66E-01
4.087	9.66E-01
4.087	9.66E-01
4.088	9.66E-01
4.088	9.66E-01
4.089	9.66E-01
4.089	9.66E-01
4.089	9.66E-01
4.09	9.66E-01
4.09	9.66E-01
4.091	9.66E-01
4.091	9.66E-01
4.092	9.66E-01
4.093	9.66E-01
4.093	9.66E-01
4.094	9.66E-01
4.094	9.66E-01
4.095	9.66E-01
4.095	9.66E-01
4.095	9.66E-01
4.096	9.66E-01
4.096	9.66E-01
4.097	9.66E-01
4.097	9.66E-01
4.098	9.66E-01
4.098	9.66E-01
4.099	9.66E-01
4.1	9.66E-01
4.1	9.66E-01
4.101	9.66E-01
4.101	9.66E-01
4.102	9.66E-01
4.102	9.66E-01
4.102	9.66E-01
4.103	9.66E-01
4.103	9.66E-01
4.104	9.66E-01
4.104	9.66E-01
4.105	9.66E-01
4.106	9.66E-01
4.106	9.66E-01
4.107	9.66E-01
4.107	9.66E-01
4.108	9.66E-01
4.108	9.66E-01
4.109	9.66E-01
4.109	9.66E-01
4.109	9.66E-01
4.11	9.66E-01
4.11	9.66E-01
4.111	9.66E-01
4.111	9.66E-01
4.112	9.66E-01
4.113	9.66E-01
4.113	9.66E-01
4.114	9.66E-01
4.114	9.66E-01
4.115	9.66E-01
4.115	9.66E-01
4.115	9.66E-01
4.116	9.66E-01
4.116	9.66E-01
4.117	9.66E-01
4.117	9.66E-01
4.118	9.66E-01
4.119	9.66E-01
4.119	9.66E-01
4.12	9.66E-01
4.12	9.66E-01
4.121	9.66E-01
4.121	9.66E-01
4.122	9.66E-01
4.122	9.66E-01
4.122	9.66E-01
4.123	9.66E-01
4.123	9.66E-01
4.124	9.66E-01
4.124	9.66E-01
4.125	9.66E-01
4.126	9.66E-01
4.126	9.66E-01
4.127	9.66E-01
4.127	9.66E-01
4.128	9.66E-01
4.128	9.66E-01
4.128	9.66E-01
4.129	9.66E-01
4.129	9.66E-01
4.13	9.66E-01
4.13	9.66E-01
4.131	9.66E-01
4.131	9.66E-01
4.132	9.66E-01
4.133	9.66E-01
4.133	9.66E-01
4.134	9.66E-01
4.134	9.66E-01
4.135	9.66E-01
4.135	9.66E-01
4.135	9.66E-01
4.136	9.66E-01
4.136	9.66E-01
4.137	9.66E-01
4.137	9.66E-01
4.138	9.66E-01
4.139	9.66E-01
4.139	9.66E-01
4.14	9.66E-01
4.14	9.66E-01
4.141	9.66E-01
4.141	9.66E-01
4.141	9.66E-01
4.142	9.66E-01
4.142	9.66E-01
4.143	9.66E-01
4.143	9.66E-01
4.144	9.66E-01
4.144	9.66E-01
4.145	9.66E-01
4.146	9.66E-01
4.146	9.66E-01
4.147	9.66E-01
4.147	9.66E-01
4.148	9.66E-01
4.148	9.66E-01
4.148	9.66E-01
4.149	9.66E-01
4.149	9.66E-01
4.15	9.66E-01
4.15	9.66E-01
4.151	9.66E-01
4.152	9.66E-01
4.152	9.66E-01
4.153	9.66E-01
4.153	9.66E-01
4.154	9.66E-01
4.154	9.66E-01
4.155	9.66E-01
4.155	9.66E-01
4.155	9.66E-01
4.156	9.66E-01
4.156	9.66E-01
4.157	9.66E-01
4.157	9.66E-01
4.158	9.66E-01
4.159	9.66E-01
4.159	9.66E-01
4.16	9.66E-01
4.16	9.66E-01
4.161	9.66E-01
4.161	9.66E-01
4.161	9.66E-01
4.162	9.66E-01
4.162	9.66E-01
4.163	9.66E-01
4.163	9.66E-01
4.164	9.66E-01
4.165	9.66E-01
4.165	9.66E-01
4.166	9.66E-01
4.166	9.66E-01
4.167	9.66E-01
4.167	9.66E-01
4.168	9.66E-01
4.168	9.66E-01
4.168	9.66E-01
4.169	9.66E-01
4.169	9.66E-01
4.17	9.66E-01
4.17	9.66E-01
4.171	9.66E-01
4.172	9.66E-01
4.172	9.66E-01
4.173	9.66E-01
4.173	9.66E-01
4.174	9.66E-01
4.174	9.66E-01
4.174	9.66E-01
4.175	9.66E-01
4.175	9.66E-01
4.176	9.66E-01
4.176	9.66E-01
4.177	9.66E-01
4.177	9.66E-01
4.178	9.66E-01
4.179	9.66E-01
4.179	9.66E-01
4.18	9.66E-01
4.18	9.66E-01
4.181	9.66E-01
4.181	9.66E-01
4.181	9.66E-01
4.182	9.66E-01
4.182	9.66E-01
4.183	9.66E-01
4.183	9.66E-01
4.184	9.66E-01
4.185	9.66E-01
4.185	9.66E-01
4.186	9.66E-01
4.186	9.66E-01
4.187	9.66E-01
4.187	9.66E-01
4.188	9.66E-01
4.188	9.66E-01
4.188	9.66E-01
4.189	9.66E-01
4.189	9.66E-01
4.19	9.66E-01
4.19	9.66E-01
4.191	9.66E-01
4.192	9.66E-01
4.192	9.66E-01
4.193	9.66E-01
4.193	9.66E-01
4.194	9.66E-01
4.194	9.66E-01
4.194	9.66E-01
4.195	9.66E-01
4.195	9.66E-01
4.196	9.66E-01
4.196	9.66E-01
4.197	9.66E-01
4.198	9.66E-01
4.198	9.66E-01
4.199	9.66E-01
4.199	9.66E-01
4.2	9.66E-01
4.2	9.66E-01
4.201	9.66E-01
4.201	9.66E-01
4.201	9.66E-01
4.202	9.66E-01
4.202	9.66E-01
4.203	9.66E-01
4.203	9.66E-01
4.204	9.66E-01
4.205	9.66E-01
4.205	9.66E-01
4.206	9.66E-01
4.206	9.66E-01
4.207	9.66E-01
4.207	9.66E-01
4.207	9.66E-01
4.208	9.66E-01
4.208	9.66E-01
4.209	9.66E-01
4.209	9.66E-01
4.21	9.66E-01
4.21	9.66E-01
4.211	9.66E-01
4.212	9.66E-01
4.212	9.66E-01
4.213	9.66E-01
4.213	9.66E-01
4.214	9.66E-01
4.214	9.66E-01
4.214	9.66E-01
4.215	9.66E-01
4.215	9.66E-01
4.216	9.66E-01
4.216	9.66E-01
4.217	9.66E-01
4.218	9.66E-01
4.218	9.66E-01
4.219	9.66E-01
4.219	9.66E-01
4.22	9.66E-01
4.22	9.66E-01
4.22	9.66E-01
4.221	9.66E-01
4.221	9.66E-01
4.222	9.66E-01
4.222	9.66E-01
4.223	9.66E-01
4.223	9.66E-01
4.224	9.66E-01
4.225	9.66E-01
4.225	9.66E-01
4.226	9.66E-01
4.226	9.66E-01
4.227	9.66E-01
4.227	9.66E-01
4.227	9.66E-01
4.228	9.66E-01
4.228	9.66E-01
4.229	9.66E-01
4.229	9.66E-01
4.23	9.66E-01
4.231	9.66E-01
4.231	9.66E-01
4.232	9.66E-01
4.232	9.66E-01
4.233	9.66E-01
4.233	9.66E-01
4.234	9.66E-01
4.234	9.66E-01
4.234	9.66E-01
4.235	9.66E-01
4.235	9.66E-01
4.236	9.66E-01
4.236	9.66E-01
4.237	9.66E-01
4.238	9.66E-01
4.238	9.66E-01
4.239	9.66E-01
4.239	9.66E-01
4.24	9.66E-01
4.24	9.66E-01
4.24	9.66E-01
4.241	9.66E-01
4.241	9.66E-01
4.242	9.66E-01
4.242	9.66E-01
4.243	9.66E-01
4.244	9.66E-01
4.244	9.66E-01
4.245	9.66E-01
4.245	9.66E-01
4.246	9.66E-01
4.246	9.66E-01
4.247	9.66E-01
4.247	9.66E-01
4.247	9.66E-01
4.248	9.66E-01
4.248	9.66E-01
4.249	9.66E-01
4.249	9.66E-01
4.25	9.66E-01
4.251	9.66E-01
4.251	9.66E-01
4.252	9.66E-01
4.252	9.66E-01
4.253	9.66E-01
4.253	9.66E-01
4.253	9.66E-01
4.254	9.66E-01
4.254	9.66E-01
4.255	9.66E-01
4.255	9.66E-01
4.256	9.66E-01
4.256	9.66E-01
4.257	9.66E-01
4.258	9.66E-01
4.258	9.66E-01
4.259	9.66E-01
4.259	9.66E-01
4.26	9.66E-01
4.26	9.66E-01
4.26	9.66E-01
4.261	9.66E-01
4.261	9.66E-01
4.262	9.66E-01
4.262	9.66E-01
4.263	9.66E-01
4.264	9.66E-01
4.264	9.66E-01
4.265	9.66E-01
4.265	9.66E-01
4.266	9.66E-01
4.266	9.66E-01
4.266	9.66E-01
4.267	9.66E-01
4.267	9.66E-01
4.268	9.66E-01
4.268	9.66E-01
4.269	9.66E-01
4.269	9.66E-01
4.27	9.66E-01
4.271	9.66E-01
4.271	9.66E-01
4.272	9.66E-01
4.272	9.66E-01
4.273	9.66E-01
4.273	9.66E-01
4.273	9.66E-01
4.274	9.66E-01
4.274	9.66E-01
4.275	9.66E-01
4.275	9.66E-01
4.276	9.66E-01
4.277	9.66E-01
4.277	9.66E-01
4.278	9.66E-01
4.278	9.66E-01
4.279	9.66E-01
4.279	9.66E-01
4.28	9.66E-01
4.28	9.66E-01
4.28	9.66E-01
4.281	9.66E-01
4.281	9.66E-01
4.282	9.66E-01
4.282	9.66E-01
4.283	9.66E-01
4.284	9.66E-01
4.284	9.66E-01
4.285	9.66E-01
4.285	9.66E-01
4.286	9.66E-01
4.286	9.66E-01
4.286	9.66E-01
4.287	9.66E-01
4.287	9.66E-01
4.288	9.66E-01
4.288	9.66E-01
4.289	9.66E-01
4.29	9.66E-01
4.29	9.66E-01
4.291	9.66E-01
4.291	9.66E-01
4.292	9.66E-01
4.292	9.66E-01
4.293	9.66E-01
4.293	9.66E-01
4.293	9.66E-01
4.294	9.66E-01
4.294	9.66E-01
4.295	9.66E-01
4.295	9.66E-01
4.296	9.66E-01
4.297	9.66E-01
4.297	9.66E-01
4.298	9.66E-01
4.298	9.66E-01
4.299	9.66E-01
4.299	9.66E-01
4.299	9.66E-01
4.3	9.66E-01
4.3	9.66E-01
4.301	9.66E-01
4.301	9.66E-01
4.302	9.66E-01
4.302	9.66E-01
4.303	9.66E-01
4.304	9.66E-01
4.304	9.66E-01
4.305	9.66E-01
4.305	9.66E-01
4.306	9.66E-01
4.306	9.66E-01
4.306	9.66E-01
4.307	9.66E-01
4.307	9.66E-01
4.308	9.66E-01
4.308	9.66E-01
4.309	9.66E-01
4.31	9.66E-01
4.31	9.66E-01
4.311	9.66E-01
4.311	9.66E-01
4.312	9.66E-01
4.312	9.66E-01
4.312	9.66E-01
4.313	9.66E-01
4.313	9.66E-01
4.314	9.66E-01
4.314	9.66E-01
4.315	9.66E-01
4.315	9.66E-01
4.316	9.66E-01
4.317	9.66E-01
4.317	9.66E-01
4.318	9.66E-01
4.318	9.66E-01
4.319	9.66E-01
4.319	9.66E-01
4.319	9.66E-01
4.32	9.66E-01
4.32	9.66E-01
4.321	9.66E-01
4.321	9.66E-01
4.322	9.66E-01
4.323	9.66E-01
4.323	9.66E-01
4.324	9.66E-01
4.324	9.66E-01
4.325	9.66E-01
4.325	9.66E-01
4.326	9.66E-01
4.326	9.66E-01
4.326	9.66E-01
4.327	9.66E-01
4.327	9.66E-01
4.328	9.66E-01
4.328	9.66E-01
4.329	9.66E-01
4.33	9.66E-01
4.33	9.66E-01
4.331	9.66E-01
4.331	9.66E-01
4.332	9.66E-01
4.332	9.66E-01
4.332	9.66E-01
4.333	9.66E-01
4.333	9.66E-01
4.334	9.66E-01
4.334	9.66E-01
4.335	9.66E-01
4.335	9.66E-01
4.336	9.66E-01
4.337	9.66E-01
4.337	9.66E-01
4.338	9.66E-01
4.338	9.66E-01
4.339	9.66E-01
4.339	9.66E-01
4.339	9.66E-01
4.34	9.66E-01
4.34	9.66E-01
4.341	9.66E-01
4.341	9.66E-01
4.342	9.66E-01
4.343	9.66E-01
4.343	9.66E-01
4.344	9.66E-01
4.344	9.66E-01
4.345	9.66E-01
4.345	9.66E-01
4.345	9.66E-01
4.346	9.66E-01
4.346	9.66E-01
4.347	9.66E-01
4.347	9.66E-01
4.348	9.66E-01
4.348	9.66E-01
4.349	9.66E-01
4.35	9.66E-01
4.35	9.66E-01
4.351	9.66E-01
4.351	9.66E-01
4.352	9.66E-01
4.352	9.66E-01
4.352	9.66E-01
4.353	9.66E-01
4.353	9.66E-01
4.354	9.66E-01
4.354	9.66E-01
4.355	9.66E-01
4.356	9.66E-01
4.356	9.66E-01
4.357	9.66E-01
4.357	9.66E-01
4.358	9.66E-01
4.358	9.66E-01
4.359	9.66E-01
4.359	9.66E-01
4.359	9.66E-01
4.36	9.66E-01
4.36	9.66E-01
4.361	9.66E-01
4.361	9.66E-01
4.362	9.66E-01
4.363	9.66E-01
4.363	9.66E-01
4.364	9.66E-01
4.364	9.66E-01
4.365	9.66E-01
4.365	9.66E-01
4.365	9.66E-01
4.366	9.66E-01
4.366	9.66E-01
4.367	9.66E-01
4.367	9.66E-01
4.368	9.66E-01
4.369	9.66E-01
4.369	9.66E-01
4.37	9.66E-01
4.37	9.66E-01
4.371	9.66E-01
4.371	9.66E-01
4.372	9.66E-01
4.372	9.66E-01
4.372	9.66E-01
4.373	9.66E-01
4.373	9.66E-01
4.374	9.66E-01
4.374	9.66E-01
4.375	9.66E-01
4.376	9.66E-01
4.376	9.66E-01
4.377	9.66E-01
4.377	9.66E-01
4.378	9.66E-01
4.378	9.66E-01
4.378	9.66E-01
4.379	9.66E-01
4.379	9.66E-01
4.38	9.66E-01
4.38	9.66E-01
4.381	9.66E-01
4.381	9.66E-01
4.382	9.66E-01
4.383	9.66E-01
4.383	9.66E-01
4.384	9.66E-01
4.384	9.66E-01
4.385	9.66E-01
4.385	9.66E-01
4.385	9.66E-01
4.386	9.66E-01
4.386	9.66E-01
4.387	9.66E-01
4.387	9.66E-01
4.388	9.66E-01
4.389	9.66E-01
4.389	9.66E-01
4.39	9.66E-01
4.39	9.66E-01
4.391	9.66E-01
4.391	9.66E-01
4.391	9.66E-01
4.392	9.66E-01
4.392	9.66E-01
4.393	9.66E-01
4.393	9.66E-01
4.394	9.66E-01
4.394	9.66E-01
4.395	9.66E-01
4.396	9.66E-01
4.396	9.66E-01
4.397	9.66E-01
4.397	9.66E-01
4.398	9.66E-01
4.398	9.66E-01
4.398	9.66E-01
4.399	9.66E-01
4.399	9.66E-01
4.4	9.66E-01
4.4	9.66E-01
4.401	9.66E-01
4.402	9.66E-01
4.402	9.66E-01
4.403	9.66E-01
4.403	9.66E-01
4.404	9.66E-01
4.404	9.66E-01
4.405	9.66E-01
4.405	9.66E-01
4.405	9.66E-01
4.406	9.66E-01
4.406	9.66E-01
4.407	9.66E-01
4.407	9.66E-01
4.408	9.66E-01
4.409	9.66E-01
4.409	9.66E-01
4.41	9.66E-01
4.41	9.66E-01
4.411	9.66E-01
4.411	9.66E-01
4.411	9.66E-01
4.412	9.66E-01
4.412	9.66E-01
4.413	9.66E-01
4.413	9.66E-01
4.414	9.66E-01
4.415	9.66E-01
4.415	9.66E-01
4.416	9.66E-01
4.416	9.66E-01
4.417	9.66E-01
4.417	9.66E-01
4.418	9.66E-01
4.418	9.66E-01
4.418	9.66E-01
4.419	9.66E-01
4.419	9.66E-01
4.42	9.66E-01
4.42	9.66E-01
4.421	9.66E-01
4.422	9.66E-01
4.422	9.66E-01
4.423	9.66E-01
4.423	9.66E-01
4.424	9.66E-01
4.424	9.66E-01
4.424	9.66E-01
4.425	9.66E-01
4.425	9.66E-01
4.426	9.66E-01
4.426	9.66E-01
4.427	9.66E-01
4.427	9.66E-01
4.428	9.66E-01
4.429	9.66E-01
4.429	9.66E-01
4.43	9.66E-01
4.43	9.66E-01
4.431	9.66E-01
4.431	9.66E-01
4.431	9.66E-01
4.432	9.66E-01
4.432	9.66E-01
4.433	9.66E-01
4.433	9.66E-01
4.434	9.66E-01
4.435	9.66E-01
4.435	9.66E-01
4.436	9.66E-01
4.436	9.66E-01
4.437	9.66E-01
4.437	9.66E-01
4.438	9.66E-01
4.438	9.66E-01
4.438	9.66E-01
4.439	9.66E-01
4.439	9.66E-01
4.44	9.66E-01
4.44	9.66E-01
4.441	9.66E-01
4.442	9.66E-01
4.442	9.66E-01
4.443	9.66E-01
4.443	9.66E-01
4.444	9.66E-01
4.444	9.66E-01
4.444	9.66E-01
4.445	9.66E-01
4.445	9.66E-01
4.446	9.66E-01
4.446	9.66E-01
4.447	9.66E-01
4.448	9.66E-01
4.448	9.66E-01
4.449	9.66E-01
4.449	9.66E-01
4.45	9.66E-01
4.45	9.66E-01
4.451	9.66E-01
4.451	9.66E-01
4.451	9.66E-01
4.452	9.66E-01
4.452	9.66E-01
4.453	9.66E-01
4.453	9.66E-01
4.454	9.66E-01
4.455	9.66E-01
4.455	9.66E-01
4.456	9.66E-01
4.456	9.66E-01
4.457	9.66E-01
4.457	9.66E-01
4.457	9.66E-01
4.458	9.66E-01
4.458	9.66E-01
4.459	9.66E-01
4.459	9.66E-01
4.46	9.66E-01
4.46	9.66E-01
4.461	9.66E-01
4.462	9.66E-01
4.462	9.66E-01
4.463	9.66E-01
4.463	9.66E-01
4.464	9.66E-01
4.464	9.66E-01
4.464	9.66E-01
4.465	9.66E-01
4.465	9.66E-01
4.466	9.66E-01
4.466	9.66E-01
4.467	9.66E-01
4.468	9.66E-01
4.468	9.66E-01
4.469	9.66E-01
4.469	9.66E-01
4.47	9.66E-01
4.47	9.66E-01
4.47	9.66E-01
4.471	9.66E-01
4.471	9.66E-01
4.472	9.66E-01
4.472	9.66E-01
4.473	9.66E-01
4.473	9.66E-01
4.474	9.66E-01
4.475	9.66E-01
4.475	9.66E-01
4.476	9.66E-01
4.476	9.66E-01
4.477	9.66E-01
4.477	9.66E-01
4.477	9.66E-01
4.478	9.66E-01
4.478	9.66E-01
4.479	9.66E-01
4.479	9.66E-01
4.48	9.66E-01
4.481	9.66E-01
4.481	9.66E-01
4.482	9.66E-01
4.482	9.66E-01
4.483	9.66E-01
4.483	9.66E-01
4.484	9.66E-01
4.484	9.66E-01
4.484	9.66E-01
4.485	9.66E-01
4.485	9.66E-01
4.486	9.66E-01
4.486	9.66E-01
4.487	9.66E-01
4.488	9.66E-01
4.488	9.66E-01
4.489	9.66E-01
4.489	9.66E-01
4.49	9.66E-01
4.49	9.66E-01
4.49	9.66E-01
4.491	9.66E-01
4.491	9.66E-01
4.492	9.66E-01
4.492	9.66E-01
4.493	9.66E-01
4.494	9.66E-01
4.494	9.66E-01
4.495	9.66E-01
4.495	9.66E-01
4.496	9.66E-01
4.496	9.66E-01
4.497	9.66E-01
4.497	9.66E-01
4.497	9.66E-01
4.498	9.66E-01
4.498	9.66E-01
4.499	9.66E-01
4.499	9.66E-01
4.5	9.66E-01
4.501	9.66E-01
4.501	9.66E-01
4.502	9.66E-01
4.502	9.66E-01
4.503	9.66E-01
4.503	9.66E-01
4.503	9.66E-01
4.504	9.66E-01
4.504	9.66E-01
4.505	9.66E-01
4.505	9.66E-01
4.506	9.66E-01
4.506	9.66E-01
4.507	9.66E-01
4.508	9.66E-01
4.508	9.66E-01
4.509	9.66E-01
4.509	9.66E-01
4.51	9.66E-01
4.51	9.66E-01
4.51	9.66E-01
4.511	9.66E-01
4.511	9.66E-01
4.512	9.66E-01
4.512	9.66E-01
4.513	9.66E-01
4.514	9.66E-01
4.514	9.66E-01
4.515	9.66E-01
4.515	9.66E-01
4.516	9.66E-01
4.516	9.66E-01
4.516	9.66E-01
4.517	9.66E-01
4.517	9.66E-01
4.518	9.66E-01
4.518	9.66E-01
4.519	9.66E-01
4.519	9.66E-01
4.52	9.66E-01
4.521	9.66E-01
4.521	9.66E-01
4.522	9.66E-01
4.522	9.66E-01
4.523	9.66E-01
4.523	9.66E-01
4.523	9.66E-01
4.524	9.66E-01
4.524	9.66E-01
4.525	9.66E-01
4.525	9.66E-01
4.526	9.66E-01
4.527	9.66E-01
4.527	9.66E-01
4.528	9.66E-01
4.528	9.66E-01
4.529	9.66E-01
4.529	9.66E-01
4.53	9.66E-01
4.53	9.66E-01
4.53	9.66E-01
4.531	9.66E-01
4.531	9.66E-01
4.532	9.66E-01
4.532	9.66E-01
4.533	9.66E-01
4.534	9.66E-01
4.534	9.66E-01
4.535	9.66E-01
4.535	9.66E-01
4.536	9.66E-01
4.536	9.66E-01
4.536	9.66E-01
4.537	9.66E-01
4.537	9.66E-01
4.538	9.66E-01
4.538	9.66E-01
4.539	9.66E-01
4.54	9.66E-01
4.54	9.66E-01
4.541	9.66E-01
4.541	9.66E-01
4.542	9.66E-01
4.542	9.66E-01
4.543	9.66E-01
4.543	9.66E-01
4.543	9.66E-01
4.544	9.66E-01
4.544	9.66E-01
4.545	9.66E-01
4.545	9.66E-01
4.546	9.66E-01
4.547	9.66E-01
4.547	9.66E-01
4.548	9.66E-01
4.548	9.66E-01
4.549	9.66E-01
4.549	9.66E-01
4.549	9.66E-01
4.55	9.66E-01
4.55	9.66E-01
4.551	9.66E-01
4.551	9.66E-01
4.552	9.66E-01
4.552	9.66E-01
4.553	9.66E-01
4.554	9.66E-01
4.554	9.66E-01
4.555	9.66E-01
4.555	9.66E-01
4.556	9.66E-01
4.556	9.66E-01
4.556	9.66E-01
4.557	9.66E-01
4.557	9.66E-01
4.558	9.66E-01
4.558	9.66E-01
4.559	9.66E-01
4.56	9.66E-01
4.56	9.66E-01
4.561	9.66E-01
4.561	9.66E-01
4.562	9.66E-01
4.562	9.66E-01
4.562	9.66E-01
4.563	9.66E-01
4.563	9.66E-01
4.564	9.66E-01
4.564	9.66E-01
4.565	9.66E-01
4.565	9.66E-01
4.566	9.66E-01
4.567	9.66E-01
4.567	9.66E-01
4.568	9.66E-01
4.568	9.66E-01
4.569	9.66E-01
4.569	9.66E-01
4.569	9.66E-01
4.57	9.66E-01
4.57	9.66E-01
4.571	9.66E-01
4.571	9.66E-01
4.572	9.66E-01
4.573	9.66E-01
4.573	9.66E-01
4.574	9.66E-01
4.574	9.66E-01
4.575	9.66E-01
4.575	9.66E-01
4.576	9.66E-01
4.576	9.66E-01
4.576	9.66E-01
4.577	9.66E-01
4.577	9.66E-01
4.578	9.66E-01
4.578	9.66E-01
4.579	9.66E-01
4.58	9.66E-01
4.58	9.66E-01
4.581	9.66E-01
4.581	9.66E-01
4.582	9.66E-01
4.582	9.66E-01
4.582	9.66E-01
4.583	9.66E-01
4.583	9.66E-01
4.584	9.66E-01
4.584	9.66E-01
4.585	9.66E-01
4.585	9.66E-01
4.586	9.66E-01
4.587	9.66E-01
4.587	9.66E-01
4.588	9.66E-01
4.588	9.66E-01
4.589	9.66E-01
4.589	9.66E-01
4.589	9.66E-01
4.59	9.66E-01
4.59	9.66E-01
4.591	9.66E-01
4.591	9.66E-01
4.592	9.66E-01
4.593	9.66E-01
4.593	9.66E-01
4.594	9.66E-01
4.594	9.66E-01
4.595	9.66E-01
4.595	9.66E-01
4.595	9.66E-01
4.596	9.66E-01
4.596	9.66E-01
4.597	9.66E-01
4.597	9.66E-01
4.598	9.66E-01
4.598	9.66E-01
4.599	9.66E-01
4.6	9.66E-01
4.6	9.66E-01
4.601	9.66E-01
4.601	9.66E-01
4.602	9.66E-01
4.602	9.66E-01
4.602	9.66E-01
4.603	9.66E-01
4.603	9.66E-01
4.604	9.66E-01
4.604	9.66E-01
4.605	9.66E-01
4.606	9.66E-01
4.606	9.66E-01
4.607	9.66E-01
4.607	9.66E-01
4.608	9.66E-01
4.608	9.66E-01
4.609	9.66E-01
4.609	9.66E-01
4.609	9.66E-01
4.61	9.66E-01
4.61	9.66E-01
4.611	9.66E-01
4.611	9.66E-01
4.612	9.66E-01
4.613	9.66E-01
4.613	9.66E-01
4.614	9.66E-01
4.614	9.66E-01
4.615	9.66E-01
4.615	9.66E-01
4.615	9.66E-01
4.616	9.66E-01
4.616	9.66E-01
4.617	9.66E-01
4.617	9.66E-01
4.618	9.66E-01
4.619	9.66E-01
4.619	9.66E-01
4.62	9.66E-01
4.62	9.66E-01
4.621	9.66E-01
4.621	9.66E-01
4.622	9.66E-01
4.622	9.66E-01
4.622	9.66E-01
4.623	9.66E-01
4.623	9.66E-01
4.624	9.66E-01
4.624	9.66E-01
4.625	9.66E-01
4.626	9.66E-01
4.626	9.66E-01
4.627	9.66E-01
4.627	9.66E-01
4.628	9.66E-01
4.628	9.66E-01
4.628	9.66E-01
4.629	9.66E-01
4.629	9.66E-01
4.63	9.66E-01
4.63	9.66E-01
4.631	9.66E-01
4.631	9.66E-01
4.632	9.66E-01
4.633	9.66E-01
4.633	9.66E-01
4.634	9.66E-01
4.634	9.66E-01
4.635	9.66E-01
4.635	9.66E-01
4.635	9.66E-01
4.636	9.66E-01
4.636	9.66E-01
4.637	9.66E-01
4.637	9.66E-01
4.638	9.66E-01
4.639	9.66E-01
4.639	9.66E-01
4.64	9.66E-01
4.64	9.66E-01
4.641	9.66E-01
4.641	9.66E-01
4.641	9.66E-01
4.642	9.66E-01
4.642	9.66E-01
4.643	9.66E-01
4.643	9.66E-01
4.644	9.66E-01
4.644	9.66E-01
4.645	9.66E-01
4.646	9.66E-01
4.646	9.66E-01
4.647	9.66E-01
4.647	9.66E-01
4.648	9.66E-01
4.648	9.66E-01
4.648	9.66E-01
4.649	9.66E-01
4.649	9.66E-01
4.65	9.66E-01
4.65	9.66E-01
4.651	9.66E-01
4.652	9.66E-01
4.652	9.66E-01
4.653	9.66E-01
4.653	9.66E-01
4.654	9.66E-01
4.654	9.66E-01
4.655	9.66E-01
4.655	9.66E-01
4.655	9.66E-01
4.656	9.66E-01
4.656	9.66E-01
4.657	9.66E-01
4.657	9.66E-01
4.658	9.66E-01
4.659	9.66E-01
4.659	9.66E-01
4.66	9.66E-01
4.66	9.66E-01
4.661	9.66E-01
4.661	9.66E-01
4.661	9.66E-01
4.662	9.66E-01
4.662	9.66E-01
4.663	9.66E-01
4.663	9.66E-01
4.664	9.66E-01
4.665	9.66E-01
4.665	9.66E-01
4.666	9.66E-01
4.666	9.66E-01
4.667	9.66E-01
4.667	9.66E-01
4.668	9.66E-01
4.668	9.66E-01
4.668	9.66E-01
4.669	9.66E-01
4.669	9.66E-01
4.67	9.66E-01
4.67	9.66E-01
4.671	9.66E-01
4.672	9.66E-01
4.672	9.66E-01
4.673	9.66E-01
4.673	9.66E-01
4.674	9.66E-01
4.674	9.66E-01
4.674	9.66E-01
4.675	9.66E-01
4.675	9.66E-01
4.676	9.66E-01
4.676	9.66E-01
4.677	9.66E-01
4.677	9.66E-01
4.678	9.66E-01
4.679	9.66E-01
4.679	9.66E-01
4.68	9.66E-01
4.68	9.66E-01
4.681	9.66E-01
4.681	9.66E-01
4.681	9.66E-01
4.682	9.66E-01
4.682	9.66E-01
4.683	9.66E-01
4.683	9.66E-01
4.684	9.66E-01
4.685	9.66E-01
4.685	9.66E-01
4.686	9.66E-01
4.686	9.66E-01
4.687	9.66E-01
4.687	9.66E-01
4.688	9.66E-01
4.688	9.66E-01
4.688	9.66E-01
4.689	9.66E-01
4.689	9.66E-01
4.69	9.66E-01
4.69	9.66E-01
4.691	9.66E-01
4.692	9.66E-01
4.692	9.66E-01
4.693	9.66E-01
4.693	9.66E-01
4.694	9.66E-01
4.694	9.66E-01
4.694	9.66E-01
4.695	9.66E-01
4.695	9.66E-01
4.696	9.66E-01
4.696	9.66E-01
4.697	9.66E-01
4.698	9.66E-01
4.698	9.66E-01
4.699	9.66E-01
4.699	9.66E-01
4.7	9.66E-01
4.7	9.66E-01
4.701	9.66E-01
4.701	9.66E-01
4.701	9.66E-01
4.702	9.66E-01
4.702	9.66E-01
4.703	9.66E-01
4.703	9.66E-01
4.704	9.66E-01
4.705	9.66E-01
4.705	9.66E-01
4.706	9.66E-01
4.706	9.66E-01
4.707	9.66E-01
4.707	9.66E-01
4.707	9.66E-01
4.708	9.66E-01
4.708	9.66E-01
4.709	9.66E-01
4.709	9.66E-01
4.71	9.66E-01
4.71	9.66E-01
4.711	9.66E-01
4.712	9.66E-01
4.712	9.66E-01
4.713	9.66E-01
4.713	9.66E-01
4.714	9.66E-01
4.714	9.66E-01
4.714	9.66E-01
4.715	9.66E-01
4.715	9.66E-01
4.716	9.66E-01
4.716	9.66E-01
4.717	9.66E-01
4.718	9.66E-01
4.718	9.66E-01
4.719	9.66E-01
4.719	9.66E-01
4.72	9.66E-01
4.72	9.66E-01
4.72	9.66E-01
4.721	9.66E-01
4.721	9.66E-01
4.722	9.66E-01
4.722	9.66E-01
4.723	9.66E-01
4.723	9.66E-01
4.724	9.66E-01
4.725	9.66E-01
4.725	9.66E-01
4.726	9.66E-01
4.726	9.66E-01
4.727	9.66E-01
4.727	9.66E-01
4.727	9.66E-01
4.728	9.66E-01
4.728	9.66E-01
4.729	9.66E-01
4.729	9.66E-01
4.73	9.66E-01
4.731	9.66E-01
4.731	9.66E-01
4.732	9.66E-01
4.732	9.66E-01
4.733	9.66E-01
4.733	9.66E-01
4.734	9.66E-01
4.734	9.66E-01
4.734	9.66E-01
4.735	9.66E-01
4.735	9.66E-01
4.736	9.66E-01
4.736	9.66E-01
4.737	9.66E-01
4.738	9.66E-01
4.738	9.66E-01
4.739	9.66E-01
4.739	9.66E-01
4.74	9.66E-01
4.74	9.66E-01
4.74	9.66E-01
4.741	9.66E-01
4.741	9.66E-01
4.742	9.66E-01
4.742	9.66E-01
4.743	9.66E-01
4.744	9.66E-01
4.744	9.66E-01
4.745	9.66E-01
4.745	9.66E-01
4.746	9.66E-01
4.746	9.66E-01
4.747	9.66E-01
4.747	9.66E-01
4.747	9.66E-01
4.748	9.66E-01
4.748	9.66E-01
4.749	9.66E-01
4.749	9.66E-01
4.75	9.66E-01
4.751	9.66E-01
4.751	9.66E-01
4.752	9.66E-01
4.752	9.66E-01
4.753	9.66E-01
4.753	9.66E-01
4.753	9.66E-01
4.754	9.66E-01
4.754	9.66E-01
4.755	9.66E-01
4.755	9.66E-01
4.756	9.66E-01
4.756	9.66E-01
4.757	9.66E-01
4.758	9.66E-01
4.758	9.66E-01
4.759	9.66E-01
4.759	9.66E-01
4.76	9.66E-01
4.76	9.66E-01
4.76	9.66E-01
4.761	9.66E-01
4.761	9.66E-01
4.762	9.66E-01
4.762	9.66E-01
4.763	9.66E-01
4.764	9.66E-01
4.764	9.66E-01
4.765	9.66E-01
4.765	9.66E-01
4.766	9.66E-01
4.766	9.66E-01
4.766	9.66E-01
4.767	9.66E-01
4.767	9.66E-01
4.768	9.66E-01
4.768	9.66E-01
4.769	9.66E-01
4.769	9.66E-01
4.77	9.66E-01
4.771	9.66E-01
4.771	9.66E-01
4.772	9.66E-01
4.772	9.66E-01
4.773	9.66E-01
4.773	9.66E-01
4.773	9.66E-01
4.774	9.66E-01
4.774	9.66E-01
4.775	9.66E-01
4.775	9.66E-01
4.776	9.66E-01
4.777	9.66E-01
4.777	9.66E-01
4.778	9.66E-01
4.778	9.66E-01
4.779	9.66E-01
4.779	9.66E-01
4.78	9.66E-01
4.78	9.66E-01
4.78	9.66E-01
4.781	9.66E-01
4.781	9.66E-01
4.782	9.66E-01
4.782	9.66E-01
4.783	9.66E-01
4.784	9.66E-01
4.784	9.66E-01
4.785	9.66E-01
4.785	9.66E-01
4.786	9.66E-01
4.786	9.66E-01
4.786	9.66E-01
4.787	9.66E-01
4.787	9.66E-01
4.788	9.66E-01
4.788	9.66E-01
4.789	9.66E-01
4.79	9.66E-01
4.79	9.66E-01
4.791	9.66E-01
4.791	9.66E-01
4.792	9.66E-01
4.792	9.66E-01
4.793	9.66E-01
4.793	9.66E-01
4.793	9.66E-01
4.794	9.66E-01
4.794	9.66E-01
4.795	9.66E-01
4.795	9.66E-01
4.796	9.66E-01
4.797	9.66E-01
4.797	9.66E-01
4.798	9.66E-01
4.798	9.66E-01
4.799	9.66E-01
4.799	9.66E-01
4.799	9.66E-01
4.8	9.66E-01
4.8	9.66E-01
4.801	9.66E-01
4.801	9.66E-01
4.802	9.66E-01
4.802	9.66E-01
4.803	9.66E-01
4.804	9.66E-01
4.804	9.66E-01
4.805	9.66E-01
4.805	9.66E-01
4.806	9.66E-01
4.806	9.66E-01
4.806	9.66E-01
4.807	9.66E-01
4.807	9.66E-01
4.808	9.66E-01
4.808	9.66E-01
4.809	9.66E-01
4.81	9.66E-01
4.81	9.66E-01
4.811	9.66E-01
4.811	9.66E-01
4.812	9.66E-01
4.812	9.66E-01
4.812	9.66E-01
4.813	9.66E-01
4.813	9.66E-01
4.814	9.66E-01
4.814	9.66E-01
4.815	9.66E-01
4.815	9.66E-01
4.816	9.66E-01
4.817	9.66E-01
4.817	9.66E-01
4.818	9.66E-01
4.818	9.66E-01
4.819	9.66E-01
4.819	9.66E-01
4.819	9.66E-01
4.82	9.66E-01
4.82	9.66E-01
4.821	9.66E-01
4.821	9.66E-01
4.822	9.66E-01
4.823	9.66E-01
4.823	9.66E-01
4.824	9.66E-01
4.824	9.66E-01
4.825	9.66E-01
4.825	9.66E-01
4.826	9.66E-01
4.826	9.66E-01
4.826	9.66E-01
4.827	9.66E-01
4.827	9.66E-01
4.828	9.66E-01
4.828	9.66E-01
4.829	9.66E-01
4.83	9.66E-01
4.83	9.66E-01
4.831	9.66E-01
4.831	9.66E-01
4.832	9.66E-01
4.832	9.66E-01
4.832	9.66E-01
4.833	9.66E-01
4.833	9.66E-01
4.834	9.66E-01
4.834	9.66E-01
4.835	9.66E-01
4.835	9.66E-01
4.836	9.66E-01
4.837	9.66E-01
4.837	9.66E-01
4.838	9.66E-01
4.838	9.66E-01
4.839	9.66E-01
4.839	9.66E-01
4.839	9.66E-01
4.84	9.66E-01
4.84	9.66E-01
4.841	9.66E-01
4.841	9.66E-01
4.842	9.66E-01
4.843	9.66E-01
4.843	9.66E-01
4.844	9.66E-01
4.844	9.66E-01
4.845	9.66E-01
4.845	9.66E-01
4.845	9.66E-01
4.846	9.66E-01
4.846	9.66E-01
4.847	9.66E-01
4.847	9.66E-01
4.848	9.66E-01
4.848	9.66E-01
4.849	9.66E-01
4.85	9.66E-01
4.85	9.66E-01
4.851	9.66E-01
4.851	9.66E-01
4.852	9.66E-01
4.852	9.66E-01
4.852	9.66E-01
4.853	9.66E-01
4.853	9.66E-01
4.854	9.66E-01
4.854	9.66E-01
4.855	9.66E-01
4.856	9.66E-01
4.856	9.66E-01
4.857	9.66E-01
4.857	9.66E-01
4.858	9.66E-01
4.858	9.66E-01
4.859	9.66E-01
4.859	9.66E-01
4.859	9.66E-01
4.86	9.66E-01
4.86	9.66E-01
4.861	9.66E-01
4.861	9.66E-01
4.862	9.66E-01
4.863	9.66E-01
4.863	9.66E-01
4.864	9.66E-01
4.864	9.66E-01
4.865	9.66E-01
4.865	9.66E-01
4.865	9.66E-01
4.866	9.66E-01
4.866	9.66E-01
4.867	9.66E-01
4.867	9.66E-01
4.868	9.66E-01
4.869	9.66E-01
4.869	9.66E-01
4.87	9.66E-01
4.87	9.66E-01
4.871	9.66E-01
4.871	9.66E-01
4.872	9.66E-01
4.872	9.66E-01
4.872	9.66E-01
4.873	9.66E-01
4.873	9.66E-01
4.874	9.66E-01
4.874	9.66E-01
4.875	9.66E-01
4.876	9.66E-01
4.876	9.66E-01
4.877	9.66E-01
4.877	9.66E-01
4.878	9.66E-01
4.878	9.66E-01
4.878	9.66E-01
4.879	9.66E-01
4.879	9.66E-01
4.88	9.66E-01
4.88	9.66E-01
4.881	9.66E-01
4.881	9.66E-01
4.882	9.66E-01
4.883	9.66E-01
4.883	9.66E-01
4.884	9.66E-01
4.884	9.66E-01
4.885	9.66E-01
4.885	9.66E-01
4.885	9.66E-01
4.886	9.66E-01
4.886	9.66E-01
4.887	9.66E-01
4.887	9.66E-01
4.888	9.66E-01
4.889	9.66E-01
4.889	9.66E-01
4.89	9.66E-01
4.89	9.66E-01
4.891	9.66E-01
4.891	9.66E-01
4.891	9.66E-01
4.892	9.66E-01
4.892	9.66E-01
4.893	9.66E-01
4.893	9.66E-01
4.894	9.66E-01
4.894	9.66E-01
4.895	9.66E-01
4.896	9.66E-01
4.896	9.66E-01
4.897	9.66E-01
4.897	9.66E-01
4.898	9.66E-01
4.898	9.66E-01
4.898	9.66E-01
4.899	9.66E-01
4.899	9.66E-01
4.9	9.66E-01
4.9	9.66E-01
4.901	9.66E-01
4.902	9.66E-01
4.902	9.66E-01
4.903	9.66E-01
4.903	9.66E-01
4.904	9.66E-01
4.904	9.66E-01
4.905	9.66E-01
4.905	9.66E-01
4.905	9.66E-01
4.906	9.66E-01
4.906	9.66E-01
4.907	9.66E-01
4.907	9.66E-01
4.908	9.66E-01
4.909	9.66E-01
4.909	9.66E-01
4.91	9.66E-01
4.91	9.66E-01
4.911	9.66E-01
4.911	9.66E-01
4.911	9.66E-01
4.912	9.66E-01
4.912	9.66E-01
4.913	9.66E-01
4.913	9.66E-01
4.914	9.66E-01
4.915	9.66E-01
4.915	9.66E-01
4.916	9.66E-01
4.916	9.66E-01
4.917	9.66E-01
4.917	9.66E-01
4.918	9.66E-01
4.918	9.66E-01
4.918	9.66E-01
4.919	9.66E-01
4.919	9.66E-01
4.92	9.66E-01
4.92	9.66E-01
4.921	9.66E-01
4.922	9.66E-01
4.922	9.66E-01
4.923	9.66E-01
4.923	9.66E-01
4.924	9.66E-01
4.924	9.66E-01
4.924	9.66E-01
4.925	9.66E-01
4.925	9.66E-01
4.926	9.66E-01
4.926	9.66E-01
4.927	9.66E-01
4.927	9.66E-01
4.928	9.66E-01
4.929	9.66E-01
4.929	9.66E-01
4.93	9.66E-01
4.93	9.66E-01
4.931	9.66E-01
4.931	9.66E-01
4.931	9.66E-01
4.932	9.66E-01
4.932	9.66E-01
4.933	9.66E-01
4.933	9.66E-01
4.934	9.66E-01
4.935	9.66E-01
4.935	9.66E-01
4.936	9.66E-01
4.936	9.66E-01
4.937	9.66E-01
4.937	9.66E-01
4.938	9.66E-01
4.938	9.66E-01
4.938	9.66E-01
4.939	9.66E-01
4.939	9.66E-01
4.94	9.66E-01
4.94	9.66E-01
4.941	9.66E-01
4.942	9.66E-01
4.942	9.66E-01
4.943	9.66E-01
4.943	9.66E-01
4.944	9.66E-01
4.944	9.66E-01
4.944	9.66E-01
4.945	9.66E-01
4.945	9.66E-01
4.946	9.66E-01
4.946	9.66E-01
4.947	9.66E-01
4.948	9.66E-01
4.948	9.66E-01
4.949	9.66E-01
4.949	9.66E-01
4.95	9.66E-01
4.95	9.66E-01
4.951	9.66E-01
4.951	9.66E-01
4.951	9.66E-01
4.952	9.66E-01
4.952	9.66E-01
4.953	9.66E-01
4.953	9.66E-01
4.954	9.66E-01
4.955	9.66E-01
4.955	9.66E-01
4.956	9.66E-01
4.956	9.66E-01
4.957	9.66E-01
4.957	9.66E-01
4.957	9.66E-01
4.958	9.66E-01
4.958	9.66E-01
4.959	9.66E-01
4.959	9.66E-01
4.96	9.66E-01
4.96	9.66E-01
4.961	9.66E-01
4.962	9.66E-01
4.962	9.66E-01
4.963	9.66E-01
4.963	9.66E-01
4.964	9.66E-01
4.964	9.66E-01
4.964	9.66E-01
4.965	9.66E-01
4.965	9.66E-01
4.966	9.66E-01
4.966	9.66E-01
4.967	9.66E-01
4.968	9.66E-01
4.968	9.66E-01
4.969	9.66E-01
4.969	9.66E-01
4.97	9.66E-01
4.97	9.66E-01
4.97	9.66E-01
4.971	9.66E-01
4.971	9.66E-01
4.972	9.66E-01
4.972	9.66E-01
4.973	9.66E-01
4.973	9.66E-01
4.974	9.66E-01
4.975	9.66E-01
4.975	9.66E-01
4.976	9.66E-01
4.976	9.66E-01
4.977	9.66E-01
4.977	9.66E-01
4.977	9.66E-01
4.978	9.66E-01
4.978	9.66E-01
4.979	9.66E-01
4.979	9.66E-01
4.98	9.66E-01
4.981	9.66E-01
4.981	9.66E-01
4.982	9.66E-01
4.982	9.66E-01
4.983	9.66E-01
4.983	9.66E-01
4.984	9.66E-01
4.984	9.66E-01
4.984	9.66E-01
4.985	9.66E-01
4.985	9.66E-01
4.986	9.66E-01
4.986	9.66E-01
4.987	9.66E-01
4.988	9.66E-01
4.988	9.66E-01
4.989	9.66E-01
4.989	9.66E-01
4.99	9.66E-01
4.99	9.66E-01
4.99	9.66E-01
4.991	9.66E-01
4.991	9.66E-01
4.992	9.66E-01
4.992	9.66E-01
4.993	9.66E-01
4.994	9.66E-01
4.994	9.66E-01
4.995	9.66E-01
4.995	9.66E-01
4.996	9.66E-01
4.996	9.66E-01
4.997	9.66E-01
4.997	9.66E-01
4.997	9.66E-01
4.998	9.66E-01
4.998	9.66E-01
4.999	9.66E-01
4.999	9.66E-01
5	9.66E-01
5.001	9.66E-01
5.001	9.66E-01
5.002	9.66E-01
5.002	9.66E-01
5.003	9.66E-01
5.003	9.66E-01
5.003	9.66E-01
5.004	9.66E-01
5.004	9.66E-01
5.005	9.66E-01
5.005	9.66E-01
5.006	9.66E-01
5.006	9.66E-01
5.007	9.66E-01
5.008	9.66E-01
5.008	9.66E-01
5.009	9.66E-01
5.009	9.66E-01
5.01	9.66E-01
5.01	9.66E-01
5.01	9.66E-01
5.011	9.66E-01
5.011	9.66E-01
5.012	9.66E-01
5.012	9.66E-01
5.013	9.66E-01
5.014	9.66E-01
5.014	9.66E-01
5.015	9.66E-01
5.015	9.66E-01
5.016	9.66E-01
5.016	9.66E-01
5.016	9.66E-01
5.017	9.66E-01
5.017	9.66E-01
5.018	9.66E-01
5.018	9.66E-01
5.019	9.66E-01
5.019	9.66E-01
5.02	9.66E-01
5.021	9.66E-01
5.021	9.66E-01
5.022	9.66E-01
5.022	9.66E-01
5.023	9.66E-01
5.023	9.66E-01
5.023	9.66E-01
5.024	9.66E-01
5.024	9.66E-01
5.025	9.66E-01
5.025	9.66E-01
5.026	9.66E-01
5.027	9.66E-01
5.027	9.66E-01
5.028	9.66E-01
5.028	9.66E-01
5.029	9.66E-01
5.029	9.66E-01
5.03	9.66E-01
5.03	9.66E-01
5.03	9.66E-01
5.031	9.66E-01
5.031	9.66E-01
5.032	9.66E-01
5.032	9.66E-01
5.033	9.66E-01
5.034	9.66E-01
5.034	9.66E-01
5.035	9.66E-01
5.035	9.66E-01
5.036	9.66E-01
5.036	9.66E-01
5.036	9.66E-01
5.037	9.66E-01
5.037	9.66E-01
5.038	9.66E-01
5.038	9.66E-01
5.039	9.66E-01
5.04	9.66E-01
5.04	9.66E-01
5.041	9.66E-01
5.041	9.66E-01
5.042	9.66E-01
5.042	9.66E-01
5.043	9.66E-01
5.043	9.66E-01
5.043	9.66E-01
5.044	9.66E-01
5.044	9.66E-01
5.045	9.66E-01
5.045	9.66E-01
5.046	9.66E-01
5.047	9.66E-01
5.047	9.66E-01
5.048	9.66E-01
5.048	9.66E-01
5.049	9.66E-01
5.049	9.66E-01
5.049	9.66E-01
5.05	9.66E-01
5.05	9.66E-01
5.051	9.66E-01
5.051	9.66E-01
5.052	9.66E-01
5.052	9.66E-01
5.053	9.66E-01
5.054	9.66E-01
5.054	9.66E-01
5.055	9.66E-01
5.055	9.66E-01
5.056	9.66E-01
5.056	9.66E-01
5.056	9.66E-01
5.057	9.66E-01
5.057	9.66E-01
5.058	9.66E-01
5.058	9.66E-01
5.059	9.66E-01
5.06	9.66E-01
5.06	9.66E-01
5.061	9.66E-01
5.061	9.66E-01
5.062	9.66E-01
5.062	9.66E-01
5.062	9.66E-01
5.063	9.66E-01
5.063	9.66E-01
5.064	9.66E-01
5.064	9.66E-01
5.065	9.66E-01
5.065	9.66E-01
5.066	9.66E-01
5.067	9.66E-01
5.067	9.66E-01
5.068	9.66E-01
5.068	9.66E-01
5.069	9.66E-01
5.069	9.66E-01
5.069	9.66E-01
5.07	9.66E-01
5.07	9.66E-01
5.071	9.66E-01
5.071	9.66E-01
5.072	9.66E-01
5.073	9.66E-01
5.073	9.66E-01
5.074	9.66E-01
5.074	9.66E-01
5.075	9.66E-01
5.075	9.66E-01
5.076	9.66E-01
5.076	9.66E-01
5.076	9.66E-01
5.077	9.66E-01
5.077	9.66E-01
5.078	9.66E-01
5.078	9.66E-01
5.079	9.66E-01
5.08	9.66E-01
5.08	9.66E-01
5.081	9.66E-01
5.081	9.66E-01
5.082	9.66E-01
5.082	9.66E-01
5.082	9.66E-01
5.083	9.66E-01
5.083	9.66E-01
5.084	9.66E-01
5.084	9.66E-01
5.085	9.66E-01
5.085	9.66E-01
5.086	9.66E-01
5.087	9.66E-01
5.087	9.66E-01
5.088	9.66E-01
5.088	9.66E-01
5.089	9.66E-01
5.089	9.66E-01
5.089	9.66E-01
5.09	9.66E-01
5.09	9.66E-01
5.091	9.66E-01
5.091	9.66E-01
5.092	9.66E-01
5.093	9.66E-01
5.093	9.66E-01
5.094	9.66E-01
5.094	9.66E-01
5.095	9.66E-01
5.095	9.66E-01
5.095	9.66E-01
5.096	9.66E-01
5.096	9.66E-01
5.097	9.66E-01
5.097	9.66E-01
5.098	9.66E-01
5.098	9.66E-01
5.099	9.66E-01
5.1	9.66E-01
5.1	9.66E-01
5.101	9.66E-01
5.101	9.66E-01
5.102	9.66E-01
5.102	9.66E-01
5.102	9.66E-01
5.103	9.66E-01
5.103	9.66E-01
5.104	9.66E-01
5.104	9.66E-01
5.105	9.66E-01
5.106	9.66E-01
5.106	9.66E-01
5.107	9.66E-01
5.107	9.66E-01
5.108	9.66E-01
5.108	9.66E-01
5.109	9.66E-01
5.109	9.66E-01
5.109	9.66E-01
5.11	9.66E-01
5.11	9.66E-01
5.111	9.66E-01
5.111	9.66E-01
5.112	9.66E-01
5.113	9.66E-01
5.113	9.66E-01
5.114	9.66E-01
5.114	9.66E-01
5.115	9.66E-01
5.115	9.66E-01
5.115	9.66E-01
5.116	9.66E-01
5.116	9.66E-01
5.117	9.66E-01
5.117	9.66E-01
5.118	9.66E-01
5.119	9.66E-01
5.119	9.66E-01
5.12	9.66E-01
5.12	9.66E-01
5.121	9.66E-01
5.121	9.66E-01
5.122	9.66E-01
5.122	9.66E-01
5.122	9.66E-01
5.123	9.66E-01
5.123	9.66E-01
5.124	9.66E-01
5.124	9.66E-01
5.125	9.66E-01
5.126	9.66E-01
5.126	9.66E-01
5.127	9.66E-01
5.127	9.66E-01
5.128	9.66E-01
5.128	9.66E-01
5.128	9.66E-01
5.129	9.66E-01
5.129	9.66E-01
5.13	9.66E-01
5.13	9.66E-01
5.131	9.66E-01
5.131	9.66E-01
5.132	9.66E-01
5.133	9.66E-01
5.133	9.66E-01
5.134	9.66E-01
5.134	9.66E-01
5.135	9.66E-01
5.135	9.66E-01
5.135	9.66E-01
5.136	9.66E-01
5.136	9.66E-01
5.137	9.66E-01
5.137	9.66E-01
5.138	9.66E-01
5.139	9.66E-01
5.139	9.66E-01
5.14	9.66E-01
5.14	9.66E-01
5.141	9.66E-01
5.141	9.66E-01
5.141	9.66E-01
5.142	9.66E-01
5.142	9.66E-01
5.143	9.66E-01
5.143	9.66E-01
5.144	9.66E-01
5.144	9.66E-01
5.145	9.66E-01
5.146	9.66E-01
5.146	9.66E-01
5.147	9.66E-01
5.147	9.66E-01
5.148	9.66E-01
5.148	9.66E-01
5.148	9.66E-01
5.149	9.66E-01
5.149	9.66E-01
5.15	9.66E-01
5.15	9.66E-01
5.151	9.66E-01
5.152	9.66E-01
5.152	9.66E-01
5.153	9.66E-01
5.153	9.66E-01
5.154	9.66E-01
5.154	9.66E-01
5.155	9.66E-01
5.155	9.66E-01
5.155	9.66E-01
5.156	9.66E-01
5.156	9.66E-01
5.157	9.66E-01
5.157	9.66E-01
5.158	9.66E-01
5.159	9.66E-01
5.159	9.66E-01
5.16	9.66E-01
5.16	9.66E-01
5.161	9.66E-01
5.161	9.66E-01
5.161	9.66E-01
5.162	9.66E-01
5.162	9.66E-01
5.163	9.66E-01
5.163	9.66E-01
5.164	9.66E-01
5.165	9.66E-01
5.165	9.66E-01
5.166	9.66E-01
5.166	9.66E-01
5.167	9.66E-01
5.167	9.66E-01
5.168	9.66E-01
5.168	9.66E-01
5.168	9.66E-01
5.169	9.66E-01
5.169	9.66E-01
5.17	9.66E-01
5.17	9.66E-01
5.171	9.66E-01
5.172	9.66E-01
5.172	9.66E-01
5.173	9.66E-01
5.173	9.66E-01
5.174	9.66E-01
5.174	9.66E-01
5.174	9.66E-01
5.175	9.66E-01
5.175	9.66E-01
5.176	9.66E-01
5.176	9.66E-01
5.177	9.66E-01
5.177	9.66E-01
5.178	9.66E-01
5.179	9.66E-01
5.179	9.66E-01
5.18	9.66E-01
5.18	9.66E-01
5.181	9.66E-01
5.181	9.66E-01
5.181	9.66E-01
5.182	9.66E-01
5.182	9.66E-01
5.183	9.66E-01
5.183	9.66E-01
5.184	9.66E-01
5.185	9.66E-01
5.185	9.66E-01
5.186	9.66E-01
5.186	9.66E-01
5.187	9.66E-01
5.187	9.66E-01
5.188	9.66E-01
5.188	9.66E-01
5.188	9.66E-01
5.189	9.66E-01
5.189	9.66E-01
5.19	9.66E-01
5.19	9.66E-01
5.191	9.66E-01
5.192	9.66E-01
5.192	9.66E-01
5.193	9.66E-01
5.193	9.66E-01
5.194	9.66E-01
5.194	9.66E-01
5.194	9.66E-01
5.195	9.66E-01
5.195	9.66E-01
5.196	9.66E-01
5.196	9.66E-01
5.197	9.66E-01
5.198	9.66E-01
5.198	9.66E-01
5.199	9.66E-01
5.199	9.66E-01
5.2	9.66E-01
5.2	9.66E-01
5.201	9.66E-01
5.201	9.66E-01
5.201	9.66E-01
5.202	9.66E-01
5.202	9.66E-01
5.203	9.66E-01
5.203	9.66E-01
5.204	9.66E-01
5.205	9.66E-01
5.205	9.66E-01
5.206	9.66E-01
5.206	9.66E-01
5.207	9.66E-01
5.207	9.66E-01
5.207	9.66E-01
5.208	9.66E-01
5.208	9.66E-01
5.209	9.66E-01
5.209	9.66E-01
5.21	9.66E-01
5.21	9.66E-01
5.211	9.66E-01
5.212	9.66E-01
5.212	9.66E-01
5.213	9.66E-01
5.213	9.66E-01
5.214	9.66E-01
5.214	9.66E-01
5.214	9.66E-01
5.215	9.66E-01
5.215	9.66E-01
5.216	9.66E-01
5.216	9.66E-01
5.217	9.66E-01
5.218	9.66E-01
5.218	9.66E-01
5.219	9.66E-01
5.219	9.66E-01
5.22	9.66E-01
5.22	9.66E-01
5.22	9.66E-01
5.221	9.66E-01
5.221	9.66E-01
5.222	9.66E-01
5.222	9.66E-01
5.223	9.66E-01
5.223	9.66E-01
5.224	9.66E-01
5.225	9.66E-01
5.225	9.66E-01
5.226	9.66E-01
5.226	9.66E-01
5.227	9.66E-01
5.227	9.66E-01
5.227	9.66E-01
5.228	9.66E-01
5.228	9.66E-01
5.229	9.66E-01
5.229	9.66E-01
5.23	9.66E-01
5.231	9.66E-01
5.231	9.66E-01
5.232	9.66E-01
5.232	9.66E-01
5.233	9.66E-01
5.233	9.66E-01
5.234	9.66E-01
5.234	9.66E-01
5.234	9.66E-01
5.235	9.66E-01
5.235	9.66E-01
5.236	9.66E-01
5.236	9.66E-01
5.237	9.66E-01
5.238	9.66E-01
5.238	9.66E-01
5.239	9.66E-01
5.239	9.66E-01
5.24	9.66E-01
5.24	9.66E-01
5.24	9.66E-01
5.241	9.66E-01
5.241	9.66E-01
5.242	9.66E-01
5.242	9.66E-01
5.243	9.66E-01
5.244	9.66E-01
5.244	9.66E-01
5.245	9.66E-01
5.245	9.66E-01
5.246	9.66E-01
5.246	9.66E-01
5.247	9.66E-01
5.247	9.66E-01
5.247	9.66E-01
5.248	9.66E-01
5.248	9.66E-01
5.249	9.66E-01
5.249	9.66E-01
5.25	9.66E-01
5.251	9.66E-01
5.251	9.66E-01
5.252	9.66E-01
5.252	9.66E-01
5.253	9.66E-01
5.253	9.66E-01
5.253	9.66E-01
5.254	9.66E-01
5.254	9.66E-01
5.255	9.66E-01
5.255	9.66E-01
5.256	9.66E-01
5.256	9.66E-01
5.257	9.66E-01
5.258	9.66E-01
5.258	9.66E-01
5.259	9.66E-01
5.259	9.66E-01
5.26	9.66E-01
5.26	9.66E-01
5.26	9.66E-01
5.261	9.66E-01
5.261	9.66E-01
5.262	9.66E-01
5.262	9.66E-01
5.263	9.66E-01
5.264	9.66E-01
5.264	9.66E-01
5.265	9.66E-01
5.265	9.66E-01
5.266	9.66E-01
5.266	9.66E-01
5.266	9.66E-01
5.267	9.66E-01
5.267	9.66E-01
5.268	9.66E-01
5.268	9.66E-01
5.269	9.66E-01
5.269	9.66E-01
5.27	9.66E-01
5.271	9.66E-01
5.271	9.66E-01
5.272	9.66E-01
5.272	9.66E-01
5.273	9.66E-01
5.273	9.66E-01
5.273	9.66E-01
5.274	9.66E-01
5.274	9.66E-01
5.275	9.66E-01
5.275	9.66E-01
5.276	9.66E-01
5.277	9.66E-01
5.277	9.66E-01
5.278	9.66E-01
5.278	9.66E-01
5.279	9.66E-01
5.279	9.66E-01
5.28	9.66E-01
5.28	9.66E-01
5.28	9.66E-01
5.281	9.66E-01
5.281	9.66E-01
5.282	9.66E-01
5.282	9.66E-01
5.283	9.66E-01
5.284	9.66E-01
5.284	9.66E-01
5.285	9.66E-01
5.285	9.66E-01
5.286	9.66E-01
5.286	9.66E-01
5.286	9.66E-01
5.287	9.66E-01
5.287	9.66E-01
5.288	9.66E-01
5.288	9.66E-01
5.289	9.66E-01
5.29	9.66E-01
5.29	9.66E-01
5.291	9.66E-01
5.291	9.66E-01
5.292	9.66E-01
5.292	9.66E-01
5.293	9.66E-01
5.293	9.66E-01
5.293	9.66E-01
5.294	9.66E-01
5.294	9.66E-01
5.295	9.66E-01
5.295	9.66E-01
5.296	9.66E-01
5.297	9.66E-01
5.297	9.66E-01
5.298	9.66E-01
5.298	9.66E-01
5.299	9.66E-01
5.299	9.66E-01
5.299	9.66E-01
5.3	9.66E-01
5.3	9.66E-01
5.301	9.66E-01
5.301	9.66E-01
5.302	9.66E-01
5.302	9.66E-01
5.303	9.66E-01
5.304	9.66E-01
5.304	9.66E-01
5.305	9.66E-01
5.305	9.66E-01
5.306	9.66E-01
5.306	9.66E-01
5.306	9.66E-01
5.307	9.66E-01
5.307	9.66E-01
5.308	9.66E-01
5.308	9.66E-01
5.309	9.66E-01
5.31	9.66E-01
5.31	9.66E-01
5.311	9.66E-01
5.311	9.66E-01
5.312	9.66E-01
5.312	9.66E-01
5.312	9.66E-01
5.313	9.66E-01
5.313	9.66E-01
5.314	9.66E-01
5.314	9.66E-01
5.315	9.66E-01
5.315	9.66E-01
5.316	9.66E-01
5.317	9.66E-01
5.317	9.66E-01
5.318	9.66E-01
5.318	9.66E-01
5.319	9.66E-01
5.319	9.66E-01
5.319	9.66E-01
5.32	9.66E-01
5.32	9.66E-01
5.321	9.66E-01
5.321	9.66E-01
5.322	9.66E-01
5.323	9.66E-01
5.323	9.66E-01
5.324	9.66E-01
5.324	9.66E-01
5.325	9.66E-01
5.325	9.66E-01
5.326	9.66E-01
5.326	9.66E-01
5.326	9.66E-01
5.327	9.66E-01
5.327	9.66E-01
5.328	9.66E-01
5.328	9.66E-01
5.329	9.66E-01
5.33	9.66E-01
5.33	9.66E-01
5.331	9.66E-01
5.331	9.66E-01
5.332	9.66E-01
5.332	9.66E-01
5.332	9.66E-01
5.333	9.66E-01
5.333	9.66E-01
5.334	9.66E-01
5.334	9.66E-01
5.335	9.66E-01
5.335	9.66E-01
5.336	9.66E-01
5.337	9.66E-01
5.337	9.66E-01
5.338	9.66E-01
5.338	9.66E-01
5.339	9.66E-01
5.339	9.66E-01
5.339	9.66E-01
5.34	9.66E-01
5.34	9.66E-01
5.341	9.66E-01
5.341	9.66E-01
5.342	9.66E-01
5.343	9.66E-01
5.343	9.66E-01
5.344	9.66E-01
5.344	9.66E-01
5.345	9.66E-01
5.345	9.66E-01
5.345	9.66E-01
5.346	9.66E-01
5.346	9.66E-01
5.347	9.66E-01
5.347	9.66E-01
5.348	9.66E-01
5.348	9.66E-01
5.349	9.66E-01
5.35	9.66E-01
5.35	9.66E-01
5.351	9.66E-01
5.351	9.66E-01
5.352	9.66E-01
5.352	9.66E-01
5.352	9.66E-01
5.353	9.66E-01
5.353	9.66E-01
5.354	9.66E-01
5.354	9.66E-01
5.355	9.66E-01
5.356	9.66E-01
5.356	9.66E-01
5.357	9.66E-01
5.357	9.66E-01
5.358	9.66E-01
5.358	9.66E-01
5.359	9.66E-01
5.359	9.66E-01
5.359	9.66E-01
5.36	9.66E-01
5.36	9.66E-01
5.361	9.66E-01
5.361	9.66E-01
5.362	9.66E-01
5.363	9.66E-01
5.363	9.66E-01
5.364	9.66E-01
5.364	9.66E-01
5.365	9.66E-01
5.365	9.66E-01
5.365	9.66E-01
5.366	9.66E-01
5.366	9.66E-01
5.367	9.66E-01
5.367	9.66E-01
5.368	9.66E-01
5.369	9.66E-01
5.369	9.66E-01
5.37	9.66E-01
5.37	9.66E-01
5.371	9.66E-01
5.371	9.66E-01
5.372	9.66E-01
5.372	9.66E-01
5.372	9.66E-01
5.373	9.66E-01
5.373	9.66E-01
5.374	9.66E-01
5.374	9.66E-01
5.375	9.66E-01
5.376	9.66E-01
5.376	9.66E-01
5.377	9.66E-01
5.377	9.66E-01
5.378	9.66E-01
5.378	9.66E-01
5.378	9.66E-01
5.379	9.66E-01
5.379	9.66E-01
5.38	9.66E-01
5.38	9.66E-01
5.381	9.66E-01
5.381	9.66E-01
5.382	9.66E-01
5.383	9.66E-01
5.383	9.66E-01
5.384	9.66E-01
5.384	9.66E-01
5.385	9.66E-01
5.385	9.66E-01
5.385	9.66E-01
5.386	9.66E-01
5.386	9.66E-01
5.387	9.66E-01
5.387	9.66E-01
5.388	9.66E-01
5.389	9.66E-01
5.389	9.66E-01
5.39	9.66E-01
5.39	9.66E-01
5.391	9.66E-01
5.391	9.66E-01
5.391	9.66E-01
5.392	9.66E-01
5.392	9.66E-01
5.393	9.66E-01
5.393	9.66E-01
5.394	9.66E-01
5.394	9.66E-01
5.395	9.66E-01
5.396	9.66E-01
5.396	9.66E-01
5.397	9.66E-01
5.397	9.66E-01
5.398	9.66E-01
5.398	9.66E-01
5.398	9.66E-01
5.399	9.66E-01
5.399	9.66E-01
5.4	9.66E-01
5.4	9.66E-01
5.401	9.66E-01
5.402	9.66E-01
5.402	9.66E-01
5.403	9.66E-01
5.403	9.66E-01
5.404	9.66E-01
5.404	9.66E-01
5.405	9.66E-01
5.405	9.66E-01
5.405	9.66E-01
5.406	9.66E-01
5.406	9.66E-01
5.407	9.66E-01
5.407	9.66E-01
5.408	9.66E-01
5.409	9.66E-01
5.409	9.66E-01
5.41	9.66E-01
5.41	9.66E-01
5.411	9.66E-01
5.411	9.66E-01
5.411	9.66E-01
5.412	9.66E-01
5.412	9.66E-01
5.413	9.66E-01
5.413	9.66E-01
5.414	9.66E-01
5.415	9.66E-01
5.415	9.66E-01
5.416	9.66E-01
5.416	9.66E-01
5.417	9.66E-01
5.417	9.66E-01
5.418	9.66E-01
5.418	9.66E-01
5.418	9.66E-01
5.419	9.66E-01
5.419	9.66E-01
5.42	9.66E-01
5.42	9.66E-01
5.421	9.66E-01
5.422	9.66E-01
5.422	9.66E-01
5.423	9.66E-01
5.423	9.66E-01
5.424	9.66E-01
5.424	9.66E-01
5.424	9.66E-01
5.425	9.66E-01
5.425	9.66E-01
5.426	9.66E-01
5.426	9.66E-01
5.427	9.66E-01
5.427	9.66E-01
5.428	9.66E-01
5.429	9.66E-01
5.429	9.66E-01
5.43	9.66E-01
5.43	9.66E-01
5.431	9.66E-01
5.431	9.66E-01
5.431	9.66E-01
5.432	9.66E-01
5.432	9.66E-01
5.433	9.66E-01
5.433	9.66E-01
5.434	9.66E-01
5.435	9.66E-01
5.435	9.66E-01
5.436	9.66E-01
5.436	9.66E-01
5.437	9.66E-01
5.437	9.66E-01
5.438	9.66E-01
5.438	9.66E-01
5.438	9.66E-01
5.439	9.66E-01
5.439	9.66E-01
5.44	9.66E-01
5.44	9.66E-01
5.441	9.66E-01
5.442	9.66E-01
5.442	9.66E-01
5.443	9.66E-01
5.443	9.66E-01
5.444	9.66E-01
5.444	9.66E-01
5.444	9.66E-01
5.445	9.66E-01
5.445	9.66E-01
5.446	9.66E-01
5.446	9.66E-01
5.447	9.66E-01
5.448	9.66E-01
5.448	9.66E-01
5.449	9.66E-01
5.449	9.66E-01
5.45	9.66E-01
5.45	9.66E-01
5.451	9.66E-01
5.451	9.66E-01
5.451	9.66E-01
5.452	9.66E-01
5.452	9.66E-01
5.453	9.66E-01
5.453	9.66E-01
5.454	9.66E-01
5.455	9.66E-01
5.455	9.66E-01
5.456	9.66E-01
5.456	9.66E-01
5.457	9.66E-01
5.457	9.66E-01
5.457	9.66E-01
5.458	9.66E-01
5.458	9.66E-01
5.459	9.66E-01
5.459	9.66E-01
5.46	9.66E-01
5.46	9.66E-01
5.461	9.66E-01
5.462	9.66E-01
5.462	9.66E-01
5.463	9.66E-01
5.463	9.66E-01
5.464	9.66E-01
5.464	9.66E-01
5.464	9.66E-01
5.465	9.66E-01
5.465	9.66E-01
5.466	9.66E-01
5.466	9.66E-01
5.467	9.66E-01
5.468	9.66E-01
5.468	9.66E-01
5.469	9.66E-01
5.469	9.66E-01
5.47	9.66E-01
5.47	9.66E-01
5.47	9.66E-01
5.471	9.66E-01
5.471	9.66E-01
5.472	9.66E-01
5.472	9.66E-01
5.473	9.66E-01
5.473	9.66E-01
5.474	9.66E-01
5.475	9.66E-01
5.475	9.66E-01
5.476	9.66E-01
5.476	9.66E-01
5.477	9.66E-01
5.477	9.66E-01
5.477	9.66E-01
5.478	9.66E-01
5.478	9.66E-01
5.479	9.66E-01
5.479	9.66E-01
5.48	9.66E-01
5.481	9.66E-01
5.481	9.66E-01
5.482	9.66E-01
5.482	9.66E-01
5.483	9.66E-01
5.483	9.66E-01
5.484	9.66E-01
5.484	9.66E-01
5.484	9.66E-01
5.485	9.66E-01
5.485	9.66E-01
5.486	9.66E-01
5.486	9.66E-01
5.487	9.66E-01
5.488	9.66E-01
5.488	9.66E-01
5.489	9.66E-01
5.489	9.66E-01
5.49	9.66E-01
5.49	9.66E-01
5.49	9.66E-01
5.491	9.66E-01
5.491	9.66E-01
5.492	9.66E-01
5.492	9.66E-01
5.493	9.66E-01
5.494	9.66E-01
5.494	9.66E-01
5.495	9.66E-01
5.495	9.66E-01
5.496	9.66E-01
5.496	9.66E-01
5.497	9.66E-01
5.497	9.66E-01
5.497	9.66E-01
5.498	9.66E-01
5.498	9.66E-01
5.499	9.66E-01
5.499	9.66E-01
5.5	9.66E-01
5.501	9.66E-01
5.501	9.66E-01
5.502	9.66E-01
5.502	9.66E-01
5.503	9.66E-01
5.503	9.66E-01
5.503	9.66E-01
5.504	9.66E-01
5.504	9.66E-01
5.505	9.66E-01
5.505	9.66E-01
5.506	9.66E-01
5.506	9.66E-01
5.507	9.66E-01
5.508	9.66E-01
5.508	9.66E-01
5.509	9.66E-01
5.509	9.66E-01
5.51	9.66E-01
5.51	9.66E-01
5.51	9.66E-01
5.511	9.66E-01
5.511	9.66E-01
5.512	9.66E-01
5.512	9.66E-01
5.513	9.66E-01
5.514	9.66E-01
5.514	9.66E-01
5.515	9.66E-01
5.515	9.66E-01
5.516	9.66E-01
5.516	9.66E-01
5.516	9.66E-01
5.517	9.66E-01
5.517	9.66E-01
5.518	9.66E-01
5.518	9.66E-01
5.519	9.66E-01
5.519	9.66E-01
5.52	9.66E-01
5.521	9.66E-01
5.521	9.66E-01
5.522	9.66E-01
5.522	9.66E-01
5.523	9.66E-01
5.523	9.66E-01
5.523	9.66E-01
5.524	9.66E-01
5.524	9.66E-01
5.525	9.66E-01
5.525	9.66E-01
5.526	9.66E-01
5.527	9.66E-01
5.527	9.66E-01
5.528	9.66E-01
5.528	9.66E-01
5.529	9.66E-01
5.529	9.66E-01
5.53	9.66E-01
5.53	9.66E-01
5.53	9.66E-01
5.531	9.66E-01
5.531	9.66E-01
5.532	9.66E-01
5.532	9.66E-01
5.533	9.66E-01
5.534	9.66E-01
5.534	9.66E-01
5.535	9.66E-01
5.535	9.66E-01
5.536	9.66E-01
5.536	9.66E-01
5.536	9.66E-01
5.537	9.66E-01
5.537	9.66E-01
5.538	9.66E-01
5.538	9.66E-01
5.539	9.66E-01
5.54	9.66E-01
5.54	9.66E-01
5.541	9.66E-01
5.541	9.66E-01
5.542	9.66E-01
5.542	9.66E-01
5.543	9.66E-01
5.543	9.66E-01
5.543	9.66E-01
5.544	9.66E-01
5.544	9.66E-01
5.545	9.66E-01
5.545	9.66E-01
5.546	9.66E-01
5.547	9.66E-01
5.547	9.66E-01
5.548	9.66E-01
5.548	9.66E-01
5.549	9.66E-01
5.549	9.66E-01
5.549	9.66E-01
5.55	9.66E-01
5.55	9.66E-01
5.551	9.66E-01
5.551	9.66E-01
5.552	9.66E-01
5.552	9.66E-01
5.553	9.66E-01
5.554	9.66E-01
5.554	9.66E-01
5.555	9.66E-01
5.555	9.66E-01
5.556	9.66E-01
5.556	9.66E-01
5.556	9.66E-01
5.557	9.66E-01
5.557	9.66E-01
5.558	9.66E-01
5.558	9.66E-01
5.559	9.66E-01
5.56	9.66E-01
5.56	9.66E-01
5.561	9.66E-01
5.561	9.66E-01
5.562	9.66E-01
5.562	9.66E-01
5.562	9.66E-01
5.563	9.66E-01
5.563	9.66E-01
5.564	9.66E-01
5.564	9.66E-01
5.565	9.66E-01
5.565	9.66E-01
5.566	9.66E-01
5.567	9.66E-01
5.567	9.66E-01
5.568	9.66E-01
5.568	9.66E-01
5.569	9.66E-01
5.569	9.66E-01
5.569	9.66E-01
5.57	9.66E-01
5.57	9.66E-01
5.571	9.66E-01
5.571	9.66E-01
5.572	9.66E-01
5.573	9.66E-01
5.573	9.66E-01
5.574	9.66E-01
5.574	9.66E-01
5.575	9.66E-01
5.575	9.66E-01
5.576	9.66E-01
5.576	9.66E-01
5.576	9.66E-01
5.577	9.66E-01
5.577	9.66E-01
5.578	9.66E-01
5.578	9.66E-01
5.579	9.66E-01
5.58	9.66E-01
5.58	9.66E-01
5.581	9.66E-01
5.581	9.66E-01
5.582	9.66E-01
5.582	9.66E-01
5.582	9.66E-01
5.583	9.66E-01
5.583	9.66E-01
5.584	9.66E-01
5.584	9.66E-01
5.585	9.66E-01
5.585	9.66E-01
5.586	9.66E-01
5.587	9.66E-01
5.587	9.66E-01
5.588	9.66E-01
5.588	9.66E-01
5.589	9.66E-01
5.589	9.66E-01
5.589	9.66E-01
5.59	9.66E-01
5.59	9.66E-01
5.591	9.66E-01
5.591	9.66E-01
5.592	9.66E-01
5.593	9.66E-01
5.593	9.66E-01
5.594	9.66E-01
5.594	9.66E-01
5.595	9.66E-01
5.595	9.66E-01
5.595	9.66E-01
5.596	9.66E-01
5.596	9.66E-01
5.597	9.66E-01
5.597	9.66E-01
5.598	9.66E-01
5.598	9.66E-01
5.599	9.66E-01
5.6	9.66E-01
5.6	9.66E-01
5.601	9.66E-01
5.601	9.66E-01
5.602	9.66E-01
5.602	9.66E-01
5.602	9.66E-01
5.603	9.66E-01
5.603	9.66E-01
5.604	9.66E-01
5.604	9.66E-01
5.605	9.66E-01
5.606	9.66E-01
5.606	9.66E-01
5.607	9.66E-01
5.607	9.66E-01
5.608	9.66E-01
5.608	9.66E-01
5.609	9.66E-01
5.609	9.66E-01
5.609	9.66E-01
5.61	9.66E-01
5.61	9.66E-01
5.611	9.66E-01
5.611	9.66E-01
5.612	9.66E-01
5.613	9.66E-01
5.613	9.66E-01
5.614	9.66E-01
5.614	9.66E-01
5.615	9.66E-01
5.615	9.66E-01
5.615	9.66E-01
5.616	9.66E-01
5.616	9.66E-01
5.617	9.66E-01
5.617	9.66E-01
5.618	9.66E-01
5.619	9.66E-01
5.619	9.66E-01
5.62	9.66E-01
5.62	9.66E-01
5.621	9.66E-01
5.621	9.66E-01
5.622	9.66E-01
5.622	9.66E-01
5.622	9.66E-01
5.623	9.66E-01
5.623	9.66E-01
5.624	9.66E-01
5.624	9.66E-01
5.625	9.66E-01
5.626	9.66E-01
5.626	9.66E-01
5.627	9.66E-01
5.627	9.66E-01
5.628	9.66E-01
5.628	9.66E-01
5.628	9.66E-01
5.629	9.66E-01
5.629	9.66E-01
5.63	9.66E-01
5.63	9.66E-01
5.631	9.66E-01
5.631	9.66E-01
5.632	9.66E-01
5.633	9.66E-01
5.633	9.66E-01
5.634	9.66E-01
5.634	9.66E-01
5.635	9.66E-01
5.635	9.66E-01
5.635	9.66E-01
5.636	9.66E-01
5.636	9.66E-01
5.637	9.66E-01
5.637	9.66E-01
5.638	9.66E-01
5.639	9.66E-01
5.639	9.66E-01
5.64	9.66E-01
5.64	9.66E-01
5.641	9.66E-01
5.641	9.66E-01
5.641	9.66E-01
5.642	9.66E-01
5.642	9.66E-01
5.643	9.66E-01
5.643	9.66E-01
5.644	9.66E-01
5.644	9.66E-01
5.645	9.66E-01
5.646	9.66E-01
5.646	9.66E-01
5.647	9.66E-01
5.647	9.66E-01
5.648	9.66E-01
5.648	9.66E-01
5.648	9.66E-01
5.649	9.66E-01
5.649	9.66E-01
5.65	9.66E-01
5.65	9.66E-01
5.651	9.66E-01
5.652	9.66E-01
5.652	9.66E-01
5.653	9.66E-01
5.653	9.66E-01
5.654	9.66E-01
5.654	9.66E-01
5.655	9.66E-01
5.655	9.66E-01
5.655	9.66E-01
5.656	9.66E-01
5.656	9.66E-01
5.657	9.66E-01
5.657	9.66E-01
5.658	9.66E-01
5.659	9.66E-01
5.659	9.66E-01
5.66	9.66E-01
5.66	9.66E-01
5.661	9.66E-01
5.661	9.66E-01
5.661	9.66E-01
5.662	9.66E-01
5.662	9.66E-01
5.663	9.66E-01
5.663	9.66E-01
5.664	9.66E-01
5.665	9.66E-01
5.665	9.66E-01
5.666	9.66E-01
5.666	9.66E-01
5.667	9.66E-01
5.667	9.66E-01
5.668	9.66E-01
5.668	9.66E-01
5.668	9.66E-01
5.669	9.66E-01
5.669	9.66E-01
5.67	9.66E-01
5.67	9.66E-01
5.671	9.66E-01
5.672	9.66E-01
5.672	9.66E-01
5.673	9.66E-01
5.673	9.66E-01
5.674	9.66E-01
5.674	9.66E-01
5.674	9.66E-01
5.675	9.66E-01
5.675	9.66E-01
5.676	9.66E-01
5.676	9.66E-01
5.677	9.66E-01
5.677	9.66E-01
5.678	9.66E-01
5.679	9.66E-01
5.679	9.66E-01
5.68	9.66E-01
5.68	9.66E-01
5.681	9.66E-01
5.681	9.66E-01
5.681	9.66E-01
5.682	9.66E-01
5.682	9.66E-01
5.683	9.66E-01
5.683	9.66E-01
5.684	9.66E-01
5.685	9.66E-01
5.685	9.66E-01
5.686	9.66E-01
5.686	9.66E-01
5.687	9.66E-01
5.687	9.66E-01
5.688	9.66E-01
5.688	9.66E-01
5.688	9.66E-01
5.689	9.66E-01
5.689	9.66E-01
5.69	9.66E-01
5.69	9.66E-01
5.691	9.66E-01
5.692	9.66E-01
5.692	9.66E-01
5.693	9.66E-01
5.693	9.66E-01
5.694	9.66E-01
5.694	9.66E-01
5.694	9.66E-01
5.695	9.66E-01
5.695	9.66E-01
5.696	9.66E-01
5.696	9.66E-01
5.697	9.66E-01
5.698	9.66E-01
5.698	9.66E-01
5.699	9.66E-01
5.699	9.66E-01
5.7	9.66E-01
5.7	9.66E-01
5.701	9.66E-01
5.701	9.66E-01
5.701	9.66E-01
5.702	9.66E-01
5.702	9.66E-01
5.703	9.66E-01
5.703	9.66E-01
5.704	9.66E-01
5.705	9.66E-01
5.705	9.66E-01
5.706	9.66E-01
5.706	9.66E-01
5.707	9.66E-01
5.707	9.66E-01
5.707	9.66E-01
5.708	9.66E-01
5.708	9.66E-01
5.709	9.66E-01
5.709	9.66E-01
5.71	9.66E-01
5.71	9.66E-01
5.711	9.66E-01
5.712	9.66E-01
5.712	9.66E-01
5.713	9.66E-01
5.713	9.66E-01
5.714	9.66E-01
5.714	9.66E-01
5.714	9.66E-01
5.715	9.66E-01
5.715	9.66E-01
5.716	9.66E-01
5.716	9.66E-01
5.717	9.66E-01
5.718	9.66E-01
5.718	9.66E-01
5.719	9.66E-01
5.719	9.66E-01
5.72	9.66E-01
5.72	9.66E-01
5.72	9.66E-01
5.721	9.66E-01
5.721	9.66E-01
5.722	9.66E-01
5.722	9.66E-01
5.723	9.66E-01
5.723	9.66E-01
5.724	9.66E-01
5.725	9.66E-01
5.725	9.66E-01
5.726	9.66E-01
5.726	9.66E-01
5.727	9.66E-01
5.727	9.66E-01
5.727	9.66E-01
5.728	9.66E-01
5.728	9.66E-01
5.729	9.66E-01
5.729	9.66E-01
5.73	9.66E-01
5.731	9.66E-01
5.731	9.66E-01
5.732	9.66E-01
5.732	9.66E-01
5.733	9.66E-01
5.733	9.66E-01
5.734	9.66E-01
5.734	9.66E-01
5.734	9.66E-01
5.735	9.66E-01
5.735	9.66E-01
5.736	9.66E-01
5.736	9.66E-01
5.737	9.66E-01
5.738	9.66E-01
5.738	9.66E-01
5.739	9.66E-01
5.739	9.66E-01
5.74	9.66E-01
5.74	9.66E-01
5.74	9.66E-01
5.741	9.66E-01
5.741	9.66E-01
5.742	9.66E-01
5.742	9.66E-01
5.743	9.66E-01
5.744	9.66E-01
5.744	9.66E-01
5.745	9.66E-01
5.745	9.66E-01
5.746	9.66E-01
5.746	9.66E-01
5.747	9.66E-01
5.747	9.66E-01
5.747	9.66E-01
5.748	9.66E-01
5.748	9.66E-01
5.749	9.66E-01
5.749	9.66E-01
5.75	9.66E-01
5.751	9.66E-01
5.751	9.66E-01
5.752	9.66E-01
5.752	9.66E-01
5.753	9.66E-01
5.753	9.66E-01
5.753	9.66E-01
5.754	9.66E-01
5.754	9.66E-01
5.755	9.66E-01
5.755	9.66E-01
5.756	9.66E-01
5.756	9.66E-01
5.757	9.66E-01
5.758	9.66E-01
5.758	9.66E-01
5.759	9.66E-01
5.759	9.66E-01
5.76	9.66E-01
5.76	9.66E-01
5.76	9.66E-01
5.761	9.66E-01
5.761	9.66E-01
5.762	9.66E-01
5.762	9.66E-01
5.763	9.66E-01
5.764	9.66E-01
5.764	9.66E-01
5.765	9.66E-01
5.765	9.66E-01
5.766	9.66E-01
5.766	9.66E-01
5.766	9.66E-01
5.767	9.66E-01
5.767	9.66E-01
5.768	9.66E-01
5.768	9.66E-01
5.769	9.66E-01
5.769	9.66E-01
5.77	9.66E-01
5.771	9.66E-01
5.771	9.66E-01
5.772	9.66E-01
5.772	9.66E-01
5.773	9.66E-01
5.773	9.66E-01
5.773	9.66E-01
5.774	9.66E-01
5.774	9.66E-01
5.775	9.66E-01
5.775	9.66E-01
5.776	9.66E-01
5.777	9.66E-01
5.777	9.66E-01
5.778	9.66E-01
5.778	9.66E-01
5.779	9.66E-01
5.779	9.66E-01
5.78	9.66E-01
5.78	9.66E-01
5.78	9.66E-01
5.781	9.66E-01
5.781	9.66E-01
5.782	9.66E-01
5.782	9.66E-01
5.783	9.66E-01
5.784	9.66E-01
5.784	9.66E-01
5.785	9.66E-01
5.785	9.66E-01
5.786	9.66E-01
5.786	9.66E-01
5.786	9.66E-01
5.787	9.66E-01
5.787	9.66E-01
5.788	9.66E-01
5.788	9.66E-01
5.789	9.66E-01
5.79	9.66E-01
5.79	9.66E-01
5.791	9.66E-01
5.791	9.66E-01
5.792	9.66E-01
5.792	9.66E-01
5.793	9.66E-01
5.793	9.66E-01
5.793	9.66E-01
5.794	9.66E-01
5.794	9.66E-01
5.795	9.66E-01
5.795	9.66E-01
5.796	9.66E-01
5.797	9.66E-01
5.797	9.66E-01
5.798	9.66E-01
5.798	9.66E-01
5.799	9.66E-01
5.799	9.66E-01
5.799	9.66E-01
5.8	9.66E-01
5.8	9.66E-01
5.801	9.66E-01
5.801	9.66E-01
5.802	9.66E-01
5.802	9.66E-01
5.803	9.66E-01
5.804	9.66E-01
5.804	9.66E-01
5.805	9.66E-01
5.805	9.66E-01
5.806	9.66E-01
5.806	9.66E-01
5.806	9.66E-01
5.807	9.66E-01
5.807	9.66E-01
5.808	9.66E-01
5.808	9.66E-01
5.809	9.66E-01
5.81	9.66E-01
5.81	9.66E-01
5.811	9.66E-01
5.811	9.66E-01
5.812	9.66E-01
5.812	9.66E-01
5.812	9.66E-01
5.813	9.66E-01
5.813	9.66E-01
5.814	9.66E-01
5.814	9.66E-01
5.815	9.66E-01
5.815	9.66E-01
5.816	9.66E-01
5.817	9.66E-01
5.817	9.66E-01
5.818	9.66E-01
5.818	9.66E-01
5.819	9.66E-01
5.819	9.66E-01
5.819	9.66E-01
5.82	9.66E-01
5.82	9.66E-01
5.821	9.66E-01
5.821	9.66E-01
5.822	9.66E-01
5.823	9.66E-01
5.823	9.66E-01
5.824	9.66E-01
5.824	9.66E-01
5.825	9.66E-01
5.825	9.66E-01
5.826	9.66E-01
5.826	9.66E-01
5.826	9.66E-01
5.827	9.66E-01
5.827	9.66E-01
5.828	9.66E-01
5.828	9.66E-01
5.829	9.66E-01
5.83	9.66E-01
5.83	9.66E-01
5.831	9.66E-01
5.831	9.66E-01
5.832	9.66E-01
5.832	9.66E-01
5.832	9.66E-01
5.833	9.66E-01
5.833	9.66E-01
5.834	9.66E-01
5.834	9.66E-01
5.835	9.66E-01
5.835	9.66E-01
5.836	9.66E-01
5.837	9.66E-01
5.837	9.66E-01
5.838	9.66E-01
5.838	9.66E-01
5.839	9.66E-01
5.839	9.66E-01
5.839	9.66E-01
5.84	9.66E-01
5.84	9.66E-01
5.841	9.66E-01
5.841	9.66E-01
5.842	9.66E-01
5.843	9.66E-01
5.843	9.66E-01
5.844	9.66E-01
5.844	9.66E-01
5.845	9.66E-01
5.845	9.66E-01
5.845	9.66E-01
5.846	9.66E-01
5.846	9.66E-01
5.847	9.66E-01
5.847	9.66E-01
5.848	9.66E-01
5.848	9.66E-01
5.849	9.66E-01
5.85	9.66E-01
5.85	9.66E-01
5.851	9.66E-01
5.851	9.66E-01
5.852	9.66E-01
5.852	9.66E-01
5.852	9.66E-01
5.853	9.66E-01
5.853	9.66E-01
5.854	9.66E-01
5.854	9.66E-01
5.855	9.66E-01
5.856	9.66E-01
5.856	9.66E-01
5.857	9.66E-01
5.857	9.66E-01
5.858	9.66E-01
5.858	9.66E-01
5.859	9.66E-01
5.859	9.66E-01
5.859	9.66E-01
5.86	9.66E-01
5.86	9.66E-01
5.861	9.66E-01
5.861	9.66E-01
5.862	9.66E-01
5.863	9.66E-01
5.863	9.66E-01
5.864	9.66E-01
5.864	9.66E-01
5.865	9.66E-01
5.865	9.66E-01
5.865	9.66E-01
5.866	9.66E-01
5.866	9.66E-01
5.867	9.66E-01
5.867	9.66E-01
5.868	9.66E-01
5.869	9.66E-01
5.869	9.66E-01
5.87	9.66E-01
5.87	9.66E-01
5.871	9.66E-01
5.871	9.66E-01
5.872	9.66E-01
5.872	9.66E-01
5.872	9.66E-01
5.873	9.66E-01
5.873	9.66E-01
5.874	9.66E-01
5.874	9.66E-01
5.875	9.66E-01
5.876	9.66E-01
5.876	9.66E-01
5.877	9.66E-01
5.877	9.66E-01
5.878	9.66E-01
5.878	9.66E-01
5.878	9.66E-01
5.879	9.66E-01
5.879	9.66E-01
5.88	9.66E-01
5.88	9.66E-01
5.881	9.66E-01
5.881	9.66E-01
5.882	9.66E-01
5.883	9.66E-01
5.883	9.66E-01
5.884	9.66E-01
5.884	9.66E-01
5.885	9.66E-01
5.885	9.66E-01
5.885	9.66E-01
5.886	9.66E-01
5.886	9.66E-01
5.887	9.66E-01
5.887	9.66E-01
5.888	9.66E-01
5.889	9.66E-01
5.889	9.66E-01
5.89	9.66E-01
5.89	9.66E-01
5.891	9.66E-01
5.891	9.66E-01
5.891	9.66E-01
5.892	9.66E-01
5.892	9.66E-01
5.893	9.66E-01
5.893	9.66E-01
5.894	9.66E-01
5.894	9.66E-01
5.895	9.66E-01
5.896	9.66E-01
5.896	9.66E-01
5.897	9.66E-01
5.897	9.66E-01
5.898	9.66E-01
5.898	9.66E-01
5.898	9.66E-01
5.899	9.66E-01
5.899	9.66E-01
5.9	9.66E-01
5.9	9.66E-01
5.901	9.66E-01
5.902	9.66E-01
5.902	9.66E-01
5.903	9.66E-01
5.903	9.66E-01
5.904	9.66E-01
5.904	9.66E-01
5.905	9.66E-01
5.905	9.66E-01
5.905	9.66E-01
5.906	9.66E-01
5.906	9.66E-01
5.907	9.66E-01
5.907	9.66E-01
5.908	9.66E-01
5.909	9.66E-01
5.909	9.66E-01
5.91	9.66E-01
5.91	9.66E-01
5.911	9.66E-01
5.911	9.66E-01
5.911	9.66E-01
5.912	9.66E-01
5.912	9.66E-01
5.913	9.66E-01
5.913	9.66E-01
5.914	9.66E-01
5.915	9.66E-01
5.915	9.66E-01
5.916	9.66E-01
5.916	9.66E-01
5.917	9.66E-01
5.917	9.66E-01
5.918	9.66E-01
5.918	9.66E-01
5.918	9.66E-01
5.919	9.66E-01
5.919	9.66E-01
5.92	9.66E-01
5.92	9.66E-01
5.921	9.66E-01
5.922	9.66E-01
5.922	9.66E-01
5.923	9.66E-01
5.923	9.66E-01
5.924	9.66E-01
5.924	9.66E-01
5.924	9.66E-01
5.925	9.66E-01
5.925	9.66E-01
5.926	9.66E-01
5.926	9.66E-01
5.927	9.66E-01
5.927	9.66E-01
5.928	9.66E-01
5.929	9.66E-01
5.929	9.66E-01
5.93	9.66E-01
5.93	9.66E-01
5.931	9.66E-01
5.931	9.66E-01
5.931	9.66E-01
5.932	9.66E-01
5.932	9.66E-01
5.933	9.66E-01
5.933	9.66E-01
5.934	9.66E-01
5.935	9.66E-01
5.935	9.66E-01
5.936	9.66E-01
5.936	9.66E-01
5.937	9.66E-01
5.937	9.66E-01
5.938	9.66E-01
5.938	9.66E-01
5.938	9.66E-01
5.939	9.66E-01
5.939	9.66E-01
5.94	9.66E-01
5.94	9.66E-01
5.941	9.66E-01
5.942	9.66E-01
5.942	9.66E-01
5.943	9.66E-01
5.943	9.66E-01
5.944	9.66E-01
5.944	9.66E-01
5.944	9.66E-01
5.945	9.66E-01
5.945	9.66E-01
5.946	9.66E-01
5.946	9.66E-01
5.947	9.66E-01
5.948	9.66E-01
5.948	9.66E-01
5.949	9.66E-01
5.949	9.66E-01
5.95	9.66E-01
5.95	9.66E-01
5.951	9.66E-01
5.951	9.66E-01
5.951	9.66E-01
5.952	9.66E-01
5.952	9.66E-01
5.953	9.66E-01
5.953	9.66E-01
5.954	9.66E-01
5.955	9.66E-01
5.955	9.66E-01
5.956	9.66E-01
5.956	9.66E-01
5.957	9.66E-01
5.957	9.66E-01
5.957	9.66E-01
5.958	9.66E-01
5.958	9.66E-01
5.959	9.66E-01
5.959	9.66E-01
5.96	9.66E-01
5.96	9.66E-01
5.961	9.66E-01
5.962	9.66E-01
5.962	9.66E-01
5.963	9.66E-01
5.963	9.66E-01
5.964	9.66E-01
5.964	9.66E-01
5.964	9.66E-01
5.965	9.66E-01
5.965	9.66E-01
5.966	9.66E-01
5.966	9.66E-01
5.967	9.66E-01
5.968	9.66E-01
5.968	9.66E-01
5.969	9.66E-01
5.969	9.66E-01
5.97	9.66E-01
5.97	9.66E-01
5.97	9.66E-01
5.971	9.66E-01
5.971	9.66E-01
5.972	9.66E-01
5.972	9.66E-01
5.973	9.66E-01
5.973	9.66E-01
5.974	9.66E-01
5.975	9.66E-01
5.975	9.66E-01
5.976	9.66E-01
5.976	9.66E-01
5.977	9.66E-01
5.977	9.66E-01
5.977	9.66E-01
5.978	9.66E-01
5.978	9.66E-01
5.979	9.66E-01
5.979	9.66E-01
5.98	9.66E-01
5.981	9.66E-01
5.981	9.66E-01
5.982	9.66E-01
5.982	9.66E-01
5.983	9.66E-01
5.983	9.66E-01
5.984	9.66E-01
5.984	9.66E-01
5.984	9.66E-01
5.985	9.66E-01
5.985	9.66E-01
5.986	9.66E-01
5.986	9.66E-01
5.987	9.66E-01
5.988	9.66E-01
5.988	9.66E-01
5.989	9.66E-01
5.989	9.66E-01
5.99	9.66E-01
5.99	9.66E-01
5.99	9.66E-01
5.991	9.66E-01
5.991	9.66E-01
5.992	9.66E-01
5.992	9.66E-01
5.993	9.66E-01
5.994	9.66E-01
5.994	9.66E-01
5.995	9.66E-01
5.995	9.66E-01
5.996	9.66E-01
5.996	9.66E-01
5.997	9.66E-01
5.997	9.66E-01
5.997	9.66E-01
5.998	9.66E-01
5.998	9.66E-01
5.999	9.66E-01
5.999	9.66E-01
6	9.66E-01
6.001	9.66E-01
6.001	9.66E-01
6.002	9.66E-01
6.002	9.66E-01
6.003	9.66E-01
6.003	9.66E-01
6.003	9.66E-01
6.004	9.66E-01
6.004	9.66E-01
6.005	9.66E-01
6.005	9.66E-01
6.006	9.66E-01
6.006	9.66E-01
6.007	9.66E-01
6.008	9.66E-01
6.008	9.66E-01
6.009	9.66E-01
6.009	9.66E-01
6.01	9.66E-01
6.01	9.66E-01
6.01	9.66E-01
6.011	9.66E-01
6.011	9.66E-01
6.012	9.66E-01
6.012	9.66E-01
6.013	9.66E-01
6.014	9.66E-01
6.014	9.66E-01
6.015	9.66E-01
6.015	9.66E-01
6.016	9.66E-01
6.016	9.66E-01
6.016	9.66E-01
6.017	9.66E-01
6.017	9.66E-01
6.018	9.66E-01
6.018	9.66E-01
6.019	9.66E-01
6.019	9.66E-01
6.02	9.66E-01
6.021	9.66E-01
6.021	9.66E-01
6.022	9.66E-01
6.022	9.66E-01
6.023	9.66E-01
6.023	9.66E-01
6.023	9.66E-01
6.024	9.66E-01
6.024	9.66E-01
6.025	9.66E-01
6.025	9.66E-01
6.026	9.66E-01
6.027	9.66E-01
6.027	9.66E-01
6.028	9.66E-01
6.028	9.66E-01
6.029	9.66E-01
6.029	9.66E-01
6.03	9.66E-01
6.03	9.66E-01
6.03	9.66E-01
6.031	9.66E-01
6.031	9.66E-01
6.032	9.66E-01
6.032	9.66E-01
6.033	9.66E-01
6.034	9.66E-01
6.034	9.66E-01
6.035	9.66E-01
6.035	9.66E-01
6.036	9.66E-01
6.036	9.66E-01
6.036	9.66E-01
6.037	9.66E-01
6.037	9.66E-01
6.038	9.66E-01
6.038	9.66E-01
6.039	9.66E-01
6.04	9.66E-01
6.04	9.66E-01
6.041	9.66E-01
6.041	9.66E-01
6.042	9.66E-01
6.042	9.66E-01
6.043	9.66E-01
6.043	9.66E-01
6.043	9.66E-01
6.044	9.66E-01
6.044	9.66E-01
6.045	9.66E-01
6.045	9.66E-01
6.046	9.66E-01
6.047	9.66E-01
6.047	9.66E-01
6.048	9.66E-01
6.048	9.66E-01
6.049	9.66E-01
6.049	9.66E-01
6.049	9.66E-01
6.05	9.66E-01
6.05	9.66E-01
6.051	9.66E-01
6.051	9.66E-01
6.052	9.66E-01
6.052	9.66E-01
6.053	9.66E-01
6.054	9.66E-01
6.054	9.66E-01
6.055	9.66E-01
6.055	9.66E-01
6.056	9.66E-01
6.056	9.66E-01
6.056	9.66E-01
6.057	9.66E-01
6.057	9.66E-01
6.058	9.66E-01
6.058	9.66E-01
6.059	9.66E-01
6.06	9.66E-01
6.06	9.66E-01
6.061	9.66E-01
6.061	9.66E-01
6.062	9.66E-01
6.062	9.66E-01
6.062	9.66E-01
6.063	9.66E-01
6.063	9.66E-01
6.064	9.66E-01
6.064	9.66E-01
6.065	9.66E-01
6.065	9.66E-01
6.066	9.66E-01
6.067	9.66E-01
6.067	9.66E-01
6.068	9.66E-01
6.068	9.66E-01
6.069	9.66E-01
6.069	9.66E-01
6.069	9.66E-01
6.07	9.66E-01
6.07	9.66E-01
6.071	9.66E-01
6.071	9.66E-01
6.072	9.66E-01
6.073	9.66E-01
6.073	9.66E-01
6.074	9.66E-01
6.074	9.66E-01
6.075	9.66E-01
6.075	9.66E-01
6.076	9.66E-01
6.076	9.66E-01
6.076	9.66E-01
6.077	9.66E-01
6.077	9.66E-01
6.078	9.66E-01
6.078	9.66E-01
6.079	9.66E-01
6.08	9.66E-01
6.08	9.66E-01
6.081	9.66E-01
6.081	9.66E-01
6.082	9.66E-01
6.082	9.66E-01
6.082	9.66E-01
6.083	9.66E-01
6.083	9.66E-01
6.084	9.66E-01
6.084	9.66E-01
6.085	9.66E-01
6.085	9.66E-01
6.086	9.66E-01
6.087	9.66E-01
6.087	9.66E-01
6.088	9.66E-01
6.088	9.66E-01
6.089	9.66E-01
6.089	9.66E-01
6.089	9.66E-01
6.09	9.66E-01
6.09	9.66E-01
6.091	9.66E-01
6.091	9.66E-01
6.092	9.66E-01
6.093	9.66E-01
6.093	9.66E-01
6.094	9.66E-01
6.094	9.66E-01
6.095	9.66E-01
6.095	9.66E-01
6.095	9.66E-01
6.096	9.66E-01
6.096	9.66E-01
6.097	9.66E-01
6.097	9.66E-01
6.098	9.66E-01
6.098	9.66E-01
6.099	9.66E-01
6.1	9.66E-01
6.1	9.66E-01
6.101	9.66E-01
6.101	9.66E-01
6.102	9.66E-01
6.102	9.66E-01
6.102	9.66E-01
6.103	9.66E-01
6.103	9.66E-01
6.104	9.66E-01
6.104	9.66E-01
6.105	9.66E-01
6.106	9.66E-01
6.106	9.66E-01
6.107	9.66E-01
6.107	9.66E-01
6.108	9.66E-01
6.108	9.66E-01
6.109	9.66E-01
6.109	9.66E-01
6.109	9.66E-01
6.11	9.66E-01
6.11	9.66E-01
6.111	9.66E-01
6.111	9.66E-01
6.112	9.66E-01
6.113	9.66E-01
6.113	9.66E-01
6.114	9.66E-01
6.114	9.66E-01
6.115	9.66E-01
6.115	9.66E-01
6.115	9.66E-01
6.116	9.66E-01
6.116	9.66E-01
6.117	9.66E-01
6.117	9.66E-01
6.118	9.66E-01
6.119	9.66E-01
6.119	9.66E-01
6.12	9.66E-01
6.12	9.66E-01
6.121	9.66E-01
6.121	9.66E-01
6.122	9.66E-01
6.122	9.66E-01
6.122	9.66E-01
6.123	9.66E-01
6.123	9.66E-01
6.124	9.66E-01
6.124	9.66E-01
6.125	9.66E-01
6.126	9.66E-01
6.126	9.66E-01
6.127	9.66E-01
6.127	9.66E-01
6.128	9.66E-01
6.128	9.66E-01
6.128	9.66E-01
6.129	9.66E-01
6.129	9.66E-01
6.13	9.66E-01
6.13	9.66E-01
6.131	9.66E-01
6.131	9.66E-01
6.132	9.66E-01
6.133	9.66E-01
6.133	9.66E-01
6.134	9.66E-01
6.134	9.66E-01
6.135	9.66E-01
6.135	9.66E-01
6.135	9.66E-01
6.136	9.66E-01
6.136	9.66E-01
6.137	9.66E-01
6.137	9.66E-01
6.138	9.66E-01
6.139	9.66E-01
6.139	9.66E-01
6.14	9.66E-01
6.14	9.66E-01
6.141	9.66E-01
6.141	9.66E-01
6.141	9.66E-01
6.142	9.66E-01
6.142	9.66E-01
6.143	9.66E-01
6.143	9.66E-01
6.144	9.66E-01
6.144	9.66E-01
6.145	9.66E-01
6.146	9.66E-01
6.146	9.66E-01
6.147	9.66E-01
6.147	9.66E-01
6.148	9.66E-01
6.148	9.66E-01
6.148	9.66E-01
6.149	9.66E-01
6.149	9.66E-01
6.15	9.66E-01
6.15	9.66E-01
6.151	9.66E-01
6.152	9.66E-01
6.152	9.66E-01
6.153	9.66E-01
6.153	9.66E-01
6.154	9.66E-01
6.154	9.66E-01
6.155	9.66E-01
6.155	9.66E-01
6.155	9.66E-01
6.156	9.66E-01
6.156	9.66E-01
6.157	9.66E-01
6.157	9.66E-01
6.158	9.66E-01
6.159	9.66E-01
6.159	9.66E-01
6.16	9.66E-01
6.16	9.66E-01
6.161	9.66E-01
6.161	9.66E-01
6.161	9.66E-01
6.162	9.66E-01
6.162	9.66E-01
6.163	9.66E-01
6.163	9.66E-01
6.164	9.66E-01
6.165	9.66E-01
6.165	9.66E-01
6.166	9.66E-01
6.166	9.66E-01
6.167	9.66E-01
6.167	9.66E-01
6.168	9.66E-01
6.168	9.66E-01
6.168	9.66E-01
6.169	9.66E-01
6.169	9.66E-01
6.17	9.66E-01
6.17	9.66E-01
6.171	9.66E-01
6.172	9.66E-01
6.172	9.66E-01
6.173	9.66E-01
6.173	9.66E-01
6.174	9.66E-01
6.174	9.66E-01
6.174	9.66E-01
6.175	9.66E-01
6.175	9.66E-01
6.176	9.66E-01
6.176	9.66E-01
6.177	9.66E-01
6.177	9.66E-01
6.178	9.66E-01
6.179	9.66E-01
6.179	9.66E-01
6.18	9.66E-01
6.18	9.66E-01
6.181	9.66E-01
6.181	9.66E-01
6.181	9.66E-01
6.182	9.66E-01
6.182	9.66E-01
6.183	9.66E-01
6.183	9.66E-01
6.184	9.66E-01
6.185	9.66E-01
6.185	9.66E-01
6.186	9.66E-01
6.186	9.66E-01
6.187	9.66E-01
6.187	9.66E-01
6.188	9.66E-01
6.188	9.66E-01
6.188	9.66E-01
6.189	9.66E-01
6.189	9.66E-01
6.19	9.66E-01
6.19	9.66E-01
6.191	9.66E-01
6.192	9.66E-01
6.192	9.66E-01
6.193	9.66E-01
6.193	9.66E-01
6.194	9.66E-01
6.194	9.66E-01
6.194	9.66E-01
6.195	9.66E-01
6.195	9.66E-01
6.196	9.66E-01
6.196	9.66E-01
6.197	9.66E-01
6.198	9.66E-01
6.198	9.66E-01
6.199	9.66E-01
6.199	9.66E-01
6.2	9.66E-01
6.2	9.66E-01
6.201	9.66E-01
6.201	9.66E-01
6.201	9.66E-01
6.202	9.66E-01
6.202	9.66E-01
6.203	9.66E-01
6.203	9.66E-01
6.204	9.66E-01
6.205	9.66E-01
6.205	9.66E-01
6.206	9.66E-01
6.206	9.66E-01
6.207	9.66E-01
6.207	9.66E-01
6.207	9.66E-01
6.208	9.66E-01
6.208	9.66E-01
6.209	9.66E-01
6.209	9.66E-01
6.21	9.66E-01
6.21	9.66E-01
6.211	9.66E-01
6.212	9.66E-01
6.212	9.66E-01
6.213	9.66E-01
6.213	9.66E-01
6.214	9.66E-01
6.214	9.66E-01
6.214	9.66E-01
6.215	9.66E-01
6.215	9.66E-01
6.216	9.66E-01
6.216	9.66E-01
6.217	9.66E-01
6.218	9.66E-01
6.218	9.66E-01
6.219	9.66E-01
6.219	9.66E-01
6.22	9.66E-01
6.22	9.66E-01
6.22	9.66E-01
6.221	9.66E-01
6.221	9.66E-01
6.222	9.66E-01
6.222	9.66E-01
6.223	9.66E-01
6.223	9.66E-01
6.224	9.66E-01
6.225	9.66E-01
6.225	9.66E-01
6.226	9.66E-01
6.226	9.66E-01
6.227	9.66E-01
6.227	9.66E-01
6.227	9.66E-01
6.228	9.66E-01
6.228	9.66E-01
6.229	9.66E-01
6.229	9.66E-01
6.23	9.66E-01
6.231	9.66E-01
6.231	9.66E-01
6.232	9.66E-01
6.232	9.66E-01
6.233	9.66E-01
6.233	9.66E-01
6.234	9.66E-01
6.234	9.66E-01
6.234	9.66E-01
6.235	9.66E-01
6.235	9.66E-01
6.236	9.66E-01
6.236	9.66E-01
6.237	9.66E-01
6.238	9.66E-01
6.238	9.66E-01
6.239	9.66E-01
6.239	9.66E-01
6.24	9.66E-01
6.24	9.66E-01
6.24	9.66E-01
6.241	9.66E-01
6.241	9.66E-01
6.242	9.66E-01
6.242	9.66E-01
6.243	9.66E-01
6.244	9.66E-01
6.244	9.66E-01
6.245	9.66E-01
6.245	9.66E-01
6.246	9.66E-01
6.246	9.66E-01
6.247	9.66E-01
6.247	9.66E-01
6.247	9.66E-01
6.248	9.66E-01
6.248	9.66E-01
6.249	9.66E-01
6.249	9.66E-01
6.25	9.66E-01
6.251	9.66E-01
6.251	9.66E-01
6.252	9.66E-01
6.252	9.66E-01
6.253	9.66E-01
6.253	9.66E-01
6.253	9.66E-01
6.254	9.66E-01
6.254	9.66E-01
6.255	9.66E-01
6.255	9.66E-01
6.256	9.66E-01
6.256	9.66E-01
6.257	9.66E-01
6.258	9.66E-01
6.258	9.66E-01
6.259	9.66E-01
6.259	9.66E-01
6.26	9.66E-01
6.26	9.66E-01
6.26	9.66E-01
6.261	9.66E-01
6.261	9.66E-01
6.262	9.66E-01
6.262	9.66E-01
6.263	9.66E-01
6.264	9.66E-01
6.264	9.66E-01
6.265	9.66E-01
6.265	9.66E-01
6.266	9.66E-01
6.266	9.66E-01
6.266	9.66E-01
6.267	9.66E-01
6.267	9.66E-01
6.268	9.66E-01
6.268	9.66E-01
6.269	9.66E-01
6.269	9.66E-01
6.27	9.66E-01
6.271	9.66E-01
6.271	9.66E-01
6.272	9.66E-01
6.272	9.66E-01
6.273	9.66E-01
6.273	9.66E-01
6.273	9.66E-01
6.274	9.66E-01
6.274	9.66E-01
6.275	9.66E-01
6.275	9.66E-01
6.276	9.66E-01
6.277	9.66E-01
6.277	9.66E-01
6.278	9.66E-01
6.278	9.66E-01
6.279	9.66E-01
6.279	9.66E-01
6.28	9.66E-01
6.28	9.66E-01
6.28	9.66E-01
6.281	9.66E-01
6.281	9.66E-01
6.282	9.66E-01
6.282	9.66E-01
6.283	9.66E-01
6.284	9.66E-01
6.284	9.66E-01
6.285	9.66E-01
6.285	9.66E-01
6.286	9.66E-01
6.286	9.66E-01
6.286	9.66E-01
6.287	9.66E-01
6.287	9.66E-01
6.288	9.66E-01
6.288	9.66E-01
6.289	9.66E-01
6.29	9.66E-01
6.29	9.66E-01
6.291	9.66E-01
6.291	9.66E-01
6.292	9.66E-01
6.292	9.66E-01
6.293	9.66E-01
6.293	9.66E-01
6.293	9.66E-01
6.294	9.66E-01
6.294	9.66E-01
6.295	9.66E-01
6.295	9.66E-01
6.296	9.66E-01
6.297	9.66E-01
6.297	9.66E-01
6.298	9.66E-01
6.298	9.66E-01
6.299	9.66E-01
6.299	9.66E-01
6.299	9.66E-01
6.3	9.66E-01
6.3	9.66E-01
6.301	9.66E-01
6.301	9.66E-01
6.302	9.66E-01
6.302	9.66E-01
6.303	9.66E-01
6.304	9.66E-01
6.304	9.66E-01
6.305	9.66E-01
6.305	9.66E-01
6.306	9.66E-01
6.306	9.66E-01
6.306	9.66E-01
6.307	9.66E-01
6.307	9.66E-01
6.308	9.66E-01
6.308	9.66E-01
6.309	9.66E-01
6.31	9.66E-01
6.31	9.66E-01
6.311	9.66E-01
6.311	9.66E-01
6.312	9.66E-01
6.312	9.66E-01
6.312	9.66E-01
6.313	9.66E-01
6.313	9.66E-01
6.314	9.66E-01
6.314	9.66E-01
6.315	9.66E-01
6.315	9.66E-01
6.316	9.66E-01
6.317	9.66E-01
6.317	9.66E-01
6.318	9.66E-01
6.318	9.66E-01
6.319	9.66E-01
6.319	9.66E-01
6.319	9.66E-01
6.32	9.66E-01
6.32	9.66E-01
6.321	9.66E-01
6.321	9.66E-01
6.322	9.66E-01
6.323	9.66E-01
6.323	9.66E-01
6.324	9.66E-01
6.324	9.66E-01
6.325	9.66E-01
6.325	9.66E-01
6.326	9.66E-01
6.326	9.66E-01
6.326	9.66E-01
6.327	9.66E-01
6.327	9.66E-01
6.328	9.66E-01
6.328	9.66E-01
6.329	9.66E-01
6.33	9.66E-01
6.33	9.66E-01
6.331	9.66E-01
6.331	9.66E-01
6.332	9.66E-01
6.332	9.66E-01
6.332	9.66E-01
6.333	9.66E-01
6.333	9.66E-01
6.334	9.66E-01
6.334	9.66E-01
6.335	9.66E-01
6.335	9.66E-01
6.336	9.66E-01
6.337	9.66E-01
6.337	9.66E-01
6.338	9.66E-01
6.338	9.66E-01
6.339	9.66E-01
6.339	9.66E-01
6.339	9.66E-01
6.34	9.66E-01
6.34	9.66E-01
6.341	9.66E-01
6.341	9.66E-01
6.342	9.66E-01
6.343	9.66E-01
6.343	9.66E-01
6.344	9.66E-01
6.344	9.66E-01
6.345	9.66E-01
6.345	9.66E-01
6.345	9.66E-01
6.346	9.66E-01
6.346	9.66E-01
6.347	9.66E-01
6.347	9.66E-01
6.348	9.66E-01
6.348	9.66E-01
6.349	9.66E-01
6.35	9.66E-01
6.35	9.66E-01
6.351	9.66E-01
6.351	9.66E-01
6.352	9.66E-01
6.352	9.66E-01
6.352	9.66E-01
6.353	9.66E-01
6.353	9.66E-01
6.354	9.66E-01
6.354	9.66E-01
6.355	9.66E-01
6.356	9.66E-01
6.356	9.66E-01
6.357	9.66E-01
6.357	9.66E-01
6.358	9.66E-01
6.358	9.66E-01
6.359	9.66E-01
6.359	9.66E-01
6.359	9.66E-01
6.36	9.66E-01
6.36	9.66E-01
6.361	9.66E-01
6.361	9.66E-01
6.362	9.66E-01
6.363	9.66E-01
6.363	9.66E-01
6.364	9.66E-01
6.364	9.66E-01
6.365	9.66E-01
6.365	9.66E-01
6.365	9.66E-01
6.366	9.66E-01
6.366	9.66E-01
6.367	9.66E-01
6.367	9.66E-01
6.368	9.66E-01
6.369	9.66E-01
6.369	9.66E-01
6.37	9.66E-01
6.37	9.66E-01
6.371	9.66E-01
6.371	9.66E-01
6.372	9.66E-01
6.372	9.66E-01
6.372	9.66E-01
6.373	9.66E-01
6.373	9.66E-01
6.374	9.66E-01
6.374	9.66E-01
6.375	9.66E-01
6.376	9.66E-01
6.376	9.66E-01
6.377	9.66E-01
6.377	9.66E-01
6.378	9.66E-01
6.378	9.66E-01
6.378	9.66E-01
6.379	9.66E-01
6.379	9.66E-01
6.38	9.66E-01
6.38	9.66E-01
6.381	9.66E-01
6.381	9.66E-01
6.382	9.66E-01
6.383	9.66E-01
6.383	9.66E-01
6.384	9.66E-01
6.384	9.66E-01
6.385	9.66E-01
6.385	9.66E-01
6.385	9.66E-01
6.386	9.66E-01
6.386	9.66E-01
6.387	9.66E-01
6.387	9.66E-01
6.388	9.66E-01
6.389	9.66E-01
6.389	9.66E-01
6.39	9.66E-01
6.39	9.66E-01
6.391	9.66E-01
6.391	9.66E-01
6.391	9.66E-01
6.392	9.66E-01
6.392	9.66E-01
6.393	9.66E-01
6.393	9.66E-01
6.394	9.66E-01
6.394	9.66E-01
6.395	9.66E-01
6.396	9.66E-01
6.396	9.66E-01
6.397	9.66E-01
6.397	9.66E-01
6.398	9.66E-01
6.398	9.66E-01
6.398	9.66E-01
6.399	9.66E-01
6.399	9.66E-01
6.4	9.66E-01
6.4	9.66E-01
6.401	9.66E-01
6.402	9.66E-01
6.402	9.66E-01
6.403	9.66E-01
6.403	9.66E-01
6.404	9.66E-01
6.404	9.66E-01
6.405	9.66E-01
6.405	9.66E-01
6.405	9.66E-01
6.406	9.66E-01
6.406	9.66E-01
6.407	9.66E-01
6.407	9.66E-01
6.408	9.66E-01
6.409	9.66E-01
6.409	9.66E-01
6.41	9.66E-01
6.41	9.66E-01
6.411	9.66E-01
6.411	9.66E-01
6.411	9.66E-01
6.412	9.66E-01
6.412	9.66E-01
6.413	9.66E-01
6.413	9.66E-01
6.414	9.66E-01
6.415	9.66E-01
6.415	9.66E-01
6.416	9.66E-01
6.416	9.66E-01
6.417	9.66E-01
6.417	9.66E-01
6.418	9.66E-01
6.418	9.66E-01
6.418	9.66E-01
6.419	9.66E-01
6.419	9.66E-01
6.42	9.66E-01
6.42	9.66E-01
6.421	9.66E-01
6.422	9.66E-01
6.422	9.66E-01
6.423	9.66E-01
6.423	9.66E-01
6.424	9.66E-01
6.424	9.66E-01
6.424	9.66E-01
6.425	9.66E-01
6.425	9.66E-01
6.426	9.66E-01
6.426	9.66E-01
6.427	9.66E-01
6.427	9.66E-01
6.428	9.66E-01
6.429	9.66E-01
6.429	9.66E-01
6.43	9.66E-01
6.43	9.66E-01
6.431	9.66E-01
6.431	9.66E-01
6.431	9.66E-01
6.432	9.66E-01
6.432	9.66E-01
6.433	9.66E-01
6.433	9.66E-01
6.434	9.66E-01
6.435	9.66E-01
6.435	9.66E-01
6.436	9.66E-01
6.436	9.66E-01
6.437	9.66E-01
6.437	9.66E-01
6.438	9.66E-01
6.438	9.66E-01
6.438	9.66E-01
6.439	9.66E-01
6.439	9.66E-01
6.44	9.66E-01
6.44	9.66E-01
6.441	9.66E-01
6.442	9.66E-01
6.442	9.66E-01
6.443	9.66E-01
6.443	9.66E-01
6.444	9.66E-01
6.444	9.66E-01
6.444	9.66E-01
6.445	9.66E-01
6.445	9.66E-01
6.446	9.66E-01
6.446	9.66E-01
6.447	9.66E-01
6.448	9.66E-01
6.448	9.66E-01
6.449	9.66E-01
6.449	9.66E-01
6.45	9.66E-01
6.45	9.66E-01
6.451	9.66E-01
6.451	9.66E-01
6.451	9.66E-01
6.452	9.66E-01
6.452	9.66E-01
6.453	9.66E-01
6.453	9.66E-01
6.454	9.66E-01
6.455	9.66E-01
6.455	9.66E-01
6.456	9.66E-01
6.456	9.66E-01
6.457	9.66E-01
6.457	9.66E-01
6.457	9.66E-01
6.458	9.66E-01
6.458	9.66E-01
6.459	9.66E-01
6.459	9.66E-01
6.46	9.66E-01
6.46	9.66E-01
6.461	9.66E-01
6.462	9.66E-01
6.462	9.66E-01
6.463	9.66E-01
6.463	9.66E-01
6.464	9.66E-01
6.464	9.66E-01
6.464	9.66E-01
6.465	9.66E-01
6.465	9.66E-01
6.466	9.66E-01
6.466	9.66E-01
6.467	9.66E-01
6.468	9.66E-01
6.468	9.66E-01
6.469	9.66E-01
6.469	9.66E-01
6.47	9.66E-01
6.47	9.66E-01
6.47	9.66E-01
6.471	9.66E-01
6.471	9.66E-01
6.472	9.66E-01
6.472	9.66E-01
6.473	9.66E-01
6.473	9.66E-01
6.474	9.66E-01
6.475	9.66E-01
6.475	9.66E-01
6.476	9.66E-01
6.476	9.66E-01
6.477	9.66E-01
6.477	9.66E-01
6.477	9.66E-01
6.478	9.66E-01
6.478	9.66E-01
6.479	9.66E-01
6.479	9.66E-01
6.48	9.66E-01
6.481	9.66E-01
6.481	9.66E-01
6.482	9.66E-01
6.482	9.66E-01
6.483	9.66E-01
6.483	9.66E-01
6.484	9.66E-01
6.484	9.66E-01
6.484	9.66E-01
6.485	9.66E-01
6.485	9.66E-01
6.486	9.66E-01
6.486	9.66E-01
6.487	9.66E-01
6.488	9.66E-01
6.488	9.66E-01
6.489	9.66E-01
6.489	9.66E-01
6.49	9.66E-01
6.49	9.66E-01
6.49	9.66E-01
6.491	9.66E-01
6.491	9.66E-01
6.492	9.66E-01
6.492	9.66E-01
6.493	9.66E-01
6.494	9.66E-01
6.494	9.66E-01
6.495	9.66E-01
6.495	9.66E-01
6.496	9.66E-01
6.496	9.66E-01
6.497	9.66E-01
6.497	9.66E-01
6.497	9.66E-01
6.498	9.66E-01
6.498	9.66E-01
6.499	9.66E-01
6.499	9.66E-01
6.5	9.66E-01
6.501	9.66E-01
6.501	9.66E-01
6.502	9.66E-01
6.502	9.66E-01
6.503	9.66E-01
6.503	9.66E-01
6.503	9.66E-01
6.504	9.66E-01
6.504	9.66E-01
6.505	9.66E-01
6.505	9.66E-01
6.506	9.66E-01
6.506	9.66E-01
6.507	9.66E-01
6.508	9.66E-01
6.508	9.66E-01
6.509	9.66E-01
6.509	9.66E-01
6.51	9.66E-01
6.51	9.66E-01
6.51	9.66E-01
6.511	9.66E-01
6.511	9.66E-01
6.512	9.66E-01
6.512	9.66E-01
6.513	9.66E-01
6.514	9.66E-01
6.514	9.66E-01
6.515	9.66E-01
6.515	9.66E-01
6.516	9.66E-01
6.516	9.66E-01
6.516	9.66E-01
6.517	9.66E-01
6.517	9.66E-01
6.518	9.66E-01
6.518	9.66E-01
6.519	9.66E-01
6.519	9.66E-01
6.52	9.66E-01
6.521	9.66E-01
6.521	9.66E-01
6.522	9.66E-01
6.522	9.66E-01
6.523	9.66E-01
6.523	9.66E-01
6.523	9.66E-01
6.524	9.66E-01
6.524	9.66E-01
6.525	9.66E-01
6.525	9.66E-01
6.526	9.66E-01
6.527	9.66E-01
6.527	9.66E-01
6.528	9.66E-01
6.528	9.66E-01
6.529	9.66E-01
6.529	9.66E-01
6.53	9.66E-01
6.53	9.66E-01
6.53	9.66E-01
6.531	9.66E-01
6.531	9.66E-01
6.532	9.66E-01
6.532	9.66E-01
6.533	9.66E-01
6.534	9.66E-01
6.534	9.66E-01
6.535	9.66E-01
6.535	9.66E-01
6.536	9.66E-01
6.536	9.66E-01
6.536	9.66E-01
6.537	9.66E-01
6.537	9.66E-01
6.538	9.66E-01
6.538	9.66E-01
6.539	9.66E-01
6.54	9.66E-01
6.54	9.66E-01
6.541	9.66E-01
6.541	9.66E-01
6.542	9.66E-01
6.542	9.66E-01
6.543	9.66E-01
6.543	9.66E-01
6.543	9.66E-01
6.544	9.66E-01
6.544	9.66E-01
6.545	9.66E-01
6.545	9.66E-01
6.546	9.66E-01
6.547	9.66E-01
6.547	9.66E-01
6.548	9.66E-01
6.548	9.66E-01
6.549	9.66E-01
6.549	9.66E-01
6.549	9.66E-01
6.55	9.66E-01
6.55	9.66E-01
6.551	9.66E-01
6.551	9.66E-01
6.552	9.66E-01
6.552	9.66E-01
6.553	9.66E-01
6.554	9.66E-01
6.554	9.66E-01
6.555	9.66E-01
6.555	9.66E-01
6.556	9.66E-01
6.556	9.66E-01
6.556	9.66E-01
6.557	9.66E-01
6.557	9.66E-01
6.558	9.66E-01
6.558	9.66E-01
6.559	9.66E-01
6.56	9.66E-01
6.56	9.66E-01
6.561	9.66E-01
6.561	9.66E-01
6.562	9.66E-01
6.562	9.66E-01
6.562	9.66E-01
6.563	9.66E-01
6.563	9.66E-01
6.564	9.66E-01
6.564	9.66E-01
6.565	9.66E-01
6.565	9.66E-01
6.566	9.66E-01
6.567	9.66E-01
6.567	9.66E-01
6.568	9.66E-01
6.568	9.66E-01
6.569	9.66E-01
6.569	9.66E-01
6.569	9.66E-01
6.57	9.66E-01
6.57	9.66E-01
6.571	9.66E-01
6.571	9.66E-01
6.572	9.66E-01
6.573	9.66E-01
6.573	9.66E-01
6.574	9.66E-01
6.574	9.66E-01
6.575	9.66E-01
6.575	9.66E-01
6.576	9.66E-01
6.576	9.66E-01
6.576	9.66E-01
6.577	9.66E-01
6.577	9.66E-01
6.578	9.66E-01
6.578	9.66E-01
6.579	9.66E-01
6.58	9.66E-01
6.58	9.66E-01
6.581	9.66E-01
6.581	9.66E-01
6.582	9.66E-01
6.582	9.66E-01
6.582	9.66E-01
6.583	9.66E-01
6.583	9.66E-01
6.584	9.66E-01
6.584	9.66E-01
6.585	9.66E-01
6.585	9.66E-01
6.586	9.66E-01
6.587	9.66E-01
6.587	9.66E-01
6.588	9.66E-01
6.588	9.66E-01
6.589	9.66E-01
6.589	9.66E-01
6.589	9.66E-01
6.59	9.66E-01
6.59	9.66E-01
6.591	9.66E-01
6.591	9.66E-01
6.592	9.66E-01
6.593	9.66E-01
6.593	9.66E-01
6.594	9.66E-01
6.594	9.66E-01
6.595	9.66E-01
6.595	9.66E-01
6.595	9.66E-01
6.596	9.66E-01
6.596	9.66E-01
6.597	9.66E-01
6.597	9.66E-01
6.598	9.66E-01
6.598	9.66E-01
6.599	9.66E-01
6.6	9.66E-01
6.6	9.66E-01
6.601	9.66E-01
6.601	9.66E-01
6.602	9.66E-01
6.602	9.66E-01
6.602	9.66E-01
6.603	9.66E-01
6.603	9.66E-01
6.604	9.66E-01
6.604	9.66E-01
6.605	9.66E-01
6.606	9.66E-01
6.606	9.66E-01
6.607	9.66E-01
6.607	9.66E-01
6.608	9.66E-01
6.608	9.66E-01
6.609	9.66E-01
6.609	9.66E-01
6.609	9.66E-01
6.61	9.66E-01
6.61	9.66E-01
6.611	9.66E-01
6.611	9.66E-01
6.612	9.66E-01
6.613	9.66E-01
6.613	9.66E-01
6.614	9.66E-01
6.614	9.66E-01
6.615	9.66E-01
6.615	9.66E-01
6.615	9.66E-01
6.616	9.66E-01
6.616	9.66E-01
6.617	9.66E-01
6.617	9.66E-01
6.618	9.66E-01
6.619	9.66E-01
6.619	9.66E-01
6.62	9.66E-01
6.62	9.66E-01
6.621	9.66E-01
6.621	9.66E-01
6.622	9.66E-01
6.622	9.66E-01
6.622	9.66E-01
6.623	9.66E-01
6.623	9.66E-01
6.624	9.66E-01
6.624	9.66E-01
6.625	9.66E-01
6.626	9.66E-01
6.626	9.66E-01
6.627	9.66E-01
6.627	9.66E-01
6.628	9.66E-01
6.628	9.66E-01
6.628	9.66E-01
6.629	9.66E-01
6.629	9.66E-01
6.63	9.66E-01
6.63	9.66E-01
6.631	9.66E-01
6.631	9.66E-01
6.632	9.66E-01
6.633	9.66E-01
6.633	9.66E-01
6.634	9.66E-01
6.634	9.66E-01
6.635	9.66E-01
6.635	9.66E-01
6.635	9.66E-01
6.636	9.66E-01
6.636	9.66E-01
6.637	9.66E-01
6.637	9.66E-01
6.638	9.66E-01
6.639	9.66E-01
6.639	9.66E-01
6.64	9.66E-01
6.64	9.66E-01
6.641	9.66E-01
6.641	9.66E-01
6.641	9.66E-01
6.642	9.66E-01
6.642	9.66E-01
6.643	9.66E-01
6.643	9.66E-01
6.644	9.66E-01
6.644	9.66E-01
6.645	9.66E-01
6.646	9.66E-01
6.646	9.66E-01
6.647	9.66E-01
6.647	9.66E-01
6.648	9.66E-01
6.648	9.66E-01
6.648	9.66E-01
6.649	9.66E-01
6.649	9.66E-01
6.65	9.66E-01
6.65	9.66E-01
6.651	9.66E-01
6.652	9.66E-01
6.652	9.66E-01
6.653	9.66E-01
6.653	9.66E-01
6.654	9.66E-01
6.654	9.66E-01
6.655	9.66E-01
6.655	9.66E-01
6.655	9.66E-01
6.656	9.66E-01
6.656	9.66E-01
6.657	9.66E-01
6.657	9.66E-01
6.658	9.66E-01
6.659	9.66E-01
6.659	9.66E-01
6.66	9.66E-01
6.66	9.66E-01
6.661	9.66E-01
6.661	9.66E-01
6.661	9.66E-01
6.662	9.66E-01
6.662	9.66E-01
6.663	9.66E-01
6.663	9.66E-01
6.664	9.66E-01
6.665	9.66E-01
6.665	9.66E-01
6.666	9.66E-01
6.666	9.66E-01
6.667	9.66E-01
6.667	9.66E-01
6.668	9.66E-01
6.668	9.66E-01
6.668	9.66E-01
6.669	9.66E-01
6.669	9.66E-01
6.67	9.66E-01
6.67	9.66E-01
6.671	9.66E-01
6.672	9.66E-01
6.672	9.66E-01
6.673	9.66E-01
6.673	9.66E-01
6.674	9.66E-01
6.674	9.66E-01
6.674	9.66E-01
6.675	9.66E-01
6.675	9.66E-01
6.676	9.66E-01
6.676	9.66E-01
6.677	9.66E-01
6.677	9.66E-01
6.678	9.66E-01
6.679	9.66E-01
6.679	9.66E-01
6.68	9.66E-01
6.68	9.66E-01
6.681	9.66E-01
6.681	9.66E-01
6.681	9.66E-01
6.682	9.66E-01
6.682	9.66E-01
6.683	9.66E-01
6.683	9.66E-01
6.684	9.66E-01
6.685	9.66E-01
6.685	9.66E-01
6.686	9.66E-01
6.686	9.66E-01
6.687	9.66E-01
6.687	9.66E-01
6.688	9.66E-01
6.688	9.66E-01
6.688	9.66E-01
6.689	9.66E-01
6.689	9.66E-01
6.69	9.66E-01
6.69	9.66E-01
6.691	9.66E-01
6.692	9.66E-01
6.692	9.66E-01
6.693	9.66E-01
6.693	9.66E-01
6.694	9.66E-01
6.694	9.66E-01
6.694	9.66E-01
6.695	9.66E-01
6.695	9.66E-01
6.696	9.66E-01
6.696	9.66E-01
6.697	9.66E-01
6.698	9.66E-01
6.698	9.66E-01
6.699	9.66E-01
6.699	9.66E-01
6.7	9.66E-01
6.7	9.66E-01
6.701	9.66E-01
6.701	9.66E-01
6.701	9.66E-01
6.702	9.66E-01
6.702	9.66E-01
6.703	9.66E-01
6.703	9.66E-01
6.704	9.66E-01
6.705	9.66E-01
6.705	9.66E-01
6.706	9.66E-01
6.706	9.66E-01
6.707	9.66E-01
6.707	9.66E-01
6.707	9.66E-01
6.708	9.66E-01
6.708	9.66E-01
6.709	9.66E-01
6.709	9.66E-01
6.71	9.66E-01
6.71	9.66E-01
6.711	9.66E-01
6.712	9.66E-01
6.712	9.66E-01
6.713	9.66E-01
6.713	9.66E-01
6.714	9.66E-01
6.714	9.66E-01
6.714	9.66E-01
6.715	9.66E-01
6.715	9.66E-01
6.716	9.66E-01
6.716	9.66E-01
6.717	9.66E-01
6.718	9.66E-01
6.718	9.66E-01
6.719	9.66E-01
6.719	9.66E-01
6.72	9.66E-01
6.72	9.66E-01
6.72	9.66E-01
6.721	9.66E-01
6.721	9.66E-01
6.722	9.66E-01
6.722	9.66E-01
6.723	9.66E-01
6.723	9.66E-01
6.724	9.66E-01
6.725	9.66E-01
6.725	9.66E-01
6.726	9.66E-01
6.726	9.66E-01
6.727	9.66E-01
6.727	9.66E-01
6.727	9.66E-01
6.728	9.66E-01
6.728	9.66E-01
6.729	9.66E-01
6.729	9.66E-01
6.73	9.66E-01
6.731	9.66E-01
6.731	9.66E-01
6.732	9.66E-01
6.732	9.66E-01
6.733	9.66E-01
6.733	9.66E-01
6.734	9.66E-01
6.734	9.66E-01
6.734	9.66E-01
6.735	9.66E-01
6.735	9.66E-01
6.736	9.66E-01
6.736	9.66E-01
6.737	9.66E-01
6.738	9.66E-01
6.738	9.66E-01
6.739	9.66E-01
6.739	9.66E-01
6.74	9.66E-01
6.74	9.66E-01
6.74	9.66E-01
6.741	9.66E-01
6.741	9.66E-01
6.742	9.66E-01
6.742	9.66E-01
6.743	9.66E-01
6.744	9.66E-01
6.744	9.66E-01
6.745	9.66E-01
6.745	9.66E-01
6.746	9.66E-01
6.746	9.66E-01
6.747	9.66E-01
6.747	9.66E-01
6.747	9.66E-01
6.748	9.66E-01
6.748	9.66E-01
6.749	9.66E-01
6.749	9.66E-01
6.75	9.66E-01
6.751	9.66E-01
6.751	9.66E-01
6.752	9.66E-01
6.752	9.66E-01
6.753	9.66E-01
6.753	9.66E-01
6.753	9.66E-01
6.754	9.66E-01
6.754	9.66E-01
6.755	9.66E-01
6.755	9.66E-01
6.756	9.66E-01
6.756	9.66E-01
6.757	9.66E-01
6.758	9.66E-01
6.758	9.66E-01
6.759	9.66E-01
6.759	9.66E-01
6.76	9.66E-01
6.76	9.66E-01
6.76	9.66E-01
6.761	9.66E-01
6.761	9.66E-01
6.762	9.66E-01
6.762	9.66E-01
6.763	9.66E-01
6.764	9.66E-01
6.764	9.66E-01
6.765	9.66E-01
6.765	9.66E-01
6.766	9.66E-01
6.766	9.66E-01
6.766	9.66E-01
6.767	9.66E-01
6.767	9.66E-01
6.768	9.66E-01
6.768	9.66E-01
6.769	9.66E-01
6.769	9.66E-01
6.77	9.66E-01
6.771	9.66E-01
6.771	9.66E-01
6.772	9.66E-01
6.772	9.66E-01
6.773	9.66E-01
6.773	9.66E-01
6.773	9.66E-01
6.774	9.66E-01
6.774	9.66E-01
6.775	9.66E-01
6.775	9.66E-01
6.776	9.66E-01
6.777	9.66E-01
6.777	9.66E-01
6.778	9.66E-01
6.778	9.66E-01
6.779	9.66E-01
6.779	9.66E-01
6.78	9.66E-01
6.78	9.66E-01
6.78	9.66E-01
6.781	9.66E-01
6.781	9.66E-01
6.782	9.66E-01
6.782	9.66E-01
6.783	9.66E-01
6.784	9.66E-01
6.784	9.66E-01
6.785	9.66E-01
6.785	9.66E-01
6.786	9.66E-01
6.786	9.66E-01
6.786	9.66E-01
6.787	9.66E-01
6.787	9.66E-01
6.788	9.66E-01
6.788	9.66E-01
6.789	9.66E-01
6.79	9.66E-01
6.79	9.66E-01
6.791	9.66E-01
6.791	9.66E-01
6.792	9.66E-01
6.792	9.66E-01
6.793	9.66E-01
6.793	9.66E-01
6.793	9.66E-01
6.794	9.66E-01
6.794	9.66E-01
6.795	9.66E-01
6.795	9.66E-01
6.796	9.66E-01
6.797	9.66E-01
6.797	9.66E-01
6.798	9.66E-01
6.798	9.66E-01
6.799	9.66E-01
6.799	9.66E-01
6.799	9.66E-01
6.8	9.66E-01
6.8	9.66E-01
6.801	9.66E-01
6.801	9.66E-01
6.802	9.66E-01
6.802	9.66E-01
6.803	9.66E-01
6.804	9.66E-01
6.804	9.66E-01
6.805	9.66E-01
6.805	9.66E-01
6.806	9.66E-01
6.806	9.66E-01
6.806	9.66E-01
6.807	9.66E-01
6.807	9.66E-01
6.808	9.66E-01
6.808	9.66E-01
6.809	9.66E-01
6.81	9.66E-01
6.81	9.66E-01
6.811	9.66E-01
6.811	9.66E-01
6.812	9.66E-01
6.812	9.66E-01
6.812	9.66E-01
6.813	9.66E-01
6.813	9.66E-01
6.814	9.66E-01
6.814	9.66E-01
6.815	9.66E-01
6.815	9.66E-01
6.816	9.66E-01
6.817	9.66E-01
6.817	9.66E-01
6.818	9.66E-01
6.818	9.66E-01
6.819	9.66E-01
6.819	9.66E-01
6.819	9.66E-01
6.82	9.66E-01
6.82	9.66E-01
6.821	9.66E-01
6.821	9.66E-01
6.822	9.66E-01
6.823	9.66E-01
6.823	9.66E-01
6.824	9.66E-01
6.824	9.66E-01
6.825	9.66E-01
6.825	9.66E-01
6.826	9.66E-01
6.826	9.66E-01
6.826	9.66E-01
6.827	9.66E-01
6.827	9.66E-01
6.828	9.66E-01
6.828	9.66E-01
6.829	9.66E-01
6.83	9.66E-01
6.83	9.66E-01
6.831	9.66E-01
6.831	9.66E-01
6.832	9.66E-01
6.832	9.66E-01
6.832	9.66E-01
6.833	9.66E-01
6.833	9.66E-01
6.834	9.66E-01
6.834	9.66E-01
6.835	9.66E-01
6.835	9.66E-01
6.836	9.66E-01
6.837	9.66E-01
6.837	9.66E-01
6.838	9.66E-01
6.838	9.66E-01
6.839	9.66E-01
6.839	9.66E-01
6.839	9.66E-01
6.84	9.66E-01
6.84	9.66E-01
6.841	9.66E-01
6.841	9.66E-01
6.842	9.66E-01
6.843	9.66E-01
6.843	9.66E-01
6.844	9.66E-01
6.844	9.66E-01
6.845	9.66E-01
6.845	9.66E-01
6.845	9.66E-01
6.846	9.66E-01
6.846	9.66E-01
6.847	9.66E-01
6.847	9.66E-01
6.848	9.66E-01
6.848	9.66E-01
6.849	9.66E-01
6.85	9.66E-01
6.85	9.66E-01
6.851	9.66E-01
6.851	9.66E-01
6.852	9.66E-01
6.852	9.66E-01
6.852	9.66E-01
6.853	9.66E-01
6.853	9.66E-01
6.854	9.66E-01
6.854	9.66E-01
6.855	9.66E-01
6.856	9.66E-01
6.856	9.66E-01
6.857	9.66E-01
6.857	9.66E-01
6.858	9.66E-01
6.858	9.66E-01
6.859	9.66E-01
6.859	9.66E-01
6.859	9.66E-01
6.86	9.66E-01
6.86	9.66E-01
6.861	9.66E-01
6.861	9.66E-01
6.862	9.66E-01
6.863	9.66E-01
6.863	9.66E-01
6.864	9.66E-01
6.864	9.66E-01
6.865	9.66E-01
6.865	9.66E-01
6.865	9.66E-01
6.866	9.66E-01
6.866	9.66E-01
6.867	9.66E-01
6.867	9.66E-01
6.868	9.66E-01
6.869	9.66E-01
6.869	9.66E-01
6.87	9.66E-01
6.87	9.66E-01
6.871	9.66E-01
6.871	9.66E-01
6.872	9.66E-01
6.872	9.66E-01
6.872	9.66E-01
6.873	9.66E-01
6.873	9.66E-01
6.874	9.66E-01
6.874	9.66E-01
6.875	9.66E-01
6.876	9.66E-01
6.876	9.66E-01
6.877	9.66E-01
6.877	9.66E-01
6.878	9.66E-01
6.878	9.66E-01
6.878	9.66E-01
6.879	9.66E-01
6.879	9.66E-01
6.88	9.66E-01
6.88	9.66E-01
6.881	9.66E-01
6.881	9.66E-01
6.882	9.66E-01
6.883	9.66E-01
6.883	9.66E-01
6.884	9.66E-01
6.884	9.66E-01
6.885	9.66E-01
6.885	9.66E-01
6.885	9.66E-01
6.886	9.66E-01
6.886	9.66E-01
6.887	9.66E-01
6.887	9.66E-01
6.888	9.66E-01
6.889	9.66E-01
6.889	9.66E-01
6.89	9.66E-01
6.89	9.66E-01
6.891	9.66E-01
6.891	9.66E-01
6.891	9.66E-01
6.892	9.66E-01
6.892	9.66E-01
6.893	9.66E-01
6.893	9.66E-01
6.894	9.66E-01
6.894	9.66E-01
6.895	9.66E-01
6.896	9.66E-01
6.896	9.66E-01
6.897	9.66E-01
6.897	9.66E-01
6.898	9.66E-01
6.898	9.66E-01
6.898	9.66E-01
6.899	9.66E-01
6.899	9.66E-01
6.9	9.66E-01
6.9	9.66E-01
6.901	9.66E-01
6.902	9.66E-01
6.902	9.66E-01
6.903	9.66E-01
6.903	9.66E-01
6.904	9.66E-01
6.904	9.66E-01
6.905	9.66E-01
6.905	9.66E-01
6.905	9.66E-01
6.906	9.66E-01
6.906	9.66E-01
6.907	9.66E-01
6.907	9.66E-01
6.908	9.66E-01
6.909	9.66E-01
6.909	9.66E-01
6.91	9.66E-01
6.91	9.66E-01
6.911	9.66E-01
6.911	9.66E-01
6.911	9.66E-01
6.912	9.66E-01
6.912	9.66E-01
6.913	9.66E-01
6.913	9.66E-01
6.914	9.66E-01
6.915	9.66E-01
6.915	9.66E-01
6.916	9.66E-01
6.916	9.66E-01
6.917	9.66E-01
6.917	9.66E-01
6.918	9.66E-01
6.918	9.66E-01
6.918	9.66E-01
6.919	9.66E-01
6.919	9.66E-01
6.92	9.66E-01
6.92	9.66E-01
6.921	9.66E-01
6.922	9.66E-01
6.922	9.66E-01
6.923	9.66E-01
6.923	9.66E-01
6.924	9.66E-01
6.924	9.66E-01
6.924	9.66E-01
6.925	9.66E-01
6.925	9.66E-01
6.926	9.66E-01
6.926	9.66E-01
6.927	9.66E-01
6.927	9.66E-01
6.928	9.66E-01
6.929	9.66E-01
6.929	9.66E-01
6.93	9.66E-01
6.93	9.66E-01
6.931	9.66E-01
6.931	9.66E-01
6.931	9.66E-01
6.932	9.66E-01
6.932	9.66E-01
6.933	9.66E-01
6.933	9.66E-01
6.934	9.66E-01
6.935	9.66E-01
6.935	9.66E-01
6.936	9.66E-01
6.936	9.66E-01
6.937	9.66E-01
6.937	9.66E-01
6.938	9.66E-01
6.938	9.66E-01
6.938	9.66E-01
6.939	9.66E-01
6.939	9.66E-01
6.94	9.66E-01
6.94	9.66E-01
6.941	9.66E-01
6.942	9.66E-01
6.942	9.66E-01
6.943	9.66E-01
6.943	9.66E-01
6.944	9.66E-01
6.944	9.66E-01
6.944	9.66E-01
6.945	9.66E-01
6.945	9.66E-01
6.946	9.66E-01
6.946	9.66E-01
6.947	9.66E-01
6.948	9.66E-01
6.948	9.66E-01
6.949	9.66E-01
6.949	9.66E-01
6.95	9.66E-01
6.95	9.66E-01
6.951	9.66E-01
6.951	9.66E-01
6.951	9.66E-01
6.952	9.66E-01
6.952	9.66E-01
6.953	9.66E-01
6.953	9.66E-01
6.954	9.66E-01
6.955	9.66E-01
6.955	9.66E-01
6.956	9.66E-01
6.956	9.66E-01
6.957	9.66E-01
6.957	9.66E-01
6.957	9.66E-01
6.958	9.66E-01
6.958	9.66E-01
6.959	9.66E-01
6.959	9.66E-01
6.96	9.66E-01
6.96	9.66E-01
6.961	9.66E-01
6.962	9.66E-01
6.962	9.66E-01
6.963	9.66E-01
6.963	9.66E-01
6.964	9.66E-01
6.964	9.66E-01
6.964	9.66E-01
6.965	9.66E-01
6.965	9.66E-01
6.966	9.66E-01
6.966	9.66E-01
6.967	9.66E-01
6.968	9.66E-01
6.968	9.66E-01
6.969	9.66E-01
6.969	9.66E-01
6.97	9.66E-01
6.97	9.66E-01
6.97	9.66E-01
6.971	9.66E-01
6.971	9.66E-01
6.972	9.66E-01
6.972	9.66E-01
6.973	9.66E-01
6.973	9.66E-01
6.974	9.66E-01
6.975	9.66E-01
6.975	9.66E-01
6.976	9.66E-01
6.976	9.66E-01
6.977	9.66E-01
6.977	9.66E-01
6.977	9.66E-01
6.978	9.66E-01
6.978	9.66E-01
6.979	9.66E-01
6.979	9.66E-01
6.98	9.66E-01
6.981	9.66E-01
6.981	9.66E-01
6.982	9.66E-01
6.982	9.66E-01
6.983	9.66E-01
6.983	9.66E-01
6.984	9.66E-01
6.984	9.66E-01
6.984	9.66E-01
6.985	9.66E-01
6.985	9.66E-01
6.986	9.66E-01
6.986	9.66E-01
6.987	9.66E-01
6.988	9.66E-01
6.988	9.66E-01
6.989	9.66E-01
6.989	9.66E-01
6.99	9.66E-01
6.99	9.66E-01
6.99	9.66E-01
6.991	9.66E-01
6.991	9.66E-01
6.992	9.66E-01
6.992	9.66E-01
6.993	9.66E-01
6.994	9.66E-01
6.994	9.66E-01
6.995	9.66E-01
6.995	9.66E-01
6.996	9.66E-01
6.996	9.66E-01
6.997	9.66E-01
6.997	9.66E-01
6.997	9.66E-01
6.998	9.66E-01
6.998	9.66E-01
6.999	9.66E-01
6.999	9.66E-01
7	9.66E-01
7.001	9.66E-01
7.001	9.66E-01
7.002	9.66E-01
7.002	9.66E-01
7.003	9.66E-01
7.003	9.66E-01
7.003	9.66E-01
7.004	9.66E-01
7.004	9.66E-01
7.005	9.66E-01
7.005	9.66E-01
7.006	9.66E-01
7.006	9.66E-01
7.007	9.66E-01
7.008	9.66E-01
7.008	9.66E-01
7.009	9.66E-01
7.009	9.66E-01
7.01	9.66E-01
7.01	9.66E-01
7.01	9.66E-01
7.011	9.66E-01
7.011	9.66E-01
7.012	9.66E-01
7.012	9.66E-01
7.013	9.66E-01
7.014	9.66E-01
7.014	9.66E-01
7.015	9.66E-01
7.015	9.66E-01
7.016	9.66E-01
7.016	9.66E-01
7.016	9.66E-01
7.017	9.66E-01
7.017	9.66E-01
7.018	9.66E-01
7.018	9.66E-01
7.019	9.66E-01
7.019	9.66E-01
7.02	9.66E-01
7.021	9.66E-01
7.021	9.66E-01
7.022	9.66E-01
7.022	9.66E-01
7.023	9.66E-01
7.023	9.66E-01
7.023	9.66E-01
7.024	9.66E-01
7.024	9.66E-01
7.025	9.66E-01
7.025	9.66E-01
7.026	9.66E-01
7.027	9.66E-01
7.027	9.66E-01
7.028	9.66E-01
7.028	9.66E-01
7.029	9.66E-01
7.029	9.66E-01
7.03	9.66E-01
7.03	9.66E-01
7.03	9.66E-01
7.031	9.66E-01
7.031	9.66E-01
7.032	9.66E-01
7.032	9.66E-01
7.033	9.66E-01
7.034	9.66E-01
7.034	9.66E-01
7.035	9.66E-01
7.035	9.66E-01
7.036	9.66E-01
7.036	9.66E-01
7.036	9.66E-01
7.037	9.66E-01
7.037	9.66E-01
7.038	9.66E-01
7.038	9.66E-01
7.039	9.66E-01
7.04	9.66E-01
7.04	9.66E-01
7.041	9.66E-01
7.041	9.66E-01
7.042	9.66E-01
7.042	9.66E-01
7.043	9.66E-01
7.043	9.66E-01
7.043	9.66E-01
7.044	9.66E-01
7.044	9.66E-01
7.045	9.66E-01
7.045	9.66E-01
7.046	9.66E-01
7.047	9.66E-01
7.047	9.66E-01
7.048	9.66E-01
7.048	9.66E-01
7.049	9.66E-01
7.049	9.66E-01
7.049	9.66E-01
7.05	9.66E-01
7.05	9.66E-01
7.051	9.66E-01
7.051	9.66E-01
7.052	9.66E-01
7.052	9.66E-01
7.053	9.66E-01
7.054	9.66E-01
7.054	9.66E-01
7.055	9.66E-01
7.055	9.66E-01
7.056	9.66E-01
7.056	9.66E-01
7.056	9.66E-01
7.057	9.66E-01
7.057	9.66E-01
7.058	9.66E-01
7.058	9.66E-01
7.059	9.66E-01
7.06	9.66E-01
7.06	9.66E-01
7.061	9.66E-01
7.061	9.66E-01
7.062	9.66E-01
7.062	9.66E-01
7.062	9.66E-01
7.063	9.66E-01
7.063	9.66E-01
7.064	9.66E-01
7.064	9.66E-01
7.065	9.66E-01
7.065	9.66E-01
7.066	9.66E-01
7.067	9.66E-01
7.067	9.66E-01
7.068	9.66E-01
7.068	9.66E-01
7.069	9.66E-01
7.069	9.66E-01
7.069	9.66E-01
7.07	9.66E-01
7.07	9.66E-01
7.071	9.66E-01
7.071	9.66E-01
7.072	9.66E-01
7.073	9.66E-01
7.073	9.66E-01
7.074	9.66E-01
7.074	9.66E-01
7.075	9.66E-01
7.075	9.66E-01
7.076	9.66E-01
7.076	9.66E-01
7.076	9.66E-01
7.077	9.66E-01
7.077	9.66E-01
7.078	9.66E-01
7.078	9.66E-01
7.079	9.66E-01
7.08	9.66E-01
7.08	9.66E-01
7.081	9.66E-01
7.081	9.66E-01
7.082	9.66E-01
7.082	9.66E-01
7.082	9.66E-01
7.083	9.66E-01
7.083	9.66E-01
7.084	9.66E-01
7.084	9.66E-01
7.085	9.66E-01
7.085	9.66E-01
7.086	9.66E-01
7.087	9.66E-01
7.087	9.66E-01
7.088	9.66E-01
7.088	9.66E-01
7.089	9.66E-01
7.089	9.66E-01
7.089	9.66E-01
7.09	9.66E-01
7.09	9.66E-01
7.091	9.66E-01
7.091	9.66E-01
7.092	9.66E-01
7.093	9.66E-01
7.093	9.66E-01
7.094	9.66E-01
7.094	9.66E-01
7.095	9.66E-01
7.095	9.66E-01
7.095	9.66E-01
7.096	9.66E-01
7.096	9.66E-01
7.097	9.66E-01
7.097	9.66E-01
7.098	9.66E-01
7.098	9.66E-01
7.099	9.66E-01
7.1	9.66E-01
7.1	9.66E-01
7.101	9.66E-01
7.101	9.66E-01
7.102	9.66E-01
7.102	9.66E-01
7.102	9.66E-01
7.103	9.66E-01
7.103	9.66E-01
7.104	9.66E-01
7.104	9.66E-01
7.105	9.66E-01
7.106	9.66E-01
7.106	9.66E-01
7.107	9.66E-01
7.107	9.66E-01
7.108	9.66E-01
7.108	9.66E-01
7.109	9.66E-01
7.109	9.66E-01
7.109	9.66E-01
7.11	9.66E-01
7.11	9.66E-01
7.111	9.66E-01
7.111	9.66E-01
7.112	9.66E-01
7.113	9.66E-01
7.113	9.66E-01
7.114	9.66E-01
7.114	9.66E-01
7.115	9.66E-01
7.115	9.66E-01
7.115	9.66E-01
7.116	9.66E-01
7.116	9.66E-01
7.117	9.66E-01
7.117	9.66E-01
7.118	9.66E-01
7.119	9.66E-01
7.119	9.66E-01
7.12	9.66E-01
7.12	9.66E-01
7.121	9.66E-01
7.121	9.66E-01
7.122	9.66E-01
7.122	9.66E-01
7.122	9.66E-01
7.123	9.66E-01
7.123	9.66E-01
7.124	9.66E-01
7.124	9.66E-01
7.125	9.66E-01
7.126	9.66E-01
7.126	9.66E-01
7.127	9.66E-01
7.127	9.66E-01
7.128	9.66E-01
7.128	9.66E-01
7.128	9.66E-01
7.129	9.66E-01
7.129	9.66E-01
7.13	9.66E-01
7.13	9.66E-01
7.131	9.66E-01
7.131	9.66E-01
7.132	9.66E-01
7.133	9.66E-01
7.133	9.66E-01
7.134	9.66E-01
7.134	9.66E-01
7.135	9.66E-01
7.135	9.66E-01
7.135	9.66E-01
7.136	9.66E-01
7.136	9.66E-01
7.137	9.66E-01
7.137	9.66E-01
7.138	9.66E-01
7.139	9.66E-01
7.139	9.66E-01
7.14	9.66E-01
7.14	9.66E-01
7.141	9.66E-01
7.141	9.66E-01
7.141	9.66E-01
7.142	9.66E-01
7.142	9.66E-01
7.143	9.66E-01
7.143	9.66E-01
7.144	9.66E-01
7.144	9.66E-01
7.145	9.66E-01
7.146	9.66E-01
7.146	9.66E-01
7.147	9.66E-01
7.147	9.66E-01
7.148	9.66E-01
7.148	9.66E-01
7.148	9.66E-01
7.149	9.66E-01
7.149	9.66E-01
7.15	9.66E-01
7.15	9.66E-01
7.151	9.66E-01
7.152	9.66E-01
7.152	9.66E-01
7.153	9.66E-01
7.153	9.66E-01
7.154	9.66E-01
7.154	9.66E-01
7.155	9.66E-01
7.155	9.66E-01
7.155	9.66E-01
7.156	9.66E-01
7.156	9.66E-01
7.157	9.66E-01
7.157	9.66E-01
7.158	9.66E-01
7.159	9.66E-01
7.159	9.66E-01
7.16	9.66E-01
7.16	9.66E-01
7.161	9.66E-01
7.161	9.66E-01
7.161	9.66E-01
7.162	9.66E-01
7.162	9.66E-01
7.163	9.66E-01
7.163	9.66E-01
7.164	9.66E-01
7.165	9.66E-01
7.165	9.66E-01
7.166	9.66E-01
7.166	9.66E-01
7.167	9.66E-01
7.167	9.66E-01
7.168	9.66E-01
7.168	9.66E-01
7.168	9.66E-01
7.169	9.66E-01
7.169	9.66E-01
7.17	9.66E-01
7.17	9.66E-01
7.171	9.66E-01
7.172	9.66E-01
7.172	9.66E-01
7.173	9.66E-01
7.173	9.66E-01
7.174	9.66E-01
7.174	9.66E-01
7.174	9.66E-01
7.175	9.66E-01
7.175	9.66E-01
7.176	9.66E-01
7.176	9.66E-01
7.177	9.66E-01
7.177	9.66E-01
7.178	9.66E-01
7.179	9.66E-01
7.179	9.66E-01
7.18	9.66E-01
7.18	9.66E-01
7.181	9.66E-01
7.181	9.66E-01
7.181	9.66E-01
7.182	9.66E-01
7.182	9.66E-01
7.183	9.66E-01
7.183	9.66E-01
7.184	9.66E-01
7.185	9.66E-01
7.185	9.66E-01
7.186	9.66E-01
7.186	9.66E-01
7.187	9.66E-01
7.187	9.66E-01
7.188	9.66E-01
7.188	9.66E-01
7.188	9.66E-01
7.189	9.66E-01
7.189	9.66E-01
7.19	9.66E-01
7.19	9.66E-01
7.191	9.66E-01
7.192	9.66E-01
7.192	9.66E-01
7.193	9.66E-01
7.193	9.66E-01
7.194	9.66E-01
7.194	9.66E-01
7.194	9.66E-01
7.195	9.66E-01
7.195	9.66E-01
7.196	9.66E-01
7.196	9.66E-01
7.197	9.66E-01
7.198	9.66E-01
7.198	9.66E-01
7.199	9.66E-01
7.199	9.66E-01
7.2	9.66E-01
7.2	9.66E-01
7.201	9.66E-01
7.201	9.66E-01
7.201	9.66E-01
7.202	9.66E-01
7.202	9.66E-01
7.203	9.66E-01
7.203	9.66E-01
7.204	9.66E-01
7.205	9.66E-01
7.205	9.66E-01
7.206	9.66E-01
7.206	9.66E-01
7.207	9.66E-01
7.207	9.66E-01
7.207	9.66E-01
7.208	9.66E-01
7.208	9.66E-01
7.209	9.66E-01
7.209	9.66E-01
7.21	9.66E-01
7.21	9.66E-01
7.211	9.66E-01
7.212	9.66E-01
7.212	9.66E-01
7.213	9.66E-01
7.213	9.66E-01
7.214	9.66E-01
7.214	9.66E-01
7.214	9.66E-01
7.215	9.66E-01
7.215	9.66E-01
7.216	9.66E-01
7.216	9.66E-01
7.217	9.66E-01
7.218	9.66E-01
7.218	9.66E-01
7.219	9.66E-01
7.219	9.66E-01
7.22	9.66E-01
7.22	9.66E-01
7.22	9.66E-01
7.221	9.66E-01
7.221	9.66E-01
7.222	9.66E-01
7.222	9.66E-01
7.223	9.66E-01
7.223	9.66E-01
7.224	9.66E-01
7.225	9.66E-01
7.225	9.66E-01
7.226	9.66E-01
7.226	9.66E-01
7.227	9.66E-01
7.227	9.66E-01
7.227	9.66E-01
7.228	9.66E-01
7.228	9.66E-01
7.229	9.66E-01
7.229	9.66E-01
7.23	9.66E-01
7.231	9.66E-01
7.231	9.66E-01
7.232	9.66E-01
7.232	9.66E-01
7.233	9.66E-01
7.233	9.66E-01
7.234	9.66E-01
7.234	9.66E-01
7.234	9.66E-01
7.235	9.66E-01
7.235	9.66E-01
7.236	9.66E-01
7.236	9.66E-01
7.237	9.66E-01
7.238	9.66E-01
7.238	9.66E-01
7.239	9.66E-01
7.239	9.66E-01
7.24	9.66E-01
7.24	9.66E-01
7.24	9.66E-01
7.241	9.66E-01
7.241	9.66E-01
7.242	9.66E-01
7.242	9.66E-01
7.243	9.66E-01
7.244	9.66E-01
7.244	9.66E-01
7.245	9.66E-01
7.245	9.66E-01
7.246	9.66E-01
7.246	9.66E-01
7.247	9.66E-01
7.247	9.66E-01
7.247	9.66E-01
7.248	9.66E-01
7.248	9.66E-01
7.249	9.66E-01
7.249	9.66E-01
7.25	9.66E-01
7.251	9.66E-01
7.251	9.66E-01
7.252	9.66E-01
7.252	9.66E-01
7.253	9.66E-01
7.253	9.66E-01
7.253	9.66E-01
7.254	9.66E-01
7.254	9.66E-01
7.255	9.66E-01
7.255	9.66E-01
7.256	9.66E-01
7.256	9.66E-01
7.257	9.66E-01
7.258	9.66E-01
7.258	9.66E-01
7.259	9.66E-01
7.259	9.66E-01
7.26	9.66E-01
7.26	9.66E-01
7.26	9.66E-01
7.261	9.66E-01
7.261	9.66E-01
7.262	9.66E-01
7.262	9.66E-01
7.263	9.66E-01
7.264	9.66E-01
7.264	9.66E-01
7.265	9.66E-01
7.265	9.66E-01
7.266	9.66E-01
7.266	9.66E-01
7.266	9.66E-01
7.267	9.66E-01
7.267	9.66E-01
7.268	9.66E-01
7.268	9.66E-01
7.269	9.66E-01
7.269	9.66E-01
7.27	9.66E-01
7.271	9.66E-01
7.271	9.66E-01
7.272	9.66E-01
7.272	9.66E-01
7.273	9.66E-01
7.273	9.66E-01
7.273	9.66E-01
7.274	9.66E-01
7.274	9.66E-01
7.275	9.66E-01
7.275	9.66E-01
7.276	9.66E-01
7.277	9.66E-01
7.277	9.66E-01
7.278	9.66E-01
7.278	9.66E-01
7.279	9.66E-01
7.279	9.66E-01
7.28	9.66E-01
7.28	9.66E-01
7.28	9.66E-01
7.281	9.66E-01
7.281	9.66E-01
7.282	9.66E-01
7.282	9.66E-01
7.283	9.66E-01
7.284	9.66E-01
7.284	9.66E-01
7.285	9.66E-01
7.285	9.66E-01
7.286	9.66E-01
7.286	9.66E-01
7.286	9.66E-01
7.287	9.66E-01
7.287	9.66E-01
7.288	9.66E-01
7.288	9.66E-01
7.289	9.66E-01
7.29	9.66E-01
7.29	9.66E-01
7.291	9.66E-01
7.291	9.66E-01
7.292	9.66E-01
7.292	9.66E-01
7.293	9.66E-01
7.293	9.66E-01
7.293	9.66E-01
7.294	9.66E-01
7.294	9.66E-01
7.295	9.66E-01
7.295	9.66E-01
7.296	9.66E-01
7.297	9.66E-01
7.297	9.66E-01
7.298	9.66E-01
7.298	9.66E-01
7.299	9.66E-01
7.299	9.66E-01
7.299	9.66E-01
7.3	9.66E-01
7.3	9.66E-01
7.301	9.66E-01
7.301	9.66E-01
7.302	9.66E-01
7.302	9.66E-01
7.303	9.66E-01
7.304	9.66E-01
7.304	9.66E-01
7.305	9.66E-01
7.305	9.66E-01
7.306	9.66E-01
7.306	9.66E-01
7.306	9.66E-01
7.307	9.66E-01
7.307	9.66E-01
7.308	9.66E-01
7.308	9.66E-01
7.309	9.66E-01
7.31	9.66E-01
7.31	9.66E-01
7.311	9.66E-01
7.311	9.66E-01
7.312	9.66E-01
7.312	9.66E-01
7.312	9.66E-01
7.313	9.66E-01
7.313	9.66E-01
7.314	9.66E-01
7.314	9.66E-01
7.315	9.66E-01
7.315	9.66E-01
7.316	9.66E-01
7.317	9.66E-01
7.317	9.66E-01
7.318	9.66E-01
7.318	9.66E-01
7.319	9.66E-01
7.319	9.66E-01
7.319	9.66E-01
7.32	9.66E-01
7.32	9.66E-01
7.321	9.66E-01
7.321	9.66E-01
7.322	9.66E-01
7.323	9.66E-01
7.323	9.66E-01
7.324	9.66E-01
7.324	9.66E-01
7.325	9.66E-01
7.325	9.66E-01
7.326	9.66E-01
7.326	9.66E-01
7.326	9.66E-01
7.327	9.66E-01
7.327	9.66E-01
7.328	9.66E-01
7.328	9.66E-01
7.329	9.66E-01
7.33	9.66E-01
7.33	9.66E-01
7.331	9.66E-01
7.331	9.66E-01
7.332	9.66E-01
7.332	9.66E-01
7.332	9.66E-01
7.333	9.66E-01
7.333	9.66E-01
7.334	9.66E-01
7.334	9.66E-01
7.335	9.66E-01
7.335	9.66E-01
7.336	9.66E-01
7.337	9.66E-01
7.337	9.66E-01
7.338	9.66E-01
7.338	9.66E-01
7.339	9.66E-01
7.339	9.66E-01
7.339	9.66E-01
7.34	9.66E-01
7.34	9.66E-01
7.341	9.66E-01
7.341	9.66E-01
7.342	9.66E-01
7.343	9.66E-01
7.343	9.66E-01
7.344	9.66E-01
7.344	9.66E-01
7.345	9.66E-01
7.345	9.66E-01
7.345	9.66E-01
7.346	9.66E-01
7.346	9.66E-01
7.347	9.66E-01
7.347	9.66E-01
7.348	9.66E-01
7.348	9.66E-01
7.349	9.66E-01
7.35	9.66E-01
7.35	9.66E-01
7.351	9.66E-01
7.351	9.66E-01
7.352	9.66E-01
7.352	9.66E-01
7.352	9.66E-01
7.353	9.66E-01
7.353	9.66E-01
7.354	9.66E-01
7.354	9.66E-01
7.355	9.66E-01
7.356	9.66E-01
7.356	9.66E-01
7.357	9.66E-01
7.357	9.66E-01
7.358	9.66E-01
7.358	9.66E-01
7.359	9.66E-01
7.359	9.66E-01
7.359	9.66E-01
7.36	9.66E-01
7.36	9.66E-01
7.361	9.66E-01
7.361	9.66E-01
7.362	9.66E-01
7.363	9.66E-01
7.363	9.66E-01
7.364	9.66E-01
7.364	9.66E-01
7.365	9.66E-01
7.365	9.66E-01
7.365	9.66E-01
7.366	9.66E-01
7.366	9.66E-01
7.367	9.66E-01
7.367	9.66E-01
7.368	9.66E-01
7.369	9.66E-01
7.369	9.66E-01
7.37	9.66E-01
7.37	9.66E-01
7.371	9.66E-01
7.371	9.66E-01
7.372	9.66E-01
7.372	9.66E-01
7.372	9.66E-01
7.373	9.66E-01
7.373	9.66E-01
7.374	9.66E-01
7.374	9.66E-01
7.375	9.66E-01
7.376	9.66E-01
7.376	9.66E-01
7.377	9.66E-01
7.377	9.66E-01
7.378	9.66E-01
7.378	9.66E-01
7.378	9.66E-01
7.379	9.66E-01
7.379	9.66E-01
7.38	9.66E-01
7.38	9.66E-01
7.381	9.66E-01
7.381	9.66E-01
7.382	9.66E-01
7.383	9.66E-01
7.383	9.66E-01
7.384	9.66E-01
7.384	9.66E-01
7.385	9.66E-01
7.385	9.66E-01
7.385	9.66E-01
7.386	9.66E-01
7.386	9.66E-01
7.387	9.66E-01
7.387	9.66E-01
7.388	9.66E-01
7.389	9.66E-01
7.389	9.66E-01
7.39	9.66E-01
7.39	9.66E-01
7.391	9.66E-01
7.391	9.66E-01
7.391	9.66E-01
7.392	9.66E-01
7.392	9.66E-01
7.393	9.66E-01
7.393	9.66E-01
7.394	9.66E-01
7.394	9.66E-01
7.395	9.66E-01
7.396	9.66E-01
7.396	9.66E-01
7.397	9.66E-01
7.397	9.66E-01
7.398	9.66E-01
7.398	9.66E-01
7.398	9.66E-01
7.399	9.66E-01
7.399	9.66E-01
7.4	9.66E-01
7.4	9.66E-01
7.401	9.66E-01
7.402	9.66E-01
7.402	9.66E-01
7.403	9.66E-01
7.403	9.66E-01
7.404	9.66E-01
7.404	9.66E-01
7.405	9.66E-01
7.405	9.66E-01
7.405	9.66E-01
7.406	9.66E-01
7.406	9.66E-01
7.407	9.66E-01
7.407	9.66E-01
7.408	9.66E-01
7.409	9.66E-01
7.409	9.66E-01
7.41	9.66E-01
7.41	9.66E-01
7.411	9.66E-01
7.411	9.66E-01
7.411	9.66E-01
7.412	9.66E-01
7.412	9.66E-01
7.413	9.66E-01
7.413	9.66E-01
7.414	9.66E-01
7.415	9.66E-01
7.415	9.66E-01
7.416	9.66E-01
7.416	9.66E-01
7.417	9.66E-01
7.417	9.66E-01
7.418	9.66E-01
7.418	9.66E-01
7.418	9.66E-01
7.419	9.66E-01
7.419	9.66E-01
7.42	9.66E-01
7.42	9.66E-01
7.421	9.66E-01
7.422	9.66E-01
7.422	9.66E-01
7.423	9.66E-01
7.423	9.66E-01
7.424	9.66E-01
7.424	9.66E-01
7.424	9.66E-01
7.425	9.66E-01
7.425	9.66E-01
7.426	9.66E-01
7.426	9.66E-01
7.427	9.66E-01
7.427	9.66E-01
7.428	9.66E-01
7.429	9.66E-01
7.429	9.66E-01
7.43	9.66E-01
7.43	9.66E-01
7.431	9.66E-01
7.431	9.66E-01
7.431	9.66E-01
7.432	9.66E-01
7.432	9.66E-01
7.433	9.66E-01
7.433	9.66E-01
7.434	9.66E-01
7.435	9.66E-01
7.435	9.66E-01
7.436	9.66E-01
7.436	9.66E-01
7.437	9.66E-01
7.437	9.66E-01
7.438	9.66E-01
7.438	9.66E-01
7.438	9.66E-01
7.439	9.66E-01
7.439	9.66E-01
7.44	9.66E-01
7.44	9.66E-01
7.441	9.66E-01
7.442	9.66E-01
7.442	9.66E-01
7.443	9.66E-01
7.443	9.66E-01
7.444	9.66E-01
7.444	9.66E-01
7.444	9.66E-01
7.445	9.66E-01
7.445	9.66E-01
7.446	9.66E-01
7.446	9.66E-01
7.447	9.66E-01
7.448	9.66E-01
7.448	9.66E-01
7.449	9.66E-01
7.449	9.66E-01
7.45	9.66E-01
7.45	9.66E-01
7.451	9.66E-01
7.451	9.66E-01
7.451	9.66E-01
7.452	9.66E-01
7.452	9.66E-01
7.453	9.66E-01
7.453	9.66E-01
7.454	9.66E-01
7.455	9.66E-01
7.455	9.66E-01
7.456	9.66E-01
7.456	9.66E-01
7.457	9.66E-01
7.457	9.66E-01
7.457	9.66E-01
7.458	9.66E-01
7.458	9.66E-01
7.459	9.66E-01
7.459	9.66E-01
7.46	9.66E-01
7.46	9.66E-01
7.461	9.66E-01
7.462	9.66E-01
7.462	9.66E-01
7.463	9.66E-01
7.463	9.66E-01
7.464	9.66E-01
7.464	9.66E-01
7.464	9.66E-01
7.465	9.66E-01
7.465	9.66E-01
7.466	9.66E-01
7.466	9.66E-01
7.467	9.66E-01
7.468	9.66E-01
7.468	9.66E-01
7.469	9.66E-01
7.469	9.66E-01
7.47	9.66E-01
7.47	9.66E-01
7.47	9.66E-01
7.471	9.66E-01
7.471	9.66E-01
7.472	9.66E-01
7.472	9.66E-01
7.473	9.66E-01
7.473	9.66E-01
7.474	9.66E-01
7.475	9.66E-01
7.475	9.66E-01
7.476	9.66E-01
7.476	9.66E-01
7.477	9.66E-01
7.477	9.66E-01
7.477	9.66E-01
7.478	9.66E-01
7.478	9.66E-01
7.479	9.66E-01
7.479	9.66E-01
7.48	9.66E-01
7.481	9.66E-01
7.481	9.66E-01
7.482	9.66E-01
7.482	9.66E-01
7.483	9.66E-01
7.483	9.66E-01
7.484	9.66E-01
7.484	9.66E-01
7.484	9.66E-01
7.485	9.66E-01
7.485	9.66E-01
7.486	9.66E-01
7.486	9.66E-01
7.487	9.66E-01
7.488	9.66E-01
7.488	9.66E-01
7.489	9.66E-01
7.489	9.66E-01
7.49	9.66E-01
7.49	9.66E-01
7.49	9.66E-01
7.491	9.66E-01
7.491	9.66E-01
7.492	9.66E-01
7.492	9.66E-01
7.493	9.66E-01
7.494	9.66E-01
7.494	9.66E-01
7.495	9.66E-01
7.495	9.66E-01
7.496	9.66E-01
7.496	9.66E-01
7.497	9.66E-01
7.497	9.66E-01
7.497	9.66E-01
7.498	9.66E-01
7.498	9.66E-01
7.499	9.66E-01
7.499	9.66E-01
7.5	9.66E-01
7.501	9.66E-01
7.501	9.66E-01
7.502	9.66E-01
7.502	9.66E-01
7.503	9.66E-01
7.503	9.66E-01
7.503	9.66E-01
7.504	9.66E-01
7.504	9.66E-01
7.505	9.66E-01
7.505	9.66E-01
7.506	9.66E-01
7.506	9.66E-01
7.507	9.66E-01
7.508	9.66E-01
7.508	9.66E-01
7.509	9.66E-01
7.509	9.66E-01
7.51	9.66E-01
7.51	9.66E-01
7.51	9.66E-01
7.511	9.66E-01
7.511	9.66E-01
7.512	9.66E-01
7.512	9.66E-01
7.513	9.66E-01
7.514	9.66E-01
7.514	9.66E-01
7.515	9.66E-01
7.515	9.66E-01
7.516	9.66E-01
7.516	9.66E-01
7.516	9.66E-01
7.517	9.66E-01
7.517	9.66E-01
7.518	9.66E-01
7.518	9.66E-01
7.519	9.66E-01
7.519	9.66E-01
7.52	9.66E-01
7.521	9.66E-01
7.521	9.66E-01
7.522	9.66E-01
7.522	9.66E-01
7.523	9.66E-01
7.523	9.66E-01
7.523	9.66E-01
7.524	9.66E-01
7.524	9.66E-01
7.525	9.66E-01
7.525	9.66E-01
7.526	9.66E-01
7.527	9.66E-01
7.527	9.66E-01
7.528	9.66E-01
7.528	9.66E-01
7.529	9.66E-01
7.529	9.66E-01
7.53	9.66E-01
7.53	9.66E-01
7.53	9.66E-01
7.531	9.66E-01
7.531	9.66E-01
7.532	9.66E-01
7.532	9.66E-01
7.533	9.66E-01
7.534	9.66E-01
7.534	9.66E-01
7.535	9.66E-01
7.535	9.66E-01
7.536	9.66E-01
7.536	9.66E-01
7.536	9.66E-01
7.537	9.66E-01
7.537	9.66E-01
7.538	9.66E-01
7.538	9.66E-01
7.539	9.66E-01
7.54	9.66E-01
7.54	9.66E-01
7.541	9.66E-01
7.541	9.66E-01
7.542	9.66E-01
7.542	9.66E-01
7.543	9.66E-01
7.543	9.66E-01
7.543	9.66E-01
7.544	9.66E-01
7.544	9.66E-01
7.545	9.66E-01
7.545	9.66E-01
7.546	9.66E-01
7.547	9.66E-01
7.547	9.66E-01
7.548	9.66E-01
7.548	9.66E-01
7.549	9.66E-01
7.549	9.66E-01
7.549	9.66E-01
7.55	9.66E-01
7.55	9.66E-01
7.551	9.66E-01
7.551	9.66E-01
7.552	9.66E-01
7.552	9.66E-01
7.553	9.66E-01
7.554	9.66E-01
7.554	9.66E-01
7.555	9.66E-01
7.555	9.66E-01
7.556	9.66E-01
7.556	9.66E-01
7.556	9.66E-01
7.557	9.66E-01
7.557	9.66E-01
7.558	9.66E-01
7.558	9.66E-01
7.559	9.66E-01
7.56	9.66E-01
7.56	9.66E-01
7.561	9.66E-01
7.561	9.66E-01
7.562	9.66E-01
7.562	9.66E-01
7.562	9.66E-01
7.563	9.66E-01
7.563	9.66E-01
7.564	9.66E-01
7.564	9.66E-01
7.565	9.66E-01
7.565	9.66E-01
7.566	9.66E-01
7.567	9.66E-01
7.567	9.66E-01
7.568	9.66E-01
7.568	9.66E-01
7.569	9.66E-01
7.569	9.66E-01
7.569	9.66E-01
7.57	9.66E-01
7.57	9.66E-01
7.571	9.66E-01
7.571	9.66E-01
7.572	9.66E-01
7.573	9.66E-01
7.573	9.66E-01
7.574	9.66E-01
7.574	9.66E-01
7.575	9.66E-01
7.575	9.66E-01
7.576	9.66E-01
7.576	9.66E-01
7.576	9.66E-01
7.577	9.66E-01
7.577	9.66E-01
7.578	9.66E-01
7.578	9.66E-01
7.579	9.66E-01
7.58	9.66E-01
7.58	9.66E-01
7.581	9.66E-01
7.581	9.66E-01
7.582	9.66E-01
7.582	9.66E-01
7.582	9.66E-01
7.583	9.66E-01
7.583	9.66E-01
7.584	9.66E-01
7.584	9.66E-01
7.585	9.66E-01
7.585	9.66E-01
7.586	9.66E-01
7.587	9.66E-01
7.587	9.66E-01
7.588	9.66E-01
7.588	9.66E-01
7.589	9.66E-01
7.589	9.66E-01
7.589	9.66E-01
7.59	9.66E-01
7.59	9.66E-01
7.591	9.66E-01
7.591	9.66E-01
7.592	9.66E-01
7.593	9.66E-01
7.593	9.66E-01
7.594	9.66E-01
7.594	9.66E-01
7.595	9.66E-01
7.595	9.66E-01
7.595	9.66E-01
7.596	9.66E-01
7.596	9.66E-01
7.597	9.66E-01
7.597	9.66E-01
7.598	9.66E-01
7.598	9.66E-01
7.599	9.66E-01
7.6	9.66E-01
7.6	9.66E-01
7.601	9.66E-01
7.601	9.66E-01
7.602	9.66E-01
7.602	9.66E-01
7.602	9.66E-01
7.603	9.66E-01
7.603	9.66E-01
7.604	9.66E-01
7.604	9.66E-01
7.605	9.66E-01
7.606	9.66E-01
7.606	9.66E-01
7.607	9.66E-01
7.607	9.66E-01
7.608	9.66E-01
7.608	9.66E-01
7.609	9.66E-01
7.609	9.66E-01
7.609	9.66E-01
7.61	9.66E-01
7.61	9.66E-01
7.611	9.66E-01
7.611	9.66E-01
7.612	9.66E-01
7.613	9.66E-01
7.613	9.66E-01
7.614	9.66E-01
7.614	9.66E-01
7.615	9.66E-01
7.615	9.66E-01
7.615	9.66E-01
7.616	9.66E-01
7.616	9.66E-01
7.617	9.66E-01
7.617	9.66E-01
7.618	9.66E-01
7.619	9.66E-01
7.619	9.66E-01
7.62	9.66E-01
7.62	9.66E-01
7.621	9.66E-01
7.621	9.66E-01
7.622	9.66E-01
7.622	9.66E-01
7.622	9.66E-01
7.623	9.66E-01
7.623	9.66E-01
7.624	9.66E-01
7.624	9.66E-01
7.625	9.66E-01
7.626	9.66E-01
7.626	9.66E-01
7.627	9.66E-01
7.627	9.66E-01
7.628	9.66E-01
7.628	9.66E-01
7.628	9.66E-01
7.629	9.66E-01
7.629	9.66E-01
7.63	9.66E-01
7.63	9.66E-01
7.631	9.66E-01
7.631	9.66E-01
7.632	9.66E-01
7.633	9.66E-01
7.633	9.66E-01
7.634	9.66E-01
7.634	9.66E-01
7.635	9.66E-01
7.635	9.66E-01
7.635	9.66E-01
7.636	9.66E-01
7.636	9.66E-01
7.637	9.66E-01
7.637	9.66E-01
7.638	9.66E-01
7.639	9.66E-01
7.639	9.66E-01
7.64	9.66E-01
7.64	9.66E-01
7.641	9.66E-01
7.641	9.66E-01
7.641	9.66E-01
7.642	9.66E-01
7.642	9.66E-01
7.643	9.66E-01
7.643	9.66E-01
7.644	9.66E-01
7.644	9.66E-01
7.645	9.66E-01
7.646	9.66E-01
7.646	9.66E-01
7.647	9.66E-01
7.647	9.66E-01
7.648	9.66E-01
7.648	9.66E-01
7.648	9.66E-01
7.649	9.66E-01
7.649	9.66E-01
7.65	9.66E-01
7.65	9.66E-01
7.651	9.66E-01
7.652	9.66E-01
7.652	9.66E-01
7.653	9.66E-01
7.653	9.66E-01
7.654	9.66E-01
7.654	9.66E-01
7.655	9.66E-01
7.655	9.66E-01
7.655	9.66E-01
7.656	9.66E-01
7.656	9.66E-01
7.657	9.66E-01
7.657	9.66E-01
7.658	9.66E-01
7.659	9.66E-01
7.659	9.66E-01
7.66	9.66E-01
7.66	9.66E-01
7.661	9.66E-01
7.661	9.66E-01
7.661	9.66E-01
7.662	9.66E-01
7.662	9.66E-01
7.663	9.66E-01
7.663	9.66E-01
7.664	9.66E-01
7.665	9.66E-01
7.665	9.66E-01
7.666	9.66E-01
7.666	9.66E-01
7.667	9.66E-01
7.667	9.66E-01
7.668	9.66E-01
7.668	9.66E-01
7.668	9.66E-01
7.669	9.66E-01
7.669	9.66E-01
7.67	9.66E-01
7.67	9.66E-01
7.671	9.66E-01
7.672	9.66E-01
7.672	9.66E-01
7.673	9.66E-01
7.673	9.66E-01
7.674	9.66E-01
7.674	9.66E-01
7.674	9.66E-01
7.675	9.66E-01
7.675	9.66E-01
7.676	9.66E-01
7.676	9.66E-01
7.677	9.66E-01
7.677	9.66E-01
7.678	9.66E-01
7.679	9.66E-01
7.679	9.66E-01
7.68	9.66E-01
7.68	9.66E-01
7.681	9.66E-01
7.681	9.66E-01
7.681	9.66E-01
7.682	9.66E-01
7.682	9.66E-01
7.683	9.66E-01
7.683	9.66E-01
7.684	9.66E-01
7.685	9.66E-01
7.685	9.66E-01
7.686	9.66E-01
7.686	9.66E-01
7.687	9.66E-01
7.687	9.66E-01
7.688	9.66E-01
7.688	9.66E-01
7.688	9.66E-01
7.689	9.66E-01
7.689	9.66E-01
7.69	9.66E-01
7.69	9.66E-01
7.691	9.66E-01
7.692	9.66E-01
7.692	9.66E-01
7.693	9.66E-01
7.693	9.66E-01
7.694	9.66E-01
7.694	9.66E-01
7.694	9.66E-01
7.695	9.66E-01
7.695	9.66E-01
7.696	9.66E-01
7.696	9.66E-01
7.697	9.66E-01
7.698	9.66E-01
7.698	9.66E-01
7.699	9.66E-01
7.699	9.66E-01
7.7	9.66E-01
7.7	9.66E-01
7.701	9.66E-01
7.701	9.66E-01
7.701	9.66E-01
7.702	9.66E-01
7.702	9.66E-01
7.703	9.66E-01
7.703	9.66E-01
7.704	9.66E-01
7.705	9.66E-01
7.705	9.66E-01
7.706	9.66E-01
7.706	9.66E-01
7.707	9.66E-01
7.707	9.66E-01
7.707	9.66E-01
7.708	9.66E-01
7.708	9.66E-01
7.709	9.66E-01
7.709	9.66E-01
7.71	9.66E-01
7.71	9.66E-01
7.711	9.66E-01
7.712	9.66E-01
7.712	9.66E-01
7.713	9.66E-01
7.713	9.66E-01
7.714	9.66E-01
7.714	9.66E-01
7.714	9.66E-01
7.715	9.66E-01
7.715	9.66E-01
7.716	9.66E-01
7.716	9.66E-01
7.717	9.66E-01
7.718	9.66E-01
7.718	9.66E-01
7.719	9.66E-01
7.719	9.66E-01
7.72	9.66E-01
7.72	9.66E-01
7.72	9.66E-01
7.721	9.66E-01
7.721	9.66E-01
7.722	9.66E-01
7.722	9.66E-01
7.723	9.66E-01
7.723	9.66E-01
7.724	9.66E-01
7.725	9.66E-01
7.725	9.66E-01
7.726	9.66E-01
7.726	9.66E-01
7.727	9.66E-01
7.727	9.66E-01
7.727	9.66E-01
7.728	9.66E-01
7.728	9.66E-01
7.729	9.66E-01
7.729	9.66E-01
7.73	9.66E-01
7.731	9.66E-01
7.731	9.66E-01
7.732	9.66E-01
7.732	9.66E-01
7.733	9.66E-01
7.733	9.66E-01
7.734	9.66E-01
7.734	9.66E-01
7.734	9.66E-01
7.735	9.66E-01
7.735	9.66E-01
7.736	9.66E-01
7.736	9.66E-01
7.737	9.66E-01
7.738	9.66E-01
7.738	9.66E-01
7.739	9.66E-01
7.739	9.66E-01
7.74	9.66E-01
7.74	9.66E-01
7.74	9.66E-01
7.741	9.66E-01
7.741	9.66E-01
7.742	9.66E-01
7.742	9.66E-01
7.743	9.66E-01
7.744	9.66E-01
7.744	9.66E-01
7.745	9.66E-01
7.745	9.66E-01
7.746	9.66E-01
7.746	9.66E-01
7.747	9.66E-01
7.747	9.66E-01
7.747	9.66E-01
7.748	9.66E-01
7.748	9.66E-01
7.749	9.66E-01
7.749	9.66E-01
7.75	9.66E-01
7.751	9.66E-01
7.751	9.66E-01
7.752	9.66E-01
7.752	9.66E-01
7.753	9.66E-01
7.753	9.66E-01
7.753	9.66E-01
7.754	9.66E-01
7.754	9.66E-01
7.755	9.66E-01
7.755	9.66E-01
7.756	9.66E-01
7.756	9.66E-01
7.757	9.66E-01
7.758	9.66E-01
7.758	9.66E-01
7.759	9.66E-01
7.759	9.66E-01
7.76	9.66E-01
7.76	9.66E-01
7.76	9.66E-01
7.761	9.66E-01
7.761	9.66E-01
7.762	9.66E-01
7.762	9.66E-01
7.763	9.66E-01
7.764	9.66E-01
7.764	9.66E-01
7.765	9.66E-01
7.765	9.66E-01
7.766	9.66E-01
7.766	9.66E-01
7.766	9.66E-01
7.767	9.66E-01
7.767	9.66E-01
7.768	9.66E-01
7.768	9.66E-01
7.769	9.66E-01
7.769	9.66E-01
7.77	9.66E-01
7.771	9.66E-01
7.771	9.66E-01
7.772	9.66E-01
7.772	9.66E-01
7.773	9.66E-01
7.773	9.66E-01
7.773	9.66E-01
7.774	9.66E-01
7.774	9.66E-01
7.775	9.66E-01
7.775	9.66E-01
7.776	9.66E-01
7.777	9.66E-01
7.777	9.66E-01
7.778	9.66E-01
7.778	9.66E-01
7.779	9.66E-01
7.779	9.66E-01
7.78	9.66E-01
7.78	9.66E-01
7.78	9.66E-01
7.781	9.66E-01
7.781	9.66E-01
7.782	9.66E-01
7.782	9.66E-01
7.783	9.66E-01
7.784	9.66E-01
7.784	9.66E-01
7.785	9.66E-01
7.785	9.66E-01
7.786	9.66E-01
7.786	9.66E-01
7.786	9.66E-01
7.787	9.66E-01
7.787	9.66E-01
7.788	9.66E-01
7.788	9.66E-01
7.789	9.66E-01
7.79	9.66E-01
7.79	9.66E-01
7.791	9.66E-01
7.791	9.66E-01
7.792	9.66E-01
7.792	9.66E-01
7.793	9.66E-01
7.793	9.66E-01
7.793	9.66E-01
7.794	9.66E-01
7.794	9.66E-01
7.795	9.66E-01
7.795	9.66E-01
7.796	9.66E-01
7.797	9.66E-01
7.797	9.66E-01
7.798	9.66E-01
7.798	9.66E-01
7.799	9.66E-01
7.799	9.66E-01
7.799	9.66E-01
7.8	9.66E-01
7.8	9.66E-01
7.801	9.66E-01
7.801	9.66E-01
7.802	9.66E-01
7.802	9.66E-01
7.803	9.66E-01
7.804	9.66E-01
7.804	9.66E-01
7.805	9.66E-01
7.805	9.66E-01
7.806	9.66E-01
7.806	9.66E-01
7.806	9.66E-01
7.807	9.66E-01
7.807	9.66E-01
7.808	9.66E-01
7.808	9.66E-01
7.809	9.66E-01
7.81	9.66E-01
7.81	9.66E-01
7.811	9.66E-01
7.811	9.66E-01
7.812	9.66E-01
7.812	9.66E-01
7.812	9.66E-01
7.813	9.66E-01
7.813	9.66E-01
7.814	9.66E-01
7.814	9.66E-01
7.815	9.66E-01
7.815	9.66E-01
7.816	9.66E-01
7.817	9.66E-01
7.817	9.66E-01
7.818	9.66E-01
7.818	9.66E-01
7.819	9.66E-01
7.819	9.66E-01
7.819	9.66E-01
7.82	9.66E-01
7.82	9.66E-01
7.821	9.66E-01
7.821	9.66E-01
7.822	9.66E-01
7.823	9.66E-01
7.823	9.66E-01
7.824	9.66E-01
7.824	9.66E-01
7.825	9.66E-01
7.825	9.66E-01
7.826	9.66E-01
7.826	9.66E-01
7.826	9.66E-01
7.827	9.66E-01
7.827	9.66E-01
7.828	9.66E-01
7.828	9.66E-01
7.829	9.66E-01
7.83	9.66E-01
7.83	9.66E-01
7.831	9.66E-01
7.831	9.66E-01
7.832	9.66E-01
7.832	9.66E-01
7.832	9.66E-01
7.833	9.66E-01
7.833	9.66E-01
7.834	9.66E-01
7.834	9.66E-01
7.835	9.66E-01
7.835	9.66E-01
7.836	9.66E-01
7.837	9.66E-01
7.837	9.66E-01
7.838	9.66E-01
7.838	9.66E-01
7.839	9.66E-01
7.839	9.66E-01
7.839	9.66E-01
7.84	9.66E-01
7.84	9.66E-01
7.841	9.66E-01
7.841	9.66E-01
7.842	9.66E-01
7.843	9.66E-01
7.843	9.66E-01
7.844	9.66E-01
7.844	9.66E-01
7.845	9.66E-01
7.845	9.66E-01
7.845	9.66E-01
7.846	9.66E-01
7.846	9.66E-01
7.847	9.66E-01
7.847	9.66E-01
7.848	9.66E-01
7.848	9.66E-01
7.849	9.66E-01
7.85	9.66E-01
7.85	9.66E-01
7.851	9.66E-01
7.851	9.66E-01
7.852	9.66E-01
7.852	9.66E-01
7.852	9.66E-01
7.853	9.66E-01
7.853	9.66E-01
7.854	9.66E-01
7.854	9.66E-01
7.855	9.66E-01
7.856	9.66E-01
7.856	9.66E-01
7.857	9.66E-01
7.857	9.66E-01
7.858	9.66E-01
7.858	9.66E-01
7.859	9.66E-01
7.859	9.66E-01
7.859	9.66E-01
7.86	9.66E-01
7.86	9.66E-01
7.861	9.66E-01
7.861	9.66E-01
7.862	9.66E-01
7.863	9.66E-01
7.863	9.66E-01
7.864	9.66E-01
7.864	9.66E-01
7.865	9.66E-01
7.865	9.66E-01
7.865	9.66E-01
7.866	9.66E-01
7.866	9.66E-01
7.867	9.66E-01
7.867	9.66E-01
7.868	9.66E-01
7.869	9.66E-01
7.869	9.66E-01
7.87	9.66E-01
7.87	9.66E-01
7.871	9.66E-01
7.871	9.66E-01
7.872	9.66E-01
7.872	9.66E-01
7.872	9.66E-01
7.873	9.66E-01
7.873	9.66E-01
7.874	9.66E-01
7.874	9.66E-01
7.875	9.66E-01
7.876	9.66E-01
7.876	9.66E-01
7.877	9.66E-01
7.877	9.66E-01
7.878	9.66E-01
7.878	9.66E-01
7.878	9.66E-01
7.879	9.66E-01
7.879	9.66E-01
7.88	9.66E-01
7.88	9.66E-01
7.881	9.66E-01
7.881	9.66E-01
7.882	9.66E-01
7.883	9.66E-01
7.883	9.66E-01
7.884	9.66E-01
7.884	9.66E-01
7.885	9.66E-01
7.885	9.66E-01
7.885	9.66E-01
7.886	9.66E-01
7.886	9.66E-01
7.887	9.66E-01
7.887	9.66E-01
7.888	9.66E-01
7.889	9.66E-01
7.889	9.66E-01
7.89	9.66E-01
7.89	9.66E-01
7.891	9.66E-01
7.891	9.66E-01
7.891	9.66E-01
7.892	9.66E-01
7.892	9.66E-01
7.893	9.66E-01
7.893	9.66E-01
7.894	9.66E-01
7.894	9.66E-01
7.895	9.66E-01
7.896	9.66E-01
7.896	9.66E-01
7.897	9.66E-01
7.897	9.66E-01
7.898	9.66E-01
7.898	9.66E-01
7.898	9.66E-01
7.899	9.66E-01
7.899	9.66E-01
7.9	9.66E-01
7.9	9.66E-01
7.901	9.66E-01
7.902	9.66E-01
7.902	9.66E-01
7.903	9.66E-01
7.903	9.66E-01
7.904	9.66E-01
7.904	9.66E-01
7.905	9.66E-01
7.905	9.66E-01
7.905	9.66E-01
7.906	9.66E-01
7.906	9.66E-01
7.907	9.66E-01
7.907	9.66E-01
7.908	9.66E-01
7.909	9.66E-01
7.909	9.66E-01
7.91	9.66E-01
7.91	9.66E-01
7.911	9.66E-01
7.911	9.66E-01
7.911	9.66E-01
7.912	9.66E-01
7.912	9.66E-01
7.913	9.66E-01
7.913	9.66E-01
7.914	9.66E-01
7.915	9.66E-01
7.915	9.66E-01
7.916	9.66E-01
7.916	9.66E-01
7.917	9.66E-01
7.917	9.66E-01
7.918	9.66E-01
7.918	9.66E-01
7.918	9.66E-01
7.919	9.66E-01
7.919	9.66E-01
7.92	9.66E-01
7.92	9.66E-01
7.921	9.66E-01
7.922	9.66E-01
7.922	9.66E-01
7.923	9.66E-01
7.923	9.66E-01
7.924	9.66E-01
7.924	9.66E-01
7.924	9.66E-01
7.925	9.66E-01
7.925	9.66E-01
7.926	9.66E-01
7.926	9.66E-01
7.927	9.66E-01
7.927	9.66E-01
7.928	9.66E-01
7.929	9.66E-01
7.929	9.66E-01
7.93	9.66E-01
7.93	9.66E-01
7.931	9.66E-01
7.931	9.66E-01
7.931	9.66E-01
7.932	9.66E-01
7.932	9.66E-01
7.933	9.66E-01
7.933	9.66E-01
7.934	9.66E-01
7.935	9.66E-01
7.935	9.66E-01
7.936	9.66E-01
7.936	9.66E-01
7.937	9.66E-01
7.937	9.66E-01
7.938	9.66E-01
7.938	9.66E-01
7.938	9.66E-01
7.939	9.66E-01
7.939	9.66E-01
7.94	9.66E-01
7.94	9.66E-01
7.941	9.66E-01
7.942	9.66E-01
7.942	9.66E-01
7.943	9.66E-01
7.943	9.66E-01
7.944	9.66E-01
7.944	9.66E-01
7.944	9.66E-01
7.945	9.66E-01
7.945	9.66E-01
7.946	9.66E-01
7.946	9.66E-01
7.947	9.66E-01
7.948	9.66E-01
7.948	9.66E-01
7.949	9.66E-01
7.949	9.66E-01
7.95	9.66E-01
7.95	9.66E-01
7.951	9.66E-01
7.951	9.66E-01
7.951	9.66E-01
7.952	9.66E-01
7.952	9.66E-01
7.953	9.66E-01
7.953	9.66E-01
7.954	9.66E-01
7.955	9.66E-01
7.955	9.66E-01
7.956	9.66E-01
7.956	9.66E-01
7.957	9.66E-01
7.957	9.66E-01
7.957	9.66E-01
7.958	9.66E-01
7.958	9.66E-01
7.959	9.66E-01
7.959	9.66E-01
7.96	9.66E-01
7.96	9.66E-01
7.961	9.66E-01
7.962	9.66E-01
7.962	9.66E-01
7.963	9.66E-01
7.963	9.66E-01
7.964	9.66E-01
7.964	9.66E-01
7.964	9.66E-01
7.965	9.66E-01
7.965	9.66E-01
7.966	9.66E-01
7.966	9.66E-01
7.967	9.66E-01
7.968	9.66E-01
7.968	9.66E-01
7.969	9.66E-01
7.969	9.66E-01
7.97	9.66E-01
7.97	9.66E-01
7.97	9.66E-01
7.971	9.66E-01
7.971	9.66E-01
7.972	9.66E-01
7.972	9.66E-01
7.973	9.66E-01
7.973	9.66E-01
7.974	9.66E-01
7.975	9.66E-01
7.975	9.66E-01
7.976	9.66E-01
7.976	9.66E-01
7.977	9.66E-01
7.977	9.66E-01
7.977	9.66E-01
7.978	9.66E-01
7.978	9.66E-01
7.979	9.66E-01
7.979	9.66E-01
7.98	9.66E-01
7.981	9.66E-01
7.981	9.66E-01
7.982	9.66E-01
7.982	9.66E-01
7.983	9.66E-01
7.983	9.66E-01
7.984	9.66E-01
7.984	9.66E-01
7.984	9.66E-01
7.985	9.66E-01
7.985	9.66E-01
7.986	9.66E-01
7.986	9.66E-01
7.987	9.66E-01
7.988	9.66E-01
7.988	9.66E-01
7.989	9.66E-01
7.989	9.66E-01
7.99	9.66E-01
7.99	9.66E-01
7.99	9.66E-01
7.991	9.66E-01
7.991	9.66E-01
7.992	9.66E-01
7.992	9.66E-01
7.993	9.66E-01
7.994	9.66E-01
7.994	9.66E-01
7.995	9.66E-01
7.995	9.66E-01
7.996	9.66E-01
7.996	9.66E-01
7.997	9.66E-01
7.997	9.66E-01
7.997	9.66E-01
7.998	9.66E-01
7.998	9.66E-01
7.999	9.66E-01
7.999	9.66E-01
8	9.66E-01
8	9.66E-01
8.001	9.66E-01
8.002	9.66E-01
8.002	9.66E-01
8.002	9.66E-01
8.003	9.66E-01
8.003	9.66E-01
8.004	9.66E-01
8.005	9.66E-01
8.005	9.66E-01
8.005	9.66E-01
8.006	9.66E-01
8.007	9.66E-01
8.007	9.66E-01
8.007	9.66E-01
8.008	9.66E-01
8.009	9.66E-01
8.009	9.66E-01
8.009	9.66E-01
8.01	9.66E-01
8.01	9.66E-01
8.011	9.66E-01
8.012	9.66E-01
8.012	9.66E-01
8.012	9.66E-01
8.013	9.66E-01
8.014	9.66E-01
8.014	9.66E-01
8.014	9.66E-01
8.015	9.66E-01
8.016	9.66E-01
8.016	9.66E-01
8.017	9.66E-01
8.017	9.66E-01
8.017	9.66E-01
8.018	9.66E-01
8.019	9.66E-01
8.019	9.66E-01
8.019	9.66E-01
8.02	9.66E-01
8.021	9.66E-01
8.021	9.66E-01
8.021	9.66E-01
8.022	9.66E-01
8.023	9.66E-01
8.023	9.66E-01
8.024	9.66E-01
8.024	9.66E-01
8.024	9.66E-01
8.025	9.66E-01
8.026	9.66E-01
8.026	9.66E-01
8.026	9.66E-01
8.027	9.66E-01
8.028	9.66E-01
8.028	9.66E-01
8.028	9.66E-01
8.029	9.66E-01
8.03	9.66E-01
8.03	9.66E-01
8.031	9.66E-01
8.031	9.66E-01
8.031	9.66E-01
8.032	9.66E-01
8.033	9.66E-01
8.033	9.66E-01
8.033	9.66E-01
8.034	9.66E-01
8.035	9.66E-01
8.035	9.66E-01
8.035	9.66E-01
8.036	9.66E-01
8.036	9.66E-01
8.037	9.66E-01
8.038	9.66E-01
8.038	9.66E-01
8.038	9.66E-01
8.039	9.66E-01
8.04	9.66E-01
8.04	9.66E-01
8.04	9.66E-01
8.041	9.66E-01
8.042	9.66E-01
8.042	9.66E-01
8.042	9.66E-01
8.043	9.66E-01
8.043	9.66E-01
8.044	9.66E-01
8.045	9.66E-01
8.045	9.66E-01
8.045	9.66E-01
8.046	9.66E-01
8.047	9.66E-01
8.047	9.66E-01
8.047	9.66E-01
8.048	9.66E-01
8.049	9.66E-01
8.049	9.66E-01
8.05	9.66E-01
8.05	9.66E-01
8.05	9.66E-01
8.051	9.66E-01
8.052	9.66E-01
8.052	9.66E-01
8.052	9.66E-01
8.053	9.66E-01
8.054	9.66E-01
8.054	9.66E-01
8.054	9.66E-01
8.055	9.66E-01
8.056	9.66E-01
8.056	9.66E-01
8.057	9.66E-01
8.057	9.66E-01
8.057	9.66E-01
8.058	9.66E-01
8.059	9.66E-01
8.059	9.66E-01
8.059	9.66E-01
8.06	9.66E-01
8.061	9.66E-01
8.061	9.66E-01
8.061	9.66E-01
8.062	9.66E-01
8.062	9.66E-01
8.063	9.66E-01
8.064	9.66E-01
8.064	9.66E-01
8.064	9.66E-01
8.065	9.66E-01
8.066	9.66E-01
8.066	9.66E-01
8.066	9.66E-01
8.067	9.66E-01
8.068	9.66E-01
8.068	9.66E-01
8.068	9.66E-01
8.069	9.66E-01
8.069	9.66E-01
8.07	9.66E-01
8.071	9.66E-01
8.071	9.66E-01
8.071	9.66E-01
8.072	9.66E-01
8.073	9.66E-01
8.073	9.66E-01
8.073	9.66E-01
8.074	9.66E-01
8.075	9.66E-01
8.075	9.66E-01
8.075	9.66E-01
8.076	9.66E-01
8.076	9.66E-01
8.077	9.66E-01
8.078	9.66E-01
8.078	9.66E-01
8.078	9.66E-01
8.079	9.66E-01
8.08	9.66E-01
8.08	9.66E-01
8.08	9.66E-01
8.081	9.66E-01
8.082	9.66E-01
8.082	9.66E-01
8.083	9.66E-01
8.083	9.66E-01
8.083	9.66E-01
8.084	9.66E-01
8.085	9.66E-01
8.085	9.66E-01
8.085	9.66E-01
8.086	9.66E-01
8.087	9.66E-01
8.087	9.66E-01
8.087	9.66E-01
8.088	9.66E-01
8.089	9.66E-01
8.089	9.66E-01
8.09	9.66E-01
8.09	9.66E-01
8.09	9.66E-01
8.091	9.66E-01
8.092	9.66E-01
8.092	9.66E-01
8.092	9.66E-01
8.093	9.66E-01
8.094	9.66E-01
8.094	9.66E-01
8.094	9.66E-01
8.095	9.66E-01
8.095	9.66E-01
8.096	9.66E-01
8.097	9.66E-01
8.097	9.66E-01
8.097	9.66E-01
8.098	9.66E-01
8.099	9.66E-01
8.099	9.66E-01
8.099	9.66E-01
8.1	9.66E-01
8.101	9.66E-01
8.101	9.66E-01
8.101	9.66E-01
8.102	9.66E-01
8.102	9.66E-01
8.103	9.66E-01
8.104	9.66E-01
8.104	9.66E-01
8.104	9.66E-01
8.105	9.66E-01
8.106	9.66E-01
8.106	9.66E-01
8.106	9.66E-01
8.107	9.66E-01
8.108	9.66E-01
8.108	9.66E-01
8.108	9.66E-01
8.109	9.66E-01
8.109	9.66E-01
8.11	9.66E-01
8.111	9.66E-01
8.111	9.66E-01
8.111	9.66E-01
8.112	9.66E-01
8.113	9.66E-01
8.113	9.66E-01
8.113	9.66E-01
8.114	9.66E-01
8.115	9.66E-01
8.115	9.66E-01
8.116	9.66E-01
8.116	9.66E-01
8.116	9.66E-01
8.117	9.66E-01
8.118	9.66E-01
8.118	9.66E-01
8.118	9.66E-01
8.119	9.66E-01
8.12	9.66E-01
8.12	9.66E-01
8.12	9.66E-01
8.121	9.66E-01
8.122	9.66E-01
8.122	9.66E-01
8.123	9.66E-01
8.123	9.66E-01
8.123	9.66E-01
8.124	9.66E-01
8.125	9.66E-01
8.125	9.66E-01
8.125	9.66E-01
8.126	9.66E-01
8.127	9.66E-01
8.127	9.66E-01
8.127	9.66E-01
8.128	9.66E-01
8.128	9.66E-01
8.129	9.66E-01
8.13	9.66E-01
8.13	9.66E-01
8.13	9.66E-01
8.131	9.66E-01
8.132	9.66E-01
8.132	9.66E-01
8.132	9.66E-01
8.133	9.66E-01
8.134	9.66E-01
8.134	9.66E-01
8.134	9.66E-01
8.135	9.66E-01
8.135	9.66E-01
8.136	9.66E-01
8.137	9.66E-01
8.137	9.66E-01
8.137	9.66E-01
8.138	9.66E-01
8.139	9.66E-01
8.139	9.66E-01
8.139	9.66E-01
8.14	9.66E-01
8.141	9.66E-01
8.141	9.66E-01
8.142	9.66E-01
8.142	9.66E-01
8.142	9.66E-01
8.143	9.66E-01
8.144	9.66E-01
8.144	9.66E-01
8.144	9.66E-01
8.145	9.66E-01
8.146	9.66E-01
8.146	9.66E-01
8.146	9.66E-01
8.147	9.66E-01
8.148	9.66E-01
8.148	9.66E-01
8.149	9.66E-01
8.149	9.66E-01
8.149	9.66E-01
8.15	9.66E-01
8.151	9.66E-01
8.151	9.66E-01
8.151	9.66E-01
8.152	9.66E-01
8.153	9.66E-01
8.153	9.66E-01
8.153	9.66E-01
8.154	9.66E-01
8.155	9.66E-01
8.155	9.66E-01
8.156	9.66E-01
8.156	9.66E-01
8.156	9.66E-01
8.157	9.66E-01
8.158	9.66E-01
8.158	9.66E-01
8.158	9.66E-01
8.159	9.66E-01
8.16	9.66E-01
8.16	9.66E-01
8.16	9.66E-01
8.161	9.66E-01
8.161	9.66E-01
8.162	9.66E-01
8.163	9.66E-01
8.163	9.66E-01
8.163	9.66E-01
8.164	9.66E-01
8.165	9.66E-01
8.165	9.66E-01
8.165	9.66E-01
8.166	9.66E-01
8.167	9.66E-01
8.167	9.66E-01
8.167	9.66E-01
8.168	9.66E-01
8.168	9.66E-01
8.169	9.66E-01
8.17	9.66E-01
8.17	9.66E-01
8.17	9.66E-01
8.171	9.66E-01
8.172	9.66E-01
8.172	9.66E-01
8.172	9.66E-01
8.173	9.66E-01
8.174	9.66E-01
8.174	9.66E-01
8.175	9.66E-01
8.175	9.66E-01
8.175	9.66E-01
8.176	9.66E-01
8.177	9.66E-01
8.177	9.66E-01
8.177	9.66E-01
8.178	9.66E-01
8.179	9.66E-01
8.179	9.66E-01
8.179	9.66E-01
8.18	9.66E-01
8.181	9.66E-01
8.181	9.66E-01
8.182	9.66E-01
8.182	9.66E-01
8.182	9.66E-01
8.183	9.66E-01
8.184	9.66E-01
8.184	9.66E-01
8.184	9.66E-01
8.185	9.66E-01
8.186	9.66E-01
8.186	9.66E-01
8.186	9.66E-01
8.187	9.66E-01
8.188	9.66E-01
8.188	9.66E-01
8.189	9.66E-01
8.189	9.66E-01
8.189	9.66E-01
8.19	9.66E-01
8.191	9.66E-01
8.191	9.66E-01
8.191	9.66E-01
8.192	9.66E-01
8.193	9.66E-01
8.193	9.66E-01
8.193	9.66E-01
8.194	9.66E-01
8.194	9.66E-01
8.195	9.66E-01
8.196	9.66E-01
8.196	9.66E-01
8.196	9.66E-01
8.197	9.66E-01
8.198	9.66E-01
8.198	9.66E-01
8.198	9.66E-01
8.199	9.66E-01
8.2	9.66E-01
8.2	9.66E-01
8.2	9.66E-01
8.201	9.66E-01
8.201	9.66E-01
8.202	9.66E-01
8.203	9.66E-01
8.203	9.66E-01
8.203	9.66E-01
8.204	9.66E-01
8.205	9.66E-01
8.205	9.66E-01
8.205	9.66E-01
8.206	9.66E-01
8.207	9.66E-01
8.207	9.66E-01
8.208	9.66E-01
8.208	9.66E-01
8.208	9.66E-01
8.209	9.66E-01
8.21	9.66E-01
8.21	9.66E-01
8.21	9.66E-01
8.211	9.66E-01
8.212	9.66E-01
8.212	9.66E-01
8.212	9.66E-01
8.213	9.66E-01
8.214	9.66E-01
8.214	9.66E-01
8.215	9.66E-01
8.215	9.66E-01
8.215	9.66E-01
8.216	9.66E-01
8.217	9.66E-01
8.217	9.66E-01
8.217	9.66E-01
8.218	9.66E-01
8.219	9.66E-01
8.219	9.66E-01
8.219	9.66E-01
8.22	9.66E-01
8.22	9.66E-01
8.221	9.66E-01
8.222	9.66E-01
8.222	9.66E-01
8.222	9.66E-01
8.223	9.66E-01
8.224	9.66E-01
8.224	9.66E-01
8.224	9.66E-01
8.225	9.66E-01
8.226	9.66E-01
8.226	9.66E-01
8.226	9.66E-01
8.227	9.66E-01
8.227	9.66E-01
8.228	9.66E-01
8.229	9.66E-01
8.229	9.66E-01
8.229	9.66E-01
8.23	9.66E-01
8.231	9.66E-01
8.231	9.66E-01
8.231	9.66E-01
8.232	9.66E-01
8.233	9.66E-01
8.233	9.66E-01
8.233	9.66E-01
8.234	9.66E-01
8.234	9.66E-01
8.235	9.66E-01
8.236	9.66E-01
8.236	9.66E-01
8.236	9.66E-01
8.237	9.66E-01
8.238	9.66E-01
8.238	9.66E-01
8.238	9.66E-01
8.239	9.66E-01
8.24	9.66E-01
8.24	9.66E-01
8.241	9.66E-01
8.241	9.66E-01
8.241	9.66E-01
8.242	9.66E-01
8.243	9.66E-01
8.243	9.66E-01
8.243	9.66E-01
8.244	9.66E-01
8.245	9.66E-01
8.245	9.66E-01
8.245	9.66E-01
8.246	9.66E-01
8.247	9.66E-01
8.247	9.66E-01
8.248	9.66E-01
8.248	9.66E-01
8.248	9.66E-01
8.249	9.66E-01
8.25	9.66E-01
8.25	9.66E-01
8.25	9.66E-01
8.251	9.66E-01
8.252	9.66E-01
8.252	9.66E-01
8.252	9.66E-01
8.253	9.66E-01
8.253	9.66E-01
8.254	9.66E-01
8.255	9.66E-01
8.255	9.66E-01
8.255	9.66E-01
8.256	9.66E-01
8.257	9.66E-01
8.257	9.66E-01
8.257	9.66E-01
8.258	9.66E-01
8.259	9.66E-01
8.259	9.66E-01
8.259	9.66E-01
8.26	9.66E-01
8.26	9.66E-01
8.261	9.66E-01
8.262	9.66E-01
8.262	9.66E-01
8.262	9.66E-01
8.263	9.66E-01
8.264	9.66E-01
8.264	9.66E-01
8.264	9.66E-01
8.265	9.66E-01
8.266	9.66E-01
8.266	9.66E-01
8.267	9.66E-01
8.267	9.66E-01
8.267	9.66E-01
8.268	9.66E-01
8.269	9.66E-01
8.269	9.66E-01
8.269	9.66E-01
8.27	9.66E-01
8.271	9.66E-01
8.271	9.66E-01
8.271	9.66E-01
8.272	9.66E-01
8.273	9.66E-01
8.273	9.66E-01
8.274	9.66E-01
8.274	9.66E-01
8.274	9.66E-01
8.275	9.66E-01
8.276	9.66E-01
8.276	9.66E-01
8.276	9.66E-01
8.277	9.66E-01
8.278	9.66E-01
8.278	9.66E-01
8.278	9.66E-01
8.279	9.66E-01
8.28	9.66E-01
8.28	9.66E-01
8.281	9.66E-01
8.281	9.66E-01
8.281	9.66E-01
8.282	9.66E-01
8.283	9.66E-01
8.283	9.66E-01
8.283	9.66E-01
8.284	9.66E-01
8.285	9.66E-01
8.285	9.66E-01
8.285	9.66E-01
8.286	9.66E-01
8.286	9.66E-01
8.287	9.66E-01
8.288	9.66E-01
8.288	9.66E-01
8.288	9.66E-01
8.289	9.66E-01
8.29	9.66E-01
8.29	9.66E-01
8.29	9.66E-01
8.291	9.66E-01
8.292	9.66E-01
8.292	9.66E-01
8.292	9.66E-01
8.293	9.66E-01
8.293	9.66E-01
8.294	9.66E-01
8.295	9.66E-01
8.295	9.66E-01
8.295	9.66E-01
8.296	9.66E-01
8.297	9.66E-01
8.297	9.66E-01
8.297	9.66E-01
8.298	9.66E-01
8.299	9.66E-01
8.299	9.66E-01
8.3	9.66E-01
8.3	9.66E-01
8.3	9.66E-01
8.301	9.66E-01
8.302	9.66E-01
8.302	9.66E-01
8.302	9.66E-01
8.303	9.66E-01
8.304	9.66E-01
8.304	9.66E-01
8.304	9.66E-01
8.305	9.66E-01
8.306	9.66E-01
8.306	9.66E-01
8.307	9.66E-01
8.307	9.66E-01
8.307	9.66E-01
8.308	9.66E-01
8.309	9.66E-01
8.309	9.66E-01
8.309	9.66E-01
8.31	9.66E-01
8.311	9.66E-01
8.311	9.66E-01
8.311	9.66E-01
8.312	9.66E-01
8.312	9.66E-01
8.313	9.66E-01
8.314	9.66E-01
8.314	9.66E-01
8.314	9.66E-01
8.315	9.66E-01
8.316	9.66E-01
8.316	9.66E-01
8.316	9.66E-01
8.317	9.66E-01
8.318	9.66E-01
8.318	9.66E-01
8.318	9.66E-01
8.319	9.66E-01
8.319	9.66E-01
8.32	9.66E-01
8.321	9.66E-01
8.321	9.66E-01
8.321	9.66E-01
8.322	9.66E-01
8.323	9.66E-01
8.323	9.66E-01
8.323	9.66E-01
8.324	9.66E-01
8.325	9.66E-01
8.325	9.66E-01
8.325	9.66E-01
8.326	9.66E-01
8.326	9.66E-01
8.327	9.66E-01
8.328	9.66E-01
8.328	9.66E-01
8.328	9.66E-01
8.329	9.66E-01
8.33	9.66E-01
8.33	9.66E-01
8.33	9.66E-01
8.331	9.66E-01
8.332	9.66E-01
8.332	9.66E-01
8.333	9.66E-01
8.333	9.66E-01
8.333	9.66E-01
8.334	9.66E-01
8.335	9.66E-01
8.335	9.66E-01
8.335	9.66E-01
8.336	9.66E-01
8.337	9.66E-01
8.337	9.66E-01
8.337	9.66E-01
8.338	9.66E-01
8.339	9.66E-01
8.339	9.66E-01
8.34	9.66E-01
8.34	9.66E-01
8.34	9.66E-01
8.341	9.66E-01
8.342	9.66E-01
8.342	9.66E-01
8.342	9.66E-01
8.343	9.66E-01
8.344	9.66E-01
8.344	9.66E-01
8.344	9.66E-01
8.345	9.66E-01
8.345	9.66E-01
8.346	9.66E-01
8.347	9.66E-01
8.347	9.66E-01
8.347	9.66E-01
8.348	9.66E-01
8.349	9.66E-01
8.349	9.66E-01
8.349	9.66E-01
8.35	9.66E-01
8.351	9.66E-01
8.351	9.66E-01
8.351	9.66E-01
8.352	9.66E-01
8.352	9.66E-01
8.353	9.66E-01
8.354	9.66E-01
8.354	9.66E-01
8.354	9.66E-01
8.355	9.66E-01
8.356	9.66E-01
8.356	9.66E-01
8.356	9.66E-01
8.357	9.66E-01
8.358	9.66E-01
8.358	9.66E-01
8.358	9.66E-01
8.359	9.66E-01
8.359	9.66E-01
8.36	9.66E-01
8.361	9.66E-01
8.361	9.66E-01
8.361	9.66E-01
8.362	9.66E-01
8.363	9.66E-01
8.363	9.66E-01
8.363	9.66E-01
8.364	9.66E-01
8.365	9.66E-01
8.365	9.66E-01
8.366	9.66E-01
8.366	9.66E-01
8.366	9.66E-01
8.367	9.66E-01
8.368	9.66E-01
8.368	9.66E-01
8.368	9.66E-01
8.369	9.66E-01
8.37	9.66E-01
8.37	9.66E-01
8.37	9.66E-01
8.371	9.66E-01
8.372	9.66E-01
8.372	9.66E-01
8.373	9.66E-01
8.373	9.66E-01
8.373	9.66E-01
8.374	9.66E-01
8.375	9.66E-01
8.375	9.66E-01
8.375	9.66E-01
8.376	9.66E-01
8.377	9.66E-01
8.377	9.66E-01
8.377	9.66E-01
8.378	9.66E-01
8.378	9.66E-01
8.379	9.66E-01
8.38	9.66E-01
8.38	9.66E-01
8.38	9.66E-01
8.381	9.66E-01
8.382	9.66E-01
8.382	9.66E-01
8.382	9.66E-01
8.383	9.66E-01
8.384	9.66E-01
8.384	9.66E-01
8.384	9.66E-01
8.385	9.66E-01
8.385	9.66E-01
8.386	9.66E-01
8.387	9.66E-01
8.387	9.66E-01
8.387	9.66E-01
8.388	9.66E-01
8.389	9.66E-01
8.389	9.66E-01
8.389	9.66E-01
8.39	9.66E-01
8.391	9.66E-01
8.391	9.66E-01
8.392	9.66E-01
8.392	9.66E-01
8.392	9.66E-01
8.393	9.66E-01
8.394	9.66E-01
8.394	9.66E-01
8.394	9.66E-01
8.395	9.66E-01
8.396	9.66E-01
8.396	9.66E-01
8.396	9.66E-01
8.397	9.66E-01
8.398	9.66E-01
8.398	9.66E-01
8.399	9.66E-01
8.399	9.66E-01
8.399	9.66E-01
8.4	9.66E-01
8.401	9.66E-01
8.401	9.66E-01
8.401	9.66E-01
8.402	9.66E-01
8.403	9.66E-01
8.403	9.66E-01
8.403	9.66E-01
8.404	9.66E-01
8.405	9.66E-01
8.405	9.66E-01
8.406	9.66E-01
8.406	9.66E-01
8.406	9.66E-01
8.407	9.66E-01
8.408	9.66E-01
8.408	9.66E-01
8.408	9.66E-01
8.409	9.66E-01
8.41	9.66E-01
8.41	9.66E-01
8.41	9.66E-01
8.411	9.66E-01
8.411	9.66E-01
8.412	9.66E-01
8.413	9.66E-01
8.413	9.66E-01
8.413	9.66E-01
8.414	9.66E-01
8.415	9.66E-01
8.415	9.66E-01
8.415	9.66E-01
8.416	9.66E-01
8.417	9.66E-01
8.417	9.66E-01
8.417	9.66E-01
8.418	9.66E-01
8.418	9.66E-01
8.419	9.66E-01
8.42	9.66E-01
8.42	9.66E-01
8.42	9.66E-01
8.421	9.66E-01
8.422	9.66E-01
8.422	9.66E-01
8.422	9.66E-01
8.423	9.66E-01
8.424	9.66E-01
8.424	9.66E-01
8.425	9.66E-01
8.425	9.66E-01
8.425	9.66E-01
8.426	9.66E-01
8.427	9.66E-01
8.427	9.66E-01
8.427	9.66E-01
8.428	9.66E-01
8.429	9.66E-01
8.429	9.66E-01
8.429	9.66E-01
8.43	9.66E-01
8.431	9.66E-01
8.431	9.66E-01
8.432	9.66E-01
8.432	9.66E-01
8.432	9.66E-01
8.433	9.66E-01
8.434	9.66E-01
8.434	9.66E-01
8.434	9.66E-01
8.435	9.66E-01
8.436	9.66E-01
8.436	9.66E-01
8.436	9.66E-01
8.437	9.66E-01
8.438	9.66E-01
8.438	9.66E-01
8.439	9.66E-01
8.439	9.66E-01
8.439	9.66E-01
8.44	9.66E-01
8.441	9.66E-01
8.441	9.66E-01
8.441	9.66E-01
8.442	9.66E-01
8.443	9.66E-01
8.443	9.66E-01
8.443	9.66E-01
8.444	9.66E-01
8.444	9.66E-01
8.445	9.66E-01
8.446	9.66E-01
8.446	9.66E-01
8.446	9.66E-01
8.447	9.66E-01
8.448	9.66E-01
8.448	9.66E-01
8.448	9.66E-01
8.449	9.66E-01
8.45	9.66E-01
8.45	9.66E-01
8.45	9.66E-01
8.451	9.66E-01
8.451	9.66E-01
8.452	9.66E-01
8.453	9.66E-01
8.453	9.66E-01
8.453	9.66E-01
8.454	9.66E-01
8.455	9.66E-01
8.455	9.66E-01
8.455	9.66E-01
8.456	9.66E-01
8.457	9.66E-01
8.457	9.66E-01
8.458	9.66E-01
8.458	9.66E-01
8.458	9.66E-01
8.459	9.66E-01
8.46	9.66E-01
8.46	9.66E-01
8.46	9.66E-01
8.461	9.66E-01
8.462	9.66E-01
8.462	9.66E-01
8.462	9.66E-01
8.463	9.66E-01
8.464	9.66E-01
8.464	9.66E-01
8.465	9.66E-01
8.465	9.66E-01
8.465	9.66E-01
8.466	9.66E-01
8.467	9.66E-01
8.467	9.66E-01
8.467	9.66E-01
8.468	9.66E-01
8.469	9.66E-01
8.469	9.66E-01
8.469	9.66E-01
8.47	9.66E-01
8.47	9.66E-01
8.471	9.66E-01
8.472	9.66E-01
8.472	9.66E-01
8.472	9.66E-01
8.473	9.66E-01
8.474	9.66E-01
8.474	9.66E-01
8.474	9.66E-01
8.475	9.66E-01
8.476	9.66E-01
8.476	9.66E-01
8.476	9.66E-01
8.477	9.66E-01
8.477	9.66E-01
8.478	9.66E-01
8.479	9.66E-01
8.479	9.66E-01
8.479	9.66E-01
8.48	9.66E-01
8.481	9.66E-01
8.481	9.66E-01
8.481	9.66E-01
8.482	9.66E-01
8.483	9.66E-01
8.483	9.66E-01
8.483	9.66E-01
8.484	9.66E-01
8.484	9.66E-01
8.485	9.66E-01
8.486	9.66E-01
8.486	9.66E-01
8.486	9.66E-01
8.487	9.66E-01
8.488	9.66E-01
8.488	9.66E-01
8.488	9.66E-01
8.489	9.66E-01
8.49	9.66E-01
8.49	9.66E-01
8.491	9.66E-01
8.491	9.66E-01
8.491	9.66E-01
8.492	9.66E-01
8.493	9.66E-01
8.493	9.66E-01
8.493	9.66E-01
8.494	9.66E-01
8.495	9.66E-01
8.495	9.66E-01
8.495	9.66E-01
8.496	9.66E-01
8.497	9.66E-01
8.497	9.66E-01
8.498	9.66E-01
8.498	9.66E-01
8.498	9.66E-01
8.499	9.66E-01
8.5	9.66E-01
8.5	9.66E-01
8.5	9.66E-01
8.501	9.66E-01
8.502	9.66E-01
8.502	9.66E-01
8.502	9.66E-01
8.503	9.66E-01
8.503	9.66E-01
8.504	9.66E-01
8.505	9.66E-01
8.505	9.66E-01
8.505	9.66E-01
8.506	9.66E-01
8.507	9.66E-01
8.507	9.66E-01
8.507	9.66E-01
8.508	9.66E-01
8.509	9.66E-01
8.509	9.66E-01
8.509	9.66E-01
8.51	9.66E-01
8.51	9.66E-01
8.511	9.66E-01
8.512	9.66E-01
8.512	9.66E-01
8.512	9.66E-01
8.513	9.66E-01
8.514	9.66E-01
8.514	9.66E-01
8.514	9.66E-01
8.515	9.66E-01
8.516	9.66E-01
8.516	9.66E-01
8.517	9.66E-01
8.517	9.66E-01
8.517	9.66E-01
8.518	9.66E-01
8.519	9.66E-01
8.519	9.66E-01
8.519	9.66E-01
8.52	9.66E-01
8.521	9.66E-01
8.521	9.66E-01
8.521	9.66E-01
8.522	9.66E-01
8.523	9.66E-01
8.523	9.66E-01
8.524	9.66E-01
8.524	9.66E-01
8.524	9.66E-01
8.525	9.66E-01
8.526	9.66E-01
8.526	9.66E-01
8.526	9.66E-01
8.527	9.66E-01
8.528	9.66E-01
8.528	9.66E-01
8.528	9.66E-01
8.529	9.66E-01
8.53	9.66E-01
8.53	9.66E-01
8.531	9.66E-01
8.531	9.66E-01
8.531	9.66E-01
8.532	9.66E-01
8.533	9.66E-01
8.533	9.66E-01
8.533	9.66E-01
8.534	9.66E-01
8.535	9.66E-01
8.535	9.66E-01
8.535	9.66E-01
8.536	9.66E-01
8.536	9.66E-01
8.537	9.66E-01
8.538	9.66E-01
8.538	9.66E-01
8.538	9.66E-01
8.539	9.66E-01
8.54	9.66E-01
8.54	9.66E-01
8.54	9.66E-01
8.541	9.66E-01
8.542	9.66E-01
8.542	9.66E-01
8.542	9.66E-01
8.543	9.66E-01
8.543	9.66E-01
8.544	9.66E-01
8.545	9.66E-01
8.545	9.66E-01
8.545	9.66E-01
8.546	9.66E-01
8.547	9.66E-01
8.547	9.66E-01
8.547	9.66E-01
8.548	9.66E-01
8.549	9.66E-01
8.549	9.66E-01
8.55	9.66E-01
8.55	9.66E-01
8.55	9.66E-01
8.551	9.66E-01
8.552	9.66E-01
8.552	9.66E-01
8.552	9.66E-01
8.553	9.66E-01
8.554	9.66E-01
8.554	9.66E-01
8.554	9.66E-01
8.555	9.66E-01
8.556	9.66E-01
8.556	9.66E-01
8.557	9.66E-01
8.557	9.66E-01
8.557	9.66E-01
8.558	9.66E-01
8.559	9.66E-01
8.559	9.66E-01
8.559	9.66E-01
8.56	9.66E-01
8.561	9.66E-01
8.561	9.66E-01
8.561	9.66E-01
8.562	9.66E-01
8.562	9.66E-01
8.563	9.66E-01
8.564	9.66E-01
8.564	9.66E-01
8.564	9.66E-01
8.565	9.66E-01
8.566	9.66E-01
8.566	9.66E-01
8.566	9.66E-01
8.567	9.66E-01
8.568	9.66E-01
8.568	9.66E-01
8.568	9.66E-01
8.569	9.66E-01
8.569	9.66E-01
8.57	9.66E-01
8.571	9.66E-01
8.571	9.66E-01
8.571	9.66E-01
8.572	9.66E-01
8.573	9.66E-01
8.573	9.66E-01
8.573	9.66E-01
8.574	9.66E-01
8.575	9.66E-01
8.575	9.66E-01
8.575	9.66E-01
8.576	9.66E-01
8.576	9.66E-01
8.577	9.66E-01
8.578	9.66E-01
8.578	9.66E-01
8.578	9.66E-01
8.579	9.66E-01
8.58	9.66E-01
8.58	9.66E-01
8.58	9.66E-01
8.581	9.66E-01
8.582	9.66E-01
8.582	9.66E-01
8.583	9.66E-01
8.583	9.66E-01
8.583	9.66E-01
8.584	9.66E-01
8.585	9.66E-01
8.585	9.66E-01
8.585	9.66E-01
8.586	9.66E-01
8.587	9.66E-01
8.587	9.66E-01
8.587	9.66E-01
8.588	9.66E-01
8.589	9.66E-01
8.589	9.66E-01
8.59	9.66E-01
8.59	9.66E-01
8.59	9.66E-01
8.591	9.66E-01
8.592	9.66E-01
8.592	9.66E-01
8.592	9.66E-01
8.593	9.66E-01
8.594	9.66E-01
8.594	9.66E-01
8.594	9.66E-01
8.595	9.66E-01
8.595	9.66E-01
8.596	9.66E-01
8.597	9.66E-01
8.597	9.66E-01
8.597	9.66E-01
8.598	9.66E-01
8.599	9.66E-01
8.599	9.66E-01
8.599	9.66E-01
8.6	9.66E-01
8.601	9.66E-01
8.601	9.66E-01
8.601	9.66E-01
8.602	9.66E-01
8.602	9.66E-01
8.603	9.66E-01
8.604	9.66E-01
8.604	9.66E-01
8.604	9.66E-01
8.605	9.66E-01
8.606	9.66E-01
8.606	9.66E-01
8.606	9.66E-01
8.607	9.66E-01
8.608	9.66E-01
8.608	9.66E-01
8.608	9.66E-01
8.609	9.66E-01
8.609	9.66E-01
8.61	9.66E-01
8.611	9.66E-01
8.611	9.66E-01
8.611	9.66E-01
8.612	9.66E-01
8.613	9.66E-01
8.613	9.66E-01
8.613	9.66E-01
8.614	9.66E-01
8.615	9.66E-01
8.615	9.66E-01
8.616	9.66E-01
8.616	9.66E-01
8.616	9.66E-01
8.617	9.66E-01
8.618	9.66E-01
8.618	9.66E-01
8.618	9.66E-01
8.619	9.66E-01
8.62	9.66E-01
8.62	9.66E-01
8.62	9.66E-01
8.621	9.66E-01
8.622	9.66E-01
8.622	9.66E-01
8.623	9.66E-01
8.623	9.66E-01
8.623	9.66E-01
8.624	9.66E-01
8.625	9.66E-01
8.625	9.66E-01
8.625	9.66E-01
8.626	9.66E-01
8.627	9.66E-01
8.627	9.66E-01
8.627	9.66E-01
8.628	9.66E-01
8.628	9.66E-01
8.629	9.66E-01
8.63	9.66E-01
8.63	9.66E-01
8.63	9.66E-01
8.631	9.66E-01
8.632	9.66E-01
8.632	9.66E-01
8.632	9.66E-01
8.633	9.66E-01
8.634	9.66E-01
8.634	9.66E-01
8.634	9.66E-01
8.635	9.66E-01
8.635	9.66E-01
8.636	9.66E-01
8.637	9.66E-01
8.637	9.66E-01
8.637	9.66E-01
8.638	9.66E-01
8.639	9.66E-01
8.639	9.66E-01
8.639	9.66E-01
8.64	9.66E-01
8.641	9.66E-01
8.641	9.66E-01
8.642	9.66E-01
8.642	9.66E-01
8.642	9.66E-01
8.643	9.66E-01
8.644	9.66E-01
8.644	9.66E-01
8.644	9.66E-01
8.645	9.66E-01
8.646	9.66E-01
8.646	9.66E-01
8.646	9.66E-01
8.647	9.66E-01
8.648	9.66E-01
8.648	9.66E-01
8.649	9.66E-01
8.649	9.66E-01
8.649	9.66E-01
8.65	9.66E-01
8.651	9.66E-01
8.651	9.66E-01
8.651	9.66E-01
8.652	9.66E-01
8.653	9.66E-01
8.653	9.66E-01
8.653	9.66E-01
8.654	9.66E-01
8.655	9.66E-01
8.655	9.66E-01
8.656	9.66E-01
8.656	9.66E-01
8.656	9.66E-01
8.657	9.66E-01
8.658	9.66E-01
8.658	9.66E-01
8.658	9.66E-01
8.659	9.66E-01
8.66	9.66E-01
8.66	9.66E-01
8.66	9.66E-01
8.661	9.66E-01
8.661	9.66E-01
8.662	9.66E-01
8.663	9.66E-01
8.663	9.66E-01
8.663	9.66E-01
8.664	9.66E-01
8.665	9.66E-01
8.665	9.66E-01
8.665	9.66E-01
8.666	9.66E-01
8.667	9.66E-01
8.667	9.66E-01
8.667	9.66E-01
8.668	9.66E-01
8.668	9.66E-01
8.669	9.66E-01
8.67	9.66E-01
8.67	9.66E-01
8.67	9.66E-01
8.671	9.66E-01
8.672	9.66E-01
8.672	9.66E-01
8.672	9.66E-01
8.673	9.66E-01
8.674	9.66E-01
8.674	9.66E-01
8.675	9.66E-01
8.675	9.66E-01
8.675	9.66E-01
8.676	9.66E-01
8.677	9.66E-01
8.677	9.66E-01
8.677	9.66E-01
8.678	9.66E-01
8.679	9.66E-01
8.679	9.66E-01
8.679	9.66E-01
8.68	9.66E-01
8.681	9.66E-01
8.681	9.66E-01
8.682	9.66E-01
8.682	9.66E-01
8.682	9.66E-01
8.683	9.66E-01
8.684	9.66E-01
8.684	9.66E-01
8.684	9.66E-01
8.685	9.66E-01
8.686	9.66E-01
8.686	9.66E-01
8.686	9.66E-01
8.687	9.66E-01
8.688	9.66E-01
8.688	9.66E-01
8.689	9.66E-01
8.689	9.66E-01
8.689	9.66E-01
8.69	9.66E-01
8.691	9.66E-01
8.691	9.66E-01
8.691	9.66E-01
8.692	9.66E-01
8.693	9.66E-01
8.693	9.66E-01
8.693	9.66E-01
8.694	9.66E-01
8.694	9.66E-01
8.695	9.66E-01
8.696	9.66E-01
8.696	9.66E-01
8.696	9.66E-01
8.697	9.66E-01
8.698	9.66E-01
8.698	9.66E-01
8.698	9.66E-01
8.699	9.66E-01
8.7	9.66E-01
8.7	9.66E-01
8.7	9.66E-01
8.701	9.66E-01
8.701	9.66E-01
8.702	9.66E-01
8.703	9.66E-01
8.703	9.66E-01
8.703	9.66E-01
8.704	9.66E-01
8.705	9.66E-01
8.705	9.66E-01
8.705	9.66E-01
8.706	9.66E-01
8.707	9.66E-01
8.707	9.66E-01
8.708	9.66E-01
8.708	9.66E-01
8.708	9.66E-01
8.709	9.66E-01
8.71	9.66E-01
8.71	9.66E-01
8.71	9.66E-01
8.711	9.66E-01
8.712	9.66E-01
8.712	9.66E-01
8.712	9.66E-01
8.713	9.66E-01
8.714	9.66E-01
8.714	9.66E-01
8.715	9.66E-01
8.715	9.66E-01
8.715	9.66E-01
8.716	9.66E-01
8.717	9.66E-01
8.717	9.66E-01
8.717	9.66E-01
8.718	9.66E-01
8.719	9.66E-01
8.719	9.66E-01
8.719	9.66E-01
8.72	9.66E-01
8.72	9.66E-01
8.721	9.66E-01
8.722	9.66E-01
8.722	9.66E-01
8.722	9.66E-01
8.723	9.66E-01
8.724	9.66E-01
8.724	9.66E-01
8.724	9.66E-01
8.725	9.66E-01
8.726	9.66E-01
8.726	9.66E-01
8.726	9.66E-01
8.727	9.66E-01
8.727	9.66E-01
8.728	9.66E-01
8.729	9.66E-01
8.729	9.66E-01
8.729	9.66E-01
8.73	9.66E-01
8.731	9.66E-01
8.731	9.66E-01
8.731	9.66E-01
8.732	9.66E-01
8.733	9.66E-01
8.733	9.66E-01
8.733	9.66E-01
8.734	9.66E-01
8.734	9.66E-01
8.735	9.66E-01
8.736	9.66E-01
8.736	9.66E-01
8.736	9.66E-01
8.737	9.66E-01
8.738	9.66E-01
8.738	9.66E-01
8.738	9.66E-01
8.739	9.66E-01
8.74	9.66E-01
8.74	9.66E-01
8.741	9.66E-01
8.741	9.66E-01
8.741	9.66E-01
8.742	9.66E-01
8.743	9.66E-01
8.743	9.66E-01
8.743	9.66E-01
8.744	9.66E-01
8.745	9.66E-01
8.745	9.66E-01
8.745	9.66E-01
8.746	9.66E-01
8.747	9.66E-01
8.747	9.66E-01
8.748	9.66E-01
8.748	9.66E-01
8.748	9.66E-01
8.749	9.66E-01
8.75	9.66E-01
8.75	9.66E-01
8.75	9.66E-01
8.751	9.66E-01
8.752	9.66E-01
8.752	9.66E-01
8.752	9.66E-01
8.753	9.66E-01
8.753	9.66E-01
8.754	9.66E-01
8.755	9.66E-01
8.755	9.66E-01
8.755	9.66E-01
8.756	9.66E-01
8.757	9.66E-01
8.757	9.66E-01
8.757	9.66E-01
8.758	9.66E-01
8.759	9.66E-01
8.759	9.66E-01
8.759	9.66E-01
8.76	9.66E-01
8.76	9.66E-01
8.761	9.66E-01
8.762	9.66E-01
8.762	9.66E-01
8.762	9.66E-01
8.763	9.66E-01
8.764	9.66E-01
8.764	9.66E-01
8.764	9.66E-01
8.765	9.66E-01
8.766	9.66E-01
8.766	9.66E-01
8.767	9.66E-01
8.767	9.66E-01
8.767	9.66E-01
8.768	9.66E-01
8.769	9.66E-01
8.769	9.66E-01
8.769	9.66E-01
8.77	9.66E-01
8.771	9.66E-01
8.771	9.66E-01
8.771	9.66E-01
8.772	9.66E-01
8.773	9.66E-01
8.773	9.66E-01
8.774	9.66E-01
8.774	9.66E-01
8.774	9.66E-01
8.775	9.66E-01
8.776	9.66E-01
8.776	9.66E-01
8.776	9.66E-01
8.777	9.66E-01
8.778	9.66E-01
8.778	9.66E-01
8.778	9.66E-01
8.779	9.66E-01
8.78	9.66E-01
8.78	9.66E-01
8.781	9.66E-01
8.781	9.66E-01
8.781	9.66E-01
8.782	9.66E-01
8.783	9.66E-01
8.783	9.66E-01
8.783	9.66E-01
8.784	9.66E-01
8.785	9.66E-01
8.785	9.66E-01
8.785	9.66E-01
8.786	9.66E-01
8.786	9.66E-01
8.787	9.66E-01
8.788	9.66E-01
8.788	9.66E-01
8.788	9.66E-01
8.789	9.66E-01
8.79	9.66E-01
8.79	9.66E-01
8.79	9.66E-01
8.791	9.66E-01
8.792	9.66E-01
8.792	9.66E-01
8.792	9.66E-01
8.793	9.66E-01
8.793	9.66E-01
8.794	9.66E-01
8.795	9.66E-01
8.795	9.66E-01
8.795	9.66E-01
8.796	9.66E-01
8.797	9.66E-01
8.797	9.66E-01
8.797	9.66E-01
8.798	9.66E-01
8.799	9.66E-01
8.799	9.66E-01
8.8	9.66E-01
8.8	9.66E-01
8.8	9.66E-01
8.801	9.66E-01
8.802	9.66E-01
8.802	9.66E-01
8.802	9.66E-01
8.803	9.66E-01
8.804	9.66E-01
8.804	9.66E-01
8.804	9.66E-01
8.805	9.66E-01
8.806	9.66E-01
8.806	9.66E-01
8.807	9.66E-01
8.807	9.66E-01
8.807	9.66E-01
8.808	9.66E-01
8.809	9.66E-01
8.809	9.66E-01
8.809	9.66E-01
8.81	9.66E-01
8.811	9.66E-01
8.811	9.66E-01
8.811	9.66E-01
8.812	9.66E-01
8.812	9.66E-01
8.813	9.66E-01
8.814	9.66E-01
8.814	9.66E-01
8.814	9.66E-01
8.815	9.66E-01
8.816	9.66E-01
8.816	9.66E-01
8.816	9.66E-01
8.817	9.66E-01
8.818	9.66E-01
8.818	9.66E-01
8.818	9.66E-01
8.819	9.66E-01
8.819	9.66E-01
8.82	9.66E-01
8.821	9.66E-01
8.821	9.66E-01
8.821	9.66E-01
8.822	9.66E-01
8.823	9.66E-01
8.823	9.66E-01
8.823	9.66E-01
8.824	9.66E-01
8.825	9.66E-01
8.825	9.66E-01
8.825	9.66E-01
8.826	9.66E-01
8.826	9.66E-01
8.827	9.66E-01
8.828	9.66E-01
8.828	9.66E-01
8.828	9.66E-01
8.829	9.66E-01
8.83	9.66E-01
8.83	9.66E-01
8.83	9.66E-01
8.831	9.66E-01
8.832	9.66E-01
8.832	9.66E-01
8.833	9.66E-01
8.833	9.66E-01
8.833	9.66E-01
8.834	9.66E-01
8.835	9.66E-01
8.835	9.66E-01
8.835	9.66E-01
8.836	9.66E-01
8.837	9.66E-01
8.837	9.66E-01
8.837	9.66E-01
8.838	9.66E-01
8.839	9.66E-01
8.839	9.66E-01
8.84	9.66E-01
8.84	9.66E-01
8.84	9.66E-01
8.841	9.66E-01
8.842	9.66E-01
8.842	9.66E-01
8.842	9.66E-01
8.843	9.66E-01
8.844	9.66E-01
8.844	9.66E-01
8.844	9.66E-01
8.845	9.66E-01
8.845	9.66E-01
8.846	9.66E-01
8.847	9.66E-01
8.847	9.66E-01
8.847	9.66E-01
8.848	9.66E-01
8.849	9.66E-01
8.849	9.66E-01
8.849	9.66E-01
8.85	9.66E-01
8.851	9.66E-01
8.851	9.66E-01
8.851	9.66E-01
8.852	9.66E-01
8.852	9.66E-01
8.853	9.66E-01
8.854	9.66E-01
8.854	9.66E-01
8.854	9.66E-01
8.855	9.66E-01
8.856	9.66E-01
8.856	9.66E-01
8.856	9.66E-01
8.857	9.66E-01
8.858	9.66E-01
8.858	9.66E-01
8.858	9.66E-01
8.859	9.66E-01
8.859	9.66E-01
8.86	9.66E-01
8.861	9.66E-01
8.861	9.66E-01
8.861	9.66E-01
8.862	9.66E-01
8.863	9.66E-01
8.863	9.66E-01
8.863	9.66E-01
8.864	9.66E-01
8.865	9.66E-01
8.865	9.66E-01
8.866	9.66E-01
8.866	9.66E-01
8.866	9.66E-01
8.867	9.66E-01
8.868	9.66E-01
8.868	9.66E-01
8.868	9.66E-01
8.869	9.66E-01
8.87	9.66E-01
8.87	9.66E-01
8.87	9.66E-01
8.871	9.66E-01
8.872	9.66E-01
8.872	9.66E-01
8.873	9.66E-01
8.873	9.66E-01
8.873	9.66E-01
8.874	9.66E-01
8.875	9.66E-01
8.875	9.66E-01
8.875	9.66E-01
8.876	9.66E-01
8.877	9.66E-01
8.877	9.66E-01
8.877	9.66E-01
8.878	9.66E-01
8.878	9.66E-01
8.879	9.66E-01
8.88	9.66E-01
8.88	9.66E-01
8.88	9.66E-01
8.881	9.66E-01
8.882	9.66E-01
8.882	9.66E-01
8.882	9.66E-01
8.883	9.66E-01
8.884	9.66E-01
8.884	9.66E-01
8.884	9.66E-01
8.885	9.66E-01
8.885	9.66E-01
8.886	9.66E-01
8.887	9.66E-01
8.887	9.66E-01
8.887	9.66E-01
8.888	9.66E-01
8.889	9.66E-01
8.889	9.66E-01
8.889	9.66E-01
8.89	9.66E-01
8.891	9.66E-01
8.891	9.66E-01
8.892	9.66E-01
8.892	9.66E-01
8.892	9.66E-01
8.893	9.66E-01
8.894	9.66E-01
8.894	9.66E-01
8.894	9.66E-01
8.895	9.66E-01
8.896	9.66E-01
8.896	9.66E-01
8.896	9.66E-01
8.897	9.66E-01
8.898	9.66E-01
8.898	9.66E-01
8.899	9.66E-01
8.899	9.66E-01
8.899	9.66E-01
8.9	9.66E-01
8.901	9.66E-01
8.901	9.66E-01
8.901	9.66E-01
8.902	9.66E-01
8.903	9.66E-01
8.903	9.66E-01
8.903	9.66E-01
8.904	9.66E-01
8.905	9.66E-01
8.905	9.66E-01
8.906	9.66E-01
8.906	9.66E-01
8.906	9.66E-01
8.907	9.66E-01
8.908	9.66E-01
8.908	9.66E-01
8.908	9.66E-01
8.909	9.66E-01
8.91	9.66E-01
8.91	9.66E-01
8.91	9.66E-01
8.911	9.66E-01
8.911	9.66E-01
8.912	9.66E-01
8.913	9.66E-01
8.913	9.66E-01
8.913	9.66E-01
8.914	9.66E-01
8.915	9.66E-01
8.915	9.66E-01
8.915	9.66E-01
8.916	9.66E-01
8.917	9.66E-01
8.917	9.66E-01
8.917	9.66E-01
8.918	9.66E-01
8.918	9.66E-01
8.919	9.66E-01
8.92	9.66E-01
8.92	9.66E-01
8.92	9.66E-01
8.921	9.66E-01
8.922	9.66E-01
8.922	9.66E-01
8.922	9.66E-01
8.923	9.66E-01
8.924	9.66E-01
8.924	9.66E-01
8.925	9.66E-01
8.925	9.66E-01
8.925	9.66E-01
8.926	9.66E-01
8.927	9.66E-01
8.927	9.66E-01
8.927	9.66E-01
8.928	9.66E-01
8.929	9.66E-01
8.929	9.66E-01
8.929	9.66E-01
8.93	9.66E-01
8.931	9.66E-01
8.931	9.66E-01
8.932	9.66E-01
8.932	9.66E-01
8.932	9.66E-01
8.933	9.66E-01
8.934	9.66E-01
8.934	9.66E-01
8.934	9.66E-01
8.935	9.66E-01
8.936	9.66E-01
8.936	9.66E-01
8.936	9.66E-01
8.937	9.66E-01
8.938	9.66E-01
8.938	9.66E-01
8.939	9.66E-01
8.939	9.66E-01
8.939	9.66E-01
8.94	9.66E-01
8.941	9.66E-01
8.941	9.66E-01
8.941	9.66E-01
8.942	9.66E-01
8.943	9.66E-01
8.943	9.66E-01
8.943	9.66E-01
8.944	9.66E-01
8.944	9.66E-01
8.945	9.66E-01
8.946	9.66E-01
8.946	9.66E-01
8.946	9.66E-01
8.947	9.66E-01
8.948	9.66E-01
8.948	9.66E-01
8.948	9.66E-01
8.949	9.66E-01
8.95	9.66E-01
8.95	9.66E-01
8.95	9.66E-01
8.951	9.66E-01
8.951	9.66E-01
8.952	9.66E-01
8.953	9.66E-01
8.953	9.66E-01
8.953	9.66E-01
8.954	9.66E-01
8.955	9.66E-01
8.955	9.66E-01
8.955	9.66E-01
8.956	9.66E-01
8.957	9.66E-01
8.957	9.66E-01
8.958	9.66E-01
8.958	9.66E-01
8.958	9.66E-01
8.959	9.66E-01
8.96	9.66E-01
8.96	9.66E-01
8.96	9.66E-01
8.961	9.66E-01
8.962	9.66E-01
8.962	9.66E-01
8.962	9.66E-01
8.963	9.66E-01
8.964	9.66E-01
8.964	9.66E-01
8.965	9.66E-01
8.965	9.66E-01
8.965	9.66E-01
8.966	9.66E-01
8.967	9.66E-01
8.967	9.66E-01
8.967	9.66E-01
8.968	9.66E-01
8.969	9.66E-01
8.969	9.66E-01
8.969	9.66E-01
8.97	9.66E-01
8.97	9.66E-01
8.971	9.66E-01
8.972	9.66E-01
8.972	9.66E-01
8.972	9.66E-01
8.973	9.66E-01
8.974	9.66E-01
8.974	9.66E-01
8.974	9.66E-01
8.975	9.66E-01
8.976	9.66E-01
8.976	9.66E-01
8.976	9.66E-01
8.977	9.66E-01
8.977	9.66E-01
8.978	9.66E-01
8.979	9.66E-01
8.979	9.66E-01
8.979	9.66E-01
8.98	9.66E-01
8.981	9.66E-01
8.981	9.66E-01
8.981	9.66E-01
8.982	9.66E-01
8.983	9.66E-01
8.983	9.66E-01
8.983	9.66E-01
8.984	9.66E-01
8.984	9.66E-01
8.985	9.66E-01
8.986	9.66E-01
8.986	9.66E-01
8.986	9.66E-01
8.987	9.66E-01
8.988	9.66E-01
8.988	9.66E-01
8.988	9.66E-01
8.989	9.66E-01
8.99	9.66E-01
8.99	9.66E-01
8.991	9.66E-01
8.991	9.66E-01
8.991	9.66E-01
8.992	9.66E-01
8.993	9.66E-01
8.993	9.66E-01
8.993	9.66E-01
8.994	9.66E-01
8.995	9.66E-01
8.995	9.66E-01
8.995	9.66E-01
8.996	9.66E-01
8.997	9.66E-01
8.997	9.66E-01
8.998	9.66E-01
8.998	9.66E-01
8.998	9.66E-01
8.999	9.66E-01
9	9.66E-01
9	9.66E-01
9	9.66E-01
9.001	9.66E-01
9.002	9.66E-01
9.002	9.66E-01
9.002	9.66E-01
9.003	9.66E-01
9.003	9.66E-01
9.004	9.66E-01
9.005	9.66E-01
9.005	9.66E-01
9.005	9.66E-01
9.006	9.66E-01
9.007	9.66E-01
9.007	9.66E-01
9.007	9.66E-01
9.008	9.66E-01
9.009	9.66E-01
9.009	9.66E-01
9.009	9.66E-01
9.01	9.66E-01
9.01	9.66E-01
9.011	9.66E-01
9.012	9.66E-01
9.012	9.66E-01
9.012	9.66E-01
9.013	9.66E-01
9.014	9.66E-01
9.014	9.66E-01
9.014	9.66E-01
9.015	9.66E-01
9.016	9.66E-01
9.016	9.66E-01
9.017	9.66E-01
9.017	9.66E-01
9.017	9.66E-01
9.018	9.66E-01
9.019	9.66E-01
9.019	9.66E-01
9.019	9.66E-01
9.02	9.66E-01
9.021	9.66E-01
9.021	9.66E-01
9.021	9.66E-01
9.022	9.66E-01
9.023	9.66E-01
9.023	9.66E-01
9.024	9.66E-01
9.024	9.66E-01
9.024	9.66E-01
9.025	9.66E-01
9.026	9.66E-01
9.026	9.66E-01
9.026	9.66E-01
9.027	9.66E-01
9.028	9.66E-01
9.028	9.66E-01
9.028	9.66E-01
9.029	9.66E-01
9.03	9.66E-01
9.03	9.66E-01
9.031	9.66E-01
9.031	9.66E-01
9.031	9.66E-01
9.032	9.66E-01
9.033	9.66E-01
9.033	9.66E-01
9.033	9.66E-01
9.034	9.66E-01
9.035	9.66E-01
9.035	9.66E-01
9.035	9.66E-01
9.036	9.66E-01
9.036	9.66E-01
9.037	9.66E-01
9.038	9.66E-01
9.038	9.66E-01
9.038	9.66E-01
9.039	9.66E-01
9.04	9.66E-01
9.04	9.66E-01
9.04	9.66E-01
9.041	9.66E-01
9.042	9.66E-01
9.042	9.66E-01
9.042	9.66E-01
9.043	9.66E-01
9.043	9.66E-01
9.044	9.66E-01
9.045	9.66E-01
9.045	9.66E-01
9.045	9.66E-01
9.046	9.66E-01
9.047	9.66E-01
9.047	9.66E-01
9.047	9.66E-01
9.048	9.66E-01
9.049	9.66E-01
9.049	9.66E-01
9.05	9.66E-01
9.05	9.66E-01
9.05	9.66E-01
9.051	9.66E-01
9.052	9.66E-01
9.052	9.66E-01
9.052	9.66E-01
9.053	9.66E-01
9.054	9.66E-01
9.054	9.66E-01
9.054	9.66E-01
9.055	9.66E-01
9.056	9.66E-01
9.056	9.66E-01
9.057	9.66E-01
9.057	9.66E-01
9.057	9.66E-01
9.058	9.66E-01
9.059	9.66E-01
9.059	9.66E-01
9.059	9.66E-01
9.06	9.66E-01
9.061	9.66E-01
9.061	9.66E-01
9.061	9.66E-01
9.062	9.66E-01
9.062	9.66E-01
9.063	9.66E-01
9.064	9.66E-01
9.064	9.66E-01
9.064	9.66E-01
9.065	9.66E-01
9.066	9.66E-01
9.066	9.66E-01
9.066	9.66E-01
9.067	9.66E-01
9.068	9.66E-01
9.068	9.66E-01
9.068	9.66E-01
9.069	9.66E-01
9.069	9.66E-01
9.07	9.66E-01
9.071	9.66E-01
9.071	9.66E-01
9.071	9.66E-01
9.072	9.66E-01
9.073	9.66E-01
9.073	9.66E-01
9.073	9.66E-01
9.074	9.66E-01
9.075	9.66E-01
9.075	9.66E-01
9.075	9.66E-01
9.076	9.66E-01
9.076	9.66E-01
9.077	9.66E-01
9.078	9.66E-01
9.078	9.66E-01
9.078	9.66E-01
9.079	9.66E-01
9.08	9.66E-01
9.08	9.66E-01
9.08	9.66E-01
9.081	9.66E-01
9.082	9.66E-01
9.082	9.66E-01
9.083	9.66E-01
9.083	9.66E-01
9.083	9.66E-01
9.084	9.66E-01
9.085	9.66E-01
9.085	9.66E-01
9.085	9.66E-01
9.086	9.66E-01
9.087	9.66E-01
9.087	9.66E-01
9.087	9.66E-01
9.088	9.66E-01
9.089	9.66E-01
9.089	9.66E-01
9.09	9.66E-01
9.09	9.66E-01
9.09	9.66E-01
9.091	9.66E-01
9.092	9.66E-01
9.092	9.66E-01
9.092	9.66E-01
9.093	9.66E-01
9.094	9.66E-01
9.094	9.66E-01
9.094	9.66E-01
9.095	9.66E-01
9.095	9.66E-01
9.096	9.66E-01
9.097	9.66E-01
9.097	9.66E-01
9.097	9.66E-01
9.098	9.66E-01
9.099	9.66E-01
9.099	9.66E-01
9.099	9.66E-01
9.1	9.66E-01
9.101	9.66E-01
9.101	9.66E-01
9.101	9.66E-01
9.102	9.66E-01
9.102	9.66E-01
9.103	9.66E-01
9.104	9.66E-01
9.104	9.66E-01
9.104	9.66E-01
9.105	9.66E-01
9.106	9.66E-01
9.106	9.66E-01
9.106	9.66E-01
9.107	9.66E-01
9.108	9.66E-01
9.108	9.66E-01
9.108	9.66E-01
9.109	9.66E-01
9.109	9.66E-01
9.11	9.66E-01
9.111	9.66E-01
9.111	9.66E-01
9.111	9.66E-01
9.112	9.66E-01
9.113	9.66E-01
9.113	9.66E-01
9.113	9.66E-01
9.114	9.66E-01
9.115	9.66E-01
9.115	9.66E-01
9.116	9.66E-01
9.116	9.66E-01
9.116	9.66E-01
9.117	9.66E-01
9.118	9.66E-01
9.118	9.66E-01
9.118	9.66E-01
9.119	9.66E-01
9.12	9.66E-01
9.12	9.66E-01
9.12	9.66E-01
9.121	9.66E-01
9.122	9.66E-01
9.122	9.66E-01
9.123	9.66E-01
9.123	9.66E-01
9.123	9.66E-01
9.124	9.66E-01
9.125	9.66E-01
9.125	9.66E-01
9.125	9.66E-01
9.126	9.66E-01
9.127	9.66E-01
9.127	9.66E-01
9.127	9.66E-01
9.128	9.66E-01
9.128	9.66E-01
9.129	9.66E-01
9.13	9.66E-01
9.13	9.66E-01
9.13	9.66E-01
9.131	9.66E-01
9.132	9.66E-01
9.132	9.66E-01
9.132	9.66E-01
9.133	9.66E-01
9.134	9.66E-01
9.134	9.66E-01
9.134	9.66E-01
9.135	9.66E-01
9.135	9.66E-01
9.136	9.66E-01
9.137	9.66E-01
9.137	9.66E-01
9.137	9.66E-01
9.138	9.66E-01
9.139	9.66E-01
9.139	9.66E-01
9.139	9.66E-01
9.14	9.66E-01
9.141	9.66E-01
9.141	9.66E-01
9.142	9.66E-01
9.142	9.66E-01
9.142	9.66E-01
9.143	9.66E-01
9.144	9.66E-01
9.144	9.66E-01
9.144	9.66E-01
9.145	9.66E-01
9.146	9.66E-01
9.146	9.66E-01
9.146	9.66E-01
9.147	9.66E-01
9.148	9.66E-01
9.148	9.66E-01
9.149	9.66E-01
9.149	9.66E-01
9.149	9.66E-01
9.15	9.66E-01
9.151	9.66E-01
9.151	9.66E-01
9.151	9.66E-01
9.152	9.66E-01
9.153	9.66E-01
9.153	9.66E-01
9.153	9.66E-01
9.154	9.66E-01
9.155	9.66E-01
9.155	9.66E-01
9.156	9.66E-01
9.156	9.66E-01
9.156	9.66E-01
9.157	9.66E-01
9.158	9.66E-01
9.158	9.66E-01
9.158	9.66E-01
9.159	9.66E-01
9.16	9.66E-01
9.16	9.66E-01
9.16	9.66E-01
9.161	9.66E-01
9.161	9.66E-01
9.162	9.66E-01
9.163	9.66E-01
9.163	9.66E-01
9.163	9.66E-01
9.164	9.66E-01
9.165	9.66E-01
9.165	9.66E-01
9.165	9.66E-01
9.166	9.66E-01
9.167	9.66E-01
9.167	9.66E-01
9.167	9.66E-01
9.168	9.66E-01
9.168	9.66E-01
9.169	9.66E-01
9.17	9.66E-01
9.17	9.66E-01
9.17	9.66E-01
9.171	9.66E-01
9.172	9.66E-01
9.172	9.66E-01
9.172	9.66E-01
9.173	9.66E-01
9.174	9.66E-01
9.174	9.66E-01
9.175	9.66E-01
9.175	9.66E-01
9.175	9.66E-01
9.176	9.66E-01
9.177	9.66E-01
9.177	9.66E-01
9.177	9.66E-01
9.178	9.66E-01
9.179	9.66E-01
9.179	9.66E-01
9.179	9.66E-01
9.18	9.66E-01
9.181	9.66E-01
9.181	9.66E-01
9.182	9.66E-01
9.182	9.66E-01
9.182	9.66E-01
9.183	9.66E-01
9.184	9.66E-01
9.184	9.66E-01
9.184	9.66E-01
9.185	9.66E-01
9.186	9.66E-01
9.186	9.66E-01
9.186	9.66E-01
9.187	9.66E-01
9.188	9.66E-01
9.188	9.66E-01
9.189	9.66E-01
9.189	9.66E-01
9.189	9.66E-01
9.19	9.66E-01
9.191	9.66E-01
9.191	9.66E-01
9.191	9.66E-01
9.192	9.66E-01
9.193	9.66E-01
9.193	9.66E-01
9.193	9.66E-01
9.194	9.66E-01
9.194	9.66E-01
9.195	9.66E-01
9.196	9.66E-01
9.196	9.66E-01
9.196	9.66E-01
9.197	9.66E-01
9.198	9.66E-01
9.198	9.66E-01
9.198	9.66E-01
9.199	9.66E-01
9.2	9.66E-01
9.2	9.66E-01
9.2	9.66E-01
9.201	9.66E-01
9.201	9.66E-01
9.202	9.66E-01
9.203	9.66E-01
9.203	9.66E-01
9.203	9.66E-01
9.204	9.66E-01
9.205	9.66E-01
9.205	9.66E-01
9.205	9.66E-01
9.206	9.66E-01
9.207	9.66E-01
9.207	9.66E-01
9.208	9.66E-01
9.208	9.66E-01
9.208	9.66E-01
9.209	9.66E-01
9.21	9.66E-01
9.21	9.66E-01
9.21	9.66E-01
9.211	9.66E-01
9.212	9.66E-01
9.212	9.66E-01
9.212	9.66E-01
9.213	9.66E-01
9.214	9.66E-01
9.214	9.66E-01
9.215	9.66E-01
9.215	9.66E-01
9.215	9.66E-01
9.216	9.66E-01
9.217	9.66E-01
9.217	9.66E-01
9.217	9.66E-01
9.218	9.66E-01
9.219	9.66E-01
9.219	9.66E-01
9.219	9.66E-01
9.22	9.66E-01
9.22	9.66E-01
9.221	9.66E-01
9.222	9.66E-01
9.222	9.66E-01
9.222	9.66E-01
9.223	9.66E-01
9.224	9.66E-01
9.224	9.66E-01
9.224	9.66E-01
9.225	9.66E-01
9.226	9.66E-01
9.226	9.66E-01
9.226	9.66E-01
9.227	9.66E-01
9.227	9.66E-01
9.228	9.66E-01
9.229	9.66E-01
9.229	9.66E-01
9.229	9.66E-01
9.23	9.66E-01
9.231	9.66E-01
9.231	9.66E-01
9.231	9.66E-01
9.232	9.66E-01
9.233	9.66E-01
9.233	9.66E-01
9.233	9.66E-01
9.234	9.66E-01
9.234	9.66E-01
9.235	9.66E-01
9.236	9.66E-01
9.236	9.66E-01
9.236	9.66E-01
9.237	9.66E-01
9.238	9.66E-01
9.238	9.66E-01
9.238	9.66E-01
9.239	9.66E-01
9.24	9.66E-01
9.24	9.66E-01
9.241	9.66E-01
9.241	9.66E-01
9.241	9.66E-01
9.242	9.66E-01
9.243	9.66E-01
9.243	9.66E-01
9.243	9.66E-01
9.244	9.66E-01
9.245	9.66E-01
9.245	9.66E-01
9.245	9.66E-01
9.246	9.66E-01
9.247	9.66E-01
9.247	9.66E-01
9.248	9.66E-01
9.248	9.66E-01
9.248	9.66E-01
9.249	9.66E-01
9.25	9.66E-01
9.25	9.66E-01
9.25	9.66E-01
9.251	9.66E-01
9.252	9.66E-01
9.252	9.66E-01
9.252	9.66E-01
9.253	9.66E-01
9.253	9.66E-01
9.254	9.66E-01
9.255	9.66E-01
9.255	9.66E-01
9.255	9.66E-01
9.256	9.66E-01
9.257	9.66E-01
9.257	9.66E-01
9.257	9.66E-01
9.258	9.66E-01
9.259	9.66E-01
9.259	9.66E-01
9.259	9.66E-01
9.26	9.66E-01
9.26	9.66E-01
9.261	9.66E-01
9.262	9.66E-01
9.262	9.66E-01
9.262	9.66E-01
9.263	9.66E-01
9.264	9.66E-01
9.264	9.66E-01
9.264	9.66E-01
9.265	9.66E-01
9.266	9.66E-01
9.266	9.66E-01
9.267	9.66E-01
9.267	9.66E-01
9.267	9.66E-01
9.268	9.66E-01
9.269	9.66E-01
9.269	9.66E-01
9.269	9.66E-01
9.27	9.66E-01
9.271	9.66E-01
9.271	9.66E-01
9.271	9.66E-01
9.272	9.66E-01
9.273	9.66E-01
9.273	9.66E-01
9.274	9.66E-01
9.274	9.66E-01
9.274	9.66E-01
9.275	9.66E-01
9.276	9.66E-01
9.276	9.66E-01
9.276	9.66E-01
9.277	9.66E-01
9.278	9.66E-01
9.278	9.66E-01
9.278	9.66E-01
9.279	9.66E-01
9.28	9.66E-01
9.28	9.66E-01
9.281	9.66E-01
9.281	9.66E-01
9.281	9.66E-01
9.282	9.66E-01
9.283	9.66E-01
9.283	9.66E-01
9.283	9.66E-01
9.284	9.66E-01
9.285	9.66E-01
9.285	9.66E-01
9.285	9.66E-01
9.286	9.66E-01
9.286	9.66E-01
9.287	9.66E-01
9.288	9.66E-01
9.288	9.66E-01
9.288	9.66E-01
9.289	9.66E-01
9.29	9.66E-01
9.29	9.66E-01
9.29	9.66E-01
9.291	9.66E-01
9.292	9.66E-01
9.292	9.66E-01
9.292	9.66E-01
9.293	9.66E-01
9.293	9.66E-01
9.294	9.66E-01
9.295	9.66E-01
9.295	9.66E-01
9.295	9.66E-01
9.296	9.66E-01
9.297	9.66E-01
9.297	9.66E-01
9.297	9.66E-01
9.298	9.66E-01
9.299	9.66E-01
9.299	9.66E-01
9.3	9.66E-01
9.3	9.66E-01
9.3	9.66E-01
9.301	9.66E-01
9.302	9.66E-01
9.302	9.66E-01
9.302	9.66E-01
9.303	9.66E-01
9.304	9.66E-01
9.304	9.66E-01
9.304	9.66E-01
9.305	9.66E-01
9.306	9.66E-01
9.306	9.66E-01
9.307	9.66E-01
9.307	9.66E-01
9.307	9.66E-01
9.308	9.66E-01
9.309	9.66E-01
9.309	9.66E-01
9.309	9.66E-01
9.31	9.66E-01
9.311	9.66E-01
9.311	9.66E-01
9.311	9.66E-01
9.312	9.66E-01
9.312	9.66E-01
9.313	9.66E-01
9.314	9.66E-01
9.314	9.66E-01
9.314	9.66E-01
9.315	9.66E-01
9.316	9.66E-01
9.316	9.66E-01
9.316	9.66E-01
9.317	9.66E-01
9.318	9.66E-01
9.318	9.66E-01
9.318	9.66E-01
9.319	9.66E-01
9.319	9.66E-01
9.32	9.66E-01
9.321	9.66E-01
9.321	9.66E-01
9.321	9.66E-01
9.322	9.66E-01
9.323	9.66E-01
9.323	9.66E-01
9.323	9.66E-01
9.324	9.66E-01
9.325	9.66E-01
9.325	9.66E-01
9.325	9.66E-01
9.326	9.66E-01
9.326	9.66E-01
9.327	9.66E-01
9.328	9.66E-01
9.328	9.66E-01
9.328	9.66E-01
9.329	9.66E-01
9.33	9.66E-01
9.33	9.66E-01
9.33	9.66E-01
9.331	9.66E-01
9.332	9.66E-01
9.332	9.66E-01
9.333	9.66E-01
9.333	9.66E-01
9.333	9.66E-01
9.334	9.66E-01
9.335	9.66E-01
9.335	9.66E-01
9.335	9.66E-01
9.336	9.66E-01
9.337	9.66E-01
9.337	9.66E-01
9.337	9.66E-01
9.338	9.66E-01
9.339	9.66E-01
9.339	9.66E-01
9.34	9.66E-01
9.34	9.66E-01
9.34	9.66E-01
9.341	9.66E-01
9.342	9.66E-01
9.342	9.66E-01
9.342	9.66E-01
9.343	9.66E-01
9.344	9.66E-01
9.344	9.66E-01
9.344	9.66E-01
9.345	9.66E-01
9.345	9.66E-01
9.346	9.66E-01
9.347	9.66E-01
9.347	9.66E-01
9.347	9.66E-01
9.348	9.66E-01
9.349	9.66E-01
9.349	9.66E-01
9.349	9.66E-01
9.35	9.66E-01
9.351	9.66E-01
9.351	9.66E-01
9.351	9.66E-01
9.352	9.66E-01
9.352	9.66E-01
9.353	9.66E-01
9.354	9.66E-01
9.354	9.66E-01
9.354	9.66E-01
9.355	9.66E-01
9.356	9.66E-01
9.356	9.66E-01
9.356	9.66E-01
9.357	9.66E-01
9.358	9.66E-01
9.358	9.66E-01
9.358	9.66E-01
9.359	9.66E-01
9.359	9.66E-01
9.36	9.66E-01
9.361	9.66E-01
9.361	9.66E-01
9.361	9.66E-01
9.362	9.66E-01
9.363	9.66E-01
9.363	9.66E-01
9.363	9.66E-01
9.364	9.66E-01
9.365	9.66E-01
9.365	9.66E-01
9.366	9.66E-01
9.366	9.66E-01
9.366	9.66E-01
9.367	9.66E-01
9.368	9.66E-01
9.368	9.66E-01
9.368	9.66E-01
9.369	9.66E-01
9.37	9.66E-01
9.37	9.66E-01
9.37	9.66E-01
9.371	9.66E-01
9.372	9.66E-01
9.372	9.66E-01
9.373	9.66E-01
9.373	9.66E-01
9.373	9.66E-01
9.374	9.66E-01
9.375	9.66E-01
9.375	9.66E-01
9.375	9.66E-01
9.376	9.66E-01
9.377	9.66E-01
9.377	9.66E-01
9.377	9.66E-01
9.378	9.66E-01
9.378	9.66E-01
9.379	9.66E-01
9.38	9.66E-01
9.38	9.66E-01
9.38	9.66E-01
9.381	9.66E-01
9.382	9.66E-01
9.382	9.66E-01
9.382	9.66E-01
9.383	9.66E-01
9.384	9.66E-01
9.384	9.66E-01
9.384	9.66E-01
9.385	9.66E-01
9.385	9.66E-01
9.386	9.66E-01
9.387	9.66E-01
9.387	9.66E-01
9.387	9.66E-01
9.388	9.66E-01
9.389	9.66E-01
9.389	9.66E-01
9.389	9.66E-01
9.39	9.66E-01
9.391	9.66E-01
9.391	9.66E-01
9.392	9.66E-01
9.392	9.66E-01
9.392	9.66E-01
9.393	9.66E-01
9.394	9.66E-01
9.394	9.66E-01
9.394	9.66E-01
9.395	9.66E-01
9.396	9.66E-01
9.396	9.66E-01
9.396	9.66E-01
9.397	9.66E-01
9.398	9.66E-01
9.398	9.66E-01
9.399	9.66E-01
9.399	9.66E-01
9.399	9.66E-01
9.4	9.66E-01
9.401	9.66E-01
9.401	9.66E-01
9.401	9.66E-01
9.402	9.66E-01
9.403	9.66E-01
9.403	9.66E-01
9.403	9.66E-01
9.404	9.66E-01
9.405	9.66E-01
9.405	9.66E-01
9.406	9.66E-01
9.406	9.66E-01
9.406	9.66E-01
9.407	9.66E-01
9.408	9.66E-01
9.408	9.66E-01
9.408	9.66E-01
9.409	9.66E-01
9.41	9.66E-01
9.41	9.66E-01
9.41	9.66E-01
9.411	9.66E-01
9.411	9.66E-01
9.412	9.66E-01
9.413	9.66E-01
9.413	9.66E-01
9.413	9.66E-01
9.414	9.66E-01
9.415	9.66E-01
9.415	9.66E-01
9.415	9.66E-01
9.416	9.66E-01
9.417	9.66E-01
9.417	9.66E-01
9.417	9.66E-01
9.418	9.66E-01
9.418	9.66E-01
9.419	9.66E-01
9.42	9.66E-01
9.42	9.66E-01
9.42	9.66E-01
9.421	9.66E-01
9.422	9.66E-01
9.422	9.66E-01
9.422	9.66E-01
9.423	9.66E-01
9.424	9.66E-01
9.424	9.66E-01
9.425	9.66E-01
9.425	9.66E-01
9.425	9.66E-01
9.426	9.66E-01
9.427	9.66E-01
9.427	9.66E-01
9.427	9.66E-01
9.428	9.66E-01
9.429	9.66E-01
9.429	9.66E-01
9.429	9.66E-01
9.43	9.66E-01
9.431	9.66E-01
9.431	9.66E-01
9.432	9.66E-01
9.432	9.66E-01
9.432	9.66E-01
9.433	9.66E-01
9.434	9.66E-01
9.434	9.66E-01
9.434	9.66E-01
9.435	9.66E-01
9.436	9.66E-01
9.436	9.66E-01
9.436	9.66E-01
9.437	9.66E-01
9.438	9.66E-01
9.438	9.66E-01
9.439	9.66E-01
9.439	9.66E-01
9.439	9.66E-01
9.44	9.66E-01
9.441	9.66E-01
9.441	9.66E-01
9.441	9.66E-01
9.442	9.66E-01
9.443	9.66E-01
9.443	9.66E-01
9.443	9.66E-01
9.444	9.66E-01
9.444	9.66E-01
9.445	9.66E-01
9.446	9.66E-01
9.446	9.66E-01
9.446	9.66E-01
9.447	9.66E-01
9.448	9.66E-01
9.448	9.66E-01
9.448	9.66E-01
9.449	9.66E-01
9.45	9.66E-01
9.45	9.66E-01
9.45	9.66E-01
9.451	9.66E-01
9.451	9.66E-01
9.452	9.66E-01
9.453	9.66E-01
9.453	9.66E-01
9.453	9.66E-01
9.454	9.66E-01
9.455	9.66E-01
9.455	9.66E-01
9.455	9.66E-01
9.456	9.66E-01
9.457	9.66E-01
9.457	9.66E-01
9.458	9.66E-01
9.458	9.66E-01
9.458	9.66E-01
9.459	9.66E-01
9.46	9.66E-01
9.46	9.66E-01
9.46	9.66E-01
9.461	9.66E-01
9.462	9.66E-01
9.462	9.66E-01
9.462	9.66E-01
9.463	9.66E-01
9.464	9.66E-01
9.464	9.66E-01
9.465	9.66E-01
9.465	9.66E-01
9.465	9.66E-01
9.466	9.66E-01
9.467	9.66E-01
9.467	9.66E-01
9.467	9.66E-01
9.468	9.66E-01
9.469	9.66E-01
9.469	9.66E-01
9.469	9.66E-01
9.47	9.66E-01
9.47	9.66E-01
9.471	9.66E-01
9.472	9.66E-01
9.472	9.66E-01
9.472	9.66E-01
9.473	9.66E-01
9.474	9.66E-01
9.474	9.66E-01
9.474	9.66E-01
9.475	9.66E-01
9.476	9.66E-01
9.476	9.66E-01
9.476	9.66E-01
9.477	9.66E-01
9.477	9.66E-01
9.478	9.66E-01
9.479	9.66E-01
9.479	9.66E-01
9.479	9.66E-01
9.48	9.66E-01
9.481	9.66E-01
9.481	9.66E-01
9.481	9.66E-01
9.482	9.66E-01
9.483	9.66E-01
9.483	9.66E-01
9.483	9.66E-01
9.484	9.66E-01
9.484	9.66E-01
9.485	9.66E-01
9.486	9.66E-01
9.486	9.66E-01
9.486	9.66E-01
9.487	9.66E-01
9.488	9.66E-01
9.488	9.66E-01
9.488	9.66E-01
9.489	9.66E-01
9.49	9.66E-01
9.49	9.66E-01
9.491	9.66E-01
9.491	9.66E-01
9.491	9.66E-01
9.492	9.66E-01
9.493	9.66E-01
9.493	9.66E-01
9.493	9.66E-01
9.494	9.66E-01
9.495	9.66E-01
9.495	9.66E-01
9.495	9.66E-01
9.496	9.66E-01
9.497	9.66E-01
9.497	9.66E-01
9.498	9.66E-01
9.498	9.66E-01
9.498	9.66E-01
9.499	9.66E-01
9.5	9.66E-01
9.5	9.66E-01
9.5	9.66E-01
9.501	9.66E-01
9.502	9.66E-01
9.502	9.66E-01
9.502	9.66E-01
9.503	9.66E-01
9.503	9.66E-01
9.504	9.66E-01
9.505	9.66E-01
9.505	9.66E-01
9.505	9.66E-01
9.506	9.66E-01
9.507	9.66E-01
9.507	9.66E-01
9.507	9.66E-01
9.508	9.66E-01
9.509	9.66E-01
9.509	9.66E-01
9.509	9.66E-01
9.51	9.66E-01
9.51	9.66E-01
9.511	9.66E-01
9.512	9.66E-01
9.512	9.66E-01
9.512	9.66E-01
9.513	9.66E-01
9.514	9.66E-01
9.514	9.66E-01
9.514	9.66E-01
9.515	9.66E-01
9.516	9.66E-01
9.516	9.66E-01
9.517	9.66E-01
9.517	9.66E-01
9.517	9.66E-01
9.518	9.66E-01
9.519	9.66E-01
9.519	9.66E-01
9.519	9.66E-01
9.52	9.66E-01
9.521	9.66E-01
9.521	9.66E-01
9.521	9.66E-01
9.522	9.66E-01
9.523	9.66E-01
9.523	9.66E-01
9.524	9.66E-01
9.524	9.66E-01
9.524	9.66E-01
9.525	9.66E-01
9.526	9.66E-01
9.526	9.66E-01
9.526	9.66E-01
9.527	9.66E-01
9.528	9.66E-01
9.528	9.66E-01
9.528	9.66E-01
9.529	9.66E-01
9.53	9.66E-01
9.53	9.66E-01
9.531	9.66E-01
9.531	9.66E-01
9.531	9.66E-01
9.532	9.66E-01
9.533	9.66E-01
9.533	9.66E-01
9.533	9.66E-01
9.534	9.66E-01
9.535	9.66E-01
9.535	9.66E-01
9.535	9.66E-01
9.536	9.66E-01
9.536	9.66E-01
9.537	9.66E-01
9.538	9.66E-01
9.538	9.66E-01
9.538	9.66E-01
9.539	9.66E-01
9.54	9.66E-01
9.54	9.66E-01
9.54	9.66E-01
9.541	9.66E-01
9.542	9.66E-01
9.542	9.66E-01
9.542	9.66E-01
9.543	9.66E-01
9.543	9.66E-01
9.544	9.66E-01
9.545	9.66E-01
9.545	9.66E-01
9.545	9.66E-01
9.546	9.66E-01
9.547	9.66E-01
9.547	9.66E-01
9.547	9.66E-01
9.548	9.66E-01
9.549	9.66E-01
9.549	9.66E-01
9.55	9.66E-01
9.55	9.66E-01
9.55	9.66E-01
9.551	9.66E-01
9.552	9.66E-01
9.552	9.66E-01
9.552	9.66E-01
9.553	9.66E-01
9.554	9.66E-01
9.554	9.66E-01
9.554	9.66E-01
9.555	9.66E-01
9.556	9.66E-01
9.556	9.66E-01
9.557	9.66E-01
9.557	9.66E-01
9.557	9.66E-01
9.558	9.66E-01
9.559	9.66E-01
9.559	9.66E-01
9.559	9.66E-01
9.56	9.66E-01
9.561	9.66E-01
9.561	9.66E-01
9.561	9.66E-01
9.562	9.66E-01
9.562	9.66E-01
9.563	9.66E-01
9.564	9.66E-01
9.564	9.66E-01
9.564	9.66E-01
9.565	9.66E-01
9.566	9.66E-01
9.566	9.66E-01
9.566	9.66E-01
9.567	9.66E-01
9.568	9.66E-01
9.568	9.66E-01
9.568	9.66E-01
9.569	9.66E-01
9.569	9.66E-01
9.57	9.66E-01
9.571	9.66E-01
9.571	9.66E-01
9.571	9.66E-01
9.572	9.66E-01
9.573	9.66E-01
9.573	9.66E-01
9.573	9.66E-01
9.574	9.66E-01
9.575	9.66E-01
9.575	9.66E-01
9.575	9.66E-01
9.576	9.66E-01
9.576	9.66E-01
9.577	9.66E-01
9.578	9.66E-01
9.578	9.66E-01
9.578	9.66E-01
9.579	9.66E-01
9.58	9.66E-01
9.58	9.66E-01
9.58	9.66E-01
9.581	9.66E-01
9.582	9.66E-01
9.582	9.66E-01
9.583	9.66E-01
9.583	9.66E-01
9.583	9.66E-01
9.584	9.66E-01
9.585	9.66E-01
9.585	9.66E-01
9.585	9.66E-01
9.586	9.66E-01
9.587	9.66E-01
9.587	9.66E-01
9.587	9.66E-01
9.588	9.66E-01
9.589	9.66E-01
9.589	9.66E-01
9.59	9.66E-01
9.59	9.66E-01
9.59	9.66E-01
9.591	9.66E-01
9.592	9.66E-01
9.592	9.66E-01
9.592	9.66E-01
9.593	9.66E-01
9.594	9.66E-01
9.594	9.66E-01
9.594	9.66E-01
9.595	9.66E-01
9.595	9.66E-01
9.596	9.66E-01
9.597	9.66E-01
9.597	9.66E-01
9.597	9.66E-01
9.598	9.66E-01
9.599	9.66E-01
9.599	9.66E-01
9.599	9.66E-01
9.6	9.66E-01
9.601	9.66E-01
9.601	9.66E-01
9.601	9.66E-01
9.602	9.66E-01
9.602	9.66E-01
9.603	9.66E-01
9.604	9.66E-01
9.604	9.66E-01
9.604	9.66E-01
9.605	9.66E-01
9.606	9.66E-01
9.606	9.66E-01
9.606	9.66E-01
9.607	9.66E-01
9.608	9.66E-01
9.608	9.66E-01
9.608	9.66E-01
9.609	9.66E-01
9.609	9.66E-01
9.61	9.66E-01
9.611	9.66E-01
9.611	9.66E-01
9.611	9.66E-01
9.612	9.66E-01
9.613	9.66E-01
9.613	9.66E-01
9.613	9.66E-01
9.614	9.66E-01
9.615	9.66E-01
9.615	9.66E-01
9.616	9.66E-01
9.616	9.66E-01
9.616	9.66E-01
9.617	9.66E-01
9.618	9.66E-01
9.618	9.66E-01
9.618	9.66E-01
9.619	9.66E-01
9.62	9.66E-01
9.62	9.66E-01
9.62	9.66E-01
9.621	9.66E-01
9.622	9.66E-01
9.622	9.66E-01
9.623	9.66E-01
9.623	9.66E-01
9.623	9.66E-01
9.624	9.66E-01
9.625	9.66E-01
9.625	9.66E-01
9.625	9.66E-01
9.626	9.66E-01
9.627	9.66E-01
9.627	9.66E-01
9.627	9.66E-01
9.628	9.66E-01
9.628	9.66E-01
9.629	9.66E-01
9.63	9.66E-01
9.63	9.66E-01
9.63	9.66E-01
9.631	9.66E-01
9.632	9.66E-01
9.632	9.66E-01
9.632	9.66E-01
9.633	9.66E-01
9.634	9.66E-01
9.634	9.66E-01
9.634	9.66E-01
9.635	9.66E-01
9.635	9.66E-01
9.636	9.66E-01
9.637	9.66E-01
9.637	9.66E-01
9.637	9.66E-01
9.638	9.66E-01
9.639	9.66E-01
9.639	9.66E-01
9.639	9.66E-01
9.64	9.66E-01
9.641	9.66E-01
9.641	9.66E-01
9.642	9.66E-01
9.642	9.66E-01
9.642	9.66E-01
9.643	9.66E-01
9.644	9.66E-01
9.644	9.66E-01
9.644	9.66E-01
9.645	9.66E-01
9.646	9.66E-01
9.646	9.66E-01
9.646	9.66E-01
9.647	9.66E-01
9.648	9.66E-01
9.648	9.66E-01
9.649	9.66E-01
9.649	9.66E-01
9.649	9.66E-01
9.65	9.66E-01
9.651	9.66E-01
9.651	9.66E-01
9.651	9.66E-01
9.652	9.66E-01
9.653	9.66E-01
9.653	9.66E-01
9.653	9.66E-01
9.654	9.66E-01
9.655	9.66E-01
9.655	9.66E-01
9.656	9.66E-01
9.656	9.66E-01
9.656	9.66E-01
9.657	9.66E-01
9.658	9.66E-01
9.658	9.66E-01
9.658	9.66E-01
9.659	9.66E-01
9.66	9.66E-01
9.66	9.66E-01
9.66	9.66E-01
9.661	9.66E-01
9.661	9.66E-01
9.662	9.66E-01
9.663	9.66E-01
9.663	9.66E-01
9.663	9.66E-01
9.664	9.66E-01
9.665	9.66E-01
9.665	9.66E-01
9.665	9.66E-01
9.666	9.66E-01
9.667	9.66E-01
9.667	9.66E-01
9.667	9.66E-01
9.668	9.66E-01
9.668	9.66E-01
9.669	9.66E-01
9.67	9.66E-01
9.67	9.66E-01
9.67	9.66E-01
9.671	9.66E-01
9.672	9.66E-01
9.672	9.66E-01
9.672	9.66E-01
9.673	9.66E-01
9.674	9.66E-01
9.674	9.66E-01
9.675	9.66E-01
9.675	9.66E-01
9.675	9.66E-01
9.676	9.66E-01
9.677	9.66E-01
9.677	9.66E-01
9.677	9.66E-01
9.678	9.66E-01
9.679	9.66E-01
9.679	9.66E-01
9.679	9.66E-01
9.68	9.66E-01
9.681	9.66E-01
9.681	9.66E-01
9.682	9.66E-01
9.682	9.66E-01
9.682	9.66E-01
9.683	9.66E-01
9.684	9.66E-01
9.684	9.66E-01
9.684	9.66E-01
9.685	9.66E-01
9.686	9.66E-01
9.686	9.66E-01
9.686	9.66E-01
9.687	9.66E-01
9.688	9.66E-01
9.688	9.66E-01
9.689	9.66E-01
9.689	9.66E-01
9.689	9.66E-01
9.69	9.66E-01
9.691	9.66E-01
9.691	9.66E-01
9.691	9.66E-01
9.692	9.66E-01
9.693	9.66E-01
9.693	9.66E-01
9.693	9.66E-01
9.694	9.66E-01
9.694	9.66E-01
9.695	9.66E-01
9.696	9.66E-01
9.696	9.66E-01
9.696	9.66E-01
9.697	9.66E-01
9.698	9.66E-01
9.698	9.66E-01
9.698	9.66E-01
9.699	9.66E-01
9.7	9.66E-01
9.7	9.66E-01
9.7	9.66E-01
9.701	9.66E-01
9.701	9.66E-01
9.702	9.66E-01
9.703	9.66E-01
9.703	9.66E-01
9.703	9.66E-01
9.704	9.66E-01
9.705	9.66E-01
9.705	9.66E-01
9.705	9.66E-01
9.706	9.66E-01
9.707	9.66E-01
9.707	9.66E-01
9.708	9.66E-01
9.708	9.66E-01
9.708	9.66E-01
9.709	9.66E-01
9.71	9.66E-01
9.71	9.66E-01
9.71	9.66E-01
9.711	9.66E-01
9.712	9.66E-01
9.712	9.66E-01
9.712	9.66E-01
9.713	9.66E-01
9.714	9.66E-01
9.714	9.66E-01
9.715	9.66E-01
9.715	9.66E-01
9.715	9.66E-01
9.716	9.66E-01
9.717	9.66E-01
9.717	9.66E-01
9.717	9.66E-01
9.718	9.66E-01
9.719	9.66E-01
9.719	9.66E-01
9.719	9.66E-01
9.72	9.66E-01
9.72	9.66E-01
9.721	9.66E-01
9.722	9.66E-01
9.722	9.66E-01
9.722	9.66E-01
9.723	9.66E-01
9.724	9.66E-01
9.724	9.66E-01
9.724	9.66E-01
9.725	9.66E-01
9.726	9.66E-01
9.726	9.66E-01
9.726	9.66E-01
9.727	9.66E-01
9.727	9.66E-01
9.728	9.66E-01
9.729	9.66E-01
9.729	9.66E-01
9.729	9.66E-01
9.73	9.66E-01
9.731	9.66E-01
9.731	9.66E-01
9.731	9.66E-01
9.732	9.66E-01
9.733	9.66E-01
9.733	9.66E-01
9.733	9.66E-01
9.734	9.66E-01
9.734	9.66E-01
9.735	9.66E-01
9.736	9.66E-01
9.736	9.66E-01
9.736	9.66E-01
9.737	9.66E-01
9.738	9.66E-01
9.738	9.66E-01
9.738	9.66E-01
9.739	9.66E-01
9.74	9.66E-01
9.74	9.66E-01
9.741	9.66E-01
9.741	9.66E-01
9.741	9.66E-01
9.742	9.66E-01
9.743	9.66E-01
9.743	9.66E-01
9.743	9.66E-01
9.744	9.66E-01
9.745	9.66E-01
9.745	9.66E-01
9.745	9.66E-01
9.746	9.66E-01
9.747	9.66E-01
9.747	9.66E-01
9.748	9.66E-01
9.748	9.66E-01
9.748	9.66E-01
9.749	9.66E-01
9.75	9.66E-01
9.75	9.66E-01
9.75	9.66E-01
9.751	9.66E-01
9.752	9.66E-01
9.752	9.66E-01
9.752	9.66E-01
9.753	9.66E-01
9.753	9.66E-01
9.754	9.66E-01
9.755	9.66E-01
9.755	9.66E-01
9.755	9.66E-01
9.756	9.66E-01
9.757	9.66E-01
9.757	9.66E-01
9.757	9.66E-01
9.758	9.66E-01
9.759	9.66E-01
9.759	9.66E-01
9.759	9.66E-01
9.76	9.66E-01
9.76	9.66E-01
9.761	9.66E-01
9.762	9.66E-01
9.762	9.66E-01
9.762	9.66E-01
9.763	9.66E-01
9.764	9.66E-01
9.764	9.66E-01
9.764	9.66E-01
9.765	9.66E-01
9.766	9.66E-01
9.766	9.66E-01
9.767	9.66E-01
9.767	9.66E-01
9.767	9.66E-01
9.768	9.66E-01
9.769	9.66E-01
9.769	9.66E-01
9.769	9.66E-01
9.77	9.66E-01
9.771	9.66E-01
9.771	9.66E-01
9.771	9.66E-01
9.772	9.66E-01
9.773	9.66E-01
9.773	9.66E-01
9.774	9.66E-01
9.774	9.66E-01
9.774	9.66E-01
9.775	9.66E-01
9.776	9.66E-01
9.776	9.66E-01
9.776	9.66E-01
9.777	9.66E-01
9.778	9.66E-01
9.778	9.66E-01
9.778	9.66E-01
9.779	9.66E-01
9.78	9.66E-01
9.78	9.66E-01
9.781	9.66E-01
9.781	9.66E-01
9.781	9.66E-01
9.782	9.66E-01
9.783	9.66E-01
9.783	9.66E-01
9.783	9.66E-01
9.784	9.66E-01
9.785	9.66E-01
9.785	9.66E-01
9.785	9.66E-01
9.786	9.66E-01
9.786	9.66E-01
9.787	9.66E-01
9.788	9.66E-01
9.788	9.66E-01
9.788	9.66E-01
9.789	9.66E-01
9.79	9.66E-01
9.79	9.66E-01
9.79	9.66E-01
9.791	9.66E-01
9.792	9.66E-01
9.792	9.66E-01
9.792	9.66E-01
9.793	9.66E-01
9.793	9.66E-01
9.794	9.66E-01
9.795	9.66E-01
9.795	9.66E-01
9.795	9.66E-01
9.796	9.66E-01
9.797	9.66E-01
9.797	9.66E-01
9.797	9.66E-01
9.798	9.66E-01
9.799	9.66E-01
9.799	9.66E-01
9.8	9.66E-01
9.8	9.66E-01
9.8	9.66E-01
9.801	9.66E-01
9.802	9.66E-01
9.802	9.66E-01
9.802	9.66E-01
9.803	9.66E-01
9.804	9.66E-01
9.804	9.66E-01
9.804	9.66E-01
9.805	9.66E-01
9.806	9.66E-01
9.806	9.66E-01
9.807	9.66E-01
9.807	9.66E-01
9.807	9.66E-01
9.808	9.66E-01
9.809	9.66E-01
9.809	9.66E-01
9.809	9.66E-01
9.81	9.66E-01
9.811	9.66E-01
9.811	9.66E-01
9.811	9.66E-01
9.812	9.66E-01
9.812	9.66E-01
9.813	9.66E-01
9.814	9.66E-01
9.814	9.66E-01
9.814	9.66E-01
9.815	9.66E-01
9.816	9.66E-01
9.816	9.66E-01
9.816	9.66E-01
9.817	9.66E-01
9.818	9.66E-01
9.818	9.66E-01
9.818	9.66E-01
9.819	9.66E-01
9.819	9.66E-01
9.82	9.66E-01
9.821	9.66E-01
9.821	9.66E-01
9.821	9.66E-01
9.822	9.66E-01
9.823	9.66E-01
9.823	9.66E-01
9.823	9.66E-01
9.824	9.66E-01
9.825	9.66E-01
9.825	9.66E-01
9.825	9.66E-01
9.826	9.66E-01
9.826	9.66E-01
9.827	9.66E-01
9.828	9.66E-01
9.828	9.66E-01
9.828	9.66E-01
9.829	9.66E-01
9.83	9.66E-01
9.83	9.66E-01
9.83	9.66E-01
9.831	9.66E-01
9.832	9.66E-01
9.832	9.66E-01
9.833	9.66E-01
9.833	9.66E-01
9.833	9.66E-01
9.834	9.66E-01
9.835	9.66E-01
9.835	9.66E-01
9.835	9.66E-01
9.836	9.66E-01
9.837	9.66E-01
9.837	9.66E-01
9.837	9.66E-01
9.838	9.66E-01
9.839	9.66E-01
9.839	9.66E-01
9.84	9.66E-01
9.84	9.66E-01
9.84	9.66E-01
9.841	9.66E-01
9.842	9.66E-01
9.842	9.66E-01
9.842	9.66E-01
9.843	9.66E-01
9.844	9.66E-01
9.844	9.66E-01
9.844	9.66E-01
9.845	9.66E-01
9.845	9.66E-01
9.846	9.66E-01
9.847	9.66E-01
9.847	9.66E-01
9.847	9.66E-01
9.848	9.66E-01
9.849	9.66E-01
9.849	9.66E-01
9.849	9.66E-01
9.85	9.66E-01
9.851	9.66E-01
9.851	9.66E-01
9.851	9.66E-01
9.852	9.66E-01
9.852	9.66E-01
9.853	9.66E-01
9.854	9.66E-01
9.854	9.66E-01
9.854	9.66E-01
9.855	9.66E-01
9.856	9.66E-01
9.856	9.66E-01
9.856	9.66E-01
9.857	9.66E-01
9.858	9.66E-01
9.858	9.66E-01
9.858	9.66E-01
9.859	9.66E-01
9.859	9.66E-01
9.86	9.66E-01
9.861	9.66E-01
9.861	9.66E-01
9.861	9.66E-01
9.862	9.66E-01
9.863	9.66E-01
9.863	9.66E-01
9.863	9.66E-01
9.864	9.66E-01
9.865	9.66E-01
9.865	9.66E-01
9.866	9.66E-01
9.866	9.66E-01
9.866	9.66E-01
9.867	9.66E-01
9.868	9.66E-01
9.868	9.66E-01
9.868	9.66E-01
9.869	9.66E-01
9.87	9.66E-01
9.87	9.66E-01
9.87	9.66E-01
9.871	9.66E-01
9.872	9.66E-01
9.872	9.66E-01
9.873	9.66E-01
9.873	9.66E-01
9.873	9.66E-01
9.874	9.66E-01
9.875	9.66E-01
9.875	9.66E-01
9.875	9.66E-01
9.876	9.66E-01
9.877	9.66E-01
9.877	9.66E-01
9.877	9.66E-01
9.878	9.66E-01
9.878	9.66E-01
9.879	9.66E-01
9.88	9.66E-01
9.88	9.66E-01
9.88	9.66E-01
9.881	9.66E-01
9.882	9.66E-01
9.882	9.66E-01
9.882	9.66E-01
9.883	9.66E-01
9.884	9.66E-01
9.884	9.66E-01
9.884	9.66E-01
9.885	9.66E-01
9.885	9.66E-01
9.886	9.66E-01
9.887	9.66E-01
9.887	9.66E-01
9.887	9.66E-01
9.888	9.66E-01
9.889	9.66E-01
9.889	9.66E-01
9.889	9.66E-01
9.89	9.66E-01
9.891	9.66E-01
9.891	9.66E-01
9.892	9.66E-01
9.892	9.66E-01
9.892	9.66E-01
9.893	9.66E-01
9.894	9.66E-01
9.894	9.66E-01
9.894	9.66E-01
9.895	9.66E-01
9.896	9.66E-01
9.896	9.66E-01
9.896	9.66E-01
9.897	9.66E-01
9.898	9.66E-01
9.898	9.66E-01
9.899	9.66E-01
9.899	9.66E-01
9.899	9.66E-01
9.9	9.66E-01
9.901	9.66E-01
9.901	9.66E-01
9.901	9.66E-01
9.902	9.66E-01
9.903	9.66E-01
9.903	9.66E-01
9.903	9.66E-01
9.904	9.66E-01
9.905	9.66E-01
9.905	9.66E-01
9.906	9.66E-01
9.906	9.66E-01
9.906	9.66E-01
9.907	9.66E-01
9.908	9.66E-01
9.908	9.66E-01
9.908	9.66E-01
9.909	9.66E-01
9.91	9.66E-01
9.91	9.66E-01
9.91	9.66E-01
9.911	9.66E-01
9.911	9.66E-01
9.912	9.66E-01
9.913	9.66E-01
9.913	9.66E-01
9.913	9.66E-01
9.914	9.66E-01
9.915	9.66E-01
9.915	9.66E-01
9.915	9.66E-01
9.916	9.66E-01
9.917	9.66E-01
9.917	9.66E-01
9.917	9.66E-01
9.918	9.66E-01
9.918	9.66E-01
9.919	9.66E-01
9.92	9.66E-01
9.92	9.66E-01
9.92	9.66E-01
9.921	9.66E-01
9.922	9.66E-01
9.922	9.66E-01
9.922	9.66E-01
9.923	9.66E-01
9.924	9.66E-01
9.924	9.66E-01
9.925	9.66E-01
9.925	9.66E-01
9.925	9.66E-01
9.926	9.66E-01
9.927	9.66E-01
9.927	9.66E-01
9.927	9.66E-01
9.928	9.66E-01
9.929	9.66E-01
9.929	9.66E-01
9.929	9.66E-01
9.93	9.66E-01
9.931	9.66E-01
9.931	9.66E-01
9.932	9.66E-01
9.932	9.66E-01
9.932	9.66E-01
9.933	9.66E-01
9.934	9.66E-01
9.934	9.66E-01
9.934	9.66E-01
9.935	9.66E-01
9.936	9.66E-01
9.936	9.66E-01
9.936	9.66E-01
9.937	9.66E-01
9.938	9.66E-01
9.938	9.66E-01
9.939	9.66E-01
9.939	9.66E-01
9.939	9.66E-01
9.94	9.66E-01
9.941	9.66E-01
9.941	9.66E-01
9.941	9.66E-01
9.942	9.66E-01
9.943	9.66E-01
9.943	9.66E-01
9.943	9.66E-01
9.944	9.66E-01
9.944	9.66E-01
9.945	9.66E-01
9.946	9.66E-01
9.946	9.66E-01
9.946	9.66E-01
9.947	9.66E-01
9.948	9.66E-01
9.948	9.66E-01
9.948	9.66E-01
9.949	9.66E-01
9.95	9.66E-01
9.95	9.66E-01
9.95	9.66E-01
9.951	9.66E-01
9.951	9.66E-01
9.952	9.66E-01
9.953	9.66E-01
9.953	9.66E-01
9.953	9.66E-01
9.954	9.66E-01
9.955	9.66E-01
9.955	9.66E-01
9.955	9.66E-01
9.956	9.66E-01
9.957	9.66E-01
9.957	9.66E-01
9.958	9.66E-01
9.958	9.66E-01
9.958	9.66E-01
9.959	9.66E-01
9.96	9.66E-01
9.96	9.66E-01
9.96	9.66E-01
9.961	9.66E-01
9.962	9.66E-01
9.962	9.66E-01
9.962	9.66E-01
9.963	9.66E-01
9.964	9.66E-01
9.964	9.66E-01
9.965	9.66E-01
9.965	9.66E-01
9.965	9.66E-01
9.966	9.66E-01
9.967	9.66E-01
9.967	9.66E-01
9.967	9.66E-01
9.968	9.66E-01
9.969	9.66E-01
9.969	9.66E-01
9.969	9.66E-01
9.97	9.66E-01
9.97	9.66E-01
9.971	9.66E-01
9.972	9.66E-01
9.972	9.66E-01
9.972	9.66E-01
9.973	9.66E-01
9.974	9.66E-01
9.974	9.66E-01
9.974	9.66E-01
9.975	9.66E-01
9.976	9.66E-01
9.976	9.66E-01
9.976	9.66E-01
9.977	9.66E-01
9.977	9.66E-01
9.978	9.66E-01
9.979	9.66E-01
9.979	9.66E-01
9.979	9.66E-01
9.98	9.66E-01
9.981	9.66E-01
9.981	9.66E-01
9.981	9.66E-01
9.982	9.66E-01
9.983	9.66E-01
9.983	9.66E-01
9.983	9.66E-01
9.984	9.66E-01
9.984	9.66E-01
9.985	9.66E-01
9.986	9.66E-01
9.986	9.66E-01
9.986	9.66E-01
9.987	9.66E-01
9.988	9.66E-01
9.988	9.66E-01
9.988	9.66E-01
9.989	9.66E-01
9.99	9.66E-01
9.99	9.66E-01
9.991	9.66E-01
9.991	9.66E-01
9.991	9.66E-01
9.992	9.66E-01
9.993	9.66E-01
9.993	9.66E-01
9.993	9.66E-01
9.994	9.66E-01
9.995	9.66E-01
9.995	9.66E-01
9.995	9.66E-01
9.996	9.66E-01
9.997	9.66E-01
9.997	9.66E-01
9.998	9.66E-01
9.998	9.66E-01
9.998	9.66E-01
9.999	9.66E-01
10	9.66E-01
10	9.66E-01
10	9.66E-01
10	9.66E-01
10	9.66E-01
10	9.66E-01
10	9.66E-01
10	9.66E-01
10	9.66E-01
10	9.66E-01
10	9.66E-01
10.01	9.66E-01
10.01	9.66E-01
10.01	9.66E-01
10.01	9.66E-01
10.01	9.66E-01
10.01	9.66E-01
10.01	9.66E-01
10.01	9.66E-01
10.01	9.66E-01
10.01	9.66E-01
10.01	9.66E-01
10.01	9.66E-01
10.01	9.66E-01
10.01	9.66E-01
10.01	9.66E-01
10.01	9.66E-01
10.01	9.66E-01
10.01	9.66E-01
10.01	9.66E-01
10.01	9.66E-01
10.02	9.66E-01
10.02	9.66E-01
10.02	9.66E-01
10.02	9.66E-01
10.02	9.66E-01
10.02	9.66E-01
10.02	9.66E-01
10.02	9.66E-01
10.02	9.66E-01
10.02	9.66E-01
10.02	9.66E-01
10.02	9.66E-01
10.02	9.66E-01
10.02	9.66E-01
10.02	9.66E-01
10.02	9.66E-01
10.02	9.66E-01
10.02	9.66E-01
10.02	9.66E-01
10.02	9.66E-01
10.02	9.66E-01
10.03	9.66E-01
10.03	9.66E-01
10.03	9.66E-01
10.03	9.66E-01
10.03	9.66E-01
10.03	9.66E-01
10.03	9.66E-01
10.03	9.66E-01
10.03	9.66E-01
10.03	9.66E-01
10.03	9.66E-01
10.03	9.66E-01
10.03	9.66E-01
10.03	9.66E-01
10.03	9.66E-01
10.03	9.66E-01
10.03	9.66E-01
10.03	9.66E-01
10.03	9.66E-01
10.03	9.66E-01
10.04	9.66E-01
10.04	9.66E-01
10.04	9.66E-01
10.04	9.66E-01
10.04	9.66E-01
10.04	9.66E-01
10.04	9.66E-01
10.04	9.66E-01
10.04	9.66E-01
10.04	9.66E-01
10.04	9.66E-01
10.04	9.66E-01
10.04	9.66E-01
10.04	9.66E-01
10.04	9.66E-01
10.04	9.66E-01
10.04	9.66E-01
10.04	9.66E-01
10.04	9.66E-01
10.05	9.66E-01
10.05	9.66E-01
10.05	9.66E-01
10.05	9.66E-01
10.05	9.66E-01
10.05	9.66E-01
10.05	9.66E-01
10.05	9.66E-01
10.05	9.66E-01
10.05	9.66E-01
10.05	9.66E-01
10.05	9.66E-01
10.05	9.66E-01
10.05	9.66E-01
10.05	9.66E-01
10.05	9.66E-01
10.05	9.66E-01
10.05	9.66E-01
10.05	9.66E-01
10.05	9.66E-01
10.06	9.66E-01
10.06	9.66E-01
10.06	9.66E-01
10.06	9.66E-01
10.06	9.66E-01
10.06	9.66E-01
10.06	9.66E-01
10.06	9.66E-01
10.06	9.66E-01
10.06	9.66E-01
10.06	9.66E-01
10.06	9.66E-01
10.06	9.66E-01
10.06	9.66E-01
10.06	9.66E-01
10.06	9.66E-01
10.06	9.66E-01
10.06	9.66E-01
10.06	9.66E-01
10.06	9.66E-01
10.06	9.66E-01
10.07	9.66E-01
10.07	9.66E-01
10.07	9.66E-01
10.07	9.66E-01
10.07	9.66E-01
10.07	9.66E-01
10.07	9.66E-01
10.07	9.66E-01
10.07	9.66E-01
10.07	9.66E-01
10.07	9.66E-01
10.07	9.66E-01
10.07	9.66E-01
10.07	9.66E-01
10.07	9.66E-01
10.07	9.66E-01
10.07	9.66E-01
10.07	9.66E-01
10.07	9.66E-01
10.07	9.66E-01
10.08	9.66E-01
10.08	9.66E-01
10.08	9.66E-01
10.08	9.66E-01
10.08	9.66E-01
10.08	9.66E-01
10.08	9.66E-01
10.08	9.66E-01
10.08	9.66E-01
10.08	9.66E-01
10.08	9.66E-01
10.08	9.66E-01
10.08	9.66E-01
10.08	9.66E-01
10.08	9.66E-01
10.08	9.66E-01
10.08	9.66E-01
10.08	9.66E-01
10.08	9.66E-01
10.09	9.66E-01
10.09	9.66E-01
10.09	9.66E-01
10.09	9.66E-01
10.09	9.66E-01
10.09	9.66E-01
10.09	9.66E-01
10.09	9.66E-01
10.09	9.66E-01
10.09	9.66E-01
10.09	9.66E-01
10.09	9.66E-01
10.09	9.66E-01
10.09	9.66E-01
10.09	9.66E-01
10.09	9.66E-01
10.09	9.66E-01
10.09	9.66E-01
10.09	9.66E-01
10.09	9.66E-01
10.1	9.66E-01
10.1	9.66E-01
10.1	9.66E-01
10.1	9.66E-01
10.1	9.66E-01
10.1	9.66E-01
10.1	9.66E-01
10.1	9.66E-01
10.1	9.66E-01
10.1	9.66E-01
10.1	9.66E-01
10.1	9.66E-01
10.1	9.66E-01
10.1	9.66E-01
10.1	9.66E-01
10.1	9.66E-01
10.1	9.66E-01
10.1	9.66E-01
10.1	9.66E-01
10.1	9.66E-01
10.1	9.66E-01
10.11	9.66E-01
10.11	9.66E-01
10.11	9.66E-01
10.11	9.66E-01
10.11	9.66E-01
10.11	9.66E-01
10.11	9.66E-01
10.11	9.66E-01
10.11	9.66E-01
10.11	9.66E-01
10.11	9.66E-01
10.11	9.66E-01
10.11	9.66E-01
10.11	9.66E-01
10.11	9.66E-01
10.11	9.66E-01
10.11	9.66E-01
10.11	9.66E-01
10.11	9.66E-01
10.11	9.66E-01
10.12	9.66E-01
10.12	9.66E-01
10.12	9.66E-01
10.12	9.66E-01
10.12	9.66E-01
10.12	9.66E-01
10.12	9.66E-01
10.12	9.66E-01
10.12	9.66E-01
10.12	9.66E-01
10.12	9.66E-01
10.12	9.66E-01
10.12	9.66E-01
10.12	9.66E-01
10.12	9.66E-01
10.12	9.66E-01
10.12	9.66E-01
10.12	9.66E-01
10.12	9.66E-01
10.12	9.66E-01
10.13	9.66E-01
10.13	9.66E-01
10.13	9.66E-01
10.13	9.66E-01
10.13	9.66E-01
10.13	9.66E-01
10.13	9.66E-01
10.13	9.66E-01
10.13	9.66E-01
10.13	9.66E-01
10.13	9.66E-01
10.13	9.66E-01
10.13	9.66E-01
10.13	9.66E-01
10.13	9.66E-01
10.13	9.66E-01
10.13	9.66E-01
10.13	9.66E-01
10.13	9.66E-01
10.14	9.66E-01
10.14	9.66E-01
10.14	9.66E-01
10.14	9.66E-01
10.14	9.66E-01
10.14	9.66E-01
10.14	9.66E-01
10.14	9.66E-01
10.14	9.66E-01
10.14	9.66E-01
10.14	9.66E-01
10.14	9.66E-01
10.14	9.66E-01
10.14	9.66E-01
10.14	9.66E-01
10.14	9.66E-01
10.14	9.66E-01
10.14	9.66E-01
10.14	9.66E-01
10.14	9.66E-01
10.15	9.66E-01
10.15	9.66E-01
10.15	9.66E-01
10.15	9.66E-01
10.15	9.66E-01
10.15	9.66E-01
10.15	9.66E-01
10.15	9.66E-01
10.15	9.66E-01
10.15	9.66E-01
10.15	9.66E-01
10.15	9.66E-01
10.15	9.66E-01
10.15	9.66E-01
10.15	9.66E-01
10.15	9.66E-01
10.15	9.66E-01
10.15	9.66E-01
10.15	9.66E-01
10.15	9.66E-01
10.15	9.66E-01
10.16	9.66E-01
10.16	9.66E-01
10.16	9.66E-01
10.16	9.66E-01
10.16	9.66E-01
10.16	9.66E-01
10.16	9.66E-01
10.16	9.66E-01
10.16	9.66E-01
10.16	9.66E-01
10.16	9.66E-01
10.16	9.66E-01
10.16	9.66E-01
10.16	9.66E-01
10.16	9.66E-01
10.16	9.66E-01
10.16	9.66E-01
10.16	9.66E-01
10.16	9.66E-01
10.16	9.66E-01
10.17	9.66E-01
10.17	9.66E-01
10.17	9.66E-01
10.17	9.66E-01
10.17	9.66E-01
10.17	9.66E-01
10.17	9.66E-01
10.17	9.66E-01
10.17	9.66E-01
10.17	9.66E-01
10.17	9.66E-01
10.17	9.66E-01
10.17	9.66E-01
10.17	9.66E-01
10.17	9.66E-01
10.17	9.66E-01
10.17	9.66E-01
10.17	9.66E-01
10.17	9.66E-01
10.18	9.66E-01
10.18	9.66E-01
10.18	9.66E-01
10.18	9.66E-01
10.18	9.66E-01
10.18	9.66E-01
10.18	9.66E-01
10.18	9.66E-01
10.18	9.66E-01
10.18	9.66E-01
10.18	9.66E-01
10.18	9.66E-01
10.18	9.66E-01
10.18	9.66E-01
10.18	9.66E-01
10.18	9.66E-01
10.18	9.66E-01
10.18	9.66E-01
10.18	9.66E-01
10.18	9.66E-01
10.19	9.66E-01
10.19	9.66E-01
10.19	9.66E-01
10.19	9.66E-01
10.19	9.66E-01
10.19	9.66E-01
10.19	9.66E-01
10.19	9.66E-01
10.19	9.66E-01
10.19	9.66E-01
10.19	9.66E-01
10.19	9.66E-01
10.19	9.66E-01
10.19	9.66E-01
10.19	9.66E-01
10.19	9.66E-01
10.19	9.66E-01
10.19	9.66E-01
10.19	9.66E-01
10.19	9.66E-01
10.19	9.66E-01
10.2	9.66E-01
10.2	9.66E-01
10.2	9.66E-01
10.2	9.66E-01
10.2	9.66E-01
10.2	9.66E-01
10.2	9.66E-01
10.2	9.66E-01
10.2	9.66E-01
10.2	9.66E-01
10.2	9.66E-01
10.2	9.66E-01
10.2	9.66E-01
10.2	9.66E-01
10.2	9.66E-01
10.2	9.66E-01
10.2	9.66E-01
10.2	9.66E-01
10.2	9.66E-01
10.2	9.66E-01
10.21	9.66E-01
10.21	9.66E-01
10.21	9.66E-01
10.21	9.66E-01
10.21	9.66E-01
10.21	9.66E-01
10.21	9.66E-01
10.21	9.66E-01
10.21	9.66E-01
10.21	9.66E-01
10.21	9.66E-01
10.21	9.66E-01
10.21	9.66E-01
10.21	9.66E-01
10.21	9.66E-01
10.21	9.66E-01
10.21	9.66E-01
10.21	9.66E-01
10.21	9.66E-01
10.22	9.66E-01
10.22	9.66E-01
10.22	9.66E-01
10.22	9.66E-01
10.22	9.66E-01
10.22	9.66E-01
10.22	9.66E-01
10.22	9.66E-01
10.22	9.66E-01
10.22	9.66E-01
10.22	9.66E-01
10.22	9.66E-01
10.22	9.66E-01
10.22	9.66E-01
10.22	9.66E-01
10.22	9.66E-01
10.22	9.66E-01
10.22	9.66E-01
10.22	9.66E-01
10.22	9.66E-01
10.23	9.66E-01
10.23	9.66E-01
10.23	9.66E-01
10.23	9.66E-01
10.23	9.66E-01
10.23	9.66E-01
10.23	9.66E-01
10.23	9.66E-01
10.23	9.66E-01
10.23	9.66E-01
10.23	9.66E-01
10.23	9.66E-01
10.23	9.66E-01
10.23	9.66E-01
10.23	9.66E-01
10.23	9.66E-01
10.23	9.66E-01
10.23	9.66E-01
10.23	9.66E-01
10.23	9.66E-01
10.23	9.66E-01
10.24	9.66E-01
10.24	9.66E-01
10.24	9.66E-01
10.24	9.66E-01
10.24	9.66E-01
10.24	9.66E-01
10.24	9.66E-01
10.24	9.66E-01
10.24	9.66E-01
10.24	9.66E-01
10.24	9.66E-01
10.24	9.66E-01
10.24	9.66E-01
10.24	9.66E-01
10.24	9.66E-01
10.24	9.66E-01
10.24	9.66E-01
10.24	9.66E-01
10.24	9.66E-01
10.24	9.66E-01
10.25	9.66E-01
10.25	9.66E-01
10.25	9.66E-01
10.25	9.66E-01
10.25	9.66E-01
10.25	9.66E-01
10.25	9.66E-01
10.25	9.66E-01
10.25	9.66E-01
10.25	9.66E-01
10.25	9.66E-01
10.25	9.66E-01
10.25	9.66E-01
10.25	9.66E-01
10.25	9.66E-01
10.25	9.66E-01
10.25	9.66E-01
10.25	9.66E-01
10.25	9.66E-01
10.26	9.66E-01
10.26	9.66E-01
10.26	9.66E-01
10.26	9.66E-01
10.26	9.66E-01
10.26	9.66E-01
10.26	9.66E-01
10.26	9.66E-01
10.26	9.66E-01
10.26	9.66E-01
10.26	9.66E-01
10.26	9.66E-01
10.26	9.66E-01
10.26	9.66E-01
10.26	9.66E-01
10.26	9.66E-01
10.26	9.66E-01
10.26	9.66E-01
10.26	9.66E-01
10.26	9.66E-01
10.27	9.66E-01
10.27	9.66E-01
10.27	9.66E-01
10.27	9.66E-01
10.27	9.66E-01
10.27	9.66E-01
10.27	9.66E-01
10.27	9.66E-01
10.27	9.66E-01
10.27	9.66E-01
10.27	9.66E-01
10.27	9.66E-01
10.27	9.66E-01
10.27	9.66E-01
10.27	9.66E-01
10.27	9.66E-01
10.27	9.66E-01
10.27	9.66E-01
10.27	9.66E-01
10.27	9.66E-01
10.27	9.66E-01
10.28	9.66E-01
10.28	9.66E-01
10.28	9.66E-01
10.28	9.66E-01
10.28	9.66E-01
10.28	9.66E-01
10.28	9.66E-01
10.28	9.66E-01
10.28	9.66E-01
10.28	9.66E-01
10.28	9.66E-01
10.28	9.66E-01
10.28	9.66E-01
10.28	9.66E-01
10.28	9.66E-01
10.28	9.66E-01
10.28	9.66E-01
10.28	9.66E-01
10.28	9.66E-01
10.28	9.66E-01
10.29	9.66E-01
10.29	9.66E-01
10.29	9.66E-01
10.29	9.66E-01
10.29	9.66E-01
10.29	9.66E-01
10.29	9.66E-01
10.29	9.66E-01
10.29	9.66E-01
10.29	9.66E-01
10.29	9.66E-01
10.29	9.66E-01
10.29	9.66E-01
10.29	9.66E-01
10.29	9.66E-01
10.29	9.66E-01
10.29	9.66E-01
10.29	9.66E-01
10.29	9.66E-01
10.3	9.66E-01
10.3	9.66E-01
10.3	9.66E-01
10.3	9.66E-01
10.3	9.66E-01
10.3	9.66E-01
10.3	9.66E-01
10.3	9.66E-01
10.3	9.66E-01
10.3	9.66E-01
10.3	9.66E-01
10.3	9.66E-01
10.3	9.66E-01
10.3	9.66E-01
10.3	9.66E-01
10.3	9.66E-01
10.3	9.66E-01
10.3	9.66E-01
10.3	9.66E-01
10.3	9.66E-01
10.31	9.66E-01
10.31	9.66E-01
10.31	9.66E-01
10.31	9.66E-01
10.31	9.66E-01
10.31	9.66E-01
10.31	9.66E-01
10.31	9.66E-01
10.31	9.66E-01
10.31	9.66E-01
10.31	9.66E-01
10.31	9.66E-01
10.31	9.66E-01
10.31	9.66E-01
10.31	9.66E-01
10.31	9.66E-01
10.31	9.66E-01
10.31	9.66E-01
10.31	9.66E-01
10.31	9.66E-01
10.31	9.66E-01
10.32	9.66E-01
10.32	9.66E-01
10.32	9.66E-01
10.32	9.66E-01
10.32	9.66E-01
10.32	9.66E-01
10.32	9.66E-01
10.32	9.66E-01
10.32	9.66E-01
10.32	9.66E-01
10.32	9.66E-01
10.32	9.66E-01
10.32	9.66E-01
10.32	9.66E-01
10.32	9.66E-01
10.32	9.66E-01
10.32	9.66E-01
10.32	9.66E-01
10.32	9.66E-01
10.32	9.66E-01
10.33	9.66E-01
10.33	9.66E-01
10.33	9.66E-01
10.33	9.66E-01
10.33	9.66E-01
10.33	9.66E-01
10.33	9.66E-01
10.33	9.66E-01
10.33	9.66E-01
10.33	9.66E-01
10.33	9.66E-01
10.33	9.66E-01
10.33	9.66E-01
10.33	9.66E-01
10.33	9.66E-01
10.33	9.66E-01
10.33	9.66E-01
10.33	9.66E-01
10.33	9.66E-01
10.34	9.66E-01
10.34	9.66E-01
10.34	9.66E-01
10.34	9.66E-01
10.34	9.66E-01
10.34	9.66E-01
10.34	9.66E-01
10.34	9.66E-01
10.34	9.66E-01
10.34	9.66E-01
10.34	9.66E-01
10.34	9.66E-01
10.34	9.66E-01
10.34	9.66E-01
10.34	9.66E-01
10.34	9.66E-01
10.34	9.66E-01
10.34	9.66E-01
10.34	9.66E-01
10.34	9.66E-01
10.35	9.66E-01
10.35	9.66E-01
10.35	9.66E-01
10.35	9.66E-01
10.35	9.66E-01
10.35	9.66E-01
10.35	9.66E-01
10.35	9.66E-01
10.35	9.66E-01
10.35	9.66E-01
10.35	9.66E-01
10.35	9.66E-01
10.35	9.66E-01
10.35	9.66E-01
10.35	9.66E-01
10.35	9.66E-01
10.35	9.66E-01
10.35	9.66E-01
10.35	9.66E-01
10.35	9.66E-01
10.35	9.66E-01
10.36	9.66E-01
10.36	9.66E-01
10.36	9.66E-01
10.36	9.66E-01
10.36	9.66E-01
10.36	9.66E-01
10.36	9.66E-01
10.36	9.66E-01
10.36	9.66E-01
10.36	9.66E-01
10.36	9.66E-01
10.36	9.66E-01
10.36	9.66E-01
10.36	9.66E-01
10.36	9.66E-01
10.36	9.66E-01
10.36	9.66E-01
10.36	9.66E-01
10.36	9.66E-01
10.36	9.66E-01
10.37	9.66E-01
10.37	9.66E-01
10.37	9.66E-01
10.37	9.66E-01
10.37	9.66E-01
10.37	9.66E-01
10.37	9.66E-01
10.37	9.66E-01
10.37	9.66E-01
10.37	9.66E-01
10.37	9.66E-01
10.37	9.66E-01
10.37	9.66E-01
10.37	9.66E-01
10.37	9.66E-01
10.37	9.66E-01
10.37	9.66E-01
10.37	9.66E-01
10.37	9.66E-01
10.38	9.66E-01
10.38	9.66E-01
10.38	9.66E-01
10.38	9.66E-01
10.38	9.66E-01
10.38	9.66E-01
10.38	9.66E-01
10.38	9.66E-01
10.38	9.66E-01
10.38	9.66E-01
10.38	9.66E-01
10.38	9.66E-01
10.38	9.66E-01
10.38	9.66E-01
10.38	9.66E-01
10.38	9.66E-01
10.38	9.66E-01
10.38	9.66E-01
10.38	9.66E-01
10.38	9.66E-01
10.39	9.66E-01
10.39	9.66E-01
10.39	9.66E-01
10.39	9.66E-01
10.39	9.66E-01
10.39	9.66E-01
10.39	9.66E-01
10.39	9.66E-01
10.39	9.66E-01
10.39	9.66E-01
10.39	9.66E-01
10.39	9.66E-01
10.39	9.66E-01
10.39	9.66E-01
10.39	9.66E-01
10.39	9.66E-01
10.39	9.66E-01
10.39	9.66E-01
10.39	9.66E-01
10.39	9.66E-01
10.4	9.66E-01
10.4	9.66E-01
10.4	9.66E-01
10.4	9.66E-01
10.4	9.66E-01
10.4	9.66E-01
10.4	9.66E-01
10.4	9.66E-01
10.4	9.66E-01
10.4	9.66E-01
10.4	9.66E-01
10.4	9.66E-01
10.4	9.66E-01
10.4	9.66E-01
10.4	9.66E-01
10.4	9.66E-01
10.4	9.66E-01
10.4	9.66E-01
10.4	9.66E-01
10.4	9.66E-01
10.4	9.66E-01
10.41	9.66E-01
10.41	9.66E-01
10.41	9.66E-01
10.41	9.66E-01
10.41	9.66E-01
10.41	9.66E-01
10.41	9.66E-01
10.41	9.66E-01
10.41	9.66E-01
10.41	9.66E-01
10.41	9.66E-01
10.41	9.66E-01
10.41	9.66E-01
10.41	9.66E-01
10.41	9.66E-01
10.41	9.66E-01
10.41	9.66E-01
10.41	9.66E-01
10.41	9.66E-01
10.41	9.66E-01
10.42	9.66E-01
10.42	9.66E-01
10.42	9.66E-01
10.42	9.66E-01
10.42	9.66E-01
10.42	9.66E-01
10.42	9.66E-01
10.42	9.66E-01
10.42	9.66E-01
10.42	9.66E-01
10.42	9.66E-01
10.42	9.66E-01
10.42	9.66E-01
10.42	9.66E-01
10.42	9.66E-01
10.42	9.66E-01
10.42	9.66E-01
10.42	9.66E-01
10.42	9.66E-01
10.43	9.66E-01
10.43	9.66E-01
10.43	9.66E-01
10.43	9.66E-01
10.43	9.66E-01
10.43	9.66E-01
10.43	9.66E-01
10.43	9.66E-01
10.43	9.66E-01
10.43	9.66E-01
10.43	9.66E-01
10.43	9.66E-01
10.43	9.66E-01
10.43	9.66E-01
10.43	9.66E-01
10.43	9.66E-01
10.43	9.66E-01
10.43	9.66E-01
10.43	9.66E-01
10.43	9.66E-01
10.44	9.66E-01
10.44	9.66E-01
10.44	9.66E-01
10.44	9.66E-01
10.44	9.66E-01
10.44	9.66E-01
10.44	9.66E-01
10.44	9.66E-01
10.44	9.66E-01
10.44	9.66E-01
10.44	9.66E-01
10.44	9.66E-01
10.44	9.66E-01
10.44	9.66E-01
10.44	9.66E-01
10.44	9.66E-01
10.44	9.66E-01
10.44	9.66E-01
10.44	9.66E-01
10.44	9.66E-01
10.44	9.66E-01
10.45	9.66E-01
10.45	9.66E-01
10.45	9.66E-01
10.45	9.66E-01
10.45	9.66E-01
10.45	9.66E-01
10.45	9.66E-01
10.45	9.66E-01
10.45	9.66E-01
10.45	9.66E-01
10.45	9.66E-01
10.45	9.66E-01
10.45	9.66E-01
10.45	9.66E-01
10.45	9.66E-01
10.45	9.66E-01
10.45	9.66E-01
10.45	9.66E-01
10.45	9.66E-01
10.45	9.66E-01
10.46	9.66E-01
10.46	9.66E-01
10.46	9.66E-01
10.46	9.66E-01
10.46	9.66E-01
10.46	9.66E-01
10.46	9.66E-01
10.46	9.66E-01
10.46	9.66E-01
10.46	9.66E-01
10.46	9.66E-01
10.46	9.66E-01
10.46	9.66E-01
10.46	9.66E-01
10.46	9.66E-01
10.46	9.66E-01
10.46	9.66E-01
10.46	9.66E-01
10.46	9.66E-01
10.47	9.66E-01
10.47	9.66E-01
10.47	9.66E-01
10.47	9.66E-01
10.47	9.66E-01
10.47	9.66E-01
10.47	9.66E-01
10.47	9.66E-01
10.47	9.66E-01
10.47	9.66E-01
10.47	9.66E-01
10.47	9.66E-01
10.47	9.66E-01
10.47	9.66E-01
10.47	9.66E-01
10.47	9.66E-01
10.47	9.66E-01
10.47	9.66E-01
10.47	9.66E-01
10.47	9.66E-01
10.48	9.66E-01
10.48	9.66E-01
10.48	9.66E-01
10.48	9.66E-01
10.48	9.66E-01
10.48	9.66E-01
10.48	9.66E-01
10.48	9.66E-01
10.48	9.66E-01
10.48	9.66E-01
10.48	9.66E-01
10.48	9.66E-01
10.48	9.66E-01
10.48	9.66E-01
10.48	9.66E-01
10.48	9.66E-01
10.48	9.66E-01
10.48	9.66E-01
10.48	9.66E-01
10.48	9.66E-01
10.48	9.66E-01
10.49	9.66E-01
10.49	9.66E-01
10.49	9.66E-01
10.49	9.66E-01
10.49	9.66E-01
10.49	9.66E-01
10.49	9.66E-01
10.49	9.66E-01
10.49	9.66E-01
10.49	9.66E-01
10.49	9.66E-01
10.49	9.66E-01
10.49	9.66E-01
10.49	9.66E-01
10.49	9.66E-01
10.49	9.66E-01
10.49	9.66E-01
10.49	9.66E-01
10.49	9.66E-01
10.49	9.66E-01
10.5	9.66E-01
10.5	9.66E-01
10.5	9.66E-01
10.5	9.66E-01
10.5	9.66E-01
10.5	9.66E-01
10.5	9.66E-01
10.5	9.66E-01
10.5	9.66E-01
10.5	9.66E-01
10.5	9.66E-01
10.5	9.66E-01
10.5	9.66E-01
10.5	9.66E-01
10.5	9.66E-01
10.5	9.66E-01
10.5	9.66E-01
10.5	9.66E-01
10.5	9.66E-01
10.51	9.66E-01
10.51	9.66E-01
10.51	9.66E-01
10.51	9.66E-01
10.51	9.66E-01
10.51	9.66E-01
10.51	9.66E-01
10.51	9.66E-01
10.51	9.66E-01
10.51	9.66E-01
10.51	9.66E-01
10.51	9.66E-01
10.51	9.66E-01
10.51	9.66E-01
10.51	9.66E-01
10.51	9.66E-01
10.51	9.66E-01
10.51	9.66E-01
10.51	9.66E-01
10.51	9.66E-01
10.52	9.66E-01
10.52	9.66E-01
10.52	9.66E-01
10.52	9.66E-01
10.52	9.66E-01
10.52	9.66E-01
10.52	9.66E-01
10.52	9.66E-01
10.52	9.66E-01
10.52	9.66E-01
10.52	9.66E-01
10.52	9.66E-01
10.52	9.66E-01
10.52	9.66E-01
10.52	9.66E-01
10.52	9.66E-01
10.52	9.66E-01
10.52	9.66E-01
10.52	9.66E-01
10.52	9.66E-01
10.52	9.66E-01
10.53	9.66E-01
10.53	9.66E-01
10.53	9.66E-01
10.53	9.66E-01
10.53	9.66E-01
10.53	9.66E-01
10.53	9.66E-01
10.53	9.66E-01
10.53	9.66E-01
10.53	9.66E-01
10.53	9.66E-01
10.53	9.66E-01
10.53	9.66E-01
10.53	9.66E-01
10.53	9.66E-01
10.53	9.66E-01
10.53	9.66E-01
10.53	9.66E-01
10.53	9.66E-01
10.53	9.66E-01
10.54	9.66E-01
10.54	9.66E-01
10.54	9.66E-01
10.54	9.66E-01
10.54	9.66E-01
10.54	9.66E-01
10.54	9.66E-01
10.54	9.66E-01
10.54	9.66E-01
10.54	9.66E-01
10.54	9.66E-01
10.54	9.66E-01
10.54	9.66E-01
10.54	9.66E-01
10.54	9.66E-01
10.54	9.66E-01
10.54	9.66E-01
10.54	9.66E-01
10.54	9.66E-01
10.55	9.66E-01
10.55	9.66E-01
10.55	9.66E-01
10.55	9.66E-01
10.55	9.66E-01
10.55	9.66E-01
10.55	9.66E-01
10.55	9.66E-01
10.55	9.66E-01
10.55	9.66E-01
10.55	9.66E-01
10.55	9.66E-01
10.55	9.66E-01
10.55	9.66E-01
10.55	9.66E-01
10.55	9.66E-01
10.55	9.66E-01
10.55	9.66E-01
10.55	9.66E-01
10.55	9.66E-01
10.56	9.66E-01
10.56	9.66E-01
10.56	9.66E-01
10.56	9.66E-01
10.56	9.66E-01
10.56	9.66E-01
10.56	9.66E-01
10.56	9.66E-01
10.56	9.66E-01
10.56	9.66E-01
10.56	9.66E-01
10.56	9.66E-01
10.56	9.66E-01
10.56	9.66E-01
10.56	9.66E-01
10.56	9.66E-01
10.56	9.66E-01
10.56	9.66E-01
10.56	9.66E-01
10.56	9.66E-01
10.56	9.66E-01
10.57	9.66E-01
10.57	9.66E-01
10.57	9.66E-01
10.57	9.66E-01
10.57	9.66E-01
10.57	9.66E-01
10.57	9.66E-01
10.57	9.66E-01
10.57	9.66E-01
10.57	9.66E-01
10.57	9.66E-01
10.57	9.66E-01
10.57	9.66E-01
10.57	9.66E-01
10.57	9.66E-01
10.57	9.66E-01
10.57	9.66E-01
10.57	9.66E-01
10.57	9.66E-01
10.57	9.66E-01
10.58	9.66E-01
10.58	9.66E-01
10.58	9.66E-01
10.58	9.66E-01
10.58	9.66E-01
10.58	9.66E-01
10.58	9.66E-01
10.58	9.66E-01
10.58	9.66E-01
10.58	9.66E-01
10.58	9.66E-01
10.58	9.66E-01
10.58	9.66E-01
10.58	9.66E-01
10.58	9.66E-01
10.58	9.66E-01
10.58	9.66E-01
10.58	9.66E-01
10.58	9.66E-01
10.59	9.66E-01
10.59	9.66E-01
10.59	9.66E-01
10.59	9.66E-01
10.59	9.66E-01
10.59	9.66E-01
10.59	9.66E-01
10.59	9.66E-01
10.59	9.66E-01
10.59	9.66E-01
10.59	9.66E-01
10.59	9.66E-01
10.59	9.66E-01
10.59	9.66E-01
10.59	9.66E-01
10.59	9.66E-01
10.59	9.66E-01
10.59	9.66E-01
10.59	9.66E-01
10.59	9.66E-01
10.6	9.66E-01
10.6	9.66E-01
10.6	9.66E-01
10.6	9.66E-01
10.6	9.66E-01
10.6	9.66E-01
10.6	9.66E-01
10.6	9.66E-01
10.6	9.66E-01
10.6	9.66E-01
10.6	9.66E-01
10.6	9.66E-01
10.6	9.66E-01
10.6	9.66E-01
10.6	9.66E-01
10.6	9.66E-01
10.6	9.66E-01
10.6	9.66E-01
10.6	9.66E-01
10.6	9.66E-01
10.6	9.66E-01
10.61	9.66E-01
10.61	9.66E-01
10.61	9.66E-01
10.61	9.66E-01
10.61	9.66E-01
10.61	9.66E-01
10.61	9.66E-01
10.61	9.66E-01
10.61	9.66E-01
10.61	9.66E-01
10.61	9.66E-01
10.61	9.66E-01
10.61	9.66E-01
10.61	9.66E-01
10.61	9.66E-01
10.61	9.66E-01
10.61	9.66E-01
10.61	9.66E-01
10.61	9.66E-01
10.61	9.66E-01
10.62	9.66E-01
10.62	9.66E-01
10.62	9.66E-01
10.62	9.66E-01
10.62	9.66E-01
10.62	9.66E-01
10.62	9.66E-01
10.62	9.66E-01
10.62	9.66E-01
10.62	9.66E-01
10.62	9.66E-01
10.62	9.66E-01
10.62	9.66E-01
10.62	9.66E-01
10.62	9.66E-01
10.62	9.66E-01
10.62	9.66E-01
10.62	9.66E-01
10.62	9.66E-01
10.62	9.66E-01
10.63	9.66E-01
10.63	9.66E-01
10.63	9.66E-01
10.63	9.66E-01
10.63	9.66E-01
10.63	9.66E-01
10.63	9.66E-01
10.63	9.66E-01
10.63	9.66E-01
10.63	9.66E-01
10.63	9.66E-01
10.63	9.66E-01
10.63	9.66E-01
10.63	9.66E-01
10.63	9.66E-01
10.63	9.66E-01
10.63	9.66E-01
10.63	9.66E-01
10.63	9.66E-01
10.64	9.66E-01
10.64	9.66E-01
10.64	9.66E-01
10.64	9.66E-01
10.64	9.66E-01
10.64	9.66E-01
10.64	9.66E-01
10.64	9.66E-01
10.64	9.66E-01
10.64	9.66E-01
10.64	9.66E-01
10.64	9.66E-01
10.64	9.66E-01
10.64	9.66E-01
10.64	9.66E-01
10.64	9.66E-01
10.64	9.66E-01
10.64	9.66E-01
10.64	9.66E-01
10.64	9.66E-01
10.65	9.66E-01
10.65	9.66E-01
10.65	9.66E-01
10.65	9.66E-01
10.65	9.66E-01
10.65	9.66E-01
10.65	9.66E-01
10.65	9.66E-01
10.65	9.66E-01
10.65	9.66E-01
10.65	9.66E-01
10.65	9.66E-01
10.65	9.66E-01
10.65	9.66E-01
10.65	9.66E-01
10.65	9.66E-01
10.65	9.66E-01
10.65	9.66E-01
10.65	9.66E-01
10.65	9.66E-01
10.65	9.66E-01
10.66	9.66E-01
10.66	9.66E-01
10.66	9.66E-01
10.66	9.66E-01
10.66	9.66E-01
10.66	9.66E-01
10.66	9.66E-01
10.66	9.66E-01
10.66	9.66E-01
10.66	9.66E-01
10.66	9.66E-01
10.66	9.66E-01
10.66	9.66E-01
10.66	9.66E-01
10.66	9.66E-01
10.66	9.66E-01
10.66	9.66E-01
10.66	9.66E-01
10.66	9.66E-01
10.66	9.66E-01
10.67	9.66E-01
10.67	9.66E-01
10.67	9.66E-01
10.67	9.66E-01
10.67	9.66E-01
10.67	9.66E-01
10.67	9.66E-01
10.67	9.66E-01
10.67	9.66E-01
10.67	9.66E-01
10.67	9.66E-01
10.67	9.66E-01
10.67	9.66E-01
10.67	9.66E-01
10.67	9.66E-01
10.67	9.66E-01
10.67	9.66E-01
10.67	9.66E-01
10.67	9.66E-01
10.68	9.66E-01
10.68	9.66E-01
10.68	9.66E-01
10.68	9.66E-01
10.68	9.66E-01
10.68	9.66E-01
10.68	9.66E-01
10.68	9.66E-01
10.68	9.66E-01
10.68	9.66E-01
10.68	9.66E-01
10.68	9.66E-01
10.68	9.66E-01
10.68	9.66E-01
10.68	9.66E-01
10.68	9.66E-01
10.68	9.66E-01
10.68	9.66E-01
10.68	9.66E-01
10.68	9.66E-01
10.69	9.66E-01
10.69	9.66E-01
10.69	9.66E-01
10.69	9.66E-01
10.69	9.66E-01
10.69	9.66E-01
10.69	9.66E-01
10.69	9.66E-01
10.69	9.66E-01
10.69	9.66E-01
10.69	9.66E-01
10.69	9.66E-01
10.69	9.66E-01
10.69	9.66E-01
10.69	9.66E-01
10.69	9.66E-01
10.69	9.66E-01
10.69	9.66E-01
10.69	9.66E-01
10.69	9.66E-01
10.69	9.66E-01
10.7	9.66E-01
10.7	9.66E-01
10.7	9.66E-01
10.7	9.66E-01
10.7	9.66E-01
10.7	9.66E-01
10.7	9.66E-01
10.7	9.66E-01
10.7	9.66E-01
10.7	9.66E-01
10.7	9.66E-01
10.7	9.66E-01
10.7	9.66E-01
10.7	9.66E-01
10.7	9.66E-01
10.7	9.66E-01
10.7	9.66E-01
10.7	9.66E-01
10.7	9.66E-01
10.7	9.66E-01
10.71	9.66E-01
10.71	9.66E-01
10.71	9.66E-01
10.71	9.66E-01
10.71	9.66E-01
10.71	9.66E-01
10.71	9.66E-01
10.71	9.66E-01
10.71	9.66E-01
10.71	9.66E-01
10.71	9.66E-01
10.71	9.66E-01
10.71	9.66E-01
10.71	9.66E-01
10.71	9.66E-01
10.71	9.66E-01
10.71	9.66E-01
10.71	9.66E-01
10.71	9.66E-01
10.72	9.66E-01
10.72	9.66E-01
10.72	9.66E-01
10.72	9.66E-01
10.72	9.66E-01
10.72	9.66E-01
10.72	9.66E-01
10.72	9.66E-01
10.72	9.66E-01
10.72	9.66E-01
10.72	9.66E-01
10.72	9.66E-01
10.72	9.66E-01
10.72	9.66E-01
10.72	9.66E-01
10.72	9.66E-01
10.72	9.66E-01
10.72	9.66E-01
10.72	9.66E-01
10.72	9.66E-01
10.73	9.66E-01
10.73	9.66E-01
10.73	9.66E-01
10.73	9.66E-01
10.73	9.66E-01
10.73	9.66E-01
10.73	9.66E-01
10.73	9.66E-01
10.73	9.66E-01
10.73	9.66E-01
10.73	9.66E-01
10.73	9.66E-01
10.73	9.66E-01
10.73	9.66E-01
10.73	9.66E-01
10.73	9.66E-01
10.73	9.66E-01
10.73	9.66E-01
10.73	9.66E-01
10.73	9.66E-01
10.73	9.66E-01
10.74	9.66E-01
10.74	9.66E-01
10.74	9.66E-01
10.74	9.66E-01
10.74	9.66E-01
10.74	9.66E-01
10.74	9.66E-01
10.74	9.66E-01
10.74	9.66E-01
10.74	9.66E-01
10.74	9.66E-01
10.74	9.66E-01
10.74	9.66E-01
10.74	9.66E-01
10.74	9.66E-01
10.74	9.66E-01
10.74	9.66E-01
10.74	9.66E-01
10.74	9.66E-01
10.74	9.66E-01
10.75	9.66E-01
10.75	9.66E-01
10.75	9.66E-01
10.75	9.66E-01
10.75	9.66E-01
10.75	9.66E-01
10.75	9.66E-01
10.75	9.66E-01
10.75	9.66E-01
10.75	9.66E-01
10.75	9.66E-01
10.75	9.66E-01
10.75	9.66E-01
10.75	9.66E-01
10.75	9.66E-01
10.75	9.66E-01
10.75	9.66E-01
10.75	9.66E-01
10.75	9.66E-01
10.76	9.66E-01
10.76	9.66E-01
10.76	9.66E-01
10.76	9.66E-01
10.76	9.66E-01
10.76	9.66E-01
10.76	9.66E-01
10.76	9.66E-01
10.76	9.66E-01
10.76	9.66E-01
10.76	9.66E-01
10.76	9.66E-01
10.76	9.66E-01
10.76	9.66E-01
10.76	9.66E-01
10.76	9.66E-01
10.76	9.66E-01
10.76	9.66E-01
10.76	9.66E-01
10.76	9.66E-01
10.77	9.66E-01
10.77	9.66E-01
10.77	9.66E-01
10.77	9.66E-01
10.77	9.66E-01
10.77	9.66E-01
10.77	9.66E-01
10.77	9.66E-01
10.77	9.66E-01
10.77	9.66E-01
10.77	9.66E-01
10.77	9.66E-01
10.77	9.66E-01
10.77	9.66E-01
10.77	9.66E-01
10.77	9.66E-01
10.77	9.66E-01
10.77	9.66E-01
10.77	9.66E-01
10.77	9.66E-01
10.77	9.66E-01
10.78	9.66E-01
10.78	9.66E-01
10.78	9.66E-01
10.78	9.66E-01
10.78	9.66E-01
10.78	9.66E-01
10.78	9.66E-01
10.78	9.66E-01
10.78	9.66E-01
10.78	9.66E-01
10.78	9.66E-01
10.78	9.66E-01
10.78	9.66E-01
10.78	9.66E-01
10.78	9.66E-01
10.78	9.66E-01
10.78	9.66E-01
10.78	9.66E-01
10.78	9.66E-01
10.78	9.66E-01
10.79	9.66E-01
10.79	9.66E-01
10.79	9.66E-01
10.79	9.66E-01
10.79	9.66E-01
10.79	9.66E-01
10.79	9.66E-01
10.79	9.66E-01
10.79	9.66E-01
10.79	9.66E-01
10.79	9.66E-01
10.79	9.66E-01
10.79	9.66E-01
10.79	9.66E-01
10.79	9.66E-01
10.79	9.66E-01
10.79	9.66E-01
10.79	9.66E-01
10.79	9.66E-01
10.8	9.66E-01
10.8	9.66E-01
10.8	9.66E-01
10.8	9.66E-01
10.8	9.66E-01
10.8	9.66E-01
10.8	9.66E-01
10.8	9.66E-01
10.8	9.66E-01
10.8	9.66E-01
10.8	9.66E-01
10.8	9.66E-01
10.8	9.66E-01
10.8	9.66E-01
10.8	9.66E-01
10.8	9.66E-01
10.8	9.66E-01
10.8	9.66E-01
10.8	9.66E-01
10.8	9.66E-01
10.81	9.66E-01
10.81	9.66E-01
10.81	9.66E-01
10.81	9.66E-01
10.81	9.66E-01
10.81	9.66E-01
10.81	9.66E-01
10.81	9.66E-01
10.81	9.66E-01
10.81	9.66E-01
10.81	9.66E-01
10.81	9.66E-01
10.81	9.66E-01
10.81	9.66E-01
10.81	9.66E-01
10.81	9.66E-01
10.81	9.66E-01
10.81	9.66E-01
10.81	9.66E-01
10.81	9.66E-01
10.81	9.66E-01
10.82	9.66E-01
10.82	9.66E-01
10.82	9.66E-01
10.82	9.66E-01
10.82	9.66E-01
10.82	9.66E-01
10.82	9.66E-01
10.82	9.66E-01
10.82	9.66E-01
10.82	9.66E-01
10.82	9.66E-01
10.82	9.66E-01
10.82	9.66E-01
10.82	9.66E-01
10.82	9.66E-01
10.82	9.66E-01
10.82	9.66E-01
10.82	9.66E-01
10.82	9.66E-01
10.82	9.66E-01
10.83	9.66E-01
10.83	9.66E-01
10.83	9.66E-01
10.83	9.66E-01
10.83	9.66E-01
10.83	9.66E-01
10.83	9.66E-01
10.83	9.66E-01
10.83	9.66E-01
10.83	9.66E-01
10.83	9.66E-01
10.83	9.66E-01
10.83	9.66E-01
10.83	9.66E-01
10.83	9.66E-01
10.83	9.66E-01
10.83	9.66E-01
10.83	9.66E-01
10.83	9.66E-01
10.84	9.66E-01
10.84	9.66E-01
10.84	9.66E-01
10.84	9.66E-01
10.84	9.66E-01
10.84	9.66E-01
10.84	9.66E-01
10.84	9.66E-01
10.84	9.66E-01
10.84	9.66E-01
10.84	9.66E-01
10.84	9.66E-01
10.84	9.66E-01
10.84	9.66E-01
10.84	9.66E-01
10.84	9.66E-01
10.84	9.66E-01
10.84	9.66E-01
10.84	9.66E-01
10.84	9.66E-01
10.85	9.66E-01
10.85	9.66E-01
10.85	9.66E-01
10.85	9.66E-01
10.85	9.66E-01
10.85	9.66E-01
10.85	9.66E-01
10.85	9.66E-01
10.85	9.66E-01
10.85	9.66E-01
10.85	9.66E-01
10.85	9.66E-01
10.85	9.66E-01
10.85	9.66E-01
10.85	9.66E-01
10.85	9.66E-01
10.85	9.66E-01
10.85	9.66E-01
10.85	9.66E-01
10.85	9.66E-01
10.85	9.66E-01
10.86	9.66E-01
10.86	9.66E-01
10.86	9.66E-01
10.86	9.66E-01
10.86	9.66E-01
10.86	9.66E-01
10.86	9.66E-01
10.86	9.66E-01
10.86	9.66E-01
10.86	9.66E-01
10.86	9.66E-01
10.86	9.66E-01
10.86	9.66E-01
10.86	9.66E-01
10.86	9.66E-01
10.86	9.66E-01
10.86	9.66E-01
10.86	9.66E-01
10.86	9.66E-01
10.86	9.66E-01
10.87	9.66E-01
10.87	9.66E-01
10.87	9.66E-01
10.87	9.66E-01
10.87	9.66E-01
10.87	9.66E-01
10.87	9.66E-01
10.87	9.66E-01
10.87	9.66E-01
10.87	9.66E-01
10.87	9.66E-01
10.87	9.66E-01
10.87	9.66E-01
10.87	9.66E-01
10.87	9.66E-01
10.87	9.66E-01
10.87	9.66E-01
10.87	9.66E-01
10.87	9.66E-01
10.88	9.66E-01
10.88	9.66E-01
10.88	9.66E-01
10.88	9.66E-01
10.88	9.66E-01
10.88	9.66E-01
10.88	9.66E-01
10.88	9.66E-01
10.88	9.66E-01
10.88	9.66E-01
10.88	9.66E-01
10.88	9.66E-01
10.88	9.66E-01
10.88	9.66E-01
10.88	9.66E-01
10.88	9.66E-01
10.88	9.66E-01
10.88	9.66E-01
10.88	9.66E-01
10.88	9.66E-01
10.89	9.66E-01
10.89	9.66E-01
10.89	9.66E-01
10.89	9.66E-01
10.89	9.66E-01
10.89	9.66E-01
10.89	9.66E-01
10.89	9.66E-01
10.89	9.66E-01
10.89	9.66E-01
10.89	9.66E-01
10.89	9.66E-01
10.89	9.66E-01
10.89	9.66E-01
10.89	9.66E-01
10.89	9.66E-01
10.89	9.66E-01
10.89	9.66E-01
10.89	9.66E-01
10.89	9.66E-01
10.9	9.66E-01
10.9	9.66E-01
10.9	9.66E-01
10.9	9.66E-01
10.9	9.66E-01
10.9	9.66E-01
10.9	9.66E-01
10.9	9.66E-01
10.9	9.66E-01
10.9	9.66E-01
10.9	9.66E-01
10.9	9.66E-01
10.9	9.66E-01
10.9	9.66E-01
10.9	9.66E-01
10.9	9.66E-01
10.9	9.66E-01
10.9	9.66E-01
10.9	9.66E-01
10.9	9.66E-01
10.9	9.66E-01
10.91	9.66E-01
10.91	9.66E-01
10.91	9.66E-01
10.91	9.66E-01
10.91	9.66E-01
10.91	9.66E-01
10.91	9.66E-01
10.91	9.66E-01
10.91	9.66E-01
10.91	9.66E-01
10.91	9.66E-01
10.91	9.66E-01
10.91	9.66E-01
10.91	9.66E-01
10.91	9.66E-01
10.91	9.66E-01
10.91	9.66E-01
10.91	9.66E-01
10.91	9.66E-01
10.91	9.66E-01
10.92	9.66E-01
10.92	9.66E-01
10.92	9.66E-01
10.92	9.66E-01
10.92	9.66E-01
10.92	9.66E-01
10.92	9.66E-01
10.92	9.66E-01
10.92	9.66E-01
10.92	9.66E-01
10.92	9.66E-01
10.92	9.66E-01
10.92	9.66E-01
10.92	9.66E-01
10.92	9.66E-01
10.92	9.66E-01
10.92	9.66E-01
10.92	9.66E-01
10.92	9.66E-01
10.93	9.66E-01
10.93	9.66E-01
10.93	9.66E-01
10.93	9.66E-01
10.93	9.66E-01
10.93	9.66E-01
10.93	9.66E-01
10.93	9.66E-01
10.93	9.66E-01
10.93	9.66E-01
10.93	9.66E-01
10.93	9.66E-01
10.93	9.66E-01
10.93	9.66E-01
10.93	9.66E-01
10.93	9.66E-01
10.93	9.66E-01
10.93	9.66E-01
10.93	9.66E-01
10.93	9.66E-01
10.94	9.66E-01
10.94	9.66E-01
10.94	9.66E-01
10.94	9.66E-01
10.94	9.66E-01
10.94	9.66E-01
10.94	9.66E-01
10.94	9.66E-01
10.94	9.66E-01
10.94	9.66E-01
10.94	9.66E-01
10.94	9.66E-01
10.94	9.66E-01
10.94	9.66E-01
10.94	9.66E-01
10.94	9.66E-01
10.94	9.66E-01
10.94	9.66E-01
10.94	9.66E-01
10.94	9.66E-01
10.94	9.66E-01
10.95	9.66E-01
10.95	9.66E-01
10.95	9.66E-01
10.95	9.66E-01
10.95	9.66E-01
10.95	9.66E-01
10.95	9.66E-01
10.95	9.66E-01
10.95	9.66E-01
10.95	9.66E-01
10.95	9.66E-01
10.95	9.66E-01
10.95	9.66E-01
10.95	9.66E-01
10.95	9.66E-01
10.95	9.66E-01
10.95	9.66E-01
10.95	9.66E-01
10.95	9.66E-01
10.95	9.66E-01
10.96	9.66E-01
10.96	9.66E-01
10.96	9.66E-01
10.96	9.66E-01
10.96	9.66E-01
10.96	9.66E-01
10.96	9.66E-01
10.96	9.66E-01
10.96	9.66E-01
10.96	9.66E-01
10.96	9.66E-01
10.96	9.66E-01
10.96	9.66E-01
10.96	9.66E-01
10.96	9.66E-01
10.96	9.66E-01
10.96	9.66E-01
10.96	9.66E-01
10.96	9.66E-01
10.97	9.66E-01
10.97	9.66E-01
10.97	9.66E-01
10.97	9.66E-01
10.97	9.66E-01
10.97	9.66E-01
10.97	9.66E-01
10.97	9.66E-01
10.97	9.66E-01
10.97	9.66E-01
10.97	9.66E-01
10.97	9.66E-01
10.97	9.66E-01
10.97	9.66E-01
10.97	9.66E-01
10.97	9.66E-01
10.97	9.66E-01
10.97	9.66E-01
10.97	9.66E-01
10.97	9.66E-01
10.98	9.66E-01
10.98	9.66E-01
10.98	9.66E-01
10.98	9.66E-01
10.98	9.66E-01
10.98	9.66E-01
10.98	9.66E-01
10.98	9.66E-01
10.98	9.66E-01
10.98	9.66E-01
10.98	9.66E-01
10.98	9.66E-01
10.98	9.66E-01
10.98	9.66E-01
10.98	9.66E-01
10.98	9.66E-01
10.98	9.66E-01
10.98	9.66E-01
10.98	9.66E-01
10.98	9.66E-01
10.98	9.66E-01
10.99	9.66E-01
10.99	9.66E-01
10.99	9.66E-01
10.99	9.66E-01
10.99	9.66E-01
10.99	9.66E-01
10.99	9.66E-01
10.99	9.66E-01
10.99	9.66E-01
10.99	9.66E-01
10.99	9.66E-01
10.99	9.66E-01
10.99	9.66E-01
10.99	9.66E-01
10.99	9.66E-01
10.99	9.66E-01
10.99	9.66E-01
10.99	9.66E-01
10.99	9.66E-01
10.99	9.66E-01
11	9.66E-01
11	9.66E-01
11	9.66E-01
11	9.66E-01
11	9.66E-01
11	9.66E-01
11	9.66E-01
11	9.66E-01
11	9.66E-01
11	9.66E-01
11	9.66E-01
11	9.66E-01
11	9.66E-01
11	9.66E-01
11	9.66E-01
11	9.66E-01
11	9.66E-01
11	9.66E-01
11	9.66E-01
11.01	9.66E-01
11.01	9.66E-01
11.01	9.66E-01
11.01	9.66E-01
11.01	9.66E-01
11.01	9.66E-01
11.01	9.66E-01
11.01	9.66E-01
11.01	9.66E-01
11.01	9.66E-01
11.01	9.66E-01
11.01	9.66E-01
11.01	9.66E-01
11.01	9.66E-01
11.01	9.66E-01
11.01	9.66E-01
11.01	9.66E-01
11.01	9.66E-01
11.01	9.66E-01
11.01	9.66E-01
11.02	9.66E-01
11.02	9.66E-01
11.02	9.66E-01
11.02	9.66E-01
11.02	9.66E-01
11.02	9.66E-01
11.02	9.66E-01
11.02	9.66E-01
11.02	9.66E-01
11.02	9.66E-01
11.02	9.66E-01
11.02	9.66E-01
11.02	9.66E-01
11.02	9.66E-01
11.02	9.66E-01
11.02	9.66E-01
11.02	9.66E-01
11.02	9.66E-01
11.02	9.66E-01
11.02	9.66E-01
11.02	9.66E-01
11.03	9.66E-01
11.03	9.66E-01
11.03	9.66E-01
11.03	9.66E-01
11.03	9.66E-01
11.03	9.66E-01
11.03	9.66E-01
11.03	9.66E-01
11.03	9.66E-01
11.03	9.66E-01
11.03	9.66E-01
11.03	9.66E-01
11.03	9.66E-01
11.03	9.66E-01
11.03	9.66E-01
11.03	9.66E-01
11.03	9.66E-01
11.03	9.66E-01
11.03	9.66E-01
11.03	9.66E-01
11.04	9.66E-01
11.04	9.66E-01
11.04	9.66E-01
11.04	9.66E-01
11.04	9.66E-01
11.04	9.66E-01
11.04	9.66E-01
11.04	9.66E-01
11.04	9.66E-01
11.04	9.66E-01
11.04	9.66E-01
11.04	9.66E-01
11.04	9.66E-01
11.04	9.66E-01
11.04	9.66E-01
11.04	9.66E-01
11.04	9.66E-01
11.04	9.66E-01
11.04	9.66E-01
11.05	9.66E-01
11.05	9.66E-01
11.05	9.66E-01
11.05	9.66E-01
11.05	9.66E-01
11.05	9.66E-01
11.05	9.66E-01
11.05	9.66E-01
11.05	9.66E-01
11.05	9.66E-01
11.05	9.66E-01
11.05	9.66E-01
11.05	9.66E-01
11.05	9.66E-01
11.05	9.66E-01
11.05	9.66E-01
11.05	9.66E-01
11.05	9.66E-01
11.05	9.66E-01
11.05	9.66E-01
11.06	9.66E-01
11.06	9.66E-01
11.06	9.66E-01
11.06	9.66E-01
11.06	9.66E-01
11.06	9.66E-01
11.06	9.66E-01
11.06	9.66E-01
11.06	9.66E-01
11.06	9.66E-01
11.06	9.66E-01
11.06	9.66E-01
11.06	9.66E-01
11.06	9.66E-01
11.06	9.66E-01
11.06	9.66E-01
11.06	9.66E-01
11.06	9.66E-01
11.06	9.66E-01
11.06	9.66E-01
11.06	9.66E-01
11.07	9.66E-01
11.07	9.66E-01
11.07	9.66E-01
11.07	9.66E-01
11.07	9.66E-01
11.07	9.66E-01
11.07	9.66E-01
11.07	9.66E-01
11.07	9.66E-01
11.07	9.66E-01
11.07	9.66E-01
11.07	9.66E-01
11.07	9.66E-01
11.07	9.66E-01
11.07	9.66E-01
11.07	9.66E-01
11.07	9.66E-01
11.07	9.66E-01
11.07	9.66E-01
11.07	9.66E-01
11.08	9.66E-01
11.08	9.66E-01
11.08	9.66E-01
11.08	9.66E-01
11.08	9.66E-01
11.08	9.66E-01
11.08	9.66E-01
11.08	9.66E-01
11.08	9.66E-01
11.08	9.66E-01
11.08	9.66E-01
11.08	9.66E-01
11.08	9.66E-01
11.08	9.66E-01
11.08	9.66E-01
11.08	9.66E-01
11.08	9.66E-01
11.08	9.66E-01
11.08	9.66E-01
11.09	9.66E-01
11.09	9.66E-01
11.09	9.66E-01
11.09	9.66E-01
11.09	9.66E-01
11.09	9.66E-01
11.09	9.66E-01
11.09	9.66E-01
11.09	9.66E-01
11.09	9.66E-01
11.09	9.66E-01
11.09	9.66E-01
11.09	9.66E-01
11.09	9.66E-01
11.09	9.66E-01
11.09	9.66E-01
11.09	9.66E-01
11.09	9.66E-01
11.09	9.66E-01
11.09	9.66E-01
11.1	9.66E-01
11.1	9.66E-01
11.1	9.66E-01
11.1	9.66E-01
11.1	9.66E-01
11.1	9.66E-01
11.1	9.66E-01
11.1	9.66E-01
11.1	9.66E-01
11.1	9.66E-01
11.1	9.66E-01
11.1	9.66E-01
11.1	9.66E-01
11.1	9.66E-01
11.1	9.66E-01
11.1	9.66E-01
11.1	9.66E-01
11.1	9.66E-01
11.1	9.66E-01
11.1	9.66E-01
11.1	9.66E-01
11.11	9.66E-01
11.11	9.66E-01
11.11	9.66E-01
11.11	9.66E-01
11.11	9.66E-01
11.11	9.66E-01
11.11	9.66E-01
11.11	9.66E-01
11.11	9.66E-01
11.11	9.66E-01
11.11	9.66E-01
11.11	9.66E-01
11.11	9.66E-01
11.11	9.66E-01
11.11	9.66E-01
11.11	9.66E-01
11.11	9.66E-01
11.11	9.66E-01
11.11	9.66E-01
11.11	9.66E-01
11.12	9.66E-01
11.12	9.66E-01
11.12	9.66E-01
11.12	9.66E-01
11.12	9.66E-01
11.12	9.66E-01
11.12	9.66E-01
11.12	9.66E-01
11.12	9.66E-01
11.12	9.66E-01
11.12	9.66E-01
11.12	9.66E-01
11.12	9.66E-01
11.12	9.66E-01
11.12	9.66E-01
11.12	9.66E-01
11.12	9.66E-01
11.12	9.66E-01
11.12	9.66E-01
11.12	9.66E-01
11.13	9.66E-01
11.13	9.66E-01
11.13	9.66E-01
11.13	9.66E-01
11.13	9.66E-01
11.13	9.66E-01
11.13	9.66E-01
11.13	9.66E-01
11.13	9.66E-01
11.13	9.66E-01
11.13	9.66E-01
11.13	9.66E-01
11.13	9.66E-01
11.13	9.66E-01
11.13	9.66E-01
11.13	9.66E-01
11.13	9.66E-01
11.13	9.66E-01
11.13	9.66E-01
11.14	9.66E-01
11.14	9.66E-01
11.14	9.66E-01
11.14	9.66E-01
11.14	9.66E-01
11.14	9.66E-01
11.14	9.66E-01
11.14	9.66E-01
11.14	9.66E-01
11.14	9.66E-01
11.14	9.66E-01
11.14	9.66E-01
11.14	9.66E-01
11.14	9.66E-01
11.14	9.66E-01
11.14	9.66E-01
11.14	9.66E-01
11.14	9.66E-01
11.14	9.66E-01
11.14	9.66E-01
11.15	9.66E-01
11.15	9.66E-01
11.15	9.66E-01
11.15	9.66E-01
11.15	9.66E-01
11.15	9.66E-01
11.15	9.66E-01
11.15	9.66E-01
11.15	9.66E-01
11.15	9.66E-01
11.15	9.66E-01
11.15	9.66E-01
11.15	9.66E-01
11.15	9.66E-01
11.15	9.66E-01
11.15	9.66E-01
11.15	9.66E-01
11.15	9.66E-01
11.15	9.66E-01
11.15	9.66E-01
11.15	9.66E-01
11.16	9.66E-01
11.16	9.66E-01
11.16	9.66E-01
11.16	9.66E-01
11.16	9.66E-01
11.16	9.66E-01
11.16	9.66E-01
11.16	9.66E-01
11.16	9.66E-01
11.16	9.66E-01
11.16	9.66E-01
11.16	9.66E-01
11.16	9.66E-01
11.16	9.66E-01
11.16	9.66E-01
11.16	9.66E-01
11.16	9.66E-01
11.16	9.66E-01
11.16	9.66E-01
11.16	9.66E-01
11.17	9.66E-01
11.17	9.66E-01
11.17	9.66E-01
11.17	9.66E-01
11.17	9.66E-01
11.17	9.66E-01
11.17	9.66E-01
11.17	9.66E-01
11.17	9.66E-01
11.17	9.66E-01
11.17	9.66E-01
11.17	9.66E-01
11.17	9.66E-01
11.17	9.66E-01
11.17	9.66E-01
11.17	9.66E-01
11.17	9.66E-01
11.17	9.66E-01
11.17	9.66E-01
11.18	9.66E-01
11.18	9.66E-01
11.18	9.66E-01
11.18	9.66E-01
11.18	9.66E-01
11.18	9.66E-01
11.18	9.66E-01
11.18	9.66E-01
11.18	9.66E-01
11.18	9.66E-01
11.18	9.66E-01
11.18	9.66E-01
11.18	9.66E-01
11.18	9.66E-01
11.18	9.66E-01
11.18	9.66E-01
11.18	9.66E-01
11.18	9.66E-01
11.18	9.66E-01
11.18	9.66E-01
11.19	9.66E-01
11.19	9.66E-01
11.19	9.66E-01
11.19	9.66E-01
11.19	9.66E-01
11.19	9.66E-01
11.19	9.66E-01
11.19	9.66E-01
11.19	9.66E-01
11.19	9.66E-01
11.19	9.66E-01
11.19	9.66E-01
11.19	9.66E-01
11.19	9.66E-01
11.19	9.66E-01
11.19	9.66E-01
11.19	9.66E-01
11.19	9.66E-01
11.19	9.66E-01
11.19	9.66E-01
11.19	9.66E-01
11.2	9.66E-01
11.2	9.66E-01
11.2	9.66E-01
11.2	9.66E-01
11.2	9.66E-01
11.2	9.66E-01
11.2	9.66E-01
11.2	9.66E-01
11.2	9.66E-01
11.2	9.66E-01
11.2	9.66E-01
11.2	9.66E-01
11.2	9.66E-01
11.2	9.66E-01
11.2	9.66E-01
11.2	9.66E-01
11.2	9.66E-01
11.2	9.66E-01
11.2	9.66E-01
11.2	9.66E-01
11.21	9.66E-01
11.21	9.66E-01
11.21	9.66E-01
11.21	9.66E-01
11.21	9.66E-01
11.21	9.66E-01
11.21	9.66E-01
11.21	9.66E-01
11.21	9.66E-01
11.21	9.66E-01
11.21	9.66E-01
11.21	9.66E-01
11.21	9.66E-01
11.21	9.66E-01
11.21	9.66E-01
11.21	9.66E-01
11.21	9.66E-01
11.21	9.66E-01
11.21	9.66E-01
11.22	9.66E-01
11.22	9.66E-01
11.22	9.66E-01
11.22	9.66E-01
11.22	9.66E-01
11.22	9.66E-01
11.22	9.66E-01
11.22	9.66E-01
11.22	9.66E-01
11.22	9.66E-01
11.22	9.66E-01
11.22	9.66E-01
11.22	9.66E-01
11.22	9.66E-01
11.22	9.66E-01
11.22	9.66E-01
11.22	9.66E-01
11.22	9.66E-01
11.22	9.66E-01
11.22	9.66E-01
11.23	9.66E-01
11.23	9.66E-01
11.23	9.66E-01
11.23	9.66E-01
11.23	9.66E-01
11.23	9.66E-01
11.23	9.66E-01
11.23	9.66E-01
11.23	9.66E-01
11.23	9.66E-01
11.23	9.66E-01
11.23	9.66E-01
11.23	9.66E-01
11.23	9.66E-01
11.23	9.66E-01
11.23	9.66E-01
11.23	9.66E-01
11.23	9.66E-01
11.23	9.66E-01
11.23	9.66E-01
11.23	9.66E-01
11.24	9.66E-01
11.24	9.66E-01
11.24	9.66E-01
11.24	9.66E-01
11.24	9.66E-01
11.24	9.66E-01
11.24	9.66E-01
11.24	9.66E-01
11.24	9.66E-01
11.24	9.66E-01
11.24	9.66E-01
11.24	9.66E-01
11.24	9.66E-01
11.24	9.66E-01
11.24	9.66E-01
11.24	9.66E-01
11.24	9.66E-01
11.24	9.66E-01
11.24	9.66E-01
11.24	9.66E-01
11.25	9.66E-01
11.25	9.66E-01
11.25	9.66E-01
11.25	9.66E-01
11.25	9.66E-01
11.25	9.66E-01
11.25	9.66E-01
11.25	9.66E-01
11.25	9.66E-01
11.25	9.66E-01
11.25	9.66E-01
11.25	9.66E-01
11.25	9.66E-01
11.25	9.66E-01
11.25	9.66E-01
11.25	9.66E-01
11.25	9.66E-01
11.25	9.66E-01
11.25	9.66E-01
11.26	9.66E-01
11.26	9.66E-01
11.26	9.66E-01
11.26	9.66E-01
11.26	9.66E-01
11.26	9.66E-01
11.26	9.66E-01
11.26	9.66E-01
11.26	9.66E-01
11.26	9.66E-01
11.26	9.66E-01
11.26	9.66E-01
11.26	9.66E-01
11.26	9.66E-01
11.26	9.66E-01
11.26	9.66E-01
11.26	9.66E-01
11.26	9.66E-01
11.26	9.66E-01
11.26	9.66E-01
11.27	9.66E-01
11.27	9.66E-01
11.27	9.66E-01
11.27	9.66E-01
11.27	9.66E-01
11.27	9.66E-01
11.27	9.66E-01
11.27	9.66E-01
11.27	9.66E-01
11.27	9.66E-01
11.27	9.66E-01
11.27	9.66E-01
11.27	9.66E-01
11.27	9.66E-01
11.27	9.66E-01
11.27	9.66E-01
11.27	9.66E-01
11.27	9.66E-01
11.27	9.66E-01
11.27	9.66E-01
11.27	9.66E-01
11.28	9.66E-01
11.28	9.66E-01
11.28	9.66E-01
11.28	9.66E-01
11.28	9.66E-01
11.28	9.66E-01
11.28	9.66E-01
11.28	9.66E-01
11.28	9.66E-01
11.28	9.66E-01
11.28	9.66E-01
11.28	9.66E-01
11.28	9.66E-01
11.28	9.66E-01
11.28	9.66E-01
11.28	9.66E-01
11.28	9.66E-01
11.28	9.66E-01
11.28	9.66E-01
11.28	9.66E-01
11.29	9.66E-01
11.29	9.66E-01
11.29	9.66E-01
11.29	9.66E-01
11.29	9.66E-01
11.29	9.66E-01
11.29	9.66E-01
11.29	9.66E-01
11.29	9.66E-01
11.29	9.66E-01
11.29	9.66E-01
11.29	9.66E-01
11.29	9.66E-01
11.29	9.66E-01
11.29	9.66E-01
11.29	9.66E-01
11.29	9.66E-01
11.29	9.66E-01
11.29	9.66E-01
11.3	9.66E-01
11.3	9.66E-01
11.3	9.66E-01
11.3	9.66E-01
11.3	9.66E-01
11.3	9.66E-01
11.3	9.66E-01
11.3	9.66E-01
11.3	9.66E-01
11.3	9.66E-01
11.3	9.66E-01
11.3	9.66E-01
11.3	9.66E-01
11.3	9.66E-01
11.3	9.66E-01
11.3	9.66E-01
11.3	9.66E-01
11.3	9.66E-01
11.3	9.66E-01
11.3	9.66E-01
11.31	9.66E-01
11.31	9.66E-01
11.31	9.66E-01
11.31	9.66E-01
11.31	9.66E-01
11.31	9.66E-01
11.31	9.66E-01
11.31	9.66E-01
11.31	9.66E-01
11.31	9.66E-01
11.31	9.66E-01
11.31	9.66E-01
11.31	9.66E-01
11.31	9.66E-01
11.31	9.66E-01
11.31	9.66E-01
11.31	9.66E-01
11.31	9.66E-01
11.31	9.66E-01
11.31	9.66E-01
11.31	9.66E-01
11.32	9.66E-01
11.32	9.66E-01
11.32	9.66E-01
11.32	9.66E-01
11.32	9.66E-01
11.32	9.66E-01
11.32	9.66E-01
11.32	9.66E-01
11.32	9.66E-01
11.32	9.66E-01
11.32	9.66E-01
11.32	9.66E-01
11.32	9.66E-01
11.32	9.66E-01
11.32	9.66E-01
11.32	9.66E-01
11.32	9.66E-01
11.32	9.66E-01
11.32	9.66E-01
11.32	9.66E-01
11.33	9.66E-01
11.33	9.66E-01
11.33	9.66E-01
11.33	9.66E-01
11.33	9.66E-01
11.33	9.66E-01
11.33	9.66E-01
11.33	9.66E-01
11.33	9.66E-01
11.33	9.66E-01
11.33	9.66E-01
11.33	9.66E-01
11.33	9.66E-01
11.33	9.66E-01
11.33	9.66E-01
11.33	9.66E-01
11.33	9.66E-01
11.33	9.66E-01
11.33	9.66E-01
11.34	9.66E-01
11.34	9.66E-01
11.34	9.66E-01
11.34	9.66E-01
11.34	9.66E-01
11.34	9.66E-01
11.34	9.66E-01
11.34	9.66E-01
11.34	9.66E-01
11.34	9.66E-01
11.34	9.66E-01
11.34	9.66E-01
11.34	9.66E-01
11.34	9.66E-01
11.34	9.66E-01
11.34	9.66E-01
11.34	9.66E-01
11.34	9.66E-01
11.34	9.66E-01
11.34	9.66E-01
11.35	9.66E-01
11.35	9.66E-01
11.35	9.66E-01
11.35	9.66E-01
11.35	9.66E-01
11.35	9.66E-01
11.35	9.66E-01
11.35	9.66E-01
11.35	9.66E-01
11.35	9.66E-01
11.35	9.66E-01
11.35	9.66E-01
11.35	9.66E-01
11.35	9.66E-01
11.35	9.66E-01
11.35	9.66E-01
11.35	9.66E-01
11.35	9.66E-01
11.35	9.66E-01
11.35	9.66E-01
11.35	9.66E-01
11.36	9.66E-01
11.36	9.66E-01
11.36	9.66E-01
11.36	9.66E-01
11.36	9.66E-01
11.36	9.66E-01
11.36	9.66E-01
11.36	9.66E-01
11.36	9.66E-01
11.36	9.66E-01
11.36	9.66E-01
11.36	9.66E-01
11.36	9.66E-01
11.36	9.66E-01
11.36	9.66E-01
11.36	9.66E-01
11.36	9.66E-01
11.36	9.66E-01
11.36	9.66E-01
11.36	9.66E-01
11.37	9.66E-01
11.37	9.66E-01
11.37	9.66E-01
11.37	9.66E-01
11.37	9.66E-01
11.37	9.66E-01
11.37	9.66E-01
11.37	9.66E-01
11.37	9.66E-01
11.37	9.66E-01
11.37	9.66E-01
11.37	9.66E-01
11.37	9.66E-01
11.37	9.66E-01
11.37	9.66E-01
11.37	9.66E-01
11.37	9.66E-01
11.37	9.66E-01
11.37	9.66E-01
11.38	9.66E-01
11.38	9.66E-01
11.38	9.66E-01
11.38	9.66E-01
11.38	9.66E-01
11.38	9.66E-01
11.38	9.66E-01
11.38	9.66E-01
11.38	9.66E-01
11.38	9.66E-01
11.38	9.66E-01
11.38	9.66E-01
11.38	9.66E-01
11.38	9.66E-01
11.38	9.66E-01
11.38	9.66E-01
11.38	9.66E-01
11.38	9.66E-01
11.38	9.66E-01
11.38	9.66E-01
11.39	9.66E-01
11.39	9.66E-01
11.39	9.66E-01
11.39	9.66E-01
11.39	9.66E-01
11.39	9.66E-01
11.39	9.66E-01
11.39	9.66E-01
11.39	9.66E-01
11.39	9.66E-01
11.39	9.66E-01
11.39	9.66E-01
11.39	9.66E-01
11.39	9.66E-01
11.39	9.66E-01
11.39	9.66E-01
11.39	9.66E-01
11.39	9.66E-01
11.39	9.66E-01
11.39	9.66E-01
11.4	9.66E-01
11.4	9.66E-01
11.4	9.66E-01
11.4	9.66E-01
11.4	9.66E-01
11.4	9.66E-01
11.4	9.66E-01
11.4	9.66E-01
11.4	9.66E-01
11.4	9.66E-01
11.4	9.66E-01
11.4	9.66E-01
11.4	9.66E-01
11.4	9.66E-01
11.4	9.66E-01
11.4	9.66E-01
11.4	9.66E-01
11.4	9.66E-01
11.4	9.66E-01
11.4	9.66E-01
11.4	9.66E-01
11.41	9.66E-01
11.41	9.66E-01
11.41	9.66E-01
11.41	9.66E-01
11.41	9.66E-01
11.41	9.66E-01
11.41	9.66E-01
11.41	9.66E-01
11.41	9.66E-01
11.41	9.66E-01
11.41	9.66E-01
11.41	9.66E-01
11.41	9.66E-01
11.41	9.66E-01
11.41	9.66E-01
11.41	9.66E-01
11.41	9.66E-01
11.41	9.66E-01
11.41	9.66E-01
11.41	9.66E-01
11.42	9.66E-01
11.42	9.66E-01
11.42	9.66E-01
11.42	9.66E-01
11.42	9.66E-01
11.42	9.66E-01
11.42	9.66E-01
11.42	9.66E-01
11.42	9.66E-01
11.42	9.66E-01
11.42	9.66E-01
11.42	9.66E-01
11.42	9.66E-01
11.42	9.66E-01
11.42	9.66E-01
11.42	9.66E-01
11.42	9.66E-01
11.42	9.66E-01
11.42	9.66E-01
11.43	9.66E-01
11.43	9.66E-01
11.43	9.66E-01
11.43	9.66E-01
11.43	9.66E-01
11.43	9.66E-01
11.43	9.66E-01
11.43	9.66E-01
11.43	9.66E-01
11.43	9.66E-01
11.43	9.66E-01
11.43	9.66E-01
11.43	9.66E-01
11.43	9.66E-01
11.43	9.66E-01
11.43	9.66E-01
11.43	9.66E-01
11.43	9.66E-01
11.43	9.66E-01
11.43	9.66E-01
11.44	9.66E-01
11.44	9.66E-01
11.44	9.66E-01
11.44	9.66E-01
11.44	9.66E-01
11.44	9.66E-01
11.44	9.66E-01
11.44	9.66E-01
11.44	9.66E-01
11.44	9.66E-01
11.44	9.66E-01
11.44	9.66E-01
11.44	9.66E-01
11.44	9.66E-01
11.44	9.66E-01
11.44	9.66E-01
11.44	9.66E-01
11.44	9.66E-01
11.44	9.66E-01
11.44	9.66E-01
11.44	9.66E-01
11.45	9.66E-01
11.45	9.66E-01
11.45	9.66E-01
11.45	9.66E-01
11.45	9.66E-01
11.45	9.66E-01
11.45	9.66E-01
11.45	9.66E-01
11.45	9.66E-01
11.45	9.66E-01
11.45	9.66E-01
11.45	9.66E-01
11.45	9.66E-01
11.45	9.66E-01
11.45	9.66E-01
11.45	9.66E-01
11.45	9.66E-01
11.45	9.66E-01
11.45	9.66E-01
11.45	9.66E-01
11.46	9.66E-01
11.46	9.66E-01
11.46	9.66E-01
11.46	9.66E-01
11.46	9.66E-01
11.46	9.66E-01
11.46	9.66E-01
11.46	9.66E-01
11.46	9.66E-01
11.46	9.66E-01
11.46	9.66E-01
11.46	9.66E-01
11.46	9.66E-01
11.46	9.66E-01
11.46	9.66E-01
11.46	9.66E-01
11.46	9.66E-01
11.46	9.66E-01
11.46	9.66E-01
11.47	9.66E-01
11.47	9.66E-01
11.47	9.66E-01
11.47	9.66E-01
11.47	9.66E-01
11.47	9.66E-01
11.47	9.66E-01
11.47	9.66E-01
11.47	9.66E-01
11.47	9.66E-01
11.47	9.66E-01
11.47	9.66E-01
11.47	9.66E-01
11.47	9.66E-01
11.47	9.66E-01
11.47	9.66E-01
11.47	9.66E-01
11.47	9.66E-01
11.47	9.66E-01
11.47	9.66E-01
11.48	9.66E-01
11.48	9.66E-01
11.48	9.66E-01
11.48	9.66E-01
11.48	9.66E-01
11.48	9.66E-01
11.48	9.66E-01
11.48	9.66E-01
11.48	9.66E-01
11.48	9.66E-01
11.48	9.66E-01
11.48	9.66E-01
11.48	9.66E-01
11.48	9.66E-01
11.48	9.66E-01
11.48	9.66E-01
11.48	9.66E-01
11.48	9.66E-01
11.48	9.66E-01
11.48	9.66E-01
11.48	9.66E-01
11.49	9.66E-01
11.49	9.66E-01
11.49	9.66E-01
11.49	9.66E-01
11.49	9.66E-01
11.49	9.66E-01
11.49	9.66E-01
11.49	9.66E-01
11.49	9.66E-01
11.49	9.66E-01
11.49	9.66E-01
11.49	9.66E-01
11.49	9.66E-01
11.49	9.66E-01
11.49	9.66E-01
11.49	9.66E-01
11.49	9.66E-01
11.49	9.66E-01
11.49	9.66E-01
11.49	9.66E-01
11.5	9.66E-01
11.5	9.66E-01
11.5	9.66E-01
11.5	9.66E-01
11.5	9.66E-01
11.5	9.66E-01
11.5	9.66E-01
11.5	9.66E-01
11.5	9.66E-01
11.5	9.66E-01
11.5	9.66E-01
11.5	9.66E-01
11.5	9.66E-01
11.5	9.66E-01
11.5	9.66E-01
11.5	9.66E-01
11.5	9.66E-01
11.5	9.66E-01
11.5	9.66E-01
11.51	9.66E-01
11.51	9.66E-01
11.51	9.66E-01
11.51	9.66E-01
11.51	9.66E-01
11.51	9.66E-01
11.51	9.66E-01
11.51	9.66E-01
11.51	9.66E-01
11.51	9.66E-01
11.51	9.66E-01
11.51	9.66E-01
11.51	9.66E-01
11.51	9.66E-01
11.51	9.66E-01
11.51	9.66E-01
11.51	9.66E-01
11.51	9.66E-01
11.51	9.66E-01
11.51	9.66E-01
11.52	9.66E-01
11.52	9.66E-01
11.52	9.66E-01
11.52	9.66E-01
11.52	9.66E-01
11.52	9.66E-01
11.52	9.66E-01
11.52	9.66E-01
11.52	9.66E-01
11.52	9.66E-01
11.52	9.66E-01
11.52	9.66E-01
11.52	9.66E-01
11.52	9.66E-01
11.52	9.66E-01
11.52	9.66E-01
11.52	9.66E-01
11.52	9.66E-01
11.52	9.66E-01
11.52	9.66E-01
11.52	9.66E-01
11.53	9.66E-01
11.53	9.66E-01
11.53	9.66E-01
11.53	9.66E-01
11.53	9.66E-01
11.53	9.66E-01
11.53	9.66E-01
11.53	9.66E-01
11.53	9.66E-01
11.53	9.66E-01
11.53	9.66E-01
11.53	9.66E-01
11.53	9.66E-01
11.53	9.66E-01
11.53	9.66E-01
11.53	9.66E-01
11.53	9.66E-01
11.53	9.66E-01
11.53	9.66E-01
11.53	9.66E-01
11.54	9.66E-01
11.54	9.66E-01
11.54	9.66E-01
11.54	9.66E-01
11.54	9.66E-01
11.54	9.66E-01
11.54	9.66E-01
11.54	9.66E-01
11.54	9.66E-01
11.54	9.66E-01
11.54	9.66E-01
11.54	9.66E-01
11.54	9.66E-01
11.54	9.66E-01
11.54	9.66E-01
11.54	9.66E-01
11.54	9.66E-01
11.54	9.66E-01
11.54	9.66E-01
11.55	9.66E-01
11.55	9.66E-01
11.55	9.66E-01
11.55	9.66E-01
11.55	9.66E-01
11.55	9.66E-01
11.55	9.66E-01
11.55	9.66E-01
11.55	9.66E-01
11.55	9.66E-01
11.55	9.66E-01
11.55	9.66E-01
11.55	9.66E-01
11.55	9.66E-01
11.55	9.66E-01
11.55	9.66E-01
11.55	9.66E-01
11.55	9.66E-01
11.55	9.66E-01
11.55	9.66E-01
11.56	9.66E-01
11.56	9.66E-01
11.56	9.66E-01
11.56	9.66E-01
11.56	9.66E-01
11.56	9.66E-01
11.56	9.66E-01
11.56	9.66E-01
11.56	9.66E-01
11.56	9.66E-01
11.56	9.66E-01
11.56	9.66E-01
11.56	9.66E-01
11.56	9.66E-01
11.56	9.66E-01
11.56	9.66E-01
11.56	9.66E-01
11.56	9.66E-01
11.56	9.66E-01
11.56	9.66E-01
11.56	9.66E-01
11.57	9.66E-01
11.57	9.66E-01
11.57	9.66E-01
11.57	9.66E-01
11.57	9.66E-01
11.57	9.66E-01
11.57	9.66E-01
11.57	9.66E-01
11.57	9.66E-01
11.57	9.66E-01
11.57	9.66E-01
11.57	9.66E-01
11.57	9.66E-01
11.57	9.66E-01
11.57	9.66E-01
11.57	9.66E-01
11.57	9.66E-01
11.57	9.66E-01
11.57	9.66E-01
11.57	9.66E-01
11.58	9.66E-01
11.58	9.66E-01
11.58	9.66E-01
11.58	9.66E-01
11.58	9.66E-01
11.58	9.66E-01
11.58	9.66E-01
11.58	9.66E-01
11.58	9.66E-01
11.58	9.66E-01
11.58	9.66E-01
11.58	9.66E-01
11.58	9.66E-01
11.58	9.66E-01
11.58	9.66E-01
11.58	9.66E-01
11.58	9.66E-01
11.58	9.66E-01
11.58	9.66E-01
11.59	9.66E-01
11.59	9.66E-01
11.59	9.66E-01
11.59	9.66E-01
11.59	9.66E-01
11.59	9.66E-01
11.59	9.66E-01
11.59	9.66E-01
11.59	9.66E-01
11.59	9.66E-01
11.59	9.66E-01
11.59	9.66E-01
11.59	9.66E-01
11.59	9.66E-01
11.59	9.66E-01
11.59	9.66E-01
11.59	9.66E-01
11.59	9.66E-01
11.59	9.66E-01
11.59	9.66E-01
11.6	9.66E-01
11.6	9.66E-01
11.6	9.66E-01
11.6	9.66E-01
11.6	9.66E-01
11.6	9.66E-01
11.6	9.66E-01
11.6	9.66E-01
11.6	9.66E-01
11.6	9.66E-01
11.6	9.66E-01
11.6	9.66E-01
11.6	9.66E-01
11.6	9.66E-01
11.6	9.66E-01
11.6	9.66E-01
11.6	9.66E-01
11.6	9.65E-01
11.6	9.65E-01
11.6	9.65E-01
11.6	9.65E-01
11.61	9.65E-01
11.61	9.65E-01
11.61	9.65E-01
11.61	9.65E-01
11.61	9.65E-01
11.61	9.65E-01
11.61	9.65E-01
11.61	9.65E-01
11.61	9.65E-01
11.61	9.65E-01
11.61	9.65E-01
11.61	9.65E-01
11.61	9.65E-01
11.61	9.65E-01
11.61	9.65E-01
11.61	9.65E-01
11.61	9.65E-01
11.61	9.65E-01
11.61	9.65E-01
11.61	9.65E-01
11.62	9.65E-01
11.62	9.65E-01
11.62	9.65E-01
11.62	9.65E-01
11.62	9.65E-01
11.62	9.65E-01
11.62	9.65E-01
11.62	9.65E-01
11.62	9.65E-01
11.62	9.65E-01
11.62	9.65E-01
11.62	9.65E-01
11.62	9.65E-01
11.62	9.65E-01
11.62	9.65E-01
11.62	9.65E-01
11.62	9.65E-01
11.62	9.65E-01
11.62	9.65E-01
11.62	0
11.63	0
11.63	0
11.63	0
11.63	0
11.63	0
11.63	0
11.63	0
11.63	0
11.63	0
11.63	0
11.63	0
11.63	0
11.63	0
11.63	0
11.63	0
11.63	0
11.63	0
11.63	0
11.63	0
11.64	0
11.64	0
11.64	0
11.64	0
11.64	0
11.64	0
11.64	0
11.64	0
11.64	0
11.64	0
11.64	0
11.64	0
11.64	0
11.64	0
11.64	0
11.64	0
11.64	0
11.64	0
11.64	0
11.64	0
11.65	0
11.65	0
11.65	0
11.65	0
11.65	0
11.65	0
11.65	0
11.65	0
11.65	0
11.65	0
11.65	0
11.65	0
11.65	0
11.65	0
11.65	0
11.65	0
11.65	0
11.65	0
11.65	0
11.65	0
11.65	0
11.66	0
11.66	0
11.66	0
11.66	0
11.66	0
11.66	0
11.66	0
11.66	0
11.66	0
11.66	0
11.66	0
11.66	0
11.66	0
11.66	0
11.66	0
11.66	0
11.66	0
11.66	0
11.66	0
11.66	0
11.67	0
11.67	0
11.67	0
11.67	0
11.67	0
11.67	0
11.67	0
11.67	0
11.67	0
11.67	0
11.67	0
11.67	0
11.67	0
11.67	0
11.67	0
11.67	0
11.67	0
11.67	0
11.67	0
11.68	0
11.68	0
11.68	0
11.68	0
11.68	0
11.68	0
11.68	0
11.68	0
11.68	0
11.68	0
11.68	0
11.68	0
11.68	0
11.68	0
11.68	0
11.68	0
11.68	0
11.68	0
11.68	0
11.68	0
11.69	0
11.69	0
11.69	0
11.69	0
11.69	0
11.69	0
11.69	0
11.69	0
11.69	0
11.69	0
11.69	0
11.69	0
11.69	0
11.69	0
11.69	0
11.69	0
11.69	0
11.69	0
11.69	0
11.69	0
11.69	0
11.7	0
11.7	0
11.7	0
11.7	0
11.7	0
11.7	0
11.7	0
11.7	0
11.7	0
11.7	0
11.7	0
11.7	0
11.7	0
11.7	0
11.7	0
11.7	0
11.7	0
11.7	0
11.7	0
11.7	0
11.71	0
11.71	0
11.71	0
11.71	0
11.71	0
11.71	0
11.71	0
11.71	0
11.71	0
11.71	0
11.71	0
11.71	0
11.71	0
11.71	0
11.71	0
11.71	0
11.71	0
11.71	0
11.71	0
11.72	0
11.72	0
11.72	0
11.72	0
11.72	0
11.72	0
11.72	0
11.72	0
11.72	0
11.72	0
11.72	0
11.72	0
11.72	0
11.72	0
11.72	0
11.72	0
11.72	0
11.72	0
11.72	0
11.72	0
11.73	0
11.73	0
11.73	0
11.73	0
11.73	0
11.73	0
11.73	0
11.73	0
11.73	0
11.73	0
11.73	0
11.73	0
11.73	0
11.73	0
11.73	0
11.73	0
11.73	0
11.73	0
11.73	0
11.73	0
11.73	0
11.74	0
11.74	0
11.74	0
11.74	0
11.74	0
11.74	0
11.74	0
11.74	0
11.74	0
11.74	0
11.74	0
11.74	0
11.74	0
11.74	0
11.74	0
11.74	0
11.74	0
11.74	0
11.74	0
11.74	0
11.75	0
11.75	0
11.75	0
11.75	0
11.75	0
11.75	0
11.75	0
11.75	0
11.75	0
11.75	0
11.75	0
11.75	0
11.75	0
11.75	0
11.75	0
11.75	0
11.75	0
11.75	0
11.75	0
11.76	0
11.76	0
11.76	0
11.76	0
11.76	0
11.76	0
11.76	0
11.76	0
11.76	0
11.76	0
11.76	0
11.76	0
11.76	0
11.76	0
11.76	0
11.76	0
11.76	0
11.76	0
11.76	0
11.76	0
11.77	0
11.77	0
11.77	0
11.77	0
11.77	0
11.77	0
11.77	0
11.77	0
11.77	0
11.77	0
11.77	0
11.77	0
11.77	0
11.77	0
11.77	0
11.77	0
11.77	0
11.77	0
11.77	0
11.77	0
11.77	0
11.78	0
11.78	0
11.78	0
11.78	0
11.78	0
11.78	0
11.78	0
11.78	0
11.78	0
11.78	0
11.78	0
11.78	0
11.78	0
11.78	0
11.78	0
11.78	0
11.78	0
11.78	0
11.78	0
11.78	0
11.79	0
11.79	0
11.79	0
11.79	0
11.79	0
11.79	0
11.79	0
11.79	0
11.79	0
11.79	0
11.79	0
11.79	0
11.79	0
11.79	0
11.79	0
11.79	0
11.79	0
11.79	0
11.79	0
11.8	0
11.8	0
11.8	0
11.8	0
11.8	0
11.8	0
11.8	0
11.8	0
11.8	0
11.8	0
11.8	0
11.8	0
11.8	0
11.8	0
11.8	0
11.8	0
11.8	0
11.8	0
11.8	0
11.8	0
11.81	0
11.81	0
11.81	0
11.81	0
11.81	0
11.81	0
11.81	0
11.81	0
11.81	0
11.81	0
11.81	0
11.81	0
11.81	0
11.81	0
11.81	0
11.81	0
11.81	0
11.81	0
11.81	0
11.81	0
11.81	0
11.82	0
11.82	0
11.82	0
11.82	0
11.82	0
11.82	0
11.82	0
11.82	0
11.82	0
11.82	0
11.82	0
11.82	0
11.82	0
11.82	0
11.82	0
11.82	0
11.82	0
11.82	0
11.82	0
11.82	0
11.83	0
11.83	0
11.83	0
11.83	0
11.83	0
11.83	0
11.83	0
11.83	0
11.83	0
11.83	0
11.83	0
11.83	0
11.83	0
11.83	0
11.83	0
11.83	0
11.83	0
11.83	0
11.83	0
11.84	0
11.84	0
11.84	0
11.84	0
11.84	0
11.84	0
11.84	0
11.84	0
11.84	0
11.84	0
11.84	0
11.84	0
11.84	0
11.84	0
11.84	0
11.84	0
11.84	0
11.84	0
11.84	0
11.84	0
11.85	0
11.85	0
11.85	0
11.85	0
11.85	0
11.85	0
11.85	0
11.85	0
11.85	0
11.85	0
11.85	0
11.85	0
11.85	0
11.85	0
11.85	0
11.85	0
11.85	0
11.85	0
11.85	0
11.85	0
11.85	0
11.86	0
11.86	0
11.86	0
11.86	0
11.86	0
11.86	0
11.86	0
11.86	0
11.86	0
11.86	0
11.86	0
11.86	0
11.86	0
11.86	0
11.86	0
11.86	0
11.86	0
11.86	0
11.86	0
11.86	0
11.87	0
11.87	0
11.87	0
11.87	0
11.87	0
11.87	0
11.87	0
11.87	0
11.87	0
11.87	0
11.87	0
11.87	0
11.87	0
11.87	0
11.87	0
11.87	0
11.87	0
11.87	0
11.87	0
11.88	0
11.88	0
11.88	0
11.88	0
11.88	0
11.88	0
11.88	0
11.88	0
11.88	0
11.88	0
11.88	9.50E-03
11.88	1.89E-02
11.88	2.82E-02
11.88	3.73E-02
11.88	4.64E-02
11.88	5.53E-02
11.88	6.42E-02
11.88	7.29E-02
11.88	8.15E-02
11.88	9.01E-02
11.89	9.85E-02
11.89	1.07E-01
11.89	1.15E-01
11.89	1.23E-01
11.89	1.31E-01
11.89	1.39E-01
11.89	1.47E-01
11.89	1.55E-01
11.89	1.62E-01
11.89	1.70E-01
11.89	1.78E-01
11.89	1.85E-01
11.89	1.92E-01
11.89	2.00E-01
11.89	2.07E-01
11.89	2.14E-01
11.89	2.21E-01
11.89	2.28E-01
11.89	2.34E-01
11.89	2.41E-01
11.9	2.48E-01
11.9	2.55E-01
11.9	2.61E-01
11.9	2.67E-01
11.9	2.74E-01
11.9	2.80E-01
11.9	2.86E-01
11.9	2.93E-01
11.9	2.99E-01
11.9	3.05E-01
11.9	3.11E-01
11.9	3.17E-01
11.9	3.22E-01
11.9	3.28E-01
11.9	3.34E-01
11.9	3.40E-01
11.9	3.45E-01
11.9	3.51E-01
11.9	3.56E-01
11.9	3.62E-01
11.9	3.67E-01
11.91	3.72E-01
11.91	3.77E-01
11.91	3.83E-01
11.91	3.88E-01
11.91	3.93E-01
11.91	3.98E-01
11.91	4.03E-01
11.91	4.08E-01
11.91	4.13E-01
11.91	4.17E-01
11.91	4.22E-01
11.91	4.27E-01
11.91	4.32E-01
11.91	4.36E-01
11.91	4.41E-01
11.91	4.45E-01
11.91	4.50E-01
11.91	4.54E-01
11.91	4.58E-01
11.91	4.63E-01
11.92	4.67E-01
11.92	4.71E-01
11.92	4.75E-01
11.92	4.80E-01
11.92	4.84E-01
11.92	4.88E-01
11.92	4.92E-01
11.92	4.96E-01
11.92	5.00E-01
11.92	5.04E-01
11.92	5.08E-01
11.92	5.11E-01
11.92	5.15E-01
11.92	5.19E-01
11.92	5.23E-01
11.92	5.26E-01
11.92	5.30E-01
11.92	5.34E-01
11.92	5.37E-01
11.93	5.41E-01
11.93	5.44E-01
11.93	5.48E-01
11.93	5.51E-01
11.93	5.54E-01
11.93	5.58E-01
11.93	5.61E-01
11.93	5.64E-01
11.93	5.68E-01
11.93	5.71E-01
11.93	5.74E-01
11.93	5.77E-01
11.93	5.80E-01
11.93	5.83E-01
11.93	5.87E-01
11.93	5.90E-01
11.93	5.93E-01
11.93	5.96E-01
11.93	5.99E-01
11.93	6.02E-01
11.94	6.04E-01
11.94	6.07E-01
11.94	6.10E-01
11.94	6.13E-01
11.94	6.16E-01
11.94	6.19E-01
11.94	6.21E-01
11.94	6.24E-01
11.94	6.27E-01
11.94	6.29E-01
11.94	6.32E-01
11.94	6.35E-01
11.94	6.37E-01
11.94	6.40E-01
11.94	6.42E-01
11.94	6.45E-01
11.94	6.47E-01
11.94	6.50E-01
11.94	6.52E-01
11.94	6.55E-01
11.94	6.57E-01
11.95	6.60E-01
11.95	6.62E-01
11.95	6.64E-01
11.95	6.67E-01
11.95	6.69E-01
11.95	6.71E-01
11.95	6.73E-01
11.95	6.76E-01
11.95	6.78E-01
11.95	6.80E-01
11.95	6.82E-01
11.95	6.84E-01
11.95	6.87E-01
11.95	6.89E-01
11.95	6.91E-01
11.95	6.93E-01
11.95	6.95E-01
11.95	6.97E-01
11.95	6.99E-01
11.95	7.01E-01
11.96	7.03E-01
11.96	7.05E-01
11.96	7.07E-01
11.96	7.09E-01
11.96	7.11E-01
11.96	7.13E-01
11.96	7.15E-01
11.96	7.16E-01
11.96	7.18E-01
11.96	7.20E-01
11.96	7.22E-01
11.96	7.24E-01
11.96	7.26E-01
11.96	7.27E-01
11.96	7.29E-01
11.96	7.31E-01
11.96	7.33E-01
11.96	7.34E-01
11.96	7.36E-01
11.97	7.38E-01
11.97	7.39E-01
11.97	7.41E-01
11.97	7.43E-01
11.97	7.44E-01
11.97	7.46E-01
11.97	7.48E-01
11.97	7.49E-01
11.97	7.51E-01
11.97	7.52E-01
11.97	7.54E-01
11.97	7.55E-01
11.97	7.57E-01
11.97	7.58E-01
11.97	7.60E-01
11.97	7.61E-01
11.97	7.63E-01
11.97	7.64E-01
11.97	7.66E-01
11.97	7.67E-01
11.98	7.69E-01
11.98	7.70E-01
11.98	7.72E-01
11.98	7.73E-01
11.98	7.74E-01
11.98	7.76E-01
11.98	7.77E-01
11.98	7.78E-01
11.98	7.80E-01
11.98	7.81E-01
11.98	7.82E-01
11.98	7.84E-01
11.98	7.85E-01
11.98	7.86E-01
11.98	7.88E-01
11.98	7.89E-01
11.98	7.90E-01
11.98	7.91E-01
11.98	7.93E-01
11.98	7.94E-01
11.98	7.95E-01
11.99	7.96E-01
11.99	7.97E-01
11.99	7.99E-01
11.99	8.00E-01
11.99	8.01E-01
11.99	8.02E-01
11.99	8.03E-01
11.99	8.04E-01
11.99	8.06E-01
11.99	8.07E-01
11.99	8.08E-01
11.99	8.09E-01
11.99	8.10E-01
11.99	8.11E-01
11.99	8.12E-01
11.99	8.13E-01
11.99	8.14E-01
11.99	8.15E-01
11.99	8.16E-01
11.99	8.17E-01
12	8.19E-01
12	8.20E-01
12	8.21E-01
12	8.22E-01
12	8.23E-01
12	8.24E-01
12	8.25E-01
12	8.26E-01
12	8.27E-01
12	8.27E-01
12	8.28E-01
12	8.29E-01
12	8.30E-01
12	8.31E-01
12	8.32E-01
12	8.33E-01
12	8.34E-01
12	8.35E-01
12	8.36E-01
12.01	8.37E-01
12.01	8.38E-01
12.01	8.39E-01
12.01	8.39E-01
12.01	8.40E-01
12.01	8.41E-01
12.01	8.42E-01
12.01	8.43E-01
12.01	8.44E-01
12.01	8.45E-01
12.01	8.45E-01
12.01	8.46E-01
12.01	8.47E-01
12.01	8.48E-01
12.01	8.49E-01
12.01	8.49E-01
12.01	8.50E-01
12.01	8.51E-01
12.01	8.52E-01
12.01	8.53E-01
12.02	8.53E-01
12.02	8.54E-01
12.02	8.55E-01
12.02	8.56E-01
12.02	8.56E-01
12.02	8.57E-01
12.02	8.58E-01
12.02	8.59E-01
12.02	8.59E-01
12.02	8.60E-01
12.02	8.61E-01
12.02	8.62E-01
12.02	8.62E-01
12.02	8.63E-01
12.02	8.64E-01
12.02	8.64E-01
12.02	8.65E-01
12.02	8.66E-01
12.02	8.66E-01
12.02	8.67E-01
12.02	8.68E-01
12.03	8.68E-01
12.03	8.69E-01
12.03	8.70E-01
12.03	8.70E-01
12.03	8.71E-01
12.03	8.72E-01
12.03	8.72E-01
12.03	8.73E-01
12.03	8.74E-01
12.03	8.74E-01
12.03	8.75E-01
12.03	8.75E-01
12.03	8.76E-01
12.03	8.77E-01
12.03	8.77E-01
12.03	8.78E-01
12.03	8.79E-01
12.03	8.79E-01
12.03	8.80E-01
12.03	8.80E-01
12.04	8.81E-01
12.04	8.81E-01
12.04	8.82E-01
12.04	8.83E-01
12.04	8.83E-01
12.04	8.84E-01
12.04	8.84E-01
12.04	8.85E-01
12.04	8.85E-01
12.04	8.86E-01
12.04	8.86E-01
12.04	8.87E-01
12.04	8.88E-01
12.04	8.88E-01
12.04	8.89E-01
12.04	8.89E-01
12.04	8.90E-01
12.04	8.90E-01
12.04	8.91E-01
12.05	8.91E-01
12.05	8.92E-01
12.05	8.92E-01
12.05	8.93E-01
12.05	8.93E-01
12.05	8.94E-01
12.05	8.94E-01
12.05	8.95E-01
12.05	8.95E-01
12.05	8.96E-01
12.05	8.96E-01
12.05	8.97E-01
12.05	8.97E-01
12.05	8.98E-01
12.05	8.98E-01
12.05	8.99E-01
12.05	8.99E-01
12.05	8.99E-01
12.05	9.00E-01
12.05	9.00E-01
12.06	9.01E-01
12.06	9.01E-01
12.06	9.02E-01
12.06	9.02E-01
12.06	9.03E-01
12.06	9.03E-01
12.06	9.03E-01
12.06	9.04E-01
12.06	9.04E-01
12.06	9.05E-01
12.06	9.05E-01
12.06	9.06E-01
12.06	9.06E-01
12.06	9.06E-01
12.06	9.07E-01
12.06	9.07E-01
12.06	9.08E-01
12.06	9.08E-01
12.06	9.08E-01
12.06	9.09E-01
12.06	9.09E-01
12.07	9.10E-01
12.07	9.10E-01
12.07	9.10E-01
12.07	9.11E-01
12.07	9.11E-01
12.07	9.12E-01
12.07	9.12E-01
12.07	9.12E-01
12.07	9.13E-01
12.07	9.13E-01
12.07	9.14E-01
12.07	9.14E-01
12.07	9.14E-01
12.07	9.15E-01
12.07	9.15E-01
12.07	9.15E-01
12.07	9.16E-01
12.07	9.16E-01
12.07	9.16E-01
12.07	9.17E-01
12.08	9.17E-01
12.08	9.17E-01
12.08	9.18E-01
12.08	9.18E-01
12.08	9.18E-01
12.08	9.19E-01
12.08	9.19E-01
12.08	9.20E-01
12.08	9.20E-01
12.08	9.20E-01
12.08	9.21E-01
12.08	9.21E-01
12.08	9.21E-01
12.08	9.21E-01
12.08	9.22E-01
12.08	9.22E-01
12.08	9.22E-01
12.08	9.23E-01
12.08	9.23E-01
12.09	9.23E-01
12.09	9.24E-01
12.09	9.24E-01
12.09	9.24E-01
12.09	9.25E-01
12.09	9.25E-01
12.09	9.25E-01
12.09	9.26E-01
12.09	9.26E-01
12.09	9.26E-01
12.09	9.26E-01
12.09	9.27E-01
12.09	9.27E-01
12.09	9.27E-01
12.09	9.28E-01
12.09	9.28E-01
12.09	9.28E-01
12.09	9.28E-01
12.09	9.29E-01
12.09	9.29E-01
12.1	9.29E-01
12.1	9.30E-01
12.1	9.30E-01
12.1	9.30E-01
12.1	9.30E-01
12.1	9.31E-01
12.1	9.31E-01
12.1	9.31E-01
12.1	9.31E-01
12.1	9.32E-01
12.1	9.32E-01
12.1	9.32E-01
12.1	9.33E-01
12.1	9.33E-01
12.1	9.33E-01
12.1	9.33E-01
12.1	9.34E-01
12.1	9.34E-01
12.1	9.34E-01
12.1	9.34E-01
12.1	9.35E-01
12.11	9.35E-01
12.11	9.35E-01
12.11	9.35E-01
12.11	9.36E-01
12.11	9.36E-01
12.11	9.36E-01
12.11	9.36E-01
12.11	9.37E-01
12.11	9.37E-01
12.11	9.37E-01
12.11	9.37E-01
12.11	9.37E-01
12.11	9.38E-01
12.11	9.38E-01
12.11	9.38E-01
12.11	9.38E-01
12.11	9.39E-01
12.11	9.39E-01
12.11	9.39E-01
12.11	9.39E-01
12.12	9.40E-01
12.12	9.40E-01
12.12	9.40E-01
12.12	9.40E-01
12.12	9.40E-01
12.12	9.41E-01
12.12	9.41E-01
12.12	9.41E-01
12.12	9.41E-01
12.12	9.41E-01
12.12	9.42E-01
12.12	9.42E-01
12.12	9.42E-01
12.12	9.42E-01
12.12	9.43E-01
12.12	9.43E-01
12.12	9.43E-01
12.12	9.43E-01
12.12	9.43E-01
12.12	9.44E-01
12.13	9.44E-01
12.13	9.44E-01
12.13	9.44E-01
12.13	9.44E-01
12.13	9.45E-01
12.13	9.45E-01
12.13	9.45E-01
12.13	9.45E-01
12.13	9.45E-01
12.13	9.46E-01
12.13	9.46E-01
12.13	9.46E-01
12.13	9.46E-01
12.13	9.46E-01
12.13	9.46E-01
12.13	9.47E-01
12.13	9.47E-01
12.13	9.47E-01
12.13	9.47E-01
12.14	9.47E-01
12.14	9.48E-01
12.14	9.48E-01
12.14	9.48E-01
12.14	9.48E-01
12.14	9.48E-01
12.14	9.48E-01
12.14	9.49E-01
12.14	9.49E-01
12.14	9.49E-01
12.14	9.49E-01
12.14	9.49E-01
12.14	9.50E-01
12.14	9.50E-01
12.14	9.50E-01
12.14	9.50E-01
12.14	9.50E-01
12.14	9.50E-01
12.14	9.51E-01
12.14	9.51E-01
12.15	9.51E-01
12.15	9.51E-01
12.15	9.51E-01
12.15	9.51E-01
12.15	9.52E-01
12.15	9.52E-01
12.15	9.52E-01
12.15	9.52E-01
12.15	9.52E-01
12.15	9.52E-01
12.15	9.52E-01
12.15	9.53E-01
12.15	9.53E-01
12.15	9.53E-01
12.15	9.53E-01
12.15	9.53E-01
12.15	9.53E-01
12.15	9.54E-01
12.15	9.54E-01
12.15	9.54E-01
12.15	9.54E-01
12.16	9.54E-01
12.16	9.54E-01
12.16	9.54E-01
12.16	9.55E-01
12.16	9.55E-01
12.16	9.55E-01
12.16	9.55E-01
12.16	9.55E-01
12.16	9.55E-01
12.16	9.55E-01
12.16	9.56E-01
12.16	9.56E-01
12.16	9.56E-01
12.16	9.56E-01
12.16	9.56E-01
12.16	9.56E-01
12.16	9.56E-01
12.16	9.57E-01
12.16	9.57E-01
12.16	9.57E-01
12.17	9.57E-01
12.17	9.57E-01
12.17	9.57E-01
12.17	9.57E-01
12.17	9.58E-01
12.17	9.58E-01
12.17	9.58E-01
12.17	9.58E-01
12.17	9.58E-01
12.17	9.58E-01
12.17	9.58E-01
12.17	9.58E-01
12.17	9.59E-01
12.17	9.59E-01
12.17	9.59E-01
12.17	9.59E-01
12.17	9.59E-01
12.17	9.59E-01
12.17	9.59E-01
12.18	9.59E-01
12.18	9.59E-01
12.18	9.59E-01
12.18	9.59E-01
12.18	9.59E-01
12.18	9.59E-01
12.18	9.59E-01
12.18	9.59E-01
12.18	9.59E-01
12.18	9.59E-01
12.18	9.59E-01
12.18	9.59E-01
12.18	9.59E-01
12.18	9.59E-01
12.18	9.59E-01
12.18	9.59E-01
12.18	9.59E-01
12.18	9.59E-01
12.18	9.59E-01
12.18	9.59E-01
12.19	9.59E-01
12.19	9.59E-01
12.19	9.59E-01
12.19	9.59E-01
12.19	9.59E-01
12.19	9.59E-01
12.19	9.59E-01
12.19	9.59E-01
12.19	9.59E-01
12.19	9.59E-01
12.19	9.59E-01
12.19	9.59E-01
12.19	9.59E-01
12.19	9.59E-01
12.19	9.59E-01
12.19	9.59E-01
12.19	9.59E-01
12.19	9.59E-01
12.19	9.59E-01
12.19	9.59E-01
12.19	9.59E-01
12.2	9.59E-01
12.2	9.59E-01
12.2	9.59E-01
12.2	9.59E-01
12.2	9.59E-01
12.2	9.59E-01
12.2	9.59E-01
12.2	9.59E-01
12.2	9.59E-01
12.2	9.59E-01
12.2	9.59E-01
12.2	9.59E-01
12.2	9.59E-01
12.2	9.59E-01
12.2	9.59E-01
12.2	9.59E-01
12.2	9.59E-01
12.2	9.59E-01
12.2	9.59E-01
12.2	9.59E-01
12.21	9.59E-01
12.21	9.59E-01
12.21	9.59E-01
12.21	9.59E-01
12.21	9.59E-01
12.21	9.59E-01
12.21	9.59E-01
12.21	9.59E-01
12.21	9.59E-01
12.21	9.59E-01
12.21	9.59E-01
12.21	9.59E-01
12.21	9.59E-01
12.21	9.59E-01
12.21	9.59E-01
12.21	9.59E-01
12.21	9.59E-01
12.21	9.59E-01
12.21	9.59E-01
12.22	9.59E-01
12.22	9.59E-01
12.22	9.59E-01
12.22	9.59E-01
12.22	9.59E-01
12.22	9.59E-01
12.22	9.59E-01
12.22	9.59E-01
12.22	9.59E-01
12.22	9.59E-01
12.22	9.59E-01
12.22	9.59E-01
12.22	9.59E-01
12.22	9.59E-01
12.22	9.59E-01
12.22	9.59E-01
12.22	9.59E-01
12.22	9.59E-01
12.22	9.59E-01
12.22	9.59E-01
12.23	9.59E-01
12.23	9.59E-01
12.23	9.59E-01
12.23	9.59E-01
12.23	9.59E-01
12.23	9.59E-01
12.23	9.59E-01
12.23	9.59E-01
12.23	9.59E-01
12.23	9.59E-01
12.23	9.59E-01
12.23	9.59E-01
12.23	9.59E-01
12.23	9.59E-01
12.23	9.59E-01
12.23	9.59E-01
12.23	9.59E-01
12.23	9.59E-01
12.23	9.59E-01
12.23	9.59E-01
12.23	9.59E-01
12.24	9.59E-01
12.24	9.59E-01
12.24	9.59E-01
12.24	9.59E-01
12.24	9.59E-01
12.24	9.59E-01
12.24	9.59E-01
12.24	9.59E-01
12.24	9.59E-01
12.24	9.59E-01
12.24	9.59E-01
12.24	9.59E-01
12.24	9.59E-01
12.24	9.59E-01
12.24	9.59E-01
12.24	9.59E-01
12.24	9.59E-01
12.24	9.59E-01
12.24	9.59E-01
12.24	9.59E-01
12.25	9.59E-01
12.25	9.59E-01
12.25	9.59E-01
12.25	9.59E-01
12.25	9.59E-01
12.25	9.59E-01
12.25	9.59E-01
12.25	9.59E-01
12.25	9.59E-01
12.25	9.59E-01
12.25	9.59E-01
12.25	9.59E-01
12.25	9.59E-01
12.25	9.59E-01
12.25	9.59E-01
12.25	9.59E-01
12.25	9.59E-01
12.25	9.59E-01
12.25	9.59E-01
12.26	9.59E-01
12.26	9.59E-01
12.26	9.59E-01
12.26	9.59E-01
12.26	9.59E-01
12.26	9.59E-01
12.26	9.59E-01
12.26	9.59E-01
12.26	9.59E-01
12.26	9.59E-01
12.26	9.59E-01
12.26	9.59E-01
12.26	9.59E-01
12.26	9.59E-01
12.26	9.59E-01
12.26	9.59E-01
12.26	9.59E-01
12.26	9.59E-01
12.26	9.59E-01
12.26	9.59E-01
12.27	9.59E-01
12.27	9.59E-01
12.27	9.59E-01
12.27	9.59E-01
12.27	9.59E-01
12.27	9.59E-01
12.27	9.59E-01
12.27	9.59E-01
12.27	9.59E-01
12.27	9.59E-01
12.27	9.59E-01
12.27	9.59E-01
12.27	9.59E-01
12.27	9.59E-01
12.27	9.59E-01
12.27	9.59E-01
12.27	9.59E-01
12.27	9.59E-01
12.27	9.59E-01
12.27	9.59E-01
12.27	9.59E-01
12.28	9.59E-01
12.28	9.59E-01
12.28	9.59E-01
12.28	9.59E-01
12.28	9.59E-01
12.28	9.59E-01
12.28	9.59E-01
12.28	9.59E-01
12.28	9.59E-01
12.28	9.59E-01
12.28	9.59E-01
12.28	9.59E-01
12.28	9.59E-01
12.28	9.59E-01
12.28	9.59E-01
12.28	9.59E-01
12.28	9.59E-01
12.28	9.59E-01
12.28	9.59E-01
12.28	9.59E-01
12.29	9.59E-01
12.29	9.59E-01
12.29	9.59E-01
12.29	9.59E-01
12.29	9.59E-01
12.29	9.59E-01
12.29	9.59E-01
12.29	9.59E-01
12.29	9.59E-01
12.29	9.59E-01
12.29	9.59E-01
12.29	9.59E-01
12.29	9.59E-01
12.29	9.59E-01
12.29	9.59E-01
12.29	9.59E-01
12.29	9.59E-01
12.29	9.59E-01
12.29	9.59E-01
12.3	9.59E-01
12.3	9.59E-01
12.3	9.59E-01
12.3	9.59E-01
12.3	9.59E-01
12.3	9.59E-01
12.3	9.59E-01
12.3	9.59E-01
12.3	9.59E-01
12.3	9.59E-01
12.3	9.59E-01
12.3	9.59E-01
12.3	9.59E-01
12.3	9.59E-01
12.3	9.59E-01
12.3	9.59E-01
12.3	9.59E-01
12.3	9.59E-01
12.3	9.59E-01
12.3	9.59E-01
12.31	9.59E-01
12.31	9.59E-01
12.31	9.59E-01
12.31	9.59E-01
12.31	9.59E-01
12.31	9.59E-01
12.31	9.59E-01
12.31	9.59E-01
12.31	9.59E-01
12.31	9.59E-01
12.31	9.59E-01
12.31	9.59E-01
12.31	9.59E-01
12.31	9.59E-01
12.31	9.59E-01
12.31	9.59E-01
12.31	9.59E-01
12.31	9.59E-01
12.31	9.59E-01
12.31	9.59E-01
12.31	9.59E-01
12.32	9.59E-01
12.32	9.59E-01
12.32	9.59E-01
12.32	9.59E-01
12.32	9.59E-01
12.32	9.59E-01
12.32	9.59E-01
12.32	9.59E-01
12.32	9.59E-01
12.32	9.59E-01
12.32	9.59E-01
12.32	9.59E-01
12.32	9.59E-01
12.32	9.59E-01
12.32	9.59E-01
12.32	9.59E-01
12.32	9.59E-01
12.32	9.59E-01
12.32	9.59E-01
12.32	9.59E-01
12.33	9.59E-01
12.33	9.59E-01
12.33	9.59E-01
12.33	9.59E-01
12.33	9.59E-01
12.33	9.59E-01
12.33	9.59E-01
12.33	9.59E-01
12.33	9.59E-01
12.33	9.59E-01
12.33	9.59E-01
12.33	9.59E-01
12.33	9.59E-01
12.33	9.59E-01
12.33	9.59E-01
12.33	9.59E-01
12.33	9.59E-01
12.33	9.59E-01
12.33	9.59E-01
12.34	9.59E-01
12.34	9.59E-01
12.34	9.59E-01
12.34	9.59E-01
12.34	9.59E-01
12.34	9.59E-01
12.34	9.59E-01
12.34	9.59E-01
12.34	9.59E-01
12.34	9.59E-01
12.34	9.59E-01
12.34	9.59E-01
12.34	9.59E-01
12.34	9.59E-01
12.34	9.59E-01
12.34	9.59E-01
12.34	9.59E-01
12.34	9.59E-01
12.34	9.59E-01
12.34	9.59E-01
12.35	9.59E-01
12.35	9.59E-01
12.35	9.59E-01
12.35	9.59E-01
12.35	9.59E-01
12.35	9.59E-01
12.35	9.59E-01
12.35	9.59E-01
12.35	9.59E-01
12.35	9.59E-01
12.35	9.59E-01
12.35	9.59E-01
12.35	9.59E-01
12.35	9.59E-01
12.35	9.59E-01
12.35	9.59E-01
12.35	9.59E-01
12.35	9.59E-01
12.35	9.59E-01
12.35	9.59E-01
12.35	9.59E-01
12.36	9.59E-01
12.36	9.59E-01
12.36	9.59E-01
12.36	9.59E-01
12.36	9.59E-01
12.36	9.59E-01
12.36	9.59E-01
12.36	9.59E-01
12.36	9.59E-01
12.36	9.59E-01
12.36	9.59E-01
12.36	9.59E-01
12.36	9.59E-01
12.36	9.59E-01
12.36	9.59E-01
12.36	9.59E-01
12.36	9.59E-01
12.36	9.59E-01
12.36	9.59E-01
12.36	9.59E-01
12.37	9.59E-01
12.37	9.59E-01
12.37	9.59E-01
12.37	9.59E-01
12.37	9.59E-01
12.37	9.59E-01
12.37	9.59E-01
12.37	9.59E-01
12.37	9.59E-01
12.37	9.59E-01
12.37	9.59E-01
12.37	9.59E-01
12.37	9.59E-01
12.37	9.59E-01
12.37	9.59E-01
12.37	9.59E-01
12.37	9.59E-01
12.37	9.59E-01
12.37	9.59E-01
12.38	9.59E-01
12.38	9.59E-01
12.38	9.59E-01
12.38	9.59E-01
12.38	9.59E-01
12.38	9.59E-01
12.38	9.59E-01
12.38	9.59E-01
12.38	9.59E-01
12.38	9.59E-01
12.38	9.59E-01
12.38	9.59E-01
12.38	9.59E-01
12.38	9.59E-01
12.38	9.59E-01
12.38	9.59E-01
12.38	9.59E-01
12.38	9.59E-01
12.38	9.59E-01
12.38	9.59E-01
12.39	9.59E-01
12.39	9.59E-01
12.39	9.59E-01
12.39	9.59E-01
12.39	9.59E-01
12.39	9.59E-01
12.39	9.59E-01
12.39	9.59E-01
12.39	9.59E-01
12.39	9.59E-01
12.39	9.59E-01
12.39	9.59E-01
12.39	9.59E-01
12.39	9.59E-01
12.39	9.59E-01
12.39	9.59E-01
12.39	9.59E-01
12.39	9.59E-01
12.39	9.59E-01
12.39	9.59E-01
12.4	9.59E-01
12.4	9.59E-01
12.4	9.59E-01
12.4	9.59E-01
12.4	9.59E-01
12.4	9.59E-01
12.4	9.59E-01
12.4	9.59E-01
12.4	9.59E-01
12.4	9.59E-01
12.4	9.59E-01
12.4	9.59E-01
12.4	9.59E-01
12.4	9.59E-01
12.4	9.59E-01
12.4	9.59E-01
12.4	9.59E-01
12.4	9.59E-01
12.4	9.59E-01
12.4	9.59E-01
12.4	9.59E-01
12.41	9.59E-01
12.41	9.59E-01
12.41	9.59E-01
12.41	9.59E-01
12.41	9.59E-01
12.41	9.59E-01
12.41	9.59E-01
12.41	9.59E-01
12.41	9.59E-01
12.41	9.59E-01
12.41	9.59E-01
12.41	9.59E-01
12.41	9.59E-01
12.41	9.59E-01
12.41	9.59E-01
12.41	9.59E-01
12.41	9.59E-01
12.41	9.59E-01
12.41	9.59E-01
12.41	9.59E-01
12.42	9.59E-01
12.42	9.59E-01
12.42	9.59E-01
12.42	9.59E-01
12.42	9.59E-01
12.42	9.59E-01
12.42	9.59E-01
12.42	9.59E-01
12.42	9.59E-01
12.42	9.59E-01
12.42	9.59E-01
12.42	9.59E-01
12.42	9.59E-01
12.42	9.59E-01
12.42	9.59E-01
12.42	9.59E-01
12.42	9.59E-01
12.42	9.59E-01
12.42	9.59E-01
12.43	9.59E-01
12.43	9.59E-01
12.43	9.59E-01
12.43	9.59E-01
12.43	9.59E-01
12.43	9.59E-01
12.43	9.59E-01
12.43	9.59E-01
12.43	9.59E-01
12.43	9.59E-01
12.43	9.59E-01
12.43	9.59E-01
12.43	9.59E-01
12.43	9.59E-01
12.43	9.59E-01
12.43	9.59E-01
12.43	9.59E-01
12.43	9.59E-01
12.43	9.59E-01
12.43	9.59E-01
12.44	9.59E-01
12.44	9.59E-01
12.44	9.59E-01
12.44	9.59E-01
12.44	9.59E-01
12.44	9.59E-01
12.44	9.59E-01
12.44	9.59E-01
12.44	9.59E-01
12.44	9.59E-01
12.44	9.59E-01
12.44	9.59E-01
12.44	9.59E-01
12.44	9.59E-01
12.44	9.59E-01
12.44	9.59E-01
12.44	9.59E-01
12.44	9.59E-01
12.44	9.59E-01
12.44	9.59E-01
12.44	9.59E-01
12.45	9.59E-01
12.45	9.59E-01
12.45	9.59E-01
12.45	9.59E-01
12.45	9.59E-01
12.45	9.59E-01
12.45	9.59E-01
12.45	9.59E-01
12.45	9.59E-01
12.45	9.59E-01
12.45	9.59E-01
12.45	9.59E-01
12.45	9.59E-01
12.45	9.59E-01
12.45	9.59E-01
12.45	9.59E-01
12.45	9.59E-01
12.45	9.59E-01
12.45	9.59E-01
12.45	9.59E-01
12.46	9.59E-01
12.46	9.59E-01
12.46	9.59E-01
12.46	9.59E-01
12.46	9.59E-01
12.46	9.59E-01
12.46	9.59E-01
12.46	9.59E-01
12.46	9.59E-01
12.46	9.59E-01
12.46	9.59E-01
12.46	9.59E-01
12.46	9.59E-01
12.46	9.59E-01
12.46	9.59E-01
12.46	9.59E-01
12.46	9.59E-01
12.46	9.59E-01
12.46	9.59E-01
12.47	9.59E-01
12.47	9.59E-01
12.47	9.59E-01
12.47	9.59E-01
12.47	9.59E-01
12.47	9.59E-01
12.47	9.59E-01
12.47	9.59E-01
12.47	9.59E-01
12.47	9.59E-01
12.47	9.59E-01
12.47	9.59E-01
12.47	9.59E-01
12.47	9.59E-01
12.47	9.59E-01
12.47	9.59E-01
12.47	9.59E-01
12.47	9.59E-01
12.47	9.59E-01
12.47	9.59E-01
12.48	9.59E-01
12.48	9.59E-01
12.48	9.59E-01
12.48	9.59E-01
12.48	9.59E-01
12.48	9.59E-01
12.48	9.59E-01
12.48	9.59E-01
12.48	9.59E-01
12.48	9.59E-01
12.48	9.59E-01
12.48	9.59E-01
12.48	9.59E-01
12.48	9.59E-01
12.48	9.59E-01
12.48	9.59E-01
12.48	9.59E-01
12.48	9.59E-01
12.48	9.59E-01
12.48	9.59E-01
12.48	9.59E-01
12.49	9.59E-01
12.49	9.59E-01
12.49	9.59E-01
12.49	9.59E-01
12.49	9.59E-01
12.49	9.59E-01
12.49	9.59E-01
12.49	9.59E-01
12.49	9.59E-01
12.49	9.59E-01
12.49	9.59E-01
12.49	9.59E-01
12.49	9.59E-01
12.49	9.59E-01
12.49	9.59E-01
12.49	9.59E-01
12.49	9.59E-01
12.49	9.59E-01
12.49	9.59E-01
12.49	9.59E-01
12.5	9.59E-01
12.5	9.59E-01
12.5	9.59E-01
12.5	9.59E-01
12.5	9.59E-01
12.5	9.59E-01
12.5	9.59E-01
12.5	9.59E-01
12.5	9.59E-01
12.5	9.59E-01
12.5	9.59E-01
12.5	9.59E-01
12.5	9.59E-01
12.5	9.59E-01
12.5	9.59E-01
12.5	9.59E-01
12.5	9.59E-01
12.5	9.59E-01
12.5	9.59E-01
12.51	9.59E-01
12.51	9.59E-01
12.51	9.59E-01
12.51	9.59E-01
12.51	9.59E-01
12.51	9.59E-01
12.51	9.59E-01
12.51	9.59E-01
12.51	9.59E-01
12.51	9.59E-01
12.51	9.59E-01
12.51	9.59E-01
12.51	9.59E-01
12.51	9.59E-01
12.51	9.59E-01
12.51	9.59E-01
12.51	9.59E-01
12.51	9.59E-01
12.51	9.59E-01
12.51	9.59E-01
12.52	9.59E-01
12.52	9.59E-01
12.52	9.59E-01
12.52	9.59E-01
12.52	9.59E-01
12.52	9.59E-01
12.52	9.59E-01
12.52	9.59E-01
12.52	9.59E-01
12.52	9.59E-01
12.52	9.59E-01
12.52	9.59E-01
12.52	9.59E-01
12.52	9.59E-01
12.52	9.59E-01
12.52	9.59E-01
12.52	9.59E-01
12.52	9.59E-01
12.52	9.59E-01
12.52	9.59E-01
12.52	9.59E-01
12.53	9.59E-01
12.53	9.59E-01
12.53	9.59E-01
12.53	9.59E-01
12.53	9.59E-01
12.53	9.59E-01
12.53	9.59E-01
12.53	9.59E-01
12.53	9.59E-01
12.53	9.59E-01
12.53	9.59E-01
12.53	9.59E-01
12.53	9.59E-01
12.53	9.59E-01
12.53	9.59E-01
12.53	9.59E-01
12.53	9.59E-01
12.53	9.59E-01
12.53	9.59E-01
12.53	9.59E-01
12.54	9.59E-01
12.54	9.59E-01
12.54	9.59E-01
12.54	9.59E-01
12.54	9.59E-01
12.54	9.59E-01
12.54	9.59E-01
12.54	9.59E-01
12.54	9.59E-01
12.54	9.59E-01
12.54	9.59E-01
12.54	9.59E-01
12.54	9.59E-01
12.54	9.59E-01
12.54	9.59E-01
12.54	9.59E-01
12.54	9.59E-01
12.54	9.59E-01
12.54	9.59E-01
12.55	9.59E-01
12.55	9.59E-01
12.55	9.59E-01
12.55	9.59E-01
12.55	9.59E-01
12.55	9.59E-01
12.55	9.59E-01
12.55	9.59E-01
12.55	9.59E-01
12.55	9.59E-01
12.55	9.59E-01
12.55	9.59E-01
12.55	9.59E-01
12.55	9.59E-01
12.55	9.59E-01
12.55	9.59E-01
12.55	9.59E-01
12.55	9.59E-01
12.55	9.59E-01
12.55	9.59E-01
12.56	9.59E-01
12.56	9.59E-01
12.56	9.59E-01
12.56	9.59E-01
12.56	9.59E-01
12.56	9.59E-01
12.56	9.59E-01
12.56	9.59E-01
12.56	9.59E-01
12.56	9.59E-01
12.56	9.59E-01
12.56	9.59E-01
12.56	9.59E-01
12.56	9.59E-01
12.56	9.59E-01
12.56	9.59E-01
12.56	9.59E-01
12.56	9.59E-01
12.56	9.59E-01
12.56	9.59E-01
12.56	9.59E-01
12.57	9.59E-01
12.57	9.59E-01
12.57	9.59E-01
12.57	9.59E-01
12.57	9.59E-01
12.57	9.59E-01
12.57	9.59E-01
12.57	9.59E-01
12.57	9.59E-01
12.57	9.59E-01
12.57	9.59E-01
12.57	9.59E-01
12.57	9.59E-01
12.57	9.59E-01
12.57	9.59E-01
12.57	9.59E-01
12.57	9.59E-01
12.57	9.59E-01
12.57	9.59E-01
12.57	9.59E-01
12.58	9.59E-01
12.58	9.59E-01
12.58	9.59E-01
12.58	9.59E-01
12.58	9.59E-01
12.58	9.59E-01
12.58	9.59E-01
12.58	9.59E-01
12.58	9.59E-01
12.58	9.59E-01
12.58	9.59E-01
12.58	9.59E-01
12.58	9.59E-01
12.58	9.59E-01
12.58	9.59E-01
12.58	9.59E-01
12.58	9.59E-01
12.58	9.59E-01
12.58	9.59E-01
12.59	9.59E-01
12.59	9.59E-01
12.59	9.59E-01
12.59	9.59E-01
12.59	9.59E-01
12.59	9.59E-01
12.59	9.59E-01
12.59	9.59E-01
12.59	9.59E-01
12.59	9.59E-01
12.59	9.59E-01
12.59	9.59E-01
12.59	9.59E-01
12.59	9.59E-01
12.59	9.59E-01
12.59	9.59E-01
12.59	9.59E-01
12.59	9.59E-01
12.59	9.59E-01
12.59	9.59E-01
12.6	9.59E-01
12.6	9.59E-01
12.6	9.59E-01
12.6	9.59E-01
12.6	9.59E-01
12.6	9.59E-01
12.6	9.59E-01
12.6	9.59E-01
12.6	9.59E-01
12.6	9.59E-01
12.6	9.59E-01
12.6	9.59E-01
12.6	9.59E-01
12.6	9.59E-01
12.6	9.59E-01
12.6	9.59E-01
12.6	9.59E-01
12.6	9.59E-01
12.6	9.59E-01
12.6	9.59E-01
12.6	9.59E-01
12.61	9.59E-01
12.61	9.59E-01
12.61	9.59E-01
12.61	9.59E-01
12.61	9.59E-01
12.61	9.59E-01
12.61	9.59E-01
12.61	9.59E-01
12.61	9.59E-01
12.61	9.59E-01
12.61	9.59E-01
12.61	9.59E-01
12.61	9.59E-01
12.61	9.59E-01
12.61	9.59E-01
12.61	9.59E-01
12.61	9.59E-01
12.61	9.59E-01
12.61	9.59E-01
12.61	9.59E-01
12.62	9.59E-01
12.62	9.59E-01
12.62	9.59E-01
12.62	9.59E-01
12.62	9.59E-01
12.62	9.59E-01
12.62	9.59E-01
12.62	9.59E-01
12.62	9.59E-01
12.62	9.59E-01
12.62	9.59E-01
12.62	9.59E-01
12.62	9.59E-01
12.62	9.59E-01
12.62	9.59E-01
12.62	9.59E-01
12.62	9.59E-01
12.62	9.59E-01
12.62	9.59E-01
12.62	9.59E-01
12.63	9.59E-01
12.63	9.59E-01
12.63	9.59E-01
12.63	9.59E-01
12.63	9.59E-01
12.63	9.59E-01
12.63	9.59E-01
12.63	9.59E-01
12.63	9.59E-01
12.63	9.59E-01
12.63	9.59E-01
12.63	9.59E-01
12.63	9.59E-01
12.63	9.59E-01
12.63	9.59E-01
12.63	9.59E-01
12.63	9.59E-01
12.63	9.59E-01
12.63	9.59E-01
12.64	9.59E-01
12.64	9.59E-01
12.64	9.59E-01
12.64	9.59E-01
12.64	9.59E-01
12.64	9.59E-01
12.64	9.59E-01
12.64	9.59E-01
12.64	9.59E-01
12.64	9.59E-01
12.64	9.59E-01
12.64	9.59E-01
12.64	9.59E-01
12.64	9.59E-01
12.64	9.59E-01
12.64	9.59E-01
12.64	9.59E-01
12.64	9.59E-01
12.64	9.59E-01
12.64	9.59E-01
12.65	9.59E-01
12.65	9.59E-01
12.65	9.59E-01
12.65	9.59E-01
12.65	9.59E-01
12.65	9.59E-01
12.65	9.59E-01
12.65	9.59E-01
12.65	9.59E-01
12.65	9.59E-01
12.65	9.59E-01
12.65	9.59E-01
12.65	9.59E-01
12.65	9.59E-01
12.65	9.59E-01
12.65	9.59E-01
12.65	9.59E-01
12.65	9.59E-01
12.65	9.59E-01
12.65	9.59E-01
12.65	9.59E-01
12.66	9.59E-01
12.66	9.59E-01
12.66	9.59E-01
12.66	9.59E-01
12.66	9.59E-01
12.66	9.59E-01
12.66	9.59E-01
12.66	9.59E-01
12.66	9.59E-01
12.66	9.59E-01
12.66	9.59E-01
12.66	9.59E-01
12.66	9.59E-01
12.66	9.59E-01
12.66	9.59E-01
12.66	9.59E-01
12.66	9.59E-01
12.66	9.59E-01
12.66	9.59E-01
12.66	9.59E-01
12.67	9.59E-01
12.67	9.59E-01
12.67	9.59E-01
12.67	9.59E-01
12.67	9.59E-01
12.67	9.59E-01
12.67	9.59E-01
12.67	9.59E-01
12.67	9.59E-01
12.67	9.59E-01
12.67	9.59E-01
12.67	9.59E-01
12.67	9.59E-01
12.67	9.59E-01
12.67	9.59E-01
12.67	9.59E-01
12.67	9.59E-01
12.67	9.59E-01
12.67	9.59E-01
12.68	9.59E-01
12.68	9.59E-01
12.68	9.59E-01
12.68	9.59E-01
12.68	9.59E-01
12.68	9.59E-01
12.68	9.59E-01
12.68	9.59E-01
12.68	9.59E-01
12.68	9.59E-01
12.68	9.59E-01
12.68	9.59E-01
12.68	9.59E-01
12.68	9.59E-01
12.68	9.59E-01
12.68	9.59E-01
12.68	9.59E-01
12.68	9.59E-01
12.68	9.59E-01
12.68	9.59E-01
12.69	9.59E-01
12.69	9.59E-01
12.69	9.59E-01
12.69	9.59E-01
12.69	9.59E-01
12.69	9.59E-01
12.69	9.59E-01
12.69	9.59E-01
12.69	9.59E-01
12.69	9.59E-01
12.69	9.59E-01
12.69	9.59E-01
12.69	9.59E-01
12.69	9.59E-01
12.69	9.59E-01
12.69	9.59E-01
12.69	9.59E-01
12.69	9.59E-01
12.69	9.59E-01
12.69	9.59E-01
12.69	9.59E-01
12.7	9.59E-01
12.7	9.59E-01
12.7	9.59E-01
12.7	9.59E-01
12.7	9.59E-01
12.7	9.59E-01
12.7	9.59E-01
12.7	9.59E-01
12.7	9.59E-01
12.7	9.59E-01
12.7	9.59E-01
12.7	9.59E-01
12.7	9.59E-01
12.7	9.59E-01
12.7	9.59E-01
12.7	9.59E-01
12.7	9.59E-01
12.7	9.59E-01
12.7	9.59E-01
12.7	9.59E-01
12.71	9.59E-01
12.71	9.59E-01
12.71	9.59E-01
12.71	9.59E-01
12.71	9.59E-01
12.71	9.59E-01
12.71	9.59E-01
12.71	9.59E-01
12.71	9.59E-01
12.71	9.59E-01
12.71	9.59E-01
12.71	9.59E-01
12.71	9.59E-01
12.71	9.59E-01
12.71	9.59E-01
12.71	9.59E-01
12.71	9.59E-01
12.71	9.59E-01
12.71	9.59E-01
12.72	9.59E-01
12.72	9.59E-01
12.72	9.59E-01
12.72	9.59E-01
12.72	9.59E-01
12.72	9.59E-01
12.72	9.59E-01
12.72	9.59E-01
12.72	9.59E-01
12.72	9.59E-01
12.72	9.59E-01
12.72	9.59E-01
12.72	9.59E-01
12.72	9.59E-01
12.72	9.59E-01
12.72	9.59E-01
12.72	9.59E-01
12.72	9.59E-01
12.72	9.59E-01
12.72	9.59E-01
12.73	9.59E-01
12.73	9.59E-01
12.73	9.59E-01
12.73	9.59E-01
12.73	9.59E-01
12.73	9.59E-01
12.73	9.59E-01
12.73	9.59E-01
12.73	9.59E-01
12.73	9.59E-01
12.73	9.59E-01
12.73	9.59E-01
12.73	9.59E-01
12.73	9.59E-01
12.73	9.59E-01
12.73	9.59E-01
12.73	9.59E-01
12.73	9.59E-01
12.73	9.59E-01
12.73	9.59E-01
12.73	9.59E-01
12.74	9.59E-01
12.74	9.59E-01
12.74	9.59E-01
12.74	9.59E-01
12.74	9.59E-01
12.74	9.59E-01
12.74	9.59E-01
12.74	9.59E-01
12.74	9.59E-01
12.74	9.59E-01
12.74	9.59E-01
12.74	9.59E-01
12.74	9.59E-01
12.74	9.59E-01
12.74	9.59E-01
12.74	9.59E-01
12.74	9.59E-01
12.74	9.59E-01
12.74	9.59E-01
12.74	9.59E-01
12.75	9.59E-01
12.75	9.59E-01
12.75	9.59E-01
12.75	9.59E-01
12.75	9.59E-01
12.75	9.59E-01
12.75	9.59E-01
12.75	9.59E-01
12.75	9.59E-01
12.75	9.59E-01
12.75	9.59E-01
12.75	9.59E-01
12.75	9.59E-01
12.75	9.59E-01
12.75	9.59E-01
12.75	9.59E-01
12.75	9.59E-01
12.75	9.59E-01
12.75	9.59E-01
12.76	9.59E-01
12.76	9.59E-01
12.76	9.59E-01
12.76	9.59E-01
12.76	9.59E-01
12.76	9.59E-01
12.76	9.59E-01
12.76	9.59E-01
12.76	9.59E-01
12.76	9.59E-01
12.76	9.59E-01
12.76	9.59E-01
12.76	9.59E-01
12.76	9.59E-01
12.76	9.59E-01
12.76	9.59E-01
12.76	9.59E-01
12.76	9.59E-01
12.76	9.59E-01
12.76	9.59E-01
12.77	9.59E-01
12.77	9.59E-01
12.77	9.59E-01
12.77	9.59E-01
12.77	9.59E-01
12.77	9.59E-01
12.77	9.59E-01
12.77	9.59E-01
12.77	9.59E-01
12.77	9.59E-01
12.77	9.59E-01
12.77	9.59E-01
12.77	9.59E-01
12.77	9.59E-01
12.77	9.59E-01
12.77	9.59E-01
12.77	9.59E-01
12.77	9.59E-01
12.77	9.59E-01
12.77	9.59E-01
12.77	9.59E-01
12.78	9.59E-01
12.78	9.59E-01
12.78	9.59E-01
12.78	9.59E-01
12.78	9.59E-01
12.78	9.59E-01
12.78	9.59E-01
12.78	9.59E-01
12.78	9.59E-01
12.78	9.59E-01
12.78	9.59E-01
12.78	9.59E-01
12.78	9.59E-01
12.78	9.59E-01
12.78	9.59E-01
12.78	9.59E-01
12.78	9.59E-01
12.78	9.59E-01
12.78	9.59E-01
12.78	9.59E-01
12.79	9.59E-01
12.79	9.59E-01
12.79	9.59E-01
12.79	9.59E-01
12.79	9.59E-01
12.79	9.59E-01
12.79	9.59E-01
12.79	9.59E-01
12.79	9.59E-01
12.79	9.59E-01
12.79	9.59E-01
12.79	9.59E-01
12.79	9.59E-01
12.79	9.59E-01
12.79	9.59E-01
12.79	9.59E-01
12.79	9.59E-01
12.79	9.59E-01
12.79	9.59E-01
12.8	9.59E-01
12.8	9.59E-01
12.8	9.59E-01
12.8	9.59E-01
12.8	9.59E-01
12.8	9.59E-01
12.8	9.59E-01
12.8	9.59E-01
12.8	9.59E-01
12.8	9.59E-01
12.8	9.59E-01
12.8	9.59E-01
12.8	9.59E-01
12.8	9.59E-01
12.8	9.59E-01
12.8	9.59E-01
12.8	9.59E-01
12.8	9.59E-01
12.8	9.59E-01
12.8	9.59E-01
12.81	9.59E-01
12.81	9.59E-01
12.81	9.59E-01
12.81	9.59E-01
12.81	9.59E-01
12.81	9.59E-01
12.81	9.59E-01
12.81	9.59E-01
12.81	9.59E-01
12.81	9.59E-01
12.81	9.59E-01
12.81	9.59E-01
12.81	9.59E-01
12.81	9.59E-01
12.81	9.59E-01
12.81	9.59E-01
12.81	9.59E-01
12.81	9.59E-01
12.81	9.59E-01
12.81	9.59E-01
12.81	9.59E-01
12.82	9.59E-01
12.82	9.59E-01
12.82	9.59E-01
12.82	9.59E-01
12.82	9.59E-01
12.82	9.59E-01
12.82	9.59E-01
12.82	9.59E-01
12.82	9.59E-01
12.82	9.59E-01
12.82	9.59E-01
12.82	9.59E-01
12.82	9.59E-01
12.82	9.59E-01
12.82	9.59E-01
12.82	9.59E-01
12.82	9.59E-01
12.82	9.59E-01
12.82	9.59E-01
12.82	9.59E-01
12.83	9.59E-01
12.83	9.59E-01
12.83	9.59E-01
12.83	9.59E-01
12.83	9.59E-01
12.83	9.59E-01
12.83	9.59E-01
12.83	9.59E-01
12.83	9.59E-01
12.83	9.59E-01
12.83	9.59E-01
12.83	9.59E-01
12.83	9.59E-01
12.83	9.59E-01
12.83	9.59E-01
12.83	9.59E-01
12.83	9.59E-01
12.83	9.59E-01
12.83	9.59E-01
12.84	9.59E-01
12.84	9.59E-01
12.84	9.59E-01
12.84	9.59E-01
12.84	9.59E-01
12.84	9.59E-01
12.84	9.59E-01
12.84	9.59E-01
12.84	9.59E-01
12.84	9.59E-01
12.84	9.59E-01
12.84	9.59E-01
12.84	9.59E-01
12.84	9.59E-01
12.84	9.59E-01
12.84	9.59E-01
12.84	9.59E-01
12.84	9.59E-01
12.84	9.59E-01
12.84	9.59E-01
12.85	9.59E-01
12.85	9.59E-01
12.85	9.59E-01
12.85	9.59E-01
12.85	9.59E-01
12.85	9.59E-01
12.85	9.59E-01
12.85	9.59E-01
12.85	9.59E-01
12.85	9.59E-01
12.85	9.59E-01
12.85	9.59E-01
12.85	9.59E-01
12.85	9.59E-01
12.85	9.59E-01
12.85	9.59E-01
12.85	9.59E-01
12.85	9.59E-01
12.85	9.59E-01
12.85	9.59E-01
12.85	9.59E-01
12.86	9.59E-01
12.86	9.59E-01
12.86	9.59E-01
12.86	9.59E-01
12.86	9.59E-01
12.86	9.59E-01
12.86	9.59E-01
12.86	9.59E-01
12.86	9.59E-01
12.86	9.59E-01
12.86	9.59E-01
12.86	9.59E-01
12.86	9.59E-01
12.86	9.59E-01
12.86	9.59E-01
12.86	9.59E-01
12.86	9.59E-01
12.86	9.59E-01
12.86	9.59E-01
12.86	9.59E-01
12.87	9.59E-01
12.87	9.59E-01
12.87	9.59E-01
12.87	9.59E-01
12.87	9.59E-01
12.87	9.59E-01
12.87	9.59E-01
12.87	9.59E-01
12.87	9.59E-01
12.87	9.59E-01
12.87	9.59E-01
12.87	9.59E-01
12.87	9.59E-01
12.87	9.59E-01
12.87	9.59E-01
12.87	9.59E-01
12.87	9.59E-01
12.87	9.59E-01
12.87	9.59E-01
12.88	9.59E-01
12.88	9.59E-01
12.88	9.59E-01
12.88	9.59E-01
12.88	9.59E-01
12.88	9.59E-01
12.88	9.59E-01
12.88	9.59E-01
12.88	9.59E-01
12.88	9.59E-01
12.88	9.59E-01
12.88	9.59E-01
12.88	9.59E-01
12.88	9.59E-01
12.88	9.59E-01
12.88	9.59E-01
12.88	9.59E-01
12.88	9.59E-01
12.88	9.59E-01
12.88	9.59E-01
12.89	9.59E-01
12.89	9.59E-01
12.89	9.59E-01
12.89	9.59E-01
12.89	9.59E-01
12.89	9.59E-01
12.89	9.59E-01
12.89	9.59E-01
12.89	9.59E-01
12.89	9.59E-01
12.89	9.59E-01
12.89	9.59E-01
12.89	9.59E-01
12.89	9.59E-01
12.89	9.59E-01
12.89	9.59E-01
12.89	9.59E-01
12.89	9.59E-01
12.89	9.59E-01
12.89	9.59E-01
12.9	9.59E-01
12.9	9.59E-01
12.9	9.59E-01
12.9	9.59E-01
12.9	9.59E-01
12.9	9.59E-01
12.9	9.59E-01
12.9	9.59E-01
12.9	9.59E-01
12.9	9.59E-01
12.9	9.59E-01
12.9	9.59E-01
12.9	9.59E-01
12.9	9.59E-01
12.9	9.59E-01
12.9	9.59E-01
12.9	9.59E-01
12.9	9.59E-01
12.9	9.59E-01
12.9	9.59E-01
12.9	9.59E-01
12.91	9.59E-01
12.91	9.59E-01
12.91	9.59E-01
12.91	9.59E-01
12.91	9.59E-01
12.91	9.59E-01
12.91	9.59E-01
12.91	9.59E-01
12.91	9.59E-01
12.91	9.59E-01
12.91	9.59E-01
12.91	9.59E-01
12.91	9.59E-01
12.91	9.59E-01
12.91	9.59E-01
12.91	9.59E-01
12.91	9.59E-01
12.91	9.59E-01
12.91	9.59E-01
12.91	9.59E-01
12.92	9.59E-01
12.92	9.59E-01
12.92	9.59E-01
12.92	9.59E-01
12.92	9.59E-01
12.92	9.59E-01
12.92	9.59E-01
12.92	9.59E-01
12.92	9.59E-01
12.92	9.59E-01
12.92	9.59E-01
12.92	9.59E-01
12.92	9.59E-01
12.92	9.59E-01
12.92	9.59E-01
12.92	9.59E-01
12.92	9.59E-01
12.92	9.59E-01
12.92	9.59E-01
12.93	9.59E-01
12.93	9.59E-01
12.93	9.59E-01
12.93	9.59E-01
12.93	9.59E-01
12.93	9.59E-01
12.93	9.59E-01
12.93	9.59E-01
12.93	9.59E-01
12.93	9.59E-01
12.93	9.59E-01
12.93	9.59E-01
12.93	9.59E-01
12.93	9.59E-01
12.93	9.59E-01
12.93	9.59E-01
12.93	9.59E-01
12.93	9.59E-01
12.93	9.59E-01
12.93	9.59E-01
12.94	9.59E-01
12.94	9.59E-01
12.94	9.59E-01
12.94	9.59E-01
12.94	9.59E-01
12.94	9.59E-01
12.94	9.59E-01
12.94	9.59E-01
12.94	9.59E-01
12.94	9.59E-01
12.94	9.59E-01
12.94	9.59E-01
12.94	9.59E-01
12.94	9.59E-01
12.94	9.59E-01
12.94	9.59E-01
12.94	9.59E-01
12.94	9.59E-01
12.94	9.59E-01
12.94	9.59E-01
12.94	9.59E-01
12.95	9.59E-01
12.95	9.59E-01
12.95	9.59E-01
12.95	9.59E-01
12.95	9.59E-01
12.95	9.59E-01
12.95	9.59E-01
12.95	9.59E-01
12.95	9.59E-01
12.95	9.59E-01
12.95	9.59E-01
12.95	9.59E-01
12.95	9.59E-01
12.95	9.59E-01
12.95	9.59E-01
12.95	9.59E-01
12.95	9.59E-01
12.95	9.59E-01
12.95	9.59E-01
12.95	9.59E-01
12.96	9.59E-01
12.96	9.59E-01
12.96	9.59E-01
12.96	9.59E-01
12.96	9.59E-01
12.96	9.59E-01
12.96	9.59E-01
12.96	9.59E-01
12.96	9.59E-01
12.96	9.59E-01
12.96	9.59E-01
12.96	9.59E-01
12.96	9.59E-01
12.96	9.59E-01
12.96	9.59E-01
12.96	9.59E-01
12.96	9.59E-01
12.96	9.59E-01
12.96	9.59E-01
12.97	9.59E-01
12.97	9.59E-01
12.97	9.59E-01
12.97	9.59E-01
12.97	9.59E-01
12.97	9.59E-01
12.97	9.59E-01
12.97	9.59E-01
12.97	9.59E-01
12.97	9.59E-01
12.97	9.59E-01
12.97	9.59E-01
12.97	9.59E-01
12.97	9.59E-01
12.97	9.59E-01
12.97	9.59E-01
12.97	9.59E-01
12.97	9.59E-01
12.97	9.59E-01
12.97	9.59E-01
12.98	9.59E-01
12.98	9.59E-01
12.98	9.59E-01
12.98	9.59E-01
12.98	9.59E-01
12.98	9.59E-01
12.98	9.59E-01
12.98	9.59E-01
12.98	9.59E-01
12.98	9.59E-01
12.98	9.59E-01
12.98	9.59E-01
12.98	9.59E-01
12.98	9.59E-01
12.98	9.59E-01
12.98	9.59E-01
12.98	9.59E-01
12.98	9.59E-01
12.98	9.59E-01
12.98	9.59E-01
12.98	9.59E-01
12.99	9.59E-01
12.99	9.59E-01
12.99	9.59E-01
12.99	9.59E-01
12.99	9.59E-01
12.99	9.59E-01
12.99	9.59E-01
12.99	9.59E-01
12.99	9.59E-01
12.99	9.59E-01
12.99	9.59E-01
12.99	9.59E-01
12.99	9.59E-01
12.99	9.59E-01
12.99	9.59E-01
12.99	9.59E-01
12.99	9.59E-01
12.99	9.59E-01
12.99	9.59E-01
12.99	9.59E-01
13	9.59E-01
13	9.59E-01
13	9.59E-01
13	9.59E-01
13	9.59E-01
13	9.59E-01
13	9.59E-01
13	9.59E-01
13	9.59E-01
13	9.59E-01
13	9.59E-01
13	9.59E-01
13	9.59E-01
13	9.59E-01
13	9.59E-01
13	9.59E-01
13	9.59E-01
13	9.59E-01
13	9.59E-01
13.01	9.59E-01
13.01	9.59E-01
13.01	9.59E-01
13.01	9.59E-01
13.01	9.59E-01
13.01	9.59E-01
13.01	9.59E-01
13.01	9.59E-01
13.01	9.59E-01
13.01	9.59E-01
13.01	9.59E-01
13.01	9.59E-01
13.01	9.59E-01
13.01	9.59E-01
13.01	9.59E-01
13.01	9.59E-01
13.01	9.59E-01
13.01	9.59E-01
13.01	9.59E-01
13.01	9.59E-01
13.02	9.59E-01
13.02	9.59E-01
13.02	9.59E-01
13.02	9.59E-01
13.02	9.59E-01
13.02	9.59E-01
13.02	9.59E-01
13.02	9.59E-01
13.02	9.59E-01
13.02	9.59E-01
13.02	9.59E-01
13.02	9.59E-01
13.02	9.59E-01
13.02	9.59E-01
13.02	9.59E-01
13.02	9.59E-01
13.02	9.59E-01
13.02	9.59E-01
13.02	9.59E-01
13.02	9.59E-01
13.02	9.59E-01
13.03	9.59E-01
13.03	9.59E-01
13.03	9.59E-01
13.03	9.59E-01
13.03	9.59E-01
13.03	9.59E-01
13.03	9.59E-01
13.03	9.59E-01
13.03	9.59E-01
13.03	9.59E-01
13.03	9.59E-01
13.03	9.59E-01
13.03	9.59E-01
13.03	9.59E-01
13.03	9.59E-01
13.03	9.59E-01
13.03	9.59E-01
13.03	9.59E-01
13.03	9.59E-01
13.03	9.59E-01
13.04	9.59E-01
13.04	9.59E-01
13.04	9.59E-01
13.04	9.59E-01
13.04	9.59E-01
13.04	9.59E-01
13.04	9.59E-01
13.04	9.59E-01
13.04	9.59E-01
13.04	9.59E-01
13.04	9.59E-01
13.04	9.59E-01
13.04	9.59E-01
13.04	9.59E-01
13.04	9.59E-01
13.04	9.59E-01
13.04	9.59E-01
13.04	9.59E-01
13.04	9.59E-01
13.05	9.59E-01
13.05	9.59E-01
13.05	9.59E-01
13.05	9.59E-01
13.05	9.59E-01
13.05	9.59E-01
13.05	9.59E-01
13.05	9.59E-01
13.05	9.59E-01
13.05	9.59E-01
13.05	9.59E-01
13.05	9.59E-01
13.05	9.59E-01
13.05	9.59E-01
13.05	9.59E-01
13.05	9.59E-01
13.05	9.59E-01
13.05	9.59E-01
13.05	9.59E-01
13.05	9.59E-01
13.06	9.59E-01
13.06	9.59E-01
13.06	9.59E-01
13.06	9.59E-01
13.06	9.59E-01
13.06	9.59E-01
13.06	9.59E-01
13.06	9.59E-01
13.06	9.59E-01
13.06	9.59E-01
13.06	9.59E-01
13.06	9.59E-01
13.06	9.59E-01
13.06	9.59E-01
13.06	9.59E-01
13.06	9.59E-01
13.06	9.59E-01
13.06	9.59E-01
13.06	9.59E-01
13.06	9.59E-01
13.06	9.59E-01
13.07	9.59E-01
13.07	9.59E-01
13.07	9.59E-01
13.07	9.59E-01
13.07	9.59E-01
13.07	9.59E-01
13.07	9.59E-01
13.07	9.59E-01
13.07	9.59E-01
13.07	9.59E-01
13.07	9.59E-01
13.07	9.59E-01
13.07	9.59E-01
13.07	9.59E-01
13.07	9.59E-01
13.07	9.59E-01
13.07	9.59E-01
13.07	9.59E-01
13.07	9.59E-01
13.07	9.59E-01
13.08	9.59E-01
13.08	9.59E-01
13.08	9.59E-01
13.08	9.59E-01
13.08	9.59E-01
13.08	9.59E-01
13.08	9.59E-01
13.08	9.59E-01
13.08	9.59E-01
13.08	9.59E-01
13.08	9.59E-01
13.08	9.59E-01
13.08	9.59E-01
13.08	9.59E-01
13.08	9.59E-01
13.08	9.59E-01
13.08	9.59E-01
13.08	9.59E-01
13.08	9.59E-01
13.09	9.59E-01
13.09	9.59E-01
13.09	9.59E-01
13.09	9.59E-01
13.09	9.59E-01
13.09	9.59E-01
13.09	9.59E-01
13.09	9.59E-01
13.09	9.59E-01
13.09	9.59E-01
13.09	9.59E-01
13.09	9.59E-01
13.09	9.59E-01
13.09	9.59E-01
13.09	9.59E-01
13.09	9.59E-01
13.09	9.59E-01
13.09	9.59E-01
13.09	9.59E-01
13.09	9.59E-01
13.1	9.59E-01
13.1	9.59E-01
13.1	9.59E-01
13.1	9.59E-01
13.1	9.59E-01
13.1	9.59E-01
13.1	9.59E-01
13.1	9.59E-01
13.1	9.59E-01
13.1	9.59E-01
13.1	9.59E-01
13.1	9.59E-01
13.1	9.59E-01
13.1	9.59E-01
13.1	9.59E-01
13.1	9.59E-01
13.1	9.59E-01
13.1	9.59E-01
13.1	9.59E-01
13.1	9.59E-01
13.1	9.59E-01
13.11	9.59E-01
13.11	9.59E-01
13.11	9.59E-01
13.11	9.59E-01
13.11	9.59E-01
13.11	9.59E-01
13.11	9.59E-01
13.11	9.59E-01
13.11	9.59E-01
13.11	9.59E-01
13.11	9.59E-01
13.11	9.59E-01
13.11	9.59E-01
13.11	9.59E-01
13.11	9.59E-01
13.11	9.59E-01
13.11	9.59E-01
13.11	9.59E-01
13.11	9.59E-01
13.11	9.59E-01
13.12	9.59E-01
13.12	9.59E-01
13.12	9.59E-01
13.12	9.59E-01
13.12	9.59E-01
13.12	9.59E-01
13.12	9.59E-01
13.12	9.59E-01
13.12	9.59E-01
13.12	9.59E-01
13.12	9.59E-01
13.12	9.59E-01
13.12	9.59E-01
13.12	9.59E-01
13.12	9.59E-01
13.12	9.59E-01
13.12	9.59E-01
13.12	9.59E-01
13.12	9.59E-01
13.12	9.59E-01
13.13	9.59E-01
13.13	9.59E-01
13.13	9.59E-01
13.13	9.59E-01
13.13	9.59E-01
13.13	9.59E-01
13.13	9.59E-01
13.13	9.59E-01
13.13	9.59E-01
13.13	9.59E-01
13.13	9.59E-01
13.13	9.59E-01
13.13	9.59E-01
13.13	9.59E-01
13.13	9.59E-01
13.13	9.59E-01
13.13	9.59E-01
13.13	9.59E-01
13.13	9.59E-01
13.14	9.59E-01
13.14	9.59E-01
13.14	9.59E-01
13.14	9.59E-01
13.14	9.59E-01
13.14	9.59E-01
13.14	9.59E-01
13.14	9.59E-01
13.14	9.59E-01
13.14	9.59E-01
13.14	9.59E-01
13.14	9.59E-01
13.14	9.59E-01
13.14	9.59E-01
13.14	9.59E-01
13.14	9.59E-01
13.14	9.59E-01
13.14	9.59E-01
13.14	9.59E-01
13.14	9.59E-01
13.15	9.59E-01
13.15	9.59E-01
13.15	9.59E-01
13.15	9.59E-01
13.15	9.59E-01
13.15	9.59E-01
13.15	9.59E-01
13.15	9.59E-01
13.15	9.59E-01
13.15	9.59E-01
13.15	9.59E-01
13.15	9.59E-01
13.15	9.59E-01
13.15	9.59E-01
13.15	9.59E-01
13.15	9.59E-01
13.15	9.59E-01
13.15	9.59E-01
13.15	9.59E-01
13.15	9.59E-01
13.15	9.59E-01
13.16	9.59E-01
13.16	9.59E-01
13.16	9.59E-01
13.16	9.59E-01
13.16	9.59E-01
13.16	9.59E-01
13.16	9.59E-01
13.16	9.59E-01
13.16	9.59E-01
13.16	9.59E-01
13.16	9.59E-01
13.16	9.59E-01
13.16	9.59E-01
13.16	9.59E-01
13.16	9.59E-01
13.16	9.59E-01
13.16	9.59E-01
13.16	9.59E-01
13.16	9.59E-01
13.16	9.59E-01
13.17	9.59E-01
13.17	9.59E-01
13.17	9.59E-01
13.17	9.59E-01
13.17	9.59E-01
13.17	9.59E-01
13.17	9.59E-01
13.17	9.59E-01
13.17	9.59E-01
13.17	9.59E-01
13.17	9.59E-01
13.17	9.59E-01
13.17	9.59E-01
13.17	9.59E-01
13.17	9.59E-01
13.17	9.59E-01
13.17	9.59E-01
13.17	9.59E-01
13.17	9.59E-01
13.18	9.59E-01
13.18	9.59E-01
13.18	9.59E-01
13.18	9.59E-01
13.18	9.59E-01
13.18	9.59E-01
13.18	9.59E-01
13.18	9.59E-01
13.18	9.59E-01
13.18	9.59E-01
13.18	9.59E-01
13.18	9.59E-01
13.18	9.59E-01
13.18	9.59E-01
13.18	9.59E-01
13.18	9.59E-01
13.18	9.59E-01
13.18	9.59E-01
13.18	9.59E-01
13.18	9.59E-01
13.19	9.59E-01
13.19	9.59E-01
13.19	9.59E-01
13.19	9.59E-01
13.19	9.59E-01
13.19	9.59E-01
13.19	9.59E-01
13.19	9.59E-01
13.19	9.59E-01
13.19	9.59E-01
13.19	9.59E-01
13.19	9.59E-01
13.19	9.59E-01
13.19	9.59E-01
13.19	9.59E-01
13.19	9.59E-01
13.19	9.59E-01
13.19	9.59E-01
13.19	9.59E-01
13.19	9.59E-01
13.19	9.59E-01
13.2	9.59E-01
13.2	9.59E-01
13.2	9.59E-01
13.2	9.59E-01
13.2	9.59E-01
13.2	9.59E-01
13.2	9.59E-01
13.2	9.59E-01
13.2	9.59E-01
13.2	9.59E-01
13.2	9.59E-01
13.2	9.59E-01
13.2	9.59E-01
13.2	9.59E-01
13.2	9.59E-01
13.2	9.59E-01
13.2	9.59E-01
13.2	9.59E-01
13.2	9.59E-01
13.2	9.59E-01
13.21	9.59E-01
13.21	9.59E-01
13.21	9.59E-01
13.21	9.59E-01
13.21	9.59E-01
13.21	9.59E-01
13.21	9.59E-01
13.21	9.59E-01
13.21	9.59E-01
13.21	9.59E-01
13.21	9.59E-01
13.21	9.59E-01
13.21	9.59E-01
13.21	9.59E-01
13.21	9.59E-01
13.21	9.59E-01
13.21	9.59E-01
13.21	9.59E-01
13.21	9.59E-01
13.22	9.59E-01
13.22	9.59E-01
13.22	9.59E-01
13.22	9.59E-01
13.22	9.59E-01
13.22	9.59E-01
13.22	9.59E-01
13.22	9.59E-01
13.22	9.59E-01
13.22	9.59E-01
13.22	9.59E-01
13.22	9.59E-01
13.22	9.59E-01
13.22	9.59E-01
13.22	9.59E-01
13.22	9.59E-01
13.22	9.59E-01
13.22	9.59E-01
13.22	9.59E-01
13.22	9.59E-01
13.23	9.59E-01
13.23	9.59E-01
13.23	9.59E-01
13.23	9.59E-01
13.23	9.59E-01
13.23	9.59E-01
13.23	9.59E-01
13.23	9.59E-01
13.23	9.59E-01
13.23	9.59E-01
13.23	9.59E-01
13.23	9.59E-01
13.23	9.59E-01
13.23	9.59E-01
13.23	9.59E-01
13.23	9.59E-01
13.23	9.59E-01
13.23	9.59E-01
13.23	9.59E-01
13.23	9.59E-01
13.23	9.59E-01
13.24	9.59E-01
13.24	9.59E-01
13.24	9.59E-01
13.24	9.59E-01
13.24	9.59E-01
13.24	9.59E-01
13.24	9.59E-01
13.24	9.59E-01
13.24	9.59E-01
13.24	9.59E-01
13.24	9.59E-01
13.24	9.59E-01
13.24	9.59E-01
13.24	9.59E-01
13.24	9.59E-01
13.24	9.59E-01
13.24	9.59E-01
13.24	9.59E-01
13.24	9.59E-01
13.24	9.59E-01
13.25	9.59E-01
13.25	9.59E-01
13.25	9.59E-01
13.25	9.59E-01
13.25	9.59E-01
13.25	9.59E-01
13.25	9.59E-01
13.25	9.59E-01
13.25	9.59E-01
13.25	9.59E-01
13.25	9.59E-01
13.25	9.59E-01
13.25	9.59E-01
13.25	9.59E-01
13.25	9.59E-01
13.25	9.59E-01
13.25	9.59E-01
13.25	9.59E-01
13.25	9.59E-01
13.26	9.59E-01
13.26	9.59E-01
13.26	9.59E-01
13.26	9.59E-01
13.26	9.59E-01
13.26	9.59E-01
13.26	9.59E-01
13.26	9.59E-01
13.26	9.59E-01
13.26	9.59E-01
13.26	9.59E-01
13.26	9.59E-01
13.26	9.59E-01
13.26	9.59E-01
13.26	9.59E-01
13.26	9.59E-01
13.26	9.59E-01
13.26	9.59E-01
13.26	9.59E-01
13.26	9.59E-01
13.27	9.59E-01
13.27	9.59E-01
13.27	9.59E-01
13.27	9.59E-01
13.27	9.59E-01
13.27	9.59E-01
13.27	9.59E-01
13.27	9.59E-01
13.27	9.59E-01
13.27	9.59E-01
13.27	9.59E-01
13.27	9.59E-01
13.27	9.59E-01
13.27	9.59E-01
13.27	9.59E-01
13.27	9.59E-01
13.27	9.59E-01
13.27	9.59E-01
13.27	9.59E-01
13.27	9.59E-01
13.27	9.59E-01
13.28	9.59E-01
13.28	9.59E-01
13.28	9.59E-01
13.28	9.59E-01
13.28	9.59E-01
13.28	9.59E-01
13.28	9.59E-01
13.28	9.59E-01
13.28	9.59E-01
13.28	9.59E-01
13.28	9.59E-01
13.28	9.59E-01
13.28	9.59E-01
13.28	9.59E-01
13.28	9.59E-01
13.28	9.59E-01
13.28	9.59E-01
13.28	9.59E-01
13.28	9.59E-01
13.28	9.59E-01
13.29	9.59E-01
13.29	9.59E-01
13.29	9.59E-01
13.29	9.59E-01
13.29	9.59E-01
13.29	9.59E-01
13.29	9.59E-01
13.29	9.59E-01
13.29	9.59E-01
13.29	9.59E-01
13.29	9.59E-01
13.29	9.59E-01
13.29	9.59E-01
13.29	9.59E-01
13.29	9.59E-01
13.29	9.59E-01
13.29	9.59E-01
13.29	9.59E-01
13.29	9.59E-01
13.3	9.59E-01
13.3	9.59E-01
13.3	9.59E-01
13.3	9.59E-01
13.3	9.59E-01
13.3	9.59E-01
13.3	9.59E-01
13.3	9.59E-01
13.3	9.59E-01
13.3	9.59E-01
13.3	9.59E-01
13.3	9.59E-01
13.3	9.59E-01
13.3	9.59E-01
13.3	9.59E-01
13.3	9.59E-01
13.3	9.59E-01
13.3	9.59E-01
13.3	9.59E-01
13.3	9.59E-01
13.31	9.59E-01
13.31	9.59E-01
13.31	9.59E-01
13.31	9.59E-01
13.31	9.59E-01
13.31	9.59E-01
13.31	9.59E-01
13.31	9.59E-01
13.31	9.59E-01
13.31	9.59E-01
13.31	9.59E-01
13.31	9.59E-01
13.31	9.59E-01
13.31	9.59E-01
13.31	9.59E-01
13.31	9.59E-01
13.31	9.59E-01
13.31	9.59E-01
13.31	9.59E-01
13.31	9.59E-01
13.31	9.59E-01
13.32	9.59E-01
13.32	9.59E-01
13.32	9.59E-01
13.32	9.59E-01
13.32	9.59E-01
13.32	9.59E-01
13.32	9.59E-01
13.32	9.59E-01
13.32	9.59E-01
13.32	9.59E-01
13.32	9.59E-01
13.32	9.59E-01
13.32	9.59E-01
13.32	9.59E-01
13.32	9.59E-01
13.32	9.59E-01
13.32	9.59E-01
13.32	9.59E-01
13.32	9.59E-01
13.32	9.59E-01
13.33	9.59E-01
13.33	9.59E-01
13.33	9.59E-01
13.33	9.59E-01
13.33	9.59E-01
13.33	9.59E-01
13.33	9.59E-01
13.33	9.59E-01
13.33	9.59E-01
13.33	9.59E-01
13.33	9.59E-01
13.33	9.59E-01
13.33	9.59E-01
13.33	9.59E-01
13.33	9.59E-01
13.33	9.59E-01
13.33	9.59E-01
13.33	9.59E-01
13.33	9.59E-01
13.34	9.59E-01
13.34	9.59E-01
13.34	9.59E-01
13.34	9.59E-01
13.34	9.59E-01
13.34	9.59E-01
13.34	9.59E-01
13.34	9.59E-01
13.34	9.59E-01
13.34	9.59E-01
13.34	9.59E-01
13.34	9.59E-01
13.34	9.59E-01
13.34	9.59E-01
13.34	9.59E-01
13.34	9.59E-01
13.34	9.59E-01
13.34	9.59E-01
13.34	9.59E-01
13.34	9.59E-01
13.35	9.59E-01
13.35	9.59E-01
13.35	9.59E-01
13.35	9.59E-01
13.35	9.59E-01
13.35	9.59E-01
13.35	9.59E-01
13.35	9.59E-01
13.35	9.59E-01
13.35	9.59E-01
13.35	9.59E-01
13.35	9.59E-01
13.35	9.59E-01
13.35	9.59E-01
13.35	9.59E-01
13.35	9.59E-01
13.35	9.59E-01
13.35	9.59E-01
13.35	9.59E-01
13.35	9.59E-01
13.35	9.59E-01
13.36	9.59E-01
13.36	9.59E-01
13.36	9.59E-01
13.36	9.59E-01
13.36	9.59E-01
13.36	9.59E-01
13.36	9.59E-01
13.36	9.59E-01
13.36	9.59E-01
13.36	9.59E-01
13.36	9.59E-01
13.36	9.59E-01
13.36	9.59E-01
13.36	9.59E-01
13.36	9.59E-01
13.36	9.59E-01
13.36	9.59E-01
13.36	9.59E-01
13.36	9.59E-01
13.36	9.59E-01
13.37	9.59E-01
13.37	9.59E-01
13.37	9.59E-01
13.37	9.59E-01
13.37	9.59E-01
13.37	9.59E-01
13.37	9.59E-01
13.37	9.59E-01
13.37	9.59E-01
13.37	9.59E-01
13.37	9.59E-01
13.37	9.59E-01
13.37	9.59E-01
13.37	9.59E-01
13.37	9.59E-01
13.37	9.59E-01
13.37	9.59E-01
13.37	9.59E-01
13.37	9.59E-01
13.38	9.59E-01
13.38	9.59E-01
13.38	9.59E-01
13.38	9.59E-01
13.38	9.59E-01
13.38	9.59E-01
13.38	9.59E-01
13.38	9.59E-01
13.38	9.59E-01
13.38	9.59E-01
13.38	9.59E-01
13.38	9.59E-01
13.38	9.59E-01
13.38	9.59E-01
13.38	9.59E-01
13.38	9.59E-01
13.38	9.59E-01
13.38	9.59E-01
13.38	9.59E-01
13.38	9.59E-01
13.39	9.59E-01
13.39	9.59E-01
13.39	9.59E-01
13.39	9.59E-01
13.39	9.59E-01
13.39	9.59E-01
13.39	9.59E-01
13.39	9.59E-01
13.39	9.59E-01
13.39	9.59E-01
13.39	9.59E-01
13.39	9.59E-01
13.39	9.59E-01
13.39	9.59E-01
13.39	9.59E-01
13.39	9.59E-01
13.39	9.59E-01
13.39	9.59E-01
13.39	9.59E-01
13.39	9.59E-01
13.4	9.59E-01
13.4	9.59E-01
13.4	9.59E-01
13.4	9.59E-01
13.4	9.59E-01
13.4	9.59E-01
13.4	9.59E-01
13.4	9.59E-01
13.4	9.59E-01
13.4	9.59E-01
13.4	9.59E-01
13.4	9.59E-01
13.4	9.59E-01
13.4	9.59E-01
13.4	9.59E-01
13.4	9.59E-01
13.4	9.59E-01
13.4	9.59E-01
13.4	9.59E-01
13.4	9.59E-01
13.4	9.59E-01
13.41	9.59E-01
13.41	9.59E-01
13.41	9.59E-01
13.41	9.59E-01
13.41	9.59E-01
13.41	9.59E-01
13.41	9.59E-01
13.41	9.59E-01
13.41	9.59E-01
13.41	9.59E-01
13.41	9.59E-01
13.41	9.59E-01
13.41	9.59E-01
13.41	9.59E-01
13.41	9.59E-01
13.41	9.59E-01
13.41	9.59E-01
13.41	9.59E-01
13.41	9.59E-01
13.41	9.59E-01
13.42	9.59E-01
13.42	9.59E-01
13.42	9.59E-01
13.42	9.59E-01
13.42	9.59E-01
13.42	9.59E-01
13.42	9.59E-01
13.42	9.59E-01
13.42	9.59E-01
13.42	9.59E-01
13.42	9.59E-01
13.42	9.59E-01
13.42	9.59E-01
13.42	9.59E-01
13.42	9.59E-01
13.42	9.59E-01
13.42	9.59E-01
13.42	9.59E-01
13.42	9.59E-01
13.43	9.59E-01
13.43	9.59E-01
13.43	9.59E-01
13.43	9.59E-01
13.43	9.59E-01
13.43	9.59E-01
13.43	9.59E-01
13.43	9.59E-01
13.43	9.59E-01
13.43	9.59E-01
13.43	9.59E-01
13.43	9.59E-01
13.43	9.59E-01
13.43	9.59E-01
13.43	9.59E-01
13.43	9.59E-01
13.43	9.59E-01
13.43	9.59E-01
13.43	9.59E-01
13.43	9.59E-01
13.44	9.59E-01
13.44	9.59E-01
13.44	9.59E-01
13.44	9.59E-01
13.44	9.59E-01
13.44	9.59E-01
13.44	9.59E-01
13.44	9.59E-01
13.44	9.59E-01
13.44	9.59E-01
13.44	9.59E-01
13.44	9.59E-01
13.44	9.59E-01
13.44	9.59E-01
13.44	9.59E-01
13.44	9.59E-01
13.44	9.59E-01
13.44	9.59E-01
13.44	9.59E-01
13.44	9.59E-01
13.44	9.59E-01
13.45	9.59E-01
13.45	9.59E-01
13.45	9.59E-01
13.45	9.59E-01
13.45	9.59E-01
13.45	9.59E-01
13.45	9.59E-01
13.45	9.59E-01
13.45	9.59E-01
13.45	9.59E-01
13.45	9.59E-01
13.45	9.59E-01
13.45	9.59E-01
13.45	9.59E-01
13.45	9.59E-01
13.45	9.59E-01
13.45	9.59E-01
13.45	9.59E-01
13.45	9.59E-01
13.45	9.59E-01
13.46	9.59E-01
13.46	9.59E-01
13.46	9.59E-01
13.46	9.59E-01
13.46	9.59E-01
13.46	9.59E-01
13.46	9.59E-01
13.46	9.59E-01
13.46	9.59E-01
13.46	9.59E-01
13.46	9.59E-01
13.46	9.59E-01
13.46	9.59E-01
13.46	9.59E-01
13.46	9.59E-01
13.46	9.59E-01
13.46	9.59E-01
13.46	9.59E-01
13.46	9.59E-01
13.47	9.59E-01
13.47	9.59E-01
13.47	9.59E-01
13.47	9.59E-01
13.47	9.59E-01
13.47	9.59E-01
13.47	9.59E-01
13.47	9.59E-01
13.47	9.59E-01
13.47	9.59E-01
13.47	9.59E-01
13.47	9.59E-01
13.47	9.59E-01
13.47	9.59E-01
13.47	9.59E-01
13.47	9.59E-01
13.47	9.59E-01
13.47	9.59E-01
13.47	9.59E-01
13.47	9.59E-01
13.48	9.59E-01
13.48	9.59E-01
13.48	9.59E-01
13.48	9.59E-01
13.48	9.59E-01
13.48	9.59E-01
13.48	9.59E-01
13.48	9.59E-01
13.48	9.59E-01
13.48	9.59E-01
13.48	9.59E-01
13.48	9.59E-01
13.48	9.59E-01
13.48	9.59E-01
13.48	9.59E-01
13.48	9.59E-01
13.48	9.59E-01
13.48	9.59E-01
13.48	9.59E-01
13.48	9.59E-01
13.48	9.59E-01
13.49	9.59E-01
13.49	9.59E-01
13.49	9.59E-01
13.49	9.59E-01
13.49	9.59E-01
13.49	9.59E-01
13.49	9.59E-01
13.49	9.59E-01
13.49	9.59E-01
13.49	9.59E-01
13.49	9.59E-01
13.49	9.59E-01
13.49	9.59E-01
13.49	9.59E-01
13.49	9.59E-01
13.49	9.59E-01
13.49	9.59E-01
13.49	9.59E-01
13.49	9.59E-01
13.49	9.59E-01
13.5	9.59E-01
13.5	9.59E-01
13.5	9.59E-01
13.5	9.59E-01
13.5	9.59E-01
13.5	9.59E-01
13.5	9.59E-01
13.5	9.59E-01
13.5	9.59E-01
13.5	9.59E-01
13.5	9.59E-01
13.5	9.59E-01
13.5	9.59E-01
13.5	9.59E-01
13.5	9.59E-01
13.5	9.59E-01
13.5	9.59E-01
13.5	9.59E-01
13.5	9.59E-01
13.51	9.59E-01
13.51	9.59E-01
13.51	9.59E-01
13.51	9.59E-01
13.51	9.59E-01
13.51	9.59E-01
13.51	9.59E-01
13.51	9.59E-01
13.51	9.59E-01
13.51	9.59E-01
13.51	9.59E-01
13.51	9.59E-01
13.51	9.59E-01
13.51	9.59E-01
13.51	9.59E-01
13.51	9.59E-01
13.51	9.59E-01
13.51	9.59E-01
13.51	9.59E-01
13.51	9.59E-01
13.52	9.59E-01
13.52	9.59E-01
13.52	9.59E-01
13.52	9.59E-01
13.52	9.59E-01
13.52	9.59E-01
13.52	9.59E-01
13.52	9.59E-01
13.52	9.59E-01
13.52	9.59E-01
13.52	9.59E-01
13.52	9.59E-01
13.52	9.59E-01
13.52	9.59E-01
13.52	9.59E-01
13.52	9.59E-01
13.52	9.59E-01
13.52	9.59E-01
13.52	9.59E-01
13.52	9.59E-01
13.52	9.59E-01
13.53	9.59E-01
13.53	9.59E-01
13.53	9.59E-01
13.53	9.59E-01
13.53	9.59E-01
13.53	9.59E-01
13.53	9.59E-01
13.53	9.59E-01
13.53	9.59E-01
13.53	9.59E-01
13.53	9.59E-01
13.53	9.59E-01
13.53	9.59E-01
13.53	9.59E-01
13.53	9.59E-01
13.53	9.59E-01
13.53	9.59E-01
13.53	9.59E-01
13.53	9.59E-01
13.53	9.59E-01
13.54	9.59E-01
13.54	9.59E-01
13.54	9.59E-01
13.54	9.59E-01
13.54	9.59E-01
13.54	9.59E-01
13.54	9.59E-01
13.54	9.59E-01
13.54	9.59E-01
13.54	9.59E-01
13.54	9.59E-01
13.54	9.59E-01
13.54	9.59E-01
13.54	9.59E-01
13.54	9.59E-01
13.54	9.59E-01
13.54	9.59E-01
13.54	9.59E-01
13.54	9.59E-01
13.55	9.59E-01
13.55	9.59E-01
13.55	9.59E-01
13.55	9.59E-01
13.55	9.59E-01
13.55	9.59E-01
13.55	9.59E-01
13.55	9.59E-01
13.55	9.59E-01
13.55	9.59E-01
13.55	9.59E-01
13.55	9.59E-01
13.55	9.59E-01
13.55	9.59E-01
13.55	9.59E-01
13.55	9.59E-01
13.55	9.59E-01
13.55	9.59E-01
13.55	9.59E-01
13.55	9.59E-01
13.56	9.59E-01
13.56	9.59E-01
13.56	9.59E-01
13.56	9.59E-01
13.56	9.59E-01
13.56	9.59E-01
13.56	9.59E-01
13.56	9.59E-01
13.56	9.59E-01
13.56	9.59E-01
13.56	9.59E-01
13.56	9.59E-01
13.56	9.59E-01
13.56	9.59E-01
13.56	9.59E-01
13.56	9.59E-01
13.56	9.59E-01
13.56	9.59E-01
13.56	9.59E-01
13.56	9.59E-01
13.56	9.59E-01
13.57	9.59E-01
13.57	9.59E-01
13.57	9.59E-01
13.57	9.59E-01
13.57	9.59E-01
13.57	9.59E-01
13.57	9.59E-01
13.57	9.59E-01
13.57	9.59E-01
13.57	9.59E-01
13.57	9.59E-01
13.57	9.59E-01
13.57	9.59E-01
13.57	9.59E-01
13.57	9.59E-01
13.57	9.59E-01
13.57	9.59E-01
13.57	9.59E-01
13.57	9.59E-01
13.57	9.59E-01
13.58	9.59E-01
13.58	9.59E-01
13.58	9.59E-01
13.58	9.59E-01
13.58	9.59E-01
13.58	9.59E-01
13.58	9.59E-01
13.58	9.59E-01
13.58	9.59E-01
13.58	9.59E-01
13.58	9.59E-01
13.58	9.59E-01
13.58	9.59E-01
13.58	9.59E-01
13.58	9.59E-01
13.58	9.59E-01
13.58	9.59E-01
13.58	9.59E-01
13.58	9.59E-01
13.59	9.59E-01
13.59	9.59E-01
13.59	9.59E-01
13.59	9.59E-01
13.59	9.59E-01
13.59	9.59E-01
13.59	9.59E-01
13.59	9.59E-01
13.59	9.59E-01
13.59	9.59E-01
13.59	9.59E-01
13.59	9.59E-01
13.59	9.59E-01
13.59	9.59E-01
13.59	9.59E-01
13.59	9.59E-01
13.59	9.59E-01
13.59	9.59E-01
13.59	9.59E-01
13.59	9.59E-01
13.6	9.59E-01
13.6	9.59E-01
13.6	9.59E-01
13.6	9.59E-01
13.6	9.59E-01
13.6	9.59E-01
13.6	9.59E-01
13.6	9.59E-01
13.6	9.59E-01
13.6	9.59E-01
13.6	9.59E-01
13.6	9.59E-01
13.6	9.59E-01
13.6	9.59E-01
13.6	9.59E-01
13.6	9.59E-01
13.6	9.59E-01
13.6	9.59E-01
13.6	9.59E-01
13.6	9.59E-01
13.6	9.59E-01
13.61	9.59E-01
13.61	9.59E-01
13.61	9.59E-01
13.61	9.59E-01
13.61	9.59E-01
13.61	9.59E-01
13.61	9.59E-01
13.61	9.59E-01
13.61	9.59E-01
13.61	9.59E-01
13.61	9.59E-01
13.61	9.59E-01
13.61	9.59E-01
13.61	9.59E-01
13.61	9.59E-01
13.61	9.59E-01
13.61	9.59E-01
13.61	9.59E-01
13.61	9.59E-01
13.61	9.59E-01
13.62	9.59E-01
13.62	9.59E-01
13.62	9.59E-01
13.62	9.59E-01
13.62	9.59E-01
13.62	9.59E-01
13.62	9.59E-01
13.62	9.59E-01
13.62	9.59E-01
13.62	9.59E-01
13.62	9.59E-01
13.62	9.59E-01
13.62	9.59E-01
13.62	9.59E-01
13.62	9.59E-01
13.62	9.59E-01
13.62	9.59E-01
13.62	9.59E-01
13.62	9.59E-01
13.62	9.59E-01
13.63	9.59E-01
13.63	9.59E-01
13.63	9.59E-01
13.63	9.59E-01
13.63	9.59E-01
13.63	9.59E-01
13.63	9.59E-01
13.63	9.59E-01
13.63	9.59E-01
13.63	9.59E-01
13.63	9.59E-01
13.63	9.59E-01
13.63	9.59E-01
13.63	9.59E-01
13.63	9.59E-01
13.63	9.59E-01
13.63	9.59E-01
13.63	9.59E-01
13.63	9.59E-01
13.64	9.59E-01
13.64	9.59E-01
13.64	9.59E-01
13.64	9.59E-01
13.64	9.59E-01
13.64	9.59E-01
13.64	9.59E-01
13.64	9.59E-01
13.64	9.59E-01
13.64	9.59E-01
13.64	9.59E-01
13.64	9.59E-01
13.64	9.59E-01
13.64	9.59E-01
13.64	9.59E-01
13.64	9.59E-01
13.64	9.59E-01
13.64	9.59E-01
13.64	9.59E-01
13.64	9.59E-01
13.65	9.59E-01
13.65	9.59E-01
13.65	9.59E-01
13.65	9.59E-01
13.65	9.59E-01
13.65	9.59E-01
13.65	9.59E-01
13.65	9.59E-01
13.65	9.59E-01
13.65	9.59E-01
13.65	9.59E-01
13.65	9.59E-01
13.65	9.59E-01
13.65	9.59E-01
13.65	9.59E-01
13.65	9.59E-01
13.65	9.59E-01
13.65	9.59E-01
13.65	9.59E-01
13.65	9.59E-01
13.65	9.59E-01
13.66	9.59E-01
13.66	9.59E-01
13.66	9.59E-01
13.66	9.59E-01
13.66	9.59E-01
13.66	9.59E-01
13.66	9.59E-01
13.66	9.59E-01
13.66	9.59E-01
13.66	9.59E-01
13.66	9.59E-01
13.66	9.59E-01
13.66	9.59E-01
13.66	9.59E-01
13.66	9.59E-01
13.66	9.59E-01
13.66	9.59E-01
13.66	9.59E-01
13.66	9.59E-01
13.66	9.59E-01
13.67	9.59E-01
13.67	9.59E-01
13.67	9.59E-01
13.67	9.59E-01
13.67	9.59E-01
13.67	9.59E-01
13.67	9.59E-01
13.67	9.59E-01
13.67	9.59E-01
13.67	9.59E-01
13.67	9.59E-01
13.67	9.59E-01
13.67	9.59E-01
13.67	9.59E-01
13.67	9.59E-01
13.67	9.59E-01
13.67	9.59E-01
13.67	9.59E-01
13.67	9.59E-01
13.68	9.59E-01
13.68	9.59E-01
13.68	9.59E-01
13.68	9.59E-01
13.68	9.59E-01
13.68	9.59E-01
13.68	9.59E-01
13.68	9.59E-01
13.68	9.59E-01
13.68	9.59E-01
13.68	9.59E-01
13.68	9.59E-01
13.68	9.59E-01
13.68	9.59E-01
13.68	9.59E-01
13.68	9.59E-01
13.68	9.59E-01
13.68	9.59E-01
13.68	9.59E-01
13.68	9.59E-01
13.69	9.59E-01
13.69	9.59E-01
13.69	9.59E-01
13.69	9.59E-01
13.69	9.59E-01
13.69	9.59E-01
13.69	9.59E-01
13.69	9.59E-01
13.69	9.59E-01
13.69	9.59E-01
13.69	9.59E-01
13.69	9.59E-01
13.69	9.59E-01
13.69	9.59E-01
13.69	9.59E-01
13.69	9.59E-01
13.69	9.59E-01
13.69	9.59E-01
13.69	9.59E-01
13.69	9.59E-01
13.69	9.59E-01
13.7	9.59E-01
13.7	9.59E-01
13.7	9.59E-01
13.7	9.59E-01
13.7	9.59E-01
13.7	9.59E-01
13.7	9.59E-01
13.7	9.59E-01
13.7	9.59E-01
13.7	9.59E-01
13.7	9.59E-01
13.7	9.59E-01
13.7	9.59E-01
13.7	9.59E-01
13.7	9.59E-01
13.7	9.59E-01
13.7	9.59E-01
13.7	9.59E-01
13.7	9.59E-01
13.7	9.59E-01
13.71	9.59E-01
13.71	9.59E-01
13.71	9.59E-01
13.71	9.59E-01
13.71	9.59E-01
13.71	9.59E-01
13.71	9.59E-01
13.71	9.59E-01
13.71	9.59E-01
13.71	9.59E-01
13.71	9.59E-01
13.71	9.59E-01
13.71	9.59E-01
13.71	9.59E-01
13.71	9.59E-01
13.71	9.59E-01
13.71	9.59E-01
13.71	9.59E-01
13.71	9.59E-01
13.72	9.59E-01
13.72	9.59E-01
13.72	9.59E-01
13.72	9.59E-01
13.72	9.59E-01
13.72	9.59E-01
13.72	9.59E-01
13.72	9.59E-01
13.72	9.59E-01
13.72	9.59E-01
13.72	9.59E-01
13.72	9.59E-01
13.72	9.59E-01
13.72	9.59E-01
13.72	9.59E-01
13.72	9.59E-01
13.72	9.59E-01
13.72	9.59E-01
13.72	9.59E-01
13.72	9.59E-01
13.73	9.59E-01
13.73	9.59E-01
13.73	9.59E-01
13.73	9.59E-01
13.73	9.59E-01
13.73	9.59E-01
13.73	9.59E-01
13.73	9.59E-01
13.73	9.59E-01
13.73	9.59E-01
13.73	9.59E-01
13.73	9.59E-01
13.73	9.59E-01
13.73	9.59E-01
13.73	9.59E-01
13.73	9.59E-01
13.73	9.59E-01
13.73	9.59E-01
13.73	9.59E-01
13.73	9.59E-01
13.73	9.59E-01
13.74	9.59E-01
13.74	9.59E-01
13.74	9.59E-01
13.74	9.59E-01
13.74	9.59E-01
13.74	9.59E-01
13.74	9.59E-01
13.74	9.59E-01
13.74	9.59E-01
13.74	9.59E-01
13.74	9.59E-01
13.74	9.59E-01
13.74	9.59E-01
13.74	9.59E-01
13.74	9.59E-01
13.74	9.59E-01
13.74	9.59E-01
13.74	9.59E-01
13.74	9.59E-01
13.74	9.59E-01
13.75	9.59E-01
13.75	9.59E-01
13.75	9.59E-01
13.75	9.59E-01
13.75	9.59E-01
13.75	9.59E-01
13.75	9.59E-01
13.75	9.59E-01
13.75	9.59E-01
13.75	9.59E-01
13.75	9.59E-01
13.75	9.59E-01
13.75	9.59E-01
13.75	9.59E-01
13.75	9.59E-01
13.75	9.59E-01
13.75	9.59E-01
13.75	9.59E-01
13.75	9.59E-01
13.76	9.59E-01
13.76	9.59E-01
13.76	9.59E-01
13.76	9.59E-01
13.76	9.59E-01
13.76	9.59E-01
13.76	9.59E-01
13.76	9.59E-01
13.76	9.59E-01
13.76	9.59E-01
13.76	9.59E-01
13.76	9.59E-01
13.76	9.59E-01
13.76	9.59E-01
13.76	9.59E-01
13.76	9.59E-01
13.76	9.59E-01
13.76	9.59E-01
13.76	9.59E-01
13.76	9.59E-01
13.77	9.59E-01
13.77	9.59E-01
13.77	9.59E-01
13.77	9.59E-01
13.77	9.59E-01
13.77	9.59E-01
13.77	9.59E-01
13.77	9.59E-01
13.77	9.59E-01
13.77	9.59E-01
13.77	9.59E-01
13.77	9.59E-01
13.77	9.59E-01
13.77	9.59E-01
13.77	9.59E-01
13.77	9.59E-01
13.77	9.59E-01
13.77	9.59E-01
13.77	9.59E-01
13.77	9.59E-01
13.77	9.59E-01
13.78	9.59E-01
13.78	9.59E-01
13.78	9.59E-01
13.78	9.59E-01
13.78	9.59E-01
13.78	9.59E-01
13.78	9.59E-01
13.78	9.59E-01
13.78	9.59E-01
13.78	9.59E-01
13.78	9.59E-01
13.78	9.59E-01
13.78	9.59E-01
13.78	9.59E-01
13.78	9.59E-01
13.78	9.59E-01
13.78	9.59E-01
13.78	9.59E-01
13.78	9.59E-01
13.78	9.59E-01
13.79	9.59E-01
13.79	9.59E-01
13.79	9.59E-01
13.79	9.59E-01
13.79	9.59E-01
13.79	9.59E-01
13.79	9.59E-01
13.79	9.59E-01
13.79	9.59E-01
13.79	9.59E-01
13.79	9.59E-01
13.79	9.59E-01
13.79	9.59E-01
13.79	9.59E-01
13.79	9.59E-01
13.79	9.59E-01
13.79	9.59E-01
13.79	9.59E-01
13.79	9.59E-01
13.8	9.59E-01
13.8	9.59E-01
13.8	9.59E-01
13.8	9.59E-01
13.8	9.59E-01
13.8	9.59E-01
13.8	9.59E-01
13.8	9.59E-01
13.8	9.59E-01
13.8	9.59E-01
13.8	9.59E-01
13.8	9.59E-01
13.8	9.59E-01
13.8	9.59E-01
13.8	9.59E-01
13.8	9.59E-01
13.8	9.59E-01
13.8	9.59E-01
13.8	9.59E-01
13.8	9.59E-01
13.81	9.59E-01
13.81	9.59E-01
13.81	9.59E-01
13.81	9.59E-01
13.81	9.59E-01
13.81	9.59E-01
13.81	9.59E-01
13.81	9.59E-01
13.81	9.59E-01
13.81	9.59E-01
13.81	9.59E-01
13.81	9.59E-01
13.81	9.59E-01
13.81	9.59E-01
13.81	9.59E-01
13.81	9.59E-01
13.81	9.59E-01
13.81	9.59E-01
13.81	9.59E-01
13.81	9.59E-01
13.81	9.59E-01
13.82	9.59E-01
13.82	9.59E-01
13.82	9.59E-01
13.82	9.59E-01
13.82	9.59E-01
13.82	9.59E-01
13.82	9.59E-01
13.82	9.59E-01
13.82	9.59E-01
13.82	9.59E-01
13.82	9.59E-01
13.82	9.59E-01
13.82	9.59E-01
13.82	9.59E-01
13.82	9.59E-01
13.82	9.59E-01
13.82	9.59E-01
13.82	9.59E-01
13.82	9.59E-01
13.82	9.59E-01
13.83	9.59E-01
13.83	9.59E-01
13.83	9.59E-01
13.83	9.59E-01
13.83	9.59E-01
13.83	9.59E-01
13.83	9.59E-01
13.83	9.59E-01
13.83	9.59E-01
13.83	9.59E-01
13.83	9.59E-01
13.83	9.59E-01
13.83	9.59E-01
13.83	9.59E-01
13.83	9.59E-01
13.83	9.59E-01
13.83	9.59E-01
13.83	9.59E-01
13.83	9.59E-01
13.84	9.59E-01
13.84	9.59E-01
13.84	9.59E-01
13.84	9.59E-01
13.84	9.59E-01
13.84	9.59E-01
13.84	9.59E-01
13.84	9.59E-01
13.84	9.59E-01
13.84	9.59E-01
13.84	9.59E-01
13.84	9.59E-01
13.84	9.59E-01
13.84	9.59E-01
13.84	9.59E-01
13.84	9.59E-01
13.84	9.59E-01
13.84	9.59E-01
13.84	9.59E-01
13.84	9.59E-01
13.85	9.59E-01
13.85	9.59E-01
13.85	9.59E-01
13.85	9.59E-01
13.85	9.59E-01
13.85	9.59E-01
13.85	9.59E-01
13.85	9.59E-01
13.85	9.59E-01
13.85	9.59E-01
13.85	9.59E-01
13.85	9.59E-01
13.85	9.59E-01
13.85	9.59E-01
13.85	9.59E-01
13.85	9.59E-01
13.85	9.59E-01
13.85	9.59E-01
13.85	9.59E-01
13.85	9.59E-01
13.85	9.59E-01
13.86	9.59E-01
13.86	9.59E-01
13.86	9.59E-01
13.86	9.59E-01
13.86	9.59E-01
13.86	9.59E-01
13.86	9.59E-01
13.86	9.59E-01
13.86	9.59E-01
13.86	9.59E-01
13.86	9.59E-01
13.86	9.59E-01
13.86	9.59E-01
13.86	9.59E-01
13.86	9.59E-01
13.86	9.59E-01
13.86	9.59E-01
13.86	9.59E-01
13.86	9.59E-01
13.86	9.59E-01
13.87	9.59E-01
13.87	9.59E-01
13.87	9.59E-01
13.87	9.59E-01
13.87	9.59E-01
13.87	9.59E-01
13.87	9.59E-01
13.87	9.59E-01
13.87	9.59E-01
13.87	9.59E-01
13.87	9.59E-01
13.87	9.59E-01
13.87	9.59E-01
13.87	9.59E-01
13.87	9.59E-01
13.87	9.59E-01
13.87	9.59E-01
13.87	9.59E-01
13.87	9.59E-01
13.88	9.59E-01
13.88	9.59E-01
13.88	9.59E-01
13.88	9.59E-01
13.88	9.59E-01
13.88	9.59E-01
13.88	9.59E-01
13.88	9.59E-01
13.88	9.59E-01
13.88	9.59E-01
13.88	9.59E-01
13.88	9.59E-01
13.88	9.59E-01
13.88	9.59E-01
13.88	9.59E-01
13.88	9.59E-01
13.88	9.59E-01
13.88	9.59E-01
13.88	9.59E-01
13.88	9.59E-01
13.89	9.59E-01
13.89	9.59E-01
13.89	9.59E-01
13.89	9.59E-01
13.89	9.59E-01
13.89	9.59E-01
13.89	9.59E-01
13.89	9.59E-01
13.89	9.59E-01
13.89	9.59E-01
13.89	9.59E-01
13.89	9.59E-01
13.89	9.59E-01
13.89	9.59E-01
13.89	9.59E-01
13.89	9.59E-01
13.89	9.59E-01
13.89	9.59E-01
13.89	9.59E-01
13.89	9.59E-01
13.9	9.59E-01
13.9	9.59E-01
13.9	9.59E-01
13.9	9.59E-01
13.9	9.59E-01
13.9	9.59E-01
13.9	9.59E-01
13.9	9.59E-01
13.9	9.59E-01
13.9	9.59E-01
13.9	9.59E-01
13.9	9.59E-01
13.9	9.59E-01
13.9	9.59E-01
13.9	9.59E-01
13.9	9.59E-01
13.9	9.59E-01
13.9	9.59E-01
13.9	9.59E-01
13.9	9.59E-01
13.9	9.59E-01
13.91	9.59E-01
13.91	9.59E-01
13.91	9.59E-01
13.91	9.59E-01
13.91	9.59E-01
13.91	9.59E-01
13.91	9.59E-01
13.91	9.59E-01
13.91	9.59E-01
13.91	9.59E-01
13.91	9.59E-01
13.91	9.59E-01
13.91	9.59E-01
13.91	9.59E-01
13.91	9.59E-01
13.91	9.59E-01
13.91	9.59E-01
13.91	9.59E-01
13.91	9.59E-01
13.91	9.59E-01
13.92	9.59E-01
13.92	9.59E-01
13.92	9.59E-01
13.92	9.59E-01
13.92	9.59E-01
13.92	9.59E-01
13.92	9.59E-01
13.92	9.59E-01
13.92	9.59E-01
13.92	9.59E-01
13.92	9.59E-01
13.92	9.59E-01
13.92	9.59E-01
13.92	9.59E-01
13.92	9.59E-01
13.92	9.59E-01
13.92	9.59E-01
13.92	9.59E-01
13.92	9.59E-01
13.93	9.59E-01
13.93	9.59E-01
13.93	9.59E-01
13.93	9.59E-01
13.93	9.59E-01
13.93	9.59E-01
13.93	9.59E-01
13.93	9.59E-01
13.93	9.59E-01
13.93	9.59E-01
13.93	9.59E-01
13.93	9.59E-01
13.93	9.59E-01
13.93	9.59E-01
13.93	9.59E-01
13.93	9.59E-01
13.93	9.59E-01
13.93	9.59E-01
13.93	9.59E-01
13.93	9.59E-01
13.94	9.59E-01
13.94	9.59E-01
13.94	9.59E-01
13.94	9.59E-01
13.94	9.59E-01
13.94	9.59E-01
13.94	9.59E-01
13.94	9.59E-01
13.94	9.59E-01
13.94	9.59E-01
13.94	9.59E-01
13.94	9.59E-01
13.94	9.59E-01
13.94	9.59E-01
13.94	9.59E-01
13.94	9.59E-01
13.94	9.59E-01
13.94	9.59E-01
13.94	9.59E-01
13.94	9.59E-01
13.94	9.59E-01
13.95	9.59E-01
13.95	9.59E-01
13.95	9.59E-01
13.95	9.59E-01
13.95	9.59E-01
13.95	9.59E-01
13.95	9.59E-01
13.95	9.59E-01
13.95	9.59E-01
13.95	9.59E-01
13.95	9.59E-01
13.95	9.59E-01
13.95	9.59E-01
13.95	9.59E-01
13.95	9.59E-01
13.95	9.59E-01
13.95	9.59E-01
13.95	9.59E-01
13.95	9.59E-01
13.95	9.59E-01
13.96	9.59E-01
13.96	9.59E-01
13.96	9.59E-01
13.96	9.59E-01
13.96	9.59E-01
13.96	9.59E-01
13.96	9.59E-01
13.96	9.59E-01
13.96	9.59E-01
13.96	9.59E-01
13.96	9.59E-01
13.96	9.59E-01
13.96	9.59E-01
13.96	9.59E-01
13.96	9.59E-01
13.96	9.59E-01
13.96	9.59E-01
13.96	9.59E-01
13.96	9.59E-01
13.97	9.59E-01
13.97	9.59E-01
13.97	9.59E-01
13.97	9.59E-01
13.97	9.59E-01
13.97	9.59E-01
13.97	9.59E-01
13.97	9.59E-01
13.97	9.59E-01
13.97	9.59E-01
13.97	9.59E-01
13.97	9.59E-01
13.97	9.59E-01
13.97	9.59E-01
13.97	9.59E-01
13.97	9.59E-01
13.97	9.59E-01
13.97	9.59E-01
13.97	9.59E-01
13.97	9.59E-01
13.98	9.59E-01
13.98	9.59E-01
13.98	9.59E-01
13.98	9.59E-01
13.98	9.59E-01
13.98	9.59E-01
13.98	9.59E-01
13.98	9.59E-01
13.98	9.59E-01
13.98	9.59E-01
13.98	9.59E-01
13.98	9.59E-01
13.98	9.59E-01
13.98	9.59E-01
13.98	9.59E-01
13.98	9.59E-01
13.98	9.59E-01
13.98	9.59E-01
13.98	9.59E-01
13.98	9.59E-01
13.98	9.59E-01
13.99	9.59E-01
13.99	9.59E-01
13.99	9.59E-01
13.99	9.59E-01
13.99	9.59E-01
13.99	9.59E-01
13.99	9.59E-01
13.99	9.59E-01
13.99	9.59E-01
13.99	9.59E-01
13.99	9.59E-01
13.99	9.59E-01
13.99	9.59E-01
13.99	9.59E-01
13.99	9.59E-01
13.99	9.59E-01
13.99	9.59E-01
13.99	9.59E-01
13.99	9.59E-01
13.99	9.59E-01
14	9.59E-01
14	9.59E-01
14	9.59E-01
14	9.59E-01
14	9.59E-01
14	9.59E-01
14	9.59E-01
14	9.59E-01
14	9.59E-01
14	9.59E-01
14	9.59E-01
14	9.59E-01
14	9.59E-01
14	9.59E-01
14	9.59E-01
14	9.59E-01
14	9.59E-01
14	9.59E-01
14	9.59E-01
14.01	9.59E-01
14.01	9.59E-01
14.01	9.59E-01
14.01	9.59E-01
14.01	9.59E-01
14.01	9.59E-01
14.01	9.59E-01
14.01	9.59E-01
14.01	9.59E-01
14.01	9.59E-01
14.01	9.59E-01
14.01	9.59E-01
14.01	9.59E-01
14.01	9.59E-01
14.01	9.59E-01
14.01	9.59E-01
14.01	9.59E-01
14.01	9.59E-01
14.01	9.59E-01
14.01	9.59E-01
14.02	9.59E-01
14.02	9.59E-01
14.02	9.59E-01
14.02	9.59E-01
14.02	9.59E-01
14.02	9.59E-01
14.02	9.59E-01
14.02	9.59E-01
14.02	9.59E-01
14.02	9.59E-01
14.02	9.59E-01
14.02	9.59E-01
14.02	9.59E-01
14.02	9.59E-01
14.02	9.59E-01
14.02	9.59E-01
14.02	9.59E-01
14.02	9.59E-01
14.02	9.59E-01
14.02	9.59E-01
14.02	9.59E-01
14.03	9.59E-01
14.03	9.59E-01
14.03	9.59E-01
14.03	9.59E-01
14.03	9.59E-01
14.03	9.59E-01
14.03	9.59E-01
14.03	9.59E-01
14.03	9.59E-01
14.03	9.59E-01
14.03	9.59E-01
14.03	9.59E-01
14.03	9.59E-01
14.03	9.59E-01
14.03	9.59E-01
14.03	9.59E-01
14.03	9.59E-01
14.03	9.59E-01
14.03	9.59E-01
14.03	9.59E-01
14.04	9.59E-01
14.04	9.59E-01
14.04	9.59E-01
14.04	9.59E-01
14.04	9.59E-01
14.04	9.59E-01
14.04	9.59E-01
14.04	9.59E-01
14.04	9.59E-01
14.04	9.59E-01
14.04	9.59E-01
14.04	9.59E-01
14.04	9.59E-01
14.04	9.59E-01
14.04	9.59E-01
14.04	9.59E-01
14.04	9.59E-01
14.04	9.59E-01
14.04	9.59E-01
14.05	9.59E-01
14.05	9.59E-01
14.05	9.59E-01
14.05	9.59E-01
14.05	9.59E-01
14.05	9.59E-01
14.05	9.59E-01
14.05	9.59E-01
14.05	9.59E-01
14.05	9.59E-01
14.05	9.59E-01
14.05	9.59E-01
14.05	9.59E-01
14.05	9.59E-01
14.05	9.59E-01
14.05	9.59E-01
14.05	9.59E-01
14.05	9.59E-01
14.05	9.59E-01
14.05	9.59E-01
14.06	9.59E-01
14.06	9.59E-01
14.06	9.59E-01
14.06	9.59E-01
14.06	9.59E-01
14.06	9.59E-01
14.06	9.59E-01
14.06	9.59E-01
14.06	9.59E-01
14.06	9.59E-01
14.06	9.59E-01
14.06	9.59E-01
14.06	9.59E-01
14.06	9.59E-01
14.06	9.59E-01
14.06	9.59E-01
14.06	9.59E-01
14.06	9.59E-01
14.06	9.59E-01
14.06	9.59E-01
14.06	9.59E-01
14.07	9.59E-01
14.07	9.59E-01
14.07	9.59E-01
14.07	9.59E-01
14.07	9.59E-01
14.07	9.59E-01
14.07	9.59E-01
14.07	9.59E-01
14.07	9.59E-01
14.07	9.59E-01
14.07	9.59E-01
14.07	9.59E-01
14.07	9.59E-01
14.07	9.59E-01
14.07	9.59E-01
14.07	9.59E-01
14.07	9.59E-01
14.07	9.59E-01
14.07	9.59E-01
14.07	9.59E-01
14.08	9.59E-01
14.08	9.59E-01
14.08	9.59E-01
14.08	9.59E-01
14.08	9.59E-01
14.08	9.59E-01
14.08	9.59E-01
14.08	9.59E-01
14.08	9.59E-01
14.08	9.59E-01
14.08	9.59E-01
14.08	9.59E-01
14.08	9.59E-01
14.08	9.59E-01
14.08	9.59E-01
14.08	9.59E-01
14.08	9.59E-01
14.08	9.59E-01
14.08	9.59E-01
14.09	9.59E-01
14.09	9.59E-01
14.09	9.59E-01
14.09	9.59E-01
14.09	9.59E-01
14.09	9.59E-01
14.09	9.59E-01
14.09	9.59E-01
14.09	9.59E-01
14.09	9.59E-01
14.09	9.59E-01
14.09	9.59E-01
14.09	9.59E-01
14.09	9.59E-01
14.09	9.59E-01
14.09	9.59E-01
14.09	9.59E-01
14.09	9.59E-01
14.09	9.59E-01
14.09	9.59E-01
14.1	9.59E-01
14.1	9.59E-01
14.1	9.59E-01
14.1	9.59E-01
14.1	9.59E-01
14.1	9.59E-01
14.1	9.59E-01
14.1	9.59E-01
14.1	9.59E-01
14.1	9.59E-01
14.1	9.59E-01
14.1	9.59E-01
14.1	9.59E-01
14.1	9.59E-01
14.1	9.59E-01
14.1	9.59E-01
14.1	9.59E-01
14.1	9.59E-01
14.1	9.59E-01
14.1	9.59E-01
14.1	9.59E-01
14.11	9.59E-01
14.11	9.59E-01
14.11	9.59E-01
14.11	9.59E-01
14.11	9.59E-01
14.11	9.59E-01
14.11	9.59E-01
14.11	9.59E-01
14.11	9.59E-01
14.11	9.59E-01
14.11	9.59E-01
14.11	9.59E-01
14.11	9.59E-01
14.11	9.59E-01
14.11	9.59E-01
14.11	9.59E-01
14.11	9.59E-01
14.11	9.59E-01
14.11	9.59E-01
14.11	9.59E-01
14.12	9.59E-01
14.12	9.59E-01
14.12	9.59E-01
14.12	9.59E-01
14.12	9.59E-01
14.12	9.59E-01
14.12	9.59E-01
14.12	9.59E-01
14.12	9.59E-01
14.12	9.59E-01
14.12	9.59E-01
14.12	9.59E-01
14.12	9.59E-01
14.12	9.59E-01
14.12	9.59E-01
14.12	9.59E-01
14.12	9.59E-01
14.12	9.59E-01
14.12	9.59E-01
14.12	9.59E-01
14.13	9.59E-01
14.13	9.59E-01
14.13	9.59E-01
14.13	9.59E-01
14.13	9.59E-01
14.13	9.59E-01
14.13	9.59E-01
14.13	9.59E-01
14.13	9.59E-01
14.13	9.59E-01
14.13	9.59E-01
14.13	9.59E-01
14.13	9.59E-01
14.13	9.59E-01
14.13	9.59E-01
14.13	9.59E-01
14.13	9.59E-01
14.13	9.59E-01
14.13	9.59E-01
14.14	9.59E-01
14.14	9.59E-01
14.14	9.59E-01
14.14	9.59E-01
14.14	9.59E-01
14.14	9.59E-01
14.14	9.59E-01
14.14	9.59E-01
14.14	9.59E-01
14.14	9.59E-01
14.14	9.59E-01
14.14	9.59E-01
14.14	9.59E-01
14.14	9.59E-01
14.14	9.59E-01
14.14	9.59E-01
14.14	9.59E-01
14.14	9.59E-01
14.14	9.59E-01
14.14	9.59E-01
14.15	9.59E-01
14.15	9.59E-01
14.15	9.59E-01
14.15	9.59E-01
14.15	9.59E-01
14.15	9.59E-01
14.15	9.59E-01
14.15	9.59E-01
14.15	9.59E-01
14.15	9.59E-01
14.15	9.59E-01
14.15	9.59E-01
14.15	9.59E-01
14.15	9.59E-01
14.15	9.59E-01
14.15	9.59E-01
14.15	9.59E-01
14.15	9.59E-01
14.15	9.59E-01
14.15	9.59E-01
14.15	9.59E-01
14.16	9.59E-01
14.16	9.59E-01
14.16	9.59E-01
14.16	9.59E-01
14.16	9.59E-01
14.16	9.59E-01
14.16	9.59E-01
14.16	9.59E-01
14.16	9.59E-01
14.16	9.59E-01
14.16	9.59E-01
14.16	9.59E-01
14.16	9.59E-01
14.16	9.59E-01
14.16	9.59E-01
14.16	9.59E-01
14.16	9.59E-01
14.16	9.59E-01
14.16	9.59E-01
14.16	9.59E-01
14.17	9.59E-01
14.17	9.59E-01
14.17	9.59E-01
14.17	9.59E-01
14.17	9.59E-01
14.17	9.59E-01
14.17	9.59E-01
14.17	9.59E-01
14.17	9.59E-01
14.17	9.59E-01
14.17	9.59E-01
14.17	9.59E-01
14.17	9.59E-01
14.17	9.59E-01
14.17	9.59E-01
14.17	9.59E-01
14.17	9.59E-01
14.17	9.59E-01
14.17	9.59E-01
14.18	9.59E-01
14.18	9.59E-01
14.18	9.59E-01
14.18	9.59E-01
14.18	9.59E-01
14.18	9.59E-01
14.18	9.59E-01
14.18	9.59E-01
14.18	9.59E-01
14.18	9.59E-01
14.18	9.59E-01
14.18	9.59E-01
14.18	9.59E-01
14.18	9.59E-01
14.18	9.59E-01
14.18	9.59E-01
14.18	9.59E-01
14.18	9.59E-01
14.18	9.59E-01
14.18	9.59E-01
14.19	9.59E-01
14.19	9.59E-01
14.19	9.59E-01
14.19	9.59E-01
14.19	9.59E-01
14.19	9.59E-01
14.19	9.59E-01
14.19	9.59E-01
14.19	9.59E-01
14.19	9.59E-01
14.19	9.59E-01
14.19	9.59E-01
14.19	9.59E-01
14.19	9.59E-01
14.19	9.59E-01
14.19	9.59E-01
14.19	9.59E-01
14.19	9.59E-01
14.19	9.59E-01
14.19	9.59E-01
14.19	9.59E-01
14.2	9.59E-01
14.2	9.59E-01
14.2	9.59E-01
14.2	9.59E-01
14.2	9.59E-01
14.2	9.59E-01
14.2	9.59E-01
14.2	9.59E-01
14.2	9.59E-01
14.2	9.59E-01
14.2	9.59E-01
14.2	9.59E-01
14.2	9.59E-01
14.2	9.59E-01
14.2	9.59E-01
14.2	9.59E-01
14.2	9.59E-01
14.2	9.59E-01
14.2	9.59E-01
14.2	9.59E-01
14.21	9.59E-01
14.21	9.59E-01
14.21	9.59E-01
14.21	9.59E-01
14.21	9.59E-01
14.21	9.59E-01
14.21	9.59E-01
14.21	9.59E-01
14.21	9.59E-01
14.21	9.59E-01
14.21	9.59E-01
14.21	9.59E-01
14.21	9.59E-01
14.21	9.59E-01
14.21	9.59E-01
14.21	9.59E-01
14.21	9.59E-01
14.21	9.59E-01
14.21	9.59E-01
14.22	9.59E-01
14.22	9.59E-01
14.22	9.59E-01
14.22	9.59E-01
14.22	9.59E-01
14.22	9.59E-01
14.22	9.59E-01
14.22	9.59E-01
14.22	9.59E-01
14.22	9.59E-01
14.22	9.59E-01
14.22	9.59E-01
14.22	9.59E-01
14.22	9.59E-01
14.22	9.59E-01
14.22	9.59E-01
14.22	9.59E-01
14.22	9.59E-01
14.22	9.59E-01
14.22	9.59E-01
14.23	9.59E-01
14.23	9.59E-01
14.23	9.59E-01
14.23	9.59E-01
14.23	9.59E-01
14.23	9.59E-01
14.23	9.59E-01
14.23	9.59E-01
14.23	9.59E-01
14.23	9.59E-01
14.23	9.59E-01
14.23	9.59E-01
14.23	9.59E-01
14.23	9.59E-01
14.23	9.59E-01
14.23	9.59E-01
14.23	9.59E-01
14.23	9.59E-01
14.23	9.59E-01
14.23	9.59E-01
14.23	9.59E-01
14.24	9.59E-01
14.24	9.59E-01
14.24	9.59E-01
14.24	9.59E-01
14.24	9.59E-01
14.24	9.59E-01
14.24	9.59E-01
14.24	9.59E-01
14.24	9.59E-01
14.24	9.59E-01
14.24	9.59E-01
14.24	9.59E-01
14.24	9.59E-01
14.24	9.59E-01
14.24	9.59E-01
14.24	9.59E-01
14.24	9.59E-01
14.24	9.59E-01
14.24	9.59E-01
14.24	9.59E-01
14.25	9.59E-01
14.25	9.59E-01
14.25	9.59E-01
14.25	9.59E-01
14.25	9.59E-01
14.25	9.59E-01
14.25	9.59E-01
14.25	9.59E-01
14.25	9.59E-01
14.25	9.59E-01
14.25	9.59E-01
14.25	9.59E-01
14.25	9.59E-01
14.25	9.59E-01
14.25	9.59E-01
14.25	9.59E-01
14.25	9.59E-01
14.25	9.59E-01
14.25	9.59E-01
14.26	9.59E-01
14.26	9.59E-01
14.26	9.59E-01
14.26	9.59E-01
14.26	9.59E-01
14.26	9.59E-01
14.26	9.59E-01
14.26	9.59E-01
14.26	9.59E-01
14.26	9.59E-01
14.26	9.59E-01
14.26	9.59E-01
14.26	9.59E-01
14.26	9.59E-01
14.26	9.59E-01
14.26	9.59E-01
14.26	9.59E-01
14.26	9.59E-01
14.26	9.59E-01
14.26	9.59E-01
14.27	9.59E-01
14.27	9.59E-01
14.27	9.59E-01
14.27	9.59E-01
14.27	9.59E-01
14.27	9.59E-01
14.27	9.59E-01
14.27	9.59E-01
14.27	9.59E-01
14.27	9.59E-01
14.27	9.59E-01
14.27	9.59E-01
14.27	9.59E-01
14.27	9.59E-01
14.27	9.59E-01
14.27	9.59E-01
14.27	9.59E-01
14.27	9.59E-01
14.27	9.59E-01
14.27	9.59E-01
14.27	9.59E-01
14.28	9.59E-01
14.28	9.59E-01
14.28	9.59E-01
14.28	9.59E-01
14.28	9.59E-01
14.28	9.59E-01
14.28	9.59E-01
14.28	9.59E-01
14.28	9.59E-01
14.28	9.59E-01
14.28	9.59E-01
14.28	9.59E-01
14.28	9.59E-01
14.28	9.59E-01
14.28	9.59E-01
14.28	9.59E-01
14.28	9.59E-01
14.28	9.59E-01
14.28	9.59E-01
14.28	9.59E-01
14.29	9.59E-01
14.29	9.59E-01
14.29	9.59E-01
14.29	9.59E-01
14.29	9.59E-01
14.29	9.59E-01
14.29	9.59E-01
14.29	9.59E-01
14.29	9.59E-01
14.29	9.59E-01
14.29	9.59E-01
14.29	9.59E-01
14.29	9.59E-01
14.29	9.59E-01
14.29	9.59E-01
14.29	9.59E-01
14.29	9.59E-01
14.29	9.59E-01
14.29	9.59E-01
14.3	9.59E-01
14.3	9.59E-01
14.3	9.59E-01
14.3	9.59E-01
14.3	9.59E-01
14.3	9.59E-01
14.3	9.59E-01
14.3	9.59E-01
14.3	9.59E-01
14.3	9.59E-01
14.3	9.59E-01
14.3	9.59E-01
14.3	9.59E-01
14.3	9.59E-01
14.3	9.59E-01
14.3	9.59E-01
14.3	9.59E-01
14.3	9.59E-01
14.3	9.59E-01
14.3	9.59E-01
14.31	9.59E-01
14.31	9.59E-01
14.31	9.59E-01
14.31	9.59E-01
14.31	9.59E-01
14.31	9.59E-01
14.31	9.59E-01
14.31	9.59E-01
14.31	9.59E-01
14.31	9.59E-01
14.31	9.59E-01
14.31	9.59E-01
14.31	9.59E-01
14.31	9.59E-01
14.31	9.59E-01
14.31	9.59E-01
14.31	9.59E-01
14.31	9.59E-01
14.31	9.59E-01
14.31	9.59E-01
14.31	9.59E-01
14.32	9.59E-01
14.32	9.59E-01
14.32	9.59E-01
14.32	9.59E-01
14.32	9.59E-01
14.32	9.59E-01
14.32	9.59E-01
14.32	9.59E-01
14.32	9.59E-01
14.32	9.59E-01
14.32	9.59E-01
14.32	9.59E-01
14.32	9.59E-01
14.32	9.59E-01
14.32	9.59E-01
14.32	9.59E-01
14.32	9.59E-01
14.32	9.59E-01
14.32	9.59E-01
14.32	9.59E-01
14.33	9.59E-01
14.33	9.59E-01
14.33	9.59E-01
14.33	9.59E-01
14.33	9.59E-01
14.33	9.59E-01
14.33	9.59E-01
14.33	9.59E-01
14.33	9.59E-01
14.33	9.59E-01
14.33	9.59E-01
14.33	9.59E-01
14.33	9.59E-01
14.33	9.59E-01
14.33	9.59E-01
14.33	9.59E-01
14.33	9.59E-01
14.33	9.59E-01
14.33	9.59E-01
14.34	9.59E-01
14.34	9.59E-01
14.34	9.59E-01
14.34	9.59E-01
14.34	9.59E-01
14.34	9.59E-01
14.34	9.59E-01
14.34	9.59E-01
14.34	9.59E-01
14.34	9.59E-01
14.34	9.59E-01
14.34	9.59E-01
14.34	9.59E-01
14.34	9.59E-01
14.34	9.59E-01
14.34	9.59E-01
14.34	9.59E-01
14.34	9.59E-01
14.34	9.59E-01
14.34	9.59E-01
14.35	9.59E-01
14.35	9.59E-01
14.35	9.59E-01
14.35	9.59E-01
14.35	9.59E-01
14.35	9.59E-01
14.35	9.59E-01
14.35	9.59E-01
14.35	9.59E-01
14.35	9.59E-01
14.35	9.59E-01
14.35	9.59E-01
14.35	9.59E-01
14.35	9.59E-01
14.35	9.59E-01
14.35	9.59E-01
14.35	9.59E-01
14.35	9.59E-01
14.35	9.59E-01
14.35	9.59E-01
14.35	9.59E-01
14.36	9.59E-01
14.36	9.59E-01
14.36	9.59E-01
14.36	9.59E-01
14.36	9.59E-01
14.36	9.59E-01
14.36	9.59E-01
14.36	9.59E-01
14.36	9.59E-01
14.36	9.59E-01
14.36	9.59E-01
14.36	9.59E-01
14.36	9.59E-01
14.36	9.59E-01
14.36	9.59E-01
14.36	9.59E-01
14.36	9.59E-01
14.36	9.59E-01
14.36	9.59E-01
14.36	9.59E-01
14.37	9.59E-01
14.37	9.59E-01
14.37	9.59E-01
14.37	9.59E-01
14.37	9.59E-01
14.37	9.59E-01
14.37	9.59E-01
14.37	9.59E-01
14.37	9.59E-01
14.37	9.59E-01
14.37	9.59E-01
14.37	9.59E-01
14.37	9.59E-01
14.37	9.59E-01
14.37	9.59E-01
14.37	9.59E-01
14.37	9.59E-01
14.37	9.59E-01
14.37	9.59E-01
14.38	9.59E-01
14.38	9.59E-01
14.38	9.59E-01
14.38	9.59E-01
14.38	9.59E-01
14.38	9.59E-01
14.38	9.59E-01
14.38	9.59E-01
14.38	9.59E-01
14.38	9.59E-01
14.38	9.59E-01
14.38	9.59E-01
14.38	9.59E-01
14.38	9.59E-01
14.38	9.59E-01
14.38	9.59E-01
14.38	9.59E-01
14.38	9.59E-01
14.38	9.59E-01
14.38	9.59E-01
14.39	9.59E-01
14.39	9.59E-01
14.39	9.59E-01
14.39	9.59E-01
14.39	9.59E-01
14.39	9.59E-01
14.39	9.59E-01
14.39	9.59E-01
14.39	9.59E-01
14.39	9.59E-01
14.39	9.59E-01
14.39	9.59E-01
14.39	9.59E-01
14.39	9.59E-01
14.39	9.59E-01
14.39	9.59E-01
14.39	9.59E-01
14.39	9.59E-01
14.39	9.59E-01
14.39	9.59E-01
14.4	9.59E-01
14.4	9.59E-01
14.4	9.59E-01
14.4	9.59E-01
14.4	9.59E-01
14.4	9.59E-01
14.4	9.59E-01
14.4	9.59E-01
14.4	9.59E-01
14.4	9.59E-01
14.4	9.59E-01
14.4	9.59E-01
14.4	9.59E-01
14.4	9.59E-01
14.4	9.59E-01
14.4	9.59E-01
14.4	9.59E-01
14.4	9.59E-01
14.4	9.59E-01
14.4	9.59E-01
14.4	9.59E-01
14.41	9.59E-01
14.41	9.59E-01
14.41	9.59E-01
14.41	9.59E-01
14.41	9.59E-01
14.41	9.59E-01
14.41	9.59E-01
14.41	9.59E-01
14.41	9.59E-01
14.41	9.59E-01
14.41	9.59E-01
14.41	9.59E-01
14.41	9.59E-01
14.41	9.59E-01
14.41	9.59E-01
14.41	9.59E-01
14.41	9.59E-01
14.41	9.59E-01
14.41	9.59E-01
14.41	9.59E-01
14.42	9.59E-01
14.42	9.59E-01
14.42	9.59E-01
14.42	9.59E-01
14.42	9.59E-01
14.42	9.59E-01
14.42	9.59E-01
14.42	9.59E-01
14.42	9.59E-01
14.42	9.59E-01
14.42	9.59E-01
14.42	9.59E-01
14.42	9.59E-01
14.42	9.59E-01
14.42	9.59E-01
14.42	9.59E-01
14.42	9.59E-01
14.42	9.59E-01
14.42	9.59E-01
14.43	9.59E-01
14.43	9.59E-01
14.43	9.59E-01
14.43	9.59E-01
14.43	9.59E-01
14.43	9.59E-01
14.43	9.59E-01
14.43	9.59E-01
14.43	9.59E-01
14.43	9.59E-01
14.43	9.59E-01
14.43	9.59E-01
14.43	9.59E-01
14.43	9.59E-01
14.43	9.59E-01
14.43	9.59E-01
14.43	9.59E-01
14.43	9.59E-01
14.43	9.59E-01
14.43	9.59E-01
14.44	9.59E-01
14.44	9.59E-01
14.44	9.59E-01
14.44	9.59E-01
14.44	9.59E-01
14.44	9.59E-01
14.44	9.59E-01
14.44	9.59E-01
14.44	9.59E-01
14.44	9.59E-01
14.44	9.59E-01
14.44	9.59E-01
14.44	9.59E-01
14.44	9.59E-01
14.44	9.59E-01
14.44	9.59E-01
14.44	9.59E-01
14.44	9.59E-01
14.44	9.59E-01
14.44	9.59E-01
14.44	9.59E-01
14.45	9.59E-01
14.45	9.59E-01
14.45	9.59E-01
14.45	9.59E-01
14.45	9.59E-01
14.45	9.59E-01
14.45	9.59E-01
14.45	9.59E-01
14.45	9.59E-01
14.45	9.59E-01
14.45	9.59E-01
14.45	9.59E-01
14.45	9.59E-01
14.45	9.59E-01
14.45	9.59E-01
14.45	9.59E-01
14.45	9.59E-01
14.45	9.59E-01
14.45	9.59E-01
14.45	9.59E-01
14.46	9.59E-01
14.46	9.59E-01
14.46	9.59E-01
14.46	9.59E-01
14.46	9.59E-01
14.46	9.59E-01
14.46	9.59E-01
14.46	9.59E-01
14.46	9.59E-01
14.46	9.59E-01
14.46	9.59E-01
14.46	9.59E-01
14.46	9.59E-01
14.46	9.59E-01
14.46	9.59E-01
14.46	9.59E-01
14.46	9.59E-01
14.46	9.59E-01
14.46	9.59E-01
14.47	9.59E-01
14.47	9.59E-01
14.47	9.59E-01
14.47	9.59E-01
14.47	9.59E-01
14.47	9.59E-01
14.47	9.59E-01
14.47	9.59E-01
14.47	9.59E-01
14.47	9.59E-01
14.47	9.59E-01
14.47	9.59E-01
14.47	9.59E-01
14.47	9.59E-01
14.47	9.59E-01
14.47	9.59E-01
14.47	9.59E-01
14.47	9.59E-01
14.47	9.59E-01
14.47	9.59E-01
14.48	9.59E-01
14.48	9.59E-01
14.48	9.59E-01
14.48	9.59E-01
14.48	9.59E-01
14.48	9.59E-01
14.48	9.59E-01
14.48	9.59E-01
14.48	9.59E-01
14.48	9.59E-01
14.48	9.59E-01
14.48	9.59E-01
14.48	9.59E-01
14.48	9.59E-01
14.48	9.59E-01
14.48	9.59E-01
14.48	9.59E-01
14.48	9.59E-01
14.48	9.59E-01
14.48	9.59E-01
14.48	9.59E-01
14.49	9.59E-01
14.49	9.59E-01
14.49	9.59E-01
14.49	9.59E-01
14.49	9.59E-01
14.49	9.59E-01
14.49	9.59E-01
14.49	9.59E-01
14.49	9.59E-01
14.49	9.59E-01
14.49	9.59E-01
14.49	9.59E-01
14.49	9.59E-01
14.49	9.59E-01
14.49	9.59E-01
14.49	9.59E-01
14.49	9.59E-01
14.49	9.59E-01
14.49	9.59E-01
14.49	9.59E-01
14.5	9.59E-01
14.5	9.59E-01
14.5	9.59E-01
14.5	9.59E-01
14.5	9.59E-01
14.5	9.59E-01
14.5	9.59E-01
14.5	9.59E-01
14.5	9.59E-01
14.5	9.59E-01
14.5	9.59E-01
14.5	9.59E-01
14.5	9.59E-01
14.5	9.59E-01
14.5	9.59E-01
14.5	9.59E-01
14.5	9.59E-01
14.5	9.59E-01
14.5	9.59E-01
14.51	9.59E-01
14.51	9.59E-01
14.51	9.59E-01
14.51	9.59E-01
14.51	9.59E-01
14.51	9.59E-01
14.51	9.59E-01
14.51	9.59E-01
14.51	9.59E-01
14.51	9.59E-01
14.51	9.59E-01
14.51	9.59E-01
14.51	9.59E-01
14.51	9.59E-01
14.51	9.59E-01
14.51	9.59E-01
14.51	9.59E-01
14.51	9.59E-01
14.51	9.59E-01
14.51	9.59E-01
14.52	9.59E-01
14.52	9.59E-01
14.52	9.59E-01
14.52	9.59E-01
14.52	9.59E-01
14.52	9.59E-01
14.52	9.59E-01
14.52	9.59E-01
14.52	9.59E-01
14.52	9.59E-01
14.52	9.59E-01
14.52	9.59E-01
14.52	9.59E-01
14.52	9.59E-01
14.52	9.59E-01
14.52	9.59E-01
14.52	9.59E-01
14.52	9.59E-01
14.52	9.59E-01
14.52	9.59E-01
14.52	9.59E-01
14.53	9.59E-01
14.53	9.59E-01
14.53	9.59E-01
14.53	9.59E-01
14.53	9.59E-01
14.53	9.59E-01
14.53	9.59E-01
14.53	9.59E-01
14.53	9.59E-01
14.53	9.59E-01
14.53	9.59E-01
14.53	9.59E-01
14.53	9.59E-01
14.53	9.59E-01
14.53	9.59E-01
14.53	9.59E-01
14.53	9.59E-01
14.53	9.59E-01
14.53	9.59E-01
14.53	9.59E-01
14.54	9.59E-01
14.54	9.59E-01
14.54	9.59E-01
14.54	9.59E-01
14.54	9.59E-01
14.54	9.59E-01
14.54	9.59E-01
14.54	9.59E-01
14.54	9.59E-01
14.54	9.59E-01
14.54	9.59E-01
14.54	9.59E-01
14.54	9.59E-01
14.54	9.59E-01
14.54	9.59E-01
14.54	9.59E-01
14.54	9.59E-01
14.54	9.59E-01
14.54	9.59E-01
14.55	9.59E-01
14.55	9.59E-01
14.55	9.59E-01
14.55	9.59E-01
14.55	9.59E-01
14.55	9.59E-01
14.55	9.59E-01
14.55	9.59E-01
14.55	9.59E-01
14.55	9.59E-01
14.55	9.59E-01
14.55	9.59E-01
14.55	9.59E-01
14.55	9.59E-01
14.55	9.59E-01
14.55	9.59E-01
14.55	9.59E-01
14.55	9.59E-01
14.55	9.59E-01
14.55	9.59E-01
14.56	9.59E-01
14.56	9.59E-01
14.56	9.59E-01
14.56	9.59E-01
14.56	9.59E-01
14.56	9.59E-01
14.56	9.59E-01
14.56	9.59E-01
14.56	9.59E-01
14.56	9.59E-01
14.56	9.59E-01
14.56	9.59E-01
14.56	9.59E-01
14.56	9.59E-01
14.56	9.59E-01
14.56	9.59E-01
14.56	9.59E-01
14.56	9.59E-01
14.56	9.59E-01
14.56	9.59E-01
14.56	9.59E-01
14.57	9.59E-01
14.57	9.59E-01
14.57	9.59E-01
14.57	9.59E-01
14.57	9.59E-01
14.57	9.59E-01
14.57	9.59E-01
14.57	9.59E-01
14.57	9.59E-01
14.57	9.59E-01
14.57	9.59E-01
14.57	9.59E-01
14.57	9.59E-01
14.57	9.59E-01
14.57	9.59E-01
14.57	9.59E-01
14.57	9.59E-01
14.57	9.59E-01
14.57	9.59E-01
14.57	9.59E-01
14.58	9.59E-01
14.58	9.59E-01
14.58	9.59E-01
14.58	9.59E-01
14.58	9.59E-01
14.58	9.59E-01
14.58	9.59E-01
14.58	9.59E-01
14.58	9.59E-01
14.58	9.59E-01
14.58	9.59E-01
14.58	9.59E-01
14.58	9.59E-01
14.58	9.59E-01
14.58	9.59E-01
14.58	9.59E-01
14.58	9.59E-01
14.58	9.59E-01
14.58	9.59E-01
14.59	9.59E-01
14.59	9.59E-01
14.59	9.59E-01
14.59	9.59E-01
14.59	9.59E-01
14.59	9.59E-01
14.59	9.59E-01
14.59	9.59E-01
14.59	9.59E-01
14.59	9.59E-01
14.59	9.59E-01
14.59	9.59E-01
14.59	9.59E-01
14.59	9.59E-01
14.59	9.59E-01
14.59	9.59E-01
14.59	9.59E-01
14.59	9.59E-01
14.59	9.59E-01
14.59	9.59E-01
14.6	9.59E-01
14.6	9.59E-01
14.6	9.59E-01
14.6	9.59E-01
14.6	9.59E-01
14.6	9.59E-01
14.6	9.59E-01
14.6	9.59E-01
14.6	9.59E-01
14.6	9.59E-01
14.6	9.59E-01
14.6	9.59E-01
14.6	9.59E-01
14.6	9.59E-01
14.6	9.59E-01
14.6	9.59E-01
14.6	9.59E-01
14.6	9.59E-01
14.6	9.59E-01
14.6	9.59E-01
14.6	9.59E-01
14.61	9.59E-01
14.61	9.59E-01
14.61	9.59E-01
14.61	9.59E-01
14.61	9.59E-01
14.61	9.59E-01
14.61	9.59E-01
14.61	9.59E-01
14.61	9.59E-01
14.61	9.59E-01
14.61	9.59E-01
14.61	9.59E-01
14.61	9.59E-01
14.61	9.59E-01
14.61	9.59E-01
14.61	9.59E-01
14.61	9.59E-01
14.61	9.59E-01
14.61	9.59E-01
14.61	9.59E-01
14.62	9.59E-01
14.62	9.59E-01
14.62	9.59E-01
14.62	9.59E-01
14.62	9.59E-01
14.62	9.59E-01
14.62	9.59E-01
14.62	9.59E-01
14.62	9.59E-01
14.62	9.59E-01
14.62	9.59E-01
14.62	9.59E-01
14.62	9.59E-01
14.62	9.59E-01
14.62	9.59E-01
14.62	9.59E-01
14.62	9.59E-01
14.62	9.59E-01
14.62	9.59E-01
14.62	9.59E-01
14.63	9.59E-01
14.63	9.59E-01
14.63	9.59E-01
14.63	9.59E-01
14.63	9.59E-01
14.63	9.59E-01
14.63	9.59E-01
14.63	9.59E-01
14.63	9.59E-01
14.63	9.59E-01
14.63	9.59E-01
14.63	9.59E-01
14.63	9.59E-01
14.63	9.59E-01
14.63	9.59E-01
14.63	9.59E-01
14.63	9.59E-01
14.63	9.59E-01
14.63	9.59E-01
14.64	9.59E-01
14.64	9.59E-01
14.64	9.59E-01
14.64	9.59E-01
14.64	9.59E-01
14.64	9.59E-01
14.64	9.59E-01
14.64	9.59E-01
14.64	9.59E-01
14.64	9.59E-01
14.64	9.59E-01
14.64	9.59E-01
14.64	9.59E-01
14.64	9.59E-01
14.64	9.59E-01
14.64	9.59E-01
14.64	9.59E-01
14.64	9.59E-01
14.64	9.59E-01
14.64	9.59E-01
14.65	9.59E-01
14.65	9.59E-01
14.65	9.59E-01
14.65	9.59E-01
14.65	9.59E-01
14.65	9.59E-01
14.65	9.59E-01
14.65	9.59E-01
14.65	9.59E-01
14.65	9.59E-01
14.65	9.59E-01
14.65	9.59E-01
14.65	9.59E-01
14.65	9.59E-01
14.65	9.59E-01
14.65	9.59E-01
14.65	9.59E-01
14.65	9.59E-01
14.65	9.59E-01
14.65	9.59E-01
14.65	9.59E-01
14.66	9.59E-01
14.66	9.59E-01
14.66	9.59E-01
14.66	9.59E-01
14.66	9.59E-01
14.66	9.59E-01
14.66	9.59E-01
14.66	9.59E-01
14.66	9.59E-01
14.66	9.59E-01
14.66	9.59E-01
14.66	9.59E-01
14.66	9.59E-01
14.66	9.59E-01
14.66	9.59E-01
14.66	9.59E-01
14.66	9.59E-01
14.66	9.59E-01
14.66	9.59E-01
14.66	9.59E-01
14.67	9.59E-01
14.67	9.59E-01
14.67	9.59E-01
14.67	9.59E-01
14.67	9.59E-01
14.67	9.59E-01
14.67	9.59E-01
14.67	9.59E-01
14.67	9.59E-01
14.67	9.59E-01
14.67	9.59E-01
14.67	9.59E-01
14.67	9.59E-01
14.67	9.59E-01
14.67	9.59E-01
14.67	9.59E-01
14.67	9.59E-01
14.67	9.59E-01
14.67	9.59E-01
14.68	9.59E-01
14.68	9.59E-01
14.68	9.59E-01
14.68	9.59E-01
14.68	9.59E-01
14.68	9.59E-01
14.68	9.59E-01
14.68	9.59E-01
14.68	9.59E-01
14.68	9.59E-01
14.68	9.59E-01
14.68	9.59E-01
14.68	9.59E-01
14.68	9.59E-01
14.68	9.59E-01
14.68	9.59E-01
14.68	9.59E-01
14.68	9.59E-01
14.68	9.59E-01
14.68	9.59E-01
14.69	9.59E-01
14.69	9.59E-01
14.69	9.59E-01
14.69	9.59E-01
14.69	9.59E-01
14.69	9.59E-01
14.69	9.59E-01
14.69	9.59E-01
14.69	9.59E-01
14.69	9.59E-01
14.69	9.59E-01
14.69	9.59E-01
14.69	9.59E-01
14.69	9.59E-01
14.69	9.59E-01
14.69	9.59E-01
14.69	9.59E-01
14.69	9.59E-01
14.69	9.59E-01
14.69	9.59E-01
14.69	9.59E-01
14.7	9.59E-01
14.7	9.59E-01
14.7	9.59E-01
14.7	9.59E-01
14.7	9.59E-01
14.7	9.59E-01
14.7	9.59E-01
14.7	9.59E-01
14.7	9.59E-01
14.7	9.59E-01
14.7	9.59E-01
14.7	9.59E-01
14.7	9.59E-01
14.7	9.59E-01
14.7	9.59E-01
14.7	9.59E-01
14.7	9.59E-01
14.7	9.59E-01
14.7	9.59E-01
14.7	9.59E-01
14.71	9.59E-01
14.71	9.59E-01
14.71	9.59E-01
14.71	9.59E-01
14.71	9.59E-01
14.71	9.59E-01
14.71	9.59E-01
14.71	9.59E-01
14.71	9.59E-01
14.71	9.59E-01
14.71	9.59E-01
14.71	9.59E-01
14.71	9.59E-01
14.71	9.59E-01
14.71	9.59E-01
14.71	9.59E-01
14.71	9.59E-01
14.71	9.59E-01
14.71	9.59E-01
14.72	9.59E-01
14.72	9.59E-01
14.72	9.59E-01
14.72	9.59E-01
14.72	9.59E-01
14.72	9.59E-01
14.72	9.59E-01
14.72	9.59E-01
14.72	9.59E-01
14.72	9.59E-01
14.72	9.59E-01
14.72	9.59E-01
14.72	9.59E-01
14.72	9.59E-01
14.72	9.59E-01
14.72	9.59E-01
14.72	9.59E-01
14.72	9.59E-01
14.72	9.59E-01
14.72	9.59E-01
14.73	9.59E-01
14.73	9.59E-01
14.73	9.59E-01
14.73	9.59E-01
14.73	9.59E-01
14.73	9.59E-01
14.73	9.59E-01
14.73	9.59E-01
14.73	9.59E-01
14.73	9.59E-01
14.73	9.59E-01
14.73	9.59E-01
14.73	9.59E-01
14.73	9.59E-01
14.73	9.59E-01
14.73	9.59E-01
14.73	9.59E-01
14.73	9.59E-01
14.73	9.59E-01
14.73	9.59E-01
14.73	9.59E-01
14.74	9.59E-01
14.74	9.59E-01
14.74	9.59E-01
14.74	9.59E-01
14.74	9.59E-01
14.74	9.59E-01
14.74	9.59E-01
14.74	9.59E-01
14.74	9.59E-01
14.74	9.59E-01
14.74	9.59E-01
14.74	9.59E-01
14.74	9.59E-01
14.74	9.59E-01
14.74	9.59E-01
14.74	9.59E-01
14.74	9.59E-01
14.74	9.59E-01
14.74	9.59E-01
14.74	9.59E-01
14.75	9.59E-01
14.75	9.59E-01
14.75	9.59E-01
14.75	9.59E-01
14.75	9.59E-01
14.75	9.59E-01
14.75	9.59E-01
14.75	9.59E-01
14.75	9.59E-01
14.75	9.59E-01
14.75	9.59E-01
14.75	9.59E-01
14.75	9.59E-01
14.75	9.59E-01
14.75	9.59E-01
14.75	9.59E-01
14.75	9.59E-01
14.75	9.59E-01
14.75	9.59E-01
14.76	9.59E-01
14.76	9.59E-01
14.76	9.59E-01
14.76	9.59E-01
14.76	9.59E-01
14.76	9.59E-01
14.76	9.59E-01
14.76	9.59E-01
14.76	9.59E-01
14.76	9.59E-01
14.76	9.59E-01
14.76	9.59E-01
14.76	9.59E-01
14.76	9.59E-01
14.76	9.59E-01
14.76	9.59E-01
14.76	9.59E-01
14.76	9.59E-01
14.76	9.59E-01
14.76	9.59E-01
14.77	9.59E-01
14.77	9.59E-01
14.77	9.59E-01
14.77	9.59E-01
14.77	9.59E-01
14.77	9.59E-01
14.77	9.59E-01
14.77	9.59E-01
14.77	9.59E-01
14.77	9.59E-01
14.77	9.59E-01
14.77	9.59E-01
14.77	9.59E-01
14.77	9.59E-01
14.77	9.59E-01
14.77	9.59E-01
14.77	9.59E-01
14.77	9.59E-01
14.77	9.59E-01
14.77	9.59E-01
14.77	9.59E-01
14.78	9.59E-01
14.78	9.59E-01
14.78	9.59E-01
14.78	9.59E-01
14.78	9.59E-01
14.78	9.59E-01
14.78	9.59E-01
14.78	9.59E-01
14.78	9.59E-01
14.78	9.59E-01
14.78	9.59E-01
14.78	9.59E-01
14.78	9.59E-01
14.78	9.59E-01
14.78	9.59E-01
14.78	9.59E-01
14.78	9.59E-01
14.78	9.59E-01
14.78	9.59E-01
14.78	9.59E-01
14.79	9.59E-01
14.79	9.59E-01
14.79	9.59E-01
14.79	9.59E-01
14.79	9.59E-01
14.79	9.59E-01
14.79	9.59E-01
14.79	9.59E-01
14.79	9.59E-01
14.79	9.59E-01
14.79	9.59E-01
14.79	9.59E-01
14.79	9.59E-01
14.79	9.59E-01
14.79	9.59E-01
14.79	9.59E-01
14.79	9.59E-01
14.79	9.59E-01
14.79	9.59E-01
14.8	9.59E-01
14.8	9.59E-01
14.8	9.59E-01
14.8	9.59E-01
14.8	9.59E-01
14.8	9.59E-01
14.8	9.59E-01
14.8	9.59E-01
14.8	9.59E-01
14.8	9.59E-01
14.8	9.59E-01
14.8	9.59E-01
14.8	9.59E-01
14.8	9.59E-01
14.8	9.59E-01
14.8	9.59E-01
14.8	9.59E-01
14.8	9.59E-01
14.8	9.59E-01
14.8	9.59E-01
14.81	9.59E-01
14.81	9.59E-01
14.81	9.59E-01
14.81	9.59E-01
14.81	9.59E-01
14.81	9.59E-01
14.81	9.59E-01
14.81	9.59E-01
14.81	9.59E-01
14.81	9.59E-01
14.81	9.59E-01
14.81	9.59E-01
14.81	9.59E-01
14.81	9.59E-01
14.81	9.59E-01
14.81	9.59E-01
14.81	9.59E-01
14.81	9.59E-01
14.81	9.59E-01
14.81	9.59E-01
14.81	9.59E-01
14.82	9.59E-01
14.82	9.59E-01
14.82	9.59E-01
14.82	9.59E-01
14.82	9.59E-01
14.82	9.59E-01
14.82	9.59E-01
14.82	9.59E-01
14.82	9.59E-01
14.82	9.59E-01
14.82	9.59E-01
14.82	9.59E-01
14.82	9.59E-01
14.82	9.59E-01
14.82	9.59E-01
14.82	9.59E-01
14.82	9.59E-01
14.82	9.59E-01
14.82	9.59E-01
14.82	9.59E-01
14.83	9.59E-01
14.83	9.59E-01
14.83	9.59E-01
14.83	9.59E-01
14.83	9.59E-01
14.83	9.59E-01
14.83	9.59E-01
14.83	9.59E-01
14.83	9.59E-01
14.83	9.59E-01
14.83	9.59E-01
14.83	9.59E-01
14.83	9.59E-01
14.83	9.59E-01
14.83	9.59E-01
14.83	9.59E-01
14.83	9.59E-01
14.83	9.59E-01
14.83	9.59E-01
14.84	9.59E-01
14.84	9.59E-01
14.84	9.59E-01
14.84	9.59E-01
14.84	9.59E-01
14.84	9.59E-01
14.84	9.59E-01
14.84	9.59E-01
14.84	9.59E-01
14.84	9.59E-01
14.84	9.59E-01
14.84	9.59E-01
14.84	9.59E-01
14.84	9.59E-01
14.84	9.59E-01
14.84	9.59E-01
14.84	9.59E-01
14.84	9.59E-01
14.84	9.59E-01
14.84	9.59E-01
14.85	9.59E-01
14.85	9.59E-01
14.85	9.59E-01
14.85	9.59E-01
14.85	9.59E-01
14.85	9.59E-01
14.85	9.59E-01
14.85	9.59E-01
14.85	9.59E-01
14.85	9.59E-01
14.85	9.59E-01
14.85	9.59E-01
14.85	9.59E-01
14.85	9.59E-01
14.85	9.59E-01
14.85	9.59E-01
14.85	9.59E-01
14.85	9.59E-01
14.85	9.59E-01
14.85	9.59E-01
14.85	9.59E-01
14.86	9.59E-01
14.86	9.59E-01
14.86	9.59E-01
14.86	9.59E-01
14.86	9.59E-01
14.86	9.59E-01
14.86	9.59E-01
14.86	9.59E-01
14.86	9.59E-01
14.86	9.59E-01
14.86	9.59E-01
14.86	9.59E-01
14.86	9.59E-01
14.86	9.59E-01
14.86	9.59E-01
14.86	9.59E-01
14.86	9.59E-01
14.86	9.59E-01
14.86	9.59E-01
14.86	9.59E-01
14.87	9.59E-01
14.87	9.59E-01
14.87	9.59E-01
14.87	9.59E-01
14.87	9.59E-01
14.87	9.59E-01
14.87	9.59E-01
14.87	9.59E-01
14.87	9.59E-01
14.87	9.59E-01
14.87	9.59E-01
14.87	9.59E-01
14.87	9.59E-01
14.87	9.59E-01
14.87	9.59E-01
14.87	9.59E-01
14.87	9.59E-01
14.87	9.59E-01
14.87	9.59E-01
14.88	9.59E-01
14.88	9.59E-01
14.88	9.59E-01
14.88	9.59E-01
14.88	9.59E-01
14.88	9.59E-01
14.88	9.59E-01
14.88	9.59E-01
14.88	9.59E-01
14.88	9.59E-01
14.88	9.59E-01
14.88	9.59E-01
14.88	9.59E-01
14.88	9.59E-01
14.88	9.59E-01
14.88	9.59E-01
14.88	9.59E-01
14.88	9.59E-01
14.88	9.59E-01
14.88	9.59E-01
14.89	9.59E-01
14.89	9.59E-01
14.89	9.59E-01
14.89	9.59E-01
14.89	9.59E-01
14.89	9.59E-01
14.89	9.59E-01
14.89	9.59E-01
14.89	9.59E-01
14.89	9.59E-01
14.89	9.59E-01
14.89	9.59E-01
14.89	9.59E-01
14.89	9.59E-01
14.89	9.59E-01
14.89	9.59E-01
14.89	9.59E-01
14.89	9.59E-01
14.89	9.59E-01
14.89	9.59E-01
14.9	9.59E-01
14.9	9.59E-01
14.9	9.59E-01
14.9	9.59E-01
14.9	9.59E-01
14.9	9.59E-01
14.9	9.59E-01
14.9	9.59E-01
14.9	9.59E-01
14.9	9.59E-01
14.9	9.59E-01
14.9	9.59E-01
14.9	9.59E-01
14.9	9.59E-01
14.9	9.59E-01
14.9	9.59E-01
14.9	9.59E-01
14.9	9.59E-01
14.9	9.59E-01
14.9	9.59E-01
14.9	9.59E-01
14.91	9.59E-01
14.91	9.59E-01
14.91	9.59E-01
14.91	9.59E-01
14.91	9.59E-01
14.91	9.59E-01
14.91	9.59E-01
14.91	9.59E-01
14.91	9.59E-01
14.91	9.59E-01
14.91	9.59E-01
14.91	9.59E-01
14.91	9.59E-01
14.91	9.59E-01
14.91	9.59E-01
14.91	9.59E-01
14.91	9.59E-01
14.91	9.59E-01
14.91	9.59E-01
14.91	9.59E-01
14.92	9.59E-01
14.92	9.59E-01
14.92	9.59E-01
14.92	9.59E-01
14.92	9.59E-01
14.92	9.59E-01
14.92	9.59E-01
14.92	9.59E-01
14.92	9.59E-01
14.92	9.59E-01
14.92	9.59E-01
14.92	9.59E-01
14.92	9.59E-01
14.92	9.59E-01
14.92	9.59E-01
14.92	9.59E-01
14.92	9.59E-01
14.92	9.59E-01
14.92	9.59E-01
14.93	9.59E-01
14.93	9.59E-01
14.93	9.59E-01
14.93	9.59E-01
14.93	9.59E-01
14.93	9.59E-01
14.93	9.59E-01
14.93	9.59E-01
14.93	9.59E-01
14.93	9.59E-01
14.93	9.59E-01
14.93	9.59E-01
14.93	9.59E-01
14.93	9.59E-01
14.93	9.59E-01
14.93	9.59E-01
14.93	9.59E-01
14.93	9.59E-01
14.93	9.59E-01
14.93	9.59E-01
14.94	9.59E-01
14.94	9.59E-01
14.94	9.59E-01
14.94	9.59E-01
14.94	9.59E-01
14.94	9.59E-01
14.94	9.59E-01
14.94	9.59E-01
14.94	9.59E-01
14.94	9.59E-01
14.94	9.59E-01
14.94	9.59E-01
14.94	9.59E-01
14.94	9.59E-01
14.94	9.59E-01
14.94	9.59E-01
14.94	9.59E-01
14.94	9.59E-01
14.94	9.59E-01
14.94	9.59E-01
14.94	9.59E-01
14.95	9.59E-01
14.95	9.59E-01
14.95	9.59E-01
14.95	9.59E-01
14.95	9.59E-01
14.95	9.59E-01
14.95	9.59E-01
14.95	9.59E-01
14.95	9.59E-01
14.95	9.59E-01
14.95	9.59E-01
14.95	9.59E-01
14.95	9.59E-01
14.95	9.59E-01
14.95	9.59E-01
14.95	9.59E-01
14.95	9.59E-01
14.95	9.59E-01
14.95	9.59E-01
14.95	9.59E-01
14.96	9.59E-01
14.96	9.59E-01
14.96	9.59E-01
14.96	9.59E-01
14.96	9.59E-01
14.96	9.59E-01
14.96	9.59E-01
14.96	9.59E-01
14.96	9.59E-01
14.96	9.59E-01
14.96	9.59E-01
14.96	9.59E-01
14.96	9.59E-01
14.96	9.59E-01
14.96	9.59E-01
14.96	9.59E-01
14.96	9.59E-01
14.96	9.59E-01
14.96	9.59E-01
14.97	9.59E-01
14.97	9.59E-01
14.97	9.59E-01
14.97	9.59E-01
14.97	9.59E-01
14.97	9.59E-01
14.97	9.59E-01
14.97	9.59E-01
14.97	9.59E-01
14.97	9.59E-01
14.97	9.59E-01
14.97	9.59E-01
14.97	9.59E-01
14.97	9.59E-01
14.97	9.59E-01
14.97	9.59E-01
14.97	9.59E-01
14.97	9.59E-01
14.97	9.59E-01
14.97	9.59E-01
14.98	9.59E-01
14.98	9.59E-01
14.98	9.59E-01
14.98	9.59E-01
14.98	9.59E-01
14.98	9.59E-01
14.98	9.59E-01
14.98	9.59E-01
14.98	9.59E-01
14.98	9.59E-01
14.98	9.59E-01
14.98	9.59E-01
14.98	9.59E-01
14.98	9.59E-01
14.98	9.59E-01
14.98	9.59E-01
14.98	9.59E-01
14.98	9.59E-01
14.98	9.59E-01
14.98	9.59E-01
14.98	9.59E-01
14.99	9.59E-01
14.99	9.59E-01
14.99	9.59E-01
14.99	9.59E-01
14.99	9.59E-01
14.99	9.59E-01
14.99	9.59E-01
14.99	9.59E-01
14.99	9.59E-01
14.99	9.59E-01
14.99	9.59E-01
14.99	9.59E-01
14.99	9.59E-01
14.99	9.59E-01
14.99	9.59E-01
14.99	9.59E-01
14.99	9.59E-01
14.99	9.59E-01
14.99	9.59E-01
14.99	9.59E-01
15	9.59E-01
15	9.59E-01
15	9.59E-01
15	9.59E-01
15	9.59E-01
15	9.59E-01
15	9.59E-01
15	9.59E-01
15	9.59E-01
15	9.59E-01
15	9.59E-01
15	9.59E-01
15	9.59E-01
15	9.59E-01
15	9.59E-01
15	9.59E-01
15	9.59E-01
15	9.59E-01
15	9.59E-01
15.01	9.59E-01
15.01	9.59E-01
15.01	9.59E-01
15.01	9.59E-01
15.01	9.59E-01
15.01	9.59E-01
15.01	9.59E-01
15.01	9.59E-01
15.01	9.59E-01
15.01	9.59E-01
15.01	9.59E-01
15.01	9.59E-01
15.01	9.59E-01
15.01	9.59E-01
15.01	9.59E-01
15.01	9.59E-01
15.01	9.59E-01
15.01	9.59E-01
15.01	9.59E-01
15.01	9.59E-01
15.02	9.59E-01
15.02	9.59E-01
15.02	9.59E-01
15.02	9.59E-01
15.02	9.59E-01
15.02	9.59E-01
15.02	9.59E-01
15.02	9.59E-01
15.02	9.59E-01
15.02	9.59E-01
15.02	9.59E-01
15.02	9.59E-01
15.02	9.59E-01
15.02	9.59E-01
15.02	9.59E-01
15.02	9.59E-01
15.02	9.59E-01
15.02	9.59E-01
15.02	9.59E-01
15.02	9.59E-01
15.02	9.59E-01
15.03	9.59E-01
15.03	9.59E-01
15.03	9.59E-01
15.03	9.59E-01
15.03	9.59E-01
15.03	9.59E-01
15.03	9.59E-01
15.03	9.59E-01
15.03	9.59E-01
15.03	9.59E-01
15.03	9.59E-01
15.03	9.59E-01
15.03	9.59E-01
15.03	9.59E-01
15.03	9.59E-01
15.03	9.59E-01
15.03	9.59E-01
15.03	9.59E-01
15.03	9.59E-01
15.03	9.59E-01
15.04	9.59E-01
15.04	9.59E-01
15.04	9.59E-01
15.04	9.59E-01
15.04	9.59E-01
15.04	9.59E-01
15.04	9.59E-01
15.04	9.59E-01
15.04	9.59E-01
15.04	9.59E-01
15.04	9.59E-01
15.04	9.59E-01
15.04	9.59E-01
15.04	9.59E-01
15.04	9.59E-01
15.04	9.59E-01
15.04	9.59E-01
15.04	9.59E-01
15.04	9.59E-01
15.05	9.59E-01
15.05	9.59E-01
15.05	9.59E-01
15.05	9.59E-01
15.05	9.59E-01
15.05	9.59E-01
15.05	9.59E-01
15.05	9.59E-01
15.05	9.59E-01
15.05	9.59E-01
15.05	9.59E-01
15.05	9.59E-01
15.05	9.59E-01
15.05	9.59E-01
15.05	9.59E-01
15.05	9.59E-01
15.05	9.59E-01
15.05	9.59E-01
15.05	9.59E-01
15.05	9.59E-01
15.06	9.59E-01
15.06	9.59E-01
15.06	9.59E-01
15.06	9.59E-01
15.06	9.59E-01
15.06	9.59E-01
15.06	9.59E-01
15.06	9.59E-01
15.06	9.59E-01
15.06	9.59E-01
15.06	9.59E-01
15.06	9.59E-01
15.06	9.59E-01
15.06	9.59E-01
15.06	9.59E-01
15.06	9.59E-01
15.06	9.59E-01
15.06	9.59E-01
15.06	9.59E-01
15.06	9.59E-01
15.06	9.59E-01
15.07	9.59E-01
15.07	9.59E-01
15.07	9.59E-01
15.07	9.59E-01
15.07	9.59E-01
15.07	9.59E-01
15.07	9.59E-01
15.07	9.59E-01
15.07	9.59E-01
15.07	9.59E-01
15.07	9.59E-01
15.07	9.59E-01
15.07	9.59E-01
15.07	9.59E-01
15.07	9.59E-01
15.07	9.59E-01
15.07	9.59E-01
15.07	9.59E-01
15.07	9.59E-01
15.07	9.59E-01
15.08	9.59E-01
15.08	9.59E-01
15.08	9.59E-01
15.08	9.59E-01
15.08	9.59E-01
15.08	9.59E-01
15.08	9.59E-01
15.08	9.59E-01
15.08	9.59E-01
15.08	9.59E-01
15.08	9.59E-01
15.08	9.59E-01
15.08	9.59E-01
15.08	9.59E-01
15.08	9.59E-01
15.08	9.59E-01
15.08	9.59E-01
15.08	9.59E-01
15.08	9.59E-01
15.09	9.59E-01
15.09	9.59E-01
15.09	9.59E-01
15.09	9.59E-01
15.09	9.59E-01
15.09	9.59E-01
15.09	9.59E-01
15.09	9.59E-01
15.09	9.59E-01
15.09	9.59E-01
15.09	9.59E-01
15.09	9.59E-01
15.09	9.59E-01
15.09	9.59E-01
15.09	9.59E-01
15.09	9.59E-01
15.09	9.59E-01
15.09	9.59E-01
15.09	9.59E-01
15.09	9.59E-01
15.1	9.59E-01
15.1	9.59E-01
15.1	9.59E-01
15.1	9.59E-01
15.1	9.59E-01
15.1	9.59E-01
15.1	9.59E-01
15.1	9.59E-01
15.1	9.59E-01
15.1	9.59E-01
15.1	9.59E-01
15.1	9.59E-01
15.1	9.59E-01
15.1	9.59E-01
15.1	9.59E-01
15.1	9.59E-01
15.1	9.59E-01
15.1	9.59E-01
15.1	9.59E-01
15.1	9.59E-01
15.1	9.59E-01
15.11	9.59E-01
15.11	9.59E-01
15.11	9.59E-01
15.11	9.59E-01
15.11	9.59E-01
15.11	9.59E-01
15.11	9.59E-01
15.11	9.59E-01
15.11	9.59E-01
15.11	9.59E-01
15.11	9.59E-01
15.11	9.59E-01
15.11	9.59E-01
15.11	9.59E-01
15.11	9.59E-01
15.11	9.59E-01
15.11	9.59E-01
15.11	9.59E-01
15.11	9.59E-01
15.11	9.59E-01
15.12	9.59E-01
15.12	9.59E-01
15.12	9.59E-01
15.12	9.59E-01
15.12	9.59E-01
15.12	9.59E-01
15.12	9.59E-01
15.12	9.59E-01
15.12	9.59E-01
15.12	9.59E-01
15.12	9.59E-01
15.12	9.59E-01
15.12	9.59E-01
15.12	9.59E-01
15.12	9.59E-01
15.12	9.59E-01
15.12	9.59E-01
15.12	9.59E-01
15.12	9.59E-01
15.12	9.59E-01
15.13	9.59E-01
15.13	9.59E-01
15.13	9.59E-01
15.13	9.59E-01
15.13	9.59E-01
15.13	9.59E-01
15.13	9.59E-01
15.13	9.59E-01
15.13	9.59E-01
15.13	9.59E-01
15.13	9.59E-01
15.13	9.59E-01
15.13	9.59E-01
15.13	9.59E-01
15.13	9.59E-01
15.13	9.59E-01
15.13	9.59E-01
15.13	9.59E-01
15.13	9.59E-01
15.14	9.59E-01
15.14	9.59E-01
15.14	9.59E-01
15.14	9.59E-01
15.14	9.59E-01
15.14	9.59E-01
15.14	9.59E-01
15.14	9.59E-01
15.14	9.59E-01
15.14	9.59E-01
15.14	9.59E-01
15.14	9.59E-01
15.14	9.59E-01
15.14	9.59E-01
15.14	9.59E-01
15.14	9.59E-01
15.14	9.59E-01
15.14	9.59E-01
15.14	9.59E-01
15.14	9.59E-01
15.15	9.59E-01
15.15	9.59E-01
15.15	9.59E-01
15.15	9.59E-01
15.15	9.59E-01
15.15	9.59E-01
15.15	9.59E-01
15.15	9.59E-01
15.15	9.59E-01
15.15	9.59E-01
15.15	9.59E-01
15.15	9.59E-01
15.15	9.59E-01
15.15	9.59E-01
15.15	9.59E-01
15.15	9.59E-01
15.15	9.59E-01
15.15	9.59E-01
15.15	9.59E-01
15.15	9.59E-01
15.15	9.59E-01
15.16	9.59E-01
15.16	9.59E-01
15.16	9.59E-01
15.16	9.59E-01
15.16	9.59E-01
15.16	9.59E-01
15.16	9.59E-01
15.16	9.59E-01
15.16	9.59E-01
15.16	9.59E-01
15.16	9.59E-01
15.16	9.59E-01
15.16	9.59E-01
15.16	9.59E-01
15.16	9.59E-01
15.16	9.59E-01
15.16	9.59E-01
15.16	9.59E-01
15.16	9.59E-01
15.16	9.59E-01
15.17	9.59E-01
15.17	9.59E-01
15.17	9.59E-01
15.17	9.59E-01
15.17	9.59E-01
15.17	9.59E-01
15.17	9.59E-01
15.17	9.59E-01
15.17	9.59E-01
15.17	9.59E-01
15.17	9.59E-01
15.17	9.59E-01
15.17	9.59E-01
15.17	9.59E-01
15.17	9.59E-01
15.17	9.59E-01
15.17	9.59E-01
15.17	9.59E-01
15.17	9.59E-01
15.18	9.59E-01
15.18	9.59E-01
15.18	9.59E-01
15.18	9.59E-01
15.18	9.59E-01
15.18	9.59E-01
15.18	9.59E-01
15.18	9.59E-01
15.18	9.59E-01
15.18	9.59E-01
15.18	9.59E-01
15.18	9.59E-01
15.18	9.59E-01
15.18	9.59E-01
15.18	9.59E-01
15.18	9.59E-01
15.18	9.59E-01
15.18	9.59E-01
15.18	9.59E-01
15.18	9.59E-01
15.19	9.59E-01
15.19	9.59E-01
15.19	9.59E-01
15.19	9.59E-01
15.19	9.59E-01
15.19	9.59E-01
15.19	9.59E-01
15.19	9.59E-01
15.19	9.59E-01
15.19	9.59E-01
15.19	9.59E-01
15.19	9.59E-01
15.19	9.59E-01
15.19	9.59E-01
15.19	9.59E-01
15.19	9.59E-01
15.19	9.59E-01
15.19	9.59E-01
15.19	9.59E-01
15.19	9.59E-01
15.19	9.59E-01
15.2	9.59E-01
15.2	9.59E-01
15.2	9.59E-01
15.2	9.59E-01
15.2	9.59E-01
15.2	9.59E-01
15.2	9.59E-01
15.2	9.59E-01
15.2	9.59E-01
15.2	9.59E-01
15.2	9.59E-01
15.2	9.59E-01
15.2	9.59E-01
15.2	9.59E-01
15.2	9.59E-01
15.2	9.59E-01
15.2	9.59E-01
15.2	9.59E-01
15.2	9.59E-01
15.2	9.59E-01
15.21	9.59E-01
15.21	9.59E-01
15.21	9.59E-01
15.21	9.59E-01
15.21	9.59E-01
15.21	9.59E-01
15.21	9.59E-01
15.21	9.59E-01
15.21	9.59E-01
15.21	9.59E-01
15.21	9.59E-01
15.21	9.59E-01
15.21	9.59E-01
15.21	9.59E-01
15.21	9.59E-01
15.21	9.59E-01
15.21	9.59E-01
15.21	9.59E-01
15.21	9.59E-01
15.22	9.59E-01
15.22	9.59E-01
15.22	9.59E-01
15.22	9.59E-01
15.22	9.59E-01
15.22	9.59E-01
15.22	9.59E-01
15.22	9.59E-01
15.22	9.59E-01
15.22	9.59E-01
15.22	9.59E-01
15.22	9.59E-01
15.22	9.59E-01
15.22	9.59E-01
15.22	9.59E-01
15.22	9.59E-01
15.22	9.59E-01
15.22	9.59E-01
15.22	9.59E-01
15.22	9.59E-01
15.23	9.59E-01
15.23	9.59E-01
15.23	9.59E-01
15.23	9.59E-01
15.23	9.59E-01
15.23	9.59E-01
15.23	9.59E-01
15.23	9.59E-01
15.23	9.59E-01
15.23	9.59E-01
15.23	9.59E-01
15.23	9.59E-01
15.23	9.59E-01
15.23	9.59E-01
15.23	9.59E-01
15.23	9.59E-01
15.23	9.59E-01
15.23	9.59E-01
15.23	9.59E-01
15.23	9.59E-01
15.23	9.59E-01
15.24	9.59E-01
15.24	9.59E-01
15.24	9.59E-01
15.24	9.59E-01
15.24	9.59E-01
15.24	9.59E-01
15.24	9.59E-01
15.24	9.59E-01
15.24	9.59E-01
15.24	9.59E-01
15.24	9.59E-01
15.24	9.59E-01
15.24	9.59E-01
15.24	9.59E-01
15.24	9.59E-01
15.24	9.59E-01
15.24	9.59E-01
15.24	9.59E-01
15.24	9.59E-01
15.24	9.59E-01
15.25	9.59E-01
15.25	9.59E-01
15.25	9.59E-01
15.25	9.59E-01
15.25	9.59E-01
15.25	9.59E-01
15.25	9.59E-01
15.25	9.59E-01
15.25	9.59E-01
15.25	9.59E-01
15.25	9.59E-01
15.25	9.59E-01
15.25	9.59E-01
15.25	9.59E-01
15.25	9.59E-01
15.25	9.59E-01
15.25	9.59E-01
15.25	9.59E-01
15.25	9.59E-01
15.26	9.59E-01
15.26	9.59E-01
15.26	9.59E-01
15.26	9.59E-01
15.26	9.59E-01
15.26	9.59E-01
15.26	9.59E-01
15.26	9.59E-01
15.26	9.59E-01
15.26	9.59E-01
15.26	9.59E-01
15.26	9.59E-01
15.26	9.59E-01
15.26	9.59E-01
15.26	9.59E-01
15.26	9.59E-01
15.26	9.59E-01
15.26	9.59E-01
15.26	9.59E-01
15.26	9.59E-01
15.27	9.59E-01
15.27	9.59E-01
15.27	9.59E-01
15.27	9.59E-01
15.27	9.59E-01
15.27	9.59E-01
15.27	9.59E-01
15.27	9.59E-01
15.27	9.59E-01
15.27	9.59E-01
15.27	9.59E-01
15.27	9.59E-01
15.27	9.59E-01
15.27	9.59E-01
15.27	9.59E-01
15.27	9.59E-01
15.27	9.59E-01
15.27	9.59E-01
15.27	9.59E-01
15.27	9.59E-01
15.27	9.59E-01
15.28	9.59E-01
15.28	9.59E-01
15.28	9.59E-01
15.28	9.59E-01
15.28	9.59E-01
15.28	9.59E-01
15.28	9.59E-01
15.28	9.59E-01
15.28	9.59E-01
15.28	9.59E-01
15.28	9.59E-01
15.28	9.59E-01
15.28	9.59E-01
15.28	9.59E-01
15.28	9.59E-01
15.28	9.59E-01
15.28	9.59E-01
15.28	9.59E-01
15.28	9.59E-01
15.28	9.59E-01
15.29	9.59E-01
15.29	9.59E-01
15.29	9.59E-01
15.29	9.59E-01
15.29	9.59E-01
15.29	9.59E-01
15.29	9.59E-01
15.29	9.59E-01
15.29	9.59E-01
15.29	9.59E-01
15.29	9.59E-01
15.29	9.59E-01
15.29	9.59E-01
15.29	9.59E-01
15.29	9.59E-01
15.29	9.59E-01
15.29	9.59E-01
15.29	9.59E-01
15.29	9.59E-01
15.3	9.59E-01
15.3	9.59E-01
15.3	9.59E-01
15.3	9.59E-01
15.3	9.59E-01
15.3	9.59E-01
15.3	9.59E-01
15.3	9.59E-01
15.3	9.59E-01
15.3	9.59E-01
15.3	9.59E-01
15.3	9.59E-01
15.3	9.59E-01
15.3	9.59E-01
15.3	9.59E-01
15.3	9.59E-01
15.3	9.59E-01
15.3	9.59E-01
15.3	9.59E-01
15.3	9.59E-01
15.31	9.59E-01
15.31	9.59E-01
15.31	9.59E-01
15.31	9.59E-01
15.31	9.59E-01
15.31	9.59E-01
15.31	9.59E-01
15.31	9.59E-01
15.31	9.59E-01
15.31	9.59E-01
15.31	9.59E-01
15.31	9.59E-01
15.31	9.59E-01
15.31	9.59E-01
15.31	9.59E-01
15.31	9.59E-01
15.31	9.59E-01
15.31	9.59E-01
15.31	9.59E-01
15.31	9.59E-01
15.31	9.59E-01
15.32	9.59E-01
15.32	9.59E-01
15.32	9.59E-01
15.32	9.59E-01
15.32	9.59E-01
15.32	9.59E-01
15.32	9.59E-01
15.32	9.59E-01
15.32	9.59E-01
15.32	9.59E-01
15.32	9.59E-01
15.32	9.59E-01
15.32	9.59E-01
15.32	9.59E-01
15.32	9.59E-01
15.32	9.59E-01
15.32	9.59E-01
15.32	9.59E-01
15.32	9.59E-01
15.32	9.59E-01
15.33	9.59E-01
15.33	9.59E-01
15.33	9.59E-01
15.33	9.59E-01
15.33	9.59E-01
15.33	9.59E-01
15.33	9.59E-01
15.33	9.59E-01
15.33	9.59E-01
15.33	9.59E-01
15.33	9.59E-01
15.33	9.59E-01
15.33	9.59E-01
15.33	9.59E-01
15.33	9.59E-01
15.33	9.59E-01
15.33	9.59E-01
15.33	9.59E-01
15.33	9.59E-01
15.34	9.59E-01
15.34	9.59E-01
15.34	9.59E-01
15.34	9.59E-01
15.34	9.59E-01
15.34	9.59E-01
15.34	9.59E-01
15.34	9.59E-01
15.34	9.59E-01
15.34	9.59E-01
15.34	9.59E-01
15.34	9.59E-01
15.34	9.59E-01
15.34	9.59E-01
15.34	9.59E-01
15.34	9.59E-01
15.34	9.59E-01
15.34	9.59E-01
15.34	9.59E-01
15.34	9.59E-01
15.35	9.59E-01
15.35	9.59E-01
15.35	9.59E-01
15.35	9.59E-01
15.35	9.59E-01
15.35	9.59E-01
15.35	9.59E-01
15.35	9.59E-01
15.35	9.59E-01
15.35	9.59E-01
15.35	9.59E-01
15.35	9.59E-01
15.35	9.59E-01
15.35	9.59E-01
15.35	9.59E-01
15.35	9.59E-01
15.35	9.59E-01
15.35	9.59E-01
15.35	9.59E-01
15.35	9.59E-01
15.35	9.59E-01
15.36	9.59E-01
15.36	9.59E-01
15.36	9.59E-01
15.36	9.59E-01
15.36	9.59E-01
15.36	9.59E-01
15.36	9.59E-01
15.36	9.59E-01
15.36	9.59E-01
15.36	9.59E-01
15.36	9.59E-01
15.36	9.59E-01
15.36	9.59E-01
15.36	9.59E-01
15.36	9.59E-01
15.36	9.59E-01
15.36	9.59E-01
15.36	9.59E-01
15.36	9.59E-01
15.36	9.59E-01
15.37	9.59E-01
15.37	9.59E-01
15.37	9.59E-01
15.37	9.59E-01
15.37	9.59E-01
15.37	9.59E-01
15.37	9.59E-01
15.37	9.59E-01
15.37	9.59E-01
15.37	9.59E-01
15.37	9.59E-01
15.37	9.59E-01
15.37	9.59E-01
15.37	9.59E-01
15.37	9.59E-01
15.37	9.59E-01
15.37	9.59E-01
15.37	9.59E-01
15.37	9.59E-01
15.38	9.59E-01
15.38	9.59E-01
15.38	9.59E-01
15.38	9.59E-01
15.38	9.59E-01
15.38	9.59E-01
15.38	9.59E-01
15.38	9.59E-01
15.38	9.59E-01
15.38	9.59E-01
15.38	9.59E-01
15.38	9.59E-01
15.38	9.59E-01
15.38	9.59E-01
15.38	9.59E-01
15.38	9.59E-01
15.38	9.59E-01
15.38	9.59E-01
15.38	9.59E-01
15.38	9.59E-01
15.39	9.59E-01
15.39	9.59E-01
15.39	9.59E-01
15.39	9.59E-01
15.39	9.59E-01
15.39	9.59E-01
15.39	9.59E-01
15.39	9.59E-01
15.39	9.59E-01
15.39	9.59E-01
15.39	9.59E-01
15.39	9.59E-01
15.39	9.59E-01
15.39	9.59E-01
15.39	9.59E-01
15.39	9.59E-01
15.39	9.59E-01
15.39	9.59E-01
15.39	9.59E-01
15.39	9.59E-01
15.4	9.59E-01
15.4	9.59E-01
15.4	9.59E-01
15.4	9.59E-01
15.4	9.59E-01
15.4	9.59E-01
15.4	9.59E-01
15.4	9.59E-01
15.4	9.59E-01
15.4	9.59E-01
15.4	9.59E-01
15.4	9.59E-01
15.4	9.59E-01
15.4	9.59E-01
15.4	9.59E-01
15.4	9.59E-01
15.4	9.59E-01
15.4	9.59E-01
15.4	9.59E-01
15.4	9.59E-01
15.4	9.59E-01
15.41	9.59E-01
15.41	9.59E-01
15.41	9.59E-01
15.41	9.59E-01
15.41	9.59E-01
15.41	9.59E-01
15.41	9.59E-01
15.41	9.59E-01
15.41	9.59E-01
15.41	9.59E-01
15.41	9.59E-01
15.41	9.59E-01
15.41	9.59E-01
15.41	9.59E-01
15.41	9.59E-01
15.41	9.59E-01
15.41	9.59E-01
15.41	9.59E-01
15.41	9.59E-01
15.41	9.59E-01
15.42	9.59E-01
15.42	9.59E-01
15.42	9.59E-01
15.42	9.59E-01
15.42	9.59E-01
15.42	9.59E-01
15.42	9.59E-01
15.42	9.59E-01
15.42	9.59E-01
15.42	9.59E-01
15.42	9.59E-01
15.42	9.59E-01
15.42	9.59E-01
15.42	9.59E-01
15.42	9.59E-01
15.42	9.59E-01
15.42	9.59E-01
15.42	9.59E-01
15.42	9.59E-01
15.43	9.59E-01
15.43	9.59E-01
15.43	9.59E-01
15.43	9.59E-01
15.43	9.59E-01
15.43	9.59E-01
15.43	9.59E-01
15.43	9.59E-01
15.43	9.59E-01
15.43	9.59E-01
15.43	9.59E-01
15.43	9.59E-01
15.43	9.59E-01
15.43	9.59E-01
15.43	9.59E-01
15.43	9.59E-01
15.43	9.59E-01
15.43	9.59E-01
15.43	9.59E-01
15.43	9.59E-01
15.44	9.59E-01
15.44	9.59E-01
15.44	9.59E-01
15.44	9.59E-01
15.44	9.59E-01
15.44	9.59E-01
15.44	9.59E-01
15.44	9.59E-01
15.44	9.59E-01
15.44	9.59E-01
15.44	9.59E-01
15.44	9.59E-01
15.44	9.59E-01
15.44	9.59E-01
15.44	9.59E-01
15.44	9.59E-01
15.44	9.59E-01
15.44	9.59E-01
15.44	9.59E-01
15.44	9.59E-01
15.44	9.59E-01
15.45	9.59E-01
15.45	9.59E-01
15.45	9.59E-01
15.45	9.59E-01
15.45	9.59E-01
15.45	9.59E-01
15.45	9.59E-01
15.45	9.59E-01
15.45	9.59E-01
15.45	9.59E-01
15.45	9.59E-01
15.45	9.59E-01
15.45	9.59E-01
15.45	9.59E-01
15.45	9.59E-01
15.45	9.59E-01
15.45	9.59E-01
15.45	9.59E-01
15.45	9.59E-01
15.45	9.59E-01
15.46	9.59E-01
15.46	9.59E-01
15.46	9.59E-01
15.46	9.59E-01
15.46	9.59E-01
15.46	9.59E-01
15.46	9.59E-01
15.46	9.59E-01
15.46	9.59E-01
15.46	9.59E-01
15.46	9.59E-01
15.46	9.59E-01
15.46	9.59E-01
15.46	9.59E-01
15.46	9.59E-01
15.46	9.59E-01
15.46	9.59E-01
15.46	9.59E-01
15.46	9.59E-01
15.47	9.59E-01
15.47	9.59E-01
15.47	9.59E-01
15.47	9.59E-01
15.47	9.59E-01
15.47	9.59E-01
15.47	9.59E-01
15.47	9.59E-01
15.47	9.59E-01
15.47	9.59E-01
15.47	9.59E-01
15.47	9.59E-01
15.47	9.59E-01
15.47	9.59E-01
15.47	9.59E-01
15.47	9.59E-01
15.47	9.59E-01
15.47	9.59E-01
15.47	9.59E-01
15.47	9.59E-01
15.48	9.59E-01
15.48	9.59E-01
15.48	9.59E-01
15.48	9.59E-01
15.48	9.59E-01
15.48	9.59E-01
15.48	9.59E-01
15.48	9.59E-01
15.48	9.59E-01
15.48	9.59E-01
15.48	9.59E-01
15.48	9.59E-01
15.48	9.59E-01
15.48	9.59E-01
15.48	9.59E-01
15.48	9.59E-01
15.48	9.59E-01
15.48	9.59E-01
15.48	9.59E-01
15.48	9.59E-01
15.48	9.59E-01
15.49	9.59E-01
15.49	9.59E-01
15.49	9.59E-01
15.49	9.59E-01
15.49	9.59E-01
15.49	9.59E-01
15.49	9.59E-01
15.49	9.59E-01
15.49	9.59E-01
15.49	9.59E-01
15.49	9.59E-01
15.49	9.59E-01
15.49	9.59E-01
15.49	9.59E-01
15.49	9.59E-01
15.49	9.59E-01
15.49	9.59E-01
15.49	9.59E-01
15.49	9.59E-01
15.49	9.59E-01
15.5	9.59E-01
15.5	9.59E-01
15.5	9.59E-01
15.5	9.59E-01
15.5	9.59E-01
15.5	9.59E-01
15.5	9.59E-01
15.5	9.59E-01
15.5	9.59E-01
15.5	9.59E-01
15.5	9.59E-01
15.5	9.59E-01
15.5	9.59E-01
15.5	9.59E-01
15.5	9.59E-01
15.5	9.59E-01
15.5	9.59E-01
15.5	9.59E-01
15.5	9.59E-01
15.51	9.59E-01
15.51	9.59E-01
15.51	9.59E-01
15.51	9.59E-01
15.51	9.59E-01
15.51	9.59E-01
15.51	9.59E-01
15.51	9.59E-01
15.51	9.59E-01
15.51	9.59E-01
15.51	9.59E-01
15.51	9.59E-01
15.51	9.59E-01
15.51	9.59E-01
15.51	9.59E-01
15.51	9.59E-01
15.51	9.59E-01
15.51	9.59E-01
15.51	9.59E-01
15.51	9.59E-01
15.52	9.59E-01
15.52	9.59E-01
15.52	9.59E-01
15.52	9.59E-01
15.52	9.59E-01
15.52	9.59E-01
15.52	9.59E-01
15.52	9.59E-01
15.52	9.59E-01
15.52	9.59E-01
15.52	9.59E-01
15.52	9.59E-01
15.52	9.59E-01
15.52	9.59E-01
15.52	9.59E-01
15.52	9.59E-01
15.52	9.59E-01
15.52	9.59E-01
15.52	9.59E-01
15.52	9.59E-01
15.52	9.59E-01
15.53	9.59E-01
15.53	9.59E-01
15.53	9.59E-01
15.53	9.59E-01
15.53	9.59E-01
15.53	9.59E-01
15.53	9.59E-01
15.53	9.59E-01
15.53	9.59E-01
15.53	9.59E-01
15.53	9.59E-01
15.53	9.59E-01
15.53	9.59E-01
15.53	9.59E-01
15.53	9.59E-01
15.53	9.59E-01
15.53	9.59E-01
15.53	9.59E-01
15.53	9.59E-01
15.53	9.59E-01
15.54	9.59E-01
15.54	9.59E-01
15.54	9.59E-01
15.54	9.59E-01
15.54	9.59E-01
15.54	9.59E-01
15.54	9.59E-01
15.54	9.59E-01
15.54	9.59E-01
15.54	9.59E-01
15.54	9.59E-01
15.54	9.59E-01
15.54	9.59E-01
15.54	9.59E-01
15.54	9.59E-01
15.54	9.59E-01
15.54	9.59E-01
15.54	9.59E-01
15.54	9.59E-01
15.55	9.59E-01
15.55	9.59E-01
15.55	9.59E-01
15.55	9.59E-01
15.55	9.59E-01
15.55	9.59E-01
15.55	9.59E-01
15.55	9.59E-01
15.55	9.59E-01
15.55	9.59E-01
15.55	9.59E-01
15.55	9.59E-01
15.55	9.59E-01
15.55	9.59E-01
15.55	9.59E-01
15.55	9.59E-01
15.55	9.59E-01
15.55	9.59E-01
15.55	9.59E-01
15.55	9.59E-01
15.56	9.59E-01
15.56	9.59E-01
15.56	9.59E-01
15.56	9.59E-01
15.56	9.59E-01
15.56	9.59E-01
15.56	9.59E-01
15.56	9.59E-01
15.56	9.59E-01
15.56	9.59E-01
15.56	9.59E-01
15.56	9.59E-01
15.56	9.59E-01
15.56	9.59E-01
15.56	9.59E-01
15.56	9.59E-01
15.56	9.59E-01
15.56	9.59E-01
15.56	9.59E-01
15.56	9.59E-01
15.56	9.59E-01
15.57	9.59E-01
15.57	9.59E-01
15.57	9.59E-01
15.57	9.59E-01
15.57	9.59E-01
15.57	9.59E-01
15.57	9.59E-01
15.57	9.59E-01
15.57	9.59E-01
15.57	9.59E-01
15.57	9.59E-01
15.57	9.59E-01
15.57	9.59E-01
15.57	9.59E-01
15.57	9.59E-01
15.57	9.59E-01
15.57	9.59E-01
15.57	9.59E-01
15.57	9.59E-01
15.57	9.59E-01
15.58	9.59E-01
15.58	9.59E-01
15.58	9.59E-01
15.58	9.59E-01
15.58	9.59E-01
15.58	9.59E-01
15.58	9.59E-01
15.58	9.59E-01
15.58	9.59E-01
15.58	9.59E-01
15.58	9.59E-01
15.58	9.59E-01
15.58	9.59E-01
15.58	9.59E-01
15.58	9.59E-01
15.58	9.59E-01
15.58	9.59E-01
15.58	9.59E-01
15.58	9.59E-01
15.59	9.59E-01
15.59	9.59E-01
15.59	9.59E-01
15.59	9.59E-01
15.59	9.59E-01
15.59	9.59E-01
15.59	9.59E-01
15.59	9.59E-01
15.59	9.59E-01
15.59	9.59E-01
15.59	9.59E-01
15.59	9.59E-01
15.59	9.59E-01
15.59	9.59E-01
15.59	9.59E-01
15.59	9.59E-01
15.59	9.59E-01
15.59	9.59E-01
15.59	9.59E-01
15.59	9.59E-01
15.6	9.59E-01
15.6	9.59E-01
15.6	9.59E-01
15.6	9.59E-01
15.6	9.59E-01
15.6	9.59E-01
15.6	9.59E-01
15.6	9.59E-01
15.6	9.59E-01
15.6	9.59E-01
15.6	9.59E-01
15.6	9.59E-01
15.6	9.59E-01
15.6	9.59E-01
15.6	9.59E-01
15.6	9.59E-01
15.6	9.59E-01
15.6	9.59E-01
15.6	9.59E-01
15.6	9.59E-01
15.6	9.59E-01
15.61	9.59E-01
15.61	9.59E-01
15.61	9.59E-01
15.61	9.59E-01
15.61	9.59E-01
15.61	9.59E-01
15.61	9.59E-01
15.61	9.59E-01
15.61	9.59E-01
15.61	9.59E-01
15.61	9.59E-01
15.61	9.59E-01
15.61	9.59E-01
15.61	9.59E-01
15.61	9.59E-01
15.61	9.59E-01
15.61	9.59E-01
15.61	9.59E-01
15.61	9.59E-01
15.61	9.59E-01
15.62	9.59E-01
15.62	9.59E-01
15.62	9.59E-01
15.62	9.59E-01
15.62	9.59E-01
15.62	9.59E-01
15.62	9.59E-01
15.62	9.59E-01
15.62	9.59E-01
15.62	9.59E-01
15.62	9.59E-01
15.62	9.59E-01
15.62	9.59E-01
15.62	9.59E-01
15.62	9.59E-01
15.62	9.59E-01
15.62	9.59E-01
15.62	9.59E-01
15.62	9.59E-01
15.62	9.59E-01
15.63	9.59E-01
15.63	9.59E-01
15.63	9.59E-01
15.63	9.59E-01
15.63	9.59E-01
15.63	9.59E-01
15.63	9.59E-01
15.63	9.59E-01
15.63	9.59E-01
15.63	9.59E-01
15.63	9.59E-01
15.63	9.59E-01
15.63	9.59E-01
15.63	9.59E-01
15.63	9.59E-01
15.63	9.59E-01
15.63	9.59E-01
15.63	9.59E-01
15.63	9.59E-01
15.64	9.59E-01
15.64	9.59E-01
15.64	9.59E-01
15.64	9.59E-01
15.64	9.59E-01
15.64	9.59E-01
15.64	9.59E-01
15.64	9.59E-01
15.64	9.59E-01
15.64	9.59E-01
15.64	9.59E-01
15.64	9.59E-01
15.64	9.59E-01
15.64	9.59E-01
15.64	9.59E-01
15.64	9.59E-01
15.64	9.59E-01
15.64	9.59E-01
15.64	9.59E-01
15.64	9.59E-01
15.65	9.59E-01
15.65	9.59E-01
15.65	9.59E-01
15.65	9.59E-01
15.65	9.59E-01
15.65	9.59E-01
15.65	9.59E-01
15.65	9.59E-01
15.65	9.59E-01
15.65	9.59E-01
15.65	9.59E-01
15.65	9.59E-01
15.65	9.59E-01
15.65	9.59E-01
15.65	9.59E-01
15.65	9.59E-01
15.65	9.59E-01
15.65	9.59E-01
15.65	9.59E-01
15.65	9.59E-01
15.65	9.59E-01
15.66	9.59E-01
15.66	9.59E-01
15.66	9.59E-01
15.66	9.59E-01
15.66	9.59E-01
15.66	9.59E-01
15.66	9.59E-01
15.66	9.59E-01
15.66	9.59E-01
15.66	9.59E-01
15.66	9.59E-01
15.66	9.59E-01
15.66	9.59E-01
15.66	9.59E-01
15.66	9.59E-01
15.66	9.59E-01
15.66	9.59E-01
15.66	9.59E-01
15.66	9.59E-01
15.66	9.59E-01
15.67	9.59E-01
15.67	9.59E-01
15.67	9.59E-01
15.67	9.59E-01
15.67	9.59E-01
15.67	9.59E-01
15.67	9.59E-01
15.67	9.59E-01
15.67	9.59E-01
15.67	9.59E-01
15.67	9.59E-01
15.67	9.59E-01
15.67	9.59E-01
15.67	9.59E-01
15.67	9.59E-01
15.67	9.59E-01
15.67	9.59E-01
15.67	9.59E-01
15.67	9.59E-01
15.68	9.59E-01
15.68	9.59E-01
15.68	9.59E-01
15.68	9.59E-01
15.68	9.59E-01
15.68	9.59E-01
15.68	9.59E-01
15.68	9.59E-01
15.68	9.59E-01
15.68	9.59E-01
15.68	9.59E-01
15.68	9.59E-01
15.68	9.59E-01
15.68	9.59E-01
15.68	9.59E-01
15.68	9.59E-01
15.68	9.59E-01
15.68	9.59E-01
15.68	9.59E-01
15.68	9.59E-01
15.69	9.59E-01
15.69	9.59E-01
15.69	9.59E-01
15.69	9.59E-01
15.69	9.59E-01
15.69	9.59E-01
15.69	9.59E-01
15.69	9.59E-01
15.69	9.59E-01
15.69	9.59E-01
15.69	9.59E-01
15.69	9.59E-01
15.69	9.59E-01
15.69	9.59E-01
15.69	9.59E-01
15.69	9.59E-01
15.69	9.59E-01
15.69	9.59E-01
15.69	9.59E-01
15.69	9.59E-01
15.69	9.59E-01
15.7	9.59E-01
15.7	9.59E-01
15.7	9.59E-01
15.7	9.59E-01
15.7	9.59E-01
15.7	9.59E-01
15.7	9.59E-01
15.7	9.59E-01
15.7	9.59E-01
15.7	9.59E-01
15.7	9.59E-01
15.7	9.59E-01
15.7	9.59E-01
15.7	9.59E-01
15.7	9.59E-01
15.7	9.59E-01
15.7	9.59E-01
15.7	9.59E-01
15.7	9.59E-01
15.7	9.59E-01
15.71	9.59E-01
15.71	9.59E-01
15.71	9.59E-01
15.71	9.59E-01
15.71	9.59E-01
15.71	9.59E-01
15.71	9.59E-01
15.71	9.59E-01
15.71	9.59E-01
15.71	9.59E-01
15.71	9.59E-01
15.71	9.59E-01
15.71	9.59E-01
15.71	9.59E-01
15.71	9.59E-01
15.71	9.59E-01
15.71	9.59E-01
15.71	9.59E-01
15.71	9.59E-01
15.72	9.59E-01
15.72	9.59E-01
15.72	9.59E-01
15.72	9.59E-01
15.72	9.59E-01
15.72	9.59E-01
15.72	9.59E-01
15.72	9.59E-01
15.72	9.59E-01
15.72	9.59E-01
15.72	9.59E-01
15.72	9.59E-01
15.72	9.59E-01
15.72	9.59E-01
15.72	9.59E-01
15.72	9.59E-01
15.72	9.59E-01
15.72	9.59E-01
15.72	9.59E-01
15.72	9.59E-01
15.73	9.59E-01
15.73	9.59E-01
15.73	9.59E-01
15.73	9.59E-01
15.73	9.59E-01
15.73	9.59E-01
15.73	9.59E-01
15.73	9.59E-01
15.73	9.59E-01
15.73	9.59E-01
15.73	9.59E-01
15.73	9.59E-01
15.73	9.59E-01
15.73	9.59E-01
15.73	9.59E-01
15.73	9.59E-01
15.73	9.59E-01
15.73	9.59E-01
15.73	9.59E-01
15.73	9.59E-01
15.73	9.59E-01
15.74	9.59E-01
15.74	9.59E-01
15.74	9.59E-01
15.74	9.59E-01
15.74	9.59E-01
15.74	9.59E-01
15.74	9.59E-01
15.74	9.59E-01
15.74	9.59E-01
15.74	9.59E-01
15.74	9.59E-01
15.74	9.59E-01
15.74	9.59E-01
15.74	9.59E-01
15.74	9.59E-01
15.74	9.59E-01
15.74	9.59E-01
15.74	9.59E-01
15.74	9.59E-01
15.74	9.59E-01
15.75	9.59E-01
15.75	9.59E-01
15.75	9.59E-01
15.75	9.59E-01
15.75	9.59E-01
15.75	9.59E-01
15.75	9.59E-01
15.75	9.59E-01
15.75	9.59E-01
15.75	9.59E-01
15.75	9.59E-01
15.75	9.59E-01
15.75	9.59E-01
15.75	9.59E-01
15.75	9.59E-01
15.75	9.59E-01
15.75	9.59E-01
15.75	9.59E-01
15.75	9.59E-01
15.76	9.59E-01
15.76	9.59E-01
15.76	9.59E-01
15.76	9.59E-01
15.76	9.59E-01
15.76	9.59E-01
15.76	9.59E-01
15.76	9.59E-01
15.76	9.59E-01
15.76	9.59E-01
15.76	9.59E-01
15.76	9.59E-01
15.76	9.59E-01
15.76	9.59E-01
15.76	9.59E-01
15.76	9.59E-01
15.76	9.59E-01
15.76	9.59E-01
15.76	9.59E-01
15.76	9.59E-01
15.77	9.59E-01
15.77	9.59E-01
15.77	9.59E-01
15.77	9.59E-01
15.77	9.59E-01
15.77	9.59E-01
15.77	9.59E-01
15.77	9.59E-01
15.77	9.59E-01
15.77	9.59E-01
15.77	9.59E-01
15.77	9.59E-01
15.77	9.59E-01
15.77	9.59E-01
15.77	9.59E-01
15.77	9.59E-01
15.77	9.59E-01
15.77	9.59E-01
15.77	9.59E-01
15.77	9.59E-01
15.77	9.59E-01
15.78	9.59E-01
15.78	9.59E-01
15.78	9.59E-01
15.78	9.59E-01
15.78	9.59E-01
15.78	9.59E-01
15.78	9.59E-01
15.78	9.59E-01
15.78	9.59E-01
15.78	9.59E-01
15.78	9.59E-01
15.78	9.59E-01
15.78	9.59E-01
15.78	9.59E-01
15.78	9.59E-01
15.78	9.59E-01
15.78	9.59E-01
15.78	9.59E-01
15.78	9.59E-01
15.78	9.59E-01
15.79	9.59E-01
15.79	9.59E-01
15.79	9.59E-01
15.79	9.59E-01
15.79	9.59E-01
15.79	9.59E-01
15.79	9.59E-01
15.79	9.59E-01
15.79	9.59E-01
15.79	9.59E-01
15.79	9.59E-01
15.79	9.59E-01
15.79	9.59E-01
15.79	9.59E-01
15.79	9.59E-01
15.79	9.59E-01
15.79	9.59E-01
15.79	9.59E-01
15.79	9.59E-01
15.8	9.59E-01
15.8	9.59E-01
15.8	9.59E-01
15.8	9.59E-01
15.8	9.59E-01
15.8	9.59E-01
15.8	9.59E-01
15.8	9.59E-01
15.8	9.59E-01
15.8	9.59E-01
15.8	9.59E-01
15.8	9.59E-01
15.8	9.59E-01
15.8	9.59E-01
15.8	9.59E-01
15.8	9.59E-01
15.8	9.59E-01
15.8	9.59E-01
15.8	9.59E-01
15.8	9.59E-01
15.81	9.59E-01
15.81	9.59E-01
15.81	9.59E-01
15.81	9.59E-01
15.81	9.59E-01
15.81	9.59E-01
15.81	9.59E-01
15.81	9.59E-01
15.81	9.59E-01
15.81	9.59E-01
15.81	9.59E-01
15.81	9.59E-01
15.81	9.59E-01
15.81	9.59E-01
15.81	9.59E-01
15.81	9.59E-01
15.81	9.59E-01
15.81	9.59E-01
15.81	9.59E-01
15.81	9.59E-01
15.81	9.59E-01
15.82	9.59E-01
15.82	9.59E-01
15.82	9.59E-01
15.82	9.59E-01
15.82	9.59E-01
15.82	9.59E-01
15.82	9.59E-01
15.82	9.59E-01
15.82	9.59E-01
15.82	9.59E-01
15.82	9.59E-01
15.82	9.59E-01
15.82	9.59E-01
15.82	9.59E-01
15.82	9.59E-01
15.82	9.59E-01
15.82	9.59E-01
15.82	9.59E-01
15.82	9.59E-01
15.82	9.59E-01
15.83	9.59E-01
15.83	9.59E-01
15.83	9.59E-01
15.83	9.59E-01
15.83	9.59E-01
15.83	9.59E-01
15.83	9.59E-01
15.83	9.59E-01
15.83	9.59E-01
15.83	9.59E-01
15.83	9.59E-01
15.83	9.59E-01
15.83	9.59E-01
15.83	9.59E-01
15.83	9.59E-01
15.83	9.59E-01
15.83	9.59E-01
15.83	9.59E-01
15.83	9.59E-01
15.84	9.59E-01
15.84	9.59E-01
15.84	9.59E-01
15.84	9.59E-01
15.84	9.59E-01
15.84	9.59E-01
15.84	9.59E-01
15.84	9.59E-01
15.84	9.59E-01
15.84	9.59E-01
15.84	9.59E-01
15.84	9.59E-01
15.84	9.59E-01
15.84	9.59E-01
15.84	9.59E-01
15.84	9.59E-01
15.84	9.59E-01
15.84	9.59E-01
15.84	9.59E-01
15.84	9.59E-01
15.85	9.59E-01
15.85	9.59E-01
15.85	9.59E-01
15.85	9.59E-01
15.85	9.59E-01
15.85	9.59E-01
15.85	9.59E-01
15.85	9.59E-01
15.85	9.59E-01
15.85	9.59E-01
15.85	9.59E-01
15.85	9.59E-01
15.85	9.59E-01
15.85	9.59E-01
15.85	9.59E-01
15.85	9.59E-01
15.85	9.59E-01
15.85	9.59E-01
15.85	9.59E-01
15.85	9.59E-01
15.85	9.59E-01
15.86	9.59E-01
15.86	9.59E-01
15.86	9.59E-01
15.86	9.59E-01
15.86	9.59E-01
15.86	9.59E-01
15.86	9.59E-01
15.86	9.59E-01
15.86	9.59E-01
15.86	9.59E-01
15.86	9.59E-01
15.86	9.59E-01
15.86	9.59E-01
15.86	9.59E-01
15.86	9.59E-01
15.86	9.59E-01
15.86	9.59E-01
15.86	9.59E-01
15.86	9.59E-01
15.86	9.59E-01
15.87	9.59E-01
15.87	9.59E-01
15.87	9.59E-01
15.87	9.59E-01
15.87	9.59E-01
15.87	9.59E-01
15.87	9.59E-01
15.87	9.59E-01
15.87	9.59E-01
15.87	9.59E-01
15.87	9.59E-01
15.87	9.59E-01
15.87	9.59E-01
15.87	9.59E-01
15.87	9.59E-01
15.87	9.59E-01
15.87	9.59E-01
15.87	9.59E-01
15.87	9.59E-01
15.88	9.59E-01
15.88	9.59E-01
15.88	9.59E-01
15.88	9.59E-01
15.88	9.59E-01
15.88	9.59E-01
15.88	9.59E-01
15.88	9.59E-01
15.88	9.59E-01
15.88	9.59E-01
15.88	9.59E-01
15.88	9.59E-01
15.88	9.59E-01
15.88	9.59E-01
15.88	9.59E-01
15.88	9.59E-01
15.88	9.59E-01
15.88	9.59E-01
15.88	9.59E-01
15.88	9.59E-01
15.89	9.59E-01
15.89	9.59E-01
15.89	9.59E-01
15.89	9.59E-01
15.89	9.59E-01
15.89	9.59E-01
15.89	9.59E-01
15.89	9.59E-01
15.89	9.59E-01
15.89	9.59E-01
15.89	9.59E-01
15.89	9.59E-01
15.89	9.59E-01
15.89	9.59E-01
15.89	9.59E-01
15.89	9.59E-01
15.89	9.59E-01
15.89	9.59E-01
15.89	9.59E-01
15.89	9.59E-01
15.9	9.59E-01
15.9	9.59E-01
15.9	9.59E-01
15.9	9.59E-01
15.9	9.59E-01
15.9	9.59E-01
15.9	9.59E-01
15.9	9.59E-01
15.9	9.59E-01
15.9	9.59E-01
15.9	9.59E-01
15.9	9.59E-01
15.9	9.59E-01
15.9	9.59E-01
15.9	9.59E-01
15.9	9.59E-01
15.9	9.59E-01
15.9	9.59E-01
15.9	9.59E-01
15.9	9.59E-01
15.9	9.59E-01
15.91	9.59E-01
15.91	9.59E-01
15.91	9.59E-01
15.91	9.59E-01
15.91	9.59E-01
15.91	9.59E-01
15.91	9.59E-01
15.91	9.59E-01
15.91	9.59E-01
15.91	9.59E-01
15.91	9.59E-01
15.91	9.59E-01
15.91	9.59E-01
15.91	9.59E-01
15.91	9.59E-01
15.91	9.59E-01
15.91	9.59E-01
15.91	9.59E-01
15.91	9.59E-01
15.91	9.59E-01
15.92	9.59E-01
15.92	9.59E-01
15.92	9.59E-01
15.92	9.59E-01
15.92	9.59E-01
15.92	9.59E-01
15.92	9.59E-01
15.92	9.59E-01
15.92	9.59E-01
15.92	9.59E-01
15.92	9.59E-01
15.92	9.59E-01
15.92	9.59E-01
15.92	9.59E-01
15.92	9.59E-01
15.92	9.59E-01
15.92	9.59E-01
15.92	9.59E-01
15.92	9.59E-01
15.93	9.59E-01
15.93	9.59E-01
15.93	9.59E-01
15.93	9.59E-01
15.93	9.59E-01
15.93	9.59E-01
15.93	9.59E-01
15.93	9.59E-01
15.93	9.59E-01
15.93	9.59E-01
15.93	9.59E-01
15.93	9.59E-01
15.93	9.59E-01
15.93	9.59E-01
15.93	9.59E-01
15.93	9.59E-01
15.93	9.59E-01
15.93	9.59E-01
15.93	9.59E-01
15.93	9.59E-01
15.94	9.59E-01
15.94	9.59E-01
15.94	9.59E-01
15.94	9.59E-01
15.94	9.59E-01
15.94	9.59E-01
15.94	9.59E-01
15.94	9.59E-01
15.94	9.59E-01
15.94	9.59E-01
15.94	9.59E-01
15.94	9.59E-01
15.94	9.59E-01
15.94	9.59E-01
15.94	9.59E-01
15.94	9.59E-01
15.94	9.59E-01
15.94	9.59E-01
15.94	9.59E-01
15.94	9.59E-01
15.94	9.59E-01
15.95	9.59E-01
15.95	9.59E-01
15.95	9.59E-01
15.95	9.59E-01
15.95	9.59E-01
15.95	9.59E-01
15.95	9.59E-01
15.95	9.59E-01
15.95	9.59E-01
15.95	9.59E-01
15.95	9.59E-01
15.95	9.59E-01
15.95	9.59E-01
15.95	9.59E-01
15.95	9.59E-01
15.95	9.59E-01
15.95	9.59E-01
15.95	9.59E-01
15.95	9.59E-01
15.95	9.59E-01
15.96	9.59E-01
15.96	9.59E-01
15.96	9.59E-01
15.96	9.59E-01
15.96	9.59E-01
15.96	9.59E-01
15.96	9.59E-01
15.96	9.59E-01
15.96	9.59E-01
15.96	9.59E-01
15.96	9.59E-01
15.96	9.59E-01
15.96	9.59E-01
15.96	9.59E-01
15.96	9.59E-01
15.96	9.59E-01
15.96	9.59E-01
15.96	9.59E-01
15.96	9.59E-01
15.97	9.59E-01
15.97	9.59E-01
15.97	9.59E-01
15.97	9.59E-01
15.97	9.59E-01
15.97	9.59E-01
15.97	9.59E-01
15.97	9.59E-01
15.97	9.59E-01
15.97	9.59E-01
15.97	9.59E-01
15.97	9.59E-01
15.97	9.59E-01
15.97	9.59E-01
15.97	9.59E-01
15.97	9.59E-01
15.97	9.59E-01
15.97	9.59E-01
15.97	9.59E-01
15.97	9.59E-01
15.98	9.59E-01
15.98	9.59E-01
15.98	9.59E-01
15.98	9.59E-01
15.98	9.59E-01
15.98	9.59E-01
15.98	9.59E-01
15.98	9.59E-01
15.98	9.59E-01
15.98	9.59E-01
15.98	9.59E-01
15.98	9.59E-01
15.98	9.59E-01
15.98	9.59E-01
15.98	9.59E-01
15.98	9.59E-01
15.98	9.59E-01
15.98	9.59E-01
15.98	9.59E-01
15.98	9.59E-01
15.98	9.59E-01
15.99	9.59E-01
15.99	9.59E-01
15.99	9.59E-01
15.99	9.59E-01
15.99	9.59E-01
15.99	9.59E-01
15.99	9.59E-01
15.99	9.59E-01
15.99	9.59E-01
15.99	9.59E-01
15.99	9.59E-01
15.99	9.59E-01
15.99	9.59E-01
15.99	9.59E-01
15.99	9.59E-01
15.99	9.59E-01
15.99	9.59E-01
15.99	9.59E-01
15.99	9.59E-01
15.99	9.59E-01
16	9.59E-01
16	9.59E-01
16	9.59E-01
16	9.59E-01
16	9.59E-01
16	9.59E-01
16	9.59E-01
16	9.59E-01
16	9.59E-01
16	9.59E-01
16	9.59E-01
16	9.59E-01
16	9.59E-01
16	9.59E-01
16	9.59E-01
16	9.59E-01
16	9.59E-01
16	9.59E-01
16	9.59E-01
16	9.59E-01
16.01	9.59E-01
16.01	9.59E-01
16.01	9.59E-01
16.01	9.59E-01
16.01	9.59E-01
16.01	9.59E-01
16.01	9.59E-01
16.01	9.59E-01
16.01	9.59E-01
16.01	9.59E-01
16.01	9.59E-01
16.01	9.59E-01
16.01	9.59E-01
16.01	9.59E-01
16.01	9.59E-01
16.01	9.59E-01
16.01	9.59E-01
16.01	9.59E-01
16.01	9.59E-01
16.01	9.59E-01
16.02	9.59E-01
16.02	9.59E-01
16.02	9.59E-01
16.02	9.59E-01
16.02	9.59E-01
16.02	9.59E-01
16.02	9.59E-01
16.02	9.59E-01
16.02	9.59E-01
16.02	9.59E-01
16.02	9.59E-01
16.02	9.59E-01
16.02	9.59E-01
16.02	9.59E-01
16.02	9.59E-01
16.02	9.59E-01
16.02	9.59E-01
16.02	9.59E-01
16.02	9.59E-01
16.02	9.59E-01
16.03	9.59E-01
16.03	9.59E-01
16.03	9.59E-01
16.03	9.59E-01
16.03	9.59E-01
16.03	9.59E-01
16.03	9.59E-01
16.03	9.59E-01
16.03	9.59E-01
16.03	9.59E-01
16.03	9.59E-01
16.03	9.59E-01
16.03	9.59E-01
16.03	9.59E-01
16.03	9.59E-01
16.03	9.59E-01
16.03	9.59E-01
16.03	9.59E-01
16.03	9.59E-01
16.03	9.59E-01
16.04	9.59E-01
16.04	9.59E-01
16.04	9.59E-01
16.04	9.59E-01
16.04	9.59E-01
16.04	9.59E-01
16.04	9.59E-01
16.04	9.59E-01
16.04	9.59E-01
16.04	9.59E-01
16.04	9.59E-01
16.04	9.59E-01
16.04	9.59E-01
16.04	9.59E-01
16.04	9.59E-01
16.04	9.59E-01
16.04	9.59E-01
16.04	9.59E-01
16.04	9.59E-01
16.05	9.59E-01
16.05	9.59E-01
16.05	9.59E-01
16.05	9.59E-01
16.05	9.59E-01
16.05	9.59E-01
16.05	9.59E-01
16.05	9.59E-01
16.05	9.59E-01
16.05	9.59E-01
16.05	9.59E-01
16.05	9.59E-01
16.05	9.59E-01
16.05	9.59E-01
16.05	9.59E-01
16.05	9.59E-01
16.05	9.59E-01
16.05	9.59E-01
16.05	9.59E-01
16.05	9.59E-01
16.06	9.59E-01
16.06	9.59E-01
16.06	9.59E-01
16.06	9.59E-01
16.06	9.59E-01
16.06	9.59E-01
16.06	9.59E-01
16.06	9.59E-01
16.06	9.59E-01
16.06	9.59E-01
16.06	9.59E-01
16.06	9.59E-01
16.06	9.59E-01
16.06	9.59E-01
16.06	9.59E-01
16.06	9.59E-01
16.06	9.59E-01
16.06	9.59E-01
16.06	9.59E-01
16.06	9.59E-01
16.07	9.59E-01
16.07	9.59E-01
16.07	9.59E-01
16.07	9.59E-01
16.07	9.59E-01
16.07	9.59E-01
16.07	9.59E-01
16.07	9.59E-01
16.07	9.59E-01
16.07	9.59E-01
16.07	9.59E-01
16.07	9.59E-01
16.07	9.59E-01
16.07	9.59E-01
16.07	9.59E-01
16.07	9.59E-01
16.07	9.59E-01
16.07	9.59E-01
16.07	9.59E-01
16.07	9.59E-01
16.08	9.59E-01
16.08	9.59E-01
16.08	9.59E-01
16.08	9.59E-01
16.08	9.59E-01
16.08	9.59E-01
16.08	9.59E-01
16.08	9.59E-01
16.08	9.59E-01
16.08	9.59E-01
16.08	9.59E-01
16.08	9.59E-01
16.08	9.59E-01
16.08	9.59E-01
16.08	9.59E-01
16.08	9.59E-01
16.08	9.59E-01
16.08	9.59E-01
16.08	9.59E-01
16.08	9.59E-01
16.08	9.59E-01
16.09	9.59E-01
16.09	9.59E-01
16.09	9.59E-01
16.09	9.59E-01
16.09	9.59E-01
16.09	9.59E-01
16.09	9.59E-01
16.09	9.59E-01
16.09	9.59E-01
16.09	9.59E-01
16.09	9.59E-01
16.09	9.59E-01
16.09	9.59E-01
16.09	9.59E-01
16.09	9.59E-01
16.09	9.59E-01
16.09	9.59E-01
16.09	9.59E-01
16.09	9.59E-01
16.09	9.59E-01
16.1	9.59E-01
16.1	9.59E-01
16.1	9.59E-01
16.1	9.59E-01
16.1	9.59E-01
16.1	9.59E-01
16.1	9.59E-01
16.1	9.59E-01
16.1	9.59E-01
16.1	9.59E-01
16.1	9.59E-01
16.1	9.59E-01
16.1	9.59E-01
16.1	9.59E-01
16.1	9.59E-01
16.1	9.59E-01
16.1	9.59E-01
16.1	9.59E-01
16.1	9.59E-01
16.1	9.59E-01
16.11	9.59E-01
16.11	9.59E-01
16.11	9.59E-01
16.11	9.59E-01
16.11	9.59E-01
16.11	9.59E-01
16.11	9.59E-01
16.11	9.59E-01
16.11	9.59E-01
16.11	9.59E-01
16.11	9.59E-01
16.11	9.59E-01
16.11	9.59E-01
16.11	9.59E-01
16.11	9.59E-01
16.11	9.59E-01
16.11	9.59E-01
16.11	9.59E-01
16.11	9.59E-01
16.11	9.59E-01
16.12	9.59E-01
16.12	9.59E-01
16.12	9.59E-01
16.12	9.59E-01
16.12	9.59E-01
16.12	9.59E-01
16.12	9.59E-01
16.12	9.59E-01
16.12	9.59E-01
16.12	9.59E-01
16.12	9.59E-01
16.12	9.59E-01
16.12	9.59E-01
16.12	9.59E-01
16.12	9.59E-01
16.12	9.59E-01
16.12	9.59E-01
16.12	9.59E-01
16.12	9.59E-01
16.12	9.59E-01
16.13	9.59E-01
16.13	9.59E-01
16.13	9.59E-01
16.13	9.59E-01
16.13	9.59E-01
16.13	9.59E-01
16.13	9.59E-01
16.13	9.59E-01
16.13	9.59E-01
16.13	9.59E-01
16.13	9.59E-01
16.13	9.59E-01
16.13	9.59E-01
16.13	9.59E-01
16.13	9.59E-01
16.13	9.59E-01
16.13	9.59E-01
16.13	9.59E-01
16.13	9.59E-01
16.14	9.59E-01
16.14	9.59E-01
16.14	9.59E-01
16.14	9.59E-01
16.14	9.59E-01
16.14	9.59E-01
16.14	9.59E-01
16.14	9.59E-01
16.14	9.59E-01
16.14	9.59E-01
16.14	9.59E-01
16.14	9.59E-01
16.14	9.59E-01
16.14	9.59E-01
16.14	9.59E-01
16.14	9.59E-01
16.14	9.59E-01
16.14	9.59E-01
16.14	9.59E-01
16.14	9.59E-01
16.15	9.59E-01
16.15	9.59E-01
16.15	9.59E-01
16.15	9.59E-01
16.15	9.59E-01
16.15	9.59E-01
16.15	9.59E-01
16.15	9.59E-01
16.15	9.59E-01
16.15	9.59E-01
16.15	9.59E-01
16.15	9.59E-01
16.15	9.59E-01
16.15	9.59E-01
16.15	9.59E-01
16.15	9.59E-01
16.15	9.59E-01
16.15	9.59E-01
16.15	9.59E-01
16.15	9.59E-01
16.16	9.59E-01
16.16	9.59E-01
16.16	9.59E-01
16.16	9.59E-01
16.16	9.59E-01
16.16	9.59E-01
16.16	9.59E-01
16.16	9.59E-01
16.16	9.59E-01
16.16	9.59E-01
16.16	9.59E-01
16.16	9.59E-01
16.16	9.59E-01
16.16	9.59E-01
16.16	9.59E-01
16.16	9.59E-01
16.16	9.59E-01
16.16	9.59E-01
16.16	9.59E-01
16.16	9.59E-01
16.17	9.59E-01
16.17	9.59E-01
16.17	9.59E-01
16.17	9.59E-01
16.17	9.59E-01
16.17	9.59E-01
16.17	9.59E-01
16.17	9.59E-01
16.17	9.59E-01
16.17	9.59E-01
16.17	9.59E-01
16.17	9.59E-01
16.17	9.59E-01
16.17	9.59E-01
16.17	9.59E-01
16.17	9.59E-01
16.17	9.59E-01
16.17	9.59E-01
16.17	9.59E-01
16.17	9.59E-01
16.17	9.59E-01
16.18	9.59E-01
16.18	9.59E-01
16.18	9.59E-01
16.18	9.59E-01
16.18	9.59E-01
16.18	9.59E-01
16.18	9.59E-01
16.18	9.59E-01
16.18	9.59E-01
16.18	9.59E-01
16.18	9.59E-01
16.18	9.59E-01
16.18	9.59E-01
16.18	9.59E-01
16.18	9.59E-01
16.18	9.59E-01
16.18	9.59E-01
16.18	9.59E-01
16.18	9.59E-01
16.18	9.59E-01
16.19	9.59E-01
16.19	9.59E-01
16.19	9.59E-01
16.19	9.59E-01
16.19	9.59E-01
16.19	9.59E-01
16.19	9.59E-01
16.19	9.59E-01
16.19	9.59E-01
16.19	9.59E-01
16.19	9.59E-01
16.19	9.59E-01
16.19	9.59E-01
16.19	9.59E-01
16.19	9.59E-01
16.19	9.59E-01
16.19	9.59E-01
16.19	9.59E-01
16.19	9.59E-01
16.19	9.59E-01
16.2	9.59E-01
16.2	9.59E-01
16.2	9.59E-01
16.2	9.59E-01
16.2	9.59E-01
16.2	9.59E-01
16.2	9.59E-01
16.2	9.59E-01
16.2	9.59E-01
16.2	9.59E-01
16.2	9.59E-01
16.2	9.59E-01
16.2	9.59E-01
16.2	9.59E-01
16.2	9.59E-01
16.2	9.59E-01
16.2	9.59E-01
16.2	9.59E-01
16.2	9.59E-01
16.2	9.59E-01
16.21	9.59E-01
16.21	9.59E-01
16.21	9.59E-01
16.21	9.59E-01
16.21	9.59E-01
16.21	9.59E-01
16.21	9.59E-01
16.21	9.59E-01
16.21	9.59E-01
16.21	9.59E-01
16.21	9.59E-01
16.21	9.59E-01
16.21	9.59E-01
16.21	9.59E-01
16.21	9.59E-01
16.21	9.59E-01
16.21	9.59E-01
16.21	9.59E-01
16.21	9.59E-01
16.22	9.59E-01
16.22	9.59E-01
16.22	9.59E-01
16.22	9.59E-01
16.22	9.59E-01
16.22	9.59E-01
16.22	9.59E-01
16.22	9.59E-01
16.22	9.59E-01
16.22	9.59E-01
16.22	9.59E-01
16.22	9.59E-01
16.22	9.59E-01
16.22	9.59E-01
16.22	9.59E-01
16.22	9.59E-01
16.22	9.59E-01
16.22	9.59E-01
16.22	9.59E-01
16.22	9.59E-01
16.23	9.59E-01
16.23	9.59E-01
16.23	9.59E-01
16.23	9.59E-01
16.23	9.59E-01
16.23	9.59E-01
16.23	9.59E-01
16.23	9.59E-01
16.23	9.59E-01
16.23	9.59E-01
16.23	9.59E-01
16.23	9.59E-01
16.23	9.59E-01
16.23	9.59E-01
16.23	9.59E-01
16.23	9.59E-01
16.23	9.59E-01
16.23	9.59E-01
16.23	9.59E-01
16.23	9.59E-01
16.24	9.59E-01
16.24	9.59E-01
16.24	9.59E-01
16.24	9.59E-01
16.24	9.59E-01
16.24	9.59E-01
16.24	9.59E-01
16.24	9.59E-01
16.24	9.59E-01
16.24	9.59E-01
16.24	9.59E-01
16.24	9.59E-01
16.24	9.59E-01
16.24	9.59E-01
16.24	9.59E-01
16.24	9.59E-01
16.24	9.59E-01
16.24	9.59E-01
16.24	9.59E-01
16.24	9.59E-01
16.25	9.59E-01
16.25	9.59E-01
16.25	9.59E-01
16.25	9.59E-01
16.25	9.59E-01
16.25	9.59E-01
16.25	9.59E-01
16.25	9.59E-01
16.25	9.59E-01
16.25	9.59E-01
16.25	9.59E-01
16.25	9.59E-01
16.25	9.59E-01
16.25	9.59E-01
16.25	9.59E-01
16.25	9.59E-01
16.25	9.59E-01
16.25	9.59E-01
16.25	9.59E-01
16.25	9.59E-01
16.25	9.59E-01
16.26	9.59E-01
16.26	9.59E-01
16.26	9.59E-01
16.26	9.59E-01
16.26	9.59E-01
16.26	9.59E-01
16.26	9.59E-01
16.26	9.59E-01
16.26	9.59E-01
16.26	9.59E-01
16.26	9.59E-01
16.26	9.59E-01
16.26	9.59E-01
16.26	9.59E-01
16.26	9.59E-01
16.26	9.59E-01
16.26	9.59E-01
16.26	9.59E-01
16.26	9.59E-01
16.26	9.59E-01
16.27	9.59E-01
16.27	9.59E-01
16.27	9.59E-01
16.27	9.59E-01
16.27	9.59E-01
16.27	9.59E-01
16.27	9.59E-01
16.27	9.59E-01
16.27	9.59E-01
16.27	9.59E-01
16.27	9.59E-01
16.27	9.59E-01
16.27	9.59E-01
16.27	9.59E-01
16.27	9.59E-01
16.27	9.59E-01
16.27	9.59E-01
16.27	9.59E-01
16.27	9.59E-01
16.27	9.59E-01
16.28	9.59E-01
16.28	9.59E-01
16.28	9.59E-01
16.28	9.59E-01
16.28	9.59E-01
16.28	9.59E-01
16.28	9.59E-01
16.28	9.59E-01
16.28	9.59E-01
16.28	9.59E-01
16.28	9.59E-01
16.28	9.59E-01
16.28	9.59E-01
16.28	9.59E-01
16.28	9.59E-01
16.28	9.59E-01
16.28	9.59E-01
16.28	9.59E-01
16.28	9.59E-01
16.28	9.59E-01
16.29	9.59E-01
16.29	9.59E-01
16.29	9.59E-01
16.29	9.59E-01
16.29	9.59E-01
16.29	9.59E-01
16.29	9.59E-01
16.29	9.59E-01
16.29	9.59E-01
16.29	9.59E-01
16.29	9.59E-01
16.29	9.59E-01
16.29	9.59E-01
16.29	9.59E-01
16.29	9.59E-01
16.29	9.59E-01
16.29	9.59E-01
16.29	9.59E-01
16.29	9.59E-01
16.3	9.59E-01
16.3	9.59E-01
16.3	9.59E-01
16.3	9.59E-01
16.3	9.59E-01
16.3	9.59E-01
16.3	9.59E-01
16.3	9.59E-01
16.3	9.59E-01
16.3	9.59E-01
16.3	9.59E-01
16.3	9.59E-01
16.3	9.59E-01
16.3	9.59E-01
16.3	9.59E-01
16.3	9.59E-01
16.3	9.59E-01
16.3	9.59E-01
16.3	9.59E-01
16.3	9.59E-01
16.31	9.59E-01
16.31	9.59E-01
16.31	9.59E-01
16.31	9.59E-01
16.31	9.59E-01
16.31	9.59E-01
16.31	9.59E-01
16.31	9.59E-01
16.31	9.59E-01
16.31	9.59E-01
16.31	9.59E-01
16.31	9.59E-01
16.31	9.59E-01
16.31	9.59E-01
16.31	9.59E-01
16.31	9.59E-01
16.31	9.59E-01
16.31	9.59E-01
16.31	9.59E-01
16.31	9.59E-01
16.32	9.59E-01
16.32	9.59E-01
16.32	9.59E-01
16.32	9.59E-01
16.32	9.59E-01
16.32	9.59E-01
16.32	9.59E-01
16.32	9.59E-01
16.32	9.59E-01
16.32	9.59E-01
16.32	9.59E-01
16.32	9.59E-01
16.32	9.59E-01
16.32	9.59E-01
16.32	9.59E-01
16.32	9.59E-01
16.32	9.59E-01
16.32	9.59E-01
16.32	9.59E-01
16.32	9.59E-01
16.33	9.59E-01
16.33	9.59E-01
16.33	9.59E-01
16.33	9.59E-01
16.33	9.59E-01
16.33	9.59E-01
16.33	9.59E-01
16.33	9.59E-01
16.33	9.59E-01
16.33	9.59E-01
16.33	9.59E-01
16.33	9.59E-01
16.33	9.59E-01
16.33	9.59E-01
16.33	9.59E-01
16.33	9.59E-01
16.33	9.59E-01
16.33	9.59E-01
16.33	9.59E-01
16.33	9.59E-01
16.33	9.59E-01
16.34	9.59E-01
16.34	9.59E-01
16.34	9.59E-01
16.34	9.59E-01
16.34	9.59E-01
16.34	9.59E-01
16.34	9.59E-01
16.34	9.59E-01
16.34	9.59E-01
16.34	9.59E-01
16.34	9.59E-01
16.34	9.59E-01
16.34	9.59E-01
16.34	9.59E-01
16.34	9.59E-01
16.34	9.59E-01
16.34	9.59E-01
16.34	9.59E-01
16.34	9.59E-01
16.34	9.59E-01
16.35	9.59E-01
16.35	9.59E-01
16.35	9.59E-01
16.35	9.59E-01
16.35	9.59E-01
16.35	9.59E-01
16.35	9.59E-01
16.35	9.59E-01
16.35	9.59E-01
16.35	9.59E-01
16.35	9.59E-01
16.35	9.59E-01
16.35	9.59E-01
16.35	9.59E-01
16.35	9.59E-01
16.35	9.59E-01
16.35	9.59E-01
16.35	9.59E-01
16.35	9.59E-01
16.35	9.59E-01
16.36	9.59E-01
16.36	9.59E-01
16.36	9.59E-01
16.36	9.59E-01
16.36	9.59E-01
16.36	9.59E-01
16.36	9.59E-01
16.36	9.59E-01
16.36	9.59E-01
16.36	9.59E-01
16.36	9.59E-01
16.36	9.59E-01
16.36	9.59E-01
16.36	9.59E-01
16.36	9.59E-01
16.36	9.59E-01
16.36	9.59E-01
16.36	9.59E-01
16.36	9.59E-01
16.36	9.59E-01
16.37	9.59E-01
16.37	9.59E-01
16.37	9.59E-01
16.37	9.59E-01
16.37	9.59E-01
16.37	9.59E-01
16.37	9.59E-01
16.37	9.59E-01
16.37	9.59E-01
16.37	9.59E-01
16.37	9.59E-01
16.37	9.59E-01
16.37	9.59E-01
16.37	9.59E-01
16.37	9.59E-01
16.37	9.59E-01
16.37	9.59E-01
16.37	9.59E-01
16.37	9.59E-01
16.38	9.59E-01
16.38	9.59E-01
16.38	9.59E-01
16.38	9.59E-01
16.38	9.59E-01
16.38	9.59E-01
16.38	9.59E-01
16.38	9.59E-01
16.38	9.59E-01
16.38	9.59E-01
16.38	9.59E-01
16.38	9.59E-01
16.38	9.59E-01
16.38	9.59E-01
16.38	9.59E-01
16.38	9.59E-01
16.38	9.59E-01
16.38	9.59E-01
16.38	9.59E-01
16.38	9.59E-01
16.39	9.59E-01
16.39	9.59E-01
16.39	9.59E-01
16.39	9.59E-01
16.39	9.59E-01
16.39	9.59E-01
16.39	9.59E-01
16.39	9.59E-01
16.39	9.59E-01
16.39	9.59E-01
16.39	9.59E-01
16.39	9.59E-01
16.39	9.59E-01
16.39	9.59E-01
16.39	9.59E-01
16.39	9.59E-01
16.39	9.59E-01
16.39	9.59E-01
16.39	9.59E-01
16.39	9.59E-01
16.4	9.59E-01
16.4	9.59E-01
16.4	9.59E-01
16.4	9.59E-01
16.4	9.59E-01
16.4	9.59E-01
16.4	9.59E-01
16.4	9.59E-01
16.4	9.59E-01
16.4	9.59E-01
16.4	9.59E-01
16.4	9.59E-01
16.4	9.59E-01
16.4	9.59E-01
16.4	9.59E-01
16.4	9.59E-01
16.4	9.59E-01
16.4	9.59E-01
16.4	9.59E-01
16.4	9.59E-01
16.41	9.59E-01
16.41	9.59E-01
16.41	9.59E-01
16.41	9.59E-01
16.41	9.59E-01
16.41	9.59E-01
16.41	9.59E-01
16.41	9.59E-01
16.41	9.59E-01
16.41	9.59E-01
16.41	9.59E-01
16.41	9.59E-01
16.41	9.59E-01
16.41	9.59E-01
16.41	9.59E-01
16.41	9.59E-01
16.41	9.59E-01
16.41	9.59E-01
16.41	9.59E-01
16.41	9.59E-01
16.42	9.59E-01
16.42	9.59E-01
16.42	9.59E-01
16.42	9.59E-01
16.42	9.59E-01
16.42	9.59E-01
16.42	9.59E-01
16.42	9.59E-01
16.42	9.59E-01
16.42	9.59E-01
16.42	9.59E-01
16.42	9.59E-01
16.42	9.59E-01
16.42	9.59E-01
16.42	9.59E-01
16.42	9.59E-01
16.42	9.59E-01
16.42	9.59E-01
16.42	9.59E-01
16.42	9.59E-01
16.42	9.59E-01
16.43	9.59E-01
16.43	9.59E-01
16.43	9.59E-01
16.43	9.59E-01
16.43	9.59E-01
16.43	9.59E-01
16.43	9.59E-01
16.43	9.59E-01
16.43	9.59E-01
16.43	9.59E-01
16.43	9.59E-01
16.43	9.59E-01
16.43	9.59E-01
16.43	9.59E-01
16.43	9.59E-01
16.43	9.59E-01
16.43	9.59E-01
16.43	9.59E-01
16.43	9.59E-01
16.43	9.59E-01
16.44	9.59E-01
16.44	9.59E-01
16.44	9.59E-01
16.44	9.59E-01
16.44	9.59E-01
16.44	9.59E-01
16.44	9.59E-01
16.44	9.59E-01
16.44	9.59E-01
16.44	9.59E-01
16.44	9.59E-01
16.44	9.59E-01
16.44	9.59E-01
16.44	9.59E-01
16.44	9.59E-01
16.44	9.59E-01
16.44	9.59E-01
16.44	9.59E-01
16.44	9.59E-01
16.44	9.59E-01
16.45	9.59E-01
16.45	9.59E-01
16.45	9.59E-01
16.45	9.59E-01
16.45	9.59E-01
16.45	9.59E-01
16.45	9.59E-01
16.45	9.59E-01
16.45	9.59E-01
16.45	9.59E-01
16.45	9.59E-01
16.45	9.59E-01
16.45	9.59E-01
16.45	9.59E-01
16.45	9.59E-01
16.45	9.59E-01
16.45	9.59E-01
16.45	9.59E-01
16.45	9.59E-01
16.45	9.59E-01
16.46	9.59E-01
16.46	9.59E-01
16.46	9.59E-01
16.46	9.59E-01
16.46	9.59E-01
16.46	9.59E-01
16.46	9.59E-01
16.46	9.59E-01
16.46	9.59E-01
16.46	9.59E-01
16.46	9.59E-01
16.46	9.59E-01
16.46	9.59E-01
16.46	9.59E-01
16.46	9.59E-01
16.46	9.59E-01
16.46	9.59E-01
16.46	9.59E-01
16.46	9.59E-01
16.47	9.59E-01
16.47	9.59E-01
16.47	9.59E-01
16.47	9.59E-01
16.47	9.59E-01
16.47	9.59E-01
16.47	9.59E-01
16.47	9.59E-01
16.47	9.59E-01
16.47	9.59E-01
16.47	9.59E-01
16.47	9.59E-01
16.47	9.59E-01
16.47	9.59E-01
16.47	9.59E-01
16.47	9.59E-01
16.47	9.59E-01
16.47	9.59E-01
16.47	9.59E-01
16.47	9.59E-01
16.48	9.59E-01
16.48	9.59E-01
16.48	9.59E-01
16.48	9.59E-01
16.48	9.59E-01
16.48	9.59E-01
16.48	9.59E-01
16.48	9.59E-01
16.48	9.59E-01
16.48	9.59E-01
16.48	9.59E-01
16.48	9.59E-01
16.48	9.59E-01
16.48	9.59E-01
16.48	9.59E-01
16.48	9.59E-01
16.48	9.59E-01
16.48	9.59E-01
16.48	9.59E-01
16.48	9.59E-01
16.49	9.59E-01
16.49	9.59E-01
16.49	9.59E-01
16.49	9.59E-01
16.49	9.59E-01
16.49	9.59E-01
16.49	9.59E-01
16.49	9.59E-01
16.49	9.59E-01
16.49	9.59E-01
16.49	9.59E-01
16.49	9.59E-01
16.49	9.59E-01
16.49	9.59E-01
16.49	9.59E-01
16.49	9.59E-01
16.49	9.59E-01
16.49	9.59E-01
16.49	9.59E-01
16.49	9.59E-01
16.5	9.59E-01
16.5	9.59E-01
16.5	9.59E-01
16.5	9.59E-01
16.5	9.59E-01
16.5	9.59E-01
16.5	9.59E-01
16.5	9.59E-01
16.5	9.59E-01
16.5	9.59E-01
16.5	9.59E-01
16.5	9.59E-01
16.5	9.59E-01
16.5	9.59E-01
16.5	9.59E-01
16.5	9.59E-01
16.5	9.59E-01
16.5	9.59E-01
16.5	9.59E-01
16.5	9.59E-01
16.5	9.59E-01
16.51	9.59E-01
16.51	9.59E-01
16.51	9.59E-01
16.51	9.59E-01
16.51	9.59E-01
16.51	9.59E-01
16.51	9.59E-01
16.51	9.59E-01
16.51	9.59E-01
16.51	9.59E-01
16.51	9.59E-01
16.51	9.59E-01
16.51	9.59E-01
16.51	9.59E-01
16.51	9.59E-01
16.51	9.59E-01
16.51	9.59E-01
16.51	9.59E-01
16.51	9.59E-01
16.51	9.59E-01
16.52	9.59E-01
16.52	9.59E-01
16.52	9.59E-01
16.52	9.59E-01
16.52	9.59E-01
16.52	9.59E-01
16.52	9.59E-01
16.52	9.59E-01
16.52	9.59E-01
16.52	9.59E-01
16.52	9.59E-01
16.52	9.59E-01
16.52	9.59E-01
16.52	9.59E-01
16.52	9.59E-01
16.52	9.59E-01
16.52	9.59E-01
16.52	9.59E-01
16.52	9.59E-01
16.52	9.59E-01
16.53	9.59E-01
16.53	9.59E-01
16.53	9.59E-01
16.53	9.59E-01
16.53	9.59E-01
16.53	9.59E-01
16.53	9.59E-01
16.53	9.59E-01
16.53	9.59E-01
16.53	9.59E-01
16.53	9.59E-01
16.53	9.59E-01
16.53	9.59E-01
16.53	9.59E-01
16.53	9.59E-01
16.53	9.59E-01
16.53	9.59E-01
16.53	9.59E-01
16.53	9.59E-01
16.53	9.59E-01
16.54	9.59E-01
16.54	9.59E-01
16.54	9.59E-01
16.54	9.59E-01
16.54	9.59E-01
16.54	9.59E-01
16.54	9.59E-01
16.54	9.59E-01
16.54	9.59E-01
16.54	9.59E-01
16.54	9.59E-01
16.54	9.59E-01
16.54	9.59E-01
16.54	9.59E-01
16.54	9.59E-01
16.54	9.59E-01
16.54	9.59E-01
16.54	9.59E-01
16.54	9.59E-01
16.55	9.59E-01
16.55	9.59E-01
16.55	9.59E-01
16.55	9.59E-01
16.55	9.59E-01
16.55	9.59E-01
16.55	9.59E-01
16.55	9.59E-01
16.55	9.59E-01
16.55	9.59E-01
16.55	9.59E-01
16.55	9.59E-01
16.55	9.59E-01
16.55	9.59E-01
16.55	9.59E-01
16.55	9.59E-01
16.55	9.59E-01
16.55	9.59E-01
16.55	9.59E-01
16.55	9.59E-01
16.56	9.59E-01
16.56	9.59E-01
16.56	9.59E-01
16.56	9.59E-01
16.56	9.59E-01
16.56	9.59E-01
16.56	9.59E-01
16.56	9.59E-01
16.56	9.59E-01
16.56	9.59E-01
16.56	9.59E-01
16.56	9.59E-01
16.56	9.59E-01
16.56	9.59E-01
16.56	9.59E-01
16.56	9.59E-01
16.56	9.59E-01
16.56	9.59E-01
16.56	9.59E-01
16.56	9.59E-01
16.57	9.59E-01
16.57	9.59E-01
16.57	9.59E-01
16.57	9.59E-01
16.57	9.59E-01
16.57	9.59E-01
16.57	9.59E-01
16.57	9.59E-01
16.57	9.59E-01
16.57	9.59E-01
16.57	9.59E-01
16.57	9.59E-01
16.57	9.59E-01
16.57	9.59E-01
16.57	9.59E-01
16.57	9.59E-01
16.57	9.59E-01
16.57	9.59E-01
16.57	9.59E-01
16.57	9.59E-01
16.58	9.59E-01
16.58	9.59E-01
16.58	9.59E-01
16.58	9.59E-01
16.58	9.59E-01
16.58	9.59E-01
16.58	9.59E-01
16.58	9.59E-01
16.58	9.59E-01
16.58	9.59E-01
16.58	9.59E-01
16.58	9.59E-01
16.58	9.59E-01
16.58	9.59E-01
16.58	9.59E-01
16.58	9.59E-01
16.58	9.59E-01
16.58	9.59E-01
16.58	9.59E-01
16.58	9.59E-01
16.58	9.59E-01
16.59	9.59E-01
16.59	9.59E-01
16.59	9.59E-01
16.59	9.59E-01
16.59	9.59E-01
16.59	9.59E-01
16.59	9.59E-01
16.59	9.59E-01
16.59	9.59E-01
16.59	9.59E-01
16.59	9.59E-01
16.59	9.59E-01
16.59	9.59E-01
16.59	9.59E-01
16.59	9.59E-01
16.59	9.59E-01
16.59	9.59E-01
16.59	9.59E-01
16.59	9.59E-01
16.59	9.59E-01
16.6	9.59E-01
16.6	9.59E-01
16.6	9.59E-01
16.6	9.59E-01
16.6	9.59E-01
16.6	9.59E-01
16.6	9.59E-01
16.6	9.59E-01
16.6	9.59E-01
16.6	9.59E-01
16.6	9.59E-01
16.6	9.59E-01
16.6	9.59E-01
16.6	9.59E-01
16.6	9.59E-01
16.6	9.59E-01
16.6	9.59E-01
16.6	9.59E-01
16.6	9.59E-01
16.6	9.59E-01
16.61	9.59E-01
16.61	9.59E-01
16.61	9.59E-01
16.61	9.59E-01
16.61	9.59E-01
16.61	9.59E-01
16.61	9.59E-01
16.61	9.59E-01
16.61	9.59E-01
16.61	9.59E-01
16.61	9.59E-01
16.61	9.59E-01
16.61	9.59E-01
16.61	9.59E-01
16.61	9.59E-01
16.61	9.59E-01
16.61	9.59E-01
16.61	9.59E-01
16.61	9.59E-01
16.61	9.59E-01
16.62	9.59E-01
16.62	9.59E-01
16.62	9.59E-01
16.62	9.59E-01
16.62	9.59E-01
16.62	9.59E-01
16.62	9.59E-01
16.62	9.59E-01
16.62	9.59E-01
16.62	9.59E-01
16.62	9.59E-01
16.62	9.59E-01
16.62	9.59E-01
16.62	9.59E-01
16.62	9.59E-01
16.62	9.59E-01
16.62	9.59E-01
16.62	9.59E-01
16.62	9.59E-01
16.62	9.59E-01
16.63	9.59E-01
16.63	9.59E-01
16.63	9.59E-01
16.63	9.59E-01
16.63	9.59E-01
16.63	9.59E-01
16.63	9.59E-01
16.63	9.59E-01
16.63	9.59E-01
16.63	9.59E-01
16.63	9.59E-01
16.63	9.59E-01
16.63	9.59E-01
16.63	9.59E-01
16.63	9.59E-01
16.63	9.59E-01
16.63	9.59E-01
16.63	9.59E-01
16.63	9.59E-01
16.64	9.59E-01
16.64	9.59E-01
16.64	9.59E-01
16.64	9.59E-01
16.64	9.59E-01
16.64	9.59E-01
16.64	9.59E-01
16.64	9.59E-01
16.64	9.59E-01
16.64	9.59E-01
16.64	9.59E-01
16.64	9.59E-01
16.64	9.59E-01
16.64	9.59E-01
16.64	9.59E-01
16.64	9.59E-01
16.64	9.59E-01
16.64	9.59E-01
16.64	9.59E-01
16.64	9.59E-01
16.65	9.59E-01
16.65	9.59E-01
16.65	9.59E-01
16.65	9.59E-01
16.65	9.59E-01
16.65	9.59E-01
16.65	9.59E-01
16.65	9.59E-01
16.65	9.59E-01
16.65	9.59E-01
16.65	9.59E-01
16.65	9.59E-01
16.65	9.59E-01
16.65	9.59E-01
16.65	9.59E-01
16.65	9.59E-01
16.65	9.59E-01
16.65	9.59E-01
16.65	9.59E-01
16.65	9.59E-01
16.66	9.59E-01
16.66	9.59E-01
16.66	9.59E-01
16.66	9.59E-01
16.66	9.59E-01
16.66	9.59E-01
16.66	9.59E-01
16.66	9.59E-01
16.66	9.59E-01
16.66	9.59E-01
16.66	9.59E-01
16.66	9.59E-01
16.66	9.59E-01
16.66	9.59E-01
16.66	9.59E-01
16.66	9.59E-01
16.66	9.59E-01
16.66	9.59E-01
16.66	9.59E-01
16.66	9.59E-01
16.67	9.59E-01
16.67	9.59E-01
16.67	9.59E-01
16.67	9.59E-01
16.67	9.59E-01
16.67	9.59E-01
16.67	9.59E-01
16.67	9.59E-01
16.67	9.59E-01
16.67	9.59E-01
16.67	9.59E-01
16.67	9.59E-01
16.67	9.59E-01
16.67	9.59E-01
16.67	9.59E-01
16.67	9.59E-01
16.67	9.59E-01
16.67	9.59E-01
16.67	9.59E-01
16.67	9.59E-01
16.67	9.59E-01
16.68	9.59E-01
16.68	9.59E-01
16.68	9.59E-01
16.68	9.59E-01
16.68	9.59E-01
16.68	9.59E-01
16.68	9.59E-01
16.68	9.59E-01
16.68	9.59E-01
16.68	9.59E-01
16.68	9.59E-01
16.68	9.59E-01
16.68	9.59E-01
16.68	9.59E-01
16.68	9.59E-01
16.68	9.59E-01
16.68	9.59E-01
16.68	9.59E-01
16.68	9.59E-01
16.68	9.59E-01
16.69	9.59E-01
16.69	9.59E-01
16.69	9.59E-01
16.69	9.59E-01
16.69	9.59E-01
16.69	9.59E-01
16.69	9.59E-01
16.69	9.59E-01
16.69	9.59E-01
16.69	9.59E-01
16.69	9.59E-01
16.69	9.59E-01
16.69	9.59E-01
16.69	9.59E-01
16.69	9.59E-01
16.69	9.59E-01
16.69	9.59E-01
16.69	9.59E-01
16.69	9.59E-01
16.69	9.59E-01
16.7	9.59E-01
16.7	9.59E-01
16.7	9.59E-01
16.7	9.59E-01
16.7	9.59E-01
16.7	9.59E-01
16.7	9.59E-01
16.7	9.59E-01
16.7	9.59E-01
16.7	9.59E-01
16.7	9.59E-01
16.7	9.59E-01
16.7	9.59E-01
16.7	9.59E-01
16.7	9.59E-01
16.7	9.59E-01
16.7	9.59E-01
16.7	9.59E-01
16.7	9.59E-01
16.7	9.59E-01
16.71	9.59E-01
16.71	9.59E-01
16.71	9.59E-01
16.71	9.59E-01
16.71	9.59E-01
16.71	9.59E-01
16.71	9.59E-01
16.71	9.59E-01
16.71	9.59E-01
16.71	9.59E-01
16.71	9.59E-01
16.71	9.59E-01
16.71	9.59E-01
16.71	9.59E-01
16.71	9.59E-01
16.71	9.59E-01
16.71	9.59E-01
16.71	9.59E-01
16.71	9.59E-01
16.72	9.59E-01
16.72	9.59E-01
16.72	9.59E-01
16.72	9.59E-01
16.72	9.59E-01
16.72	9.59E-01
16.72	9.59E-01
16.72	9.59E-01
16.72	9.59E-01
16.72	9.59E-01
16.72	9.59E-01
16.72	9.59E-01
16.72	9.59E-01
16.72	9.59E-01
16.72	9.59E-01
16.72	9.59E-01
16.72	9.59E-01
16.72	9.59E-01
16.72	9.59E-01
16.72	9.59E-01
16.73	9.59E-01
16.73	9.59E-01
16.73	9.59E-01
16.73	9.59E-01
16.73	9.59E-01
16.73	9.59E-01
16.73	9.59E-01
16.73	9.59E-01
16.73	9.59E-01
16.73	9.59E-01
16.73	9.59E-01
16.73	9.59E-01
16.73	9.59E-01
16.73	9.59E-01
16.73	9.59E-01
16.73	9.59E-01
16.73	9.59E-01
16.73	9.59E-01
16.73	9.59E-01
16.73	9.59E-01
16.74	9.59E-01
16.74	9.59E-01
16.74	9.59E-01
16.74	9.59E-01
16.74	9.59E-01
16.74	9.59E-01
16.74	9.59E-01
16.74	9.59E-01
16.74	9.59E-01
16.74	9.59E-01
16.74	9.59E-01
16.74	9.59E-01
16.74	9.59E-01
16.74	9.59E-01
16.74	9.59E-01
16.74	9.59E-01
16.74	9.59E-01
16.74	9.59E-01
16.74	9.59E-01
16.74	9.59E-01
16.75	9.59E-01
16.75	9.59E-01
16.75	9.59E-01
16.75	9.59E-01
16.75	9.59E-01
16.75	9.59E-01
16.75	9.59E-01
16.75	9.59E-01
16.75	9.59E-01
16.75	9.59E-01
16.75	9.59E-01
16.75	9.59E-01
16.75	9.59E-01
16.75	9.59E-01
16.75	9.59E-01
16.75	9.59E-01
16.75	9.59E-01
16.75	9.59E-01
16.75	9.59E-01
16.75	9.59E-01
16.75	9.59E-01
16.76	9.59E-01
16.76	9.59E-01
16.76	9.59E-01
16.76	9.59E-01
16.76	9.59E-01
16.76	9.59E-01
16.76	9.59E-01
16.76	9.59E-01
16.76	9.59E-01
16.76	9.59E-01
16.76	9.59E-01
16.76	9.59E-01
16.76	9.59E-01
16.76	9.59E-01
16.76	9.59E-01
16.76	9.59E-01
16.76	9.59E-01
16.76	9.59E-01
16.76	9.59E-01
16.76	9.59E-01
16.77	9.59E-01
16.77	9.59E-01
16.77	9.59E-01
16.77	9.59E-01
16.77	9.59E-01
16.77	9.59E-01
16.77	9.59E-01
16.77	9.59E-01
16.77	9.59E-01
16.77	9.59E-01
16.77	9.59E-01
16.77	9.59E-01
16.77	9.59E-01
16.77	9.59E-01
16.77	9.59E-01
16.77	9.59E-01
16.77	9.59E-01
16.77	9.59E-01
16.77	9.59E-01
16.77	9.59E-01
16.78	9.59E-01
16.78	9.59E-01
16.78	9.59E-01
16.78	9.59E-01
16.78	9.59E-01
16.78	9.59E-01
16.78	9.59E-01
16.78	9.59E-01
16.78	9.59E-01
16.78	9.59E-01
16.78	9.59E-01
16.78	9.59E-01
16.78	9.59E-01
16.78	9.59E-01
16.78	9.59E-01
16.78	9.59E-01
16.78	9.59E-01
16.78	9.59E-01
16.78	9.59E-01
16.78	9.59E-01
16.79	9.59E-01
16.79	9.59E-01
16.79	9.59E-01
16.79	9.59E-01
16.79	9.59E-01
16.79	9.59E-01
16.79	9.59E-01
16.79	9.59E-01
16.79	9.59E-01
16.79	9.59E-01
16.79	9.59E-01
16.79	9.59E-01
16.79	9.59E-01
16.79	9.59E-01
16.79	9.59E-01
16.79	9.59E-01
16.79	9.59E-01
16.79	9.59E-01
16.79	9.59E-01
16.8	9.59E-01
16.8	9.59E-01
16.8	9.59E-01
16.8	9.59E-01
16.8	9.59E-01
16.8	9.59E-01
16.8	9.59E-01
16.8	9.59E-01
16.8	9.59E-01
16.8	9.59E-01
16.8	9.59E-01
16.8	9.59E-01
16.8	9.59E-01
16.8	9.59E-01
16.8	9.59E-01
16.8	9.59E-01
16.8	9.59E-01
16.8	9.59E-01
16.8	9.59E-01
16.8	9.59E-01
16.81	9.59E-01
16.81	9.59E-01
16.81	9.59E-01
16.81	9.59E-01
16.81	9.59E-01
16.81	9.59E-01
16.81	9.59E-01
16.81	9.59E-01
16.81	9.59E-01
16.81	9.59E-01
16.81	9.59E-01
16.81	9.59E-01
16.81	9.59E-01
16.81	9.59E-01
16.81	9.59E-01
16.81	9.59E-01
16.81	9.59E-01
16.81	9.59E-01
16.81	9.59E-01
16.81	9.59E-01
16.82	9.59E-01
16.82	9.59E-01
16.82	9.59E-01
16.82	9.59E-01
16.82	9.59E-01
16.82	9.59E-01
16.82	9.59E-01
16.82	9.59E-01
16.82	9.59E-01
16.82	9.59E-01
16.82	9.59E-01
16.82	9.59E-01
16.82	9.59E-01
16.82	9.59E-01
16.82	9.59E-01
16.82	9.59E-01
16.82	9.59E-01
16.82	9.59E-01
16.82	9.59E-01
16.82	9.59E-01
16.83	9.59E-01
16.83	9.59E-01
16.83	9.59E-01
16.83	9.59E-01
16.83	9.59E-01
16.83	9.59E-01
16.83	9.59E-01
16.83	9.59E-01
16.83	9.59E-01
16.83	9.59E-01
16.83	9.59E-01
16.83	9.59E-01
16.83	9.59E-01
16.83	9.59E-01
16.83	9.59E-01
16.83	9.59E-01
16.83	9.59E-01
16.83	9.59E-01
16.83	9.59E-01
16.83	9.59E-01
16.83	9.59E-01
16.84	9.59E-01
16.84	9.59E-01
16.84	9.59E-01
16.84	9.59E-01
16.84	9.59E-01
16.84	9.59E-01
16.84	9.59E-01
16.84	9.59E-01
16.84	9.59E-01
16.84	9.59E-01
16.84	9.59E-01
16.84	9.59E-01
16.84	9.59E-01
16.84	9.59E-01
16.84	9.59E-01
16.84	9.59E-01
16.84	9.59E-01
16.84	9.59E-01
16.84	9.59E-01
16.84	9.59E-01
16.85	9.59E-01
16.85	9.59E-01
16.85	9.59E-01
16.85	9.59E-01
16.85	9.59E-01
16.85	9.59E-01
16.85	9.59E-01
16.85	9.59E-01
16.85	9.59E-01
16.85	9.59E-01
16.85	9.59E-01
16.85	9.59E-01
16.85	9.59E-01
16.85	9.59E-01
16.85	9.59E-01
16.85	9.59E-01
16.85	9.59E-01
16.85	9.59E-01
16.85	9.59E-01
16.85	9.59E-01
16.86	9.59E-01
16.86	9.59E-01
16.86	9.59E-01
16.86	9.59E-01
16.86	9.59E-01
16.86	9.59E-01
16.86	9.59E-01
16.86	9.59E-01
16.86	9.59E-01
16.86	9.59E-01
16.86	9.59E-01
16.86	9.59E-01
16.86	9.59E-01
16.86	9.59E-01
16.86	9.59E-01
16.86	9.59E-01
16.86	9.59E-01
16.86	9.59E-01
16.86	9.59E-01
16.86	9.59E-01
16.87	9.59E-01
16.87	9.59E-01
16.87	9.59E-01
16.87	9.59E-01
16.87	9.59E-01
16.87	9.59E-01
16.87	9.59E-01
16.87	9.59E-01
16.87	9.59E-01
16.87	9.59E-01
16.87	9.59E-01
16.87	9.59E-01
16.87	9.59E-01
16.87	9.59E-01
16.87	9.59E-01
16.87	9.59E-01
16.87	9.59E-01
16.87	9.59E-01
16.87	9.59E-01
16.88	9.59E-01
16.88	9.59E-01
16.88	9.59E-01
16.88	9.59E-01
16.88	9.59E-01
16.88	9.59E-01
16.88	9.59E-01
16.88	9.59E-01
16.88	9.59E-01
16.88	9.59E-01
16.88	9.59E-01
16.88	9.59E-01
16.88	9.59E-01
16.88	9.59E-01
16.88	9.59E-01
16.88	9.59E-01
16.88	9.59E-01
16.88	9.59E-01
16.88	9.59E-01
16.88	9.59E-01
16.89	9.59E-01
16.89	9.59E-01
16.89	9.59E-01
16.89	9.59E-01
16.89	9.59E-01
16.89	9.59E-01
16.89	9.59E-01
16.89	9.59E-01
16.89	9.59E-01
16.89	9.59E-01
16.89	9.59E-01
16.89	9.59E-01
16.89	9.59E-01
16.89	9.59E-01
16.89	9.59E-01
16.89	9.59E-01
16.89	9.59E-01
16.89	9.59E-01
16.89	9.59E-01
16.89	9.59E-01
16.9	9.59E-01
16.9	9.59E-01
16.9	9.59E-01
16.9	9.59E-01
16.9	9.59E-01
16.9	9.59E-01
16.9	9.59E-01
16.9	9.59E-01
16.9	9.59E-01
16.9	9.59E-01
16.9	9.59E-01
16.9	9.59E-01
16.9	9.59E-01
16.9	9.59E-01
16.9	9.59E-01
16.9	9.59E-01
16.9	9.59E-01
16.9	9.59E-01
16.9	9.59E-01
16.9	9.59E-01
16.91	9.59E-01
16.91	9.59E-01
16.91	9.59E-01
16.91	9.59E-01
16.91	9.59E-01
16.91	9.59E-01
16.91	9.59E-01
16.91	9.59E-01
16.91	9.59E-01
16.91	9.59E-01
16.91	9.59E-01
16.91	9.59E-01
16.91	9.59E-01
16.91	9.59E-01
16.91	9.59E-01
16.91	9.59E-01
16.91	9.59E-01
16.91	9.59E-01
16.91	9.59E-01
16.91	9.59E-01
16.92	9.59E-01
16.92	9.59E-01
16.92	9.59E-01
16.92	9.59E-01
16.92	9.59E-01
16.92	9.59E-01
16.92	9.59E-01
16.92	9.59E-01
16.92	9.59E-01
16.92	9.59E-01
16.92	9.59E-01
16.92	9.59E-01
16.92	9.59E-01
16.92	9.59E-01
16.92	9.59E-01
16.92	9.59E-01
16.92	9.59E-01
16.92	9.59E-01
16.92	9.59E-01
16.92	9.59E-01
16.92	9.59E-01
16.93	9.59E-01
16.93	9.59E-01
16.93	9.59E-01
16.93	9.59E-01
16.93	9.59E-01
16.93	9.59E-01
16.93	9.59E-01
16.93	9.59E-01
16.93	9.59E-01
16.93	9.59E-01
16.93	9.59E-01
16.93	9.59E-01
16.93	9.59E-01
16.93	9.59E-01
16.93	9.59E-01
16.93	9.59E-01
16.93	9.59E-01
16.93	9.59E-01
16.93	9.59E-01
16.93	9.59E-01
16.94	9.59E-01
16.94	9.59E-01
16.94	9.59E-01
16.94	9.59E-01
16.94	9.59E-01
16.94	9.59E-01
16.94	9.59E-01
16.94	9.59E-01
16.94	9.59E-01
16.94	9.59E-01
16.94	9.59E-01
16.94	9.59E-01
16.94	9.59E-01
16.94	9.59E-01
16.94	9.59E-01
16.94	9.59E-01
16.94	9.59E-01
16.94	9.59E-01
16.94	9.59E-01
16.94	9.59E-01
16.95	9.59E-01
16.95	9.59E-01
16.95	9.59E-01
16.95	9.59E-01
16.95	9.59E-01
16.95	9.59E-01
16.95	9.59E-01
16.95	9.59E-01
16.95	9.59E-01
16.95	9.59E-01
16.95	9.59E-01
16.95	9.59E-01
16.95	9.59E-01
16.95	9.59E-01
16.95	9.59E-01
16.95	9.59E-01
16.95	9.59E-01
16.95	9.59E-01
16.95	9.59E-01
16.95	9.59E-01
16.96	9.59E-01
16.96	9.59E-01
16.96	9.59E-01
16.96	9.59E-01
16.96	9.59E-01
16.96	9.59E-01
16.96	9.59E-01
16.96	9.59E-01
16.96	9.59E-01
16.96	9.59E-01
16.96	9.59E-01
16.96	9.59E-01
16.96	9.59E-01
16.96	9.59E-01
16.96	9.59E-01
16.96	9.59E-01
16.96	9.59E-01
16.96	9.59E-01
16.96	9.59E-01
16.97	9.59E-01
16.97	9.59E-01
16.97	9.59E-01
16.97	9.59E-01
16.97	9.59E-01
16.97	9.59E-01
16.97	9.59E-01
16.97	9.59E-01
16.97	9.59E-01
16.97	9.59E-01
16.97	9.59E-01
16.97	9.59E-01
16.97	9.59E-01
16.97	9.59E-01
16.97	9.59E-01
16.97	9.59E-01
16.97	9.59E-01
16.97	9.59E-01
16.97	9.59E-01
16.97	9.59E-01
16.98	9.59E-01
16.98	9.59E-01
16.98	9.59E-01
16.98	9.59E-01
16.98	9.59E-01
16.98	9.59E-01
16.98	9.59E-01
16.98	9.59E-01
16.98	9.59E-01
16.98	9.59E-01
16.98	9.59E-01
16.98	9.59E-01
16.98	9.59E-01
16.98	9.59E-01
16.98	9.59E-01
16.98	9.59E-01
16.98	9.59E-01
16.98	9.59E-01
16.98	9.59E-01
16.98	9.59E-01
16.99	9.59E-01
16.99	9.59E-01
16.99	9.59E-01
16.99	9.59E-01
16.99	9.59E-01
16.99	9.59E-01
16.99	9.59E-01
16.99	9.59E-01
16.99	9.59E-01
16.99	9.59E-01
16.99	9.59E-01
16.99	9.59E-01
16.99	9.59E-01
16.99	9.59E-01
16.99	9.59E-01
16.99	9.59E-01
16.99	9.59E-01
16.99	9.59E-01
16.99	9.59E-01
16.99	9.59E-01
17	9.59E-01
17	9.59E-01
17	9.59E-01
17	9.59E-01
17	9.59E-01
17	9.59E-01
17	9.59E-01
17	9.59E-01
17	9.59E-01
17	9.59E-01
17	9.59E-01
17	9.59E-01
17	9.59E-01
17	9.59E-01
17	9.59E-01
17	9.59E-01
17	9.59E-01
17	9.59E-01
17	9.59E-01
17	9.59E-01
17	9.59E-01
17.01	9.59E-01
17.01	9.59E-01
17.01	9.59E-01
17.01	9.59E-01
17.01	9.59E-01
17.01	9.59E-01
17.01	9.59E-01
17.01	9.59E-01
17.01	9.59E-01
17.01	9.59E-01
17.01	9.59E-01
17.01	9.59E-01
17.01	9.59E-01
17.01	9.59E-01
17.01	9.59E-01
17.01	9.59E-01
17.01	9.59E-01
17.01	9.59E-01
17.01	9.59E-01
17.01	9.59E-01
17.02	9.59E-01
17.02	9.59E-01
17.02	9.59E-01
17.02	9.59E-01
17.02	9.59E-01
17.02	9.59E-01
17.02	9.59E-01
17.02	9.59E-01
17.02	9.59E-01
17.02	9.59E-01
17.02	9.59E-01
17.02	9.59E-01
17.02	9.59E-01
17.02	9.59E-01
17.02	9.59E-01
17.02	9.59E-01
17.02	9.59E-01
17.02	9.59E-01
17.02	9.59E-01
17.02	9.59E-01
17.03	9.59E-01
17.03	9.59E-01
17.03	9.59E-01
17.03	9.59E-01
17.03	9.59E-01
17.03	9.59E-01
17.03	9.59E-01
17.03	9.59E-01
17.03	9.59E-01
17.03	9.59E-01
17.03	9.59E-01
17.03	9.59E-01
17.03	9.59E-01
17.03	9.59E-01
17.03	9.59E-01
17.03	9.59E-01
17.03	9.59E-01
17.03	9.59E-01
17.03	9.59E-01
17.03	9.59E-01
17.04	9.59E-01
17.04	9.59E-01
17.04	9.59E-01
17.04	9.59E-01
17.04	9.59E-01
17.04	9.59E-01
17.04	9.59E-01
17.04	9.59E-01
17.04	9.59E-01
17.04	9.59E-01
17.04	9.59E-01
17.04	9.59E-01
17.04	9.59E-01
17.04	9.59E-01
17.04	9.59E-01
17.04	9.59E-01
17.04	9.59E-01
17.04	9.59E-01
17.04	9.59E-01
17.05	9.59E-01
17.05	9.59E-01
17.05	9.59E-01
17.05	9.59E-01
17.05	9.59E-01
17.05	9.59E-01
17.05	9.59E-01
17.05	9.59E-01
17.05	9.59E-01
17.05	9.59E-01
17.05	9.59E-01
17.05	9.59E-01
17.05	9.59E-01
17.05	9.59E-01
17.05	9.59E-01
17.05	9.59E-01
17.05	9.59E-01
17.05	9.59E-01
17.05	9.59E-01
17.05	9.59E-01
17.06	9.59E-01
17.06	9.59E-01
17.06	9.59E-01
17.06	9.59E-01
17.06	9.59E-01
17.06	9.59E-01
17.06	9.59E-01
17.06	9.59E-01
17.06	9.59E-01
17.06	9.59E-01
17.06	9.59E-01
17.06	9.59E-01
17.06	9.59E-01
17.06	9.59E-01
17.06	9.59E-01
17.06	9.59E-01
17.06	9.59E-01
17.06	9.59E-01
17.06	9.59E-01
17.06	9.59E-01
17.07	9.59E-01
17.07	9.59E-01
17.07	9.59E-01
17.07	9.59E-01
17.07	9.59E-01
17.07	9.59E-01
17.07	9.59E-01
17.07	9.59E-01
17.07	9.59E-01
17.07	9.59E-01
17.07	9.59E-01
17.07	9.59E-01
17.07	9.59E-01
17.07	9.59E-01
17.07	9.59E-01
17.07	9.59E-01
17.07	9.59E-01
17.07	9.59E-01
17.07	9.59E-01
17.07	9.59E-01
17.08	9.59E-01
17.08	9.59E-01
17.08	9.59E-01
17.08	9.59E-01
17.08	9.59E-01
17.08	9.59E-01
17.08	9.59E-01
17.08	9.59E-01
17.08	9.59E-01
17.08	9.59E-01
17.08	9.59E-01
17.08	9.59E-01
17.08	9.59E-01
17.08	9.59E-01
17.08	9.59E-01
17.08	9.59E-01
17.08	9.59E-01
17.08	9.59E-01
17.08	9.59E-01
17.08	9.59E-01
17.08	9.59E-01
17.09	9.59E-01
17.09	9.59E-01
17.09	9.59E-01
17.09	9.59E-01
17.09	9.59E-01
17.09	9.59E-01
17.09	9.59E-01
17.09	9.59E-01
17.09	9.59E-01
17.09	9.59E-01
17.09	9.59E-01
17.09	9.59E-01
17.09	9.59E-01
17.09	9.59E-01
17.09	9.59E-01
17.09	9.59E-01
17.09	9.59E-01
17.09	9.59E-01
17.09	9.59E-01
17.09	9.59E-01
17.1	9.59E-01
17.1	9.59E-01
17.1	9.59E-01
17.1	9.59E-01
17.1	9.59E-01
17.1	9.59E-01
17.1	9.59E-01
17.1	9.59E-01
17.1	9.59E-01
17.1	9.59E-01
17.1	9.59E-01
17.1	9.59E-01
17.1	9.59E-01
17.1	9.59E-01
17.1	9.59E-01
17.1	9.59E-01
17.1	9.59E-01
17.1	9.59E-01
17.1	9.59E-01
17.1	9.59E-01
17.11	9.59E-01
17.11	9.59E-01
17.11	9.59E-01
17.11	9.59E-01
17.11	9.59E-01
17.11	9.59E-01
17.11	9.59E-01
17.11	9.59E-01
17.11	9.59E-01
17.11	9.59E-01
17.11	9.59E-01
17.11	9.59E-01
17.11	9.59E-01
17.11	9.59E-01
17.11	9.59E-01
17.11	9.59E-01
17.11	9.59E-01
17.11	9.59E-01
17.11	9.59E-01
17.11	9.59E-01
17.12	9.59E-01
17.12	9.59E-01
17.12	9.59E-01
17.12	9.59E-01
17.12	9.59E-01
17.12	9.59E-01
17.12	9.59E-01
17.12	9.59E-01
17.12	9.59E-01
17.12	9.59E-01
17.12	9.59E-01
17.12	9.59E-01
17.12	9.59E-01
17.12	9.59E-01
17.12	9.59E-01
17.12	9.59E-01
17.12	9.59E-01
17.12	9.59E-01
17.12	9.59E-01
17.12	9.59E-01
17.13	9.59E-01
17.13	9.59E-01
17.13	9.59E-01
17.13	9.59E-01
17.13	9.59E-01
17.13	9.59E-01
17.13	9.59E-01
17.13	9.59E-01
17.13	9.59E-01
17.13	9.59E-01
17.13	9.59E-01
17.13	9.59E-01
17.13	9.59E-01
17.13	9.59E-01
17.13	9.59E-01
17.13	9.59E-01
17.13	9.59E-01
17.13	9.59E-01
17.13	9.59E-01
17.14	9.59E-01
17.14	9.59E-01
17.14	9.59E-01
17.14	9.59E-01
17.14	9.59E-01
17.14	9.59E-01
17.14	9.59E-01
17.14	9.59E-01
17.14	9.59E-01
17.14	9.59E-01
17.14	9.59E-01
17.14	9.59E-01
17.14	9.59E-01
17.14	9.59E-01
17.14	9.59E-01
17.14	9.59E-01
17.14	9.59E-01
17.14	9.59E-01
17.14	9.59E-01
17.14	9.59E-01
17.15	9.59E-01
17.15	9.59E-01
17.15	9.59E-01
17.15	9.59E-01
17.15	9.59E-01
17.15	9.59E-01
17.15	9.59E-01
17.15	9.59E-01
17.15	9.59E-01
17.15	9.59E-01
17.15	9.59E-01
17.15	9.59E-01
17.15	9.59E-01
17.15	9.59E-01
17.15	9.59E-01
17.15	9.59E-01
17.15	9.59E-01
17.15	9.59E-01
17.15	9.59E-01
17.15	9.59E-01
17.16	9.59E-01
17.16	9.59E-01
17.16	9.59E-01
17.16	9.59E-01
17.16	9.59E-01
17.16	9.59E-01
17.16	9.59E-01
17.16	9.59E-01
17.16	9.59E-01
17.16	9.59E-01
17.16	9.59E-01
17.16	9.59E-01
17.16	9.59E-01
17.16	9.59E-01
17.16	9.59E-01
17.16	9.59E-01
17.16	9.59E-01
17.16	9.59E-01
17.16	9.59E-01
17.16	9.59E-01
17.17	9.59E-01
17.17	9.59E-01
17.17	9.59E-01
17.17	9.59E-01
17.17	9.59E-01
17.17	9.59E-01
17.17	9.59E-01
17.17	9.59E-01
17.17	9.59E-01
17.17	9.59E-01
17.17	9.59E-01
17.17	9.59E-01
17.17	9.59E-01
17.17	9.59E-01
17.17	9.59E-01
17.17	9.59E-01
17.17	9.59E-01
17.17	9.59E-01
17.17	9.59E-01
17.17	9.59E-01
17.17	9.59E-01
17.18	9.59E-01
17.18	9.59E-01
17.18	9.59E-01
17.18	9.59E-01
17.18	9.59E-01
17.18	9.59E-01
17.18	9.59E-01
17.18	9.59E-01
17.18	9.59E-01
17.18	9.59E-01
17.18	9.59E-01
17.18	9.59E-01
17.18	9.59E-01
17.18	9.59E-01
17.18	9.59E-01
17.18	9.59E-01
17.18	9.59E-01
17.18	9.59E-01
17.18	9.59E-01
17.18	9.59E-01
17.19	9.59E-01
17.19	9.59E-01
17.19	9.59E-01
17.19	9.59E-01
17.19	9.59E-01
17.19	9.59E-01
17.19	9.59E-01
17.19	9.59E-01
17.19	9.59E-01
17.19	9.59E-01
17.19	9.59E-01
17.19	9.59E-01
17.19	9.59E-01
17.19	9.59E-01
17.19	9.59E-01
17.19	9.59E-01
17.19	9.59E-01
17.19	9.59E-01
17.19	9.59E-01
17.19	9.59E-01
17.2	9.59E-01
17.2	9.59E-01
17.2	9.59E-01
17.2	9.59E-01
17.2	9.59E-01
17.2	9.59E-01
17.2	9.59E-01
17.2	9.59E-01
17.2	9.59E-01
17.2	9.59E-01
17.2	9.59E-01
17.2	9.59E-01
17.2	9.59E-01
17.2	9.59E-01
17.2	9.59E-01
17.2	9.59E-01
17.2	9.59E-01
17.2	9.59E-01
17.2	9.59E-01
17.2	9.59E-01
17.21	9.59E-01
17.21	9.59E-01
17.21	9.59E-01
17.21	9.59E-01
17.21	9.59E-01
17.21	9.59E-01
17.21	9.59E-01
17.21	9.59E-01
17.21	9.59E-01
17.21	9.59E-01
17.21	9.59E-01
17.21	9.59E-01
17.21	9.59E-01
17.21	9.59E-01
17.21	9.59E-01
17.21	9.59E-01
17.21	9.59E-01
17.21	9.59E-01
17.21	9.59E-01
17.22	9.59E-01
17.22	9.59E-01
17.22	9.59E-01
17.22	9.59E-01
17.22	9.59E-01
17.22	9.59E-01
17.22	9.59E-01
17.22	9.59E-01
17.22	9.59E-01
17.22	9.59E-01
17.22	9.59E-01
17.22	9.59E-01
17.22	9.59E-01
17.22	9.59E-01
17.22	9.59E-01
17.22	9.59E-01
17.22	9.59E-01
17.22	9.59E-01
17.22	9.59E-01
17.22	9.59E-01
17.23	9.59E-01
17.23	9.59E-01
17.23	9.59E-01
17.23	9.59E-01
17.23	9.59E-01
17.23	9.59E-01
17.23	9.59E-01
17.23	9.59E-01
17.23	9.59E-01
17.23	9.59E-01
17.23	9.59E-01
17.23	9.59E-01
17.23	9.59E-01
17.23	9.59E-01
17.23	9.59E-01
17.23	9.59E-01
17.23	9.59E-01
17.23	9.59E-01
17.23	9.59E-01
17.23	9.59E-01
17.24	9.59E-01
17.24	9.59E-01
17.24	9.59E-01
17.24	9.59E-01
17.24	9.59E-01
17.24	9.59E-01
17.24	9.59E-01
17.24	9.59E-01
17.24	9.59E-01
17.24	9.59E-01
17.24	9.59E-01
17.24	9.59E-01
17.24	9.59E-01
17.24	9.59E-01
17.24	9.59E-01
17.24	9.59E-01
17.24	9.59E-01
17.24	9.59E-01
17.24	9.59E-01
17.24	9.59E-01
17.25	9.59E-01
17.25	9.59E-01
17.25	9.59E-01
17.25	9.59E-01
17.25	9.59E-01
17.25	9.59E-01
17.25	9.59E-01
17.25	9.59E-01
17.25	9.59E-01
17.25	9.59E-01
17.25	9.59E-01
17.25	9.59E-01
17.25	9.59E-01
17.25	9.59E-01
17.25	9.59E-01
17.25	9.59E-01
17.25	9.59E-01
17.25	9.59E-01
17.25	9.59E-01
17.25	9.59E-01
17.25	9.59E-01
17.26	9.59E-01
17.26	9.59E-01
17.26	9.59E-01
17.26	9.59E-01
17.26	9.59E-01
17.26	9.59E-01
17.26	9.59E-01
17.26	9.59E-01
17.26	9.59E-01
17.26	9.59E-01
17.26	9.59E-01
17.26	9.59E-01
17.26	9.59E-01
17.26	9.59E-01
17.26	9.59E-01
17.26	9.59E-01
17.26	9.59E-01
17.26	9.59E-01
17.26	9.59E-01
17.26	9.59E-01
17.27	9.59E-01
17.27	9.59E-01
17.27	9.59E-01
17.27	9.59E-01
17.27	9.59E-01
17.27	9.59E-01
17.27	9.59E-01
17.27	9.59E-01
17.27	9.59E-01
17.27	9.59E-01
17.27	9.59E-01
17.27	9.59E-01
17.27	9.59E-01
17.27	9.59E-01
17.27	9.59E-01
17.27	9.59E-01
17.27	9.59E-01
17.27	9.59E-01
17.27	9.59E-01
17.27	9.59E-01
17.28	9.59E-01
17.28	9.59E-01
17.28	9.59E-01
17.28	9.59E-01
17.28	9.59E-01
17.28	9.59E-01
17.28	9.59E-01
17.28	9.59E-01
17.28	9.59E-01
17.28	9.59E-01
17.28	9.59E-01
17.28	9.59E-01
17.28	9.59E-01
17.28	9.59E-01
17.28	9.59E-01
17.28	9.59E-01
17.28	9.59E-01
17.28	9.59E-01
17.28	9.59E-01
17.28	9.59E-01
17.29	9.59E-01
17.29	9.59E-01
17.29	9.59E-01
17.29	9.59E-01
17.29	9.59E-01
17.29	9.59E-01
17.29	9.59E-01
17.29	9.59E-01
17.29	9.59E-01
17.29	9.59E-01
17.29	9.59E-01
17.29	9.59E-01
17.29	9.59E-01
17.29	9.59E-01
17.29	9.59E-01
17.29	9.59E-01
17.29	9.59E-01
17.29	9.59E-01
17.29	9.59E-01
17.3	9.59E-01
17.3	9.59E-01
17.3	9.59E-01
17.3	9.59E-01
17.3	9.59E-01
17.3	9.59E-01
17.3	9.59E-01
17.3	9.59E-01
17.3	9.59E-01
17.3	9.59E-01
17.3	9.59E-01
17.3	9.59E-01
17.3	9.59E-01
17.3	9.59E-01
17.3	9.59E-01
17.3	9.59E-01
17.3	9.59E-01
17.3	9.59E-01
17.3	9.59E-01
17.3	9.59E-01
17.31	9.59E-01
17.31	9.59E-01
17.31	9.59E-01
17.31	9.59E-01
17.31	9.59E-01
17.31	9.59E-01
17.31	9.59E-01
17.31	9.59E-01
17.31	9.59E-01
17.31	9.59E-01
17.31	9.59E-01
17.31	9.59E-01
17.31	9.59E-01
17.31	9.59E-01
17.31	9.59E-01
17.31	9.59E-01
17.31	9.59E-01
17.31	9.59E-01
17.31	9.59E-01
17.31	9.59E-01
17.32	9.59E-01
17.32	9.59E-01
17.32	9.59E-01
17.32	9.59E-01
17.32	9.59E-01
17.32	9.59E-01
17.32	9.59E-01
17.32	9.59E-01
17.32	9.59E-01
17.32	9.59E-01
17.32	9.59E-01
17.32	9.59E-01
17.32	9.59E-01
17.32	9.59E-01
17.32	9.59E-01
17.32	9.59E-01
17.32	9.59E-01
17.32	9.59E-01
17.32	9.59E-01
17.32	9.59E-01
17.33	9.59E-01
17.33	9.59E-01
17.33	9.59E-01
17.33	9.59E-01
17.33	9.59E-01
17.33	9.59E-01
17.33	9.59E-01
17.33	9.59E-01
17.33	9.59E-01
17.33	9.59E-01
17.33	9.59E-01
17.33	9.59E-01
17.33	9.59E-01
17.33	9.59E-01
17.33	9.59E-01
17.33	9.59E-01
17.33	9.59E-01
17.33	9.59E-01
17.33	9.59E-01
17.33	9.59E-01
17.33	9.59E-01
17.34	9.59E-01
17.34	9.59E-01
17.34	9.59E-01
17.34	9.59E-01
17.34	9.59E-01
17.34	9.59E-01
17.34	9.59E-01
17.34	9.59E-01
17.34	9.59E-01
17.34	9.59E-01
17.34	9.59E-01
17.34	9.59E-01
17.34	9.59E-01
17.34	9.59E-01
17.34	9.59E-01
17.34	9.59E-01
17.34	9.59E-01
17.34	9.59E-01
17.34	9.59E-01
17.34	9.59E-01
17.35	9.59E-01
17.35	9.59E-01
17.35	9.59E-01
17.35	9.59E-01
17.35	9.59E-01
17.35	9.59E-01
17.35	9.59E-01
17.35	9.59E-01
17.35	9.59E-01
17.35	9.59E-01
17.35	9.59E-01
17.35	9.59E-01
17.35	9.59E-01
17.35	9.59E-01
17.35	9.59E-01
17.35	9.59E-01
17.35	9.59E-01
17.35	9.59E-01
17.35	9.59E-01
17.35	9.59E-01
17.36	9.59E-01
17.36	9.59E-01
17.36	9.59E-01
17.36	9.59E-01
17.36	9.59E-01
17.36	9.59E-01
17.36	9.59E-01
17.36	9.59E-01
17.36	9.59E-01
17.36	9.59E-01
17.36	9.59E-01
17.36	9.59E-01
17.36	9.59E-01
17.36	9.59E-01
17.36	9.59E-01
17.36	9.59E-01
17.36	9.59E-01
17.36	9.59E-01
17.36	9.59E-01
17.36	9.59E-01
17.37	9.59E-01
17.37	9.59E-01
17.37	9.59E-01
17.37	9.59E-01
17.37	9.59E-01
17.37	9.59E-01
17.37	9.59E-01
17.37	9.59E-01
17.37	9.59E-01
17.37	9.59E-01
17.37	9.59E-01
17.37	9.59E-01
17.37	9.59E-01
17.37	9.59E-01
17.37	9.59E-01
17.37	9.59E-01
17.37	9.59E-01
17.37	9.59E-01
17.37	9.59E-01
17.38	9.59E-01
17.38	9.59E-01
17.38	9.59E-01
17.38	9.59E-01
17.38	9.59E-01
17.38	9.59E-01
17.38	9.59E-01
17.38	9.59E-01
17.38	9.59E-01
17.38	9.59E-01
17.38	9.59E-01
17.38	9.59E-01
17.38	9.59E-01
17.38	9.59E-01
17.38	9.59E-01
17.38	9.59E-01
17.38	9.59E-01
17.38	9.59E-01
17.38	9.59E-01
17.38	9.59E-01
17.39	9.59E-01
17.39	9.59E-01
17.39	9.59E-01
17.39	9.59E-01
17.39	9.59E-01
17.39	9.59E-01
17.39	9.59E-01
17.39	9.59E-01
17.39	9.59E-01
17.39	9.59E-01
17.39	9.59E-01
17.39	9.59E-01
17.39	9.59E-01
17.39	9.59E-01
17.39	9.59E-01
17.39	9.59E-01
17.39	9.59E-01
17.39	9.59E-01
17.39	9.59E-01
17.39	9.59E-01
17.4	9.59E-01
17.4	9.59E-01
17.4	9.59E-01
17.4	9.59E-01
17.4	9.59E-01
17.4	9.59E-01
17.4	9.59E-01
17.4	9.59E-01
17.4	9.59E-01
17.4	9.59E-01
17.4	9.59E-01
17.4	9.59E-01
17.4	9.59E-01
17.4	9.59E-01
17.4	9.59E-01
17.4	9.59E-01
17.4	9.59E-01
17.4	9.59E-01
17.4	9.59E-01
17.4	9.59E-01
17.41	9.59E-01
17.41	9.59E-01
17.41	9.59E-01
17.41	9.59E-01
17.41	9.59E-01
17.41	9.59E-01
17.41	9.59E-01
17.41	9.59E-01
17.41	9.59E-01
17.41	9.59E-01
17.41	9.59E-01
17.41	9.59E-01
17.41	9.59E-01
17.41	9.59E-01
17.41	9.59E-01
17.41	9.59E-01
17.41	9.59E-01
17.41	9.59E-01
17.41	9.59E-01
17.41	9.59E-01
17.42	9.59E-01
17.42	9.59E-01
17.42	9.59E-01
17.42	9.59E-01
17.42	9.59E-01
17.42	9.59E-01
17.42	9.59E-01
17.42	9.59E-01
17.42	9.59E-01
17.42	9.59E-01
17.42	9.59E-01
17.42	9.59E-01
17.42	9.59E-01
17.42	9.59E-01
17.42	9.59E-01
17.42	9.59E-01
17.42	9.59E-01
17.42	9.59E-01
17.42	9.59E-01
17.42	9.59E-01
17.42	9.59E-01
17.43	9.59E-01
17.43	9.59E-01
17.43	9.59E-01
17.43	9.59E-01
17.43	9.59E-01
17.43	9.59E-01
17.43	9.59E-01
17.43	9.59E-01
17.43	9.59E-01
17.43	9.59E-01
17.43	9.59E-01
17.43	9.59E-01
17.43	9.59E-01
17.43	9.59E-01
17.43	9.59E-01
17.43	9.59E-01
17.43	9.59E-01
17.43	9.59E-01
17.43	9.59E-01
17.43	9.59E-01
17.44	9.59E-01
17.44	9.59E-01
17.44	9.59E-01
17.44	9.59E-01
17.44	9.59E-01
17.44	9.59E-01
17.44	9.59E-01
17.44	9.59E-01
17.44	9.59E-01
17.44	9.59E-01
17.44	9.59E-01
17.44	9.59E-01
17.44	9.59E-01
17.44	9.59E-01
17.44	9.59E-01
17.44	9.59E-01
17.44	9.59E-01
17.44	9.59E-01
17.44	9.59E-01
17.44	9.59E-01
17.45	9.59E-01
17.45	9.59E-01
17.45	9.59E-01
17.45	9.59E-01
17.45	9.59E-01
17.45	9.59E-01
17.45	9.59E-01
17.45	9.59E-01
17.45	9.59E-01
17.45	9.59E-01
17.45	9.59E-01
17.45	9.59E-01
17.45	9.59E-01
17.45	9.59E-01
17.45	9.59E-01
17.45	9.59E-01
17.45	9.59E-01
17.45	9.59E-01
17.45	9.59E-01
17.45	9.59E-01
17.46	9.59E-01
17.46	9.59E-01
17.46	9.59E-01
17.46	9.59E-01
17.46	9.59E-01
17.46	9.59E-01
17.46	9.59E-01
17.46	9.59E-01
17.46	9.59E-01
17.46	9.59E-01
17.46	9.59E-01
17.46	9.59E-01
17.46	9.59E-01
17.46	9.59E-01
17.46	9.59E-01
17.46	9.59E-01
17.46	9.59E-01
17.46	9.59E-01
17.46	9.59E-01
17.47	9.59E-01
17.47	9.59E-01
17.47	9.59E-01
17.47	9.59E-01
17.47	9.59E-01
17.47	9.59E-01
17.47	9.59E-01
17.47	9.59E-01
17.47	9.59E-01
17.47	9.59E-01
17.47	9.59E-01
17.47	9.59E-01
17.47	9.59E-01
17.47	9.59E-01
17.47	9.59E-01
17.47	9.59E-01
17.47	9.59E-01
17.47	9.59E-01
17.47	9.59E-01
17.47	9.59E-01
17.48	9.59E-01
17.48	9.59E-01
17.48	9.59E-01
17.48	9.59E-01
17.48	9.59E-01
17.48	9.59E-01
17.48	9.59E-01
17.48	9.59E-01
17.48	9.59E-01
17.48	9.59E-01
17.48	9.59E-01
17.48	9.59E-01
17.48	9.59E-01
17.48	9.59E-01
17.48	9.59E-01
17.48	9.59E-01
17.48	9.59E-01
17.48	9.59E-01
17.48	9.59E-01
17.48	9.59E-01
17.49	9.59E-01
17.49	9.59E-01
17.49	9.59E-01
17.49	9.59E-01
17.49	9.59E-01
17.49	9.59E-01
17.49	9.59E-01
17.49	9.59E-01
17.49	9.59E-01
17.49	9.59E-01
17.49	9.59E-01
17.49	9.59E-01
17.49	9.59E-01
17.49	9.59E-01
17.49	9.59E-01
17.49	9.59E-01
17.49	9.59E-01
17.49	9.59E-01
17.49	9.59E-01
17.49	9.59E-01
17.5	9.59E-01
17.5	9.59E-01
17.5	9.59E-01
17.5	9.59E-01
17.5	9.59E-01
17.5	9.59E-01
17.5	9.59E-01
17.5	9.59E-01
17.5	9.59E-01
17.5	9.59E-01
17.5	9.59E-01
17.5	9.59E-01
17.5	9.59E-01
17.5	9.59E-01
17.5	9.59E-01
17.5	9.59E-01
17.5	9.59E-01
17.5	9.59E-01
17.5	9.59E-01
17.5	9.59E-01
17.5	9.59E-01
17.51	9.59E-01
17.51	9.59E-01
17.51	9.59E-01
17.51	9.59E-01
17.51	9.59E-01
17.51	9.59E-01
17.51	9.59E-01
17.51	9.59E-01
17.51	9.59E-01
17.51	9.59E-01
17.51	9.59E-01
17.51	9.59E-01
17.51	9.59E-01
17.51	9.59E-01
17.51	9.59E-01
17.51	9.59E-01
17.51	9.59E-01
17.51	9.59E-01
17.51	9.59E-01
17.51	9.59E-01
17.52	9.59E-01
17.52	9.59E-01
17.52	9.59E-01
17.52	9.59E-01
17.52	9.59E-01
17.52	9.59E-01
17.52	9.59E-01
17.52	9.59E-01
17.52	9.59E-01
17.52	9.59E-01
17.52	9.59E-01
17.52	9.59E-01
17.52	9.59E-01
17.52	9.59E-01
17.52	9.59E-01
17.52	9.59E-01
17.52	9.59E-01
17.52	9.59E-01
17.52	9.59E-01
17.52	9.59E-01
17.53	9.59E-01
17.53	9.59E-01
17.53	9.59E-01
17.53	9.59E-01
17.53	9.59E-01
17.53	9.59E-01
17.53	9.59E-01
17.53	9.59E-01
17.53	9.59E-01
17.53	9.59E-01
17.53	9.59E-01
17.53	9.59E-01
17.53	9.59E-01
17.53	9.59E-01
17.53	9.59E-01
17.53	9.59E-01
17.53	9.59E-01
17.53	9.59E-01
17.53	9.59E-01
17.53	9.59E-01
17.54	9.59E-01
17.54	9.59E-01
17.54	9.59E-01
17.54	9.59E-01
17.54	9.59E-01
17.54	9.59E-01
17.54	9.59E-01
17.54	9.59E-01
17.54	9.59E-01
17.54	9.59E-01
17.54	9.59E-01
17.54	9.59E-01
17.54	9.59E-01
17.54	9.59E-01
17.54	9.59E-01
17.54	9.59E-01
17.54	9.59E-01
17.54	9.59E-01
17.54	9.59E-01
17.55	9.59E-01
17.55	9.59E-01
17.55	9.59E-01
17.55	9.59E-01
17.55	9.59E-01
17.55	9.59E-01
17.55	9.59E-01
17.55	9.59E-01
17.55	9.59E-01
17.55	9.59E-01
17.55	9.59E-01
17.55	9.59E-01
17.55	9.59E-01
17.55	9.59E-01
17.55	9.59E-01
17.55	9.59E-01
17.55	9.59E-01
17.55	9.59E-01
17.55	9.59E-01
17.55	9.59E-01
17.56	9.59E-01
17.56	9.59E-01
17.56	9.59E-01
17.56	9.59E-01
17.56	9.59E-01
17.56	9.59E-01
17.56	9.59E-01
17.56	9.59E-01
17.56	9.59E-01
17.56	9.59E-01
17.56	9.59E-01
17.56	9.59E-01
17.56	9.59E-01
17.56	9.59E-01
17.56	9.59E-01
17.56	9.59E-01
17.56	9.59E-01
17.56	9.59E-01
17.56	9.59E-01
17.56	9.59E-01
17.57	9.59E-01
17.57	9.59E-01
17.57	9.59E-01
17.57	9.59E-01
17.57	9.59E-01
17.57	9.59E-01
17.57	9.59E-01
17.57	9.59E-01
17.57	9.59E-01
17.57	9.59E-01
17.57	9.59E-01
17.57	9.59E-01
17.57	9.59E-01
17.57	9.59E-01
17.57	9.59E-01
17.57	9.59E-01
17.57	9.59E-01
17.57	9.59E-01
17.57	9.59E-01
17.57	9.59E-01
17.58	9.59E-01
17.58	9.59E-01
17.58	9.59E-01
17.58	9.59E-01
17.58	9.59E-01
17.58	9.59E-01
17.58	9.59E-01
17.58	9.59E-01
17.58	9.59E-01
17.58	9.59E-01
17.58	9.59E-01
17.58	9.59E-01
17.58	9.59E-01
17.58	9.59E-01
17.58	9.59E-01
17.58	9.59E-01
17.58	9.59E-01
17.58	9.59E-01
17.58	9.59E-01
17.58	9.59E-01
17.58	9.59E-01
17.59	9.59E-01
17.59	9.59E-01
17.59	9.59E-01
17.59	9.59E-01
17.59	9.59E-01
17.59	9.59E-01
17.59	9.59E-01
17.59	9.59E-01
17.59	9.59E-01
17.59	9.59E-01
17.59	9.59E-01
17.59	9.59E-01
17.59	9.59E-01
17.59	9.59E-01
17.59	9.59E-01
17.59	9.59E-01
17.59	9.59E-01
17.59	9.59E-01
17.59	9.59E-01
17.59	9.59E-01
17.6	9.59E-01
17.6	9.59E-01
17.6	9.59E-01
17.6	9.59E-01
17.6	9.59E-01
17.6	9.59E-01
17.6	9.59E-01
17.6	9.59E-01
17.6	9.59E-01
17.6	9.59E-01
17.6	9.59E-01
17.6	9.59E-01
17.6	9.59E-01
17.6	9.59E-01
17.6	9.59E-01
17.6	9.59E-01
17.6	9.59E-01
17.6	9.59E-01
17.6	9.59E-01
17.6	9.59E-01
17.61	9.59E-01
17.61	9.59E-01
17.61	9.59E-01
17.61	9.59E-01
17.61	9.59E-01
17.61	9.59E-01
17.61	9.59E-01
17.61	9.59E-01
17.61	9.59E-01
17.61	9.59E-01
17.61	9.59E-01
17.61	9.59E-01
17.61	9.59E-01
17.61	9.59E-01
17.61	9.59E-01
17.61	9.59E-01
17.61	9.59E-01
17.61	9.59E-01
17.61	9.59E-01
17.61	9.59E-01
17.62	9.59E-01
17.62	9.59E-01
17.62	9.59E-01
17.62	9.59E-01
17.62	9.59E-01
17.62	9.59E-01
17.62	9.59E-01
17.62	9.59E-01
17.62	9.59E-01
17.62	9.59E-01
17.62	9.59E-01
17.62	9.59E-01
17.62	9.59E-01
17.62	9.59E-01
17.62	9.59E-01
17.62	9.59E-01
17.62	9.59E-01
17.62	9.59E-01
17.62	9.59E-01
17.62	9.59E-01
17.63	9.59E-01
17.63	9.59E-01
17.63	9.59E-01
17.63	9.59E-01
17.63	9.59E-01
17.63	9.59E-01
17.63	9.59E-01
17.63	9.59E-01
17.63	9.59E-01
17.63	9.59E-01
17.63	9.59E-01
17.63	9.59E-01
17.63	9.59E-01
17.63	9.59E-01
17.63	9.59E-01
17.63	9.59E-01
17.63	9.59E-01
17.63	9.59E-01
17.63	9.59E-01
17.64	9.59E-01
17.64	9.59E-01
17.64	9.59E-01
17.64	9.59E-01
17.64	9.59E-01
17.64	9.59E-01
17.64	9.59E-01
17.64	9.59E-01
17.64	9.59E-01
17.64	9.59E-01
17.64	9.59E-01
17.64	9.59E-01
17.64	9.59E-01
17.64	9.59E-01
17.64	9.59E-01
17.64	9.59E-01
17.64	9.59E-01
17.64	9.59E-01
17.64	9.59E-01
17.64	9.59E-01
17.65	9.59E-01
17.65	9.59E-01
17.65	9.59E-01
17.65	9.59E-01
17.65	9.59E-01
17.65	9.59E-01
17.65	9.59E-01
17.65	9.59E-01
17.65	9.59E-01
17.65	9.59E-01
17.65	9.59E-01
17.65	9.59E-01
17.65	9.59E-01
17.65	9.59E-01
17.65	9.59E-01
17.65	9.59E-01
17.65	9.59E-01
17.65	9.59E-01
17.65	9.59E-01
17.65	9.59E-01
17.66	9.59E-01
17.66	9.59E-01
17.66	9.59E-01
17.66	9.59E-01
17.66	9.59E-01
17.66	9.59E-01
17.66	9.59E-01
17.66	9.59E-01
17.66	9.59E-01
17.66	9.59E-01
17.66	9.59E-01
17.66	9.59E-01
17.66	9.59E-01
17.66	9.59E-01
17.66	9.59E-01
17.66	9.59E-01
17.66	9.59E-01
17.66	9.59E-01
17.66	9.59E-01
17.66	9.59E-01
17.67	9.59E-01
17.67	9.59E-01
17.67	9.59E-01
17.67	9.59E-01
17.67	9.59E-01
17.67	9.59E-01
17.67	9.59E-01
17.67	9.59E-01
17.67	9.59E-01
17.67	9.59E-01
17.67	9.59E-01
17.67	9.59E-01
17.67	9.59E-01
17.67	9.59E-01
17.67	9.59E-01
17.67	9.59E-01
17.67	9.59E-01
17.67	9.59E-01
17.67	9.59E-01
17.67	9.59E-01
17.67	9.59E-01
17.68	9.59E-01
17.68	9.59E-01
17.68	9.59E-01
17.68	9.59E-01
17.68	9.59E-01
17.68	9.59E-01
17.68	9.59E-01
17.68	9.59E-01
17.68	9.59E-01
17.68	9.59E-01
17.68	9.59E-01
17.68	9.59E-01
17.68	9.59E-01
17.68	9.59E-01
17.68	9.59E-01
17.68	9.59E-01
17.68	9.59E-01
17.68	9.59E-01
17.68	9.59E-01
17.68	9.59E-01
17.69	9.59E-01
17.69	9.59E-01
17.69	9.59E-01
17.69	9.59E-01
17.69	9.59E-01
17.69	9.59E-01
17.69	9.59E-01
17.69	9.59E-01
17.69	9.59E-01
17.69	9.59E-01
17.69	9.59E-01
17.69	9.59E-01
17.69	9.59E-01
17.69	9.59E-01
17.69	9.59E-01
17.69	9.59E-01
17.69	9.59E-01
17.69	9.59E-01
17.69	9.59E-01
17.69	9.59E-01
17.7	9.59E-01
17.7	9.59E-01
17.7	9.59E-01
17.7	9.59E-01
17.7	9.59E-01
17.7	9.59E-01
17.7	9.59E-01
17.7	9.59E-01
17.7	9.59E-01
17.7	9.59E-01
17.7	9.59E-01
17.7	9.59E-01
17.7	9.59E-01
17.7	9.59E-01
17.7	9.59E-01
17.7	9.59E-01
17.7	9.59E-01
17.7	9.59E-01
17.7	9.59E-01
17.7	9.59E-01
17.71	9.59E-01
17.71	9.59E-01
17.71	9.59E-01
17.71	9.59E-01
17.71	9.59E-01
17.71	9.59E-01
17.71	9.59E-01
17.71	9.59E-01
17.71	9.59E-01
17.71	9.59E-01
17.71	9.59E-01
17.71	9.59E-01
17.71	9.59E-01
17.71	9.59E-01
17.71	9.59E-01
17.71	9.59E-01
17.71	9.59E-01
17.71	9.59E-01
17.71	9.59E-01
17.72	9.59E-01
17.72	9.59E-01
17.72	9.59E-01
17.72	9.59E-01
17.72	9.59E-01
17.72	9.59E-01
17.72	9.59E-01
17.72	9.59E-01
17.72	9.59E-01
17.72	9.59E-01
17.72	9.59E-01
17.72	9.59E-01
17.72	9.59E-01
17.72	9.59E-01
17.72	9.59E-01
17.72	9.59E-01
17.72	9.59E-01
17.72	9.59E-01
17.72	9.59E-01
17.72	9.59E-01
17.73	9.59E-01
17.73	9.59E-01
17.73	9.59E-01
17.73	9.59E-01
17.73	9.59E-01
17.73	9.59E-01
17.73	9.59E-01
17.73	9.59E-01
17.73	9.59E-01
17.73	9.59E-01
17.73	9.59E-01
17.73	9.59E-01
17.73	9.59E-01
17.73	9.59E-01
17.73	9.59E-01
17.73	9.59E-01
17.73	9.59E-01
17.73	9.59E-01
17.73	9.59E-01
17.73	9.59E-01
17.74	9.59E-01
17.74	9.59E-01
17.74	9.59E-01
17.74	9.59E-01
17.74	9.59E-01
17.74	9.59E-01
17.74	9.59E-01
17.74	9.59E-01
17.74	9.59E-01
17.74	9.59E-01
17.74	9.59E-01
17.74	9.59E-01
17.74	9.59E-01
17.74	9.59E-01
17.74	9.59E-01
17.74	9.59E-01
17.74	9.59E-01
17.74	9.59E-01
17.74	9.59E-01
17.74	9.59E-01
17.75	9.59E-01
17.75	9.59E-01
17.75	9.59E-01
17.75	9.59E-01
17.75	9.59E-01
17.75	9.59E-01
17.75	9.59E-01
17.75	9.59E-01
17.75	9.59E-01
17.75	9.59E-01
17.75	9.59E-01
17.75	9.59E-01
17.75	9.59E-01
17.75	9.59E-01
17.75	9.59E-01
17.75	9.59E-01
17.75	9.59E-01
17.75	9.59E-01
17.75	9.59E-01
17.75	9.59E-01
17.75	9.59E-01
17.76	9.59E-01
17.76	9.59E-01
17.76	9.59E-01
17.76	9.59E-01
17.76	9.59E-01
17.76	9.59E-01
17.76	9.59E-01
17.76	9.59E-01
17.76	9.59E-01
17.76	9.59E-01
17.76	9.59E-01
17.76	9.59E-01
17.76	9.59E-01
17.76	9.59E-01
17.76	9.59E-01
17.76	9.59E-01
17.76	9.59E-01
17.76	9.59E-01
17.76	9.59E-01
17.76	9.59E-01
17.77	9.59E-01
17.77	9.59E-01
17.77	9.59E-01
17.77	9.59E-01
17.77	9.59E-01
17.77	9.59E-01
17.77	9.59E-01
17.77	9.59E-01
17.77	9.59E-01
17.77	9.59E-01
17.77	9.59E-01
17.77	9.59E-01
17.77	9.59E-01
17.77	9.59E-01
17.77	9.59E-01
17.77	9.59E-01
17.77	9.59E-01
17.77	9.59E-01
17.77	9.59E-01
17.77	9.59E-01
17.78	9.59E-01
17.78	9.59E-01
17.78	9.59E-01
17.78	9.59E-01
17.78	9.59E-01
17.78	9.59E-01
17.78	9.59E-01
17.78	9.59E-01
17.78	9.59E-01
17.78	9.59E-01
17.78	9.59E-01
17.78	9.59E-01
17.78	9.59E-01
17.78	9.59E-01
17.78	9.59E-01
17.78	9.59E-01
17.78	9.59E-01
17.78	9.59E-01
17.78	9.59E-01
17.78	9.59E-01
17.79	9.59E-01
17.79	9.59E-01
17.79	9.59E-01
17.79	9.59E-01
17.79	9.59E-01
17.79	9.59E-01
17.79	9.59E-01
17.79	9.59E-01
17.79	9.59E-01
17.79	9.59E-01
17.79	9.59E-01
17.79	9.59E-01
17.79	9.59E-01
17.79	9.59E-01
17.79	9.59E-01
17.79	9.59E-01
17.79	9.59E-01
17.79	9.59E-01
17.79	9.59E-01
17.8	9.59E-01
17.8	9.59E-01
17.8	9.59E-01
17.8	9.59E-01
17.8	9.59E-01
17.8	9.59E-01
17.8	9.59E-01
17.8	9.59E-01
17.8	9.59E-01
17.8	9.59E-01
17.8	9.59E-01
17.8	9.59E-01
17.8	9.59E-01
17.8	9.59E-01
17.8	9.59E-01
17.8	9.59E-01
17.8	9.59E-01
17.8	9.59E-01
17.8	9.59E-01
17.8	9.59E-01
17.81	9.59E-01
17.81	9.59E-01
17.81	9.59E-01
17.81	9.59E-01
17.81	9.59E-01
17.81	9.59E-01
17.81	9.59E-01
17.81	9.59E-01
17.81	9.59E-01
17.81	9.59E-01
17.81	9.59E-01
17.81	9.59E-01
17.81	9.59E-01
17.81	9.59E-01
17.81	9.59E-01
17.81	9.59E-01
17.81	9.59E-01
17.81	9.59E-01
17.81	9.59E-01
17.81	9.59E-01
17.82	9.59E-01
17.82	9.59E-01
17.82	9.59E-01
17.82	9.59E-01
17.82	9.59E-01
17.82	9.59E-01
17.82	9.59E-01
17.82	9.59E-01
17.82	9.59E-01
17.82	9.59E-01
17.82	9.59E-01
17.82	9.59E-01
17.82	9.59E-01
17.82	9.59E-01
17.82	9.59E-01
17.82	9.59E-01
17.82	9.59E-01
17.82	9.59E-01
17.82	9.59E-01
17.82	9.59E-01
17.83	9.59E-01
17.83	9.59E-01
17.83	9.59E-01
17.83	9.59E-01
17.83	9.59E-01
17.83	9.59E-01
17.83	9.59E-01
17.83	9.59E-01
17.83	9.59E-01
17.83	9.59E-01
17.83	9.59E-01
17.83	9.59E-01
17.83	9.59E-01
17.83	9.59E-01
17.83	9.59E-01
17.83	9.59E-01
17.83	9.59E-01
17.83	9.59E-01
17.83	9.59E-01
17.83	9.59E-01
17.83	9.59E-01
17.84	9.59E-01
17.84	9.59E-01
17.84	9.59E-01
17.84	9.59E-01
17.84	9.59E-01
17.84	9.59E-01
17.84	9.59E-01
17.84	9.59E-01
17.84	9.59E-01
17.84	9.59E-01
17.84	9.59E-01
17.84	9.59E-01
17.84	9.59E-01
17.84	9.59E-01
17.84	9.59E-01
17.84	9.59E-01
17.84	9.59E-01
17.84	9.59E-01
17.84	9.59E-01
17.84	9.59E-01
17.85	9.59E-01
17.85	9.59E-01
17.85	9.59E-01
17.85	9.59E-01
17.85	9.59E-01
17.85	9.59E-01
17.85	9.59E-01
17.85	9.59E-01
17.85	9.59E-01
17.85	9.59E-01
17.85	9.59E-01
17.85	9.59E-01
17.85	9.59E-01
17.85	9.59E-01
17.85	9.59E-01
17.85	9.59E-01
17.85	9.59E-01
17.85	9.59E-01
17.85	9.59E-01
17.85	9.59E-01
17.86	9.59E-01
17.86	9.59E-01
17.86	9.59E-01
17.86	9.59E-01
17.86	9.59E-01
17.86	9.59E-01
17.86	9.59E-01
17.86	9.59E-01
17.86	9.59E-01
17.86	9.59E-01
17.86	9.59E-01
17.86	9.59E-01
17.86	9.59E-01
17.86	9.59E-01
17.86	9.59E-01
17.86	9.59E-01
17.86	9.59E-01
17.86	9.59E-01
17.86	9.59E-01
17.86	9.59E-01
17.87	9.59E-01
17.87	9.59E-01
17.87	9.59E-01
17.87	9.59E-01
17.87	9.59E-01
17.87	9.59E-01
17.87	9.59E-01
17.87	9.59E-01
17.87	9.59E-01
17.87	9.59E-01
17.87	9.59E-01
17.87	9.59E-01
17.87	9.59E-01
17.87	9.59E-01
17.87	9.59E-01
17.87	9.59E-01
17.87	9.59E-01
17.87	9.59E-01
17.87	9.59E-01
17.88	9.59E-01
17.88	9.59E-01
17.88	9.59E-01
17.88	9.59E-01
17.88	9.59E-01
17.88	9.59E-01
17.88	9.59E-01
17.88	9.59E-01
17.88	9.59E-01
17.88	9.59E-01
17.88	9.59E-01
17.88	9.59E-01
17.88	9.59E-01
17.88	9.59E-01
17.88	9.59E-01
17.88	9.59E-01
17.88	9.59E-01
17.88	9.59E-01
17.88	9.59E-01
17.88	9.59E-01
17.89	9.59E-01
17.89	9.59E-01
17.89	9.59E-01
17.89	9.59E-01
17.89	9.59E-01
17.89	9.59E-01
17.89	9.59E-01
17.89	9.59E-01
17.89	9.59E-01
17.89	9.59E-01
17.89	9.59E-01
17.89	9.59E-01
17.89	9.59E-01
17.89	9.59E-01
17.89	9.59E-01
17.89	9.59E-01
17.89	9.59E-01
17.89	9.59E-01
17.89	9.59E-01
17.89	9.59E-01
17.9	9.59E-01
17.9	9.59E-01
17.9	9.59E-01
17.9	9.59E-01
17.9	9.59E-01
17.9	9.59E-01
17.9	9.59E-01
17.9	9.59E-01
17.9	9.59E-01
17.9	9.59E-01
17.9	9.59E-01
17.9	9.59E-01
17.9	9.59E-01
17.9	9.59E-01
17.9	9.59E-01
17.9	9.59E-01
17.9	9.59E-01
17.9	9.59E-01
17.9	9.59E-01
17.9	9.59E-01
17.91	9.59E-01
17.91	9.59E-01
17.91	9.59E-01
17.91	9.59E-01
17.91	9.59E-01
17.91	9.59E-01
17.91	9.59E-01
17.91	9.59E-01
17.91	9.59E-01
17.91	9.59E-01
17.91	9.59E-01
17.91	9.59E-01
17.91	9.59E-01
17.91	9.59E-01
17.91	9.59E-01
17.91	9.59E-01
17.91	9.59E-01
17.91	9.59E-01
17.91	9.59E-01
17.91	9.59E-01
17.92	9.59E-01
17.92	9.59E-01
17.92	9.59E-01
17.92	9.59E-01
17.92	9.59E-01
17.92	9.59E-01
17.92	9.59E-01
17.92	9.59E-01
17.92	9.59E-01
17.92	9.59E-01
17.92	9.59E-01
17.92	9.59E-01
17.92	9.59E-01
17.92	9.59E-01
17.92	9.59E-01
17.92	9.59E-01
17.92	9.59E-01
17.92	9.59E-01
17.92	9.59E-01
17.92	9.59E-01
17.92	9.59E-01
17.93	9.59E-01
17.93	9.59E-01
17.93	9.59E-01
17.93	9.59E-01
17.93	9.59E-01
17.93	9.59E-01
17.93	9.59E-01
17.93	9.59E-01
17.93	9.59E-01
17.93	9.59E-01
17.93	9.59E-01
17.93	9.59E-01
17.93	9.59E-01
17.93	9.59E-01
17.93	9.59E-01
17.93	9.59E-01
17.93	9.59E-01
17.93	9.59E-01
17.93	9.59E-01
17.93	9.59E-01
17.94	9.59E-01
17.94	9.59E-01
17.94	9.59E-01
17.94	9.59E-01
17.94	9.59E-01
17.94	9.59E-01
17.94	9.59E-01
17.94	9.59E-01
17.94	9.59E-01
17.94	9.59E-01
17.94	9.59E-01
17.94	9.59E-01
17.94	9.59E-01
17.94	9.59E-01
17.94	9.59E-01
17.94	9.59E-01
17.94	9.59E-01
17.94	9.59E-01
17.94	9.59E-01
17.94	9.59E-01
17.95	9.59E-01
17.95	9.59E-01
17.95	9.59E-01
17.95	9.59E-01
17.95	9.59E-01
17.95	9.59E-01
17.95	9.59E-01
17.95	9.59E-01
17.95	9.59E-01
17.95	9.59E-01
17.95	9.59E-01
17.95	9.59E-01
17.95	9.59E-01
17.95	9.59E-01
17.95	9.59E-01
17.95	9.59E-01
17.95	9.59E-01
17.95	9.59E-01
17.95	9.59E-01
17.95	9.59E-01
17.96	9.59E-01
17.96	9.59E-01
17.96	9.59E-01
17.96	9.59E-01
17.96	9.59E-01
17.96	9.59E-01
17.96	9.59E-01
17.96	9.59E-01
17.96	9.59E-01
17.96	9.59E-01
17.96	9.59E-01
17.96	9.59E-01
17.96	9.59E-01
17.96	9.59E-01
17.96	9.59E-01
17.96	9.59E-01
17.96	9.59E-01
17.96	9.59E-01
17.96	9.59E-01
17.97	9.59E-01
17.97	9.59E-01
17.97	9.59E-01
17.97	9.59E-01
17.97	9.59E-01
17.97	9.59E-01
17.97	9.59E-01
17.97	9.59E-01
17.97	9.59E-01
17.97	9.59E-01
17.97	9.59E-01
17.97	9.59E-01
17.97	9.59E-01
17.97	9.59E-01
17.97	9.59E-01
17.97	9.59E-01
17.97	9.59E-01
17.97	9.59E-01
17.97	9.59E-01
17.97	9.59E-01
17.98	9.59E-01
17.98	9.59E-01
17.98	9.59E-01
17.98	9.59E-01
17.98	9.59E-01
17.98	9.59E-01
17.98	9.59E-01
17.98	9.59E-01
17.98	9.59E-01
17.98	9.59E-01
17.98	9.59E-01
17.98	9.59E-01
17.98	9.59E-01
17.98	9.59E-01
17.98	9.59E-01
17.98	9.59E-01
17.98	9.59E-01
17.98	9.59E-01
17.98	9.59E-01
17.98	9.59E-01
17.99	9.59E-01
17.99	9.59E-01
17.99	9.59E-01
17.99	9.59E-01
17.99	9.59E-01
17.99	9.59E-01
17.99	9.59E-01
17.99	9.59E-01
17.99	9.59E-01
17.99	9.59E-01
17.99	9.59E-01
17.99	9.59E-01
17.99	9.59E-01
17.99	9.59E-01
17.99	9.59E-01
17.99	9.59E-01
17.99	9.59E-01
17.99	9.59E-01
17.99	9.59E-01
17.99	9.59E-01
18	9.59E-01
18	9.59E-01
18	9.59E-01
18	9.59E-01
18	9.59E-01
18	9.59E-01
18	9.59E-01
18	9.59E-01
18	9.59E-01
18	9.59E-01
18	9.59E-01
18	9.59E-01
18	9.59E-01
18	9.59E-01
18	9.59E-01
18	9.59E-01
18	9.59E-01
18	9.59E-01
18	9.59E-01
18	9.59E-01
18	9.59E-01
18.01	9.59E-01
18.01	9.59E-01
18.01	9.59E-01
18.01	9.59E-01
18.01	9.59E-01
18.01	9.59E-01
18.01	9.59E-01
18.01	9.59E-01
18.01	9.59E-01
18.01	9.59E-01
18.01	9.59E-01
18.01	9.59E-01
18.01	9.59E-01
18.01	9.59E-01
18.01	9.59E-01
18.01	9.59E-01
18.01	9.59E-01
18.01	9.59E-01
18.01	9.59E-01
18.01	9.59E-01
18.02	9.59E-01
18.02	9.59E-01
18.02	9.59E-01
18.02	9.59E-01
18.02	9.59E-01
18.02	9.59E-01
18.02	9.59E-01
18.02	9.59E-01
18.02	9.59E-01
18.02	9.59E-01
18.02	9.59E-01
18.02	9.59E-01
18.02	9.59E-01
18.02	9.59E-01
18.02	9.59E-01
18.02	9.59E-01
18.02	9.59E-01
18.02	9.59E-01
18.02	9.59E-01
18.02	9.59E-01
18.03	9.59E-01
18.03	9.59E-01
18.03	9.59E-01
18.03	9.59E-01
18.03	9.59E-01
18.03	9.59E-01
18.03	9.59E-01
18.03	9.59E-01
18.03	9.59E-01
18.03	9.59E-01
18.03	9.59E-01
18.03	9.59E-01
18.03	9.59E-01
18.03	9.59E-01
18.03	9.59E-01
18.03	9.59E-01
18.03	9.59E-01
18.03	9.59E-01
18.03	9.59E-01
18.03	9.59E-01
18.04	9.59E-01
18.04	9.59E-01
18.04	9.59E-01
18.04	9.59E-01
18.04	9.59E-01
18.04	9.59E-01
18.04	9.59E-01
18.04	9.59E-01
18.04	9.59E-01
18.04	9.59E-01
18.04	9.59E-01
18.04	9.59E-01
18.04	9.59E-01
18.04	9.59E-01
18.04	9.59E-01
18.04	9.59E-01
18.04	9.59E-01
18.04	9.59E-01
18.04	9.59E-01
18.05	9.59E-01
18.05	9.59E-01
18.05	9.59E-01
18.05	9.59E-01
18.05	9.59E-01
18.05	9.59E-01
18.05	9.59E-01
18.05	9.59E-01
18.05	9.59E-01
18.05	9.59E-01
18.05	9.59E-01
18.05	9.59E-01
18.05	9.59E-01
18.05	9.59E-01
18.05	9.59E-01
18.05	9.59E-01
18.05	9.59E-01
18.05	9.59E-01
18.05	9.59E-01
18.05	9.59E-01
18.06	9.59E-01
18.06	9.59E-01
18.06	9.59E-01
18.06	9.59E-01
18.06	9.59E-01
18.06	9.59E-01
18.06	9.59E-01
18.06	9.59E-01
18.06	9.59E-01
18.06	9.59E-01
18.06	9.59E-01
18.06	9.59E-01
18.06	9.59E-01
18.06	9.59E-01
18.06	9.59E-01
18.06	9.59E-01
18.06	9.59E-01
18.06	9.59E-01
18.06	9.59E-01
18.06	9.59E-01
18.07	9.59E-01
18.07	9.59E-01
18.07	9.59E-01
18.07	9.59E-01
18.07	9.59E-01
18.07	9.59E-01
18.07	9.59E-01
18.07	9.59E-01
18.07	9.59E-01
18.07	9.59E-01
18.07	9.59E-01
18.07	9.59E-01
18.07	9.59E-01
18.07	9.59E-01
18.07	9.59E-01
18.07	9.59E-01
18.07	9.59E-01
18.07	9.59E-01
18.07	9.59E-01
18.07	9.59E-01
18.08	9.59E-01
18.08	9.59E-01
18.08	9.59E-01
18.08	9.59E-01
18.08	9.59E-01
18.08	9.59E-01
18.08	9.59E-01
18.08	9.59E-01
18.08	9.59E-01
18.08	9.59E-01
18.08	9.59E-01
18.08	9.59E-01
18.08	9.59E-01
18.08	9.59E-01
18.08	9.59E-01
18.08	9.59E-01
18.08	9.59E-01
18.08	9.59E-01
18.08	9.59E-01
18.08	9.59E-01
18.08	9.59E-01
18.09	9.59E-01
18.09	9.59E-01
18.09	9.59E-01
18.09	9.59E-01
18.09	9.59E-01
18.09	9.59E-01
18.09	9.59E-01
18.09	9.59E-01
18.09	9.59E-01
18.09	9.59E-01
18.09	9.59E-01
18.09	9.59E-01
18.09	9.59E-01
18.09	9.59E-01
18.09	9.59E-01
18.09	9.59E-01
18.09	9.59E-01
18.09	9.59E-01
18.09	9.59E-01
18.09	9.59E-01
18.1	9.59E-01
18.1	9.59E-01
18.1	9.59E-01
18.1	9.59E-01
18.1	9.59E-01
18.1	9.59E-01
18.1	9.59E-01
18.1	9.59E-01
18.1	9.59E-01
18.1	9.59E-01
18.1	9.59E-01
18.1	9.59E-01
18.1	9.59E-01
18.1	9.59E-01
18.1	9.59E-01
18.1	9.59E-01
18.1	9.59E-01
18.1	9.59E-01
18.1	9.59E-01
18.1	9.59E-01
18.11	9.59E-01
18.11	9.59E-01
18.11	9.59E-01
18.11	9.59E-01
18.11	9.59E-01
18.11	9.59E-01
18.11	9.59E-01
18.11	9.59E-01
18.11	9.59E-01
18.11	9.59E-01
18.11	9.59E-01
18.11	9.59E-01
18.11	9.59E-01
18.11	9.59E-01
18.11	9.59E-01
18.11	9.59E-01
18.11	9.59E-01
18.11	9.59E-01
18.11	9.59E-01
18.11	9.59E-01
18.12	9.59E-01
18.12	9.59E-01
18.12	9.59E-01
18.12	9.59E-01
18.12	9.59E-01
18.12	9.59E-01
18.12	9.59E-01
18.12	9.59E-01
18.12	9.59E-01
18.12	9.59E-01
18.12	9.59E-01
18.12	9.59E-01
18.12	9.59E-01
18.12	9.59E-01
18.12	9.59E-01
18.12	9.59E-01
18.12	9.59E-01
18.12	9.59E-01
18.12	9.59E-01
18.12	9.59E-01
18.13	9.59E-01
18.13	9.59E-01
18.13	9.59E-01
18.13	9.59E-01
18.13	9.59E-01
18.13	9.59E-01
18.13	9.59E-01
18.13	9.59E-01
18.13	9.59E-01
18.13	9.59E-01
18.13	9.59E-01
18.13	9.59E-01
18.13	9.59E-01
18.13	9.59E-01
18.13	9.59E-01
18.13	9.59E-01
18.13	9.59E-01
18.13	9.59E-01
18.13	9.59E-01
18.14	9.59E-01
18.14	9.59E-01
18.14	9.59E-01
18.14	9.59E-01
18.14	9.59E-01
18.14	9.59E-01
18.14	9.59E-01
18.14	9.59E-01
18.14	9.59E-01
18.14	9.59E-01
18.14	9.59E-01
18.14	9.59E-01
18.14	9.59E-01
18.14	9.59E-01
18.14	9.59E-01
18.14	9.59E-01
18.14	9.59E-01
18.14	9.59E-01
18.14	9.59E-01
18.14	9.59E-01
18.15	9.59E-01
18.15	9.59E-01
18.15	9.59E-01
18.15	9.59E-01
18.15	9.59E-01
18.15	9.59E-01
18.15	9.59E-01
18.15	9.59E-01
18.15	9.59E-01
18.15	9.59E-01
18.15	9.59E-01
18.15	9.59E-01
18.15	9.59E-01
18.15	9.59E-01
18.15	9.59E-01
18.15	9.59E-01
18.15	9.59E-01
18.15	9.59E-01
18.15	9.59E-01
18.15	9.59E-01
18.16	9.59E-01
18.16	9.59E-01
18.16	9.59E-01
18.16	9.59E-01
18.16	9.59E-01
18.16	9.59E-01
18.16	9.59E-01
18.16	9.59E-01
18.16	9.59E-01
18.16	9.59E-01
18.16	9.59E-01
18.16	9.59E-01
18.16	9.59E-01
18.16	9.59E-01
18.16	9.59E-01
18.16	9.59E-01
18.16	9.59E-01
18.16	9.59E-01
18.16	9.59E-01
18.16	9.59E-01
18.17	9.59E-01
18.17	9.59E-01
18.17	9.59E-01
18.17	9.59E-01
18.17	9.59E-01
18.17	9.59E-01
18.17	9.59E-01
18.17	9.59E-01
18.17	9.59E-01
18.17	9.59E-01
18.17	9.59E-01
18.17	9.59E-01
18.17	9.59E-01
18.17	9.59E-01
18.17	9.59E-01
18.17	9.59E-01
18.17	9.59E-01
18.17	9.59E-01
18.17	9.59E-01
18.17	9.59E-01
18.17	9.59E-01
18.18	9.59E-01
18.18	9.59E-01
18.18	9.59E-01
18.18	9.59E-01
18.18	9.59E-01
18.18	9.59E-01
18.18	9.59E-01
18.18	9.59E-01
18.18	9.59E-01
18.18	9.59E-01
18.18	9.59E-01
18.18	9.59E-01
18.18	9.59E-01
18.18	9.59E-01
18.18	9.59E-01
18.18	9.59E-01
18.18	9.59E-01
18.18	9.59E-01
18.18	9.59E-01
18.18	9.59E-01
18.19	9.59E-01
18.19	9.59E-01
18.19	9.59E-01
18.19	9.59E-01
18.19	9.59E-01
18.19	9.59E-01
18.19	9.59E-01
18.19	9.59E-01
18.19	9.59E-01
18.19	9.59E-01
18.19	9.59E-01
18.19	9.59E-01
18.19	9.59E-01
18.19	9.59E-01
18.19	9.59E-01
18.19	9.59E-01
18.19	9.59E-01
18.19	9.59E-01
18.19	9.59E-01
18.19	9.59E-01
18.2	9.59E-01
18.2	9.59E-01
18.2	9.59E-01
18.2	9.59E-01
18.2	9.59E-01
18.2	9.59E-01
18.2	9.59E-01
18.2	9.59E-01
18.2	9.59E-01
18.2	9.59E-01
18.2	9.59E-01
18.2	9.59E-01
18.2	9.59E-01
18.2	9.59E-01
18.2	9.59E-01
18.2	9.59E-01
18.2	9.59E-01
18.2	9.59E-01
18.2	9.59E-01
18.2	9.59E-01
18.21	9.59E-01
18.21	9.59E-01
18.21	9.59E-01
18.21	9.59E-01
18.21	9.59E-01
18.21	9.59E-01
18.21	9.59E-01
18.21	9.59E-01
18.21	9.59E-01
18.21	9.59E-01
18.21	9.59E-01
18.21	9.59E-01
18.21	9.59E-01
18.21	9.59E-01
18.21	9.59E-01
18.21	9.59E-01
18.21	9.59E-01
18.21	9.59E-01
18.21	9.59E-01
18.22	9.59E-01
18.22	9.59E-01
18.22	9.59E-01
18.22	9.59E-01
18.22	9.59E-01
18.22	9.59E-01
18.22	9.59E-01
18.22	9.59E-01
18.22	9.59E-01
18.22	9.59E-01
18.22	9.59E-01
18.22	9.59E-01
18.22	9.59E-01
18.22	9.59E-01
18.22	9.59E-01
18.22	9.59E-01
18.22	9.59E-01
18.22	9.59E-01
18.22	9.59E-01
18.22	9.59E-01
18.23	9.59E-01
18.23	9.59E-01
18.23	9.59E-01
18.23	9.59E-01
18.23	9.59E-01
18.23	9.59E-01
18.23	9.59E-01
18.23	9.59E-01
18.23	9.59E-01
18.23	9.59E-01
18.23	9.59E-01
18.23	9.59E-01
18.23	9.59E-01
18.23	9.59E-01
18.23	9.59E-01
18.23	9.59E-01
18.23	9.59E-01
18.23	9.59E-01
18.23	9.59E-01
18.23	9.59E-01
18.24	9.59E-01
18.24	9.59E-01
18.24	9.59E-01
18.24	9.59E-01
18.24	9.59E-01
18.24	9.59E-01
18.24	9.59E-01
18.24	9.59E-01
18.24	9.59E-01
18.24	9.59E-01
18.24	9.59E-01
18.24	9.59E-01
18.24	9.59E-01
18.24	9.59E-01
18.24	9.59E-01
18.24	9.59E-01
18.24	9.59E-01
18.24	9.59E-01
18.24	9.59E-01
18.24	9.59E-01
18.25	9.59E-01
18.25	9.59E-01
18.25	9.59E-01
18.25	9.59E-01
18.25	9.59E-01
18.25	9.59E-01
18.25	9.59E-01
18.25	9.59E-01
18.25	9.59E-01
18.25	9.59E-01
18.25	9.59E-01
18.25	9.59E-01
18.25	9.59E-01
18.25	9.59E-01
18.25	9.59E-01
18.25	9.59E-01
18.25	9.59E-01
18.25	9.59E-01
18.25	9.59E-01
18.25	9.59E-01
18.25	9.59E-01
18.26	9.59E-01
18.26	9.59E-01
18.26	9.59E-01
18.26	9.59E-01
18.26	9.59E-01
18.26	9.59E-01
18.26	9.59E-01
18.26	9.59E-01
18.26	9.59E-01
18.26	9.59E-01
18.26	9.59E-01
18.26	9.59E-01
18.26	9.59E-01
18.26	9.59E-01
18.26	9.59E-01
18.26	9.59E-01
18.26	9.59E-01
18.26	9.59E-01
18.26	9.59E-01
18.26	9.59E-01
18.27	9.59E-01
18.27	9.59E-01
18.27	9.59E-01
18.27	9.59E-01
18.27	9.59E-01
18.27	9.59E-01
18.27	9.59E-01
18.27	9.59E-01
18.27	9.59E-01
18.27	9.59E-01
18.27	9.59E-01
18.27	9.59E-01
18.27	9.59E-01
18.27	9.59E-01
18.27	9.59E-01
18.27	9.59E-01
18.27	9.59E-01
18.27	9.59E-01
18.27	9.59E-01
18.27	9.59E-01
18.28	9.59E-01
18.28	9.59E-01
18.28	9.59E-01
18.28	9.59E-01
18.28	9.59E-01
18.28	9.59E-01
18.28	9.59E-01
18.28	9.59E-01
18.28	9.59E-01
18.28	9.59E-01
18.28	9.59E-01
18.28	9.59E-01
18.28	9.59E-01
18.28	9.59E-01
18.28	9.59E-01
18.28	9.59E-01
18.28	9.59E-01
18.28	9.59E-01
18.28	9.59E-01
18.28	9.59E-01
18.29	9.59E-01
18.29	9.59E-01
18.29	9.59E-01
18.29	9.59E-01
18.29	9.59E-01
18.29	9.59E-01
18.29	9.59E-01
18.29	9.59E-01
18.29	9.59E-01
18.29	9.59E-01
18.29	9.59E-01
18.29	9.59E-01
18.29	9.59E-01
18.29	9.59E-01
18.29	9.59E-01
18.29	9.59E-01
18.29	9.59E-01
18.29	9.59E-01
18.29	9.59E-01
18.3	9.59E-01
18.3	9.59E-01
18.3	9.59E-01
18.3	9.59E-01
18.3	9.59E-01
18.3	9.59E-01
18.3	9.59E-01
18.3	9.59E-01
18.3	9.59E-01
18.3	9.59E-01
18.3	9.59E-01
18.3	9.59E-01
18.3	9.59E-01
18.3	9.59E-01
18.3	9.59E-01
18.3	9.59E-01
18.3	9.59E-01
18.3	9.59E-01
18.3	9.59E-01
18.3	9.59E-01
18.31	9.59E-01
18.31	9.59E-01
18.31	9.59E-01
18.31	9.59E-01
18.31	9.59E-01
18.31	9.59E-01
18.31	9.59E-01
18.31	9.59E-01
18.31	9.59E-01
18.31	9.59E-01
18.31	9.59E-01
18.31	9.59E-01
18.31	9.59E-01
18.31	9.59E-01
18.31	9.59E-01
18.31	9.59E-01
18.31	9.59E-01
18.31	9.59E-01
18.31	9.59E-01
18.31	9.59E-01
18.32	9.59E-01
18.32	9.59E-01
18.32	9.59E-01
18.32	9.59E-01
18.32	9.59E-01
18.32	9.59E-01
18.32	9.59E-01
18.32	9.59E-01
18.32	9.59E-01
18.32	9.59E-01
18.32	9.59E-01
18.32	9.59E-01
18.32	9.59E-01
18.32	9.59E-01
18.32	9.59E-01
18.32	9.59E-01
18.32	9.59E-01
18.32	9.59E-01
18.32	9.59E-01
18.32	9.59E-01
18.33	9.59E-01
18.33	9.59E-01
18.33	9.59E-01
18.33	9.59E-01
18.33	9.59E-01
18.33	9.59E-01
18.33	9.59E-01
18.33	9.59E-01
18.33	9.59E-01
18.33	9.59E-01
18.33	9.59E-01
18.33	9.59E-01
18.33	9.59E-01
18.33	9.59E-01
18.33	9.59E-01
18.33	9.59E-01
18.33	9.59E-01
18.33	9.59E-01
18.33	9.59E-01
18.33	9.59E-01
18.33	9.59E-01
18.34	9.59E-01
18.34	9.59E-01
18.34	9.59E-01
18.34	9.59E-01
18.34	9.59E-01
18.34	9.59E-01
18.34	9.59E-01
18.34	9.59E-01
18.34	9.59E-01
18.34	9.59E-01
18.34	9.59E-01
18.34	9.59E-01
18.34	9.59E-01
18.34	9.59E-01
18.34	9.59E-01
18.34	9.59E-01
18.34	9.59E-01
18.34	9.59E-01
18.34	9.59E-01
18.34	9.59E-01
18.35	9.59E-01
18.35	9.59E-01
18.35	9.59E-01
18.35	9.59E-01
18.35	9.59E-01
18.35	9.59E-01
18.35	9.59E-01
18.35	9.59E-01
18.35	9.59E-01
18.35	9.59E-01
18.35	9.59E-01
18.35	9.59E-01
18.35	9.59E-01
18.35	9.59E-01
18.35	9.59E-01
18.35	9.59E-01
18.35	9.59E-01
18.35	9.59E-01
18.35	9.59E-01
18.35	9.59E-01
18.36	9.59E-01
18.36	9.59E-01
18.36	9.59E-01
18.36	9.59E-01
18.36	9.59E-01
18.36	9.59E-01
18.36	9.59E-01
18.36	9.59E-01
18.36	9.59E-01
18.36	9.59E-01
18.36	9.59E-01
18.36	9.59E-01
18.36	9.59E-01
18.36	9.59E-01
18.36	9.59E-01
18.36	9.59E-01
18.36	9.59E-01
18.36	9.59E-01
18.36	9.59E-01
18.36	9.59E-01
18.37	9.59E-01
18.37	9.59E-01
18.37	9.59E-01
18.37	9.59E-01
18.37	9.59E-01
18.37	9.59E-01
18.37	9.59E-01
18.37	9.59E-01
18.37	9.59E-01
18.37	9.59E-01
18.37	9.59E-01
18.37	9.59E-01
18.37	9.59E-01
18.37	9.59E-01
18.37	9.59E-01
18.37	9.59E-01
18.37	9.59E-01
18.37	9.59E-01
18.37	9.59E-01
18.38	9.59E-01
18.38	9.59E-01
18.38	9.59E-01
18.38	9.59E-01
18.38	9.59E-01
18.38	9.59E-01
18.38	9.59E-01
18.38	9.59E-01
18.38	9.59E-01
18.38	9.59E-01
18.38	9.59E-01
18.38	9.59E-01
18.38	9.59E-01
18.38	9.59E-01
18.38	9.59E-01
18.38	9.59E-01
18.38	9.59E-01
18.38	9.59E-01
18.38	9.59E-01
18.38	9.59E-01
18.39	9.59E-01
18.39	9.59E-01
18.39	9.59E-01
18.39	9.59E-01
18.39	9.59E-01
18.39	9.59E-01
18.39	9.59E-01
18.39	9.59E-01
18.39	9.59E-01
18.39	9.59E-01
18.39	9.59E-01
18.39	9.59E-01
18.39	9.59E-01
18.39	9.59E-01
18.39	9.59E-01
18.39	9.59E-01
18.39	9.59E-01
18.39	9.59E-01
18.39	9.59E-01
18.39	9.59E-01
18.4	9.59E-01
18.4	9.59E-01
18.4	9.59E-01
18.4	9.59E-01
18.4	9.59E-01
18.4	9.59E-01
18.4	9.59E-01
18.4	9.59E-01
18.4	9.59E-01
18.4	9.59E-01
18.4	9.59E-01
18.4	9.59E-01
18.4	9.59E-01
18.4	9.59E-01
18.4	9.59E-01
18.4	9.59E-01
18.4	9.59E-01
18.4	9.59E-01
18.4	9.59E-01
18.4	9.59E-01
18.41	9.59E-01
18.41	9.59E-01
18.41	9.59E-01
18.41	9.59E-01
18.41	9.59E-01
18.41	9.59E-01
18.41	9.59E-01
18.41	9.59E-01
18.41	9.59E-01
18.41	9.59E-01
18.41	9.59E-01
18.41	9.59E-01
18.41	9.59E-01
18.41	9.59E-01
18.41	9.59E-01
18.41	9.59E-01
18.41	9.59E-01
18.41	9.59E-01
18.41	9.59E-01
18.41	9.59E-01
18.42	9.59E-01
18.42	9.59E-01
18.42	9.59E-01
18.42	9.59E-01
18.42	9.59E-01
18.42	9.59E-01
18.42	9.59E-01
18.42	9.59E-01
18.42	9.59E-01
18.42	9.59E-01
18.42	9.59E-01
18.42	9.59E-01
18.42	9.59E-01
18.42	9.59E-01
18.42	9.59E-01
18.42	9.59E-01
18.42	9.59E-01
18.42	9.59E-01
18.42	9.59E-01
18.42	9.59E-01
18.42	9.59E-01
18.43	9.59E-01
18.43	9.59E-01
18.43	9.59E-01
18.43	9.59E-01
18.43	9.59E-01
18.43	9.59E-01
18.43	9.59E-01
18.43	9.59E-01
18.43	9.59E-01
18.43	9.59E-01
18.43	9.59E-01
18.43	9.59E-01
18.43	9.59E-01
18.43	9.59E-01
18.43	9.59E-01
18.43	9.59E-01
18.43	9.59E-01
18.43	9.59E-01
18.43	9.59E-01
18.43	9.59E-01
18.44	9.59E-01
18.44	9.59E-01
18.44	9.59E-01
18.44	9.59E-01
18.44	9.59E-01
18.44	9.59E-01
18.44	9.59E-01
18.44	9.59E-01
18.44	9.59E-01
18.44	9.59E-01
18.44	9.59E-01
18.44	9.59E-01
18.44	9.59E-01
18.44	9.59E-01
18.44	9.59E-01
18.44	9.59E-01
18.44	9.59E-01
18.44	9.59E-01
18.44	9.59E-01
18.44	9.59E-01
18.45	9.59E-01
18.45	9.59E-01
18.45	9.59E-01
18.45	9.59E-01
18.45	9.59E-01
18.45	9.59E-01
18.45	9.59E-01
18.45	9.59E-01
18.45	9.59E-01
18.45	9.59E-01
18.45	9.59E-01
18.45	9.59E-01
18.45	9.59E-01
18.45	9.59E-01
18.45	9.59E-01
18.45	9.59E-01
18.45	9.59E-01
18.45	9.59E-01
18.45	9.59E-01
18.45	9.59E-01
18.46	9.59E-01
18.46	9.59E-01
18.46	9.59E-01
18.46	9.59E-01
18.46	9.59E-01
18.46	9.59E-01
18.46	9.59E-01
18.46	9.59E-01
18.46	9.59E-01
18.46	9.59E-01
18.46	9.59E-01
18.46	9.59E-01
18.46	9.59E-01
18.46	9.59E-01
18.46	9.59E-01
18.46	9.59E-01
18.46	9.59E-01
18.46	9.59E-01
18.46	9.59E-01
18.47	9.59E-01
18.47	9.59E-01
18.47	9.59E-01
18.47	9.59E-01
18.47	9.59E-01
18.47	9.59E-01
18.47	9.59E-01
18.47	9.59E-01
18.47	9.59E-01
18.47	9.59E-01
18.47	9.59E-01
18.47	9.59E-01
18.47	9.59E-01
18.47	9.59E-01
18.47	9.59E-01
18.47	9.59E-01
18.47	9.59E-01
18.47	9.59E-01
18.47	9.59E-01
18.47	9.59E-01
18.48	9.59E-01
18.48	9.59E-01
18.48	9.59E-01
18.48	9.59E-01
18.48	9.59E-01
18.48	9.59E-01
18.48	9.59E-01
18.48	9.59E-01
18.48	9.59E-01
18.48	9.59E-01
18.48	9.59E-01
18.48	9.59E-01
18.48	9.59E-01
18.48	9.59E-01
18.48	9.59E-01
18.48	9.59E-01
18.48	9.59E-01
18.48	9.59E-01
18.48	9.59E-01
18.48	9.59E-01
18.49	9.59E-01
18.49	9.59E-01
18.49	9.59E-01
18.49	9.59E-01
18.49	9.59E-01
18.49	9.59E-01
18.49	9.59E-01
18.49	9.59E-01
18.49	9.59E-01
18.49	9.59E-01
18.49	9.59E-01
18.49	9.59E-01
18.49	9.59E-01
18.49	9.59E-01
18.49	9.59E-01
18.49	9.59E-01
18.49	9.59E-01
18.49	9.59E-01
18.49	9.59E-01
18.49	9.59E-01
18.5	9.59E-01
18.5	9.59E-01
18.5	9.59E-01
18.5	9.59E-01
18.5	9.59E-01
18.5	9.59E-01
18.5	9.59E-01
18.5	9.59E-01
18.5	9.59E-01
18.5	9.59E-01
18.5	9.59E-01
18.5	9.59E-01
18.5	9.59E-01
18.5	9.59E-01
18.5	9.59E-01
18.5	9.59E-01
18.5	9.59E-01
18.5	9.59E-01
18.5	9.59E-01
18.5	9.59E-01
18.5	9.59E-01
18.51	9.59E-01
18.51	9.59E-01
18.51	9.59E-01
18.51	9.59E-01
18.51	9.59E-01
18.51	9.59E-01
18.51	9.59E-01
18.51	9.59E-01
18.51	9.59E-01
18.51	9.59E-01
18.51	9.59E-01
18.51	9.59E-01
18.51	9.59E-01
18.51	9.59E-01
18.51	9.59E-01
18.51	9.59E-01
18.51	9.59E-01
18.51	9.59E-01
18.51	9.59E-01
18.51	9.59E-01
18.52	9.59E-01
18.52	9.59E-01
18.52	9.59E-01
18.52	9.59E-01
18.52	9.59E-01
18.52	9.59E-01
18.52	9.59E-01
18.52	9.59E-01
18.52	9.59E-01
18.52	9.59E-01
18.52	9.59E-01
18.52	9.59E-01
18.52	9.59E-01
18.52	9.59E-01
18.52	9.59E-01
18.52	9.59E-01
18.52	9.59E-01
18.52	9.59E-01
18.52	9.59E-01
18.52	9.59E-01
18.53	9.59E-01
18.53	9.59E-01
18.53	9.59E-01
18.53	9.59E-01
18.53	9.59E-01
18.53	9.59E-01
18.53	9.59E-01
18.53	9.59E-01
18.53	9.59E-01
18.53	9.59E-01
18.53	9.59E-01
18.53	9.59E-01
18.53	9.59E-01
18.53	9.59E-01
18.53	9.59E-01
18.53	9.59E-01
18.53	9.59E-01
18.53	9.59E-01
18.53	9.59E-01
18.53	9.59E-01
18.54	9.59E-01
18.54	9.59E-01
18.54	9.59E-01
18.54	9.59E-01
18.54	9.59E-01
18.54	9.59E-01
18.54	9.59E-01
18.54	9.59E-01
18.54	9.59E-01
18.54	9.59E-01
18.54	9.59E-01
18.54	9.59E-01
18.54	9.59E-01
18.54	9.59E-01
18.54	9.59E-01
18.54	9.59E-01
18.54	9.59E-01
18.54	9.59E-01
18.54	9.59E-01
18.55	9.59E-01
18.55	9.59E-01
18.55	9.59E-01
18.55	9.59E-01
18.55	9.59E-01
18.55	9.59E-01
18.55	9.59E-01
18.55	9.59E-01
18.55	9.59E-01
18.55	9.59E-01
18.55	9.59E-01
18.55	9.59E-01
18.55	9.59E-01
18.55	9.59E-01
18.55	9.59E-01
18.55	9.59E-01
18.55	9.59E-01
18.55	9.59E-01
18.55	9.59E-01
18.55	9.59E-01
18.56	9.59E-01
18.56	9.59E-01
18.56	9.59E-01
18.56	9.59E-01
18.56	9.59E-01
18.56	9.59E-01
18.56	9.59E-01
18.56	9.59E-01
18.56	9.59E-01
18.56	9.59E-01
18.56	9.59E-01
18.56	9.59E-01
18.56	9.59E-01
18.56	9.59E-01
18.56	9.59E-01
18.56	9.59E-01
18.56	9.59E-01
18.56	9.59E-01
18.56	9.59E-01
18.56	9.59E-01
18.57	9.59E-01
18.57	9.59E-01
18.57	9.59E-01
18.57	9.59E-01
18.57	9.59E-01
18.57	9.59E-01
18.57	9.59E-01
18.57	9.59E-01
18.57	9.59E-01
18.57	9.59E-01
18.57	9.59E-01
18.57	9.59E-01
18.57	9.59E-01
18.57	9.59E-01
18.57	9.59E-01
18.57	9.59E-01
18.57	9.59E-01
18.57	9.59E-01
18.57	9.59E-01
18.57	9.59E-01
18.58	9.59E-01
18.58	9.59E-01
18.58	9.59E-01
18.58	9.59E-01
18.58	9.59E-01
18.58	9.59E-01
18.58	9.59E-01
18.58	9.59E-01
18.58	9.59E-01
18.58	9.59E-01
18.58	9.59E-01
18.58	9.59E-01
18.58	9.59E-01
18.58	9.59E-01
18.58	9.59E-01
18.58	9.59E-01
18.58	9.59E-01
18.58	9.59E-01
18.58	9.59E-01
18.58	9.59E-01
18.58	9.59E-01
18.59	9.59E-01
18.59	9.59E-01
18.59	9.59E-01
18.59	9.59E-01
18.59	9.59E-01
18.59	9.59E-01
18.59	9.59E-01
18.59	9.59E-01
18.59	9.59E-01
18.59	9.59E-01
18.59	9.59E-01
18.59	9.59E-01
18.59	9.59E-01
18.59	9.59E-01
18.59	9.59E-01
18.59	9.59E-01
18.59	9.59E-01
18.59	9.59E-01
18.59	9.59E-01
18.59	9.59E-01
18.6	9.59E-01
18.6	9.59E-01
18.6	9.59E-01
18.6	9.59E-01
18.6	9.59E-01
18.6	9.59E-01
18.6	9.59E-01
18.6	9.59E-01
18.6	9.59E-01
18.6	9.59E-01
18.6	9.59E-01
18.6	9.59E-01
18.6	9.59E-01
18.6	9.59E-01
18.6	9.59E-01
18.6	9.59E-01
18.6	9.59E-01
18.6	9.59E-01
18.6	9.59E-01
18.6	9.59E-01
18.61	9.59E-01
18.61	9.59E-01
18.61	9.59E-01
18.61	9.59E-01
18.61	9.59E-01
18.61	9.59E-01
18.61	9.59E-01
18.61	9.59E-01
18.61	9.59E-01
18.61	9.59E-01
18.61	9.59E-01
18.61	9.59E-01
18.61	9.59E-01
18.61	9.59E-01
18.61	9.59E-01
18.61	9.59E-01
18.61	9.59E-01
18.61	9.59E-01
18.61	9.59E-01
18.61	9.59E-01
18.62	9.59E-01
18.62	9.59E-01
18.62	9.59E-01
18.62	9.59E-01
18.62	9.59E-01
18.62	9.59E-01
18.62	9.59E-01
18.62	9.59E-01
18.62	9.59E-01
18.62	9.59E-01
18.62	9.59E-01
18.62	9.59E-01
18.62	9.59E-01
18.62	9.59E-01
18.62	9.59E-01
18.62	9.59E-01
18.62	9.59E-01
18.62	9.59E-01
18.62	9.59E-01
18.62	9.59E-01
18.63	9.59E-01
18.63	9.59E-01
18.63	9.59E-01
18.63	9.59E-01
18.63	9.59E-01
18.63	9.59E-01
18.63	9.59E-01
18.63	9.59E-01
18.63	9.59E-01
18.63	9.59E-01
18.63	9.59E-01
18.63	9.59E-01
18.63	9.59E-01
18.63	9.59E-01
18.63	9.59E-01
18.63	9.59E-01
18.63	9.59E-01
18.63	9.59E-01
18.63	9.59E-01
18.64	9.59E-01
18.64	9.59E-01
18.64	9.59E-01
18.64	9.59E-01
18.64	9.59E-01
18.64	9.59E-01
18.64	9.59E-01
18.64	9.59E-01
18.64	9.59E-01
18.64	9.59E-01
18.64	9.59E-01
18.64	9.59E-01
18.64	9.59E-01
18.64	9.59E-01
18.64	9.59E-01
18.64	9.59E-01
18.64	9.59E-01
18.64	9.59E-01
18.64	9.59E-01
18.64	9.59E-01
18.65	9.59E-01
18.65	9.59E-01
18.65	9.59E-01
18.65	9.59E-01
18.65	9.59E-01
18.65	9.59E-01
18.65	9.59E-01
18.65	9.59E-01
18.65	9.59E-01
18.65	9.59E-01
18.65	9.59E-01
18.65	9.59E-01
18.65	9.59E-01
18.65	9.59E-01
18.65	9.59E-01
18.65	9.59E-01
18.65	9.59E-01
18.65	9.59E-01
18.65	9.59E-01
18.65	9.59E-01
18.66	9.59E-01
18.66	9.59E-01
18.66	9.59E-01
18.66	9.59E-01
18.66	9.59E-01
18.66	9.59E-01
18.66	9.59E-01
18.66	9.59E-01
18.66	9.59E-01
18.66	9.59E-01
18.66	9.59E-01
18.66	9.59E-01
18.66	9.59E-01
18.66	9.59E-01
18.66	9.59E-01
18.66	9.59E-01
18.66	9.59E-01
18.66	9.59E-01
18.66	9.59E-01
18.66	9.59E-01
18.67	9.59E-01
18.67	9.59E-01
18.67	9.59E-01
18.67	9.59E-01
18.67	9.59E-01
18.67	9.59E-01
18.67	9.59E-01
18.67	9.59E-01
18.67	9.59E-01
18.67	9.59E-01
18.67	9.59E-01
18.67	9.59E-01
18.67	9.59E-01
18.67	9.59E-01
18.67	9.59E-01
18.67	9.59E-01
18.67	9.59E-01
18.67	9.59E-01
18.67	9.59E-01
18.67	9.59E-01
18.67	9.59E-01
18.68	9.59E-01
18.68	9.59E-01
18.68	9.59E-01
18.68	9.59E-01
18.68	9.59E-01
18.68	9.59E-01
18.68	9.59E-01
18.68	9.59E-01
18.68	9.59E-01
18.68	9.59E-01
18.68	9.59E-01
18.68	9.59E-01
18.68	9.59E-01
18.68	9.59E-01
18.68	9.59E-01
18.68	9.59E-01
18.68	9.59E-01
18.68	9.59E-01
18.68	9.59E-01
18.68	9.59E-01
18.69	9.59E-01
18.69	9.59E-01
18.69	9.59E-01
18.69	9.59E-01
18.69	9.59E-01
18.69	9.59E-01
18.69	9.59E-01
18.69	9.59E-01
18.69	9.59E-01
18.69	9.59E-01
18.69	9.59E-01
18.69	9.59E-01
18.69	9.59E-01
18.69	9.59E-01
18.69	9.59E-01
18.69	9.59E-01
18.69	9.59E-01
18.69	9.59E-01
18.69	9.59E-01
18.69	9.59E-01
18.7	9.59E-01
18.7	9.59E-01
18.7	9.59E-01
18.7	9.59E-01
18.7	9.59E-01
18.7	9.59E-01
18.7	9.59E-01
18.7	9.59E-01
18.7	9.59E-01
18.7	9.59E-01
18.7	9.59E-01
18.7	9.59E-01
18.7	9.59E-01
18.7	9.59E-01
18.7	9.59E-01
18.7	9.59E-01
18.7	9.59E-01
18.7	9.59E-01
18.7	9.59E-01
18.7	9.59E-01
18.71	9.59E-01
18.71	9.59E-01
18.71	9.59E-01
18.71	9.59E-01
18.71	9.59E-01
18.71	9.59E-01
18.71	9.59E-01
18.71	9.59E-01
18.71	9.59E-01
18.71	9.59E-01
18.71	9.59E-01
18.71	9.59E-01
18.71	9.59E-01
18.71	9.59E-01
18.71	9.59E-01
18.71	9.59E-01
18.71	9.59E-01
18.71	9.59E-01
18.71	9.59E-01
18.72	9.59E-01
18.72	9.59E-01
18.72	9.59E-01
18.72	9.59E-01
18.72	9.59E-01
18.72	9.59E-01
18.72	9.59E-01
18.72	9.59E-01
18.72	9.59E-01
18.72	9.59E-01
18.72	9.59E-01
18.72	9.59E-01
18.72	9.59E-01
18.72	9.59E-01
18.72	9.59E-01
18.72	9.59E-01
18.72	9.59E-01
18.72	9.59E-01
18.72	9.59E-01
18.72	9.59E-01
18.73	9.59E-01
18.73	9.59E-01
18.73	9.59E-01
18.73	9.59E-01
18.73	9.59E-01
18.73	9.59E-01
18.73	9.59E-01
18.73	9.59E-01
18.73	9.59E-01
18.73	9.59E-01
18.73	9.59E-01
18.73	9.59E-01
18.73	9.59E-01
18.73	9.59E-01
18.73	9.59E-01
18.73	9.59E-01
18.73	9.59E-01
18.73	9.59E-01
18.73	9.59E-01
18.73	9.59E-01
18.74	9.59E-01
18.74	9.59E-01
18.74	9.59E-01
18.74	9.59E-01
18.74	9.59E-01
18.74	9.59E-01
18.74	9.59E-01
18.74	9.59E-01
18.74	9.59E-01
18.74	9.59E-01
18.74	9.59E-01
18.74	9.59E-01
18.74	9.59E-01
18.74	9.59E-01
18.74	9.59E-01
18.74	9.59E-01
18.74	9.59E-01
18.74	9.59E-01
18.74	9.59E-01
18.74	9.59E-01
18.75	9.59E-01
18.75	9.59E-01
18.75	9.59E-01
18.75	9.59E-01
18.75	9.59E-01
18.75	9.59E-01
18.75	9.59E-01
18.75	9.59E-01
18.75	9.59E-01
18.75	9.59E-01
18.75	9.59E-01
18.75	9.59E-01
18.75	9.59E-01
18.75	9.59E-01
18.75	9.59E-01
18.75	9.59E-01
18.75	9.59E-01
18.75	9.59E-01
18.75	9.59E-01
18.75	9.59E-01
18.75	9.59E-01
18.76	9.59E-01
18.76	9.59E-01
18.76	9.59E-01
18.76	9.59E-01
18.76	9.59E-01
18.76	9.59E-01
18.76	9.59E-01
18.76	9.59E-01
18.76	9.59E-01
18.76	9.59E-01
18.76	9.59E-01
18.76	9.59E-01
18.76	9.59E-01
18.76	9.59E-01
18.76	9.59E-01
18.76	9.59E-01
18.76	9.59E-01
18.76	9.59E-01
18.76	9.59E-01
18.76	9.59E-01
18.77	9.59E-01
18.77	9.59E-01
18.77	9.59E-01
18.77	9.59E-01
18.77	9.59E-01
18.77	9.59E-01
18.77	9.59E-01
18.77	9.59E-01
18.77	9.59E-01
18.77	9.59E-01
18.77	9.59E-01
18.77	9.59E-01
18.77	9.59E-01
18.77	9.59E-01
18.77	9.59E-01
18.77	9.59E-01
18.77	9.59E-01
18.77	9.59E-01
18.77	9.59E-01
18.77	9.59E-01
18.78	9.59E-01
18.78	9.59E-01
18.78	9.59E-01
18.78	9.59E-01
18.78	9.59E-01
18.78	9.59E-01
18.78	9.59E-01
18.78	9.59E-01
18.78	9.59E-01
18.78	9.59E-01
18.78	9.59E-01
18.78	9.59E-01
18.78	9.59E-01
18.78	9.59E-01
18.78	9.59E-01
18.78	9.59E-01
18.78	9.59E-01
18.78	9.59E-01
18.78	9.59E-01
18.78	9.59E-01
18.79	9.59E-01
18.79	9.59E-01
18.79	9.59E-01
18.79	9.59E-01
18.79	9.59E-01
18.79	9.59E-01
18.79	9.59E-01
18.79	9.59E-01
18.79	9.59E-01
18.79	9.59E-01
18.79	9.59E-01
18.79	9.59E-01
18.79	9.59E-01
18.79	9.59E-01
18.79	9.59E-01
18.79	9.59E-01
18.79	9.59E-01
18.79	9.59E-01
18.79	9.59E-01
18.8	9.59E-01
18.8	9.59E-01
18.8	9.59E-01
18.8	9.59E-01
18.8	9.59E-01
18.8	9.59E-01
18.8	9.59E-01
18.8	9.59E-01
18.8	9.59E-01
18.8	9.59E-01
18.8	9.59E-01
18.8	9.59E-01
18.8	9.59E-01
18.8	9.59E-01
18.8	9.59E-01
18.8	9.59E-01
18.8	9.59E-01
18.8	9.59E-01
18.8	9.59E-01
18.8	9.59E-01
18.81	9.59E-01
18.81	9.59E-01
18.81	9.59E-01
18.81	9.59E-01
18.81	9.59E-01
18.81	9.59E-01
18.81	9.59E-01
18.81	9.59E-01
18.81	9.59E-01
18.81	9.59E-01
18.81	9.59E-01
18.81	9.59E-01
18.81	9.59E-01
18.81	9.59E-01
18.81	9.59E-01
18.81	9.59E-01
18.81	9.59E-01
18.81	9.59E-01
18.81	9.59E-01
18.81	9.59E-01
18.82	9.59E-01
18.82	9.59E-01
18.82	9.59E-01
18.82	9.59E-01
18.82	9.59E-01
18.82	9.59E-01
18.82	9.59E-01
18.82	9.59E-01
18.82	9.59E-01
18.82	9.59E-01
18.82	9.59E-01
18.82	9.59E-01
18.82	9.59E-01
18.82	9.59E-01
18.82	9.59E-01
18.82	9.59E-01
18.82	9.59E-01
18.82	9.59E-01
18.82	9.59E-01
18.82	9.59E-01
18.83	9.59E-01
18.83	9.59E-01
18.83	9.59E-01
18.83	9.59E-01
18.83	9.59E-01
18.83	9.59E-01
18.83	9.59E-01
18.83	9.59E-01
18.83	9.59E-01
18.83	9.59E-01
18.83	9.59E-01
18.83	9.59E-01
18.83	9.59E-01
18.83	9.59E-01
18.83	9.59E-01
18.83	9.59E-01
18.83	9.59E-01
18.83	9.59E-01
18.83	9.59E-01
18.83	9.59E-01
18.83	9.59E-01
18.84	9.59E-01
18.84	9.59E-01
18.84	9.59E-01
18.84	9.59E-01
18.84	9.59E-01
18.84	9.59E-01
18.84	9.59E-01
18.84	9.59E-01
18.84	9.59E-01
18.84	9.59E-01
18.84	9.59E-01
18.84	9.59E-01
18.84	9.59E-01
18.84	9.59E-01
18.84	9.59E-01
18.84	9.59E-01
18.84	9.59E-01
18.84	9.59E-01
18.84	9.59E-01
18.84	9.59E-01
18.85	9.59E-01
18.85	9.59E-01
18.85	9.59E-01
18.85	9.59E-01
18.85	9.59E-01
18.85	9.59E-01
18.85	9.59E-01
18.85	9.59E-01
18.85	9.59E-01
18.85	9.59E-01
18.85	9.59E-01
18.85	9.59E-01
18.85	9.59E-01
18.85	9.59E-01
18.85	9.59E-01
18.85	9.59E-01
18.85	9.59E-01
18.85	9.59E-01
18.85	9.59E-01
18.85	9.59E-01
18.86	9.59E-01
18.86	9.59E-01
18.86	9.59E-01
18.86	9.59E-01
18.86	9.59E-01
18.86	9.59E-01
18.86	9.59E-01
18.86	9.59E-01
18.86	9.59E-01
18.86	9.59E-01
18.86	9.59E-01
18.86	9.59E-01
18.86	9.59E-01
18.86	9.59E-01
18.86	9.59E-01
18.86	9.59E-01
18.86	9.59E-01
18.86	9.59E-01
18.86	9.59E-01
18.86	9.59E-01
18.87	9.59E-01
18.87	9.59E-01
18.87	9.59E-01
18.87	9.59E-01
18.87	9.59E-01
18.87	9.59E-01
18.87	9.59E-01
18.87	9.59E-01
18.87	9.59E-01
18.87	9.59E-01
18.87	9.59E-01
18.87	9.59E-01
18.87	9.59E-01
18.87	9.59E-01
18.87	9.59E-01
18.87	9.59E-01
18.87	9.59E-01
18.87	9.59E-01
18.87	9.59E-01
18.88	9.59E-01
18.88	9.59E-01
18.88	9.59E-01
18.88	9.59E-01
18.88	9.59E-01
18.88	9.59E-01
18.88	9.59E-01
18.88	9.59E-01
18.88	9.59E-01
18.88	9.59E-01
18.88	9.59E-01
18.88	9.59E-01
18.88	9.59E-01
18.88	9.59E-01
18.88	9.59E-01
18.88	9.59E-01
18.88	9.59E-01
18.88	9.59E-01
18.88	9.59E-01
18.88	9.59E-01
18.89	9.59E-01
18.89	9.59E-01
18.89	9.59E-01
18.89	9.59E-01
18.89	9.59E-01
18.89	9.59E-01
18.89	9.59E-01
18.89	9.59E-01
18.89	9.59E-01
18.89	9.59E-01
18.89	9.59E-01
18.89	9.59E-01
18.89	9.59E-01
18.89	9.59E-01
18.89	9.59E-01
18.89	9.59E-01
18.89	9.59E-01
18.89	9.59E-01
18.89	9.59E-01
18.89	9.59E-01
18.9	9.59E-01
18.9	9.59E-01
18.9	9.59E-01
18.9	9.59E-01
18.9	9.59E-01
18.9	9.59E-01
18.9	9.59E-01
18.9	9.59E-01
18.9	9.59E-01
18.9	9.59E-01
18.9	9.59E-01
18.9	9.59E-01
18.9	9.59E-01
18.9	9.59E-01
18.9	9.59E-01
18.9	9.59E-01
18.9	9.59E-01
18.9	9.59E-01
18.9	9.59E-01
18.9	9.59E-01
18.91	9.59E-01
18.91	9.59E-01
18.91	9.59E-01
18.91	9.59E-01
18.91	9.59E-01
18.91	9.59E-01
18.91	9.59E-01
18.91	9.59E-01
18.91	9.59E-01
18.91	9.59E-01
18.91	9.59E-01
18.91	9.59E-01
18.91	9.59E-01
18.91	9.59E-01
18.91	9.59E-01
18.91	9.59E-01
18.91	9.59E-01
18.91	9.59E-01
18.91	9.59E-01
18.91	9.59E-01
18.92	9.59E-01
18.92	9.59E-01
18.92	9.59E-01
18.92	9.59E-01
18.92	9.59E-01
18.92	9.59E-01
18.92	9.59E-01
18.92	9.59E-01
18.92	9.59E-01
18.92	9.59E-01
18.92	9.59E-01
18.92	9.59E-01
18.92	9.59E-01
18.92	9.59E-01
18.92	9.59E-01
18.92	9.59E-01
18.92	9.59E-01
18.92	9.59E-01
18.92	9.59E-01
18.92	9.59E-01
18.92	9.59E-01
18.93	9.59E-01
18.93	9.59E-01
18.93	9.59E-01
18.93	9.59E-01
18.93	9.59E-01
18.93	9.59E-01
18.93	9.59E-01
18.93	9.59E-01
18.93	9.59E-01
18.93	9.59E-01
18.93	9.59E-01
18.93	9.59E-01
18.93	9.59E-01
18.93	9.59E-01
18.93	9.59E-01
18.93	9.59E-01
18.93	9.59E-01
18.93	9.59E-01
18.93	9.59E-01
18.93	9.59E-01
18.94	9.59E-01
18.94	9.59E-01
18.94	9.59E-01
18.94	9.59E-01
18.94	9.59E-01
18.94	9.59E-01
18.94	9.59E-01
18.94	9.59E-01
18.94	9.59E-01
18.94	9.59E-01
18.94	9.59E-01
18.94	9.59E-01
18.94	9.59E-01
18.94	9.59E-01
18.94	9.59E-01
18.94	9.59E-01
18.94	9.59E-01
18.94	9.59E-01
18.94	9.59E-01
18.94	9.59E-01
18.95	9.59E-01
18.95	9.59E-01
18.95	9.59E-01
18.95	9.59E-01
18.95	9.59E-01
18.95	9.59E-01
18.95	9.59E-01
18.95	9.59E-01
18.95	9.59E-01
18.95	9.59E-01
18.95	9.59E-01
18.95	9.59E-01
18.95	9.59E-01
18.95	9.59E-01
18.95	9.59E-01
18.95	9.59E-01
18.95	9.59E-01
18.95	9.59E-01
18.95	9.59E-01
18.95	9.59E-01
18.96	9.59E-01
18.96	9.59E-01
18.96	9.59E-01
18.96	9.59E-01
18.96	9.59E-01
18.96	9.59E-01
18.96	9.59E-01
18.96	9.59E-01
18.96	9.59E-01
18.96	9.59E-01
18.96	9.59E-01
18.96	9.59E-01
18.96	9.59E-01
18.96	9.59E-01
18.96	9.59E-01
18.96	9.59E-01
18.96	9.59E-01
18.96	9.59E-01
18.96	9.59E-01
18.97	9.59E-01
18.97	9.59E-01
18.97	9.59E-01
18.97	9.59E-01
18.97	9.59E-01
18.97	9.59E-01
18.97	9.59E-01
18.97	9.59E-01
18.97	9.59E-01
18.97	9.59E-01
18.97	9.59E-01
18.97	9.59E-01
18.97	9.59E-01
18.97	9.59E-01
18.97	9.59E-01
18.97	9.59E-01
18.97	9.59E-01
18.97	9.59E-01
18.97	9.59E-01
18.97	9.59E-01
18.98	9.59E-01
18.98	9.59E-01
18.98	9.59E-01
18.98	9.59E-01
18.98	9.59E-01
18.98	9.59E-01
18.98	9.59E-01
18.98	9.59E-01
18.98	9.59E-01
18.98	9.59E-01
18.98	9.59E-01
18.98	9.59E-01
18.98	9.59E-01
18.98	9.59E-01
18.98	9.59E-01
18.98	9.59E-01
18.98	9.59E-01
18.98	9.59E-01
18.98	9.59E-01
18.98	9.59E-01
18.99	9.59E-01
18.99	9.59E-01
18.99	9.59E-01
18.99	9.59E-01
18.99	9.59E-01
18.99	9.59E-01
18.99	9.59E-01
18.99	9.59E-01
18.99	9.59E-01
18.99	9.59E-01
18.99	9.59E-01
18.99	9.59E-01
18.99	9.59E-01
18.99	9.59E-01
18.99	9.59E-01
18.99	9.59E-01
18.99	9.59E-01
18.99	9.59E-01
18.99	9.59E-01
18.99	9.59E-01
19	9.59E-01
19	9.59E-01
19	9.59E-01
19	9.59E-01
19	9.59E-01
19	9.59E-01
19	9.59E-01
19	9.59E-01
19	9.59E-01
19	9.59E-01
19	9.59E-01
19	9.59E-01
19	9.59E-01
19	9.59E-01
19	9.59E-01
19	9.59E-01
19	9.59E-01
19	9.59E-01
19	9.59E-01
19	9.59E-01
19	9.59E-01
19.01	9.59E-01
19.01	9.59E-01
19.01	9.59E-01
19.01	9.59E-01
19.01	9.59E-01
19.01	9.59E-01
19.01	9.59E-01
19.01	9.59E-01
19.01	9.59E-01
19.01	9.59E-01
19.01	9.59E-01
19.01	9.59E-01
19.01	9.59E-01
19.01	9.59E-01
19.01	9.59E-01
19.01	9.59E-01
19.01	9.59E-01
19.01	9.59E-01
19.01	9.59E-01
19.01	9.59E-01
19.02	9.59E-01
19.02	9.59E-01
19.02	9.59E-01
19.02	9.59E-01
19.02	9.59E-01
19.02	9.59E-01
19.02	9.59E-01
19.02	9.59E-01
19.02	9.59E-01
19.02	9.59E-01
19.02	9.59E-01
19.02	9.59E-01
19.02	9.59E-01
19.02	9.59E-01
19.02	9.59E-01
19.02	9.59E-01
19.02	9.59E-01
19.02	9.59E-01
19.02	9.59E-01
19.02	9.59E-01
19.03	9.59E-01
19.03	9.59E-01
19.03	9.59E-01
19.03	9.59E-01
19.03	9.59E-01
19.03	9.59E-01
19.03	9.59E-01
19.03	9.59E-01
19.03	9.59E-01
19.03	9.59E-01
19.03	9.59E-01
19.03	9.59E-01
19.03	9.59E-01
19.03	9.59E-01
19.03	9.59E-01
19.03	9.59E-01
19.03	9.59E-01
19.03	9.59E-01
19.03	9.59E-01
19.03	9.59E-01
19.04	9.59E-01
19.04	9.59E-01
19.04	9.59E-01
19.04	9.59E-01
19.04	9.59E-01
19.04	9.59E-01
19.04	9.59E-01
19.04	9.59E-01
19.04	9.59E-01
19.04	9.59E-01
19.04	9.59E-01
19.04	9.59E-01
19.04	9.59E-01
19.04	9.59E-01
19.04	9.59E-01
19.04	9.59E-01
19.04	9.59E-01
19.04	9.59E-01
19.04	9.59E-01
19.05	9.59E-01
19.05	9.59E-01
19.05	9.59E-01
19.05	9.59E-01
19.05	9.59E-01
19.05	9.59E-01
19.05	9.59E-01
19.05	9.59E-01
19.05	9.59E-01
19.05	9.59E-01
19.05	9.59E-01
19.05	9.59E-01
19.05	9.59E-01
19.05	9.59E-01
19.05	9.59E-01
19.05	9.59E-01
19.05	9.59E-01
19.05	9.59E-01
19.05	9.59E-01
19.05	9.59E-01
19.06	9.59E-01
19.06	9.59E-01
19.06	9.59E-01
19.06	9.59E-01
19.06	9.59E-01
19.06	9.59E-01
19.06	9.59E-01
19.06	9.59E-01
19.06	9.59E-01
19.06	9.59E-01
19.06	9.59E-01
19.06	9.59E-01
19.06	9.59E-01
19.06	9.59E-01
19.06	9.59E-01
19.06	9.59E-01
19.06	9.59E-01
19.06	9.59E-01
19.06	9.59E-01
19.06	9.59E-01
19.07	9.59E-01
19.07	9.59E-01
19.07	9.59E-01
19.07	9.59E-01
19.07	9.59E-01
19.07	9.59E-01
19.07	9.59E-01
19.07	9.59E-01
19.07	9.59E-01
19.07	9.59E-01
19.07	9.59E-01
19.07	9.59E-01
19.07	9.59E-01
19.07	9.59E-01
19.07	9.59E-01
19.07	9.59E-01
19.07	9.59E-01
19.07	9.59E-01
19.07	9.59E-01
19.07	9.59E-01
19.08	9.59E-01
19.08	9.59E-01
19.08	9.59E-01
19.08	9.59E-01
19.08	9.59E-01
19.08	9.59E-01
19.08	9.59E-01
19.08	9.59E-01
19.08	9.59E-01
19.08	9.59E-01
19.08	9.59E-01
19.08	9.59E-01
19.08	9.59E-01
19.08	9.59E-01
19.08	9.59E-01
19.08	9.59E-01
19.08	9.59E-01
19.08	9.59E-01
19.08	9.59E-01
19.08	9.59E-01
19.08	9.59E-01
19.09	9.59E-01
19.09	9.59E-01
19.09	9.59E-01
19.09	9.59E-01
19.09	9.59E-01
19.09	9.59E-01
19.09	9.59E-01
19.09	9.59E-01
19.09	9.59E-01
19.09	9.59E-01
19.09	9.59E-01
19.09	9.59E-01
19.09	9.59E-01
19.09	9.59E-01
19.09	9.59E-01
19.09	9.59E-01
19.09	9.59E-01
19.09	9.59E-01
19.09	9.59E-01
19.09	9.59E-01
19.1	9.59E-01
19.1	9.59E-01
19.1	9.59E-01
19.1	9.59E-01
19.1	9.59E-01
19.1	9.59E-01
19.1	9.59E-01
19.1	9.59E-01
19.1	9.59E-01
19.1	9.59E-01
19.1	9.59E-01
19.1	9.59E-01
19.1	9.59E-01
19.1	9.59E-01
19.1	9.59E-01
19.1	9.59E-01
19.1	9.59E-01
19.1	9.59E-01
19.1	9.59E-01
19.1	9.59E-01
19.11	9.59E-01
19.11	9.59E-01
19.11	9.59E-01
19.11	9.59E-01
19.11	9.59E-01
19.11	9.59E-01
19.11	9.59E-01
19.11	9.59E-01
19.11	9.59E-01
19.11	9.59E-01
19.11	9.59E-01
19.11	9.59E-01
19.11	9.59E-01
19.11	9.59E-01
19.11	9.59E-01
19.11	9.59E-01
19.11	9.59E-01
19.11	9.59E-01
19.11	9.59E-01
19.11	9.59E-01
19.12	9.59E-01
19.12	9.59E-01
19.12	9.59E-01
19.12	9.59E-01
19.12	9.59E-01
19.12	9.59E-01
19.12	9.59E-01
19.12	9.59E-01
19.12	9.59E-01
19.12	9.59E-01
19.12	9.59E-01
19.12	9.59E-01
19.12	9.59E-01
19.12	9.59E-01
19.12	9.59E-01
19.12	9.59E-01
19.12	9.59E-01
19.12	9.59E-01
19.12	9.59E-01
19.12	9.59E-01
19.13	9.59E-01
19.13	9.59E-01
19.13	9.59E-01
19.13	9.59E-01
19.13	9.59E-01
19.13	9.59E-01
19.13	9.59E-01
19.13	9.59E-01
19.13	9.59E-01
19.13	9.59E-01
19.13	9.59E-01
19.13	9.59E-01
19.13	9.59E-01
19.13	9.59E-01
19.13	9.59E-01
19.13	9.59E-01
19.13	9.59E-01
19.13	9.59E-01
19.13	9.59E-01
19.14	9.59E-01
19.14	9.59E-01
19.14	9.59E-01
19.14	9.59E-01
19.14	9.59E-01
19.14	9.59E-01
19.14	9.59E-01
19.14	9.59E-01
19.14	9.59E-01
19.14	9.59E-01
19.14	9.59E-01
19.14	9.59E-01
19.14	9.59E-01
19.14	9.59E-01
19.14	9.59E-01
19.14	9.59E-01
19.14	9.59E-01
19.14	9.59E-01
19.14	9.59E-01
19.14	9.59E-01
19.15	9.59E-01
19.15	9.59E-01
19.15	9.59E-01
19.15	9.59E-01
19.15	9.59E-01
19.15	9.59E-01
19.15	9.59E-01
19.15	9.59E-01
19.15	9.59E-01
19.15	9.59E-01
19.15	9.59E-01
19.15	9.59E-01
19.15	9.59E-01
19.15	9.59E-01
19.15	9.59E-01
19.15	9.59E-01
19.15	9.59E-01
19.15	9.59E-01
19.15	9.59E-01
19.15	9.59E-01
19.16	9.59E-01
19.16	9.59E-01
19.16	9.59E-01
19.16	9.59E-01
19.16	9.59E-01
19.16	9.59E-01
19.16	9.59E-01
19.16	9.59E-01
19.16	9.59E-01
19.16	9.59E-01
19.16	9.59E-01
19.16	9.59E-01
19.16	9.59E-01
19.16	9.59E-01
19.16	9.59E-01
19.16	9.59E-01
19.16	9.59E-01
19.16	9.59E-01
19.16	9.59E-01
19.16	9.59E-01
19.17	9.59E-01
19.17	9.59E-01
19.17	9.59E-01
19.17	9.59E-01
19.17	9.59E-01
19.17	9.59E-01
19.17	9.59E-01
19.17	9.59E-01
19.17	9.59E-01
19.17	9.59E-01
19.17	9.59E-01
19.17	9.59E-01
19.17	9.59E-01
19.17	9.59E-01
19.17	9.59E-01
19.17	9.59E-01
19.17	9.59E-01
19.17	9.59E-01
19.17	9.59E-01
19.17	9.59E-01
19.17	9.59E-01
19.18	9.59E-01
19.18	9.59E-01
19.18	9.59E-01
19.18	9.59E-01
19.18	9.59E-01
19.18	9.59E-01
19.18	9.59E-01
19.18	9.59E-01
19.18	9.59E-01
19.18	9.59E-01
19.18	9.59E-01
19.18	9.59E-01
19.18	9.59E-01
19.18	9.59E-01
19.18	9.59E-01
19.18	9.59E-01
19.18	9.59E-01
19.18	9.59E-01
19.18	9.59E-01
19.18	9.59E-01
19.19	9.59E-01
19.19	9.59E-01
19.19	9.59E-01
19.19	9.59E-01
19.19	9.59E-01
19.19	9.59E-01
19.19	9.59E-01
19.19	9.59E-01
19.19	9.59E-01
19.19	9.59E-01
19.19	9.59E-01
19.19	9.59E-01
19.19	9.59E-01
19.19	9.59E-01
19.19	9.59E-01
19.19	9.59E-01
19.19	9.59E-01
19.19	9.59E-01
19.19	9.59E-01
19.19	9.59E-01
19.2	9.59E-01
19.2	9.59E-01
19.2	9.59E-01
19.2	9.59E-01
19.2	9.59E-01
19.2	9.59E-01
19.2	9.59E-01
19.2	9.59E-01
19.2	9.59E-01
19.2	9.59E-01
19.2	9.59E-01
19.2	9.59E-01
19.2	9.59E-01
19.2	9.59E-01
19.2	9.59E-01
19.2	9.59E-01
19.2	9.59E-01
19.2	9.59E-01
19.2	9.59E-01
19.2	9.59E-01
19.21	9.59E-01
19.21	9.59E-01
19.21	9.59E-01
19.21	9.59E-01
19.21	9.59E-01
19.21	9.59E-01
19.21	9.59E-01
19.21	9.59E-01
19.21	9.59E-01
19.21	9.59E-01
19.21	9.59E-01
19.21	9.59E-01
19.21	9.59E-01
19.21	9.59E-01
19.21	9.59E-01
19.21	9.59E-01
19.21	9.59E-01
19.21	9.59E-01
19.21	9.59E-01
19.22	9.59E-01
19.22	9.59E-01
19.22	9.59E-01
19.22	9.59E-01
19.22	9.59E-01
19.22	9.59E-01
19.22	9.59E-01
19.22	9.59E-01
19.22	9.59E-01
19.22	9.59E-01
19.22	9.59E-01
19.22	9.59E-01
19.22	9.59E-01
19.22	9.59E-01
19.22	9.59E-01
19.22	9.59E-01
19.22	9.59E-01
19.22	9.59E-01
19.22	9.59E-01
19.22	9.59E-01
19.23	9.59E-01
19.23	9.59E-01
19.23	9.59E-01
19.23	9.59E-01
19.23	9.59E-01
19.23	9.59E-01
19.23	9.59E-01
19.23	9.59E-01
19.23	9.59E-01
19.23	9.59E-01
19.23	9.59E-01
19.23	9.59E-01
19.23	9.59E-01
19.23	9.59E-01
19.23	9.59E-01
19.23	9.59E-01
19.23	9.59E-01
19.23	9.59E-01
19.23	9.59E-01
19.23	9.59E-01
19.24	9.59E-01
19.24	9.59E-01
19.24	9.59E-01
19.24	9.59E-01
19.24	9.59E-01
19.24	9.59E-01
19.24	9.59E-01
19.24	9.59E-01
19.24	9.59E-01
19.24	9.59E-01
19.24	9.59E-01
19.24	9.59E-01
19.24	9.59E-01
19.24	9.59E-01
19.24	9.59E-01
19.24	9.59E-01
19.24	9.59E-01
19.24	9.59E-01
19.24	9.59E-01
19.24	9.59E-01
19.25	9.59E-01
19.25	9.59E-01
19.25	9.59E-01
19.25	9.59E-01
19.25	9.59E-01
19.25	9.59E-01
19.25	9.59E-01
19.25	9.59E-01
19.25	9.59E-01
19.25	9.59E-01
19.25	9.59E-01
19.25	9.59E-01
19.25	9.59E-01
19.25	9.59E-01
19.25	9.59E-01
19.25	9.59E-01
19.25	9.59E-01
19.25	9.59E-01
19.25	9.59E-01
19.25	9.59E-01
19.25	9.59E-01
19.26	9.59E-01
19.26	9.59E-01
19.26	9.59E-01
19.26	9.59E-01
19.26	9.59E-01
19.26	9.59E-01
19.26	9.59E-01
19.26	9.59E-01
19.26	9.59E-01
19.26	9.59E-01
19.26	9.59E-01
19.26	9.59E-01
19.26	9.59E-01
19.26	9.59E-01
19.26	9.59E-01
19.26	9.59E-01
19.26	9.59E-01
19.26	9.59E-01
19.26	9.59E-01
19.26	9.59E-01
19.27	9.59E-01
19.27	9.59E-01
19.27	9.59E-01
19.27	9.59E-01
19.27	9.59E-01
19.27	9.59E-01
19.27	9.59E-01
19.27	9.59E-01
19.27	9.59E-01
19.27	9.59E-01
19.27	9.59E-01
19.27	9.59E-01
19.27	9.59E-01
19.27	9.59E-01
19.27	9.59E-01
19.27	9.59E-01
19.27	9.59E-01
19.27	9.59E-01
19.27	9.59E-01
19.27	9.59E-01
19.28	9.59E-01
19.28	9.59E-01
19.28	9.59E-01
19.28	9.59E-01
19.28	9.59E-01
19.28	9.59E-01
19.28	9.59E-01
19.28	9.59E-01
19.28	9.59E-01
19.28	9.59E-01
19.28	9.59E-01
19.28	9.59E-01
19.28	9.59E-01
19.28	9.59E-01
19.28	9.59E-01
19.28	9.59E-01
19.28	9.59E-01
19.28	9.59E-01
19.28	9.59E-01
19.28	9.59E-01
19.29	9.59E-01
19.29	9.59E-01
19.29	9.59E-01
19.29	9.59E-01
19.29	9.59E-01
19.29	9.59E-01
19.29	9.59E-01
19.29	9.59E-01
19.29	9.59E-01
19.29	9.59E-01
19.29	9.59E-01
19.29	9.59E-01
19.29	9.59E-01
19.29	9.59E-01
19.29	9.59E-01
19.29	9.59E-01
19.29	9.59E-01
19.29	9.59E-01
19.29	9.59E-01
19.3	9.59E-01
19.3	9.59E-01
19.3	9.59E-01
19.3	9.59E-01
19.3	9.59E-01
19.3	9.59E-01
19.3	9.59E-01
19.3	9.59E-01
19.3	9.59E-01
19.3	9.59E-01
19.3	9.59E-01
19.3	9.59E-01
19.3	9.59E-01
19.3	9.59E-01
19.3	9.59E-01
19.3	9.59E-01
19.3	9.59E-01
19.3	9.59E-01
19.3	9.59E-01
19.3	9.59E-01
19.31	9.59E-01
19.31	9.59E-01
19.31	9.59E-01
19.31	9.59E-01
19.31	9.59E-01
19.31	9.59E-01
19.31	9.59E-01
19.31	9.59E-01
19.31	9.59E-01
19.31	9.59E-01
19.31	9.59E-01
19.31	9.59E-01
19.31	9.59E-01
19.31	9.59E-01
19.31	9.59E-01
19.31	9.59E-01
19.31	9.59E-01
19.31	9.59E-01
19.31	9.59E-01
19.31	9.59E-01
19.32	9.59E-01
19.32	9.59E-01
19.32	9.59E-01
19.32	9.59E-01
19.32	9.59E-01
19.32	9.59E-01
19.32	9.59E-01
19.32	9.59E-01
19.32	9.59E-01
19.32	9.59E-01
19.32	9.59E-01
19.32	9.59E-01
19.32	9.59E-01
19.32	9.59E-01
19.32	9.59E-01
19.32	9.59E-01
19.32	9.59E-01
19.32	9.59E-01
19.32	9.59E-01
19.32	9.59E-01
19.33	9.59E-01
19.33	9.59E-01
19.33	9.59E-01
19.33	9.59E-01
19.33	9.59E-01
19.33	9.59E-01
19.33	9.59E-01
19.33	9.59E-01
19.33	9.59E-01
19.33	9.59E-01
19.33	9.59E-01
19.33	9.59E-01
19.33	9.59E-01
19.33	9.59E-01
19.33	9.59E-01
19.33	9.59E-01
19.33	9.59E-01
19.33	9.59E-01
19.33	9.59E-01
19.33	9.59E-01
19.33	9.59E-01
19.34	9.59E-01
19.34	9.59E-01
19.34	9.59E-01
19.34	9.59E-01
19.34	9.59E-01
19.34	9.59E-01
19.34	9.59E-01
19.34	9.59E-01
19.34	9.59E-01
19.34	9.59E-01
19.34	9.59E-01
19.34	9.59E-01
19.34	9.59E-01
19.34	9.59E-01
19.34	9.59E-01
19.34	9.59E-01
19.34	9.59E-01
19.34	9.59E-01
19.34	9.59E-01
19.34	9.59E-01
19.35	9.59E-01
19.35	9.59E-01
19.35	9.59E-01
19.35	9.59E-01
19.35	9.59E-01
19.35	9.59E-01
19.35	9.59E-01
19.35	9.59E-01
19.35	9.59E-01
19.35	9.59E-01
19.35	9.59E-01
19.35	9.59E-01
19.35	9.59E-01
19.35	9.59E-01
19.35	9.59E-01
19.35	9.59E-01
19.35	9.59E-01
19.35	9.59E-01
19.35	9.59E-01
19.35	9.59E-01
19.36	9.59E-01
19.36	9.59E-01
19.36	9.59E-01
19.36	9.59E-01
19.36	9.59E-01
19.36	9.59E-01
19.36	9.59E-01
19.36	9.59E-01
19.36	9.59E-01
19.36	9.59E-01
19.36	9.59E-01
19.36	9.59E-01
19.36	9.59E-01
19.36	9.59E-01
19.36	9.59E-01
19.36	9.59E-01
19.36	9.59E-01
19.36	9.59E-01
19.36	9.59E-01
19.36	9.59E-01
19.37	9.59E-01
19.37	9.59E-01
19.37	9.59E-01
19.37	9.59E-01
19.37	9.59E-01
19.37	9.59E-01
19.37	9.59E-01
19.37	9.59E-01
19.37	9.59E-01
19.37	9.59E-01
19.37	9.59E-01
19.37	9.59E-01
19.37	9.59E-01
19.37	9.59E-01
19.37	9.59E-01
19.37	9.59E-01
19.37	9.59E-01
19.37	9.59E-01
19.37	9.59E-01
19.38	9.59E-01
19.38	9.59E-01
19.38	9.59E-01
19.38	9.59E-01
19.38	9.59E-01
19.38	9.59E-01
19.38	9.59E-01
19.38	9.59E-01
19.38	9.59E-01
19.38	9.59E-01
19.38	9.59E-01
19.38	9.59E-01
19.38	9.59E-01
19.38	9.59E-01
19.38	9.59E-01
19.38	9.59E-01
19.38	9.59E-01
19.38	9.59E-01
19.38	9.59E-01
19.38	9.59E-01
19.39	9.59E-01
19.39	9.59E-01
19.39	9.59E-01
19.39	9.59E-01
19.39	9.59E-01
19.39	9.59E-01
19.39	9.59E-01
19.39	9.59E-01
19.39	9.59E-01
19.39	9.59E-01
19.39	9.59E-01
19.39	9.59E-01
19.39	9.59E-01
19.39	9.59E-01
19.39	9.59E-01
19.39	9.59E-01
19.39	9.59E-01
19.39	9.59E-01
19.39	9.59E-01
19.39	9.59E-01
19.4	9.59E-01
19.4	9.59E-01
19.4	9.59E-01
19.4	9.59E-01
19.4	9.59E-01
19.4	9.59E-01
19.4	9.59E-01
19.4	9.59E-01
19.4	9.59E-01
19.4	9.59E-01
19.4	9.59E-01
19.4	9.59E-01
19.4	9.59E-01
19.4	9.59E-01
19.4	9.59E-01
19.4	9.59E-01
19.4	9.59E-01
19.4	9.59E-01
19.4	9.59E-01
19.4	9.59E-01
19.41	9.59E-01
19.41	9.59E-01
19.41	9.59E-01
19.41	9.59E-01
19.41	9.59E-01
19.41	9.59E-01
19.41	9.59E-01
19.41	9.59E-01
19.41	9.59E-01
19.41	9.59E-01
19.41	9.59E-01
19.41	9.59E-01
19.41	9.59E-01
19.41	9.59E-01
19.41	9.59E-01
19.41	9.59E-01
19.41	9.59E-01
19.41	9.59E-01
19.41	9.59E-01
19.41	9.59E-01
19.42	9.59E-01
19.42	9.59E-01
19.42	9.59E-01
19.42	9.59E-01
19.42	9.59E-01
19.42	9.59E-01
19.42	9.59E-01
19.42	9.59E-01
19.42	9.59E-01
19.42	9.59E-01
19.42	9.59E-01
19.42	9.59E-01
19.42	9.59E-01
19.42	9.59E-01
19.42	9.59E-01
19.42	9.59E-01
19.42	9.59E-01
19.42	9.59E-01
19.42	9.59E-01
19.42	9.59E-01
19.42	9.59E-01
19.43	9.59E-01
19.43	9.59E-01
19.43	9.59E-01
19.43	9.59E-01
19.43	9.59E-01
19.43	9.59E-01
19.43	9.59E-01
19.43	9.59E-01
19.43	9.59E-01
19.43	9.59E-01
19.43	9.59E-01
19.43	9.59E-01
19.43	9.59E-01
19.43	9.59E-01
19.43	9.59E-01
19.43	9.59E-01
19.43	9.59E-01
19.43	9.59E-01
19.43	9.59E-01
19.43	9.59E-01
19.44	9.59E-01
19.44	9.59E-01
19.44	9.59E-01
19.44	9.59E-01
19.44	9.59E-01
19.44	9.59E-01
19.44	9.59E-01
19.44	9.59E-01
19.44	9.59E-01
19.44	9.59E-01
19.44	9.59E-01
19.44	9.59E-01
19.44	9.59E-01
19.44	9.59E-01
19.44	9.59E-01
19.44	9.59E-01
19.44	9.59E-01
19.44	9.59E-01
19.44	9.59E-01
19.44	9.59E-01
19.45	9.59E-01
19.45	9.59E-01
19.45	9.59E-01
19.45	9.59E-01
19.45	9.59E-01
19.45	9.59E-01
19.45	9.59E-01
19.45	9.59E-01
19.45	9.59E-01
19.45	9.59E-01
19.45	9.59E-01
19.45	9.59E-01
19.45	9.59E-01
19.45	9.59E-01
19.45	9.59E-01
19.45	9.59E-01
19.45	9.59E-01
19.45	9.59E-01
19.45	9.59E-01
19.45	9.59E-01
19.46	9.59E-01
19.46	9.59E-01
19.46	9.59E-01
19.46	9.59E-01
19.46	9.59E-01
19.46	9.59E-01
19.46	9.59E-01
19.46	9.59E-01
19.46	9.59E-01
19.46	9.59E-01
19.46	9.59E-01
19.46	9.59E-01
19.46	9.59E-01
19.46	9.59E-01
19.46	9.59E-01
19.46	9.59E-01
19.46	9.59E-01
19.46	9.59E-01
19.46	9.59E-01
19.47	9.59E-01
19.47	9.59E-01
19.47	9.59E-01
19.47	9.59E-01
19.47	9.59E-01
19.47	9.59E-01
19.47	9.59E-01
19.47	9.59E-01
19.47	9.59E-01
19.47	9.59E-01
19.47	9.59E-01
19.47	9.59E-01
19.47	9.59E-01
19.47	9.59E-01
19.47	9.59E-01
19.47	9.59E-01
19.47	9.59E-01
19.47	9.59E-01
19.47	9.59E-01
19.47	9.59E-01
19.48	9.59E-01
19.48	9.59E-01
19.48	9.59E-01
19.48	9.59E-01
19.48	9.59E-01
19.48	9.59E-01
19.48	9.59E-01
19.48	9.59E-01
19.48	9.59E-01
19.48	9.59E-01
19.48	9.59E-01
19.48	9.59E-01
19.48	9.59E-01
19.48	9.59E-01
19.48	9.59E-01
19.48	9.59E-01
19.48	9.59E-01
19.48	9.59E-01
19.48	9.59E-01
19.48	9.59E-01
19.49	9.59E-01
19.49	9.59E-01
19.49	9.59E-01
19.49	9.59E-01
19.49	9.59E-01
19.49	9.59E-01
19.49	9.59E-01
19.49	9.59E-01
19.49	9.59E-01
19.49	9.59E-01
19.49	9.59E-01
19.49	9.59E-01
19.49	9.59E-01
19.49	9.59E-01
19.49	9.59E-01
19.49	9.59E-01
19.49	9.59E-01
19.49	9.59E-01
19.49	9.59E-01
19.49	9.59E-01
19.5	9.59E-01
19.5	9.59E-01
19.5	9.59E-01
19.5	9.59E-01
19.5	9.59E-01
19.5	9.59E-01
19.5	9.59E-01
19.5	9.59E-01
19.5	9.59E-01
19.5	9.59E-01
19.5	9.59E-01
19.5	9.59E-01
19.5	9.59E-01
19.5	9.59E-01
19.5	9.59E-01
19.5	9.59E-01
19.5	9.59E-01
19.5	9.59E-01
19.5	9.59E-01
19.5	9.59E-01
19.5	9.59E-01
19.51	9.59E-01
19.51	9.59E-01
19.51	9.59E-01
19.51	9.59E-01
19.51	9.59E-01
19.51	9.59E-01
19.51	9.59E-01
19.51	9.59E-01
19.51	9.59E-01
19.51	9.59E-01
19.51	9.59E-01
19.51	9.59E-01
19.51	9.59E-01
19.51	9.59E-01
19.51	9.59E-01
19.51	9.59E-01
19.51	9.59E-01
19.51	9.59E-01
19.51	9.59E-01
19.51	9.59E-01
19.52	9.59E-01
19.52	9.59E-01
19.52	9.59E-01
19.52	9.59E-01
19.52	9.59E-01
19.52	9.59E-01
19.52	9.59E-01
19.52	9.59E-01
19.52	9.59E-01
19.52	9.59E-01
19.52	9.59E-01
19.52	9.59E-01
19.52	9.59E-01
19.52	9.59E-01
19.52	9.59E-01
19.52	9.59E-01
19.52	9.59E-01
19.52	9.59E-01
19.52	9.59E-01
19.52	9.59E-01
19.53	9.59E-01
19.53	9.59E-01
19.53	9.59E-01
19.53	9.59E-01
19.53	9.59E-01
19.53	9.59E-01
19.53	9.59E-01
19.53	9.59E-01
19.53	9.59E-01
19.53	9.59E-01
19.53	9.59E-01
19.53	9.59E-01
19.53	9.59E-01
19.53	9.59E-01
19.53	9.59E-01
19.53	9.59E-01
19.53	9.59E-01
19.53	9.59E-01
19.53	9.59E-01
19.53	9.59E-01
19.54	9.59E-01
19.54	9.59E-01
19.54	9.59E-01
19.54	9.59E-01
19.54	9.59E-01
19.54	9.59E-01
19.54	9.59E-01
19.54	9.59E-01
19.54	9.59E-01
19.54	9.59E-01
19.54	9.59E-01
19.54	9.59E-01
19.54	9.59E-01
19.54	9.59E-01
19.54	9.59E-01
19.54	9.59E-01
19.54	9.59E-01
19.54	9.59E-01
19.54	9.59E-01
19.55	9.59E-01
19.55	9.59E-01
19.55	9.59E-01
19.55	9.59E-01
19.55	9.59E-01
19.55	9.59E-01
19.55	9.59E-01
19.55	9.59E-01
19.55	9.59E-01
19.55	9.59E-01
19.55	9.59E-01
19.55	9.59E-01
19.55	9.59E-01
19.55	9.59E-01
19.55	9.59E-01
19.55	9.59E-01
19.55	9.59E-01
19.55	9.59E-01
19.55	9.59E-01
19.55	9.59E-01
19.56	9.59E-01
19.56	9.59E-01
19.56	9.59E-01
19.56	9.59E-01
19.56	9.59E-01
19.56	9.59E-01
19.56	9.59E-01
19.56	9.59E-01
19.56	9.59E-01
19.56	9.59E-01
19.56	9.59E-01
19.56	9.59E-01
19.56	9.59E-01
19.56	9.59E-01
19.56	9.59E-01
19.56	9.59E-01
19.56	9.59E-01
19.56	9.59E-01
19.56	9.59E-01
19.56	9.59E-01
19.57	9.59E-01
19.57	9.59E-01
19.57	9.59E-01
19.57	9.59E-01
19.57	9.59E-01
19.57	9.59E-01
19.57	9.59E-01
19.57	9.59E-01
19.57	9.59E-01
19.57	9.59E-01
19.57	9.59E-01
19.57	9.59E-01
19.57	9.59E-01
19.57	9.59E-01
19.57	9.59E-01
19.57	9.59E-01
19.57	9.59E-01
19.57	9.59E-01
19.57	9.59E-01
19.57	9.59E-01
19.58	9.59E-01
19.58	9.59E-01
19.58	9.59E-01
19.58	9.59E-01
19.58	9.59E-01
19.58	9.59E-01
19.58	9.59E-01
19.58	9.59E-01
19.58	9.59E-01
19.58	9.59E-01
19.58	9.59E-01
19.58	9.59E-01
19.58	9.59E-01
19.58	9.59E-01
19.58	9.59E-01
19.58	9.59E-01
19.58	9.59E-01
19.58	9.59E-01
19.58	9.59E-01
19.58	9.59E-01
19.58	9.59E-01
19.59	9.59E-01
19.59	9.59E-01
19.59	9.59E-01
19.59	9.59E-01
19.59	9.59E-01
19.59	9.59E-01
19.59	9.59E-01
19.59	9.59E-01
19.59	9.59E-01
19.59	9.59E-01
19.59	9.59E-01
19.59	9.59E-01
19.59	9.59E-01
19.59	9.59E-01
19.59	9.59E-01
19.59	9.59E-01
19.59	9.59E-01
19.59	9.59E-01
19.59	9.59E-01
19.59	9.59E-01
19.6	9.59E-01
19.6	9.59E-01
19.6	9.59E-01
19.6	9.59E-01
19.6	9.59E-01
19.6	9.59E-01
19.6	9.59E-01
19.6	9.59E-01
19.6	9.59E-01
19.6	9.59E-01
19.6	9.59E-01
19.6	9.59E-01
19.6	9.59E-01
19.6	9.59E-01
19.6	9.59E-01
19.6	9.59E-01
19.6	9.59E-01
19.6	9.59E-01
19.6	9.59E-01
19.6	9.59E-01
19.61	9.59E-01
19.61	9.59E-01
19.61	9.59E-01
19.61	9.59E-01
19.61	9.59E-01
19.61	9.59E-01
19.61	9.59E-01
19.61	9.59E-01
19.61	9.59E-01
19.61	9.59E-01
19.61	9.59E-01
19.61	9.59E-01
19.61	9.59E-01
19.61	9.59E-01
19.61	9.59E-01
19.61	9.59E-01
19.61	9.59E-01
19.61	9.59E-01
19.61	9.59E-01
19.61	9.59E-01
19.62	9.59E-01
19.62	9.59E-01
19.62	9.59E-01
19.62	9.59E-01
19.62	9.59E-01
19.62	9.59E-01
19.62	9.59E-01
19.62	9.59E-01
19.62	9.59E-01
19.62	9.59E-01
19.62	9.59E-01
19.62	9.59E-01
19.62	9.59E-01
19.62	9.59E-01
19.62	9.59E-01
19.62	9.59E-01
19.62	9.59E-01
19.62	9.59E-01
19.62	9.59E-01
19.62	9.59E-01
19.63	9.59E-01
19.63	9.59E-01
19.63	9.59E-01
19.63	9.59E-01
19.63	9.59E-01
19.63	9.59E-01
19.63	9.59E-01
19.63	9.59E-01
19.63	9.59E-01
19.63	9.59E-01
19.63	9.59E-01
19.63	9.59E-01
19.63	9.59E-01
19.63	9.59E-01
19.63	9.59E-01
19.63	9.59E-01
19.63	9.59E-01
19.63	9.59E-01
19.63	9.59E-01
19.64	9.59E-01
19.64	9.59E-01
19.64	9.59E-01
19.64	9.59E-01
19.64	9.59E-01
19.64	9.59E-01
19.64	9.59E-01
19.64	9.59E-01
19.64	9.59E-01
19.64	9.59E-01
19.64	9.59E-01
19.64	9.59E-01
19.64	9.59E-01
19.64	9.59E-01
19.64	9.59E-01
19.64	9.59E-01
19.64	9.59E-01
19.64	9.59E-01
19.64	9.59E-01
19.64	9.59E-01
19.65	9.59E-01
19.65	9.59E-01
19.65	9.59E-01
19.65	9.59E-01
19.65	9.59E-01
19.65	9.59E-01
19.65	9.59E-01
19.65	9.59E-01
19.65	9.59E-01
19.65	9.59E-01
19.65	9.59E-01
19.65	9.59E-01
19.65	9.59E-01
19.65	9.59E-01
19.65	9.59E-01
19.65	9.59E-01
19.65	9.59E-01
19.65	9.59E-01
19.65	9.59E-01
19.65	9.59E-01
19.66	9.59E-01
19.66	9.59E-01
19.66	9.59E-01
19.66	9.59E-01
19.66	9.59E-01
19.66	9.59E-01
19.66	9.59E-01
19.66	9.59E-01
19.66	9.59E-01
19.66	9.59E-01
19.66	9.59E-01
19.66	9.59E-01
19.66	9.59E-01
19.66	9.59E-01
19.66	9.59E-01
19.66	9.59E-01
19.66	9.59E-01
19.66	9.59E-01
19.66	9.59E-01
19.66	9.59E-01
19.67	9.59E-01
19.67	9.59E-01
19.67	9.59E-01
19.67	9.59E-01
19.67	9.59E-01
19.67	9.59E-01
19.67	9.59E-01
19.67	9.59E-01
19.67	9.59E-01
19.67	9.59E-01
19.67	9.59E-01
19.67	9.59E-01
19.67	9.59E-01
19.67	9.59E-01
19.67	9.59E-01
19.67	9.59E-01
19.67	9.59E-01
19.67	9.59E-01
19.67	9.59E-01
19.67	9.59E-01
19.67	9.59E-01
19.68	9.59E-01
19.68	9.59E-01
19.68	9.59E-01
19.68	9.59E-01
19.68	9.59E-01
19.68	9.59E-01
19.68	9.59E-01
19.68	9.59E-01
19.68	9.59E-01
19.68	9.59E-01
19.68	9.59E-01
19.68	9.59E-01
19.68	9.59E-01
19.68	9.59E-01
19.68	9.59E-01
19.68	9.59E-01
19.68	9.59E-01
19.68	9.59E-01
19.68	9.59E-01
19.68	9.59E-01
19.69	9.59E-01
19.69	9.59E-01
19.69	9.59E-01
19.69	9.59E-01
19.69	9.59E-01
19.69	9.59E-01
19.69	9.59E-01
19.69	9.59E-01
19.69	9.59E-01
19.69	9.59E-01
19.69	9.59E-01
19.69	9.59E-01
19.69	9.59E-01
19.69	9.59E-01
19.69	9.59E-01
19.69	9.59E-01
19.69	9.59E-01
19.69	9.59E-01
19.69	9.59E-01
19.69	9.59E-01
19.7	9.59E-01
19.7	9.59E-01
19.7	9.59E-01
19.7	9.59E-01
19.7	9.59E-01
19.7	9.59E-01
19.7	9.59E-01
19.7	9.59E-01
19.7	9.59E-01
19.7	9.59E-01
19.7	9.59E-01
19.7	9.59E-01
19.7	9.59E-01
19.7	9.59E-01
19.7	9.59E-01
19.7	9.59E-01
19.7	9.59E-01
19.7	9.59E-01
19.7	9.59E-01
19.7	9.59E-01
19.71	9.59E-01
19.71	9.59E-01
19.71	9.59E-01
19.71	9.59E-01
19.71	9.59E-01
19.71	9.59E-01
19.71	9.59E-01
19.71	9.59E-01
19.71	9.59E-01
19.71	9.59E-01
19.71	9.59E-01
19.71	9.59E-01
19.71	9.59E-01
19.71	9.59E-01
19.71	9.59E-01
19.71	9.59E-01
19.71	9.59E-01
19.71	9.59E-01
19.71	9.59E-01
19.72	9.59E-01
19.72	9.59E-01
19.72	9.59E-01
19.72	9.59E-01
19.72	9.59E-01
19.72	9.59E-01
19.72	9.59E-01
19.72	9.59E-01
19.72	9.59E-01
19.72	9.59E-01
19.72	9.59E-01
19.72	9.59E-01
19.72	9.59E-01
19.72	9.59E-01
19.72	9.59E-01
19.72	9.59E-01
19.72	9.59E-01
19.72	9.59E-01
19.72	9.59E-01
19.72	9.59E-01
19.73	9.59E-01
19.73	9.59E-01
19.73	9.59E-01
19.73	9.59E-01
19.73	9.59E-01
19.73	9.59E-01
19.73	9.59E-01
19.73	9.59E-01
19.73	9.59E-01
19.73	9.59E-01
19.73	9.59E-01
19.73	9.59E-01
19.73	9.59E-01
19.73	9.59E-01
19.73	9.59E-01
19.73	9.59E-01
19.73	9.59E-01
19.73	9.59E-01
19.73	9.59E-01
19.73	9.59E-01
19.74	9.59E-01
19.74	9.59E-01
19.74	9.59E-01
19.74	9.59E-01
19.74	9.59E-01
19.74	9.59E-01
19.74	9.59E-01
19.74	9.59E-01
19.74	9.59E-01
19.74	9.59E-01
19.74	9.59E-01
19.74	9.59E-01
19.74	9.59E-01
19.74	9.59E-01
19.74	9.59E-01
19.74	9.59E-01
19.74	9.59E-01
19.74	9.59E-01
19.74	9.59E-01
19.74	9.59E-01
19.75	9.59E-01
19.75	9.59E-01
19.75	9.59E-01
19.75	9.59E-01
19.75	9.59E-01
19.75	9.59E-01
19.75	9.59E-01
19.75	9.59E-01
19.75	9.59E-01
19.75	9.59E-01
19.75	9.59E-01
19.75	9.59E-01
19.75	9.59E-01
19.75	9.59E-01
19.75	9.59E-01
19.75	9.59E-01
19.75	9.59E-01
19.75	9.59E-01
19.75	9.59E-01
19.75	9.59E-01
19.75	9.59E-01
19.76	9.59E-01
19.76	9.59E-01
19.76	9.59E-01
19.76	9.59E-01
19.76	9.59E-01
19.76	9.59E-01
19.76	9.59E-01
19.76	9.59E-01
19.76	9.59E-01
19.76	9.59E-01
19.76	9.59E-01
19.76	9.59E-01
19.76	9.59E-01
19.76	9.59E-01
19.76	9.59E-01
19.76	9.59E-01
19.76	9.59E-01
19.76	9.59E-01
19.76	9.59E-01
19.76	9.59E-01
19.77	9.59E-01
19.77	9.59E-01
19.77	9.59E-01
19.77	9.59E-01
19.77	9.59E-01
19.77	9.59E-01
19.77	9.59E-01
19.77	9.59E-01
19.77	9.59E-01
19.77	9.59E-01
19.77	9.59E-01
19.77	9.59E-01
19.77	9.59E-01
19.77	9.59E-01
19.77	9.59E-01
19.77	9.59E-01
19.77	9.59E-01
19.77	9.59E-01
19.77	9.59E-01
19.77	9.59E-01
19.78	9.59E-01
19.78	9.59E-01
19.78	9.59E-01
19.78	9.59E-01
19.78	9.59E-01
19.78	9.59E-01
19.78	9.59E-01
19.78	9.59E-01
19.78	9.59E-01
19.78	9.59E-01
19.78	9.59E-01
19.78	9.59E-01
19.78	9.59E-01
19.78	9.59E-01
19.78	9.59E-01
19.78	9.59E-01
19.78	9.59E-01
19.78	9.59E-01
19.78	9.59E-01
19.78	9.59E-01
19.79	9.59E-01
19.79	9.59E-01
19.79	9.59E-01
19.79	9.59E-01
19.79	9.59E-01
19.79	9.59E-01
19.79	9.59E-01
19.79	9.59E-01
19.79	9.59E-01
19.79	9.59E-01
19.79	9.59E-01
19.79	9.59E-01
19.79	9.59E-01
19.79	9.59E-01
19.79	9.59E-01
19.79	9.59E-01
19.79	9.59E-01
19.79	9.59E-01
19.79	9.59E-01
19.8	9.59E-01
19.8	9.59E-01
19.8	9.59E-01
19.8	9.59E-01
19.8	9.59E-01
19.8	9.59E-01
19.8	9.59E-01
19.8	9.59E-01
19.8	9.59E-01
19.8	9.59E-01
19.8	9.59E-01
19.8	9.59E-01
19.8	9.59E-01
19.8	9.59E-01
19.8	9.59E-01
19.8	9.59E-01
19.8	9.59E-01
19.8	9.59E-01
19.8	9.59E-01
19.8	9.59E-01
19.81	9.59E-01
19.81	9.59E-01
19.81	9.59E-01
19.81	9.59E-01
19.81	9.59E-01
19.81	9.59E-01
19.81	9.59E-01
19.81	9.59E-01
19.81	9.59E-01
19.81	9.59E-01
19.81	9.59E-01
19.81	9.59E-01
19.81	9.59E-01
19.81	9.59E-01
19.81	9.59E-01
19.81	9.59E-01
19.81	9.59E-01
19.81	9.59E-01
19.81	9.59E-01
19.81	9.59E-01
19.82	9.59E-01
19.82	9.59E-01
19.82	9.59E-01
19.82	9.59E-01
19.82	9.59E-01
19.82	9.59E-01
19.82	9.59E-01
19.82	9.59E-01
19.82	9.59E-01
19.82	9.59E-01
19.82	9.59E-01
19.82	9.59E-01
19.82	9.59E-01
19.82	9.59E-01
19.82	9.59E-01
19.82	9.59E-01
19.82	9.59E-01
19.82	9.59E-01
19.82	9.59E-01
19.82	9.59E-01
19.83	9.59E-01
19.83	9.59E-01
19.83	9.59E-01
19.83	9.59E-01
19.83	9.59E-01
19.83	9.59E-01
19.83	9.59E-01
19.83	9.59E-01
19.83	9.59E-01
19.83	9.59E-01
19.83	9.59E-01
19.83	9.59E-01
19.83	9.59E-01
19.83	9.59E-01
19.83	9.59E-01
19.83	9.59E-01
19.83	9.59E-01
19.83	9.59E-01
19.83	9.59E-01
19.83	9.59E-01
19.83	9.59E-01
19.84	9.59E-01
19.84	9.59E-01
19.84	9.59E-01
19.84	9.59E-01
19.84	9.59E-01
19.84	9.59E-01
19.84	9.59E-01
19.84	9.59E-01
19.84	9.59E-01
19.84	9.59E-01
19.84	9.59E-01
19.84	9.59E-01
19.84	9.59E-01
19.84	9.59E-01
19.84	9.59E-01
19.84	9.59E-01
19.84	9.59E-01
19.84	9.59E-01
19.84	9.59E-01
19.84	9.59E-01
19.85	9.59E-01
19.85	9.59E-01
19.85	9.59E-01
19.85	9.59E-01
19.85	9.59E-01
19.85	9.59E-01
19.85	9.59E-01
19.85	9.59E-01
19.85	9.59E-01
19.85	9.59E-01
19.85	9.59E-01
19.85	9.59E-01
19.85	9.59E-01
19.85	9.59E-01
19.85	9.59E-01
19.85	9.59E-01
19.85	9.59E-01
19.85	9.59E-01
19.85	9.59E-01
19.85	9.59E-01
19.86	9.59E-01
19.86	9.59E-01
19.86	9.59E-01
19.86	9.59E-01
19.86	9.59E-01
19.86	9.59E-01
19.86	9.59E-01
19.86	9.59E-01
19.86	9.59E-01
19.86	9.59E-01
19.86	9.59E-01
19.86	9.59E-01
19.86	9.59E-01
19.86	9.59E-01
19.86	9.59E-01
19.86	9.59E-01
19.86	9.59E-01
19.86	9.59E-01
19.86	9.59E-01
19.86	9.59E-01
19.87	9.59E-01
19.87	9.59E-01
19.87	9.59E-01
19.87	9.59E-01
19.87	9.59E-01
19.87	9.59E-01
19.87	9.59E-01
19.87	9.59E-01
19.87	9.59E-01
19.87	9.59E-01
19.87	9.59E-01
19.87	9.59E-01
19.87	9.59E-01
19.87	9.59E-01
19.87	9.59E-01
19.87	9.59E-01
19.87	9.59E-01
19.87	9.59E-01
19.87	9.59E-01
19.88	9.59E-01
19.88	9.59E-01
19.88	9.59E-01
19.88	9.59E-01
19.88	9.59E-01
19.88	9.59E-01
19.88	9.59E-01
19.88	9.59E-01
19.88	9.59E-01
19.88	9.59E-01
19.88	9.59E-01
19.88	9.59E-01
19.88	9.59E-01
19.88	9.59E-01
19.88	9.59E-01
19.88	9.59E-01
19.88	9.59E-01
19.88	9.59E-01
19.88	9.59E-01
19.88	9.59E-01
19.89	9.59E-01
19.89	9.59E-01
19.89	9.59E-01
19.89	9.59E-01
19.89	9.59E-01
19.89	9.59E-01
19.89	9.59E-01
19.89	9.59E-01
19.89	9.59E-01
19.89	9.59E-01
19.89	9.59E-01
19.89	9.59E-01
19.89	9.59E-01
19.89	9.59E-01
19.89	9.59E-01
19.89	9.59E-01
19.89	9.59E-01
19.89	9.59E-01
19.89	9.59E-01
19.89	9.59E-01
19.9	9.59E-01
19.9	9.59E-01
19.9	9.59E-01
19.9	9.59E-01
19.9	9.59E-01
19.9	9.59E-01
19.9	9.59E-01
19.9	9.59E-01
19.9	9.59E-01
19.9	9.59E-01
19.9	9.59E-01
19.9	9.59E-01
19.9	9.59E-01
19.9	9.59E-01
19.9	9.59E-01
19.9	9.59E-01
19.9	9.59E-01
19.9	9.59E-01
19.9	9.59E-01
19.9	9.59E-01
19.91	9.59E-01
19.91	9.59E-01
19.91	9.59E-01
19.91	9.59E-01
19.91	9.59E-01
19.91	9.59E-01
19.91	9.59E-01
19.91	9.59E-01
19.91	9.59E-01
19.91	9.59E-01
19.91	9.59E-01
19.91	9.59E-01
19.91	9.59E-01
19.91	9.59E-01
19.91	9.59E-01
19.91	9.59E-01
19.91	9.59E-01
19.91	9.59E-01
19.91	9.59E-01
19.91	9.59E-01
19.92	9.59E-01
19.92	9.59E-01
19.92	9.59E-01
19.92	9.59E-01
19.92	9.59E-01
19.92	9.59E-01
19.92	9.59E-01
19.92	9.59E-01
19.92	9.59E-01
19.92	9.59E-01
19.92	9.59E-01
19.92	9.59E-01
19.92	9.59E-01
19.92	9.59E-01
19.92	9.59E-01
19.92	9.59E-01
19.92	9.59E-01
19.92	9.59E-01
19.92	9.59E-01
19.92	9.59E-01
19.92	9.59E-01
19.93	9.59E-01
19.93	9.59E-01
19.93	9.59E-01
19.93	9.59E-01
19.93	9.59E-01
19.93	9.59E-01
19.93	9.59E-01
19.93	9.59E-01
19.93	9.59E-01
19.93	9.59E-01
19.93	9.59E-01
19.93	9.59E-01
19.93	9.59E-01
19.93	9.59E-01
19.93	9.59E-01
19.93	9.59E-01
19.93	9.59E-01
19.93	9.59E-01
19.93	9.59E-01
19.93	9.59E-01
19.94	9.59E-01
19.94	9.59E-01
19.94	9.59E-01
19.94	9.59E-01
19.94	9.59E-01
19.94	9.59E-01
19.94	9.59E-01
19.94	9.59E-01
19.94	9.59E-01
19.94	9.59E-01
19.94	9.59E-01
19.94	9.59E-01
19.94	9.59E-01
19.94	9.59E-01
19.94	9.59E-01
19.94	9.59E-01
19.94	9.59E-01
19.94	9.59E-01
19.94	9.59E-01
19.94	9.59E-01
19.95	9.59E-01
19.95	9.59E-01
19.95	9.59E-01
19.95	9.59E-01
19.95	9.59E-01
19.95	9.59E-01
19.95	9.59E-01
19.95	9.59E-01
19.95	9.59E-01
19.95	9.59E-01
19.95	9.59E-01
19.95	9.59E-01
19.95	9.59E-01
19.95	9.59E-01
19.95	9.59E-01
19.95	9.59E-01
19.95	9.59E-01
19.95	9.59E-01
19.95	9.59E-01
19.95	9.59E-01
19.96	9.59E-01
19.96	9.59E-01
19.96	9.59E-01
19.96	9.59E-01
19.96	9.59E-01
19.96	9.59E-01
19.96	9.59E-01
19.96	9.59E-01
19.96	9.59E-01
19.96	9.59E-01
19.96	9.59E-01
19.96	9.59E-01
19.96	9.59E-01
19.96	9.59E-01
19.96	9.59E-01
19.96	9.59E-01
19.96	9.59E-01
19.96	9.59E-01
19.96	9.59E-01
19.97	9.59E-01
19.97	9.59E-01
19.97	9.59E-01
19.97	9.59E-01
19.97	9.59E-01
19.97	9.59E-01
19.97	9.59E-01
19.97	9.59E-01
19.97	9.59E-01
19.97	9.59E-01
19.97	9.59E-01
19.97	9.59E-01
19.97	9.59E-01
19.97	9.59E-01
19.97	9.59E-01
19.97	9.59E-01
19.97	9.59E-01
19.97	9.59E-01
19.97	9.59E-01
19.97	9.59E-01
19.98	9.59E-01
19.98	9.59E-01
19.98	9.59E-01
19.98	9.59E-01
19.98	9.59E-01
19.98	9.59E-01
19.98	9.59E-01
19.98	9.59E-01
19.98	9.59E-01
19.98	9.59E-01
19.98	9.59E-01
19.98	9.59E-01
19.98	9.59E-01
19.98	9.59E-01
19.98	9.59E-01
19.98	9.59E-01
19.98	9.59E-01
19.98	9.59E-01
19.98	9.59E-01
19.98	9.59E-01
19.99	9.59E-01
19.99	9.59E-01
19.99	9.59E-01
19.99	9.59E-01
19.99	9.59E-01
19.99	9.59E-01
19.99	9.59E-01
19.99	9.59E-01
19.99	9.59E-01
19.99	9.59E-01
19.99	9.59E-01
19.99	9.59E-01
19.99	9.59E-01
19.99	9.59E-01
19.99	9.59E-01
19.99	9.59E-01
19.99	9.59E-01
19.99	9.59E-01
19.99	9.59E-01
19.99	9.59E-01
20	9.59E-01
20	9.59E-01
20	9.59E-01
20	9.59E-01
20	9.59E-01
20	9.59E-01
20	9.59E-01
20	9.59E-01
20	9.59E-01
20	9.59E-01
20	9.59E-01
20	9.59E-01
20	9.59E-01
20	9.59E-01
20	9.59E-01
20	9.59E-01
20	9.59E-01
20	9.59E-01
20	9.59E-01
20	9.59E-01
20	9.59E-01
20.01	9.59E-01
20.01	9.59E-01
20.01	9.59E-01
20.01	9.59E-01
20.01	9.59E-01
20.01	9.59E-01
20.01	9.59E-01
20.01	9.59E-01
20.01	9.59E-01
20.01	9.59E-01
20.01	9.59E-01
20.01	9.59E-01
20.01	9.59E-01
20.01	9.59E-01
20.01	9.59E-01
20.01	9.59E-01
20.01	9.59E-01
20.01	9.59E-01
20.01	9.59E-01
20.01	9.59E-01
20.02	9.59E-01
20.02	9.59E-01
20.02	9.59E-01
20.02	9.59E-01
20.02	9.59E-01
20.02	9.59E-01
20.02	9.59E-01
20.02	9.59E-01
20.02	9.59E-01
20.02	9.59E-01
20.02	9.59E-01
20.02	9.59E-01
20.02	9.59E-01
20.02	9.59E-01
20.02	9.59E-01
20.02	9.59E-01
20.02	9.59E-01
20.02	9.59E-01
20.02	9.59E-01
20.02	9.59E-01
20.03	9.59E-01
20.03	9.59E-01
20.03	9.59E-01
20.03	9.59E-01
20.03	9.59E-01
20.03	9.59E-01
20.03	9.59E-01
20.03	9.59E-01
20.03	9.59E-01
20.03	9.59E-01
20.03	9.59E-01
20.03	9.59E-01
20.03	9.59E-01
20.03	9.59E-01
20.03	9.59E-01
20.03	9.59E-01
20.03	9.59E-01
20.03	9.59E-01
20.03	9.59E-01
20.03	9.59E-01
20.04	9.59E-01
20.04	9.59E-01
20.04	9.59E-01
20.04	9.59E-01
20.04	9.59E-01
20.04	9.59E-01
20.04	9.59E-01
20.04	9.59E-01
20.04	9.59E-01
20.04	9.59E-01
20.04	9.59E-01
20.04	9.59E-01
20.04	9.59E-01
20.04	9.59E-01
20.04	9.59E-01
20.04	9.59E-01
20.04	9.59E-01
20.04	9.59E-01
20.04	9.59E-01
20.05	9.59E-01
20.05	9.59E-01
20.05	9.59E-01
20.05	9.59E-01
20.05	9.59E-01
20.05	9.59E-01
20.05	9.59E-01
20.05	9.59E-01
20.05	9.59E-01
20.05	9.59E-01
20.05	9.59E-01
20.05	9.59E-01
20.05	9.59E-01
20.05	9.59E-01
20.05	9.59E-01
20.05	9.59E-01
20.05	9.59E-01
20.05	9.59E-01
20.05	9.59E-01
20.05	9.59E-01
20.06	9.59E-01
20.06	9.59E-01
20.06	9.59E-01
20.06	9.59E-01
20.06	9.59E-01
20.06	9.59E-01
20.06	9.59E-01
20.06	9.59E-01
20.06	9.59E-01
20.06	9.59E-01
20.06	9.59E-01
20.06	9.59E-01
20.06	9.59E-01
20.06	9.59E-01
20.06	9.59E-01
20.06	9.59E-01
20.06	9.59E-01
20.06	9.59E-01
20.06	9.59E-01
20.06	9.59E-01
20.07	9.59E-01
20.07	9.59E-01
20.07	9.59E-01
20.07	9.59E-01
20.07	9.59E-01
20.07	9.59E-01
20.07	9.59E-01
20.07	9.59E-01
20.07	9.59E-01
20.07	9.59E-01
20.07	9.59E-01
20.07	9.59E-01
20.07	9.59E-01
20.07	9.59E-01
20.07	9.59E-01
20.07	9.59E-01
20.07	9.59E-01
20.07	9.59E-01
20.07	9.59E-01
20.07	9.59E-01
20.08	9.59E-01
20.08	9.59E-01
20.08	9.59E-01
20.08	9.59E-01
20.08	9.59E-01
20.08	9.59E-01
20.08	9.59E-01
20.08	9.59E-01
20.08	9.59E-01
20.08	9.59E-01
20.08	9.59E-01
20.08	9.59E-01
20.08	9.59E-01
20.08	9.59E-01
20.08	9.59E-01
20.08	9.59E-01
20.08	9.59E-01
20.08	9.59E-01
20.08	9.59E-01
20.08	9.59E-01
20.08	9.59E-01
20.09	9.59E-01
20.09	9.59E-01
20.09	9.59E-01
20.09	9.59E-01
20.09	9.59E-01
20.09	9.59E-01
20.09	9.59E-01
20.09	9.59E-01
20.09	9.59E-01
20.09	9.59E-01
20.09	9.59E-01
20.09	9.59E-01
20.09	9.59E-01
20.09	9.59E-01
20.09	9.59E-01
20.09	9.59E-01
20.09	9.59E-01
20.09	9.59E-01
20.09	9.59E-01
20.09	9.59E-01
20.1	9.59E-01
20.1	9.59E-01
20.1	9.59E-01
20.1	9.59E-01
20.1	9.59E-01
20.1	9.59E-01
20.1	9.59E-01
20.1	9.59E-01
20.1	9.59E-01
20.1	9.59E-01
20.1	9.59E-01
20.1	9.59E-01
20.1	9.59E-01
20.1	9.59E-01
20.1	9.59E-01
20.1	9.59E-01
20.1	9.59E-01
20.1	9.59E-01
20.1	9.59E-01
20.1	9.59E-01
20.11	9.59E-01
20.11	9.59E-01
20.11	9.59E-01
20.11	9.59E-01
20.11	9.59E-01
20.11	9.59E-01
20.11	9.59E-01
20.11	9.59E-01
20.11	9.59E-01
20.11	9.59E-01
20.11	9.59E-01
20.11	9.59E-01
20.11	9.59E-01
20.11	9.59E-01
20.11	9.59E-01
20.11	9.59E-01
20.11	9.59E-01
20.11	9.59E-01
20.11	9.59E-01
20.11	9.59E-01
20.12	9.59E-01
20.12	9.59E-01
20.12	9.59E-01
20.12	9.59E-01
20.12	9.59E-01
20.12	9.59E-01
20.12	9.59E-01
20.12	9.59E-01
20.12	9.59E-01
20.12	9.59E-01
20.12	9.59E-01
20.12	9.59E-01
20.12	9.59E-01
20.12	9.59E-01
20.12	9.59E-01
20.12	9.59E-01
20.12	9.59E-01
20.12	9.59E-01
20.12	9.59E-01
20.12	9.59E-01
20.13	9.59E-01
20.13	9.59E-01
20.13	9.59E-01
20.13	9.59E-01
20.13	9.59E-01
20.13	9.59E-01
20.13	9.59E-01
20.13	9.59E-01
20.13	9.59E-01
20.13	9.59E-01
20.13	9.59E-01
20.13	9.59E-01
20.13	9.59E-01
20.13	9.59E-01
20.13	9.59E-01
20.13	9.59E-01
20.13	9.59E-01
20.13	9.59E-01
20.13	9.59E-01
20.14	9.59E-01
20.14	9.59E-01
20.14	9.59E-01
20.14	9.59E-01
20.14	9.59E-01
20.14	9.59E-01
20.14	9.59E-01
20.14	9.59E-01
20.14	9.59E-01
20.14	9.59E-01
20.14	9.59E-01
20.14	9.59E-01
20.14	9.59E-01
20.14	9.59E-01
20.14	9.59E-01
20.14	9.59E-01
20.14	9.59E-01
20.14	9.59E-01
20.14	9.59E-01
20.14	9.59E-01
20.15	9.59E-01
20.15	9.59E-01
20.15	9.59E-01
20.15	9.59E-01
20.15	9.59E-01
20.15	9.59E-01
20.15	9.59E-01
20.15	9.59E-01
20.15	9.59E-01
20.15	9.59E-01
20.15	9.59E-01
20.15	9.59E-01
20.15	9.59E-01
20.15	9.59E-01
20.15	9.59E-01
20.15	9.59E-01
20.15	9.59E-01
20.15	9.59E-01
20.15	9.59E-01
20.15	9.59E-01
20.16	9.59E-01
20.16	9.59E-01
20.16	9.59E-01
20.16	9.59E-01
20.16	9.59E-01
20.16	9.59E-01
20.16	9.59E-01
20.16	9.59E-01
20.16	9.59E-01
20.16	9.59E-01
20.16	9.59E-01
20.16	9.59E-01
20.16	9.59E-01
20.16	9.59E-01
20.16	9.59E-01
20.16	9.59E-01
20.16	9.59E-01
20.16	9.59E-01
20.16	9.59E-01
20.16	9.59E-01
20.17	9.59E-01
20.17	9.59E-01
20.17	9.59E-01
20.17	9.59E-01
20.17	9.59E-01
20.17	9.59E-01
20.17	9.59E-01
20.17	9.59E-01
20.17	9.59E-01
20.17	9.59E-01
20.17	9.59E-01
20.17	9.59E-01
20.17	9.59E-01
20.17	9.59E-01
20.17	9.59E-01
20.17	9.59E-01
20.17	9.59E-01
20.17	9.59E-01
20.17	9.59E-01
20.17	9.59E-01
20.17	9.59E-01
20.18	9.59E-01
20.18	9.59E-01
20.18	9.59E-01
20.18	9.59E-01
20.18	9.59E-01
20.18	9.59E-01
20.18	9.59E-01
20.18	9.59E-01
20.18	9.59E-01
20.18	9.59E-01
20.18	9.59E-01
20.18	9.59E-01
20.18	9.59E-01
20.18	9.59E-01
20.18	9.59E-01
20.18	9.59E-01
20.18	9.59E-01
20.18	9.59E-01
20.18	9.59E-01
20.18	9.59E-01
20.19	9.59E-01
20.19	9.59E-01
20.19	9.59E-01
20.19	9.59E-01
20.19	9.59E-01
20.19	9.59E-01
20.19	9.59E-01
20.19	9.59E-01
20.19	9.59E-01
20.19	9.59E-01
20.19	9.59E-01
20.19	9.59E-01
20.19	9.59E-01
20.19	9.59E-01
20.19	9.59E-01
20.19	9.59E-01
20.19	9.59E-01
20.19	9.59E-01
20.19	9.59E-01
20.19	9.59E-01
20.2	9.59E-01
20.2	9.59E-01
20.2	9.59E-01
20.2	9.59E-01
20.2	9.59E-01
20.2	9.59E-01
20.2	9.59E-01
20.2	9.59E-01
20.2	9.59E-01
20.2	9.59E-01
20.2	9.59E-01
20.2	9.59E-01
20.2	9.59E-01
20.2	9.59E-01
20.2	9.59E-01
20.2	9.59E-01
20.2	9.59E-01
20.2	9.59E-01
20.2	9.59E-01
20.2	9.59E-01
20.21	9.59E-01
20.21	9.59E-01
20.21	9.59E-01
20.21	9.59E-01
20.21	9.59E-01
20.21	9.59E-01
20.21	9.59E-01
20.21	9.59E-01
20.21	9.59E-01
20.21	9.59E-01
20.21	9.59E-01
20.21	9.59E-01
20.21	9.59E-01
20.21	9.59E-01
20.21	9.59E-01
20.21	9.59E-01
20.21	9.59E-01
20.21	9.59E-01
20.21	9.59E-01
20.22	9.59E-01
20.22	9.59E-01
20.22	9.59E-01
20.22	9.59E-01
20.22	9.59E-01
20.22	9.59E-01
20.22	9.59E-01
20.22	9.59E-01
20.22	9.59E-01
20.22	9.59E-01
20.22	9.59E-01
20.22	9.59E-01
20.22	9.59E-01
20.22	9.59E-01
20.22	9.59E-01
20.22	9.59E-01
20.22	9.59E-01
20.22	9.59E-01
20.22	9.59E-01
20.22	9.59E-01
20.23	9.59E-01
20.23	9.59E-01
20.23	9.59E-01
20.23	9.59E-01
20.23	9.59E-01
20.23	9.59E-01
20.23	9.59E-01
20.23	9.59E-01
20.23	9.59E-01
20.23	9.59E-01
20.23	9.59E-01
20.23	9.59E-01
20.23	9.59E-01
20.23	9.59E-01
20.23	9.59E-01
20.23	9.59E-01
20.23	9.59E-01
20.23	9.59E-01
20.23	9.59E-01
20.23	9.59E-01
20.24	9.59E-01
20.24	9.59E-01
20.24	9.59E-01
20.24	9.59E-01
20.24	9.59E-01
20.24	9.59E-01
20.24	9.59E-01
20.24	9.59E-01
20.24	9.59E-01
20.24	9.59E-01
20.24	9.59E-01
20.24	9.59E-01
20.24	9.59E-01
20.24	9.59E-01
20.24	9.59E-01
20.24	9.59E-01
20.24	9.59E-01
20.24	9.59E-01
20.24	9.59E-01
20.24	9.59E-01
20.25	9.59E-01
20.25	9.59E-01
20.25	9.59E-01
20.25	9.59E-01
20.25	9.59E-01
20.25	9.59E-01
20.25	9.59E-01
20.25	9.59E-01
20.25	9.59E-01
20.25	9.59E-01
20.25	9.59E-01
20.25	9.59E-01
20.25	9.59E-01
20.25	9.59E-01
20.25	9.59E-01
20.25	9.59E-01
20.25	9.59E-01
20.25	9.59E-01
20.25	9.59E-01
20.25	9.59E-01
20.25	9.59E-01
20.26	9.59E-01
20.26	9.59E-01
20.26	9.59E-01
20.26	9.59E-01
20.26	9.59E-01
20.26	9.59E-01
20.26	9.59E-01
20.26	9.59E-01
20.26	9.59E-01
20.26	9.59E-01
20.26	9.59E-01
20.26	9.59E-01
20.26	9.59E-01
20.26	9.59E-01
20.26	9.59E-01
20.26	9.59E-01
20.26	9.59E-01
20.26	9.59E-01
20.26	9.59E-01
20.26	9.59E-01
20.27	9.59E-01
20.27	9.59E-01
20.27	9.59E-01
20.27	9.59E-01
20.27	9.59E-01
20.27	9.59E-01
20.27	9.59E-01
20.27	9.59E-01
20.27	9.59E-01
20.27	9.59E-01
20.27	9.59E-01
20.27	9.59E-01
20.27	9.59E-01
20.27	9.59E-01
20.27	9.59E-01
20.27	9.59E-01
20.27	9.59E-01
20.27	9.59E-01
20.27	9.59E-01
20.27	9.59E-01
20.28	9.59E-01
20.28	9.59E-01
20.28	9.59E-01
20.28	9.59E-01
20.28	9.59E-01
20.28	9.59E-01
20.28	9.59E-01
20.28	9.59E-01
20.28	9.59E-01
20.28	9.59E-01
20.28	9.59E-01
20.28	9.59E-01
20.28	9.59E-01
20.28	9.59E-01
20.28	9.59E-01
20.28	9.59E-01
20.28	9.59E-01
20.28	9.59E-01
20.28	9.59E-01
20.28	9.59E-01
20.29	9.59E-01
20.29	9.59E-01
20.29	9.59E-01
20.29	9.59E-01
20.29	9.59E-01
20.29	9.59E-01
20.29	9.59E-01
20.29	9.59E-01
20.29	9.59E-01
20.29	9.59E-01
20.29	9.59E-01
20.29	9.59E-01
20.29	9.59E-01
20.29	9.59E-01
20.29	9.59E-01
20.29	9.59E-01
20.29	9.59E-01
20.29	9.59E-01
20.29	9.59E-01
20.3	9.59E-01
20.3	9.59E-01
20.3	9.59E-01
20.3	9.59E-01
20.3	9.59E-01
20.3	9.59E-01
20.3	9.59E-01
20.3	9.59E-01
20.3	9.59E-01
20.3	9.59E-01
20.3	9.59E-01
20.3	9.59E-01
20.3	9.59E-01
20.3	9.59E-01
20.3	9.59E-01
20.3	9.59E-01
20.3	9.59E-01
20.3	9.59E-01
20.3	9.59E-01
20.3	9.59E-01
20.31	9.59E-01
20.31	9.59E-01
20.31	9.59E-01
20.31	9.59E-01
20.31	9.59E-01
20.31	9.59E-01
20.31	9.59E-01
20.31	9.59E-01
20.31	9.59E-01
20.31	9.59E-01
20.31	9.59E-01
20.31	9.59E-01
20.31	9.59E-01
20.31	9.59E-01
20.31	9.59E-01
20.31	9.59E-01
20.31	9.59E-01
20.31	9.59E-01
20.31	9.59E-01
20.31	9.59E-01
20.32	9.59E-01
20.32	9.59E-01
20.32	9.59E-01
20.32	9.59E-01
20.32	9.59E-01
20.32	9.59E-01
20.32	9.59E-01
20.32	9.59E-01
20.32	9.59E-01
20.32	9.59E-01
20.32	9.59E-01
20.32	9.59E-01
20.32	9.59E-01
20.32	9.59E-01
20.32	9.59E-01
20.32	9.59E-01
20.32	9.59E-01
20.32	9.59E-01
20.32	9.59E-01
20.32	9.59E-01
20.33	9.59E-01
20.33	9.59E-01
20.33	9.59E-01
20.33	9.59E-01
20.33	9.59E-01
20.33	9.59E-01
20.33	9.59E-01
20.33	9.59E-01
20.33	9.59E-01
20.33	9.59E-01
20.33	9.59E-01
20.33	9.59E-01
20.33	9.59E-01
20.33	9.59E-01
20.33	9.59E-01
20.33	9.59E-01
20.33	9.59E-01
20.33	9.59E-01
20.33	9.59E-01
20.33	9.59E-01
20.33	9.59E-01
20.34	9.59E-01
20.34	9.59E-01
20.34	9.59E-01
20.34	9.59E-01
20.34	9.59E-01
20.34	9.59E-01
20.34	9.59E-01
20.34	9.59E-01
20.34	9.59E-01
20.34	9.59E-01
20.34	9.59E-01
20.34	9.59E-01
20.34	9.59E-01
20.34	9.59E-01
20.34	9.59E-01
20.34	9.59E-01
20.34	9.59E-01
20.34	9.59E-01
20.34	9.59E-01
20.34	9.59E-01
20.35	9.59E-01
20.35	9.59E-01
20.35	9.59E-01
20.35	9.59E-01
20.35	9.59E-01
20.35	9.59E-01
20.35	9.59E-01
20.35	9.59E-01
20.35	9.59E-01
20.35	9.59E-01
20.35	9.59E-01
20.35	9.59E-01
20.35	9.59E-01
20.35	9.59E-01
20.35	9.59E-01
20.35	9.59E-01
20.35	9.59E-01
20.35	9.59E-01
20.35	9.59E-01
20.35	9.59E-01
20.36	9.59E-01
20.36	9.59E-01
20.36	9.59E-01
20.36	9.59E-01
20.36	9.59E-01
20.36	9.59E-01
20.36	9.59E-01
20.36	9.59E-01
20.36	9.59E-01
20.36	9.59E-01
20.36	9.59E-01
20.36	9.59E-01
20.36	9.59E-01
20.36	9.59E-01
20.36	9.59E-01
20.36	9.59E-01
20.36	9.59E-01
20.36	9.59E-01
20.36	9.59E-01
20.36	9.59E-01
20.37	9.59E-01
20.37	9.59E-01
20.37	9.59E-01
20.37	9.59E-01
20.37	9.59E-01
20.37	9.59E-01
20.37	9.59E-01
20.37	9.59E-01
20.37	9.59E-01
20.37	9.59E-01
20.37	9.59E-01
20.37	9.59E-01
20.37	9.59E-01
20.37	9.59E-01
20.37	9.59E-01
20.37	9.59E-01
20.37	9.59E-01
20.37	9.59E-01
20.37	9.59E-01
20.38	9.59E-01
20.38	9.59E-01
20.38	9.59E-01
20.38	9.59E-01
20.38	9.59E-01
20.38	9.59E-01
20.38	9.59E-01
20.38	9.59E-01
20.38	9.59E-01
20.38	9.59E-01
20.38	9.59E-01
20.38	9.59E-01
20.38	9.59E-01
20.38	9.59E-01
20.38	9.59E-01
20.38	9.59E-01
20.38	9.59E-01
20.38	9.59E-01
20.38	9.59E-01
20.38	9.59E-01
20.39	9.59E-01
20.39	9.59E-01
20.39	9.59E-01
20.39	9.59E-01
20.39	9.59E-01
20.39	9.59E-01
20.39	9.59E-01
20.39	9.59E-01
20.39	9.59E-01
20.39	9.59E-01
20.39	9.59E-01
20.39	9.59E-01
20.39	9.59E-01
20.39	9.59E-01
20.39	9.59E-01
20.39	9.59E-01
20.39	9.59E-01
20.39	9.59E-01
20.39	9.59E-01
20.39	9.59E-01
20.4	9.59E-01
20.4	9.59E-01
20.4	9.59E-01
20.4	9.59E-01
20.4	9.59E-01
20.4	9.59E-01
20.4	9.59E-01
20.4	9.59E-01
20.4	9.59E-01
20.4	9.59E-01
20.4	9.59E-01
20.4	9.59E-01
20.4	9.59E-01
20.4	9.59E-01
20.4	9.59E-01
20.4	9.59E-01
20.4	9.59E-01
20.4	9.59E-01
20.4	9.59E-01
20.4	9.59E-01
20.41	9.59E-01
20.41	9.59E-01
20.41	9.59E-01
20.41	9.59E-01
20.41	9.59E-01
20.41	9.59E-01
20.41	9.59E-01
20.41	9.59E-01
20.41	9.59E-01
20.41	9.59E-01
20.41	9.59E-01
20.41	9.59E-01
20.41	9.59E-01
20.41	9.59E-01
20.41	9.59E-01
20.41	9.59E-01
20.41	9.59E-01
20.41	9.59E-01
20.41	9.59E-01
20.41	9.59E-01
20.42	9.59E-01
20.42	9.59E-01
20.42	9.59E-01
20.42	9.59E-01
20.42	9.59E-01
20.42	9.59E-01
20.42	9.59E-01
20.42	9.59E-01
20.42	9.59E-01
20.42	9.59E-01
20.42	9.59E-01
20.42	9.59E-01
20.42	9.59E-01
20.42	9.59E-01
20.42	9.59E-01
20.42	9.59E-01
20.42	9.59E-01
20.42	9.59E-01
20.42	9.59E-01
20.42	9.59E-01
20.42	9.59E-01
20.43	9.59E-01
20.43	9.59E-01
20.43	9.59E-01
20.43	9.59E-01
20.43	9.59E-01
20.43	9.59E-01
20.43	9.59E-01
20.43	9.59E-01
20.43	9.59E-01
20.43	9.59E-01
20.43	9.59E-01
20.43	9.59E-01
20.43	9.59E-01
20.43	9.59E-01
20.43	9.59E-01
20.43	9.59E-01
20.43	9.59E-01
20.43	9.59E-01
20.43	9.59E-01
20.43	9.59E-01
20.44	9.59E-01
20.44	9.59E-01
20.44	9.59E-01
20.44	9.59E-01
20.44	9.59E-01
20.44	9.59E-01
20.44	9.59E-01
20.44	9.59E-01
20.44	9.59E-01
20.44	9.59E-01
20.44	9.59E-01
20.44	9.59E-01
20.44	9.59E-01
20.44	9.59E-01
20.44	9.59E-01
20.44	9.59E-01
20.44	9.59E-01
20.44	9.59E-01
20.44	9.59E-01
20.44	9.59E-01
20.45	9.59E-01
20.45	9.59E-01
20.45	9.59E-01
20.45	9.59E-01
20.45	9.59E-01
20.45	9.59E-01
20.45	9.59E-01
20.45	9.59E-01
20.45	9.59E-01
20.45	9.59E-01
20.45	9.59E-01
20.45	9.59E-01
20.45	9.59E-01
20.45	9.59E-01
20.45	9.59E-01
20.45	9.59E-01
20.45	9.59E-01
20.45	9.59E-01
20.45	9.59E-01
20.45	9.59E-01
20.46	9.59E-01
20.46	9.59E-01
20.46	9.59E-01
20.46	9.59E-01
20.46	9.59E-01
20.46	9.59E-01
20.46	9.59E-01
20.46	9.59E-01
20.46	9.59E-01
20.46	9.59E-01
20.46	9.59E-01
20.46	9.59E-01
20.46	9.59E-01
20.46	9.59E-01
20.46	9.59E-01
20.46	9.59E-01
20.46	9.59E-01
20.46	9.59E-01
20.46	9.59E-01
20.47	9.59E-01
20.47	9.59E-01
20.47	9.59E-01
20.47	9.59E-01
20.47	9.59E-01
20.47	9.59E-01
20.47	9.59E-01
20.47	9.59E-01
20.47	9.59E-01
20.47	9.59E-01
20.47	9.59E-01
20.47	9.59E-01
20.47	9.59E-01
20.47	9.59E-01
20.47	9.59E-01
20.47	9.59E-01
20.47	9.59E-01
20.47	9.59E-01
20.47	9.59E-01
20.47	9.59E-01
20.48	9.59E-01
20.48	9.59E-01
20.48	9.59E-01
20.48	9.59E-01
20.48	9.59E-01
20.48	9.59E-01
20.48	9.59E-01
20.48	9.59E-01
20.48	9.59E-01
20.48	9.59E-01
20.48	9.59E-01
20.48	9.59E-01
20.48	9.59E-01
20.48	9.59E-01
20.48	9.59E-01
20.48	9.59E-01
20.48	9.59E-01
20.48	9.59E-01
20.48	9.59E-01
20.48	9.59E-01
20.49	9.59E-01
20.49	9.59E-01
20.49	9.59E-01
20.49	9.59E-01
20.49	9.59E-01
20.49	9.59E-01
20.49	9.59E-01
20.49	9.59E-01
20.49	9.59E-01
20.49	9.59E-01
20.49	9.59E-01
20.49	9.59E-01
20.49	9.59E-01
20.49	9.59E-01
20.49	9.59E-01
20.49	9.59E-01
20.49	9.59E-01
20.49	9.59E-01
20.49	9.59E-01
20.49	9.59E-01
20.5	9.59E-01
20.5	9.59E-01
20.5	9.59E-01
20.5	9.59E-01
20.5	9.59E-01
20.5	9.59E-01
20.5	9.59E-01
20.5	9.59E-01
20.5	9.59E-01
20.5	9.59E-01
20.5	9.59E-01
20.5	9.59E-01
20.5	9.59E-01
20.5	9.59E-01
20.5	9.59E-01
20.5	9.59E-01
20.5	9.59E-01
20.5	9.59E-01
20.5	9.59E-01
20.5	9.59E-01
20.5	9.59E-01
20.51	9.59E-01
20.51	9.59E-01
20.51	9.59E-01
20.51	9.59E-01
20.51	9.59E-01
20.51	9.59E-01
20.51	9.59E-01
20.51	9.59E-01
20.51	9.59E-01
20.51	9.59E-01
20.51	9.59E-01
20.51	9.59E-01
20.51	9.59E-01
20.51	9.59E-01
20.51	9.59E-01
20.51	9.59E-01
20.51	9.59E-01
20.51	9.59E-01
20.51	9.59E-01
20.51	9.59E-01
20.52	9.59E-01
20.52	9.59E-01
20.52	9.59E-01
20.52	9.59E-01
20.52	9.59E-01
20.52	9.59E-01
20.52	9.59E-01
20.52	9.59E-01
20.52	9.59E-01
20.52	9.59E-01
20.52	9.59E-01
20.52	9.59E-01
20.52	9.59E-01
20.52	9.59E-01
20.52	9.59E-01
20.52	9.59E-01
20.52	9.59E-01
20.52	9.59E-01
20.52	9.59E-01
20.52	9.59E-01
20.53	9.59E-01
20.53	9.59E-01
20.53	9.59E-01
20.53	9.59E-01
20.53	9.59E-01
20.53	9.59E-01
20.53	9.59E-01
20.53	9.59E-01
20.53	9.59E-01
20.53	9.59E-01
20.53	9.59E-01
20.53	9.59E-01
20.53	9.59E-01
20.53	9.59E-01
20.53	9.59E-01
20.53	9.59E-01
20.53	9.59E-01
20.53	9.59E-01
20.53	9.59E-01
20.53	9.59E-01
20.54	9.59E-01
20.54	9.59E-01
20.54	9.59E-01
20.54	9.59E-01
20.54	9.59E-01
20.54	9.59E-01
20.54	9.59E-01
20.54	9.59E-01
20.54	9.59E-01
20.54	9.59E-01
20.54	9.59E-01
20.54	9.59E-01
20.54	9.59E-01
20.54	9.59E-01
20.54	9.59E-01
20.54	9.59E-01
20.54	9.59E-01
20.54	9.59E-01
20.54	9.59E-01
20.55	9.59E-01
20.55	9.59E-01
20.55	9.59E-01
20.55	9.59E-01
20.55	9.59E-01
20.55	9.59E-01
20.55	9.59E-01
20.55	9.59E-01
20.55	9.59E-01
20.55	9.59E-01
20.55	9.59E-01
20.55	9.59E-01
20.55	9.59E-01
20.55	9.59E-01
20.55	9.59E-01
20.55	9.59E-01
20.55	9.59E-01
20.55	9.59E-01
20.55	9.59E-01
20.55	9.59E-01
20.56	9.59E-01
20.56	9.59E-01
20.56	9.59E-01
20.56	9.59E-01
20.56	9.59E-01
20.56	9.59E-01
20.56	9.59E-01
20.56	9.59E-01
20.56	9.59E-01
20.56	9.59E-01
20.56	9.59E-01
20.56	9.59E-01
20.56	9.59E-01
20.56	9.59E-01
20.56	9.59E-01
20.56	9.59E-01
20.56	9.59E-01
20.56	9.59E-01
20.56	9.59E-01
20.56	9.59E-01
20.57	9.59E-01
20.57	9.59E-01
20.57	9.59E-01
20.57	9.59E-01
20.57	9.59E-01
20.57	9.59E-01
20.57	9.59E-01
20.57	9.59E-01
20.57	9.59E-01
20.57	9.59E-01
20.57	9.59E-01
20.57	9.59E-01
20.57	9.59E-01
20.57	9.59E-01
20.57	9.59E-01
20.57	9.59E-01
20.57	9.59E-01
20.57	9.59E-01
20.57	9.59E-01
20.57	9.59E-01
20.58	9.59E-01
20.58	9.59E-01
20.58	9.59E-01
20.58	9.59E-01
20.58	9.59E-01
20.58	9.59E-01
20.58	9.59E-01
20.58	9.59E-01
20.58	9.59E-01
20.58	9.59E-01
20.58	9.59E-01
20.58	9.59E-01
20.58	9.59E-01
20.58	9.59E-01
20.58	9.59E-01
20.58	9.59E-01
20.58	9.59E-01
20.58	9.59E-01
20.58	9.59E-01
20.58	9.59E-01
20.58	9.59E-01
20.59	9.59E-01
20.59	9.59E-01
20.59	9.59E-01
20.59	9.59E-01
20.59	9.59E-01
20.59	9.59E-01
20.59	9.59E-01
20.59	9.59E-01
20.59	9.59E-01
20.59	9.59E-01
20.59	9.59E-01
20.59	9.59E-01
20.59	9.59E-01
20.59	9.59E-01
20.59	9.59E-01
20.59	9.59E-01
20.59	9.59E-01
20.59	9.59E-01
20.59	9.59E-01
20.59	9.59E-01
20.6	9.59E-01
20.6	9.59E-01
20.6	9.59E-01
20.6	9.59E-01
20.6	9.59E-01
20.6	9.59E-01
20.6	9.59E-01
20.6	9.59E-01
20.6	9.59E-01
20.6	9.59E-01
20.6	9.59E-01
20.6	9.59E-01
20.6	9.59E-01
20.6	9.59E-01
20.6	9.59E-01
20.6	9.59E-01
20.6	9.59E-01
20.6	9.59E-01
20.6	9.59E-01
20.6	9.59E-01
20.61	9.59E-01
20.61	9.59E-01
20.61	9.59E-01
20.61	9.59E-01
20.61	9.59E-01
20.61	9.59E-01
20.61	9.59E-01
20.61	9.59E-01
20.61	9.59E-01
20.61	9.59E-01
20.61	9.59E-01
20.61	9.59E-01
20.61	9.59E-01
20.61	9.59E-01
20.61	9.59E-01
20.61	9.59E-01
20.61	9.59E-01
20.61	9.59E-01
20.61	9.59E-01
20.61	9.59E-01
20.62	9.59E-01
20.62	9.59E-01
20.62	9.59E-01
20.62	9.59E-01
20.62	9.59E-01
20.62	9.59E-01
20.62	9.59E-01
20.62	9.59E-01
20.62	9.59E-01
20.62	9.59E-01
20.62	9.59E-01
20.62	9.59E-01
20.62	9.59E-01
20.62	9.59E-01
20.62	9.59E-01
20.62	9.59E-01
20.62	9.59E-01
20.62	9.59E-01
20.62	9.59E-01
20.62	9.59E-01
20.63	9.59E-01
20.63	9.59E-01
20.63	9.59E-01
20.63	9.59E-01
20.63	9.59E-01
20.63	9.59E-01
20.63	9.59E-01
20.63	9.59E-01
20.63	9.59E-01
20.63	9.59E-01
20.63	9.59E-01
20.63	9.59E-01
20.63	9.59E-01
20.63	9.59E-01
20.63	9.59E-01
20.63	9.59E-01
20.63	9.59E-01
20.63	9.59E-01
20.63	9.59E-01
20.64	9.59E-01
20.64	9.59E-01
20.64	9.59E-01
20.64	9.59E-01
20.64	9.59E-01
20.64	9.59E-01
20.64	9.59E-01
20.64	9.59E-01
20.64	9.59E-01
20.64	9.59E-01
20.64	9.59E-01
20.64	9.59E-01
20.64	9.59E-01
20.64	9.59E-01
20.64	9.59E-01
20.64	9.59E-01
20.64	9.59E-01
20.64	9.59E-01
20.64	9.59E-01
20.64	9.59E-01
20.65	9.59E-01
20.65	9.59E-01
20.65	9.59E-01
20.65	9.59E-01
20.65	9.59E-01
20.65	9.59E-01
20.65	9.59E-01
20.65	9.59E-01
20.65	9.59E-01
20.65	9.59E-01
20.65	9.59E-01
20.65	9.59E-01
20.65	9.59E-01
20.65	9.59E-01
20.65	9.59E-01
20.65	9.59E-01
20.65	9.59E-01
20.65	9.59E-01
20.65	9.59E-01
20.65	9.59E-01
20.66	9.59E-01
20.66	9.59E-01
20.66	9.59E-01
20.66	9.59E-01
20.66	9.59E-01
20.66	9.59E-01
20.66	9.59E-01
20.66	9.59E-01
20.66	9.59E-01
20.66	9.59E-01
20.66	9.59E-01
20.66	9.59E-01
20.66	9.59E-01
20.66	9.59E-01
20.66	9.59E-01
20.66	9.59E-01
20.66	9.59E-01
20.66	9.59E-01
20.66	9.59E-01
20.66	9.59E-01
20.67	9.59E-01
20.67	9.59E-01
20.67	9.59E-01
20.67	9.59E-01
20.67	9.59E-01
20.67	9.59E-01
20.67	9.59E-01
20.67	9.59E-01
20.67	9.59E-01
20.67	9.59E-01
20.67	9.59E-01
20.67	9.59E-01
20.67	9.59E-01
20.67	9.59E-01
20.67	9.59E-01
20.67	9.59E-01
20.67	9.59E-01
20.67	9.59E-01
20.67	9.59E-01
20.67	9.59E-01
20.67	9.59E-01
20.68	9.59E-01
20.68	9.59E-01
20.68	9.59E-01
20.68	9.59E-01
20.68	9.59E-01
20.68	9.59E-01
20.68	9.59E-01
20.68	9.59E-01
20.68	9.59E-01
20.68	9.59E-01
20.68	9.59E-01
20.68	9.59E-01
20.68	9.59E-01
20.68	9.59E-01
20.68	9.59E-01
20.68	9.59E-01
20.68	9.59E-01
20.68	9.59E-01
20.68	9.59E-01
20.68	9.59E-01
20.69	9.59E-01
20.69	9.59E-01
20.69	9.59E-01
20.69	9.59E-01
20.69	9.59E-01
20.69	9.59E-01
20.69	9.59E-01
20.69	9.59E-01
20.69	9.59E-01
20.69	9.59E-01
20.69	9.59E-01
20.69	9.59E-01
20.69	9.59E-01
20.69	9.59E-01
20.69	9.59E-01
20.69	9.59E-01
20.69	9.59E-01
20.69	9.59E-01
20.69	9.59E-01
20.69	9.59E-01
20.7	9.59E-01
20.7	9.59E-01
20.7	9.59E-01
20.7	9.59E-01
20.7	9.59E-01
20.7	9.59E-01
20.7	9.59E-01
20.7	9.59E-01
20.7	9.59E-01
20.7	9.59E-01
20.7	9.59E-01
20.7	9.59E-01
20.7	9.59E-01
20.7	9.59E-01
20.7	9.59E-01
20.7	9.59E-01
20.7	9.59E-01
20.7	9.59E-01
20.7	9.59E-01
20.7	9.59E-01
20.71	9.59E-01
20.71	9.59E-01
20.71	9.59E-01
20.71	9.59E-01
20.71	9.59E-01
20.71	9.59E-01
20.71	9.59E-01
20.71	9.59E-01
20.71	9.59E-01
20.71	9.59E-01
20.71	9.59E-01
20.71	9.59E-01
20.71	9.59E-01
20.71	9.59E-01
20.71	9.59E-01
20.71	9.59E-01
20.71	9.59E-01
20.71	9.59E-01
20.71	9.59E-01
20.72	9.59E-01
20.72	9.59E-01
20.72	9.59E-01
20.72	9.59E-01
20.72	9.59E-01
20.72	9.59E-01
20.72	9.59E-01
20.72	9.59E-01
20.72	9.59E-01
20.72	9.59E-01
20.72	9.59E-01
20.72	9.59E-01
20.72	9.59E-01
20.72	9.59E-01
20.72	9.59E-01
20.72	9.59E-01
20.72	9.59E-01
20.72	9.59E-01
20.72	9.59E-01
20.72	9.59E-01
20.73	9.59E-01
20.73	9.59E-01
20.73	9.59E-01
20.73	9.59E-01
20.73	9.59E-01
20.73	9.59E-01
20.73	9.59E-01
20.73	9.59E-01
20.73	9.59E-01
20.73	9.59E-01
20.73	9.59E-01
20.73	9.59E-01
20.73	9.59E-01
20.73	9.59E-01
20.73	9.59E-01
20.73	9.59E-01
20.73	9.59E-01
20.73	9.59E-01
20.73	9.59E-01
20.73	9.59E-01
20.74	9.59E-01
20.74	9.59E-01
20.74	9.59E-01
20.74	9.59E-01
20.74	9.59E-01
20.74	9.59E-01
20.74	9.59E-01
20.74	9.59E-01
20.74	9.59E-01
20.74	9.59E-01
20.74	9.59E-01
20.74	9.59E-01
20.74	9.59E-01
20.74	9.59E-01
20.74	9.59E-01
20.74	9.59E-01
20.74	9.59E-01
20.74	9.59E-01
20.74	9.59E-01
20.74	9.59E-01
20.75	9.59E-01
20.75	9.59E-01
20.75	9.59E-01
20.75	9.59E-01
20.75	9.59E-01
20.75	9.59E-01
20.75	9.59E-01
20.75	9.59E-01
20.75	9.59E-01
20.75	9.59E-01
20.75	9.59E-01
20.75	9.59E-01
20.75	9.59E-01
20.75	9.59E-01
20.75	9.59E-01
20.75	9.59E-01
20.75	9.59E-01
20.75	9.59E-01
20.75	9.59E-01
20.75	9.59E-01
20.75	9.59E-01
20.76	9.59E-01
20.76	9.59E-01
20.76	9.59E-01
20.76	9.59E-01
20.76	9.59E-01
20.76	9.59E-01
20.76	9.59E-01
20.76	9.59E-01
20.76	9.59E-01
20.76	9.59E-01
20.76	9.59E-01
20.76	9.59E-01
20.76	9.59E-01
20.76	9.59E-01
20.76	9.59E-01
20.76	9.59E-01
20.76	9.59E-01
20.76	9.59E-01
20.76	9.59E-01
20.76	9.59E-01
20.77	9.59E-01
20.77	9.59E-01
20.77	9.59E-01
20.77	9.59E-01
20.77	9.59E-01
20.77	9.59E-01
20.77	9.59E-01
20.77	9.59E-01
20.77	9.59E-01
20.77	9.59E-01
20.77	9.59E-01
20.77	9.59E-01
20.77	9.59E-01
20.77	9.59E-01
20.77	9.59E-01
20.77	9.59E-01
20.77	9.59E-01
20.77	9.59E-01
20.77	9.59E-01
20.77	9.59E-01
20.78	9.59E-01
20.78	9.59E-01
20.78	9.59E-01
20.78	9.59E-01
20.78	9.59E-01
20.78	9.59E-01
20.78	9.59E-01
20.78	9.59E-01
20.78	9.59E-01
20.78	9.59E-01
20.78	9.59E-01
20.78	9.59E-01
20.78	9.59E-01
20.78	9.59E-01
20.78	9.59E-01
20.78	9.59E-01
20.78	9.59E-01
20.78	9.59E-01
20.78	9.59E-01
20.78	9.59E-01
20.79	9.59E-01
20.79	9.59E-01
20.79	9.59E-01
20.79	9.59E-01
20.79	9.59E-01
20.79	9.59E-01
20.79	9.59E-01
20.79	9.59E-01
20.79	9.59E-01
20.79	9.59E-01
20.79	9.59E-01
20.79	9.59E-01
20.79	9.59E-01
20.79	9.59E-01
20.79	9.59E-01
20.79	9.59E-01
20.79	9.59E-01
20.79	9.59E-01
20.79	9.59E-01
20.8	9.59E-01
20.8	9.59E-01
20.8	9.59E-01
20.8	9.59E-01
20.8	9.59E-01
20.8	9.59E-01
20.8	9.59E-01
20.8	9.59E-01
20.8	9.59E-01
20.8	9.59E-01
20.8	9.59E-01
20.8	9.59E-01
20.8	9.59E-01
20.8	9.59E-01
20.8	9.59E-01
20.8	9.59E-01
20.8	9.59E-01
20.8	9.59E-01
20.8	9.59E-01
20.8	9.59E-01
20.81	9.59E-01
20.81	9.59E-01
20.81	9.59E-01
20.81	9.59E-01
20.81	9.59E-01
20.81	9.59E-01
20.81	9.59E-01
20.81	9.59E-01
20.81	9.59E-01
20.81	9.59E-01
20.81	9.59E-01
20.81	9.59E-01
20.81	9.59E-01
20.81	9.59E-01
20.81	9.59E-01
20.81	9.59E-01
20.81	9.59E-01
20.81	9.59E-01
20.81	9.59E-01
20.81	9.59E-01
20.82	9.59E-01
20.82	9.59E-01
20.82	9.59E-01
20.82	9.59E-01
20.82	9.59E-01
20.82	9.59E-01
20.82	9.59E-01
20.82	9.59E-01
20.82	9.59E-01
20.82	9.59E-01
20.82	9.59E-01
20.82	9.59E-01
20.82	9.59E-01
20.82	9.59E-01
20.82	9.59E-01
20.82	9.59E-01
20.82	9.59E-01
20.82	9.59E-01
20.82	9.59E-01
20.82	9.59E-01
20.83	9.59E-01
20.83	9.59E-01
20.83	9.59E-01
20.83	9.59E-01
20.83	9.59E-01
20.83	9.59E-01
20.83	9.59E-01
20.83	9.59E-01
20.83	9.59E-01
20.83	9.59E-01
20.83	9.59E-01
20.83	9.59E-01
20.83	9.59E-01
20.83	9.59E-01
20.83	9.59E-01
20.83	9.59E-01
20.83	9.59E-01
20.83	9.59E-01
20.83	9.59E-01
20.83	9.59E-01
20.83	9.59E-01
20.84	9.59E-01
20.84	9.59E-01
20.84	9.59E-01
20.84	9.59E-01
20.84	9.59E-01
20.84	9.59E-01
20.84	9.59E-01
20.84	9.59E-01
20.84	9.59E-01
20.84	9.59E-01
20.84	9.59E-01
20.84	9.59E-01
20.84	9.59E-01
20.84	9.59E-01
20.84	9.59E-01
20.84	9.59E-01
20.84	9.59E-01
20.84	9.59E-01
20.84	9.59E-01
20.84	9.59E-01
20.85	9.59E-01
20.85	9.59E-01
20.85	9.59E-01
20.85	9.59E-01
20.85	9.59E-01
20.85	9.59E-01
20.85	9.59E-01
20.85	9.59E-01
20.85	9.59E-01
20.85	9.59E-01
20.85	9.59E-01
20.85	9.59E-01
20.85	9.59E-01
20.85	9.59E-01
20.85	9.59E-01
20.85	9.59E-01
20.85	9.59E-01
20.85	9.59E-01
20.85	9.59E-01
20.85	9.59E-01
20.86	9.59E-01
20.86	9.59E-01
20.86	9.59E-01
20.86	9.59E-01
20.86	9.59E-01
20.86	9.59E-01
20.86	9.59E-01
20.86	9.59E-01
20.86	9.59E-01
20.86	9.59E-01
20.86	9.59E-01
20.86	9.59E-01
20.86	9.59E-01
20.86	9.59E-01
20.86	9.59E-01
20.86	9.59E-01
20.86	9.59E-01
20.86	9.59E-01
20.86	9.59E-01
20.86	9.59E-01
20.87	9.59E-01
20.87	9.59E-01
20.87	9.59E-01
20.87	9.59E-01
20.87	9.59E-01
20.87	9.59E-01
20.87	9.59E-01
20.87	9.59E-01
20.87	9.59E-01
20.87	9.59E-01
20.87	9.59E-01
20.87	9.59E-01
20.87	9.59E-01
20.87	9.59E-01
20.87	9.59E-01
20.87	9.59E-01
20.87	9.59E-01
20.87	9.59E-01
20.87	9.59E-01
20.88	9.59E-01
20.88	9.59E-01
20.88	9.59E-01
20.88	9.59E-01
20.88	9.59E-01
20.88	9.59E-01
20.88	9.59E-01
20.88	9.59E-01
20.88	9.59E-01
20.88	9.59E-01
20.88	9.59E-01
20.88	9.59E-01
20.88	9.59E-01
20.88	9.59E-01
20.88	9.59E-01
20.88	9.59E-01
20.88	9.59E-01
20.88	9.59E-01
20.88	9.59E-01
20.88	9.59E-01
20.89	9.59E-01
20.89	9.59E-01
20.89	9.59E-01
20.89	9.59E-01
20.89	9.59E-01
20.89	9.59E-01
20.89	9.59E-01
20.89	9.59E-01
20.89	9.59E-01
20.89	9.59E-01
20.89	9.59E-01
20.89	9.59E-01
20.89	9.59E-01
20.89	9.59E-01
20.89	9.59E-01
20.89	9.59E-01
20.89	9.59E-01
20.89	9.59E-01
20.89	9.59E-01
20.89	9.59E-01
20.9	9.59E-01
20.9	9.59E-01
20.9	9.59E-01
20.9	9.59E-01
20.9	9.59E-01
20.9	9.59E-01
20.9	9.59E-01
20.9	9.59E-01
20.9	9.59E-01
20.9	9.59E-01
20.9	9.59E-01
20.9	9.59E-01
20.9	9.59E-01
20.9	9.59E-01
20.9	9.59E-01
20.9	9.59E-01
20.9	9.59E-01
20.9	9.59E-01
20.9	9.59E-01
20.9	9.59E-01
20.91	9.59E-01
20.91	9.59E-01
20.91	9.59E-01
20.91	9.59E-01
20.91	9.59E-01
20.91	9.59E-01
20.91	9.59E-01
20.91	9.59E-01
20.91	9.59E-01
20.91	9.59E-01
20.91	9.59E-01
20.91	9.59E-01
20.91	9.59E-01
20.91	9.59E-01
20.91	9.59E-01
20.91	9.59E-01
20.91	9.59E-01
20.91	9.59E-01
20.91	9.59E-01
20.91	9.59E-01
20.92	9.59E-01
20.92	9.59E-01
20.92	9.59E-01
20.92	9.59E-01
20.92	9.59E-01
20.92	9.59E-01
20.92	9.59E-01
20.92	9.59E-01
20.92	9.59E-01
20.92	9.59E-01
20.92	9.59E-01
20.92	9.59E-01
20.92	9.59E-01
20.92	9.59E-01
20.92	9.59E-01
20.92	9.59E-01
20.92	9.59E-01
20.92	9.59E-01
20.92	9.59E-01
20.92	9.59E-01
20.92	9.59E-01
20.93	9.59E-01
20.93	9.59E-01
20.93	9.59E-01
20.93	9.59E-01
20.93	9.59E-01
20.93	9.59E-01
20.93	9.59E-01
20.93	9.59E-01
20.93	9.59E-01
20.93	9.59E-01
20.93	9.59E-01
20.93	9.59E-01
20.93	9.59E-01
20.93	9.59E-01
20.93	9.59E-01
20.93	9.59E-01
20.93	9.59E-01
20.93	9.59E-01
20.93	9.59E-01
20.93	9.59E-01
20.94	9.59E-01
20.94	9.59E-01
20.94	9.59E-01
20.94	9.59E-01
20.94	9.59E-01
20.94	9.59E-01
20.94	9.59E-01
20.94	9.59E-01
20.94	9.59E-01
20.94	9.59E-01
20.94	9.59E-01
20.94	9.59E-01
20.94	9.59E-01
20.94	9.59E-01
20.94	9.59E-01
20.94	9.59E-01
20.94	9.59E-01
20.94	9.59E-01
20.94	9.59E-01
20.94	9.59E-01
20.95	9.59E-01
20.95	9.59E-01
20.95	9.59E-01
20.95	9.59E-01
20.95	9.59E-01
20.95	9.59E-01
20.95	9.59E-01
20.95	9.59E-01
20.95	9.59E-01
20.95	9.59E-01
20.95	9.59E-01
20.95	9.59E-01
20.95	9.59E-01
20.95	9.59E-01
20.95	9.59E-01
20.95	9.59E-01
20.95	9.59E-01
20.95	9.59E-01
20.95	9.59E-01
20.95	9.59E-01
20.96	9.59E-01
20.96	9.59E-01
20.96	9.59E-01
20.96	9.59E-01
20.96	9.59E-01
20.96	9.59E-01
20.96	9.59E-01
20.96	9.59E-01
20.96	9.59E-01
20.96	9.59E-01
20.96	9.59E-01
20.96	9.59E-01
20.96	9.59E-01
20.96	9.59E-01
20.96	9.59E-01
20.96	9.59E-01
20.96	9.59E-01
20.96	9.59E-01
20.96	9.59E-01
20.97	9.59E-01
20.97	9.59E-01
20.97	9.59E-01
20.97	9.59E-01
20.97	9.59E-01
20.97	9.59E-01
20.97	9.59E-01
20.97	9.59E-01
20.97	9.59E-01
20.97	9.59E-01
20.97	9.59E-01
20.97	9.59E-01
20.97	9.59E-01
20.97	9.59E-01
20.97	9.59E-01
20.97	9.59E-01
20.97	9.59E-01
20.97	9.59E-01
20.97	9.59E-01
20.97	9.59E-01
20.98	9.59E-01
20.98	9.59E-01
20.98	9.59E-01
20.98	9.59E-01
20.98	9.59E-01
20.98	9.59E-01
20.98	9.59E-01
20.98	9.59E-01
20.98	9.59E-01
20.98	9.59E-01
20.98	9.59E-01
20.98	9.59E-01
20.98	9.59E-01
20.98	9.59E-01
20.98	9.59E-01
20.98	9.59E-01
20.98	9.59E-01
20.98	9.59E-01
20.98	9.59E-01
20.98	9.59E-01
20.99	9.59E-01
20.99	9.59E-01
20.99	9.59E-01
20.99	9.59E-01
20.99	9.59E-01
20.99	9.59E-01
20.99	9.59E-01
20.99	9.59E-01
20.99	9.59E-01
20.99	9.59E-01
20.99	9.59E-01
20.99	9.59E-01
20.99	9.59E-01
20.99	9.59E-01
20.99	9.59E-01
20.99	9.59E-01
20.99	9.59E-01
20.99	9.59E-01
20.99	9.59E-01
20.99	9.59E-01
21	9.59E-01
21	9.59E-01
21	9.59E-01
21	9.59E-01
21	9.59E-01
21	9.59E-01
21	9.59E-01
21	9.59E-01
21	9.59E-01
21	9.59E-01
21	9.59E-01
21	9.59E-01
21	9.59E-01
21	9.59E-01
21	9.59E-01
21	9.59E-01
21	9.59E-01
21	9.59E-01
21	9.59E-01
21	9.59E-01
21	9.59E-01
21.01	9.59E-01
21.01	9.59E-01
21.01	9.59E-01
21.01	9.59E-01
21.01	9.59E-01
21.01	9.59E-01
21.01	9.59E-01
21.01	9.59E-01
21.01	9.59E-01
21.01	9.59E-01
21.01	9.59E-01
21.01	9.59E-01
21.01	9.59E-01
21.01	9.59E-01
21.01	9.59E-01
21.01	9.59E-01
21.01	9.59E-01
21.01	9.59E-01
21.01	9.59E-01
21.01	9.59E-01
21.02	9.59E-01
21.02	9.59E-01
21.02	9.59E-01
21.02	9.59E-01
21.02	9.59E-01
21.02	9.59E-01
21.02	9.59E-01
21.02	9.59E-01
21.02	9.59E-01
21.02	9.59E-01
21.02	9.59E-01
21.02	9.59E-01
21.02	9.59E-01
21.02	9.59E-01
21.02	9.59E-01
21.02	9.59E-01
21.02	9.59E-01
21.02	9.59E-01
21.02	9.59E-01
21.02	9.59E-01
21.03	9.59E-01
21.03	9.59E-01
21.03	9.59E-01
21.03	9.59E-01
21.03	9.59E-01
21.03	9.59E-01
21.03	9.59E-01
21.03	9.59E-01
21.03	9.59E-01
21.03	9.59E-01
21.03	9.59E-01
21.03	9.59E-01
21.03	9.59E-01
21.03	9.59E-01
21.03	9.59E-01
21.03	9.59E-01
21.03	9.59E-01
21.03	9.59E-01
21.03	9.59E-01
21.03	9.59E-01
21.04	9.59E-01
21.04	9.59E-01
21.04	9.59E-01
21.04	9.59E-01
21.04	9.59E-01
21.04	9.59E-01
21.04	9.59E-01
21.04	9.59E-01
21.04	9.59E-01
21.04	9.59E-01
21.04	9.59E-01
21.04	9.59E-01
21.04	9.59E-01
21.04	9.59E-01
21.04	9.59E-01
21.04	9.59E-01
21.04	9.59E-01
21.04	9.59E-01
21.04	9.59E-01
21.05	9.59E-01
21.05	9.59E-01
21.05	9.59E-01
21.05	9.59E-01
21.05	9.59E-01
21.05	9.59E-01
21.05	9.59E-01
21.05	9.59E-01
21.05	9.59E-01
21.05	9.59E-01
21.05	9.59E-01
21.05	9.59E-01
21.05	9.59E-01
21.05	9.59E-01
21.05	9.59E-01
21.05	9.59E-01
21.05	9.59E-01
21.05	9.59E-01
21.05	9.59E-01
21.05	9.59E-01
21.06	9.59E-01
21.06	9.59E-01
21.06	9.59E-01
21.06	9.59E-01
21.06	9.59E-01
21.06	9.59E-01
21.06	9.59E-01
21.06	9.59E-01
21.06	9.59E-01
21.06	9.59E-01
21.06	9.59E-01
21.06	9.59E-01
21.06	9.59E-01
21.06	9.59E-01
21.06	9.59E-01
21.06	9.59E-01
21.06	9.59E-01
21.06	9.59E-01
21.06	9.59E-01
21.06	9.59E-01
21.07	9.59E-01
21.07	9.59E-01
21.07	9.59E-01
21.07	9.59E-01
21.07	9.59E-01
21.07	9.59E-01
21.07	9.59E-01
21.07	9.59E-01
21.07	9.59E-01
21.07	9.59E-01
21.07	9.59E-01
21.07	9.59E-01
21.07	9.59E-01
21.07	9.59E-01
21.07	9.59E-01
21.07	9.59E-01
21.07	9.59E-01
21.07	9.59E-01
21.07	9.59E-01
21.07	9.59E-01
21.08	9.59E-01
21.08	9.59E-01
21.08	9.59E-01
21.08	9.59E-01
21.08	9.59E-01
21.08	9.59E-01
21.08	9.59E-01
21.08	9.59E-01
21.08	9.59E-01
21.08	9.59E-01
21.08	9.59E-01
21.08	9.59E-01
21.08	9.59E-01
21.08	9.59E-01
21.08	9.59E-01
21.08	9.59E-01
21.08	9.59E-01
21.08	9.59E-01
21.08	9.59E-01
21.08	9.59E-01
21.08	9.59E-01
21.09	9.59E-01
21.09	9.59E-01
21.09	9.59E-01
21.09	9.59E-01
21.09	9.59E-01
21.09	9.59E-01
21.09	9.59E-01
21.09	9.59E-01
21.09	9.59E-01
21.09	9.59E-01
21.09	9.59E-01
21.09	9.59E-01
21.09	9.59E-01
21.09	9.59E-01
21.09	9.59E-01
21.09	9.59E-01
21.09	9.59E-01
21.09	9.59E-01
21.09	9.59E-01
21.09	9.59E-01
21.1	9.59E-01
21.1	9.59E-01
21.1	9.59E-01
21.1	9.59E-01
21.1	9.59E-01
21.1	9.59E-01
21.1	9.59E-01
21.1	9.59E-01
21.1	9.59E-01
21.1	9.59E-01
21.1	9.59E-01
21.1	9.59E-01
21.1	9.59E-01
21.1	9.59E-01
21.1	9.59E-01
21.1	9.59E-01
21.1	9.59E-01
21.1	9.59E-01
21.1	9.59E-01
21.1	9.59E-01
21.11	9.59E-01
21.11	9.59E-01
21.11	9.59E-01
21.11	9.59E-01
21.11	9.59E-01
21.11	9.59E-01
21.11	9.59E-01
21.11	9.59E-01
21.11	9.59E-01
21.11	9.59E-01
21.11	9.59E-01
21.11	9.59E-01
21.11	9.59E-01
21.11	9.59E-01
21.11	9.59E-01
21.11	9.59E-01
21.11	9.59E-01
21.11	9.59E-01
21.11	9.59E-01
21.11	9.59E-01
21.12	9.59E-01
21.12	9.59E-01
21.12	9.59E-01
21.12	9.59E-01
21.12	9.59E-01
21.12	9.59E-01
21.12	9.59E-01
21.12	9.59E-01
21.12	9.59E-01
21.12	9.59E-01
21.12	9.59E-01
21.12	9.59E-01
21.12	9.59E-01
21.12	9.59E-01
21.12	9.59E-01
21.12	9.59E-01
21.12	9.59E-01
21.12	9.59E-01
21.12	9.59E-01
21.12	9.59E-01
21.13	9.59E-01
21.13	9.59E-01
21.13	9.59E-01
21.13	9.59E-01
21.13	9.59E-01
21.13	9.59E-01
21.13	9.59E-01
21.13	9.59E-01
21.13	9.59E-01
21.13	9.59E-01
21.13	9.59E-01
21.13	9.59E-01
21.13	9.59E-01
21.13	9.59E-01
21.13	9.59E-01
21.13	9.59E-01
21.13	9.59E-01
21.13	9.59E-01
21.13	9.59E-01
21.14	9.59E-01
21.14	9.59E-01
21.14	9.59E-01
21.14	9.59E-01
21.14	9.59E-01
21.14	9.59E-01
21.14	9.59E-01
21.14	9.59E-01
21.14	9.59E-01
21.14	9.59E-01
21.14	9.59E-01
21.14	9.59E-01
21.14	9.59E-01
21.14	9.59E-01
21.14	9.59E-01
21.14	9.59E-01
21.14	9.59E-01
21.14	9.59E-01
21.14	9.59E-01
21.14	9.59E-01
21.15	9.59E-01
21.15	9.59E-01
21.15	9.59E-01
21.15	9.59E-01
21.15	9.59E-01
21.15	9.59E-01
21.15	9.59E-01
21.15	9.59E-01
21.15	9.59E-01
21.15	9.59E-01
21.15	9.59E-01
21.15	9.59E-01
21.15	9.59E-01
21.15	9.59E-01
21.15	9.59E-01
21.15	9.59E-01
21.15	9.59E-01
21.15	9.59E-01
21.15	9.59E-01
21.15	9.59E-01
21.16	9.59E-01
21.16	9.59E-01
21.16	9.59E-01
21.16	9.59E-01
21.16	9.59E-01
21.16	9.59E-01
21.16	9.59E-01
21.16	9.59E-01
21.16	9.59E-01
21.16	9.59E-01
21.16	9.59E-01
21.16	9.59E-01
21.16	9.59E-01
21.16	9.59E-01
21.16	9.59E-01
21.16	9.59E-01
21.16	9.59E-01
21.16	9.59E-01
21.16	9.59E-01
21.16	9.59E-01
21.17	9.59E-01
21.17	9.59E-01
21.17	9.59E-01
21.17	9.59E-01
21.17	9.59E-01
21.17	9.59E-01
21.17	9.59E-01
21.17	9.59E-01
21.17	9.59E-01
21.17	9.59E-01
21.17	9.59E-01
21.17	9.59E-01
21.17	9.59E-01
21.17	9.59E-01
21.17	9.59E-01
21.17	9.59E-01
21.17	9.59E-01
21.17	9.59E-01
21.17	9.59E-01
21.17	9.59E-01
21.17	9.59E-01
21.18	9.59E-01
21.18	9.59E-01
21.18	9.59E-01
21.18	9.59E-01
21.18	9.59E-01
21.18	9.59E-01
21.18	9.59E-01
21.18	9.59E-01
21.18	9.59E-01
21.18	9.59E-01
21.18	9.59E-01
21.18	9.59E-01
21.18	9.59E-01
21.18	9.59E-01
21.18	9.59E-01
21.18	9.59E-01
21.18	9.59E-01
21.18	9.59E-01
21.18	9.59E-01
21.18	9.59E-01
21.19	9.59E-01
21.19	9.59E-01
21.19	9.59E-01
21.19	9.59E-01
21.19	9.59E-01
21.19	9.59E-01
21.19	9.59E-01
21.19	9.59E-01
21.19	9.59E-01
21.19	9.59E-01
21.19	9.59E-01
21.19	9.59E-01
21.19	9.59E-01
21.19	9.59E-01
21.19	9.59E-01
21.19	9.59E-01
21.19	9.59E-01
21.19	9.59E-01
21.19	9.59E-01
21.19	9.59E-01
21.2	9.59E-01
21.2	9.59E-01
21.2	9.59E-01
21.2	9.59E-01
21.2	9.59E-01
21.2	9.59E-01
21.2	9.59E-01
21.2	9.59E-01
21.2	9.59E-01
21.2	9.59E-01
21.2	9.59E-01
21.2	9.59E-01
21.2	9.59E-01
21.2	9.59E-01
21.2	9.59E-01
21.2	9.59E-01
21.2	9.59E-01
21.2	9.59E-01
21.2	9.59E-01
21.2	9.59E-01
21.21	9.59E-01
21.21	9.59E-01
21.21	9.59E-01
21.21	9.59E-01
21.21	9.59E-01
21.21	9.59E-01
21.21	9.59E-01
21.21	9.59E-01
21.21	9.59E-01
21.21	9.59E-01
21.21	9.59E-01
21.21	9.59E-01
21.21	9.59E-01
21.21	9.59E-01
21.21	9.59E-01
21.21	9.59E-01
21.21	9.59E-01
21.21	9.59E-01
21.21	9.59E-01
21.22	9.59E-01
21.22	9.59E-01
21.22	9.59E-01
21.22	9.59E-01
21.22	9.59E-01
21.22	9.59E-01
21.22	9.59E-01
21.22	9.59E-01
21.22	9.59E-01
21.22	9.59E-01
21.22	9.59E-01
21.22	9.59E-01
21.22	9.59E-01
21.22	9.59E-01
21.22	9.59E-01
21.22	9.59E-01
21.22	9.59E-01
21.22	9.59E-01
21.22	9.59E-01
21.22	9.59E-01
21.23	9.59E-01
21.23	9.59E-01
21.23	9.59E-01
21.23	9.59E-01
21.23	9.59E-01
21.23	9.59E-01
21.23	9.59E-01
21.23	9.59E-01
21.23	9.59E-01
21.23	9.59E-01
21.23	9.59E-01
21.23	9.59E-01
21.23	9.59E-01
21.23	9.59E-01
21.23	9.59E-01
21.23	9.59E-01
21.23	9.59E-01
21.23	9.59E-01
21.23	9.59E-01
21.23	9.59E-01
21.24	9.59E-01
21.24	9.59E-01
21.24	9.59E-01
21.24	9.59E-01
21.24	9.59E-01
21.24	9.59E-01
21.24	9.59E-01
21.24	9.59E-01
21.24	9.59E-01
21.24	9.59E-01
21.24	9.59E-01
21.24	9.59E-01
21.24	9.59E-01
21.24	9.59E-01
21.24	9.59E-01
21.24	9.59E-01
21.24	9.59E-01
21.24	9.59E-01
21.24	9.59E-01
21.24	9.59E-01
21.25	9.59E-01
21.25	9.59E-01
21.25	9.59E-01
21.25	9.59E-01
21.25	9.59E-01
21.25	9.59E-01
21.25	9.59E-01
21.25	9.59E-01
21.25	9.59E-01
21.25	9.59E-01
21.25	9.59E-01
21.25	9.59E-01
21.25	9.59E-01
21.25	9.59E-01
21.25	9.59E-01
21.25	9.59E-01
21.25	9.59E-01
21.25	9.59E-01
21.25	9.59E-01
21.25	9.59E-01
21.25	9.59E-01
21.26	9.59E-01
21.26	9.59E-01
21.26	9.59E-01
21.26	9.59E-01
21.26	9.59E-01
21.26	9.59E-01
21.26	9.59E-01
21.26	9.59E-01
21.26	9.59E-01
21.26	9.59E-01
21.26	9.59E-01
21.26	9.59E-01
21.26	9.59E-01
21.26	9.59E-01
21.26	9.59E-01
21.26	9.59E-01
21.26	9.59E-01
21.26	9.59E-01
21.26	9.59E-01
21.26	9.59E-01
21.27	9.59E-01
21.27	9.59E-01
21.27	9.59E-01
21.27	9.59E-01
21.27	9.59E-01
21.27	9.59E-01
21.27	9.59E-01
21.27	9.59E-01
21.27	9.59E-01
21.27	9.59E-01
21.27	9.59E-01
21.27	9.59E-01
21.27	9.59E-01
21.27	9.59E-01
21.27	9.59E-01
21.27	9.59E-01
21.27	9.59E-01
21.27	9.59E-01
21.27	9.59E-01
21.27	9.59E-01
21.28	9.59E-01
21.28	9.59E-01
21.28	9.59E-01
21.28	9.59E-01
21.28	9.59E-01
21.28	9.59E-01
21.28	9.59E-01
21.28	9.59E-01
21.28	9.59E-01
21.28	9.59E-01
21.28	9.59E-01
21.28	9.59E-01
21.28	9.59E-01
21.28	9.59E-01
21.28	9.59E-01
21.28	9.59E-01
21.28	9.59E-01
21.28	9.59E-01
21.28	9.59E-01
21.28	9.59E-01
21.29	9.59E-01
21.29	9.59E-01
21.29	9.59E-01
21.29	9.59E-01
21.29	9.59E-01
21.29	9.59E-01
21.29	9.59E-01
21.29	9.59E-01
21.29	9.59E-01
21.29	9.59E-01
21.29	9.59E-01
21.29	9.59E-01
21.29	9.59E-01
21.29	9.59E-01
21.29	9.59E-01
21.29	9.59E-01
21.29	9.59E-01
21.29	9.59E-01
21.29	9.59E-01
21.3	9.59E-01
21.3	9.59E-01
21.3	9.59E-01
21.3	9.59E-01
21.3	9.59E-01
21.3	9.59E-01
21.3	9.59E-01
21.3	9.59E-01
21.3	9.59E-01
21.3	9.59E-01
21.3	9.59E-01
21.3	9.59E-01
21.3	9.59E-01
21.3	9.59E-01
21.3	9.59E-01
21.3	9.59E-01
21.3	9.59E-01
21.3	9.59E-01
21.3	9.59E-01
21.3	9.59E-01
21.31	9.59E-01
21.31	9.59E-01
21.31	9.59E-01
21.31	9.59E-01
21.31	9.59E-01
21.31	9.59E-01
21.31	9.59E-01
21.31	9.59E-01
21.31	9.59E-01
21.31	9.59E-01
21.31	9.59E-01
21.31	9.59E-01
21.31	9.59E-01
21.31	9.59E-01
21.31	9.59E-01
21.31	9.59E-01
21.31	9.59E-01
21.31	9.59E-01
21.31	9.59E-01
21.31	9.59E-01
21.32	9.59E-01
21.32	9.59E-01
21.32	9.59E-01
21.32	9.59E-01
21.32	9.59E-01
21.32	9.59E-01
21.32	9.59E-01
21.32	9.59E-01
21.32	9.59E-01
21.32	9.59E-01
21.32	9.59E-01
21.32	9.59E-01
21.32	9.59E-01
21.32	9.59E-01
21.32	9.59E-01
21.32	9.59E-01
21.32	9.59E-01
21.32	9.59E-01
21.32	9.59E-01
21.32	9.59E-01
21.33	9.59E-01
21.33	9.59E-01
21.33	9.59E-01
21.33	9.59E-01
21.33	9.59E-01
21.33	9.59E-01
21.33	9.59E-01
21.33	9.59E-01
21.33	9.59E-01
21.33	9.59E-01
21.33	9.59E-01
21.33	9.59E-01
21.33	9.59E-01
21.33	9.59E-01
21.33	9.59E-01
21.33	9.59E-01
21.33	9.59E-01
21.33	9.59E-01
21.33	9.59E-01
21.33	9.59E-01
21.33	9.59E-01
21.34	9.59E-01
21.34	9.59E-01
21.34	9.59E-01
21.34	9.59E-01
21.34	9.59E-01
21.34	9.59E-01
21.34	9.59E-01
21.34	9.59E-01
21.34	9.59E-01
21.34	9.59E-01
21.34	9.59E-01
21.34	9.59E-01
21.34	9.59E-01
21.34	9.59E-01
21.34	9.59E-01
21.34	9.59E-01
21.34	9.59E-01
21.34	9.59E-01
21.34	9.59E-01
21.34	9.59E-01
21.35	9.59E-01
21.35	9.59E-01
21.35	9.59E-01
21.35	9.59E-01
21.35	9.59E-01
21.35	9.59E-01
21.35	9.59E-01
21.35	9.59E-01
21.35	9.59E-01
21.35	9.59E-01
21.35	9.59E-01
21.35	9.59E-01
21.35	9.59E-01
21.35	9.59E-01
21.35	9.59E-01
21.35	9.59E-01
21.35	9.59E-01
21.35	9.59E-01
21.35	9.59E-01
21.35	9.59E-01
21.36	9.59E-01
21.36	9.59E-01
21.36	9.59E-01
21.36	9.59E-01
21.36	9.59E-01
21.36	9.59E-01
21.36	9.59E-01
21.36	9.59E-01
21.36	9.59E-01
21.36	9.59E-01
21.36	9.59E-01
21.36	9.59E-01
21.36	9.59E-01
21.36	9.59E-01
21.36	9.59E-01
21.36	9.59E-01
21.36	9.59E-01
21.36	9.59E-01
21.36	9.59E-01
21.36	9.59E-01
21.37	9.59E-01
21.37	9.59E-01
21.37	9.59E-01
21.37	9.59E-01
21.37	9.59E-01
21.37	9.59E-01
21.37	9.59E-01
21.37	9.59E-01
21.37	9.59E-01
21.37	9.59E-01
21.37	9.59E-01
21.37	9.59E-01
21.37	9.59E-01
21.37	9.59E-01
21.37	9.59E-01
21.37	9.59E-01
21.37	9.59E-01
21.37	9.59E-01
21.37	9.59E-01
21.38	9.59E-01
21.38	9.59E-01
21.38	9.59E-01
21.38	9.59E-01
21.38	9.59E-01
21.38	9.59E-01
21.38	9.59E-01
21.38	9.59E-01
21.38	9.59E-01
21.38	9.59E-01
21.38	9.59E-01
21.38	9.59E-01
21.38	9.59E-01
21.38	9.59E-01
21.38	9.59E-01
21.38	9.59E-01
21.38	9.59E-01
21.38	9.59E-01
21.38	9.59E-01
21.38	9.59E-01
21.39	9.59E-01
21.39	9.59E-01
21.39	9.59E-01
21.39	9.59E-01
21.39	9.59E-01
21.39	9.59E-01
21.39	9.59E-01
21.39	9.59E-01
21.39	9.59E-01
21.39	9.59E-01
21.39	9.59E-01
21.39	9.59E-01
21.39	9.59E-01
21.39	9.59E-01
21.39	9.59E-01
21.39	9.59E-01
21.39	9.59E-01
21.39	9.59E-01
21.39	9.59E-01
21.39	9.59E-01
21.4	9.59E-01
21.4	9.59E-01
21.4	9.59E-01
21.4	9.59E-01
21.4	9.59E-01
21.4	9.59E-01
21.4	9.59E-01
21.4	9.59E-01
21.4	9.59E-01
21.4	9.59E-01
21.4	9.59E-01
21.4	9.59E-01
21.4	9.59E-01
21.4	9.59E-01
21.4	9.59E-01
21.4	9.59E-01
21.4	9.59E-01
21.4	9.59E-01
21.4	9.59E-01
21.4	9.59E-01
21.41	9.59E-01
21.41	9.59E-01
21.41	9.59E-01
21.41	9.59E-01
21.41	9.59E-01
21.41	9.59E-01
21.41	9.59E-01
21.41	9.59E-01
21.41	9.59E-01
21.41	9.59E-01
21.41	9.59E-01
21.41	9.59E-01
21.41	9.59E-01
21.41	9.59E-01
21.41	9.59E-01
21.41	9.59E-01
21.41	9.59E-01
21.41	9.59E-01
21.41	9.59E-01
21.41	9.59E-01
21.42	9.59E-01
21.42	9.59E-01
21.42	9.59E-01
21.42	9.59E-01
21.42	9.59E-01
21.42	9.59E-01
21.42	9.59E-01
21.42	9.59E-01
21.42	9.59E-01
21.42	9.59E-01
21.42	9.59E-01
21.42	9.59E-01
21.42	9.59E-01
21.42	9.59E-01
21.42	9.59E-01
21.42	9.59E-01
21.42	9.59E-01
21.42	9.59E-01
21.42	9.59E-01
21.42	9.59E-01
21.42	9.59E-01
21.43	9.59E-01
21.43	9.59E-01
21.43	9.59E-01
21.43	9.59E-01
21.43	9.59E-01
21.43	9.59E-01
21.43	9.59E-01
21.43	9.59E-01
21.43	9.59E-01
21.43	9.59E-01
21.43	9.59E-01
21.43	9.59E-01
21.43	9.59E-01
21.43	9.59E-01
21.43	9.59E-01
21.43	9.59E-01
21.43	9.59E-01
21.43	9.59E-01
21.43	9.59E-01
21.43	9.59E-01
21.44	9.59E-01
21.44	9.59E-01
21.44	9.59E-01
21.44	9.59E-01
21.44	9.59E-01
21.44	9.59E-01
21.44	9.59E-01
21.44	9.59E-01
21.44	9.59E-01
21.44	9.59E-01
21.44	9.59E-01
21.44	9.59E-01
21.44	9.59E-01
21.44	9.59E-01
21.44	9.59E-01
21.44	9.59E-01
21.44	9.59E-01
21.44	9.59E-01
21.44	9.59E-01
21.44	9.59E-01
21.45	9.59E-01
21.45	9.59E-01
21.45	9.59E-01
21.45	9.59E-01
21.45	9.59E-01
21.45	9.59E-01
21.45	9.59E-01
21.45	9.59E-01
21.45	9.59E-01
21.45	9.59E-01
21.45	9.59E-01
21.45	9.59E-01
21.45	9.59E-01
21.45	9.59E-01
21.45	9.59E-01
21.45	9.59E-01
21.45	9.59E-01
21.45	9.59E-01
21.45	9.59E-01
21.45	9.59E-01
21.46	9.59E-01
21.46	9.59E-01
21.46	9.59E-01
21.46	9.59E-01
21.46	9.59E-01
21.46	9.59E-01
21.46	9.59E-01
21.46	9.59E-01
21.46	9.59E-01
21.46	9.59E-01
21.46	9.59E-01
21.46	9.59E-01
21.46	9.59E-01
21.46	9.59E-01
21.46	9.59E-01
21.46	9.59E-01
21.46	9.59E-01
21.46	9.59E-01
21.46	9.59E-01
21.47	9.59E-01
21.47	9.59E-01
21.47	9.59E-01
21.47	9.59E-01
21.47	9.59E-01
21.47	9.59E-01
21.47	9.59E-01
21.47	9.59E-01
21.47	9.59E-01
21.47	9.59E-01
21.47	9.59E-01
21.47	9.59E-01
21.47	9.59E-01
21.47	9.59E-01
21.47	9.59E-01
21.47	9.59E-01
21.47	9.59E-01
21.47	9.59E-01
21.47	9.59E-01
21.47	9.59E-01
21.48	9.59E-01
21.48	9.59E-01
21.48	9.59E-01
21.48	9.59E-01
21.48	9.59E-01
21.48	9.59E-01
21.48	9.59E-01
21.48	9.59E-01
21.48	9.59E-01
21.48	9.59E-01
21.48	9.59E-01
21.48	9.59E-01
21.48	9.59E-01
21.48	9.59E-01
21.48	9.59E-01
21.48	9.59E-01
21.48	9.59E-01
21.48	9.59E-01
21.48	9.59E-01
21.48	9.59E-01
21.49	9.59E-01
21.49	9.59E-01
21.49	9.59E-01
21.49	9.59E-01
21.49	9.59E-01
21.49	9.59E-01
21.49	9.59E-01
21.49	9.59E-01
21.49	9.59E-01
21.49	9.59E-01
21.49	9.59E-01
21.49	9.59E-01
21.49	9.59E-01
21.49	9.59E-01
21.49	9.59E-01
21.49	9.59E-01
21.49	9.59E-01
21.49	9.59E-01
21.49	9.59E-01
21.49	9.59E-01
21.5	9.59E-01
21.5	9.59E-01
21.5	9.59E-01
21.5	9.59E-01
21.5	9.59E-01
21.5	9.59E-01
21.5	9.59E-01
21.5	9.59E-01
21.5	9.59E-01
21.5	9.59E-01
21.5	9.59E-01
21.5	9.59E-01
21.5	9.59E-01
21.5	9.59E-01
21.5	9.59E-01
21.5	9.59E-01
21.5	9.59E-01
21.5	9.59E-01
21.5	9.59E-01
21.5	9.59E-01
21.5	9.59E-01
21.51	9.59E-01
21.51	9.59E-01
21.51	9.59E-01
21.51	9.59E-01
21.51	9.59E-01
21.51	9.59E-01
21.51	9.59E-01
21.51	9.59E-01
21.51	9.59E-01
21.51	9.59E-01
21.51	9.59E-01
21.51	9.59E-01
21.51	9.59E-01
21.51	9.59E-01
21.51	9.59E-01
21.51	9.59E-01
21.51	9.59E-01
21.51	9.59E-01
21.51	9.59E-01
21.51	9.59E-01
21.52	9.59E-01
21.52	9.59E-01
21.52	9.59E-01
21.52	9.59E-01
21.52	9.59E-01
21.52	9.59E-01
21.52	9.59E-01
21.52	9.59E-01
21.52	9.59E-01
21.52	9.59E-01
21.52	9.59E-01
21.52	9.59E-01
21.52	9.59E-01
21.52	9.59E-01
21.52	9.59E-01
21.52	9.59E-01
21.52	9.59E-01
21.52	9.59E-01
21.52	9.59E-01
21.52	9.59E-01
21.53	9.59E-01
21.53	9.59E-01
21.53	9.59E-01
21.53	9.59E-01
21.53	9.59E-01
21.53	9.59E-01
21.53	9.59E-01
21.53	9.59E-01
21.53	9.59E-01
21.53	9.59E-01
21.53	9.59E-01
21.53	9.59E-01
21.53	9.59E-01
21.53	9.59E-01
21.53	9.59E-01
21.53	9.59E-01
21.53	9.59E-01
21.53	9.59E-01
21.53	9.59E-01
21.53	9.59E-01
21.54	9.59E-01
21.54	9.59E-01
21.54	9.59E-01
21.54	9.59E-01
21.54	9.59E-01
21.54	9.59E-01
21.54	9.59E-01
21.54	9.59E-01
21.54	9.59E-01
21.54	9.59E-01
21.54	9.59E-01
21.54	9.59E-01
21.54	9.59E-01
21.54	9.59E-01
21.54	9.59E-01
21.54	9.59E-01
21.54	9.59E-01
21.54	9.59E-01
21.54	9.59E-01
21.55	9.59E-01
21.55	9.59E-01
21.55	9.59E-01
21.55	9.59E-01
21.55	9.59E-01
21.55	9.59E-01
21.55	9.59E-01
21.55	9.59E-01
21.55	9.59E-01
21.55	9.59E-01
21.55	9.59E-01
21.55	9.59E-01
21.55	9.59E-01
21.55	9.59E-01
21.55	9.59E-01
21.55	9.59E-01
21.55	9.59E-01
21.55	9.59E-01
21.55	9.59E-01
21.55	9.59E-01
21.56	9.59E-01
21.56	9.59E-01
21.56	9.59E-01
21.56	9.59E-01
21.56	9.59E-01
21.56	9.59E-01
21.56	9.59E-01
21.56	9.59E-01
21.56	9.59E-01
21.56	9.59E-01
21.56	9.59E-01
21.56	9.59E-01
21.56	9.59E-01
21.56	9.59E-01
21.56	9.59E-01
21.56	9.59E-01
21.56	9.59E-01
21.56	9.59E-01
21.56	9.59E-01
21.56	9.59E-01
21.57	9.59E-01
21.57	9.59E-01
21.57	9.59E-01
21.57	9.59E-01
21.57	9.59E-01
21.57	9.59E-01
21.57	9.59E-01
21.57	9.59E-01
21.57	9.59E-01
21.57	9.59E-01
21.57	9.59E-01
21.57	9.59E-01
21.57	9.59E-01
21.57	9.59E-01
21.57	9.59E-01
21.57	9.59E-01
21.57	9.59E-01
21.57	9.59E-01
21.57	9.59E-01
21.57	9.59E-01
21.58	9.59E-01
21.58	9.59E-01
21.58	9.59E-01
21.58	9.59E-01
21.58	9.59E-01
21.58	9.59E-01
21.58	9.59E-01
21.58	9.59E-01
21.58	9.59E-01
21.58	9.59E-01
21.58	9.59E-01
21.58	9.59E-01
21.58	9.59E-01
21.58	9.59E-01
21.58	9.59E-01
21.58	9.59E-01
21.58	9.59E-01
21.58	9.59E-01
21.58	9.59E-01
21.58	9.59E-01
21.58	9.59E-01
21.59	9.59E-01
21.59	9.59E-01
21.59	9.59E-01
21.59	9.59E-01
21.59	9.59E-01
21.59	9.59E-01
21.59	9.59E-01
21.59	9.59E-01
21.59	9.59E-01
21.59	9.59E-01
21.59	9.59E-01
21.59	9.59E-01
21.59	9.59E-01
21.59	9.59E-01
21.59	9.59E-01
21.59	9.59E-01
21.59	9.59E-01
21.59	9.59E-01
21.59	9.59E-01
21.59	9.59E-01
21.6	9.59E-01
21.6	9.59E-01
21.6	9.59E-01
21.6	9.59E-01
21.6	9.59E-01
21.6	9.59E-01
21.6	9.59E-01
21.6	9.59E-01
21.6	9.59E-01
21.6	9.59E-01
21.6	9.59E-01
21.6	9.59E-01
21.6	9.59E-01
21.6	9.59E-01
21.6	9.59E-01
21.6	9.59E-01
21.6	9.59E-01
21.6	9.59E-01
21.6	9.59E-01
21.6	9.59E-01
21.61	9.59E-01
21.61	9.59E-01
21.61	9.59E-01
21.61	9.59E-01
21.61	9.59E-01
21.61	9.59E-01
21.61	9.59E-01
21.61	9.59E-01
21.61	9.59E-01
21.61	9.59E-01
21.61	9.59E-01
21.61	9.59E-01
21.61	9.59E-01
21.61	9.59E-01
21.61	9.59E-01
21.61	9.59E-01
21.61	9.59E-01
21.61	9.59E-01
21.61	9.59E-01
21.61	9.59E-01
21.62	9.59E-01
21.62	9.59E-01
21.62	9.59E-01
21.62	9.59E-01
21.62	9.59E-01
21.62	9.59E-01
21.62	9.59E-01
21.62	9.59E-01
21.62	9.59E-01
21.62	9.59E-01
21.62	9.59E-01
21.62	9.59E-01
21.62	9.59E-01
21.62	9.59E-01
21.62	9.59E-01
21.62	9.59E-01
21.62	9.59E-01
21.62	9.59E-01
21.62	9.59E-01
21.62	9.59E-01
21.63	9.59E-01
21.63	9.59E-01
21.63	9.59E-01
21.63	9.59E-01
21.63	9.59E-01
21.63	9.59E-01
21.63	9.59E-01
21.63	9.59E-01
21.63	9.59E-01
21.63	9.59E-01
21.63	9.59E-01
21.63	9.59E-01
21.63	9.59E-01
21.63	9.59E-01
21.63	9.59E-01
21.63	9.59E-01
21.63	9.59E-01
21.63	9.59E-01
21.63	9.59E-01
21.64	9.59E-01
21.64	9.59E-01
21.64	9.59E-01
21.64	9.59E-01
21.64	9.59E-01
21.64	9.59E-01
21.64	9.59E-01
21.64	9.59E-01
21.64	9.59E-01
21.64	9.59E-01
21.64	9.59E-01
21.64	9.59E-01
21.64	9.59E-01
21.64	9.59E-01
21.64	9.59E-01
21.64	9.59E-01
21.64	9.59E-01
21.64	9.59E-01
21.64	9.59E-01
21.64	9.59E-01
21.65	9.59E-01
21.65	9.59E-01
21.65	9.59E-01
21.65	9.59E-01
21.65	9.59E-01
21.65	9.59E-01
21.65	9.59E-01
21.65	9.59E-01
21.65	9.59E-01
21.65	9.59E-01
21.65	9.59E-01
21.65	9.59E-01
21.65	9.59E-01
21.65	9.59E-01
21.65	9.59E-01
21.65	9.59E-01
21.65	9.59E-01
21.65	9.59E-01
21.65	9.59E-01
21.65	9.59E-01
21.66	9.59E-01
21.66	9.59E-01
21.66	9.59E-01
21.66	9.59E-01
21.66	9.59E-01
21.66	9.59E-01
21.66	9.59E-01
21.66	9.59E-01
21.66	9.59E-01
21.66	9.59E-01
21.66	9.59E-01
21.66	9.59E-01
21.66	9.59E-01
21.66	9.59E-01
21.66	9.59E-01
21.66	9.59E-01
21.66	9.59E-01
21.66	9.59E-01
21.66	9.59E-01
21.66	9.59E-01
21.67	9.59E-01
21.67	9.59E-01
21.67	9.59E-01
21.67	9.59E-01
21.67	9.59E-01
21.67	9.59E-01
21.67	9.59E-01
21.67	9.59E-01
21.67	9.59E-01
21.67	9.59E-01
21.67	9.59E-01
21.67	9.59E-01
21.67	9.59E-01
21.67	9.59E-01
21.67	9.59E-01
21.67	9.59E-01
21.67	9.59E-01
21.67	9.59E-01
21.67	9.59E-01
21.67	9.59E-01
21.67	9.59E-01
21.68	9.59E-01
21.68	9.59E-01
21.68	9.59E-01
21.68	9.59E-01
21.68	9.59E-01
21.68	9.59E-01
21.68	9.59E-01
21.68	9.59E-01
21.68	9.59E-01
21.68	9.59E-01
21.68	9.59E-01
21.68	9.59E-01
21.68	9.59E-01
21.68	9.59E-01
21.68	9.59E-01
21.68	9.59E-01
21.68	9.59E-01
21.68	9.59E-01
21.68	9.59E-01
21.68	9.59E-01
21.69	9.59E-01
21.69	9.59E-01
21.69	9.59E-01
21.69	9.59E-01
21.69	9.59E-01
21.69	9.59E-01
21.69	9.59E-01
21.69	9.59E-01
21.69	9.59E-01
21.69	9.59E-01
21.69	9.59E-01
21.69	9.59E-01
21.69	9.59E-01
21.69	9.59E-01
21.69	9.59E-01
21.69	9.59E-01
21.69	9.59E-01
21.69	9.59E-01
21.69	9.59E-01
21.69	9.59E-01
21.7	9.59E-01
21.7	9.59E-01
21.7	9.59E-01
21.7	9.59E-01
21.7	9.59E-01
21.7	9.59E-01
21.7	9.59E-01
21.7	9.59E-01
21.7	9.59E-01
21.7	9.59E-01
21.7	9.59E-01
21.7	9.59E-01
21.7	9.59E-01
21.7	9.59E-01
21.7	9.59E-01
21.7	9.59E-01
21.7	9.59E-01
21.7	9.59E-01
21.7	9.59E-01
21.7	9.59E-01
21.71	9.59E-01
21.71	9.59E-01
21.71	9.59E-01
21.71	9.59E-01
21.71	9.59E-01
21.71	9.59E-01
21.71	9.59E-01
21.71	9.59E-01
21.71	9.59E-01
21.71	9.59E-01
21.71	9.59E-01
21.71	9.59E-01
21.71	9.59E-01
21.71	9.59E-01
21.71	9.59E-01
21.71	9.59E-01
21.71	9.59E-01
21.71	9.59E-01
21.71	9.59E-01
21.72	9.59E-01
21.72	9.59E-01
21.72	9.59E-01
21.72	9.59E-01
21.72	9.59E-01
21.72	9.59E-01
21.72	9.59E-01
21.72	9.59E-01
21.72	9.59E-01
21.72	9.59E-01
21.72	9.59E-01
21.72	9.59E-01
21.72	9.59E-01
21.72	9.59E-01
21.72	9.59E-01
21.72	9.59E-01
21.72	9.59E-01
21.72	9.59E-01
21.72	9.59E-01
21.72	9.59E-01
21.73	9.59E-01
21.73	9.59E-01
21.73	9.59E-01
21.73	9.59E-01
21.73	9.59E-01
21.73	9.59E-01
21.73	9.59E-01
21.73	9.59E-01
21.73	9.59E-01
21.73	9.59E-01
21.73	9.59E-01
21.73	9.59E-01
21.73	9.59E-01
21.73	9.59E-01
21.73	9.59E-01
21.73	9.59E-01
21.73	9.59E-01
21.73	9.59E-01
21.73	9.59E-01
21.73	9.59E-01
21.74	9.59E-01
21.74	9.59E-01
21.74	9.59E-01
21.74	9.59E-01
21.74	9.59E-01
21.74	9.59E-01
21.74	9.59E-01
21.74	9.59E-01
21.74	9.59E-01
21.74	9.59E-01
21.74	9.59E-01
21.74	9.59E-01
21.74	9.59E-01
21.74	9.59E-01
21.74	9.59E-01
21.74	9.59E-01
21.74	9.59E-01
21.74	9.59E-01
21.74	9.59E-01
21.74	9.59E-01
21.75	9.59E-01
21.75	9.59E-01
21.75	9.59E-01
21.75	9.59E-01
21.75	9.59E-01
21.75	9.59E-01
21.75	9.59E-01
21.75	9.59E-01
21.75	9.59E-01
21.75	9.59E-01
21.75	9.59E-01
21.75	9.59E-01
21.75	9.59E-01
21.75	9.59E-01
21.75	9.59E-01
21.75	9.59E-01
21.75	9.59E-01
21.75	9.59E-01
21.75	9.59E-01
21.75	9.59E-01
21.75	9.59E-01
21.76	9.59E-01
21.76	9.59E-01
21.76	9.59E-01
21.76	9.59E-01
21.76	9.59E-01
21.76	9.59E-01
21.76	9.59E-01
21.76	9.59E-01
21.76	9.59E-01
21.76	9.59E-01
21.76	9.59E-01
21.76	9.59E-01
21.76	9.59E-01
21.76	9.59E-01
21.76	9.59E-01
21.76	9.59E-01
21.76	9.59E-01
21.76	9.59E-01
21.76	9.59E-01
21.76	9.59E-01
21.77	9.59E-01
21.77	9.59E-01
21.77	9.59E-01
21.77	9.59E-01
21.77	9.59E-01
21.77	9.59E-01
21.77	9.59E-01
21.77	9.59E-01
21.77	9.59E-01
21.77	9.59E-01
21.77	9.59E-01
21.77	9.59E-01
21.77	9.59E-01
21.77	9.59E-01
21.77	9.59E-01
21.77	9.59E-01
21.77	9.59E-01
21.77	9.59E-01
21.77	9.59E-01
21.77	9.59E-01
21.78	9.59E-01
21.78	9.59E-01
21.78	9.59E-01
21.78	9.59E-01
21.78	9.59E-01
21.78	9.59E-01
21.78	9.59E-01
21.78	9.59E-01
21.78	9.59E-01
21.78	9.59E-01
21.78	9.59E-01
21.78	9.59E-01
21.78	9.59E-01
21.78	9.59E-01
21.78	9.59E-01
21.78	9.59E-01
21.78	9.59E-01
21.78	9.59E-01
21.78	9.59E-01
21.78	9.59E-01
21.79	9.59E-01
21.79	9.59E-01
21.79	9.59E-01
21.79	9.59E-01
21.79	9.59E-01
21.79	9.59E-01
21.79	9.59E-01
21.79	9.59E-01
21.79	9.59E-01
21.79	9.59E-01
21.79	9.59E-01
21.79	9.59E-01
21.79	9.59E-01
21.79	9.59E-01
21.79	9.59E-01
21.79	9.59E-01
21.79	9.59E-01
21.79	9.59E-01
21.79	9.59E-01
21.8	9.59E-01
21.8	9.59E-01
21.8	9.59E-01
21.8	9.59E-01
21.8	9.59E-01
21.8	9.59E-01
21.8	9.59E-01
21.8	9.59E-01
21.8	9.59E-01
21.8	9.59E-01
21.8	9.59E-01
21.8	9.59E-01
21.8	9.59E-01
21.8	9.59E-01
21.8	9.59E-01
21.8	9.59E-01
21.8	9.59E-01
21.8	9.59E-01
21.8	9.59E-01
21.8	9.59E-01
21.81	9.59E-01
21.81	9.59E-01
21.81	9.59E-01
21.81	9.59E-01
21.81	9.59E-01
21.81	9.59E-01
21.81	9.59E-01
21.81	9.59E-01
21.81	9.59E-01
21.81	9.59E-01
21.81	9.59E-01
21.81	9.59E-01
21.81	9.59E-01
21.81	9.59E-01
21.81	9.59E-01
21.81	9.59E-01
21.81	9.59E-01
21.81	9.59E-01
21.81	9.59E-01
21.81	9.59E-01
21.82	9.59E-01
21.82	9.59E-01
21.82	9.59E-01
21.82	9.59E-01
21.82	9.59E-01
21.82	9.59E-01
21.82	9.59E-01
21.82	9.59E-01
21.82	9.59E-01
21.82	9.59E-01
21.82	9.59E-01
21.82	9.59E-01
21.82	9.59E-01
21.82	9.59E-01
21.82	9.59E-01
21.82	9.59E-01
21.82	9.59E-01
21.82	9.59E-01
21.82	9.59E-01
21.82	9.59E-01
21.83	9.59E-01
21.83	9.59E-01
21.83	9.59E-01
21.83	9.59E-01
21.83	9.59E-01
21.83	9.59E-01
21.83	9.59E-01
21.83	9.59E-01
21.83	9.59E-01
21.83	9.59E-01
21.83	9.59E-01
21.83	9.59E-01
21.83	9.59E-01
21.83	9.59E-01
21.83	9.59E-01
21.83	9.59E-01
21.83	9.59E-01
21.83	9.59E-01
21.83	9.59E-01
21.83	9.59E-01
21.83	9.59E-01
21.84	9.59E-01
21.84	9.59E-01
21.84	9.59E-01
21.84	9.59E-01
21.84	9.59E-01
21.84	9.59E-01
21.84	9.59E-01
21.84	9.59E-01
21.84	9.59E-01
21.84	9.59E-01
21.84	9.59E-01
21.84	9.59E-01
21.84	9.59E-01
21.84	9.59E-01
21.84	9.59E-01
21.84	9.59E-01
21.84	9.59E-01
21.84	9.59E-01
21.84	9.59E-01
21.84	9.59E-01
21.85	9.59E-01
21.85	9.59E-01
21.85	9.59E-01
21.85	9.59E-01
21.85	9.59E-01
21.85	9.59E-01
21.85	9.59E-01
21.85	9.59E-01
21.85	9.59E-01
21.85	9.59E-01
21.85	9.59E-01
21.85	9.59E-01
21.85	9.59E-01
21.85	9.59E-01
21.85	9.59E-01
21.85	9.59E-01
21.85	9.59E-01
21.85	9.59E-01
21.85	9.59E-01
21.85	9.59E-01
21.86	9.59E-01
21.86	9.59E-01
21.86	9.59E-01
21.86	9.59E-01
21.86	9.59E-01
21.86	9.59E-01
21.86	9.59E-01
21.86	9.59E-01
21.86	9.59E-01
21.86	9.59E-01
21.86	9.59E-01
21.86	9.59E-01
21.86	9.59E-01
21.86	9.59E-01
21.86	9.59E-01
21.86	9.59E-01
21.86	9.59E-01
21.86	9.59E-01
21.86	9.59E-01
21.86	9.59E-01
21.87	9.59E-01
21.87	9.59E-01
21.87	9.59E-01
21.87	9.59E-01
21.87	9.59E-01
21.87	9.59E-01
21.87	9.59E-01
21.87	9.59E-01
21.87	9.59E-01
21.87	9.59E-01
21.87	9.59E-01
21.87	9.59E-01
21.87	9.59E-01
21.87	9.59E-01
21.87	9.59E-01
21.87	9.59E-01
21.87	9.59E-01
21.87	9.59E-01
21.87	9.59E-01
21.88	9.59E-01
21.88	9.59E-01
21.88	9.59E-01
21.88	9.59E-01
21.88	9.59E-01
21.88	9.59E-01
21.88	9.59E-01
21.88	9.59E-01
21.88	9.59E-01
21.88	9.59E-01
21.88	9.59E-01
21.88	9.59E-01
21.88	9.59E-01
21.88	9.59E-01
21.88	9.59E-01
21.88	9.59E-01
21.88	9.59E-01
21.88	9.59E-01
21.88	9.59E-01
21.88	9.59E-01
21.89	9.59E-01
21.89	9.59E-01
21.89	9.59E-01
21.89	9.59E-01
21.89	9.59E-01
21.89	9.59E-01
21.89	9.59E-01
21.89	9.59E-01
21.89	9.59E-01
21.89	9.59E-01
21.89	9.59E-01
21.89	9.59E-01
21.89	9.59E-01
21.89	9.59E-01
21.89	9.59E-01
21.89	9.59E-01
21.89	9.59E-01
21.89	9.59E-01
21.89	9.59E-01
21.89	9.59E-01
21.9	9.59E-01
21.9	9.59E-01
21.9	9.59E-01
21.9	9.59E-01
21.9	9.59E-01
21.9	9.59E-01
21.9	9.59E-01
21.9	9.59E-01
21.9	9.59E-01
21.9	9.59E-01
21.9	9.59E-01
21.9	9.59E-01
21.9	9.59E-01
21.9	9.59E-01
21.9	9.59E-01
21.9	9.59E-01
21.9	9.59E-01
21.9	9.59E-01
21.9	9.59E-01
21.9	9.59E-01
21.91	9.59E-01
21.91	9.59E-01
21.91	9.59E-01
21.91	9.59E-01
21.91	9.59E-01
21.91	9.59E-01
21.91	9.59E-01
21.91	9.59E-01
21.91	9.59E-01
21.91	9.59E-01
21.91	9.59E-01
21.91	9.59E-01
21.91	9.59E-01
21.91	9.59E-01
21.91	9.59E-01
21.91	9.59E-01
21.91	9.59E-01
21.91	9.59E-01
21.91	9.59E-01
21.91	9.59E-01
21.92	9.59E-01
21.92	9.59E-01
21.92	9.59E-01
21.92	9.59E-01
21.92	9.59E-01
21.92	9.59E-01
21.92	9.59E-01
21.92	9.59E-01
21.92	9.59E-01
21.92	9.59E-01
21.92	9.59E-01
21.92	9.59E-01
21.92	9.59E-01
21.92	9.59E-01
21.92	9.59E-01
21.92	9.59E-01
21.92	9.59E-01
21.92	9.59E-01
21.92	9.59E-01
21.92	9.59E-01
21.92	9.59E-01
21.93	9.59E-01
21.93	9.59E-01
21.93	9.59E-01
21.93	9.59E-01
21.93	9.59E-01
21.93	9.59E-01
21.93	9.59E-01
21.93	9.59E-01
21.93	9.59E-01
21.93	9.59E-01
21.93	9.59E-01
21.93	9.59E-01
21.93	9.59E-01
21.93	9.59E-01
21.93	9.59E-01
21.93	9.59E-01
21.93	9.59E-01
21.93	9.59E-01
21.93	9.59E-01
21.93	9.59E-01
21.94	9.59E-01
21.94	9.59E-01
21.94	9.59E-01
21.94	9.59E-01
21.94	9.59E-01
21.94	9.59E-01
21.94	9.59E-01
21.94	9.59E-01
21.94	9.59E-01
21.94	9.59E-01
21.94	9.59E-01
21.94	9.59E-01
21.94	9.59E-01
21.94	9.59E-01
21.94	9.59E-01
21.94	9.59E-01
21.94	9.59E-01
21.94	9.59E-01
21.94	9.59E-01
21.94	9.59E-01
21.95	9.59E-01
21.95	9.59E-01
21.95	9.59E-01
21.95	9.59E-01
21.95	9.59E-01
21.95	9.59E-01
21.95	9.59E-01
21.95	9.59E-01
21.95	9.59E-01
21.95	9.59E-01
21.95	9.59E-01
21.95	9.59E-01
21.95	9.59E-01
21.95	9.59E-01
21.95	9.59E-01
21.95	9.59E-01
21.95	9.59E-01
21.95	9.59E-01
21.95	9.59E-01
21.95	9.59E-01
21.96	9.59E-01
21.96	9.59E-01
21.96	9.59E-01
21.96	9.59E-01
21.96	9.59E-01
21.96	9.59E-01
21.96	9.59E-01
21.96	9.59E-01
21.96	9.59E-01
21.96	9.59E-01
21.96	9.59E-01
21.96	9.59E-01
21.96	9.59E-01
21.96	9.59E-01
21.96	9.59E-01
21.96	9.59E-01
21.96	9.59E-01
21.96	9.59E-01
21.96	9.59E-01
21.97	9.59E-01
21.97	9.59E-01
21.97	9.59E-01
21.97	9.59E-01
21.97	9.59E-01
21.97	9.59E-01
21.97	9.59E-01
21.97	9.59E-01
21.97	9.59E-01
21.97	9.59E-01
21.97	9.59E-01
21.97	9.59E-01
21.97	9.59E-01
21.97	9.59E-01
21.97	9.59E-01
21.97	9.59E-01
21.97	9.59E-01
21.97	9.59E-01
21.97	9.59E-01
21.97	9.59E-01
21.98	9.59E-01
21.98	9.59E-01
21.98	9.59E-01
21.98	9.59E-01
21.98	9.59E-01
21.98	9.59E-01
21.98	9.59E-01
21.98	9.59E-01
21.98	9.59E-01
21.98	9.59E-01
21.98	9.59E-01
21.98	9.59E-01
21.98	9.59E-01
21.98	9.59E-01
21.98	9.59E-01
21.98	9.59E-01
21.98	9.59E-01
21.98	9.59E-01
21.98	9.59E-01
21.98	9.59E-01
21.99	9.59E-01
21.99	9.59E-01
21.99	9.59E-01
21.99	9.59E-01
21.99	9.59E-01
21.99	9.59E-01
21.99	9.59E-01
21.99	9.59E-01
21.99	9.59E-01
21.99	9.59E-01
21.99	9.59E-01
21.99	9.59E-01
21.99	9.59E-01
21.99	9.59E-01
21.99	9.59E-01
21.99	9.59E-01
21.99	9.59E-01
21.99	9.59E-01
21.99	9.59E-01
21.99	9.59E-01
22	9.59E-01
22	9.59E-01
22	9.59E-01
22	9.59E-01
22	9.59E-01
22	9.59E-01
22	9.59E-01
22	9.59E-01
22	9.59E-01
22	9.59E-01
22	9.59E-01
22	9.59E-01
22	9.59E-01
22	9.59E-01
22	9.59E-01
22	9.59E-01
22	9.59E-01
22	9.59E-01
22	9.59E-01
22	9.59E-01
22	9.59E-01
22.01	9.59E-01
22.01	9.59E-01
22.01	9.59E-01
22.01	9.59E-01
22.01	9.59E-01
22.01	9.59E-01
22.01	9.59E-01
22.01	9.59E-01
22.01	9.59E-01
22.01	9.59E-01
22.01	9.59E-01
22.01	9.59E-01
22.01	9.59E-01
22.01	9.59E-01
22.01	9.59E-01
22.01	9.59E-01
22.01	9.59E-01
22.01	9.59E-01
22.01	9.59E-01
22.01	9.59E-01
22.02	9.59E-01
22.02	9.59E-01
22.02	9.59E-01
22.02	9.59E-01
22.02	9.59E-01
22.02	9.59E-01
22.02	9.59E-01
22.02	9.59E-01
22.02	9.59E-01
22.02	9.59E-01
22.02	9.59E-01
22.02	9.59E-01
22.02	9.59E-01
22.02	9.59E-01
22.02	9.59E-01
22.02	9.59E-01
22.02	9.59E-01
22.02	9.59E-01
22.02	9.59E-01
22.02	9.59E-01
22.03	9.59E-01
22.03	9.59E-01
22.03	9.59E-01
22.03	9.59E-01
22.03	9.59E-01
22.03	9.59E-01
22.03	9.59E-01
22.03	9.59E-01
22.03	9.59E-01
22.03	9.59E-01
22.03	9.59E-01
22.03	9.59E-01
22.03	9.59E-01
22.03	9.59E-01
22.03	9.59E-01
22.03	9.59E-01
22.03	9.59E-01
22.03	9.59E-01
22.03	9.59E-01
22.03	9.59E-01
22.04	9.59E-01
22.04	9.59E-01
22.04	9.59E-01
22.04	9.59E-01
22.04	9.59E-01
22.04	9.59E-01
22.04	9.59E-01
22.04	9.59E-01
22.04	9.59E-01
22.04	9.59E-01
22.04	9.59E-01
22.04	9.59E-01
22.04	9.59E-01
22.04	9.59E-01
22.04	9.59E-01
22.04	9.59E-01
22.04	9.59E-01
22.04	9.59E-01
22.04	9.59E-01
22.05	9.59E-01
22.05	9.59E-01
22.05	9.59E-01
22.05	9.59E-01
22.05	9.59E-01
22.05	9.59E-01
22.05	9.59E-01
22.05	9.59E-01
22.05	9.59E-01
22.05	9.59E-01
22.05	9.59E-01
22.05	9.59E-01
22.05	9.59E-01
22.05	9.59E-01
22.05	9.59E-01
22.05	9.59E-01
22.05	9.59E-01
22.05	9.59E-01
22.05	9.59E-01
22.05	9.59E-01
22.06	9.59E-01
22.06	9.59E-01
22.06	9.59E-01
22.06	9.59E-01
22.06	9.59E-01
22.06	9.59E-01
22.06	9.59E-01
22.06	9.59E-01
22.06	9.59E-01
22.06	9.59E-01
22.06	9.59E-01
22.06	9.59E-01
22.06	9.59E-01
22.06	9.59E-01
22.06	9.59E-01
22.06	9.59E-01
22.06	9.59E-01
22.06	9.59E-01
22.06	9.59E-01
22.06	9.59E-01
22.07	9.59E-01
22.07	9.59E-01
22.07	9.59E-01
22.07	9.59E-01
22.07	9.59E-01
22.07	9.59E-01
22.07	9.59E-01
22.07	9.59E-01
22.07	9.59E-01
22.07	9.59E-01
22.07	9.59E-01
22.07	9.59E-01
22.07	9.59E-01
22.07	9.59E-01
22.07	9.59E-01
22.07	9.59E-01
22.07	9.59E-01
22.07	9.59E-01
22.07	9.59E-01
22.07	9.59E-01
22.08	9.59E-01
22.08	9.59E-01
22.08	9.59E-01
22.08	9.59E-01
22.08	9.59E-01
22.08	9.59E-01
22.08	9.59E-01
22.08	9.59E-01
22.08	9.59E-01
22.08	9.59E-01
22.08	9.59E-01
22.08	9.59E-01
22.08	9.59E-01
22.08	9.59E-01
22.08	9.59E-01
22.08	9.59E-01
22.08	9.59E-01
22.08	9.59E-01
22.08	9.59E-01
22.08	9.59E-01
22.08	9.59E-01
22.09	9.59E-01
22.09	9.59E-01
22.09	9.59E-01
22.09	9.59E-01
22.09	9.59E-01
22.09	9.59E-01
22.09	9.59E-01
22.09	9.59E-01
22.09	9.59E-01
22.09	9.59E-01
22.09	9.59E-01
22.09	9.59E-01
22.09	9.59E-01
22.09	9.59E-01
22.09	9.59E-01
22.09	9.59E-01
22.09	9.59E-01
22.09	9.59E-01
22.09	9.59E-01
22.09	9.59E-01
22.1	9.59E-01
22.1	9.59E-01
22.1	9.59E-01
22.1	9.59E-01
22.1	9.59E-01
22.1	9.59E-01
22.1	9.59E-01
22.1	9.59E-01
22.1	9.59E-01
22.1	9.59E-01
22.1	9.59E-01
22.1	9.59E-01
22.1	9.59E-01
22.1	9.59E-01
22.1	9.59E-01
22.1	9.59E-01
22.1	9.59E-01
22.1	9.59E-01
22.1	9.59E-01
22.1	9.59E-01
22.11	9.59E-01
22.11	9.59E-01
22.11	9.59E-01
22.11	9.59E-01
22.11	9.59E-01
22.11	9.59E-01
22.11	9.59E-01
22.11	9.59E-01
22.11	9.59E-01
22.11	9.59E-01
22.11	9.59E-01
22.11	9.59E-01
22.11	9.59E-01
22.11	9.59E-01
22.11	9.59E-01
22.11	9.59E-01
22.11	9.59E-01
22.11	9.59E-01
22.11	9.59E-01
22.11	9.59E-01
22.12	9.59E-01
22.12	9.59E-01
22.12	9.59E-01
22.12	9.59E-01
22.12	9.59E-01
22.12	9.59E-01
22.12	9.59E-01
22.12	9.59E-01
22.12	9.59E-01
22.12	9.59E-01
22.12	9.59E-01
22.12	9.59E-01
22.12	9.59E-01
22.12	9.59E-01
22.12	9.59E-01
22.12	9.59E-01
22.12	9.59E-01
22.12	9.59E-01
22.12	9.59E-01
22.12	9.59E-01
22.13	9.59E-01
22.13	9.59E-01
22.13	9.59E-01
22.13	9.59E-01
22.13	9.59E-01
22.13	9.59E-01
22.13	9.59E-01
22.13	9.59E-01
22.13	9.59E-01
22.13	9.59E-01
22.13	9.59E-01
22.13	9.59E-01
22.13	9.59E-01
22.13	9.59E-01
22.13	9.59E-01
22.13	9.59E-01
22.13	9.59E-01
22.13	9.59E-01
22.13	9.59E-01
22.14	9.59E-01
22.14	9.59E-01
22.14	9.59E-01
22.14	9.59E-01
22.14	9.59E-01
22.14	9.59E-01
22.14	9.59E-01
22.14	9.59E-01
22.14	9.59E-01
22.14	9.59E-01
22.14	9.59E-01
22.14	9.59E-01
22.14	9.59E-01
22.14	9.59E-01
22.14	9.59E-01
22.14	9.59E-01
22.14	9.59E-01
22.14	9.59E-01
22.14	9.59E-01
22.14	9.59E-01
22.15	9.59E-01
22.15	9.59E-01
22.15	9.59E-01
22.15	9.59E-01
22.15	9.59E-01
22.15	9.59E-01
22.15	9.59E-01
22.15	9.59E-01
22.15	9.59E-01
22.15	9.59E-01
22.15	9.59E-01
22.15	9.59E-01
22.15	9.59E-01
22.15	9.59E-01
22.15	9.59E-01
22.15	9.59E-01
22.15	9.59E-01
22.15	9.59E-01
22.15	9.59E-01
22.15	9.59E-01
22.16	9.59E-01
22.16	9.59E-01
22.16	9.59E-01
22.16	9.59E-01
22.16	9.59E-01
22.16	9.59E-01
22.16	9.59E-01
22.16	9.59E-01
22.16	9.59E-01
22.16	9.59E-01
22.16	9.59E-01
22.16	9.59E-01
22.16	9.59E-01
22.16	9.59E-01
22.16	9.59E-01
22.16	9.59E-01
22.16	9.59E-01
22.16	9.59E-01
22.16	9.59E-01
22.16	9.59E-01
22.17	9.59E-01
22.17	9.59E-01
22.17	9.59E-01
22.17	9.59E-01
22.17	9.59E-01
22.17	9.59E-01
22.17	9.59E-01
22.17	9.59E-01
22.17	9.59E-01
22.17	9.59E-01
22.17	9.59E-01
22.17	9.59E-01
22.17	9.59E-01
22.17	9.59E-01
22.17	9.59E-01
22.17	9.59E-01
22.17	9.59E-01
22.17	9.59E-01
22.17	9.59E-01
22.17	9.59E-01
22.17	9.59E-01
22.18	9.59E-01
22.18	9.59E-01
22.18	9.59E-01
22.18	9.59E-01
22.18	9.59E-01
22.18	9.59E-01
22.18	9.59E-01
22.18	9.59E-01
22.18	9.59E-01
22.18	9.59E-01
22.18	9.59E-01
22.18	9.59E-01
22.18	9.59E-01
22.18	9.59E-01
22.18	9.59E-01
22.18	9.59E-01
22.18	9.59E-01
22.18	9.59E-01
22.18	9.59E-01
22.18	9.59E-01
22.19	9.59E-01
22.19	9.59E-01
22.19	9.59E-01
22.19	9.59E-01
22.19	9.59E-01
22.19	9.59E-01
22.19	9.59E-01
22.19	9.59E-01
22.19	9.59E-01
22.19	9.59E-01
22.19	9.59E-01
22.19	9.59E-01
22.19	9.59E-01
22.19	9.59E-01
22.19	9.59E-01
22.19	9.59E-01
22.19	9.59E-01
22.19	9.59E-01
22.19	9.59E-01
22.19	9.59E-01
22.2	9.59E-01
22.2	9.59E-01
22.2	9.59E-01
22.2	9.59E-01
22.2	9.59E-01
22.2	9.59E-01
22.2	9.59E-01
22.2	9.59E-01
22.2	9.59E-01
22.2	9.59E-01
22.2	9.59E-01
22.2	9.59E-01
22.2	9.59E-01
22.2	9.59E-01
22.2	9.59E-01
22.2	9.59E-01
22.2	9.59E-01
22.2	9.59E-01
22.2	9.59E-01
22.2	9.59E-01
22.21	9.59E-01
22.21	9.59E-01
22.21	9.59E-01
22.21	9.59E-01
22.21	9.59E-01
22.21	9.59E-01
22.21	9.59E-01
22.21	9.59E-01
22.21	9.59E-01
22.21	9.59E-01
22.21	9.59E-01
22.21	9.59E-01
22.21	9.59E-01
22.21	9.59E-01
22.21	9.59E-01
22.21	9.59E-01
22.21	9.59E-01
22.21	9.59E-01
22.21	9.59E-01
22.22	9.59E-01
22.22	9.59E-01
22.22	9.59E-01
22.22	9.59E-01
22.22	9.59E-01
22.22	9.59E-01
22.22	9.59E-01
22.22	9.59E-01
22.22	9.59E-01
22.22	9.59E-01
22.22	9.59E-01
22.22	9.59E-01
22.22	9.59E-01
22.22	9.59E-01
22.22	9.59E-01
22.22	9.59E-01
22.22	9.59E-01
22.22	9.59E-01
22.22	9.59E-01
22.22	9.59E-01
22.23	9.59E-01
22.23	9.59E-01
22.23	9.59E-01
22.23	9.59E-01
22.23	9.59E-01
22.23	9.59E-01
22.23	9.59E-01
22.23	9.59E-01
22.23	9.59E-01
22.23	9.59E-01
22.23	9.59E-01
22.23	9.59E-01
22.23	9.59E-01
22.23	9.59E-01
22.23	9.59E-01
22.23	9.59E-01
22.23	9.59E-01
22.23	9.59E-01
22.23	9.59E-01
22.23	9.59E-01
22.24	9.59E-01
22.24	9.59E-01
22.24	9.59E-01
22.24	9.59E-01
22.24	9.59E-01
22.24	9.59E-01
22.24	9.59E-01
22.24	9.59E-01
22.24	9.59E-01
22.24	9.59E-01
22.24	9.59E-01
22.24	9.59E-01
22.24	9.59E-01
22.24	9.59E-01
22.24	9.59E-01
22.24	9.59E-01
22.24	9.59E-01
22.24	9.59E-01
22.24	9.59E-01
22.24	9.59E-01
22.25	9.59E-01
22.25	9.59E-01
22.25	9.59E-01
22.25	9.59E-01
22.25	9.59E-01
22.25	9.59E-01
22.25	9.59E-01
22.25	9.59E-01
22.25	9.59E-01
22.25	9.59E-01
22.25	9.59E-01
22.25	9.59E-01
22.25	9.59E-01
22.25	9.59E-01
22.25	9.59E-01
22.25	9.59E-01
22.25	9.59E-01
22.25	9.59E-01
22.25	9.59E-01
22.25	9.59E-01
22.25	9.59E-01
22.26	9.59E-01
22.26	9.59E-01
22.26	9.59E-01
22.26	9.59E-01
22.26	9.59E-01
22.26	9.59E-01
22.26	9.59E-01
22.26	9.59E-01
22.26	9.59E-01
22.26	9.59E-01
22.26	9.59E-01
22.26	9.59E-01
22.26	9.59E-01
22.26	9.59E-01
22.26	9.59E-01
22.26	9.59E-01
22.26	9.59E-01
22.26	9.59E-01
22.26	9.59E-01
22.26	9.59E-01
22.27	9.59E-01
22.27	9.59E-01
22.27	9.59E-01
22.27	9.59E-01
22.27	9.59E-01
22.27	9.59E-01
22.27	9.59E-01
22.27	9.59E-01
22.27	9.59E-01
22.27	9.59E-01
22.27	9.59E-01
22.27	9.59E-01
22.27	9.59E-01
22.27	9.59E-01
22.27	9.59E-01
22.27	9.59E-01
22.27	9.59E-01
22.27	9.59E-01
22.27	9.59E-01
22.27	9.59E-01
22.28	9.59E-01
22.28	9.59E-01
22.28	9.59E-01
22.28	9.59E-01
22.28	9.59E-01
22.28	9.59E-01
22.28	9.59E-01
22.28	9.59E-01
22.28	9.59E-01
22.28	9.59E-01
22.28	9.59E-01
22.28	9.59E-01
22.28	9.59E-01
22.28	9.59E-01
22.28	9.59E-01
22.28	9.59E-01
22.28	9.59E-01
22.28	9.59E-01
22.28	9.59E-01
22.28	9.59E-01
22.29	9.59E-01
22.29	9.59E-01
22.29	9.59E-01
22.29	9.59E-01
22.29	9.59E-01
22.29	9.59E-01
22.29	9.59E-01
22.29	9.59E-01
22.29	9.59E-01
22.29	9.59E-01
22.29	9.59E-01
22.29	9.59E-01
22.29	9.59E-01
22.29	9.59E-01
22.29	9.59E-01
22.29	9.59E-01
22.29	9.59E-01
22.29	9.59E-01
22.29	9.59E-01
22.3	9.59E-01
22.3	9.59E-01
22.3	9.59E-01
22.3	9.59E-01
22.3	9.59E-01
22.3	9.59E-01
22.3	9.59E-01
22.3	9.59E-01
22.3	9.59E-01
22.3	9.59E-01
22.3	9.59E-01
22.3	9.59E-01
22.3	9.59E-01
22.3	9.59E-01
22.3	9.59E-01
22.3	9.59E-01
22.3	9.59E-01
22.3	9.59E-01
22.3	9.59E-01
22.3	9.59E-01
22.31	9.59E-01
22.31	9.59E-01
22.31	9.59E-01
22.31	9.59E-01
22.31	9.59E-01
22.31	9.59E-01
22.31	9.59E-01
22.31	9.59E-01
22.31	9.59E-01
22.31	9.59E-01
22.31	9.59E-01
22.31	9.59E-01
22.31	9.59E-01
22.31	9.59E-01
22.31	9.59E-01
22.31	9.59E-01
22.31	9.59E-01
22.31	9.59E-01
22.31	9.59E-01
22.31	9.59E-01
22.32	9.59E-01
22.32	9.59E-01
22.32	9.59E-01
22.32	9.59E-01
22.32	9.59E-01
22.32	9.59E-01
22.32	9.59E-01
22.32	9.59E-01
22.32	9.59E-01
22.32	9.59E-01
22.32	9.59E-01
22.32	9.59E-01
22.32	9.59E-01
22.32	9.59E-01
22.32	9.59E-01
22.32	9.59E-01
22.32	9.59E-01
22.32	9.59E-01
22.32	9.59E-01
22.32	9.59E-01
22.33	9.59E-01
22.33	9.59E-01
22.33	9.59E-01
22.33	9.59E-01
22.33	9.59E-01
22.33	9.59E-01
22.33	9.59E-01
22.33	9.59E-01
22.33	9.59E-01
22.33	9.59E-01
22.33	9.59E-01
22.33	9.59E-01
22.33	9.59E-01
22.33	9.59E-01
22.33	9.59E-01
22.33	9.59E-01
22.33	9.59E-01
22.33	9.59E-01
22.33	9.59E-01
22.33	9.59E-01
22.33	9.59E-01
22.34	9.59E-01
22.34	9.59E-01
22.34	9.59E-01
22.34	9.59E-01
22.34	9.59E-01
22.34	9.59E-01
22.34	9.59E-01
22.34	9.59E-01
22.34	9.59E-01
22.34	9.59E-01
22.34	9.59E-01
22.34	9.59E-01
22.34	9.59E-01
22.34	9.59E-01
22.34	9.59E-01
22.34	9.59E-01
22.34	9.59E-01
22.34	9.59E-01
22.34	9.59E-01
22.34	9.59E-01
22.35	9.59E-01
22.35	9.59E-01
22.35	9.59E-01
22.35	9.59E-01
22.35	9.59E-01
22.35	9.59E-01
22.35	9.59E-01
22.35	9.59E-01
22.35	9.59E-01
22.35	9.59E-01
22.35	9.59E-01
22.35	9.59E-01
22.35	9.59E-01
22.35	9.59E-01
22.35	9.59E-01
22.35	9.59E-01
22.35	9.59E-01
22.35	9.59E-01
22.35	9.59E-01
22.35	9.59E-01
22.36	9.59E-01
22.36	9.59E-01
22.36	9.59E-01
22.36	9.59E-01
22.36	9.59E-01
22.36	9.59E-01
22.36	9.59E-01
22.36	9.59E-01
22.36	9.59E-01
22.36	9.59E-01
22.36	9.59E-01
22.36	9.59E-01
22.36	9.59E-01
22.36	9.59E-01
22.36	9.59E-01
22.36	9.59E-01
22.36	9.59E-01
22.36	9.59E-01
22.36	9.59E-01
22.36	9.59E-01
22.37	9.59E-01
22.37	9.59E-01
22.37	9.59E-01
22.37	9.59E-01
22.37	9.59E-01
22.37	9.59E-01
22.37	9.59E-01
22.37	9.59E-01
22.37	9.59E-01
22.37	9.59E-01
22.37	9.59E-01
22.37	9.59E-01
22.37	9.59E-01
22.37	9.59E-01
22.37	9.59E-01
22.37	9.59E-01
22.37	9.59E-01
22.37	9.59E-01
22.37	9.59E-01
22.38	9.59E-01
22.38	9.59E-01
22.38	9.59E-01
22.38	9.59E-01
22.38	9.59E-01
22.38	9.59E-01
22.38	9.59E-01
22.38	9.59E-01
22.38	9.59E-01
22.38	9.59E-01
22.38	9.59E-01
22.38	9.59E-01
22.38	9.59E-01
22.38	9.59E-01
22.38	9.59E-01
22.38	9.59E-01
22.38	9.59E-01
22.38	9.59E-01
22.38	9.59E-01
22.38	9.59E-01
22.39	9.59E-01
22.39	9.59E-01
22.39	9.59E-01
22.39	9.59E-01
22.39	9.59E-01
22.39	9.59E-01
22.39	9.59E-01
22.39	9.59E-01
22.39	9.59E-01
22.39	9.59E-01
22.39	9.59E-01
22.39	9.59E-01
22.39	9.59E-01
22.39	9.59E-01
22.39	9.59E-01
22.39	9.59E-01
22.39	9.59E-01
22.39	9.59E-01
22.39	9.59E-01
22.39	9.59E-01
22.4	9.59E-01
22.4	9.59E-01
22.4	9.59E-01
22.4	9.59E-01
22.4	9.59E-01
22.4	9.59E-01
22.4	9.59E-01
22.4	9.59E-01
22.4	9.59E-01
22.4	9.59E-01
22.4	9.59E-01
22.4	9.59E-01
22.4	9.59E-01
22.4	9.59E-01
22.4	9.59E-01
22.4	9.59E-01
22.4	9.59E-01
22.4	9.59E-01
22.4	9.59E-01
22.4	9.59E-01
22.41	9.59E-01
22.41	9.59E-01
22.41	9.59E-01
22.41	9.59E-01
22.41	9.59E-01
22.41	9.59E-01
22.41	9.59E-01
22.41	9.59E-01
22.41	9.59E-01
22.41	9.59E-01
22.41	9.59E-01
22.41	9.59E-01
22.41	9.59E-01
22.41	9.59E-01
22.41	9.59E-01
22.41	9.59E-01
22.41	9.59E-01
22.41	9.59E-01
22.41	9.59E-01
22.41	9.59E-01
22.42	9.59E-01
22.42	9.59E-01
22.42	9.59E-01
22.42	9.59E-01
22.42	9.59E-01
22.42	9.59E-01
22.42	9.59E-01
22.42	9.59E-01
22.42	9.59E-01
22.42	9.59E-01
22.42	9.59E-01
22.42	9.59E-01
22.42	9.59E-01
22.42	9.59E-01
22.42	9.59E-01
22.42	9.59E-01
22.42	9.59E-01
22.42	9.59E-01
22.42	9.59E-01
22.42	9.59E-01
22.42	9.59E-01
22.43	9.59E-01
22.43	9.59E-01
22.43	9.59E-01
22.43	9.59E-01
22.43	9.59E-01
22.43	9.59E-01
22.43	9.59E-01
22.43	9.59E-01
22.43	9.59E-01
22.43	9.59E-01
22.43	9.59E-01
22.43	9.59E-01
22.43	9.59E-01
22.43	9.59E-01
22.43	9.59E-01
22.43	9.59E-01
22.43	9.59E-01
22.43	9.59E-01
22.43	9.59E-01
22.43	9.59E-01