0	0
5.00E-04	0
1.00E-03	0
1.50E-03	0
2.00E-03	0
2.50E-03	0
3.00E-03	0
3.50E-03	0
4.00E-03	0
4.50E-03	0
5.00E-03	0
5.50E-03	0
6.00E-03	0
6.50E-03	0
7.00E-03	0
7.50E-03	0
8.00E-03	0
8.50E-03	0
9.00E-03	0
9.50E-03	0
1.00E-02	0
1.05E-02	0
1.10E-02	0
1.15E-02	0
1.20E-02	0
1.25E-02	0
1.30E-02	0
1.35E-02	0
1.40E-02	0
1.45E-02	0
1.50E-02	0
1.55E-02	0
1.60E-02	0
1.65E-02	0
1.70E-02	0
1.75E-02	0
1.80E-02	0
1.85E-02	0
1.90E-02	0
1.95E-02	0
2.00E-02	0
2.05E-02	0
2.10E-02	0
2.15E-02	0
2.20E-02	0
2.25E-02	0
2.30E-02	0
2.35E-02	0
2.40E-02	0
2.45E-02	0
2.50E-02	0
2.55E-02	0
2.60E-02	0
2.65E-02	0
2.70E-02	0
2.75E-02	0
2.80E-02	0
2.85E-02	0
2.90E-02	0
2.95E-02	0
3.00E-02	0
3.05E-02	0
3.10E-02	0
3.15E-02	0
3.20E-02	0
3.25E-02	0
3.30E-02	0
3.35E-02	0
3.40E-02	0
3.45E-02	0
3.50E-02	0
3.55E-02	0
3.60E-02	0
3.65E-02	0
3.70E-02	0
3.75E-02	0
3.80E-02	0
3.85E-02	0
3.90E-02	0
3.95E-02	0
4.00E-02	0
4.05E-02	0
4.10E-02	0
4.15E-02	0
4.20E-02	0
4.25E-02	0
4.30E-02	0
4.35E-02	0
4.40E-02	0
4.45E-02	0
4.50E-02	0
4.55E-02	0
4.60E-02	0
4.65E-02	0
4.70E-02	0
4.75E-02	0
4.80E-02	0
4.85E-02	0
4.90E-02	0
4.95E-02	0
5.00E-02	0
5.05E-02	0
5.10E-02	0
5.15E-02	0
5.20E-02	0
5.25E-02	0
5.30E-02	0
5.35E-02	0
5.40E-02	0
5.45E-02	0
5.50E-02	0
5.55E-02	0
5.60E-02	0
5.65E-02	0
5.70E-02	0
5.75E-02	0
5.80E-02	0
5.85E-02	0
5.90E-02	0
5.95E-02	0
6.00E-02	0
6.05E-02	0
6.10E-02	0
6.15E-02	0
6.20E-02	0
6.25E-02	0
6.30E-02	0
6.35E-02	0
6.40E-02	0
6.45E-02	0
6.50E-02	0
6.55E-02	0
6.60E-02	0
6.65E-02	0
6.70E-02	0
6.75E-02	0
6.80E-02	0
6.85E-02	0
6.90E-02	0
6.95E-02	0
7.00E-02	0
7.05E-02	0
7.10E-02	0
7.15E-02	0
7.20E-02	0
7.25E-02	0
7.30E-02	0
7.35E-02	0
7.40E-02	0
7.45E-02	0
7.50E-02	0
7.55E-02	0
7.60E-02	0
7.65E-02	0
7.70E-02	0
7.75E-02	0
7.80E-02	0
7.85E-02	0
7.90E-02	0
7.95E-02	0
8.00E-02	0
8.05E-02	0
8.10E-02	0
8.15E-02	0
8.20E-02	0
8.25E-02	0
8.30E-02	0
8.35E-02	0
8.40E-02	0
8.45E-02	0
8.50E-02	0
8.55E-02	0
8.60E-02	0
8.65E-02	0
8.70E-02	0
8.75E-02	0
8.80E-02	0
8.85E-02	0
8.90E-02	0
8.95E-02	0
9.00E-02	0
9.05E-02	0
9.10E-02	0
9.15E-02	0
9.20E-02	0
9.25E-02	0
9.30E-02	0
9.35E-02	0
9.40E-02	0
9.45E-02	0
9.50E-02	0
9.55E-02	0
9.60E-02	0
9.65E-02	0
9.70E-02	0
9.75E-02	0
9.80E-02	0
9.85E-02	0
9.90E-02	0
9.95E-02	0
1.00E-01	0
1.01E-01	0
1.01E-01	0
1.02E-01	0
1.02E-01	0
1.03E-01	0
1.03E-01	0
1.04E-01	0
1.04E-01	0
1.05E-01	0
1.05E-01	0
1.06E-01	0
1.06E-01	0
1.07E-01	0
1.07E-01	0
1.08E-01	0
1.08E-01	0
1.09E-01	0
1.09E-01	0
1.10E-01	0
1.10E-01	0
1.11E-01	0
1.11E-01	0
1.12E-01	0
1.12E-01	0
1.13E-01	0
1.13E-01	0
1.14E-01	0
1.14E-01	0
1.15E-01	0
1.15E-01	0
1.16E-01	0
1.16E-01	0
1.17E-01	0
1.17E-01	0
1.18E-01	0
1.18E-01	0
1.19E-01	0
1.19E-01	0
1.20E-01	0
1.20E-01	0
1.21E-01	0
1.21E-01	0
1.22E-01	0
1.22E-01	0
1.23E-01	0
1.23E-01	0
1.24E-01	0
1.24E-01	0
1.25E-01	0
1.25E-01	0
1.26E-01	0
1.26E-01	0
1.27E-01	0
1.27E-01	0
1.28E-01	0
1.28E-01	0
1.29E-01	0
1.29E-01	0
1.30E-01	0
1.30E-01	0
1.31E-01	0
1.31E-01	0
1.32E-01	0
1.32E-01	0
1.33E-01	0
1.33E-01	0
1.34E-01	0
1.34E-01	0
1.35E-01	0
1.35E-01	0
1.36E-01	0
1.36E-01	0
1.37E-01	0
1.37E-01	0
1.38E-01	0
1.38E-01	0
1.39E-01	0
1.39E-01	0
1.40E-01	0
1.40E-01	0
1.41E-01	0
1.41E-01	0
1.42E-01	0
1.42E-01	0
1.43E-01	0
1.43E-01	0
1.44E-01	0
1.44E-01	0
1.45E-01	0
1.45E-01	0
1.46E-01	0
1.46E-01	0
1.47E-01	0
1.47E-01	0
1.48E-01	0
1.48E-01	0
1.49E-01	0
1.49E-01	0
1.50E-01	0
1.50E-01	0
1.51E-01	0
1.51E-01	0
1.52E-01	0
1.52E-01	0
1.53E-01	0
1.53E-01	0
1.54E-01	0
1.54E-01	0
1.55E-01	0
1.55E-01	0
1.56E-01	0
1.56E-01	0
1.57E-01	0
1.57E-01	0
1.58E-01	0
1.58E-01	0
1.59E-01	0
1.59E-01	0
1.60E-01	0
1.60E-01	0
1.61E-01	0
1.61E-01	0
1.62E-01	0
1.62E-01	0
1.63E-01	0
1.63E-01	0
1.64E-01	0
1.64E-01	0
1.65E-01	0
1.65E-01	0
1.66E-01	0
1.66E-01	0
1.67E-01	0
1.67E-01	0
1.68E-01	0
1.68E-01	0
1.69E-01	0
1.69E-01	0
1.70E-01	0
1.70E-01	0
1.71E-01	0
1.71E-01	0
1.72E-01	0
1.72E-01	0
1.73E-01	0
1.73E-01	0
1.74E-01	0
1.74E-01	0
1.75E-01	0
1.75E-01	0
1.76E-01	0
1.76E-01	0
1.77E-01	0
1.77E-01	0
1.78E-01	0
1.78E-01	0
1.79E-01	0
1.79E-01	0
1.80E-01	0
1.80E-01	0
1.81E-01	0
1.81E-01	0
1.82E-01	0
1.82E-01	0
1.83E-01	0
1.83E-01	0
1.84E-01	0
1.84E-01	0
1.85E-01	0
1.85E-01	0
1.86E-01	0
1.86E-01	0
1.87E-01	0
1.87E-01	0
1.88E-01	0
1.88E-01	0
1.89E-01	0
1.89E-01	0
1.90E-01	0
1.90E-01	0
1.91E-01	0
1.91E-01	0
1.92E-01	0
1.92E-01	0
1.93E-01	0
1.93E-01	0
1.94E-01	0
1.94E-01	0
1.95E-01	0
1.95E-01	0
1.96E-01	0
1.96E-01	0
1.97E-01	0
1.97E-01	0
1.98E-01	0
1.98E-01	0
1.99E-01	0
1.99E-01	0
2.00E-01	0
2.00E-01	0
2.01E-01	0
2.01E-01	0
2.02E-01	0
2.02E-01	0
2.03E-01	0
2.03E-01	0
2.04E-01	0
2.04E-01	0
2.05E-01	0
2.05E-01	0
2.06E-01	0
2.06E-01	0
2.07E-01	0
2.07E-01	0
2.08E-01	0
2.08E-01	0
2.09E-01	0
2.09E-01	0
2.10E-01	0
2.10E-01	0
2.11E-01	0
2.11E-01	0
2.12E-01	0
2.12E-01	0
2.13E-01	0
2.13E-01	0
2.14E-01	0
2.14E-01	0
2.15E-01	0
2.15E-01	0
2.16E-01	0
2.16E-01	0
2.17E-01	0
2.17E-01	0
2.18E-01	0
2.18E-01	0
2.19E-01	0
2.19E-01	0
2.20E-01	0
2.20E-01	0
2.21E-01	0
2.21E-01	0
2.22E-01	0
2.22E-01	0
2.23E-01	0
2.23E-01	0
2.24E-01	0
2.24E-01	0
2.25E-01	0
2.25E-01	0
2.26E-01	0
2.26E-01	0
2.27E-01	0
2.27E-01	0
2.28E-01	0
2.28E-01	0
2.29E-01	0
2.29E-01	0
2.30E-01	0
2.30E-01	0
2.31E-01	0
2.31E-01	0
2.32E-01	0
2.32E-01	0
2.33E-01	0
2.33E-01	0
2.34E-01	0
2.34E-01	0
2.35E-01	0
2.35E-01	0
2.36E-01	0
2.36E-01	0
2.37E-01	0
2.37E-01	0
2.38E-01	0
2.38E-01	0
2.39E-01	0
2.39E-01	0
2.40E-01	0
2.40E-01	0
2.41E-01	0
2.41E-01	0
2.42E-01	0
2.42E-01	0
2.43E-01	0
2.43E-01	0
2.44E-01	0
2.44E-01	0
2.45E-01	0
2.45E-01	0
2.46E-01	0
2.46E-01	0
2.47E-01	0
2.47E-01	0
2.48E-01	0
2.48E-01	0
2.49E-01	0
2.49E-01	0
2.50E-01	0
2.50E-01	0
2.51E-01	0
2.51E-01	0
2.52E-01	0
2.52E-01	0
2.53E-01	0
2.53E-01	0
2.54E-01	0
2.54E-01	0
2.55E-01	0
2.55E-01	0
2.56E-01	0
2.56E-01	0
2.57E-01	0
2.57E-01	0
2.58E-01	0
2.58E-01	0
2.59E-01	0
2.59E-01	0
2.60E-01	0
2.60E-01	0
2.61E-01	0
2.61E-01	0
2.62E-01	0
2.62E-01	0
2.63E-01	0
2.63E-01	0
2.64E-01	0
2.64E-01	0
2.65E-01	0
2.65E-01	0
2.66E-01	0
2.66E-01	0
2.67E-01	0
2.67E-01	0
2.68E-01	0
2.68E-01	0
2.69E-01	0
2.69E-01	0
2.70E-01	0
2.70E-01	0
2.71E-01	0
2.71E-01	0
2.72E-01	0
2.72E-01	0
2.73E-01	0
2.73E-01	0
2.74E-01	0
2.74E-01	0
2.75E-01	0
2.75E-01	0
2.76E-01	0
2.76E-01	0
2.77E-01	0
2.77E-01	0
2.78E-01	0
2.78E-01	0
2.79E-01	0
2.79E-01	0
2.80E-01	0
2.80E-01	0
2.81E-01	0
2.81E-01	0
2.82E-01	0
2.82E-01	0
2.83E-01	0
2.83E-01	0
2.84E-01	0
2.84E-01	0
2.85E-01	0
2.85E-01	0
2.86E-01	0
2.86E-01	0
2.87E-01	0
2.87E-01	0
2.88E-01	0
2.88E-01	0
2.89E-01	0
2.89E-01	0
2.90E-01	0
2.90E-01	0
2.91E-01	0
2.91E-01	0
2.92E-01	0
2.92E-01	0
2.93E-01	0
2.93E-01	0
2.94E-01	0
2.94E-01	0
2.95E-01	0
2.95E-01	0
2.96E-01	0
2.96E-01	0
2.97E-01	0
2.97E-01	0
2.98E-01	0
2.98E-01	0
2.99E-01	0
2.99E-01	0
3.00E-01	0
3.00E-01	0
3.01E-01	0
3.01E-01	0
3.02E-01	0
3.02E-01	0
3.03E-01	0
3.03E-01	0
3.04E-01	0
3.04E-01	0
3.05E-01	0
3.05E-01	0
3.06E-01	0
3.06E-01	0
3.07E-01	0
3.07E-01	0
3.08E-01	0
3.08E-01	0
3.09E-01	0
3.09E-01	0
3.10E-01	0
3.10E-01	0
3.11E-01	0
3.11E-01	0
3.12E-01	0
3.12E-01	0
3.13E-01	0
3.13E-01	0
3.14E-01	0
3.14E-01	0
3.15E-01	0
3.15E-01	0
3.16E-01	0
3.16E-01	0
3.17E-01	0
3.17E-01	0
3.18E-01	0
3.18E-01	0
3.19E-01	0
3.19E-01	0
3.20E-01	0
3.20E-01	0
3.21E-01	0
3.21E-01	0
3.22E-01	0
3.22E-01	0
3.23E-01	0
3.23E-01	0
3.24E-01	0
3.24E-01	0
3.25E-01	0
3.25E-01	0
3.26E-01	0
3.26E-01	0
3.27E-01	0
3.27E-01	0
3.28E-01	0
3.28E-01	0
3.29E-01	0
3.29E-01	0
3.30E-01	0
3.30E-01	0
3.31E-01	0
3.31E-01	0
3.32E-01	0
3.32E-01	0
3.33E-01	0
3.33E-01	0
3.34E-01	0
3.34E-01	0
3.35E-01	0
3.35E-01	0
3.36E-01	0
3.36E-01	0
3.37E-01	0
3.37E-01	0
3.38E-01	0
3.38E-01	0
3.39E-01	0
3.39E-01	0
3.40E-01	0
3.40E-01	0
3.41E-01	0
3.41E-01	0
3.42E-01	0
3.42E-01	0
3.43E-01	0
3.43E-01	0
3.44E-01	0
3.44E-01	0
3.45E-01	0
3.45E-01	0
3.46E-01	0
3.46E-01	0
3.47E-01	0
3.47E-01	0
3.48E-01	0
3.48E-01	0
3.49E-01	0
3.49E-01	0
3.50E-01	0
3.50E-01	0
3.51E-01	0
3.51E-01	0
3.52E-01	0
3.52E-01	0
3.53E-01	0
3.53E-01	0
3.54E-01	0
3.54E-01	0
3.55E-01	0
3.55E-01	0
3.56E-01	0
3.56E-01	0
3.57E-01	0
3.57E-01	0
3.58E-01	0
3.58E-01	0
3.59E-01	0
3.59E-01	0
3.60E-01	0
3.60E-01	0
3.61E-01	0
3.61E-01	0
3.62E-01	0
3.62E-01	0
3.63E-01	0
3.63E-01	0
3.64E-01	0
3.64E-01	0
3.65E-01	0
3.65E-01	0
3.66E-01	0
3.66E-01	0
3.67E-01	0
3.67E-01	0
3.68E-01	0
3.68E-01	0
3.69E-01	0
3.69E-01	0
3.70E-01	0
3.70E-01	0
3.71E-01	0
3.71E-01	0
3.72E-01	0
3.72E-01	0
3.73E-01	0
3.73E-01	0
3.74E-01	0
3.74E-01	0
3.75E-01	0
3.75E-01	0
3.76E-01	0
3.76E-01	0
3.77E-01	0
3.77E-01	0
3.78E-01	0
3.78E-01	0
3.79E-01	0
3.79E-01	0
3.80E-01	0
3.80E-01	0
3.81E-01	0
3.81E-01	0
3.82E-01	0
3.82E-01	0
3.83E-01	0
3.83E-01	0
3.84E-01	0
3.84E-01	0
3.85E-01	0
3.85E-01	0
3.86E-01	0
3.86E-01	0
3.87E-01	0
3.87E-01	0
3.88E-01	0
3.88E-01	0
3.89E-01	0
3.89E-01	0
3.90E-01	0
3.90E-01	0
3.91E-01	0
3.91E-01	0
3.92E-01	0
3.92E-01	0
3.93E-01	0
3.93E-01	0
3.94E-01	0
3.94E-01	0
3.95E-01	0
3.95E-01	0
3.96E-01	0
3.96E-01	0
3.97E-01	0
3.97E-01	0
3.98E-01	0
3.98E-01	0
3.99E-01	0
3.99E-01	0
4.00E-01	0
4.00E-01	0
4.01E-01	0
4.01E-01	0
4.02E-01	0
4.02E-01	0
4.03E-01	0
4.03E-01	0
4.04E-01	0
4.04E-01	0
4.05E-01	0
4.05E-01	0
4.06E-01	0
4.06E-01	0
4.07E-01	0
4.07E-01	0
4.08E-01	0
4.08E-01	0
4.09E-01	0
4.09E-01	0
4.10E-01	0
4.10E-01	0
4.11E-01	0
4.11E-01	0
4.12E-01	0
4.12E-01	0
4.13E-01	0
4.13E-01	0
4.14E-01	0
4.14E-01	0
4.15E-01	0
4.15E-01	0
4.16E-01	0
4.16E-01	0
4.17E-01	0
4.17E-01	0
4.18E-01	0
4.18E-01	0
4.19E-01	0
4.19E-01	0
4.20E-01	0
4.20E-01	0
4.21E-01	0
4.21E-01	0
4.22E-01	0
4.22E-01	0
4.23E-01	0
4.23E-01	0
4.24E-01	0
4.24E-01	0
4.25E-01	0
4.25E-01	0
4.26E-01	0
4.26E-01	0
4.27E-01	0
4.27E-01	0
4.28E-01	0
4.28E-01	0
4.29E-01	0
4.29E-01	0
4.30E-01	0
4.30E-01	0
4.31E-01	0
4.31E-01	0
4.32E-01	0
4.32E-01	0
4.33E-01	0
4.33E-01	0
4.34E-01	0
4.34E-01	0
4.35E-01	0
4.35E-01	0
4.36E-01	0
4.36E-01	0
4.37E-01	0
4.37E-01	0
4.38E-01	0
4.38E-01	0
4.39E-01	0
4.39E-01	0
4.40E-01	0
4.40E-01	0
4.41E-01	0
4.41E-01	0
4.42E-01	0
4.42E-01	0
4.43E-01	0
4.43E-01	0
4.44E-01	0
4.44E-01	0
4.45E-01	0
4.45E-01	0
4.46E-01	0
4.46E-01	0
4.47E-01	0
4.47E-01	0
4.48E-01	0
4.48E-01	0
4.49E-01	0
4.49E-01	0
4.50E-01	0
4.50E-01	0
4.51E-01	0
4.51E-01	0
4.52E-01	0
4.52E-01	0
4.53E-01	0
4.53E-01	0
4.54E-01	0
4.54E-01	0
4.55E-01	0
4.55E-01	0
4.56E-01	0
4.56E-01	0
4.57E-01	0
4.57E-01	0
4.58E-01	0
4.58E-01	0
4.59E-01	0
4.59E-01	0
4.60E-01	0
4.60E-01	0
4.61E-01	0
4.61E-01	0
4.62E-01	0
4.62E-01	0
4.63E-01	0
4.63E-01	0
4.64E-01	0
4.64E-01	0
4.65E-01	0
4.65E-01	0
4.66E-01	0
4.66E-01	0
4.67E-01	0
4.67E-01	0
4.68E-01	0
4.68E-01	0
4.69E-01	0
4.69E-01	0
4.70E-01	0
4.70E-01	0
4.71E-01	0
4.71E-01	0
4.72E-01	0
4.72E-01	0
4.73E-01	0
4.73E-01	0
4.74E-01	0
4.74E-01	0
4.75E-01	0
4.75E-01	0
4.76E-01	0
4.76E-01	0
4.77E-01	0
4.77E-01	0
4.78E-01	0
4.78E-01	0
4.79E-01	0
4.79E-01	0
4.80E-01	0
4.80E-01	0
4.81E-01	0
4.81E-01	0
4.82E-01	0
4.82E-01	0
4.83E-01	0
4.83E-01	0
4.84E-01	0
4.84E-01	0
4.85E-01	0
4.85E-01	0
4.86E-01	0
4.86E-01	0
4.87E-01	0
4.87E-01	0
4.88E-01	0
4.88E-01	0
4.89E-01	0
4.89E-01	0
4.90E-01	0
4.90E-01	0
4.91E-01	0
4.91E-01	0
4.92E-01	0
4.92E-01	0
4.93E-01	0
4.93E-01	0
4.94E-01	0
4.94E-01	0
4.95E-01	0
4.95E-01	0
4.96E-01	0
4.96E-01	0
4.97E-01	0
4.97E-01	0
4.98E-01	0
4.98E-01	0
4.99E-01	0
4.99E-01	0
5.00E-01	0
5.00E-01	0
5.01E-01	0
5.01E-01	0
5.02E-01	0
5.02E-01	0
5.03E-01	0
5.03E-01	0
5.04E-01	0
5.04E-01	0
5.05E-01	0
5.05E-01	0
5.06E-01	0
5.06E-01	0
5.07E-01	0
5.07E-01	0
5.08E-01	0
5.08E-01	0
5.09E-01	0
5.09E-01	0
5.10E-01	0
5.10E-01	0
5.11E-01	0
5.11E-01	0
5.12E-01	0
5.12E-01	0
5.13E-01	0
5.13E-01	0
5.14E-01	0
5.14E-01	0
5.15E-01	0
5.15E-01	0
5.16E-01	0
5.16E-01	0
5.17E-01	0
5.17E-01	0
5.18E-01	0
5.18E-01	0
5.19E-01	0
5.19E-01	0
5.20E-01	0
5.20E-01	0
5.21E-01	0
5.21E-01	0
5.22E-01	0
5.22E-01	0
5.23E-01	0
5.23E-01	0
5.24E-01	0
5.24E-01	0
5.25E-01	0
5.25E-01	0
5.26E-01	0
5.26E-01	0
5.27E-01	0
5.27E-01	0
5.28E-01	0
5.28E-01	0
5.29E-01	0
5.29E-01	0
5.30E-01	0
5.30E-01	0
5.31E-01	0
5.31E-01	0
5.32E-01	0
5.32E-01	0
5.33E-01	0
5.33E-01	0
5.34E-01	0
5.34E-01	0
5.35E-01	0
5.35E-01	0
5.36E-01	0
5.36E-01	0
5.37E-01	0
5.37E-01	0
5.38E-01	0
5.38E-01	0
5.39E-01	0
5.39E-01	0
5.40E-01	0
5.40E-01	0
5.41E-01	0
5.41E-01	0
5.42E-01	0
5.42E-01	0
5.43E-01	0
5.43E-01	0
5.44E-01	0
5.44E-01	0
5.45E-01	0
5.45E-01	0
5.46E-01	0
5.46E-01	0
5.47E-01	0
5.47E-01	0
5.48E-01	0
5.48E-01	0
5.49E-01	0
5.49E-01	0
5.50E-01	0
5.50E-01	0
5.51E-01	0
5.51E-01	0
5.52E-01	0
5.52E-01	0
5.53E-01	0
5.53E-01	0
5.54E-01	0
5.54E-01	0
5.55E-01	0
5.55E-01	0
5.56E-01	0
5.56E-01	0
5.57E-01	0
5.57E-01	0
5.58E-01	0
5.58E-01	0
5.59E-01	0
5.59E-01	0
5.60E-01	0
5.60E-01	0
5.61E-01	0
5.61E-01	0
5.62E-01	0
5.62E-01	0
5.63E-01	0
5.63E-01	0
5.64E-01	0
5.64E-01	0
5.65E-01	0
5.65E-01	0
5.66E-01	0
5.66E-01	0
5.67E-01	0
5.67E-01	0
5.68E-01	0
5.68E-01	0
5.69E-01	0
5.69E-01	0
5.70E-01	0
5.70E-01	0
5.71E-01	0
5.71E-01	0
5.72E-01	0
5.72E-01	0
5.73E-01	0
5.73E-01	0
5.74E-01	0
5.74E-01	0
5.75E-01	0
5.75E-01	0
5.76E-01	0
5.76E-01	0
5.77E-01	0
5.77E-01	0
5.78E-01	0
5.78E-01	0
5.79E-01	0
5.79E-01	0
5.80E-01	0
5.80E-01	0
5.81E-01	0
5.81E-01	0
5.82E-01	0
5.82E-01	0
5.83E-01	0
5.83E-01	0
5.84E-01	0
5.84E-01	0
5.85E-01	0
5.85E-01	0
5.86E-01	0
5.86E-01	0
5.87E-01	0
5.87E-01	0
5.88E-01	0
5.88E-01	0
5.89E-01	0
5.89E-01	0
5.90E-01	0
5.90E-01	0
5.91E-01	0
5.91E-01	0
5.92E-01	0
5.92E-01	0
5.93E-01	0
5.93E-01	0
5.94E-01	0
5.94E-01	0
5.95E-01	0
5.95E-01	0
5.96E-01	0
5.96E-01	0
5.97E-01	0
5.97E-01	0
5.98E-01	0
5.98E-01	0
5.99E-01	0
5.99E-01	0
6.00E-01	0
6.00E-01	0
6.01E-01	0
6.01E-01	0
6.02E-01	0
6.02E-01	0
6.03E-01	0
6.03E-01	0
6.04E-01	0
6.04E-01	0
6.05E-01	0
6.05E-01	0
6.06E-01	0
6.06E-01	0
6.07E-01	0
6.07E-01	0
6.08E-01	0
6.08E-01	0
6.09E-01	0
6.09E-01	0
6.10E-01	0
6.10E-01	0
6.11E-01	0
6.11E-01	0
6.12E-01	0
6.12E-01	0
6.13E-01	0
6.13E-01	0
6.14E-01	0
6.14E-01	0
6.15E-01	0
6.15E-01	0
6.16E-01	0
6.16E-01	0
6.17E-01	0
6.17E-01	0
6.18E-01	0
6.18E-01	0
6.19E-01	0
6.19E-01	0
6.20E-01	0
6.20E-01	0
6.21E-01	0
6.21E-01	0
6.22E-01	0
6.22E-01	0
6.23E-01	0
6.23E-01	0
6.24E-01	0
6.24E-01	0
6.25E-01	0
6.25E-01	0
6.26E-01	0
6.26E-01	0
6.27E-01	0
6.27E-01	0
6.28E-01	0
6.28E-01	0
6.29E-01	0
6.29E-01	0
6.30E-01	0
6.30E-01	0
6.31E-01	0
6.31E-01	0
6.32E-01	0
6.32E-01	0
6.33E-01	0
6.33E-01	0
6.34E-01	0
6.34E-01	0
6.35E-01	0
6.35E-01	0
6.36E-01	0
6.36E-01	0
6.37E-01	0
6.37E-01	0
6.38E-01	0
6.38E-01	0
6.39E-01	0
6.39E-01	0
6.40E-01	0
6.40E-01	0
6.41E-01	0
6.41E-01	0
6.42E-01	0
6.42E-01	0
6.43E-01	0
6.43E-01	0
6.44E-01	0
6.44E-01	0
6.45E-01	0
6.45E-01	0
6.46E-01	0
6.46E-01	0
6.47E-01	0
6.47E-01	0
6.48E-01	0
6.48E-01	0
6.49E-01	0
6.49E-01	0
6.50E-01	0
6.50E-01	0
6.51E-01	0
6.51E-01	0
6.52E-01	0
6.52E-01	0
6.53E-01	0
6.53E-01	0
6.54E-01	0
6.54E-01	0
6.55E-01	0
6.55E-01	0
6.56E-01	0
6.56E-01	0
6.57E-01	0
6.57E-01	0
6.58E-01	0
6.58E-01	0
6.59E-01	0
6.59E-01	0
6.60E-01	0
6.60E-01	0
6.61E-01	0
6.61E-01	0
6.62E-01	0
6.62E-01	0
6.63E-01	0
6.63E-01	0
6.64E-01	0
6.64E-01	0
6.65E-01	0
6.65E-01	0
6.66E-01	0
6.66E-01	0
6.67E-01	0
6.67E-01	0
6.68E-01	0
6.68E-01	0
6.69E-01	0
6.69E-01	0
6.70E-01	0
6.70E-01	0
6.71E-01	0
6.71E-01	0
6.72E-01	0
6.72E-01	0
6.73E-01	0
6.73E-01	0
6.74E-01	0
6.74E-01	0
6.75E-01	0
6.75E-01	0
6.76E-01	0
6.76E-01	0
6.77E-01	0
6.77E-01	0
6.78E-01	0
6.78E-01	0
6.79E-01	0
6.79E-01	0
6.80E-01	0
6.80E-01	0
6.81E-01	0
6.81E-01	0
6.82E-01	0
6.82E-01	0
6.83E-01	0
6.83E-01	0
6.84E-01	0
6.84E-01	0
6.85E-01	0
6.85E-01	0
6.86E-01	0
6.86E-01	0
6.87E-01	0
6.87E-01	0
6.88E-01	0
6.88E-01	0
6.89E-01	0
6.89E-01	0
6.90E-01	0
6.90E-01	0
6.91E-01	0
6.91E-01	0
6.92E-01	0
6.92E-01	0
6.93E-01	0
6.93E-01	0
6.94E-01	0
6.94E-01	0
6.95E-01	0
6.95E-01	0
6.96E-01	0
6.96E-01	0
6.97E-01	0
6.97E-01	0
6.98E-01	0
6.98E-01	0
6.99E-01	0
6.99E-01	0
7.00E-01	0
7.00E-01	0
7.01E-01	0
7.01E-01	0
7.02E-01	0
7.02E-01	0
7.03E-01	0
7.03E-01	0
7.04E-01	0
7.04E-01	0
7.05E-01	0
7.05E-01	0
7.06E-01	0
7.06E-01	0
7.07E-01	0
7.07E-01	0
7.08E-01	0
7.08E-01	0
7.09E-01	0
7.09E-01	0
7.10E-01	0
7.10E-01	0
7.11E-01	0
7.11E-01	0
7.12E-01	0
7.12E-01	0
7.13E-01	0
7.13E-01	0
7.14E-01	0
7.14E-01	0
7.15E-01	0
7.15E-01	0
7.16E-01	0
7.16E-01	0
7.17E-01	1
7.17E-01	1
7.18E-01	1
7.18E-01	1
7.19E-01	1
7.19E-01	1
7.20E-01	1
7.20E-01	1
7.21E-01	1
7.21E-01	1
7.22E-01	1
7.22E-01	1
7.23E-01	1
7.23E-01	1
7.24E-01	1
7.24E-01	1
7.25E-01	1
7.25E-01	1
7.26E-01	1
7.26E-01	1
7.27E-01	1
7.27E-01	1
7.28E-01	1
7.28E-01	1
7.29E-01	1
7.29E-01	1
7.30E-01	1
7.30E-01	1
7.31E-01	1
7.31E-01	1
7.32E-01	1
7.32E-01	1
7.33E-01	1
7.33E-01	1
7.34E-01	1
7.34E-01	1
7.35E-01	1
7.35E-01	1
7.36E-01	1
7.36E-01	1
7.37E-01	1
7.37E-01	1
7.38E-01	1
7.38E-01	1
7.39E-01	1
7.39E-01	1
7.40E-01	1
7.40E-01	1
7.41E-01	1
7.41E-01	1
7.42E-01	1
7.42E-01	1
7.43E-01	1
7.43E-01	1
7.44E-01	1
7.44E-01	1
7.45E-01	1
7.45E-01	1
7.46E-01	1
7.46E-01	1
7.47E-01	1
7.47E-01	1
7.48E-01	1
7.48E-01	1
7.49E-01	1
7.49E-01	1
7.50E-01	1
7.50E-01	1
7.51E-01	1
7.51E-01	1
7.52E-01	1
7.52E-01	1
7.53E-01	1
7.53E-01	1
7.54E-01	1
7.54E-01	1
7.55E-01	1
7.55E-01	1
7.56E-01	1
7.56E-01	1
7.57E-01	1
7.57E-01	1
7.58E-01	1
7.58E-01	1
7.59E-01	1
7.59E-01	1
7.60E-01	1
7.60E-01	1
7.61E-01	1
7.61E-01	1
7.62E-01	1
7.62E-01	1
7.63E-01	1
7.63E-01	1
7.64E-01	1
7.64E-01	1
7.65E-01	1
7.65E-01	1
7.66E-01	1
7.66E-01	1
7.67E-01	1
7.67E-01	1
7.68E-01	1
7.68E-01	1
7.69E-01	1
7.69E-01	1
7.70E-01	1
7.70E-01	1
7.71E-01	1
7.71E-01	1
7.72E-01	1
7.72E-01	1
7.73E-01	1
7.73E-01	1
7.74E-01	1
7.74E-01	1
7.75E-01	1
7.75E-01	1
7.76E-01	1
7.76E-01	1
7.77E-01	1
7.77E-01	1
7.78E-01	1
7.78E-01	1
7.79E-01	1
7.79E-01	1
7.80E-01	1
7.80E-01	1
7.81E-01	1
7.81E-01	1
7.82E-01	1
7.82E-01	1
7.83E-01	1
7.83E-01	1
7.84E-01	1
7.84E-01	1
7.85E-01	1
7.85E-01	1
7.86E-01	1
7.86E-01	1
7.87E-01	1
7.87E-01	1
7.88E-01	1
7.88E-01	1
7.89E-01	1
7.89E-01	1
7.90E-01	1
7.90E-01	1
7.91E-01	1
7.91E-01	1
7.92E-01	1
7.92E-01	1
7.93E-01	1
7.93E-01	1
7.94E-01	1
7.94E-01	1
7.95E-01	1
7.95E-01	1
7.96E-01	1
7.96E-01	1
7.97E-01	1
7.97E-01	1
7.98E-01	1
7.98E-01	1
7.99E-01	1
7.99E-01	1
8.00E-01	1
8.00E-01	1
8.01E-01	1
8.01E-01	1
8.02E-01	1
8.02E-01	1
8.03E-01	1
8.03E-01	1
8.04E-01	1
8.04E-01	1
8.05E-01	1
8.05E-01	1
8.06E-01	1
8.06E-01	1
8.07E-01	1
8.07E-01	1
8.08E-01	1
8.08E-01	1
8.09E-01	1
8.09E-01	1
8.10E-01	1
8.10E-01	1
8.11E-01	1
8.11E-01	1
8.12E-01	1
8.12E-01	1
8.13E-01	1
8.13E-01	1
8.14E-01	1
8.14E-01	1
8.15E-01	1
8.15E-01	1
8.16E-01	1
8.16E-01	1
8.17E-01	1
8.17E-01	1
8.18E-01	1
8.18E-01	1
8.19E-01	1
8.19E-01	1
8.20E-01	1
8.20E-01	1
8.21E-01	1
8.21E-01	1
8.22E-01	1
8.22E-01	1
8.23E-01	1
8.23E-01	1
8.24E-01	1
8.24E-01	1
8.25E-01	1
8.25E-01	1
8.26E-01	1
8.26E-01	1
8.27E-01	1
8.27E-01	1
8.28E-01	1
8.28E-01	1
8.29E-01	1
8.29E-01	1
8.30E-01	1
8.30E-01	1
8.31E-01	1
8.31E-01	1
8.32E-01	9.88E-01
8.32E-01	9.75E-01
8.33E-01	9.63E-01
8.33E-01	9.51E-01
8.34E-01	9.40E-01
8.34E-01	9.28E-01
8.35E-01	9.17E-01
8.35E-01	9.06E-01
8.36E-01	8.95E-01
8.36E-01	8.84E-01
8.37E-01	8.73E-01
8.37E-01	8.63E-01
8.38E-01	8.53E-01
8.38E-01	8.42E-01
8.39E-01	8.32E-01
8.39E-01	8.23E-01
8.40E-01	8.13E-01
8.40E-01	8.03E-01
8.41E-01	7.94E-01
8.41E-01	7.85E-01
8.42E-01	7.76E-01
8.42E-01	7.67E-01
8.43E-01	7.58E-01
8.43E-01	7.49E-01
8.44E-01	7.41E-01
8.44E-01	7.32E-01
8.45E-01	7.24E-01
8.45E-01	7.16E-01
8.46E-01	7.08E-01
8.46E-01	7.00E-01
8.47E-01	6.92E-01
8.47E-01	6.84E-01
8.48E-01	6.77E-01
8.48E-01	6.69E-01
8.49E-01	6.62E-01
8.49E-01	6.55E-01
8.50E-01	6.48E-01
8.50E-01	6.41E-01
8.51E-01	6.34E-01
8.51E-01	6.27E-01
8.52E-01	6.20E-01
8.52E-01	6.13E-01
8.53E-01	6.07E-01
8.53E-01	6.00E-01
8.54E-01	5.94E-01
8.54E-01	5.88E-01
8.55E-01	5.82E-01
8.55E-01	5.75E-01
8.56E-01	5.69E-01
8.56E-01	5.63E-01
8.57E-01	5.58E-01
8.57E-01	5.52E-01
8.58E-01	5.46E-01
8.58E-01	5.41E-01
8.59E-01	5.35E-01
8.59E-01	5.30E-01
8.60E-01	5.24E-01
8.60E-01	5.19E-01
8.61E-01	5.14E-01
8.61E-01	5.08E-01
8.62E-01	5.03E-01
8.62E-01	4.98E-01
8.63E-01	4.93E-01
8.63E-01	4.88E-01
8.64E-01	4.84E-01
8.64E-01	4.79E-01
8.65E-01	4.74E-01
8.65E-01	4.69E-01
8.66E-01	4.65E-01
8.66E-01	4.60E-01
8.67E-01	4.56E-01
8.67E-01	4.51E-01
8.68E-01	4.47E-01
8.68E-01	4.43E-01
8.69E-01	4.39E-01
8.69E-01	4.34E-01
8.70E-01	4.30E-01
8.70E-01	4.26E-01
8.71E-01	4.22E-01
8.71E-01	4.18E-01
8.72E-01	4.14E-01
8.72E-01	4.10E-01
8.73E-01	4.06E-01
8.73E-01	4.03E-01
8.74E-01	3.99E-01
8.74E-01	3.95E-01
8.75E-01	3.92E-01
8.75E-01	3.88E-01
8.76E-01	3.85E-01
8.76E-01	3.81E-01
8.77E-01	3.78E-01
8.77E-01	3.74E-01
8.78E-01	3.71E-01
8.78E-01	3.67E-01
8.79E-01	3.64E-01
8.79E-01	3.61E-01
8.80E-01	3.58E-01
8.80E-01	3.54E-01
8.81E-01	3.51E-01
8.81E-01	3.48E-01
8.82E-01	3.45E-01
8.82E-01	3.42E-01
8.83E-01	3.39E-01
8.83E-01	3.36E-01
8.84E-01	3.33E-01
8.84E-01	3.30E-01
8.85E-01	3.27E-01
8.85E-01	3.25E-01
8.86E-01	3.22E-01
8.86E-01	3.19E-01
8.87E-01	3.16E-01
8.87E-01	3.14E-01
8.88E-01	3.11E-01
8.88E-01	3.08E-01
8.89E-01	3.06E-01
8.89E-01	3.03E-01
8.90E-01	3.01E-01
8.90E-01	2.98E-01
8.91E-01	2.96E-01
8.91E-01	2.93E-01
8.92E-01	2.91E-01
8.92E-01	2.88E-01
8.93E-01	2.86E-01
8.93E-01	2.84E-01
8.94E-01	2.81E-01
8.94E-01	2.79E-01
8.95E-01	2.77E-01
8.95E-01	2.75E-01
8.96E-01	2.72E-01
8.96E-01	2.70E-01
8.97E-01	2.68E-01
8.97E-01	2.66E-01
8.98E-01	2.64E-01
8.98E-01	2.62E-01
8.99E-01	2.60E-01
8.99E-01	2.58E-01
9.00E-01	2.56E-01
9.00E-01	2.54E-01
9.01E-01	2.52E-01
9.01E-01	2.50E-01
9.02E-01	2.48E-01
9.02E-01	2.46E-01
9.03E-01	2.44E-01
9.03E-01	2.42E-01
9.04E-01	2.40E-01
9.04E-01	2.38E-01
9.05E-01	2.36E-01
9.05E-01	2.35E-01
9.06E-01	2.33E-01
9.06E-01	2.31E-01
9.07E-01	2.29E-01
9.07E-01	2.28E-01
9.08E-01	2.26E-01
9.08E-01	2.24E-01
9.09E-01	2.23E-01
9.09E-01	2.21E-01
9.10E-01	2.19E-01
9.10E-01	2.18E-01
9.11E-01	2.16E-01
9.11E-01	2.14E-01
9.12E-01	2.13E-01
9.12E-01	2.11E-01
9.13E-01	2.10E-01
9.13E-01	2.08E-01
9.14E-01	2.07E-01
9.14E-01	2.05E-01
9.15E-01	2.04E-01
9.15E-01	2.02E-01
9.16E-01	2.01E-01
9.16E-01	1.99E-01
9.17E-01	1.98E-01
9.17E-01	1.97E-01
9.18E-01	1.95E-01
9.18E-01	1.94E-01
9.19E-01	1.92E-01
9.19E-01	1.91E-01
9.20E-01	1.90E-01
9.20E-01	1.88E-01
9.21E-01	1.87E-01
9.21E-01	1.86E-01
9.22E-01	1.85E-01
9.22E-01	1.83E-01
9.23E-01	1.82E-01
9.23E-01	1.81E-01
9.24E-01	1.79E-01
9.24E-01	1.78E-01
9.25E-01	1.77E-01
9.25E-01	1.76E-01
9.26E-01	1.75E-01
9.26E-01	1.73E-01
9.27E-01	1.72E-01
9.27E-01	1.71E-01
9.28E-01	1.70E-01
9.28E-01	1.69E-01
9.29E-01	1.68E-01
9.29E-01	1.67E-01
9.30E-01	1.66E-01
9.30E-01	1.64E-01
9.31E-01	1.63E-01
9.31E-01	1.62E-01
9.32E-01	1.61E-01
9.32E-01	1.60E-01
9.33E-01	1.59E-01
9.33E-01	1.58E-01
9.34E-01	1.57E-01
9.34E-01	1.56E-01
9.35E-01	1.55E-01
9.35E-01	1.54E-01
9.36E-01	1.53E-01
9.36E-01	1.52E-01
9.37E-01	1.51E-01
9.37E-01	1.50E-01
9.38E-01	1.49E-01
9.38E-01	1.48E-01
9.39E-01	1.47E-01
9.39E-01	1.46E-01
9.40E-01	1.45E-01
9.40E-01	1.45E-01
9.41E-01	1.44E-01
9.41E-01	1.43E-01
9.42E-01	1.42E-01
9.42E-01	1.41E-01
9.43E-01	1.40E-01
9.43E-01	1.39E-01
9.44E-01	1.38E-01
9.44E-01	1.38E-01
9.45E-01	1.37E-01
9.45E-01	1.36E-01
9.46E-01	1.35E-01
9.46E-01	1.34E-01
9.47E-01	1.33E-01
9.47E-01	1.33E-01
9.48E-01	1.32E-01
9.48E-01	1.31E-01
9.49E-01	1.30E-01
9.49E-01	1.29E-01
9.50E-01	1.29E-01
9.50E-01	1.28E-01
9.51E-01	1.27E-01
9.51E-01	1.26E-01
9.52E-01	1.26E-01
9.52E-01	1.25E-01
9.53E-01	1.24E-01
9.53E-01	1.24E-01
9.54E-01	1.23E-01
9.54E-01	1.22E-01
9.55E-01	1.21E-01
9.55E-01	1.21E-01
9.56E-01	1.20E-01
9.56E-01	1.19E-01
9.57E-01	1.19E-01
9.57E-01	1.18E-01
9.58E-01	1.17E-01
9.58E-01	1.17E-01
9.59E-01	1.16E-01
9.59E-01	1.15E-01
9.60E-01	1.15E-01
9.60E-01	1.14E-01
9.61E-01	1.13E-01
9.61E-01	1.13E-01
9.62E-01	1.12E-01
9.62E-01	1.11E-01
9.63E-01	1.11E-01
9.63E-01	1.10E-01
9.64E-01	1.10E-01
9.64E-01	1.09E-01
9.65E-01	1.08E-01
9.65E-01	1.08E-01
9.66E-01	1.07E-01
9.66E-01	1.07E-01
9.67E-01	1.06E-01
9.67E-01	1.05E-01
9.68E-01	1.05E-01
9.68E-01	1.04E-01
9.69E-01	1.04E-01
9.69E-01	1.03E-01
9.70E-01	1.03E-01
9.70E-01	1.02E-01
9.71E-01	1.02E-01
9.71E-01	1.01E-01
9.72E-01	1.00E-01
9.72E-01	9.99E-02
9.73E-01	9.93E-02
9.73E-01	9.88E-02
9.74E-01	9.83E-02
9.74E-01	9.78E-02
9.75E-01	9.73E-02
9.75E-01	9.67E-02
9.76E-01	9.62E-02
9.76E-01	9.57E-02
9.77E-01	9.52E-02
9.77E-01	9.47E-02
9.78E-01	9.43E-02
9.78E-01	9.38E-02
9.79E-01	9.33E-02
9.79E-01	9.28E-02
9.80E-01	9.23E-02
9.80E-01	9.19E-02
9.81E-01	9.14E-02
9.81E-01	9.09E-02
9.82E-01	9.05E-02
9.82E-01	9.00E-02
9.83E-01	8.96E-02
9.83E-01	8.91E-02
9.84E-01	8.87E-02
9.84E-01	8.82E-02
9.85E-01	8.78E-02
9.85E-01	8.73E-02
9.86E-01	8.69E-02
9.86E-01	8.65E-02
9.87E-01	8.60E-02
9.87E-01	8.56E-02
9.88E-01	8.52E-02
9.88E-01	8.48E-02
9.89E-01	8.44E-02
9.89E-01	8.39E-02
9.90E-01	8.35E-02
9.90E-01	8.31E-02
9.91E-01	8.27E-02
9.91E-01	8.23E-02
9.92E-01	8.19E-02
9.92E-01	8.15E-02
9.93E-01	8.11E-02
9.93E-01	8.07E-02
9.94E-01	8.04E-02
9.94E-01	8.00E-02
9.95E-01	7.96E-02
9.95E-01	7.92E-02
9.96E-01	7.88E-02
9.96E-01	7.85E-02
9.97E-01	7.81E-02
9.97E-01	7.77E-02
9.98E-01	7.74E-02
9.98E-01	7.70E-02
9.99E-01	7.66E-02
9.99E-01	7.63E-02
1.00E+00	7.59E-02
1.00E+00	7.56E-02
1.00E+00	7.52E-02
1.00E+00	7.49E-02
1.00E+00	7.45E-02
1.00E+00	7.42E-02
1.00E+00	7.38E-02
1.00E+00	7.35E-02
1.00E+00	7.32E-02
1.00E+00	7.28E-02
1.01E+00	7.25E-02
1.01E+00	7.22E-02
1.01E+00	7.18E-02
1.01E+00	7.15E-02
1.01E+00	7.12E-02
1.01E+00	7.09E-02
1.01E+00	7.06E-02
1.01E+00	7.02E-02
1.01E+00	6.99E-02
1.01E+00	6.96E-02
1.01E+00	6.93E-02
1.01E+00	6.90E-02
1.01E+00	6.87E-02
1.01E+00	6.84E-02
1.01E+00	6.81E-02
1.01E+00	6.78E-02
1.013	6.75E-02
1.013	6.72E-02
1.013	6.69E-02
1.014	6.66E-02
1.015	6.63E-02
1.015	6.60E-02
1.015	6.57E-02
1.016	6.54E-02
1.016	6.52E-02
1.017	6.49E-02
1.018	6.46E-02
1.018	6.43E-02
1.018	6.40E-02
1.019	6.38E-02
1.02	6.35E-02
1.02	6.32E-02
1.02	6.30E-02
1.021	6.27E-02
1.021	6.24E-02
1.022	6.22E-02
1.023	6.19E-02
1.023	6.16E-02
1.023	6.14E-02
1.024	6.11E-02
1.025	6.09E-02
1.025	6.06E-02
1.026	6.04E-02
1.026	6.01E-02
1.026	5.99E-02
1.027	5.96E-02
1.028	5.94E-02
1.028	5.91E-02
1.028	5.89E-02
1.029	5.86E-02
1.03	5.84E-02
1.03	5.82E-02
1.031	5.79E-02
1.031	5.77E-02
1.031	5.75E-02
1.032	5.72E-02
1.033	5.70E-02
1.033	5.68E-02
1.033	5.65E-02
1.034	5.63E-02
1.035	5.61E-02
1.035	5.59E-02
1.036	5.56E-02
1.036	5.54E-02
1.036	5.52E-02
1.037	5.50E-02
1.038	5.48E-02
1.038	5.45E-02
1.038	5.43E-02
1.039	5.41E-02
1.039	5.39E-02
1.04	5.37E-02
1.041	5.35E-02
1.041	5.33E-02
1.041	5.31E-02
1.042	5.29E-02
1.043	5.27E-02
1.043	5.25E-02
1.043	5.23E-02
1.044	5.20E-02
1.044	5.18E-02
1.045	5.16E-02
1.046	5.15E-02
1.046	5.13E-02
1.046	5.11E-02
1.047	5.09E-02
1.048	5.07E-02
1.048	5.05E-02
1.048	5.03E-02
1.049	5.01E-02
1.049	4.99E-02
1.05	4.97E-02
1.051	4.95E-02
1.051	4.93E-02
1.051	4.92E-02
1.052	4.90E-02
1.053	4.88E-02
1.053	4.86E-02
1.054	4.84E-02
1.054	4.83E-02
1.054	4.81E-02
1.055	4.79E-02
1.056	4.77E-02
1.056	4.75E-02
1.056	4.74E-02
1.057	4.72E-02
1.058	4.70E-02
1.058	4.69E-02
1.059	4.67E-02
1.059	4.65E-02
1.059	4.63E-02
1.06	4.62E-02
1.061	4.60E-02
1.061	4.58E-02
1.061	4.57E-02
1.062	4.55E-02
1.062	4.54E-02
1.063	4.52E-02
1.064	4.50E-02
1.064	4.49E-02
1.064	4.47E-02
1.065	4.46E-02
1.066	4.44E-02
1.066	4.42E-02
1.066	4.41E-02
1.067	4.39E-02
1.067	4.38E-02
1.068	4.36E-02
1.069	4.35E-02
1.069	4.33E-02
1.069	4.32E-02
1.07	4.30E-02
1.071	4.29E-02
1.071	4.27E-02
1.071	4.26E-02
1.072	4.24E-02
1.072	4.23E-02
1.073	4.21E-02
1.074	4.20E-02
1.074	4.18E-02
1.074	4.17E-02
1.075	4.16E-02
1.076	4.14E-02
1.076	4.13E-02
1.077	4.11E-02
1.077	4.10E-02
1.077	4.08E-02
1.078	4.07E-02
1.079	4.06E-02
1.079	4.04E-02
1.079	4.03E-02
1.08	4.02E-02
1.081	4.00E-02
1.081	3.99E-02
1.082	3.98E-02
1.082	3.96E-02
1.082	3.95E-02
1.083	3.94E-02
1.084	3.92E-02
1.084	3.91E-02
1.084	3.90E-02
1.085	3.88E-02
1.086	3.87E-02
1.086	3.86E-02
1.087	3.85E-02
1.087	3.83E-02
1.087	3.82E-02
1.088	3.81E-02
1.089	3.80E-02
1.089	3.78E-02
1.089	3.77E-02
1.09	3.76E-02
1.09	3.75E-02
1.091	3.74E-02
1.092	3.72E-02
1.092	3.71E-02
1.092	3.70E-02
1.093	3.69E-02
1.094	3.68E-02
1.094	3.66E-02
1.094	3.65E-02
1.095	3.64E-02
1.095	3.63E-02
1.096	3.62E-02
1.097	3.61E-02
1.097	3.59E-02
1.097	3.58E-02
1.098	3.57E-02
1.099	3.56E-02
1.099	3.55E-02
1.099	3.54E-02
1.1	3.53E-02
1.1	3.52E-02
1.101	3.51E-02
1.102	3.49E-02
1.102	3.48E-02
1.102	3.47E-02
1.103	3.46E-02
1.104	3.45E-02
1.104	3.44E-02
1.105	3.43E-02
1.105	3.42E-02
1.105	3.41E-02
1.106	3.40E-02
1.107	3.40E-02
1.107	3.40E-02
1.107	3.40E-02
1.108	3.40E-02
1.109	3.40E-02
1.109	3.40E-02
1.11	3.40E-02
1.11	3.40E-02
1.11	3.40E-02
1.111	3.40E-02
1.112	3.40E-02
1.112	3.40E-02
1.112	3.40E-02
1.113	3.40E-02
1.113	3.40E-02
1.114	3.40E-02
1.115	3.40E-02
1.115	3.40E-02
1.115	3.40E-02
1.116	3.40E-02
1.117	3.40E-02
1.117	3.40E-02
1.117	3.40E-02
1.118	3.40E-02
1.118	3.40E-02
1.119	3.40E-02
1.12	3.40E-02
1.12	3.40E-02
1.12	3.40E-02
1.121	3.40E-02
1.122	3.40E-02
1.122	3.40E-02
1.122	3.40E-02
1.123	3.40E-02
1.123	3.40E-02
1.124	3.40E-02
1.125	3.40E-02
1.125	3.40E-02
1.125	3.40E-02
1.126	3.40E-02
1.127	3.40E-02
1.127	3.40E-02
1.128	3.40E-02
1.128	3.40E-02
1.128	3.40E-02
1.129	3.40E-02
1.13	3.40E-02
1.13	3.40E-02
1.13	3.40E-02
1.131	3.40E-02
1.132	3.40E-02
1.132	3.40E-02
1.133	3.40E-02
1.133	3.40E-02
1.133	3.40E-02
1.134	3.40E-02
1.135	3.40E-02
1.135	3.40E-02
1.135	3.40E-02
1.136	3.40E-02
1.137	3.40E-02
1.137	3.40E-02
1.138	3.40E-02
1.138	3.40E-02
1.138	3.40E-02
1.139	3.40E-02
1.14	3.40E-02
1.14	3.40E-02
1.14	3.40E-02
1.141	3.40E-02
1.141	3.40E-02
1.142	3.40E-02
1.143	3.40E-02
1.143	3.40E-02
1.143	3.40E-02
1.144	3.40E-02
1.145	3.40E-02
1.145	3.40E-02
1.145	3.40E-02
1.146	3.40E-02
1.146	3.40E-02
1.147	3.40E-02
1.148	3.40E-02
1.148	3.40E-02
1.148	3.40E-02
1.149	3.40E-02
1.15	3.40E-02
1.15	3.40E-02
1.151	3.40E-02
1.151	3.40E-02
1.151	3.40E-02
1.152	3.40E-02
1.153	3.40E-02
1.153	3.40E-02
1.153	3.40E-02
1.154	3.40E-02
1.155	3.40E-02
1.155	3.40E-02
1.156	3.40E-02
1.156	3.40E-02
1.156	3.40E-02
1.157	3.40E-02
1.158	3.40E-02
1.158	3.40E-02
1.158	3.40E-02
1.159	3.40E-02
1.16	3.40E-02
1.16	3.40E-02
1.161	3.40E-02
1.161	3.40E-02
1.161	3.40E-02
1.162	3.40E-02
1.163	3.40E-02
1.163	3.40E-02
1.163	3.40E-02
1.164	3.40E-02
1.164	3.40E-02
1.165	3.40E-02
1.166	3.40E-02
1.166	3.40E-02
1.166	3.40E-02
1.167	3.40E-02
1.168	3.40E-02
1.168	3.40E-02
1.168	3.40E-02
1.169	3.40E-02
1.169	3.40E-02
1.17	3.40E-02
1.171	3.40E-02
1.171	3.40E-02
1.171	3.40E-02
1.172	3.40E-02
1.173	3.40E-02
1.173	3.40E-02
1.173	3.40E-02
1.174	3.40E-02
1.174	3.40E-02
1.175	3.40E-02
1.176	3.40E-02
1.176	3.40E-02
1.176	3.40E-02
1.177	3.40E-02
1.178	3.40E-02
1.178	3.40E-02
1.179	3.40E-02
1.179	3.40E-02
1.179	3.40E-02
1.18	3.40E-02
1.181	3.40E-02
1.181	3.40E-02
1.181	3.40E-02
1.182	3.40E-02
1.183	3.40E-02
1.183	3.40E-02
1.184	3.40E-02
1.184	3.40E-02
1.184	3.40E-02
1.185	3.40E-02
1.186	3.40E-02
1.186	3.40E-02
1.186	3.40E-02
1.187	3.40E-02
1.188	3.40E-02
1.188	3.40E-02
1.189	3.40E-02
1.189	3.40E-02
1.189	3.40E-02
1.19	3.40E-02
1.191	3.40E-02
1.191	3.40E-02
1.191	3.40E-02
1.192	3.40E-02
1.192	3.40E-02
1.193	3.40E-02
1.194	3.40E-02
1.194	3.40E-02
1.194	3.40E-02
1.195	3.40E-02
1.196	3.40E-02
1.196	3.40E-02
1.196	3.40E-02
1.197	3.40E-02
1.197	3.40E-02
1.198	3.40E-02
1.199	3.40E-02
1.199	3.40E-02
1.199	3.40E-02
1.2	3.40E-02
1.201	3.40E-02
1.201	3.40E-02
1.202	3.40E-02
1.202	3.40E-02
1.202	3.40E-02
1.203	3.40E-02
1.204	3.40E-02
1.204	3.40E-02
1.204	3.40E-02
1.205	3.40E-02
1.206	3.40E-02
1.206	3.40E-02
1.207	3.40E-02
1.207	3.40E-02
1.207	3.40E-02
1.208	3.40E-02
1.209	3.40E-02
1.209	3.40E-02
1.209	3.40E-02
1.21	3.40E-02
1.211	3.40E-02
1.211	3.40E-02
1.212	3.40E-02
1.212	3.40E-02
1.212	3.40E-02
1.213	3.40E-02
1.214	3.40E-02
1.214	3.40E-02
1.214	3.40E-02
1.215	3.40E-02
1.215	3.40E-02
1.216	3.40E-02
1.217	3.40E-02
1.217	3.40E-02
1.217	3.40E-02
1.218	3.40E-02
1.219	3.40E-02
1.219	3.40E-02
1.219	3.40E-02
1.22	3.40E-02
1.22	3.40E-02
1.221	3.40E-02
1.222	3.40E-02
1.222	3.40E-02
1.222	3.40E-02
1.223	3.40E-02
1.224	3.40E-02
1.224	3.40E-02
1.224	3.40E-02
1.225	3.40E-02
1.225	3.40E-02
1.226	3.40E-02
1.227	3.40E-02
1.227	3.40E-02
1.227	3.40E-02
1.228	3.40E-02
1.229	3.40E-02
1.229	3.40E-02
1.23	3.40E-02
1.23	3.40E-02
1.23	3.40E-02
1.231	3.40E-02
1.232	3.40E-02
1.232	3.40E-02
1.232	3.40E-02
1.233	3.40E-02
1.234	3.40E-02
1.234	3.40E-02
1.235	3.40E-02
1.235	3.40E-02
1.235	3.40E-02
1.236	3.40E-02
1.237	3.40E-02
1.237	3.40E-02
1.237	3.40E-02
1.238	3.40E-02
1.238	3.40E-02
1.239	3.40E-02
1.24	3.40E-02
1.24	3.40E-02
1.24	3.40E-02
1.241	3.40E-02
1.242	3.40E-02
1.242	3.40E-02
1.242	3.40E-02
1.243	3.40E-02
1.243	3.40E-02
1.244	3.40E-02
1.245	3.40E-02
1.245	3.40E-02
1.245	3.40E-02
1.246	3.40E-02
1.247	3.40E-02
1.247	3.40E-02
1.247	3.40E-02
1.248	3.40E-02
1.248	3.40E-02
1.249	3.40E-02
1.25	3.40E-02
1.25	3.40E-02
1.25	3.40E-02
1.251	3.40E-02
1.252	3.40E-02
1.252	3.40E-02
1.253	3.40E-02
1.253	3.40E-02
1.253	3.40E-02
1.254	3.40E-02
1.255	3.40E-02
1.255	3.40E-02
1.255	3.40E-02
1.256	3.40E-02
1.257	3.40E-02
1.257	3.40E-02
1.258	3.40E-02
1.258	3.40E-02
1.258	3.40E-02
1.259	3.40E-02
1.26	3.40E-02
1.26	3.40E-02
1.26	3.40E-02
1.261	3.40E-02
1.262	3.40E-02
1.262	3.40E-02
1.263	3.40E-02
1.263	3.40E-02
1.263	3.40E-02
1.264	3.40E-02
1.265	3.40E-02
1.265	3.40E-02
1.265	3.40E-02
1.266	3.40E-02
1.266	3.40E-02
1.267	3.40E-02
1.268	3.40E-02
1.268	3.40E-02
1.268	3.40E-02
1.269	3.40E-02
1.27	3.40E-02
1.27	3.40E-02
1.27	3.40E-02
1.271	3.40E-02
1.271	3.40E-02
1.272	3.40E-02
1.273	3.40E-02
1.273	3.40E-02
1.273	3.40E-02
1.274	3.40E-02
1.275	3.40E-02
1.275	3.40E-02
1.276	3.40E-02
1.276	3.40E-02
1.276	3.40E-02
1.277	3.40E-02
1.278	3.40E-02
1.278	3.40E-02
1.278	3.40E-02
1.279	3.40E-02
1.28	3.40E-02
1.28	3.40E-02
1.281	3.40E-02
1.281	3.40E-02
1.281	3.40E-02
1.282	3.40E-02
1.283	3.40E-02
1.283	3.40E-02
1.283	3.40E-02
1.284	3.40E-02
1.285	3.40E-02
1.285	3.40E-02
1.286	3.40E-02
1.286	3.40E-02
1.286	3.40E-02
1.287	3.40E-02
1.288	3.40E-02
1.288	3.40E-02
1.288	3.40E-02
1.289	3.40E-02
1.289	3.40E-02
1.29	3.40E-02
1.291	3.40E-02
1.291	3.40E-02
1.291	3.40E-02
1.292	3.40E-02
1.293	3.40E-02
1.293	3.40E-02
1.293	3.40E-02
1.294	3.40E-02
1.294	3.40E-02
1.295	3.40E-02
1.296	3.40E-02
1.296	3.40E-02
1.296	3.40E-02
1.297	3.40E-02
1.298	3.40E-02
1.298	3.40E-02
1.298	3.40E-02
1.299	3.40E-02
1.299	3.40E-02
1.3	3.40E-02
1.301	3.40E-02
1.301	3.40E-02
1.301	3.40E-02
1.302	3.40E-02
1.303	3.40E-02
1.303	3.40E-02
1.304	3.40E-02
1.304	3.40E-02
1.304	3.40E-02
1.305	3.40E-02
1.306	3.40E-02
1.306	3.40E-02
1.306	3.40E-02
1.307	3.40E-02
1.308	3.40E-02
1.308	3.40E-02
1.309	3.40E-02
1.309	3.40E-02
1.309	3.40E-02
1.31	3.40E-02
1.311	3.40E-02
1.311	3.40E-02
1.311	3.40E-02
1.312	3.40E-02
1.312	3.40E-02
1.313	3.40E-02
1.314	3.40E-02
1.314	3.40E-02
1.314	3.40E-02
1.315	3.40E-02
1.316	3.40E-02
1.316	3.40E-02
1.316	3.40E-02
1.317	3.40E-02
1.317	3.40E-02
1.318	3.40E-02
1.319	3.40E-02
1.319	3.40E-02
1.319	3.40E-02
1.32	3.40E-02
1.321	3.40E-02
1.321	3.40E-02
1.321	3.40E-02
1.322	3.40E-02
1.322	3.40E-02
1.323	3.40E-02
1.324	3.40E-02
1.324	3.40E-02
1.324	3.40E-02
1.325	3.40E-02
1.326	3.40E-02
1.326	3.40E-02
1.327	3.40E-02
1.327	3.40E-02
1.327	3.40E-02
1.328	3.40E-02
1.329	3.40E-02
1.329	3.40E-02
1.329	3.40E-02
1.33	3.40E-02
1.331	3.40E-02
1.331	3.40E-02
1.332	3.40E-02
1.332	3.40E-02
1.332	3.40E-02
1.333	3.40E-02
1.334	3.40E-02
1.334	3.40E-02
1.334	3.40E-02
1.335	3.40E-02
1.336	3.40E-02
1.336	3.40E-02
1.337	3.40E-02
1.337	3.40E-02
1.337	3.40E-02
1.338	3.40E-02
1.339	3.40E-02
1.339	3.40E-02
1.339	3.40E-02
1.34	3.40E-02
1.34	3.40E-02
1.341	3.40E-02
1.342	3.40E-02
1.342	3.40E-02
1.342	3.40E-02
1.343	3.40E-02
1.344	3.40E-02
1.344	3.40E-02
1.344	3.40E-02
1.345	3.40E-02
1.345	3.40E-02
1.346	3.40E-02
1.347	3.40E-02
1.347	3.40E-02
1.347	3.40E-02
1.348	3.40E-02
1.349	3.40E-02
1.349	3.40E-02
1.349	3.40E-02
1.35	3.40E-02
1.35	3.40E-02
1.351	3.40E-02
1.352	3.40E-02
1.352	3.40E-02
1.352	3.40E-02
1.353	3.40E-02
1.354	3.40E-02
1.354	3.40E-02
1.355	3.40E-02
1.355	3.40E-02
1.355	3.40E-02
1.356	3.40E-02
1.357	3.40E-02
1.357	3.40E-02
1.357	3.40E-02
1.358	3.40E-02
1.359	3.40E-02
1.359	3.40E-02
1.36	3.40E-02
1.36	3.40E-02
1.36	3.40E-02
1.361	3.40E-02
1.362	3.40E-02
1.362	3.40E-02
1.362	3.40E-02
1.363	3.40E-02
1.363	3.40E-02
1.364	3.40E-02
1.365	3.40E-02
1.365	3.40E-02
1.365	3.40E-02
1.366	3.40E-02
1.367	3.40E-02
1.367	3.40E-02
1.367	3.40E-02
1.368	3.40E-02
1.368	3.40E-02
1.369	3.40E-02
1.37	3.40E-02
1.37	3.40E-02
1.37	3.40E-02
1.371	3.40E-02
1.372	3.40E-02
1.372	3.40E-02
1.372	3.40E-02
1.373	3.40E-02
1.373	3.40E-02
1.374	3.40E-02
1.375	3.40E-02
1.375	3.40E-02
1.375	3.40E-02
1.376	3.40E-02
1.377	3.40E-02
1.377	3.40E-02
1.378	3.40E-02
1.378	3.40E-02
1.378	3.40E-02
1.379	3.40E-02
1.38	3.40E-02
1.38	3.40E-02
1.38	3.40E-02
1.381	3.40E-02
1.382	3.40E-02
1.382	3.40E-02
1.383	3.40E-02
1.383	3.40E-02
1.383	3.40E-02
1.384	3.40E-02
1.385	3.40E-02
1.385	3.40E-02
1.385	3.40E-02
1.386	3.40E-02
1.387	3.40E-02
1.387	3.40E-02
1.388	3.40E-02
1.388	3.40E-02
1.388	3.40E-02
1.389	3.40E-02
1.39	3.40E-02
1.39	3.40E-02
1.39	3.40E-02
1.391	3.40E-02
1.391	3.40E-02
1.392	3.40E-02
1.393	3.40E-02
1.393	3.40E-02
1.393	3.40E-02
1.394	3.40E-02
1.395	3.40E-02
1.395	3.40E-02
1.395	3.40E-02
1.396	3.40E-02
1.396	3.40E-02
1.397	3.40E-02
1.398	3.40E-02
1.398	3.40E-02
1.398	3.40E-02
1.399	3.40E-02
1.4	3.40E-02
1.4	3.40E-02
1.401	3.40E-02
1.401	3.40E-02
1.401	3.40E-02
1.402	3.40E-02
1.403	3.40E-02
1.403	3.40E-02
1.403	3.40E-02
1.404	3.40E-02
1.405	3.40E-02
1.405	3.40E-02
1.406	3.40E-02
1.406	3.40E-02
1.406	3.40E-02
1.407	3.40E-02
1.408	3.40E-02
1.408	3.40E-02
1.408	3.40E-02
1.409	3.40E-02
1.41	3.40E-02
1.41	3.40E-02
1.411	3.40E-02
1.411	3.40E-02
1.411	3.40E-02
1.412	3.40E-02
1.413	3.40E-02
1.413	3.40E-02
1.413	3.40E-02
1.414	3.40E-02
1.414	3.40E-02
1.415	3.40E-02
1.416	3.40E-02
1.416	3.40E-02
1.416	3.40E-02
1.417	3.40E-02
1.418	3.40E-02
1.418	3.40E-02
1.418	3.40E-02
1.419	3.40E-02
1.419	3.40E-02
1.42	3.40E-02
1.421	3.40E-02
1.421	3.40E-02
1.421	3.40E-02
1.422	3.40E-02
1.423	3.40E-02
1.423	3.40E-02
1.423	3.40E-02
1.424	3.40E-02
1.424	3.40E-02
1.425	3.40E-02
1.426	3.40E-02
1.426	3.40E-02
1.426	3.40E-02
1.427	3.40E-02
1.428	3.40E-02
1.428	3.40E-02
1.429	3.40E-02
1.429	3.40E-02
1.429	3.40E-02
1.43	3.40E-02
1.431	3.40E-02
1.431	3.40E-02
1.431	3.40E-02
1.432	3.40E-02
1.433	3.40E-02
1.433	3.40E-02
1.434	3.40E-02
1.434	3.40E-02
1.434	3.40E-02
1.435	3.40E-02
1.436	3.40E-02
1.436	3.40E-02
1.436	3.40E-02
1.437	3.40E-02
1.438	3.40E-02
1.438	3.40E-02
1.439	3.40E-02
1.439	3.40E-02
1.439	3.40E-02
1.44	3.40E-02
1.441	3.40E-02
1.441	3.40E-02
1.441	3.40E-02
1.442	3.40E-02
1.442	3.40E-02
1.443	3.40E-02
1.444	3.40E-02
1.444	3.40E-02
1.444	3.40E-02
1.445	3.40E-02
1.446	3.40E-02
1.446	3.40E-02
1.446	3.40E-02
1.447	3.40E-02
1.447	3.40E-02
1.448	3.40E-02
1.449	3.40E-02
1.449	3.40E-02
1.449	3.40E-02
1.45	3.40E-02
1.451	3.40E-02
1.451	3.40E-02
1.452	3.40E-02
1.452	3.40E-02
1.452	3.40E-02
1.453	3.40E-02
1.454	3.40E-02
1.454	3.40E-02
1.454	3.40E-02
1.455	3.40E-02
1.456	3.40E-02
1.456	3.40E-02
1.457	3.40E-02
1.457	3.40E-02
1.457	3.40E-02
1.458	3.40E-02
1.459	3.40E-02
1.459	3.40E-02
1.459	3.40E-02
1.46	3.40E-02
1.461	3.40E-02
1.461	3.40E-02
1.462	3.40E-02
1.462	3.40E-02
1.462	3.40E-02
1.463	3.40E-02
1.464	3.40E-02
1.464	3.40E-02
1.464	3.40E-02
1.465	3.40E-02
1.465	3.40E-02
1.466	3.40E-02
1.467	3.40E-02
1.467	3.40E-02
1.467	3.40E-02
1.468	3.40E-02
1.469	3.40E-02
1.469	3.40E-02
1.469	3.40E-02
1.47	3.40E-02
1.47	3.40E-02
1.471	3.40E-02
1.472	3.40E-02
1.472	3.40E-02
1.472	3.40E-02
1.473	3.40E-02
1.474	3.40E-02
1.474	3.40E-02
1.474	3.40E-02
1.475	3.40E-02
1.475	3.40E-02
1.476	3.40E-02
1.477	3.40E-02
1.477	3.40E-02
1.477	3.39E-02
1.478	3.39E-02
1.479	3.39E-02
1.479	3.39E-02
1.48	3.39E-02
1.48	3.39E-02
1.48	3.39E-02
1.481	3.39E-02
1.482	3.39E-02
1.482	3.39E-02
1.482	3.39E-02
1.483	3.39E-02
1.484	3.39E-02
1.484	3.39E-02
1.485	3.39E-02
1.485	3.39E-02
1.485	3.39E-02
1.486	3.39E-02
1.487	3.39E-02
1.487	3.39E-02
1.487	3.39E-02
1.488	3.39E-02
1.488	3.39E-02
1.489	3.39E-02
1.49	3.39E-02
1.49	3.39E-02
1.49	3.39E-02
1.491	3.39E-02
1.492	3.39E-02
1.492	3.39E-02
1.492	3.39E-02
1.493	3.39E-02
1.493	3.39E-02
1.494	3.39E-02
1.495	3.39E-02
1.495	3.39E-02
1.495	3.39E-02
1.496	3.39E-02
1.497	3.39E-02
1.497	3.39E-02
1.497	3.39E-02
1.498	3.39E-02
1.498	3.39E-02
1.499	3.39E-02
1.5	3.39E-02
1.5	3.39E-02
1.5	3.39E-02
1.501	3.39E-02
1.502	3.39E-02
1.502	3.39E-02
1.503	3.39E-02
1.503	3.39E-02
1.503	3.39E-02
1.504	3.39E-02
1.505	3.39E-02
1.505	3.39E-02
1.505	3.39E-02
1.506	3.39E-02
1.507	3.39E-02
1.507	3.39E-02
1.508	3.39E-02
1.508	3.39E-02
1.508	3.39E-02
1.509	3.39E-02
1.51	3.39E-02
1.51	3.39E-02
1.51	3.39E-02
1.511	3.39E-02
1.512	3.39E-02
1.512	3.39E-02
1.513	3.39E-02
1.513	3.39E-02
1.513	3.39E-02
1.514	3.39E-02
1.515	3.39E-02
1.515	3.39E-02
1.515	3.39E-02
1.516	3.39E-02
1.516	3.39E-02
1.517	3.39E-02
1.518	3.39E-02
1.518	3.39E-02
1.518	3.39E-02
1.519	3.39E-02
1.52	3.39E-02
1.52	3.39E-02
1.52	3.39E-02
1.521	3.39E-02
1.521	3.39E-02
1.522	3.39E-02
1.523	3.39E-02
1.523	3.39E-02
1.523	3.39E-02
1.524	3.39E-02
1.525	3.39E-02
1.525	3.39E-02
1.526	3.39E-02
1.526	3.39E-02
1.526	3.39E-02
1.527	3.39E-02
1.528	3.39E-02
1.528	3.39E-02
1.528	3.39E-02
1.529	3.39E-02
1.53	3.39E-02
1.53	3.39E-02
1.531	3.39E-02
1.531	3.39E-02
1.531	3.39E-02
1.532	3.39E-02
1.533	3.39E-02
1.533	3.39E-02
1.533	3.39E-02
1.534	3.39E-02
1.535	3.39E-02
1.535	3.39E-02
1.536	3.39E-02
1.536	3.39E-02
1.536	3.39E-02
1.537	3.39E-02
1.538	3.39E-02
1.538	3.39E-02
1.538	3.39E-02
1.539	3.39E-02
1.539	3.39E-02
1.54	3.39E-02
1.541	3.39E-02
1.541	3.39E-02
1.541	3.39E-02
1.542	3.39E-02
1.543	3.39E-02
1.543	3.39E-02
1.543	3.39E-02
1.544	3.39E-02
1.544	3.39E-02
1.545	3.39E-02
1.546	3.39E-02
1.546	3.39E-02
1.546	3.39E-02
1.547	3.39E-02
1.548	3.39E-02
1.548	3.39E-02
1.548	3.39E-02
1.549	3.39E-02
1.549	3.39E-02
1.55	3.39E-02
1.551	3.39E-02
1.551	3.39E-02
1.551	3.39E-02
1.552	3.39E-02
1.553	3.39E-02
1.553	3.39E-02
1.554	3.39E-02
1.554	3.39E-02
1.554	3.39E-02
1.555	3.39E-02
1.556	3.39E-02
1.556	3.39E-02
1.556	3.39E-02
1.557	3.39E-02
1.558	3.39E-02
1.558	3.39E-02
1.559	3.39E-02
1.559	3.39E-02
1.559	3.39E-02
1.56	3.39E-02
1.561	3.39E-02
1.561	3.39E-02
1.561	3.39E-02
1.562	3.39E-02
1.562	3.39E-02
1.563	3.39E-02
1.564	3.39E-02
1.564	3.39E-02
1.564	3.39E-02
1.565	3.39E-02
1.566	3.39E-02
1.566	3.39E-02
1.566	3.39E-02
1.567	3.39E-02
1.567	3.39E-02
1.568	3.39E-02
1.569	3.39E-02
1.569	3.39E-02
1.569	3.39E-02
1.57	3.39E-02
1.571	3.39E-02
1.571	3.39E-02
1.571	3.39E-02
1.572	3.39E-02
1.572	3.39E-02
1.573	3.39E-02
1.574	3.39E-02
1.574	3.39E-02
1.574	3.39E-02
1.575	3.39E-02
1.576	3.39E-02
1.576	3.39E-02
1.577	3.39E-02
1.577	3.39E-02
1.577	3.39E-02
1.578	3.39E-02
1.579	3.39E-02
1.579	3.39E-02
1.579	3.39E-02
1.58	3.39E-02
1.581	3.39E-02
1.581	3.39E-02
1.582	3.39E-02
1.582	3.39E-02
1.582	3.39E-02
1.583	3.39E-02
1.584	3.39E-02
1.584	3.39E-02
1.584	3.39E-02
1.585	3.39E-02
1.586	3.39E-02
1.586	3.39E-02
1.587	3.39E-02
1.587	3.39E-02
1.587	3.39E-02
1.588	3.39E-02
1.589	3.39E-02
1.589	3.39E-02
1.589	3.39E-02
1.59	3.39E-02
1.59	3.39E-02
1.591	3.39E-02
1.592	3.39E-02
1.592	3.39E-02
1.592	3.39E-02
1.593	3.39E-02
1.594	3.39E-02
1.594	3.39E-02
1.594	3.39E-02
1.595	3.39E-02
1.595	3.39E-02
1.596	3.39E-02
1.597	3.39E-02
1.597	3.39E-02
1.597	3.39E-02
1.598	3.39E-02
1.599	3.39E-02
1.599	3.39E-02
1.599	3.39E-02
1.6	3.39E-02
1.6	3.39E-02
1.601	3.39E-02
1.602	3.39E-02
1.602	3.39E-02
1.602	3.39E-02
1.603	3.39E-02
1.604	3.39E-02
1.604	3.39E-02
1.605	3.39E-02
1.605	3.39E-02
1.605	3.39E-02
1.606	3.39E-02
1.607	3.39E-02
1.607	3.39E-02
1.607	3.39E-02
1.608	3.39E-02
1.609	3.39E-02
1.609	3.39E-02
1.61	3.39E-02
1.61	3.39E-02
1.61	3.39E-02
1.611	3.39E-02
1.612	3.39E-02
1.612	3.39E-02
1.612	3.39E-02
1.613	3.39E-02
1.613	3.39E-02
1.614	3.39E-02
1.615	3.39E-02
1.615	3.39E-02
1.615	3.39E-02
1.616	3.39E-02
1.617	3.39E-02
1.617	3.39E-02
1.617	3.39E-02
1.618	3.39E-02
1.618	3.39E-02
1.619	3.39E-02
1.62	3.39E-02
1.62	3.39E-02
1.62	3.39E-02
1.621	3.39E-02
1.622	3.39E-02
1.622	3.39E-02
1.622	3.39E-02
1.623	3.39E-02
1.623	3.39E-02
1.624	3.39E-02
1.625	3.39E-02
1.625	3.39E-02
1.625	3.39E-02
1.626	3.39E-02
1.627	3.39E-02
1.627	3.39E-02
1.628	3.39E-02
1.628	3.39E-02
1.628	3.39E-02
1.629	3.39E-02
1.63	3.39E-02
1.63	3.39E-02
1.63	3.39E-02
1.631	3.39E-02
1.632	3.39E-02
1.632	3.39E-02
1.633	3.39E-02
1.633	3.39E-02
1.633	3.39E-02
1.634	3.39E-02
1.635	3.39E-02
1.635	3.39E-02
1.635	3.39E-02
1.636	3.39E-02
1.637	3.39E-02
1.637	3.39E-02
1.638	3.39E-02
1.638	3.39E-02
1.638	3.39E-02
1.639	3.39E-02
1.64	3.39E-02
1.64	3.39E-02
1.64	3.39E-02
1.641	3.39E-02
1.641	3.39E-02
1.642	3.39E-02
1.643	3.39E-02
1.643	3.39E-02
1.643	3.39E-02
1.644	3.39E-02
1.645	3.39E-02
1.645	3.39E-02
1.645	3.39E-02
1.646	3.39E-02
1.646	3.39E-02
1.647	3.39E-02
1.648	3.39E-02
1.648	3.39E-02
1.648	3.39E-02
1.649	3.39E-02
1.65	3.39E-02
1.65	3.39E-02
1.651	3.39E-02
1.651	3.39E-02
1.651	3.39E-02
1.652	3.39E-02
1.653	3.39E-02
1.653	3.39E-02
1.653	3.39E-02
1.654	3.39E-02
1.655	3.39E-02
1.655	3.39E-02
1.656	3.39E-02
1.656	3.39E-02
1.656	3.39E-02
1.657	3.39E-02
1.658	3.39E-02
1.658	3.39E-02
1.658	3.39E-02
1.659	3.39E-02
1.66	3.39E-02
1.66	3.39E-02
1.661	3.39E-02
1.661	3.39E-02
1.661	3.39E-02
1.662	3.39E-02
1.663	3.39E-02
1.663	3.39E-02
1.663	3.39E-02
1.664	3.39E-02
1.664	3.39E-02
1.665	3.39E-02
1.666	3.39E-02
1.666	3.39E-02
1.666	3.39E-02
1.667	3.39E-02
1.668	3.39E-02
1.668	3.39E-02
1.668	3.39E-02
1.669	3.39E-02
1.669	3.39E-02
1.67	3.39E-02
1.671	3.39E-02
1.671	3.39E-02
1.671	3.39E-02
1.672	3.39E-02
1.673	3.39E-02
1.673	3.39E-02
1.673	3.39E-02
1.674	3.39E-02
1.674	3.39E-02
1.675	3.39E-02
1.676	3.39E-02
1.676	3.39E-02
1.676	3.39E-02
1.677	3.39E-02
1.678	3.39E-02
1.678	3.39E-02
1.679	3.39E-02
1.679	3.39E-02
1.679	3.39E-02
1.68	3.39E-02
1.681	3.39E-02
1.681	3.39E-02
1.681	3.39E-02
1.682	3.39E-02
1.683	3.39E-02
1.683	3.39E-02
1.684	3.39E-02
1.684	3.39E-02
1.684	3.39E-02
1.685	3.39E-02
1.686	3.39E-02
1.686	3.39E-02
1.686	3.39E-02
1.687	3.39E-02
1.688	3.39E-02
1.688	3.39E-02
1.689	3.39E-02
1.689	3.39E-02
1.689	3.39E-02
1.69	3.39E-02
1.691	3.39E-02
1.691	3.39E-02
1.691	3.39E-02
1.692	3.39E-02
1.692	3.39E-02
1.693	3.39E-02
1.694	3.39E-02
1.694	3.39E-02
1.694	3.39E-02
1.695	3.39E-02
1.696	3.39E-02
1.696	3.39E-02
1.696	3.39E-02
1.697	3.39E-02
1.697	3.39E-02
1.698	3.39E-02
1.699	3.39E-02
1.699	3.39E-02
1.699	3.39E-02
1.7	3.39E-02
1.701	3.39E-02
1.701	3.39E-02
1.702	3.39E-02
1.702	3.39E-02
1.702	3.39E-02
1.703	3.39E-02
1.704	3.39E-02
1.704	3.39E-02
1.704	3.39E-02
1.705	3.39E-02
1.706	3.39E-02
1.706	3.39E-02
1.707	3.39E-02
1.707	3.39E-02
1.707	3.39E-02
1.708	3.39E-02
1.709	3.39E-02
1.709	3.39E-02
1.709	3.39E-02
1.71	3.39E-02
1.711	3.39E-02
1.711	3.39E-02
1.712	3.39E-02
1.712	3.39E-02
1.712	3.39E-02
1.713	3.39E-02
1.714	3.39E-02
1.714	3.39E-02
1.714	3.39E-02
1.715	3.39E-02
1.715	3.39E-02
1.716	3.39E-02
1.717	3.39E-02
1.717	3.39E-02
1.717	3.39E-02
1.718	3.39E-02
1.719	3.39E-02
1.719	3.39E-02
1.719	3.39E-02
1.72	3.39E-02
1.72	3.39E-02
1.721	3.39E-02
1.722	3.39E-02
1.722	3.39E-02
1.722	3.39E-02
1.723	3.39E-02
1.724	3.39E-02
1.724	3.39E-02
1.724	3.39E-02
1.725	3.39E-02
1.725	3.39E-02
1.726	3.39E-02
1.727	3.39E-02
1.727	3.39E-02
1.727	3.39E-02
1.728	3.39E-02
1.729	3.39E-02
1.729	3.39E-02
1.73	3.39E-02
1.73	3.39E-02
1.73	3.39E-02
1.731	3.39E-02
1.732	3.39E-02
1.732	3.39E-02
1.732	3.39E-02
1.733	3.39E-02
1.734	3.39E-02
1.734	3.39E-02
1.735	3.39E-02
1.735	3.39E-02
1.735	3.39E-02
1.736	3.39E-02
1.737	3.39E-02
1.737	3.39E-02
1.737	3.39E-02
1.738	3.39E-02
1.738	3.39E-02
1.739	3.39E-02
1.74	3.39E-02
1.74	3.39E-02
1.74	3.39E-02
1.741	3.39E-02
1.742	3.39E-02
1.742	3.39E-02
1.742	3.39E-02
1.743	3.39E-02
1.743	3.39E-02
1.744	3.39E-02
1.745	3.39E-02
1.745	3.39E-02
1.745	3.39E-02
1.746	3.39E-02
1.747	3.39E-02
1.747	3.39E-02
1.747	3.39E-02
1.748	3.39E-02
1.748	3.39E-02
1.749	3.39E-02
1.75	3.39E-02
1.75	3.39E-02
1.75	3.39E-02
1.751	3.39E-02
1.752	3.39E-02
1.752	3.39E-02
1.753	3.39E-02
1.753	3.39E-02
1.753	3.39E-02
1.754	3.39E-02
1.755	3.39E-02
1.755	3.39E-02
1.755	3.39E-02
1.756	3.39E-02
1.757	3.39E-02
1.757	3.39E-02
1.758	3.39E-02
1.758	3.39E-02
1.758	3.39E-02
1.759	3.39E-02
1.76	3.39E-02
1.76	3.39E-02
1.76	3.39E-02
1.761	3.39E-02
1.762	3.39E-02
1.762	3.39E-02
1.763	3.39E-02
1.763	3.39E-02
1.763	3.39E-02
1.764	3.38E-02
1.765	3.38E-02
1.765	3.38E-02
1.765	3.38E-02
1.766	3.38E-02
1.766	3.38E-02
1.767	3.38E-02
1.768	3.38E-02
1.768	3.38E-02
1.768	3.38E-02
1.769	3.38E-02
1.77	3.38E-02
1.77	3.38E-02
1.77	3.38E-02
1.771	3.38E-02
1.771	3.38E-02
1.772	3.38E-02
1.773	3.38E-02
1.773	3.38E-02
1.773	3.38E-02
1.774	3.38E-02
1.775	3.38E-02
1.775	3.38E-02
1.776	3.38E-02
1.776	3.38E-02
1.776	3.38E-02
1.777	3.38E-02
1.778	3.38E-02
1.778	3.38E-02
1.778	3.38E-02
1.779	3.38E-02
1.78	3.38E-02
1.78	3.38E-02
1.781	3.38E-02
1.781	3.38E-02
1.781	3.38E-02
1.782	3.38E-02
1.783	3.38E-02
1.783	3.38E-02
1.783	3.38E-02
1.784	3.38E-02
1.785	3.38E-02
1.785	3.38E-02
1.786	3.38E-02
1.786	3.38E-02
1.786	3.38E-02
1.787	3.38E-02
1.788	3.38E-02
1.788	3.38E-02
1.788	3.38E-02
1.789	3.38E-02
1.789	3.38E-02
1.79	3.38E-02
1.791	3.38E-02
1.791	3.38E-02
1.791	3.38E-02
1.792	3.38E-02
1.793	3.38E-02
1.793	3.38E-02
1.793	3.38E-02
1.794	3.38E-02
1.794	3.38E-02
1.795	3.38E-02
1.796	3.38E-02
1.796	3.38E-02
1.796	3.38E-02
1.797	3.38E-02
1.798	3.38E-02
1.798	3.38E-02
1.798	3.38E-02
1.799	3.38E-02
1.799	3.38E-02
1.8	3.38E-02
1.801	3.38E-02
1.801	3.38E-02
1.801	3.38E-02
1.802	3.38E-02
1.803	3.38E-02
1.803	3.38E-02
1.804	3.38E-02
1.804	3.38E-02
1.804	3.38E-02
1.805	3.38E-02
1.806	3.38E-02
1.806	3.38E-02
1.806	3.38E-02
1.807	3.38E-02
1.808	3.38E-02
1.808	3.38E-02
1.809	3.38E-02
1.809	3.38E-02
1.809	3.38E-02
1.81	3.38E-02
1.811	3.38E-02
1.811	3.38E-02
1.811	3.38E-02
1.812	3.38E-02
1.812	3.38E-02
1.813	3.38E-02
1.814	3.38E-02
1.814	3.38E-02
1.814	3.38E-02
1.815	3.38E-02
1.816	3.38E-02
1.816	3.38E-02
1.816	3.38E-02
1.817	3.38E-02
1.817	3.38E-02
1.818	3.38E-02
1.819	3.38E-02
1.819	3.38E-02
1.819	3.38E-02
1.82	3.38E-02
1.821	3.38E-02
1.821	3.38E-02
1.821	3.38E-02
1.822	3.38E-02
1.822	3.38E-02
1.823	3.38E-02
1.824	3.38E-02
1.824	3.38E-02
1.824	3.38E-02
1.825	3.38E-02
1.826	3.38E-02
1.826	3.38E-02
1.827	3.38E-02
1.827	3.38E-02
1.827	3.38E-02
1.828	3.38E-02
1.829	3.38E-02
1.829	3.38E-02
1.829	3.38E-02
1.83	3.38E-02
1.831	3.38E-02
1.831	3.38E-02
1.832	3.38E-02
1.832	3.38E-02
1.832	3.38E-02
1.833	3.38E-02
1.834	3.38E-02
1.834	3.38E-02
1.834	3.38E-02
1.835	3.38E-02
1.836	3.38E-02
1.836	3.38E-02
1.837	3.38E-02
1.837	3.38E-02
1.837	3.38E-02
1.838	3.38E-02
1.839	3.38E-02
1.839	3.38E-02
1.839	3.38E-02
1.84	3.38E-02
1.84	3.38E-02
1.841	3.38E-02
1.842	3.38E-02
1.842	3.38E-02
1.842	3.38E-02
1.843	3.38E-02
1.844	3.38E-02
1.844	3.38E-02
1.844	3.38E-02
1.845	3.38E-02
1.845	3.38E-02
1.846	3.38E-02
1.847	3.38E-02
1.847	3.38E-02
1.847	3.38E-02
1.848	3.38E-02
1.849	3.38E-02
1.849	3.38E-02
1.849	3.38E-02
1.85	3.38E-02
1.85	3.38E-02
1.851	3.38E-02
1.852	3.38E-02
1.852	3.38E-02
1.852	3.38E-02
1.853	3.38E-02
1.854	3.38E-02
1.854	3.38E-02
1.855	3.38E-02
1.855	3.38E-02
1.855	3.38E-02
1.856	3.38E-02
1.857	3.38E-02
1.857	3.38E-02
1.857	3.38E-02
1.858	3.38E-02
1.859	3.38E-02
1.859	3.38E-02
1.86	3.38E-02
1.86	3.38E-02
1.86	3.38E-02
1.861	3.38E-02
1.862	3.38E-02
1.862	3.38E-02
1.862	3.38E-02
1.863	3.38E-02
1.863	3.38E-02
1.864	3.38E-02
1.865	3.38E-02
1.865	3.38E-02
1.865	3.38E-02
1.866	3.38E-02
1.867	3.38E-02
1.867	3.38E-02
1.867	3.38E-02
1.868	3.38E-02
1.868	3.38E-02
1.869	3.38E-02
1.87	3.38E-02
1.87	3.38E-02
1.87	3.38E-02
1.871	3.38E-02
1.872	3.38E-02
1.872	3.38E-02
1.872	3.38E-02
1.873	3.38E-02
1.873	3.38E-02
1.874	3.38E-02
1.875	3.38E-02
1.875	3.38E-02
1.875	3.38E-02
1.876	3.38E-02
1.877	3.38E-02
1.877	3.38E-02
1.878	3.38E-02
1.878	3.38E-02
1.878	3.38E-02
1.879	3.38E-02
1.88	3.38E-02
1.88	3.38E-02
1.88	3.38E-02
1.881	3.38E-02
1.882	3.38E-02
1.882	3.38E-02
1.883	3.38E-02
1.883	3.38E-02
1.883	3.38E-02
1.884	3.38E-02
1.885	3.38E-02
1.885	3.38E-02
1.885	3.38E-02
1.886	3.38E-02
1.887	3.38E-02
1.887	3.38E-02
1.888	3.38E-02
1.888	3.38E-02
1.888	3.38E-02
1.889	3.38E-02
1.89	3.38E-02
1.89	3.38E-02
1.89	3.38E-02
1.891	3.38E-02
1.891	3.38E-02
1.892	3.38E-02
1.893	3.38E-02
1.893	3.38E-02
1.893	3.38E-02
1.894	3.38E-02
1.895	3.38E-02
1.895	3.38E-02
1.895	3.38E-02
1.896	3.38E-02
1.896	3.38E-02
1.897	3.38E-02
1.898	3.38E-02
1.898	3.38E-02
1.898	3.38E-02
1.899	3.38E-02
1.9	3.38E-02
1.9	3.38E-02
1.901	3.38E-02
1.901	3.38E-02
1.901	3.38E-02
1.902	3.38E-02
1.903	3.38E-02
1.903	3.38E-02
1.903	3.38E-02
1.904	3.38E-02
1.905	3.38E-02
1.905	3.38E-02
1.906	3.38E-02
1.906	3.38E-02
1.906	3.38E-02
1.907	3.38E-02
1.908	3.38E-02
1.908	3.38E-02
1.908	3.38E-02
1.909	3.38E-02
1.91	3.38E-02
1.91	3.38E-02
1.911	3.38E-02
1.911	3.38E-02
1.911	3.38E-02
1.912	3.38E-02
1.913	3.38E-02
1.913	3.38E-02
1.913	3.38E-02
1.914	3.38E-02
1.914	3.38E-02
1.915	3.38E-02
1.916	3.38E-02
1.916	3.38E-02
1.916	3.38E-02
1.917	3.38E-02
1.918	3.38E-02
1.918	3.38E-02
1.918	3.38E-02
1.919	3.38E-02
1.919	3.38E-02
1.92	3.38E-02
1.921	3.38E-02
1.921	3.38E-02
1.921	3.38E-02
1.922	3.38E-02
1.923	3.38E-02
1.923	3.38E-02
1.923	3.38E-02
1.924	3.38E-02
1.924	3.38E-02
1.925	3.38E-02
1.926	3.38E-02
1.926	3.38E-02
1.926	3.38E-02
1.927	3.38E-02
1.928	3.38E-02
1.928	3.38E-02
1.929	3.38E-02
1.929	3.38E-02
1.929	3.38E-02
1.93	3.38E-02
1.931	3.38E-02
1.931	3.38E-02
1.931	3.38E-02
1.932	3.38E-02
1.933	3.38E-02
1.933	3.38E-02
1.934	3.38E-02
1.934	3.38E-02
1.934	3.38E-02
1.935	3.38E-02
1.936	3.38E-02
1.936	3.38E-02
1.936	3.38E-02
1.937	3.38E-02
1.938	3.38E-02
1.938	3.38E-02
1.939	3.38E-02
1.939	3.38E-02
1.939	3.38E-02
1.94	3.38E-02
1.941	3.38E-02
1.941	3.38E-02
1.941	3.38E-02
1.942	3.38E-02
1.942	3.38E-02
1.943	3.38E-02
1.944	3.38E-02
1.944	3.38E-02
1.944	3.37E-02
1.945	3.37E-02
1.946	3.37E-02
1.946	3.37E-02
1.946	3.37E-02
1.947	3.37E-02
1.947	3.37E-02
1.948	3.37E-02
1.949	3.37E-02
1.949	3.37E-02
1.949	3.37E-02
1.95	3.37E-02
1.951	3.37E-02
1.951	3.37E-02
1.952	3.37E-02
1.952	3.37E-02
1.952	3.37E-02
1.953	3.37E-02
1.954	3.37E-02
1.954	3.37E-02
1.954	3.37E-02
1.955	3.37E-02
1.956	3.37E-02
1.956	3.37E-02
1.957	3.37E-02
1.957	3.37E-02
1.957	3.37E-02
1.958	3.37E-02
1.959	3.37E-02
1.959	3.37E-02
1.959	3.37E-02
1.96	3.37E-02
1.961	3.37E-02
1.961	3.37E-02
1.962	3.37E-02
1.962	3.37E-02
1.962	3.37E-02
1.963	3.37E-02
1.964	3.37E-02
1.964	3.37E-02
1.964	3.37E-02
1.965	3.37E-02
1.965	3.37E-02
1.966	3.37E-02
1.967	3.37E-02
1.967	3.37E-02
1.967	3.37E-02
1.968	3.37E-02
1.969	3.37E-02
1.969	3.37E-02
1.969	3.37E-02
1.97	3.37E-02
1.97	3.37E-02
1.971	3.37E-02
1.972	3.37E-02
1.972	3.37E-02
1.972	3.37E-02
1.973	3.37E-02
1.974	3.37E-02
1.974	3.37E-02
1.974	3.37E-02
1.975	3.37E-02
1.975	3.37E-02
1.976	3.37E-02
1.977	3.37E-02
1.977	3.37E-02
1.977	3.37E-02
1.978	3.37E-02
1.979	3.37E-02
1.979	3.37E-02
1.98	3.37E-02
1.98	3.37E-02
1.98	3.37E-02
1.981	3.37E-02
1.982	3.37E-02
1.982	3.37E-02
1.982	3.37E-02
1.983	3.37E-02
1.984	3.37E-02
1.984	3.37E-02
1.985	3.37E-02
1.985	3.37E-02
1.985	3.37E-02
1.986	3.37E-02
1.987	3.37E-02
1.987	3.37E-02
1.987	3.37E-02
1.988	3.37E-02
1.988	3.37E-02
1.989	3.37E-02
1.99	3.37E-02
1.99	3.37E-02
1.99	3.37E-02
1.991	3.37E-02
1.992	3.37E-02
1.992	3.37E-02
1.992	3.37E-02
1.993	3.37E-02
1.993	3.37E-02
1.994	3.37E-02
1.995	3.37E-02
1.995	3.37E-02
1.995	3.37E-02
1.996	3.37E-02
1.997	3.37E-02
1.997	3.37E-02
1.997	3.37E-02
1.998	3.37E-02
1.998	3.37E-02
1.999	3.37E-02
2	3.37E-02
2	3.37E-02
2	3.37E-02
2.001	3.37E-02
2.001	3.37E-02
2.002	3.37E-02
2.003	3.37E-02
2.003	3.37E-02
2.003	3.37E-02
2.004	3.37E-02
2.004	3.37E-02
2.005	3.37E-02
2.006	3.37E-02
2.006	3.37E-02
2.007	3.37E-02
2.007	3.37E-02
2.007	3.37E-02
2.008	3.37E-02
2.009	3.37E-02
2.009	3.37E-02
2.01	3.37E-02
2.01	3.37E-02
2.01	3.37E-02
2.011	3.37E-02
2.011	3.37E-02
2.012	3.37E-02
2.013	3.37E-02
2.013	3.37E-02
2.013	3.37E-02
2.014	3.37E-02
2.014	3.37E-02
2.015	3.37E-02
2.016	3.37E-02
2.016	3.37E-02
2.016	3.37E-02
2.017	3.37E-02
2.017	3.37E-02
2.018	3.37E-02
2.019	3.37E-02
2.019	3.37E-02
2.02	3.37E-02
2.02	3.37E-02
2.02	3.37E-02
2.021	3.37E-02
2.022	3.37E-02
2.022	3.37E-02
2.023	3.37E-02
2.023	3.37E-02
2.023	3.37E-02
2.024	3.37E-02
2.024	3.37E-02
2.025	3.37E-02
2.026	3.37E-02
2.026	3.37E-02
2.026	3.37E-02
2.027	3.37E-02
2.027	3.37E-02
2.028	3.37E-02
2.029	3.37E-02
2.029	3.37E-02
2.03	3.37E-02
2.03	3.37E-02
2.03	3.37E-02
2.031	3.37E-02
2.032	3.37E-02
2.032	3.37E-02
2.033	3.37E-02
2.033	3.37E-02
2.033	3.37E-02
2.034	3.37E-02
2.034	3.37E-02
2.035	3.37E-02
2.036	3.37E-02
2.036	3.37E-02
2.036	3.37E-02
2.037	3.37E-02
2.037	3.37E-02
2.038	3.37E-02
2.039	3.37E-02
2.039	3.37E-02
2.039	3.37E-02
2.04	3.37E-02
2.04	3.37E-02
2.041	3.37E-02
2.042	3.37E-02
2.042	3.37E-02
2.043	3.37E-02
2.043	3.37E-02
2.043	3.37E-02
2.044	3.37E-02
2.045	3.37E-02
2.045	3.37E-02
2.046	3.37E-02
2.046	3.37E-02
2.046	3.37E-02
2.047	3.37E-02
2.047	3.37E-02
2.048	3.37E-02
2.049	3.37E-02
2.049	3.37E-02
2.049	3.37E-02
2.05	3.37E-02
2.05	3.37E-02
2.051	3.37E-02
2.052	3.37E-02
2.052	3.37E-02
2.053	3.37E-02
2.053	3.37E-02
2.053	3.37E-02
2.054	3.37E-02
2.055	3.37E-02
2.055	3.37E-02
2.056	3.37E-02
2.056	3.37E-02
2.056	3.37E-02
2.057	3.37E-02
2.057	3.37E-02
2.058	3.37E-02
2.059	3.37E-02
2.059	3.37E-02
2.059	3.37E-02
2.06	3.37E-02
2.06	3.37E-02
2.061	3.37E-02
2.062	3.37E-02
2.062	3.37E-02
2.062	3.37E-02
2.063	3.37E-02
2.063	3.37E-02
2.064	3.37E-02
2.065	3.37E-02
2.065	3.37E-02
2.066	3.37E-02
2.066	3.37E-02
2.066	3.37E-02
2.067	3.37E-02
2.068	3.37E-02
2.068	3.37E-02
2.069	3.37E-02
2.069	3.37E-02
2.069	3.37E-02
2.07	3.37E-02
2.07	3.37E-02
2.071	3.37E-02
2.072	3.37E-02
2.072	3.37E-02
2.072	3.37E-02
2.073	3.37E-02
2.073	3.37E-02
2.074	3.37E-02
2.075	3.37E-02
2.075	3.37E-02
2.076	3.37E-02
2.076	3.37E-02
2.076	3.37E-02
2.077	3.37E-02
2.078	3.37E-02
2.078	3.37E-02
2.079	3.37E-02
2.079	3.37E-02
2.079	3.37E-02
2.08	3.37E-02
2.08	3.37E-02
2.081	3.37E-02
2.082	3.37E-02
2.082	3.37E-02
2.082	3.37E-02
2.083	3.37E-02
2.083	3.37E-02
2.084	3.37E-02
2.085	3.37E-02
2.085	3.37E-02
2.086	3.37E-02
2.086	3.37E-02
2.086	3.36E-02
2.087	3.36E-02
2.088	3.36E-02
2.088	3.36E-02
2.089	3.36E-02
2.089	3.36E-02
2.089	3.36E-02
2.09	3.36E-02
2.091	3.36E-02
2.091	3.36E-02
2.092	3.36E-02
2.092	3.36E-02
2.092	3.36E-02
2.093	3.36E-02
2.093	3.36E-02
2.094	3.36E-02
2.095	3.36E-02
2.095	3.36E-02
2.095	3.36E-02
2.096	3.36E-02
2.096	3.36E-02
2.097	3.36E-02
2.098	3.36E-02
2.098	3.36E-02
2.099	3.36E-02
2.099	3.36E-02
2.099	3.36E-02
2.1	3.36E-02
2.101	3.36E-02
2.101	3.36E-02
2.102	3.36E-02
2.102	3.36E-02
2.102	3.36E-02
2.103	3.36E-02
2.103	3.36E-02
2.104	3.36E-02
2.105	3.36E-02
2.105	3.36E-02
2.105	3.36E-02
2.106	3.36E-02
2.106	3.36E-02
2.107	3.36E-02
2.108	3.36E-02
2.108	3.36E-02
2.109	3.36E-02
2.109	3.36E-02
2.109	3.36E-02
2.11	3.36E-02
2.111	3.36E-02
2.111	3.36E-02
2.112	3.36E-02
2.112	3.36E-02
2.112	3.36E-02
2.113	3.36E-02
2.114	3.36E-02
2.114	3.36E-02
2.115	3.36E-02
2.115	3.36E-02
2.115	3.36E-02
2.116	3.36E-02
2.116	3.36E-02
2.117	3.36E-02
2.118	3.36E-02
2.118	3.36E-02
2.118	3.36E-02
2.119	3.36E-02
2.119	3.36E-02
2.12	3.36E-02
2.121	3.36E-02
2.121	3.36E-02
2.122	3.36E-02
2.122	3.36E-02
2.122	3.36E-02
2.123	3.36E-02
2.124	3.36E-02
2.124	3.36E-02
2.125	3.36E-02
2.125	3.36E-02
2.125	3.36E-02
2.126	3.36E-02
2.126	3.36E-02
2.127	3.36E-02
2.128	3.36E-02
2.128	3.36E-02
2.128	3.36E-02
2.129	3.36E-02
2.129	3.36E-02
2.13	3.36E-02
2.131	3.36E-02
2.131	3.36E-02
2.132	3.36E-02
2.132	3.36E-02
2.132	3.36E-02
2.133	3.36E-02
2.134	3.36E-02
2.134	3.36E-02
2.135	3.36E-02
2.135	3.36E-02
2.135	3.36E-02
2.136	3.36E-02
2.136	3.36E-02
2.137	3.36E-02
2.138	3.36E-02
2.138	3.36E-02
2.138	3.36E-02
2.139	3.36E-02
2.139	3.36E-02
2.14	3.36E-02
2.141	3.36E-02
2.141	3.36E-02
2.141	3.36E-02
2.142	3.36E-02
2.142	3.36E-02
2.143	3.36E-02
2.144	3.36E-02
2.144	3.36E-02
2.145	3.36E-02
2.145	3.36E-02
2.145	3.36E-02
2.146	3.36E-02
2.147	3.36E-02
2.147	3.36E-02
2.148	3.36E-02
2.148	3.36E-02
2.148	3.36E-02
2.149	3.36E-02
2.149	3.36E-02
2.15	3.36E-02
2.151	3.36E-02
2.151	3.36E-02
2.151	3.36E-02
2.152	3.36E-02
2.152	3.36E-02
2.153	3.36E-02
2.154	3.36E-02
2.154	3.36E-02
2.155	3.36E-02
2.155	3.36E-02
2.155	3.36E-02
2.156	3.36E-02
2.157	3.36E-02
2.157	3.36E-02
2.158	3.36E-02
2.158	3.36E-02
2.158	3.36E-02
2.159	3.36E-02
2.159	3.36E-02
2.16	3.36E-02
2.161	3.36E-02
2.161	3.36E-02
2.161	3.36E-02
2.162	3.36E-02
2.162	3.36E-02
2.163	3.36E-02
2.164	3.36E-02
2.164	3.36E-02
2.164	3.36E-02
2.165	3.36E-02
2.165	3.36E-02
2.166	3.36E-02
2.167	3.36E-02
2.167	3.36E-02
2.168	3.36E-02
2.168	3.36E-02
2.168	3.36E-02
2.169	3.36E-02
2.17	3.36E-02
2.17	3.36E-02
2.171	3.36E-02
2.171	3.36E-02
2.171	3.36E-02
2.172	3.36E-02
2.172	3.36E-02
2.173	3.36E-02
2.174	3.36E-02
2.174	3.36E-02
2.174	3.36E-02
2.175	3.36E-02
2.175	3.36E-02
2.176	3.36E-02
2.177	3.36E-02
2.177	3.36E-02
2.178	3.36E-02
2.178	3.36E-02
2.178	3.36E-02
2.179	3.36E-02
2.18	3.36E-02
2.18	3.36E-02
2.181	3.36E-02
2.181	3.36E-02
2.181	3.36E-02
2.182	3.36E-02
2.182	3.36E-02
2.183	3.36E-02
2.184	3.36E-02
2.184	3.36E-02
2.184	3.36E-02
2.185	3.36E-02
2.185	3.36E-02
2.186	3.36E-02
2.187	3.36E-02
2.187	3.36E-02
2.188	3.36E-02
2.188	3.36E-02
2.188	3.36E-02
2.189	3.36E-02
2.19	3.36E-02
2.19	3.36E-02
2.191	3.36E-02
2.191	3.36E-02
2.191	3.36E-02
2.192	3.36E-02
2.193	3.36E-02
2.193	3.36E-02
2.194	3.36E-02
2.194	3.36E-02
2.194	3.36E-02
2.195	3.36E-02
2.195	3.36E-02
2.196	3.36E-02
2.197	3.36E-02
2.197	3.36E-02
2.197	3.36E-02
2.198	3.36E-02
2.198	3.36E-02
2.199	3.36E-02
2.2	3.36E-02
2.2	3.36E-02
2.201	3.36E-02
2.201	3.36E-02
2.201	3.36E-02
2.202	3.36E-02
2.203	3.36E-02
2.203	3.36E-02
2.204	3.36E-02
2.204	3.36E-02
2.204	3.36E-02
2.205	3.36E-02
2.205	3.36E-02
2.206	3.36E-02
2.207	3.35E-02
2.207	3.35E-02
2.207	3.35E-02
2.208	3.35E-02
2.208	3.35E-02
2.209	3.35E-02
2.21	3.35E-02
2.21	3.35E-02
2.211	3.35E-02
2.211	3.35E-02
2.211	3.35E-02
2.212	3.35E-02
2.213	3.35E-02
2.213	3.35E-02
2.214	3.35E-02
2.214	3.35E-02
2.214	3.35E-02
2.215	3.35E-02
2.216	3.35E-02
2.216	3.35E-02
2.217	3.35E-02
2.217	3.35E-02
2.217	3.35E-02
2.218	3.35E-02
2.218	3.35E-02
2.219	3.35E-02
2.22	3.35E-02
2.22	3.35E-02
2.22	3.35E-02
2.221	3.35E-02
2.221	3.35E-02
2.222	3.35E-02
2.223	3.35E-02
2.223	3.35E-02
2.224	3.35E-02
2.224	3.35E-02
2.224	3.35E-02
2.225	3.35E-02
2.226	3.35E-02
2.226	3.35E-02
2.227	3.35E-02
2.227	3.35E-02
2.227	3.35E-02
2.228	3.35E-02
2.228	3.35E-02
2.229	3.35E-02
2.23	3.35E-02
2.23	3.35E-02
2.23	3.35E-02
2.231	3.35E-02
2.231	3.35E-02
2.232	3.35E-02
2.233	3.35E-02
2.233	3.35E-02
2.234	3.35E-02
2.234	3.35E-02
2.234	3.35E-02
2.235	3.35E-02
2.236	3.35E-02
2.236	3.35E-02
2.237	3.35E-02
2.237	3.35E-02
2.237	3.35E-02
2.238	3.35E-02
2.239	3.35E-02
2.239	3.35E-02
2.24	3.35E-02
2.24	3.35E-02
2.24	3.35E-02
2.241	3.35E-02
2.241	3.35E-02
2.242	3.35E-02
2.243	3.35E-02
2.243	3.35E-02
2.243	3.35E-02
2.244	3.35E-02
2.244	3.35E-02
2.245	3.35E-02
2.246	3.35E-02
2.246	3.35E-02
2.247	3.35E-02
2.247	3.35E-02
2.247	3.35E-02
2.248	3.35E-02
2.249	3.35E-02
2.249	3.35E-02
2.25	3.35E-02
2.25	3.35E-02
2.25	3.35E-02
2.251	3.35E-02
2.251	3.35E-02
2.252	3.35E-02
2.253	3.35E-02
2.253	3.35E-02
2.253	3.35E-02
2.254	3.35E-02
2.254	3.35E-02
2.255	3.35E-02
2.256	3.35E-02
2.256	3.35E-02
2.257	3.35E-02
2.257	3.35E-02
2.257	3.35E-02
2.258	3.35E-02
2.259	3.35E-02
2.259	3.35E-02
2.26	3.35E-02
2.26	3.35E-02
2.26	3.35E-02
2.261	3.35E-02
2.261	3.35E-02
2.262	3.35E-02
2.263	3.35E-02
2.263	3.35E-02
2.263	3.35E-02
2.264	3.35E-02
2.264	3.35E-02
2.265	3.35E-02
2.266	3.35E-02
2.266	3.35E-02
2.266	3.35E-02
2.267	3.35E-02
2.267	3.35E-02
2.268	3.35E-02
2.269	3.35E-02
2.269	3.35E-02
2.27	3.35E-02
2.27	3.35E-02
2.27	3.35E-02
2.271	3.35E-02
2.272	3.35E-02
2.272	3.35E-02
2.273	3.35E-02
2.273	3.35E-02
2.273	3.35E-02
2.274	3.35E-02
2.274	3.35E-02
2.275	3.35E-02
2.276	3.35E-02
2.276	3.35E-02
2.276	3.35E-02
2.277	3.35E-02
2.277	3.35E-02
2.278	3.35E-02
2.279	3.35E-02
2.279	3.35E-02
2.28	3.35E-02
2.28	3.35E-02
2.28	3.35E-02
2.281	3.35E-02
2.282	3.35E-02
2.282	3.35E-02
2.283	3.35E-02
2.283	3.35E-02
2.283	3.35E-02
2.284	3.35E-02
2.284	3.35E-02
2.285	3.35E-02
2.286	3.35E-02
2.286	3.35E-02
2.286	3.35E-02
2.287	3.35E-02
2.287	3.35E-02
2.288	3.35E-02
2.289	3.35E-02
2.289	3.35E-02
2.289	3.35E-02
2.29	3.35E-02
2.29	3.35E-02
2.291	3.35E-02
2.292	3.35E-02
2.292	3.35E-02
2.293	3.35E-02
2.293	3.35E-02
2.293	3.35E-02
2.294	3.35E-02
2.295	3.35E-02
2.295	3.35E-02
2.296	3.35E-02
2.296	3.35E-02
2.296	3.35E-02
2.297	3.35E-02
2.297	3.35E-02
2.298	3.35E-02
2.299	3.35E-02
2.299	3.35E-02
2.299	3.35E-02
2.3	3.35E-02
2.3	3.35E-02
2.301	3.35E-02
2.302	3.35E-02
2.302	3.35E-02
2.303	3.35E-02
2.303	3.35E-02
2.303	3.35E-02
2.304	3.35E-02
2.305	3.35E-02
2.305	3.35E-02
2.306	3.35E-02
2.306	3.35E-02
2.306	3.35E-02
2.307	3.35E-02
2.307	3.35E-02
2.308	3.35E-02
2.309	3.35E-02
2.309	3.35E-02
2.309	3.35E-02
2.31	3.35E-02
2.31	3.35E-02
2.311	3.35E-02
2.312	3.35E-02
2.312	3.35E-02
2.312	3.34E-02
2.313	3.34E-02
2.313	3.34E-02
2.314	3.34E-02
2.315	3.34E-02
2.315	3.34E-02
2.316	3.34E-02
2.316	3.34E-02
2.316	3.34E-02
2.317	3.34E-02
2.318	3.34E-02
2.318	3.34E-02
2.319	3.34E-02
2.319	3.34E-02
2.319	3.34E-02
2.32	3.34E-02
2.32	3.34E-02
2.321	3.34E-02
2.322	3.34E-02
2.322	3.34E-02
2.322	3.34E-02
2.323	3.34E-02
2.323	3.34E-02
2.324	3.34E-02
2.325	3.34E-02
2.325	3.34E-02
2.326	3.34E-02
2.326	3.34E-02
2.326	3.34E-02
2.327	3.34E-02
2.328	3.34E-02
2.328	3.34E-02
2.329	3.34E-02
2.329	3.34E-02
2.329	3.34E-02
2.33	3.34E-02
2.33	3.34E-02
2.331	3.34E-02
2.332	3.34E-02
2.332	3.34E-02
2.332	3.34E-02
2.333	3.34E-02
2.333	3.34E-02
2.334	3.34E-02
2.335	3.34E-02
2.335	3.34E-02
2.336	3.34E-02
2.336	3.34E-02
2.336	3.34E-02
2.337	3.34E-02
2.338	3.34E-02
2.338	3.34E-02
2.339	3.34E-02
2.339	3.34E-02
2.339	3.34E-02
2.34	3.34E-02
2.341	3.34E-02
2.341	3.34E-02
2.342	3.34E-02
2.342	3.34E-02
2.342	3.34E-02
2.343	3.34E-02
2.343	3.34E-02
2.344	3.34E-02
2.345	3.34E-02
2.345	3.34E-02
2.345	3.34E-02
2.346	3.34E-02
2.346	3.34E-02
2.347	3.34E-02
2.348	3.34E-02
2.348	3.34E-02
2.349	3.34E-02
2.349	3.34E-02
2.349	3.34E-02
2.35	3.34E-02
2.351	3.34E-02
2.351	3.34E-02
2.352	3.34E-02
2.352	3.34E-02
2.352	3.34E-02
2.353	3.34E-02
2.353	3.34E-02
2.354	3.34E-02
2.355	3.34E-02
2.355	3.34E-02
2.355	3.34E-02
2.356	3.34E-02
2.356	3.34E-02
2.357	3.34E-02
2.358	3.34E-02
2.358	3.34E-02
2.359	3.34E-02
2.359	3.34E-02
2.359	3.34E-02
2.36	3.34E-02
2.361	3.34E-02
2.361	3.34E-02
2.362	3.34E-02
2.362	3.34E-02
2.362	3.34E-02
2.363	3.34E-02
2.364	3.34E-02
2.364	3.34E-02
2.365	3.34E-02
2.365	3.34E-02
2.365	3.34E-02
2.366	3.34E-02
2.366	3.34E-02
2.367	3.34E-02
2.368	3.34E-02
2.368	3.34E-02
2.368	3.34E-02
2.369	3.34E-02
2.369	3.34E-02
2.37	3.34E-02
2.371	3.34E-02
2.371	3.34E-02
2.372	3.34E-02
2.372	3.34E-02
2.372	3.34E-02
2.373	3.34E-02
2.374	3.34E-02
2.374	3.34E-02
2.375	3.34E-02
2.375	3.34E-02
2.375	3.34E-02
2.376	3.34E-02
2.376	3.34E-02
2.377	3.34E-02
2.378	3.34E-02
2.378	3.34E-02
2.378	3.34E-02
2.379	3.34E-02
2.379	3.34E-02
2.38	3.34E-02
2.381	3.34E-02
2.381	3.34E-02
2.382	3.34E-02
2.382	3.34E-02
2.382	3.34E-02
2.383	3.34E-02
2.384	3.34E-02
2.384	3.34E-02
2.385	3.34E-02
2.385	3.34E-02
2.385	3.34E-02
2.386	3.34E-02
2.386	3.34E-02
2.387	3.34E-02
2.388	3.34E-02
2.388	3.34E-02
2.388	3.34E-02
2.389	3.34E-02
2.389	3.34E-02
2.39	3.34E-02
2.391	3.34E-02
2.391	3.34E-02
2.391	3.34E-02
2.392	3.34E-02
2.392	3.34E-02
2.393	3.34E-02
2.394	3.34E-02
2.394	3.34E-02
2.395	3.34E-02
2.395	3.34E-02
2.395	3.34E-02
2.396	3.34E-02
2.397	3.34E-02
2.397	3.34E-02
2.398	3.34E-02
2.398	3.34E-02
2.398	3.34E-02
2.399	3.34E-02
2.399	3.34E-02
2.4	3.34E-02
2.401	3.34E-02
2.401	3.34E-02
2.401	3.34E-02
2.402	3.34E-02
2.402	3.34E-02
2.403	3.34E-02
2.404	3.34E-02
2.404	3.34E-02
2.405	3.34E-02
2.405	3.34E-02
2.405	3.34E-02
2.406	3.34E-02
2.407	3.34E-02
2.407	3.34E-02
2.408	3.34E-02
2.408	3.33E-02
2.408	3.33E-02
2.409	3.33E-02
2.409	3.33E-02
2.41	3.33E-02
2.411	3.33E-02
2.411	3.33E-02
2.411	3.33E-02
2.412	3.33E-02
2.412	3.33E-02
2.413	3.33E-02
2.414	3.33E-02
2.414	3.33E-02
2.414	3.33E-02
2.415	3.33E-02
2.415	3.33E-02
2.416	3.33E-02
2.417	3.33E-02
2.417	3.33E-02
2.418	3.33E-02
2.418	3.33E-02
2.418	3.33E-02
2.419	3.33E-02
2.42	3.33E-02
2.42	3.33E-02
2.421	3.33E-02
2.421	3.33E-02
2.421	3.33E-02
2.422	3.33E-02
2.422	3.33E-02
2.423	3.33E-02
2.424	3.33E-02
2.424	3.33E-02
2.424	3.33E-02
2.425	3.33E-02
2.425	3.33E-02
2.426	3.33E-02
2.427	3.33E-02
2.427	3.33E-02
2.428	3.33E-02
2.428	3.33E-02
2.428	3.33E-02
2.429	3.33E-02
2.43	3.33E-02
2.43	3.33E-02
2.431	3.33E-02
2.431	3.33E-02
2.431	3.33E-02
2.432	3.33E-02
2.432	3.33E-02
2.433	3.33E-02
2.434	3.33E-02
2.434	3.33E-02
2.434	3.33E-02
2.435	3.33E-02
2.435	3.33E-02
2.436	3.33E-02
2.437	3.33E-02
2.437	3.33E-02
2.438	3.33E-02
2.438	3.33E-02
2.438	3.33E-02
2.439	3.33E-02
2.44	3.33E-02
2.44	3.33E-02
2.441	3.33E-02
2.441	3.33E-02
2.441	3.33E-02
2.442	3.33E-02
2.443	3.33E-02
2.443	3.33E-02
2.444	3.33E-02
2.444	3.33E-02
2.444	3.33E-02
2.445	3.33E-02
2.445	3.33E-02
2.446	3.33E-02
2.447	3.33E-02
2.447	3.33E-02
2.447	3.33E-02
2.448	3.33E-02
2.448	3.33E-02
2.449	3.33E-02
2.45	3.33E-02
2.45	3.33E-02
2.451	3.33E-02
2.451	3.33E-02
2.451	3.33E-02
2.452	3.33E-02
2.453	3.33E-02
2.453	3.33E-02
2.454	3.33E-02
2.454	3.33E-02
2.454	3.33E-02
2.455	3.33E-02
2.455	3.33E-02
2.456	3.33E-02
2.457	3.33E-02
2.457	3.33E-02
2.457	3.33E-02
2.458	3.33E-02
2.458	3.33E-02
2.459	3.33E-02
2.46	3.33E-02
2.46	3.33E-02
2.461	3.33E-02
2.461	3.33E-02
2.461	3.33E-02
2.462	3.33E-02
2.463	3.33E-02
2.463	3.33E-02
2.464	3.33E-02
2.464	3.33E-02
2.464	3.33E-02
2.465	3.33E-02
2.466	3.33E-02
2.466	3.33E-02
2.467	3.33E-02
2.467	3.33E-02
2.467	3.33E-02
2.468	3.33E-02
2.468	3.33E-02
2.469	3.33E-02
2.47	3.33E-02
2.47	3.33E-02
2.47	3.33E-02
2.471	3.33E-02
2.471	3.33E-02
2.472	3.33E-02
2.473	3.33E-02
2.473	3.33E-02
2.474	3.33E-02
2.474	3.33E-02
2.474	3.33E-02
2.475	3.33E-02
2.476	3.33E-02
2.476	3.33E-02
2.477	3.33E-02
2.477	3.33E-02
2.477	3.33E-02
2.478	3.33E-02
2.478	3.33E-02
2.479	3.33E-02
2.48	3.33E-02
2.48	3.33E-02
2.48	3.33E-02
2.481	3.33E-02
2.481	3.33E-02
2.482	3.33E-02
2.483	3.33E-02
2.483	3.33E-02
2.484	3.33E-02
2.484	3.33E-02
2.484	3.33E-02
2.485	3.33E-02
2.486	3.33E-02
2.486	3.33E-02
2.487	3.33E-02
2.487	3.33E-02
2.487	3.33E-02
2.488	3.33E-02
2.489	3.33E-02
2.489	3.33E-02
2.49	3.33E-02
2.49	3.33E-02
2.49	3.33E-02
2.491	3.33E-02
2.491	3.33E-02
2.492	3.33E-02
2.493	3.33E-02
2.493	3.33E-02
2.493	3.33E-02
2.494	3.33E-02
2.494	3.33E-02
2.495	3.33E-02
2.496	3.33E-02
2.496	3.32E-02
2.497	3.32E-02
2.497	3.32E-02
2.497	3.32E-02
2.498	3.32E-02
2.499	3.32E-02
2.499	3.32E-02
2.5	3.32E-02
2.5	3.32E-02
2.5	3.32E-02
2.501	3.32E-02
2.501	3.32E-02
2.502	3.32E-02
2.503	3.32E-02
2.503	3.32E-02
2.503	3.32E-02
2.504	3.32E-02
2.504	3.32E-02
2.505	3.32E-02
2.506	3.32E-02
2.506	3.32E-02
2.507	3.32E-02
2.507	3.32E-02
2.507	3.32E-02
2.508	3.32E-02
2.509	3.32E-02
2.509	3.32E-02
2.51	3.32E-02
2.51	3.32E-02
2.51	3.32E-02
2.511	3.32E-02
2.511	3.32E-02
2.512	3.32E-02
2.513	3.32E-02
2.513	3.32E-02
2.513	3.32E-02
2.514	3.32E-02
2.514	3.32E-02
2.515	3.32E-02
2.516	3.32E-02
2.516	3.32E-02
2.516	3.32E-02
2.517	3.32E-02
2.517	3.32E-02
2.518	3.32E-02
2.519	3.32E-02
2.519	3.32E-02
2.52	3.32E-02
2.52	3.32E-02
2.52	3.32E-02
2.521	3.32E-02
2.522	3.32E-02
2.522	3.32E-02
2.523	3.32E-02
2.523	3.32E-02
2.523	3.32E-02
2.524	3.32E-02
2.524	3.32E-02
2.525	3.32E-02
2.526	3.32E-02
2.526	3.32E-02
2.526	3.32E-02
2.527	3.32E-02
2.527	3.32E-02
2.528	3.32E-02
2.529	3.32E-02
2.529	3.32E-02
2.53	3.32E-02
2.53	3.32E-02
2.53	3.32E-02
2.531	3.32E-02
2.532	3.32E-02
2.532	3.32E-02
2.533	3.32E-02
2.533	3.32E-02
2.533	3.32E-02
2.534	3.32E-02
2.534	3.32E-02
2.535	3.32E-02
2.536	3.32E-02
2.536	3.32E-02
2.536	3.32E-02
2.537	3.32E-02
2.537	3.32E-02
2.538	3.32E-02
2.539	3.32E-02
2.539	3.32E-02
2.539	3.32E-02
2.54	3.32E-02
2.54	3.32E-02
2.541	3.32E-02
2.542	3.32E-02
2.542	3.32E-02
2.543	3.32E-02
2.543	3.32E-02
2.543	3.32E-02
2.544	3.32E-02
2.545	3.32E-02
2.545	3.32E-02
2.546	3.32E-02
2.546	3.32E-02
2.546	3.32E-02
2.547	3.32E-02
2.547	3.32E-02
2.548	3.32E-02
2.549	3.32E-02
2.549	3.32E-02
2.549	3.32E-02
2.55	3.32E-02
2.55	3.32E-02
2.551	3.32E-02
2.552	3.32E-02
2.552	3.32E-02
2.553	3.32E-02
2.553	3.32E-02
2.553	3.32E-02
2.554	3.32E-02
2.555	3.32E-02
2.555	3.32E-02
2.556	3.32E-02
2.556	3.32E-02
2.556	3.32E-02
2.557	3.32E-02
2.557	3.32E-02
2.558	3.32E-02
2.559	3.32E-02
2.559	3.32E-02
2.559	3.32E-02
2.56	3.32E-02
2.56	3.32E-02
2.561	3.32E-02
2.562	3.32E-02
2.562	3.32E-02
2.562	3.32E-02
2.563	3.32E-02
2.563	3.32E-02
2.564	3.32E-02
2.565	3.32E-02
2.565	3.32E-02
2.566	3.32E-02
2.566	3.32E-02
2.566	3.32E-02
2.567	3.32E-02
2.568	3.32E-02
2.568	3.32E-02
2.569	3.32E-02
2.569	3.32E-02
2.569	3.32E-02
2.57	3.32E-02
2.57	3.32E-02
2.571	3.32E-02
2.572	3.32E-02
2.572	3.32E-02
2.572	3.32E-02
2.573	3.32E-02
2.573	3.32E-02
2.574	3.32E-02
2.575	3.32E-02
2.575	3.32E-02
2.576	3.32E-02
2.576	3.32E-02
2.576	3.32E-02
2.577	3.32E-02
2.578	3.31E-02
2.578	3.31E-02
2.579	3.31E-02
2.579	3.31E-02
2.579	3.31E-02
2.58	3.31E-02
2.58	3.31E-02
2.581	3.31E-02
2.582	3.31E-02
2.582	3.31E-02
2.582	3.31E-02
2.583	3.31E-02
2.583	3.31E-02
2.584	3.31E-02
2.585	3.31E-02
2.585	3.31E-02
2.586	3.31E-02
2.586	3.31E-02
2.586	3.31E-02
2.587	3.31E-02
2.588	3.31E-02
2.588	3.31E-02
2.589	3.31E-02
2.589	3.31E-02
2.589	3.31E-02
2.59	3.31E-02
2.591	3.31E-02
2.591	3.31E-02
2.592	3.31E-02
2.592	3.31E-02
2.592	3.31E-02
2.593	3.31E-02
2.593	3.31E-02
2.594	3.31E-02
2.595	3.31E-02
2.595	3.31E-02
2.595	3.31E-02
2.596	3.31E-02
2.596	3.31E-02
2.597	3.31E-02
2.598	3.31E-02
2.598	3.31E-02
2.599	3.31E-02
2.599	3.31E-02
2.599	3.31E-02
2.6	3.31E-02
2.601	3.31E-02
2.601	3.31E-02
2.602	3.31E-02
2.602	3.31E-02
2.602	3.31E-02
2.603	3.31E-02
2.603	3.31E-02
2.604	3.31E-02
2.605	3.31E-02
2.605	3.31E-02
2.605	3.31E-02
2.606	3.31E-02
2.606	3.31E-02
2.607	3.31E-02
2.608	3.31E-02
2.608	3.31E-02
2.609	3.31E-02
2.609	3.31E-02
2.609	3.31E-02
2.61	3.31E-02
2.611	3.31E-02
2.611	3.31E-02
2.612	3.31E-02
2.612	3.31E-02
2.612	3.31E-02
2.613	3.31E-02
2.614	3.31E-02
2.614	3.31E-02
2.615	3.31E-02
2.615	3.31E-02
2.615	3.31E-02
2.616	3.31E-02
2.616	3.31E-02
2.617	3.31E-02
2.618	3.31E-02
2.618	3.31E-02
2.618	3.31E-02
2.619	3.31E-02
2.619	3.31E-02
2.62	3.31E-02
2.621	3.31E-02
2.621	3.31E-02
2.622	3.31E-02
2.622	3.31E-02
2.622	3.31E-02
2.623	3.31E-02
2.624	3.31E-02
2.624	3.31E-02
2.625	3.31E-02
2.625	3.31E-02
2.625	3.31E-02
2.626	3.31E-02
2.626	3.31E-02
2.627	3.31E-02
2.628	3.31E-02
2.628	3.31E-02
2.628	3.31E-02
2.629	3.31E-02
2.629	3.31E-02
2.63	3.31E-02
2.631	3.31E-02
2.631	3.31E-02
2.632	3.31E-02
2.632	3.31E-02
2.632	3.31E-02
2.633	3.31E-02
2.634	3.31E-02
2.634	3.31E-02
2.635	3.31E-02
2.635	3.31E-02
2.635	3.31E-02
2.636	3.31E-02
2.636	3.31E-02
2.637	3.31E-02
2.638	3.31E-02
2.638	3.31E-02
2.638	3.31E-02
2.639	3.31E-02
2.639	3.31E-02
2.64	3.31E-02
2.641	3.31E-02
2.641	3.31E-02
2.641	3.31E-02
2.642	3.31E-02
2.642	3.31E-02
2.643	3.31E-02
2.644	3.31E-02
2.644	3.31E-02
2.645	3.31E-02
2.645	3.31E-02
2.645	3.31E-02
2.646	3.31E-02
2.647	3.31E-02
2.647	3.31E-02
2.648	3.31E-02
2.648	3.31E-02
2.648	3.31E-02
2.649	3.31E-02
2.649	3.31E-02
2.65	3.31E-02
2.651	3.31E-02
2.651	3.31E-02
2.651	3.31E-02
2.652	3.31E-02
2.652	3.31E-02
2.653	3.31E-02
2.654	3.31E-02
2.654	3.31E-02
2.655	3.30E-02
2.655	3.30E-02
2.655	3.30E-02
2.656	3.30E-02
2.657	3.30E-02
2.657	3.30E-02
2.658	3.30E-02
2.658	3.30E-02
2.658	3.30E-02
2.659	3.30E-02
2.659	3.30E-02
2.66	3.30E-02
2.661	3.30E-02
2.661	3.30E-02
2.661	3.30E-02
2.662	3.30E-02
2.662	3.30E-02
2.663	3.30E-02
2.664	3.30E-02
2.664	3.30E-02
2.664	3.30E-02
2.665	3.30E-02
2.665	3.30E-02
2.666	3.30E-02
2.667	3.30E-02
2.667	3.30E-02
2.668	3.30E-02
2.668	3.30E-02
2.668	3.30E-02
2.669	3.30E-02
2.67	3.30E-02
2.67	3.30E-02
2.671	3.30E-02
2.671	3.30E-02
2.671	3.30E-02
2.672	3.30E-02
2.672	3.30E-02
2.673	3.30E-02
2.674	3.30E-02
2.674	3.30E-02
2.674	3.30E-02
2.675	3.30E-02
2.675	3.30E-02
2.676	3.30E-02
2.677	3.30E-02
2.677	3.30E-02
2.678	3.30E-02
2.678	3.30E-02
2.678	3.30E-02
2.679	3.30E-02
2.68	3.30E-02
2.68	3.30E-02
2.681	3.30E-02
2.681	3.30E-02
2.681	3.30E-02
2.682	3.30E-02
2.682	3.30E-02
2.683	3.30E-02
2.684	3.30E-02
2.684	3.30E-02
2.684	3.30E-02
2.685	3.30E-02
2.685	3.30E-02
2.686	3.30E-02
2.687	3.30E-02
2.687	3.30E-02
2.688	3.30E-02
2.688	3.30E-02
2.688	3.30E-02
2.689	3.30E-02
2.69	3.30E-02
2.69	3.30E-02
2.691	3.30E-02
2.691	3.30E-02
2.691	3.30E-02
2.692	3.30E-02
2.693	3.30E-02
2.693	3.30E-02
2.694	3.30E-02
2.694	3.30E-02
2.694	3.30E-02
2.695	3.30E-02
2.695	3.30E-02
2.696	3.30E-02
2.697	3.30E-02
2.697	3.30E-02
2.697	3.30E-02
2.698	3.30E-02
2.698	3.30E-02
2.699	3.30E-02
2.7	3.30E-02
2.7	3.30E-02
2.701	3.30E-02
2.701	3.30E-02
2.701	3.30E-02
2.702	3.30E-02
2.703	3.30E-02
2.703	3.30E-02
2.704	3.30E-02
2.704	3.30E-02
2.704	3.30E-02
2.705	3.30E-02
2.705	3.30E-02
2.706	3.30E-02
2.707	3.30E-02
2.707	3.30E-02
2.707	3.30E-02
2.708	3.30E-02
2.708	3.30E-02
2.709	3.30E-02
2.71	3.30E-02
2.71	3.30E-02
2.711	3.30E-02
2.711	3.30E-02
2.711	3.30E-02
2.712	3.30E-02
2.713	3.30E-02
2.713	3.30E-02
2.714	3.30E-02
2.714	3.30E-02
2.714	3.30E-02
2.715	3.30E-02
2.716	3.30E-02
2.716	3.30E-02
2.717	3.30E-02
2.717	3.30E-02
2.717	3.30E-02
2.718	3.30E-02
2.718	3.30E-02
2.719	3.30E-02
2.72	3.30E-02
2.72	3.30E-02
2.72	3.30E-02
2.721	3.30E-02
2.721	3.30E-02
2.722	3.30E-02
2.723	3.30E-02
2.723	3.30E-02
2.724	3.30E-02
2.724	3.30E-02
2.724	3.30E-02
2.725	3.30E-02
2.726	3.30E-02
2.726	3.30E-02
2.727	3.29E-02
2.727	3.29E-02
2.727	3.29E-02
2.728	3.29E-02
2.728	3.29E-02
2.729	3.29E-02
2.73	3.29E-02
2.73	3.29E-02
2.73	3.29E-02
2.731	3.29E-02
2.731	3.29E-02
2.732	3.29E-02
2.733	3.29E-02
2.733	3.29E-02
2.734	3.29E-02
2.734	3.29E-02
2.734	3.29E-02
2.735	3.29E-02
2.736	3.29E-02
2.736	3.29E-02
2.737	3.29E-02
2.737	3.29E-02
2.737	3.29E-02
2.738	3.29E-02
2.739	3.29E-02
2.739	3.29E-02
2.74	3.29E-02
2.74	3.29E-02
2.74	3.29E-02
2.741	3.29E-02
2.741	3.29E-02
2.742	3.29E-02
2.743	3.29E-02
2.743	3.29E-02
2.743	3.29E-02
2.744	3.29E-02
2.744	3.29E-02
2.745	3.29E-02
2.746	3.29E-02
2.746	3.29E-02
2.747	3.29E-02
2.747	3.29E-02
2.747	3.29E-02
2.748	3.29E-02
2.749	3.29E-02
2.749	3.29E-02
2.75	3.29E-02
2.75	3.29E-02
2.75	3.29E-02
2.751	3.29E-02
2.751	3.29E-02
2.752	3.29E-02
2.753	3.29E-02
2.753	3.29E-02
2.753	3.29E-02
2.754	3.29E-02
2.754	3.29E-02
2.755	3.29E-02
2.756	3.29E-02
2.756	3.29E-02
2.757	3.29E-02
2.757	3.29E-02
2.757	3.29E-02
2.758	3.29E-02
2.759	3.29E-02
2.759	3.29E-02
2.76	3.29E-02
2.76	3.29E-02
2.76	3.29E-02
2.761	3.29E-02
2.761	3.29E-02
2.762	3.29E-02
2.763	3.29E-02
2.763	3.29E-02
2.763	3.29E-02
2.764	3.29E-02
2.764	3.29E-02
2.765	3.29E-02
2.766	3.29E-02
2.766	3.29E-02
2.766	3.29E-02
2.767	3.29E-02
2.767	3.29E-02
2.768	3.29E-02
2.769	3.29E-02
2.769	3.29E-02
2.77	3.29E-02
2.77	3.29E-02
2.77	3.29E-02
2.771	3.29E-02
2.772	3.29E-02
2.772	3.29E-02
2.773	3.29E-02
2.773	3.29E-02
2.773	3.29E-02
2.774	3.29E-02
2.774	3.29E-02
2.775	3.29E-02
2.776	3.29E-02
2.776	3.29E-02
2.776	3.29E-02
2.777	3.29E-02
2.777	3.29E-02
2.778	3.29E-02
2.779	3.29E-02
2.779	3.29E-02
2.78	3.29E-02
2.78	3.29E-02
2.78	3.29E-02
2.781	3.29E-02
2.782	3.29E-02
2.782	3.29E-02
2.783	3.29E-02
2.783	3.29E-02
2.783	3.29E-02
2.784	3.29E-02
2.784	3.29E-02
2.785	3.29E-02
2.786	3.29E-02
2.786	3.29E-02
2.786	3.29E-02
2.787	3.29E-02
2.787	3.29E-02
2.788	3.29E-02
2.789	3.29E-02
2.789	3.29E-02
2.789	3.29E-02
2.79	3.29E-02
2.79	3.29E-02
2.791	3.29E-02
2.792	3.29E-02
2.792	3.29E-02
2.793	3.29E-02
2.793	3.29E-02
2.793	3.29E-02
2.794	3.29E-02
2.795	3.29E-02
2.795	3.29E-02
2.796	3.28E-02
2.796	3.28E-02
2.796	3.28E-02
2.797	3.28E-02
2.797	3.28E-02
2.798	3.28E-02
2.799	3.28E-02
2.799	3.28E-02
2.799	3.28E-02
2.8	3.28E-02
2.8	3.28E-02
2.801	3.28E-02
2.802	3.28E-02
2.802	3.28E-02
2.803	3.28E-02
2.803	3.28E-02
2.803	3.28E-02
2.804	3.28E-02
2.805	3.28E-02
2.805	3.28E-02
2.806	3.28E-02
2.806	3.28E-02
2.806	3.28E-02
2.807	3.28E-02
2.807	3.28E-02
2.808	3.28E-02
2.809	3.28E-02
2.809	3.28E-02
2.809	3.28E-02
2.81	3.28E-02
2.81	3.28E-02
2.811	3.28E-02
2.812	3.28E-02
2.812	3.28E-02
2.812	3.28E-02
2.813	3.28E-02
2.813	3.28E-02
2.814	3.28E-02
2.815	3.28E-02
2.815	3.28E-02
2.816	3.28E-02
2.816	3.28E-02
2.816	3.28E-02
2.817	3.28E-02
2.818	3.28E-02
2.818	3.28E-02
2.819	3.28E-02
2.819	3.28E-02
2.819	3.28E-02
2.82	3.28E-02
2.82	3.28E-02
2.821	3.28E-02
2.822	3.28E-02
2.822	3.28E-02
2.822	3.28E-02
2.823	3.28E-02
2.823	3.28E-02
2.824	3.28E-02
2.825	3.28E-02
2.825	3.28E-02
2.826	3.28E-02
2.826	3.28E-02
2.826	3.28E-02
2.827	3.28E-02
2.828	3.28E-02
2.828	3.28E-02
2.829	3.28E-02
2.829	3.28E-02
2.829	3.28E-02
2.83	3.28E-02
2.83	3.28E-02
2.831	3.28E-02
2.832	3.28E-02
2.832	3.28E-02
2.832	3.28E-02
2.833	3.28E-02
2.833	3.28E-02
2.834	3.28E-02
2.835	3.28E-02
2.835	3.28E-02
2.836	3.28E-02
2.836	3.28E-02
2.836	3.28E-02
2.837	3.28E-02
2.838	3.28E-02
2.838	3.28E-02
2.839	3.28E-02
2.839	3.28E-02
2.839	3.28E-02
2.84	3.28E-02
2.841	3.28E-02
2.841	3.28E-02
2.842	3.28E-02
2.842	3.28E-02
2.842	3.28E-02
2.843	3.28E-02
2.843	3.28E-02
2.844	3.28E-02
2.845	3.28E-02
2.845	3.28E-02
2.845	3.28E-02
2.846	3.28E-02
2.846	3.28E-02
2.847	3.28E-02
2.848	3.28E-02
2.848	3.28E-02
2.849	3.28E-02
2.849	3.28E-02
2.849	3.28E-02
2.85	3.28E-02
2.851	3.28E-02
2.851	3.28E-02
2.852	3.28E-02
2.852	3.28E-02
2.852	3.28E-02
2.853	3.28E-02
2.853	3.28E-02
2.854	3.28E-02
2.855	3.28E-02
2.855	3.28E-02
2.855	3.28E-02
2.856	3.28E-02
2.856	3.28E-02
2.857	3.28E-02
2.858	3.28E-02
2.858	3.28E-02
2.859	3.28E-02
2.859	3.28E-02
2.859	3.28E-02
2.86	3.28E-02
2.861	3.28E-02
2.861	3.27E-02
2.862	3.27E-02
2.862	3.27E-02
2.862	3.27E-02
2.863	3.27E-02
2.864	3.27E-02
2.864	3.27E-02
2.865	3.27E-02
2.865	3.27E-02
2.865	3.27E-02
2.866	3.27E-02
2.866	3.27E-02
2.867	3.27E-02
2.868	3.27E-02
2.868	3.27E-02
2.868	3.27E-02
2.869	3.27E-02
2.869	3.27E-02
2.87	3.27E-02
2.871	3.27E-02
2.871	3.27E-02
2.872	3.27E-02
2.872	3.27E-02
2.872	3.27E-02
2.873	3.27E-02
2.874	3.27E-02
2.874	3.27E-02
2.875	3.27E-02
2.875	3.27E-02
2.875	3.27E-02
2.876	3.27E-02
2.876	3.27E-02
2.877	3.27E-02
2.878	3.27E-02
2.878	3.27E-02
2.878	3.27E-02
2.879	3.27E-02
2.879	3.27E-02
2.88	3.27E-02
2.881	3.27E-02
2.881	3.27E-02
2.882	3.27E-02
2.882	3.27E-02
2.882	3.27E-02
2.883	3.27E-02
2.884	3.27E-02
2.884	3.27E-02
2.885	3.27E-02
2.885	3.27E-02
2.885	3.27E-02
2.886	3.27E-02
2.886	3.27E-02
2.887	3.27E-02
2.888	3.27E-02
2.888	3.27E-02
2.888	3.27E-02
2.889	3.27E-02
2.889	3.27E-02
2.89	3.27E-02
2.891	3.27E-02
2.891	3.27E-02
2.891	3.27E-02
2.892	3.27E-02
2.892	3.27E-02
2.893	3.27E-02
2.894	3.27E-02
2.894	3.27E-02
2.895	3.27E-02
2.895	3.27E-02
2.895	3.27E-02
2.896	3.27E-02
2.897	3.27E-02
2.897	3.27E-02
2.898	3.27E-02
2.898	3.27E-02
2.898	3.27E-02
2.899	3.27E-02
2.899	3.27E-02
2.9	3.27E-02
2.901	3.27E-02
2.901	3.27E-02
2.901	3.27E-02
2.902	3.27E-02
2.902	3.27E-02
2.903	3.27E-02
2.904	3.27E-02
2.904	3.27E-02
2.905	3.27E-02
2.905	3.27E-02
2.905	3.27E-02
2.906	3.27E-02
2.907	3.27E-02
2.907	3.27E-02
2.908	3.27E-02
2.908	3.27E-02
2.908	3.27E-02
2.909	3.27E-02
2.909	3.27E-02
2.91	3.27E-02
2.911	3.27E-02
2.911	3.27E-02
2.911	3.27E-02
2.912	3.27E-02
2.912	3.27E-02
2.913	3.27E-02
2.914	3.27E-02
2.914	3.27E-02
2.914	3.27E-02
2.915	3.27E-02
2.915	3.27E-02
2.916	3.27E-02
2.917	3.27E-02
2.917	3.27E-02
2.918	3.27E-02
2.918	3.27E-02
2.918	3.27E-02
2.919	3.27E-02
2.92	3.27E-02
2.92	3.27E-02
2.921	3.27E-02
2.921	3.27E-02
2.921	3.27E-02
2.922	3.27E-02
2.922	3.27E-02
2.923	3.27E-02
2.924	3.26E-02
2.924	3.26E-02
2.924	3.26E-02
2.925	3.26E-02
2.925	3.26E-02
2.926	3.26E-02
2.927	3.26E-02
2.927	3.26E-02
2.928	3.26E-02
2.928	3.26E-02
2.928	3.26E-02
2.929	3.26E-02
2.93	3.26E-02
2.93	3.26E-02
2.931	3.26E-02
2.931	3.26E-02
2.931	3.26E-02
2.932	3.26E-02
2.932	3.26E-02
2.933	3.26E-02
2.934	3.26E-02
2.934	3.26E-02
2.934	3.26E-02
2.935	3.26E-02
2.935	3.26E-02
2.936	3.26E-02
2.937	3.26E-02
2.937	3.26E-02
2.938	3.26E-02
2.938	3.26E-02
2.938	3.26E-02
2.939	3.26E-02
2.94	3.26E-02
2.94	3.26E-02
2.941	3.26E-02
2.941	3.26E-02
2.941	3.26E-02
2.942	3.26E-02
2.943	3.26E-02
2.943	3.26E-02
2.944	3.26E-02
2.944	3.26E-02
2.944	3.26E-02
2.945	3.26E-02
2.945	3.26E-02
2.946	3.26E-02
2.947	3.26E-02
2.947	3.26E-02
2.947	3.26E-02
2.948	3.26E-02
2.948	3.26E-02
2.949	3.26E-02
2.95	3.26E-02
2.95	3.26E-02
2.951	3.26E-02
2.951	3.26E-02
2.951	3.26E-02
2.952	3.26E-02
2.953	3.26E-02
2.953	3.26E-02
2.954	3.26E-02
2.954	3.26E-02
2.954	3.26E-02
2.955	3.26E-02
2.955	3.26E-02
2.956	3.26E-02
2.957	3.26E-02
2.957	3.26E-02
2.957	3.26E-02
2.958	3.26E-02
2.958	3.26E-02
2.959	3.26E-02
2.96	3.26E-02
2.96	3.26E-02
2.961	3.26E-02
2.961	3.26E-02
2.961	3.26E-02
2.962	3.26E-02
2.963	3.26E-02
2.963	3.26E-02
2.964	3.26E-02
2.964	3.26E-02
2.964	3.26E-02
2.965	3.26E-02
2.966	3.26E-02
2.966	3.26E-02
2.967	3.26E-02
2.967	3.26E-02
2.967	3.26E-02
2.968	3.26E-02
2.968	3.26E-02
2.969	3.26E-02
2.97	3.26E-02
2.97	3.26E-02
2.97	3.26E-02
2.971	3.26E-02
2.971	3.26E-02
2.972	3.26E-02
2.973	3.26E-02
2.973	3.26E-02
2.974	3.26E-02
2.974	3.26E-02
2.974	3.26E-02
2.975	3.26E-02
2.976	3.26E-02
2.976	3.26E-02
2.977	3.26E-02
2.977	3.26E-02
2.977	3.26E-02
2.978	3.26E-02
2.978	3.26E-02
2.979	3.26E-02
2.98	3.26E-02
2.98	3.26E-02
2.98	3.26E-02
2.981	3.26E-02
2.981	3.26E-02
2.982	3.26E-02
2.983	3.26E-02
2.983	3.26E-02
2.984	3.26E-02
2.984	3.25E-02
2.984	3.25E-02
2.985	3.25E-02
2.986	3.25E-02
2.986	3.25E-02
2.987	3.25E-02
2.987	3.25E-02
2.987	3.25E-02
2.988	3.25E-02
2.989	3.25E-02
2.989	3.25E-02
2.99	3.25E-02
2.99	3.25E-02
2.99	3.25E-02
2.991	3.25E-02
2.991	3.25E-02
2.992	3.25E-02
2.993	3.25E-02
2.993	3.25E-02
2.993	3.25E-02
2.994	3.25E-02
2.994	3.25E-02
2.995	3.25E-02
2.996	3.25E-02
2.996	3.25E-02
2.997	3.25E-02
2.997	3.25E-02
2.997	3.25E-02
2.998	3.25E-02
2.999	3.25E-02
2.999	3.25E-02
3	3.25E-02
3	3.25E-02
3	3.25E-02
3.001	3.25E-02
3.001	3.25E-02
3.002	3.25E-02
3.003	3.25E-02
3.003	3.25E-02
3.003	3.25E-02
3.004	3.25E-02
3.004	3.25E-02
3.005	3.25E-02
3.006	3.25E-02
3.006	3.25E-02
3.007	3.25E-02
3.007	3.25E-02
3.007	3.25E-02
3.008	3.25E-02
3.009	3.25E-02
3.009	3.25E-02
3.01	3.25E-02
3.01	3.25E-02
3.01	3.25E-02
3.011	3.25E-02
3.011	3.25E-02
3.012	3.25E-02
3.013	3.25E-02
3.013	3.25E-02
3.013	3.25E-02
3.014	3.25E-02
3.014	3.25E-02
3.015	3.25E-02
3.016	3.25E-02
3.016	3.25E-02
3.016	3.25E-02
3.017	3.25E-02
3.017	3.25E-02
3.018	3.25E-02
3.019	3.25E-02
3.019	3.25E-02
3.02	3.25E-02
3.02	3.25E-02
3.02	3.25E-02
3.021	3.25E-02
3.022	3.25E-02
3.022	3.25E-02
3.023	3.25E-02
3.023	3.25E-02
3.023	3.25E-02
3.024	3.25E-02
3.024	3.25E-02
3.025	3.25E-02
3.026	3.25E-02
3.026	3.25E-02
3.026	3.25E-02
3.027	3.25E-02
3.027	3.25E-02
3.028	3.25E-02
3.029	3.25E-02
3.029	3.25E-02
3.03	3.25E-02
3.03	3.25E-02
3.03	3.25E-02
3.031	3.25E-02
3.032	3.25E-02
3.032	3.25E-02
3.033	3.25E-02
3.033	3.25E-02
3.033	3.25E-02
3.034	3.25E-02
3.034	3.25E-02
3.035	3.25E-02
3.036	3.25E-02
3.036	3.25E-02
3.036	3.25E-02
3.037	3.25E-02
3.037	3.25E-02
3.038	3.25E-02
3.039	3.25E-02
3.039	3.25E-02
3.039	3.25E-02
3.04	3.25E-02
3.04	3.25E-02
3.041	3.25E-02
3.042	3.25E-02
3.042	3.25E-02
3.043	3.24E-02
3.043	3.24E-02
3.043	3.24E-02
3.044	3.24E-02
3.045	3.24E-02
3.045	3.24E-02
3.046	3.24E-02
3.046	3.24E-02
3.046	3.24E-02
3.047	3.24E-02
3.047	3.24E-02
3.048	3.24E-02
3.049	3.24E-02
3.049	3.24E-02
3.049	3.24E-02
3.05	3.24E-02
3.05	3.24E-02
3.051	3.24E-02
3.052	3.24E-02
3.052	3.24E-02
3.053	3.24E-02
3.053	3.24E-02
3.053	3.24E-02
3.054	3.24E-02
3.055	3.24E-02
3.055	3.24E-02
3.056	3.24E-02
3.056	3.24E-02
3.056	3.24E-02
3.057	3.24E-02
3.057	3.24E-02
3.058	3.24E-02
3.059	3.24E-02
3.059	3.24E-02
3.059	3.24E-02
3.06	3.24E-02
3.06	3.24E-02
3.061	3.24E-02
3.062	3.24E-02
3.062	3.24E-02
3.062	3.24E-02
3.063	3.24E-02
3.063	3.24E-02
3.064	3.24E-02
3.065	3.24E-02
3.065	3.24E-02
3.066	3.24E-02
3.066	3.24E-02
3.066	3.24E-02
3.067	3.24E-02
3.068	3.24E-02
3.068	3.24E-02
3.069	3.24E-02
3.069	3.24E-02
3.069	3.24E-02
3.07	3.24E-02
3.07	3.24E-02
3.071	3.24E-02
3.072	3.24E-02
3.072	3.24E-02
3.072	3.24E-02
3.073	3.24E-02
3.073	3.24E-02
3.074	3.24E-02
3.075	3.24E-02
3.075	3.24E-02
3.076	3.24E-02
3.076	3.24E-02
3.076	3.24E-02
3.077	3.24E-02
3.078	3.24E-02
3.078	3.24E-02
3.079	3.24E-02
3.079	3.24E-02
3.079	3.24E-02
3.08	3.24E-02
3.08	3.24E-02
3.081	3.24E-02
3.082	3.24E-02
3.082	3.24E-02
3.082	3.24E-02
3.083	3.24E-02
3.083	3.24E-02
3.084	3.24E-02
3.085	3.24E-02
3.085	3.24E-02
3.086	3.24E-02
3.086	3.24E-02
3.086	3.24E-02
3.087	3.24E-02
3.088	3.24E-02
3.088	3.24E-02
3.089	3.24E-02
3.089	3.24E-02
3.089	3.24E-02
3.09	3.24E-02
3.091	3.24E-02
3.091	3.24E-02
3.092	3.24E-02
3.092	3.24E-02
3.092	3.24E-02
3.093	3.24E-02
3.093	3.24E-02
3.094	3.24E-02
3.095	3.24E-02
3.095	3.24E-02
3.095	3.24E-02
3.096	3.24E-02
3.096	3.24E-02
3.097	3.24E-02
3.098	3.24E-02
3.098	3.24E-02
3.099	3.24E-02
3.099	3.23E-02
3.099	3.23E-02
3.1	3.23E-02
3.101	3.23E-02
3.101	3.23E-02
3.102	3.23E-02
3.102	3.23E-02
3.102	3.23E-02
3.103	3.23E-02
3.103	3.23E-02
3.104	3.23E-02
3.105	3.23E-02
3.105	3.23E-02
3.105	3.23E-02
3.106	3.23E-02
3.106	3.23E-02
3.107	3.23E-02
3.108	3.23E-02
3.108	3.23E-02
3.109	3.23E-02
3.109	3.23E-02
3.109	3.23E-02
3.11	3.23E-02
3.111	3.23E-02
3.111	3.23E-02
3.112	3.23E-02
3.112	3.23E-02
3.112	3.23E-02
3.113	3.23E-02
3.114	3.23E-02
3.114	3.23E-02
3.115	3.23E-02
3.115	3.23E-02
3.115	3.23E-02
3.116	3.23E-02
3.116	3.23E-02
3.117	3.23E-02
3.118	3.23E-02
3.118	3.23E-02
3.118	3.23E-02
3.119	3.23E-02
3.119	3.23E-02
3.12	3.23E-02
3.121	3.23E-02
3.121	3.23E-02
3.122	3.23E-02
3.122	3.23E-02
3.122	3.23E-02
3.123	3.23E-02
3.124	3.23E-02
3.124	3.23E-02
3.125	3.23E-02
3.125	3.23E-02
3.125	3.23E-02
3.126	3.23E-02
3.126	3.23E-02
3.127	3.23E-02
3.128	3.23E-02
3.128	3.23E-02
3.128	3.23E-02
3.129	3.23E-02
3.129	3.23E-02
3.13	3.23E-02
3.131	3.23E-02
3.131	3.23E-02
3.132	3.23E-02
3.132	3.23E-02
3.132	3.23E-02
3.133	3.23E-02
3.134	3.23E-02
3.134	3.23E-02
3.135	3.23E-02
3.135	3.23E-02
3.135	3.23E-02
3.136	3.23E-02
3.136	3.23E-02
3.137	3.23E-02
3.138	3.23E-02
3.138	3.23E-02
3.138	3.23E-02
3.139	3.23E-02
3.139	3.23E-02
3.14	3.23E-02
3.141	3.23E-02
3.141	3.23E-02
3.141	3.23E-02
3.142	3.23E-02
3.142	3.23E-02
3.143	3.23E-02
3.144	3.23E-02
3.144	3.23E-02
3.145	3.23E-02
3.145	3.23E-02
3.145	3.23E-02
3.146	3.23E-02
3.147	3.23E-02
3.147	3.23E-02
3.148	3.23E-02
3.148	3.23E-02
3.148	3.23E-02
3.149	3.23E-02
3.149	3.23E-02
3.15	3.23E-02
3.151	3.23E-02
3.151	3.23E-02
3.151	3.23E-02
3.152	3.23E-02
3.152	3.23E-02
3.153	3.23E-02
3.154	3.22E-02
3.154	3.22E-02
3.155	3.22E-02
3.155	3.22E-02
3.155	3.22E-02
3.156	3.22E-02
3.157	3.22E-02
3.157	3.22E-02
3.158	3.22E-02
3.158	3.22E-02
3.158	3.22E-02
3.159	3.22E-02
3.159	3.22E-02
3.16	3.22E-02
3.161	3.22E-02
3.161	3.22E-02
3.161	3.22E-02
3.162	3.22E-02
3.162	3.22E-02
3.163	3.22E-02
3.164	3.22E-02
3.164	3.22E-02
3.164	3.22E-02
3.165	3.22E-02
3.165	3.22E-02
3.166	3.22E-02
3.167	3.22E-02
3.167	3.22E-02
3.168	3.22E-02
3.168	3.22E-02
3.168	3.22E-02
3.169	3.22E-02
3.17	3.22E-02
3.17	3.22E-02
3.171	3.22E-02
3.171	3.22E-02
3.171	3.22E-02
3.172	3.22E-02
3.172	3.22E-02
3.173	3.22E-02
3.174	3.22E-02
3.174	3.22E-02
3.174	3.22E-02
3.175	3.22E-02
3.175	3.22E-02
3.176	3.22E-02
3.177	3.22E-02
3.177	3.22E-02
3.178	3.22E-02
3.178	3.22E-02
3.178	3.22E-02
3.179	3.22E-02
3.18	3.22E-02
3.18	3.22E-02
3.181	3.22E-02
3.181	3.22E-02
3.181	3.22E-02
3.182	3.22E-02
3.182	3.22E-02
3.183	3.22E-02
3.184	3.22E-02
3.184	3.22E-02
3.184	3.22E-02
3.185	3.22E-02
3.185	3.22E-02
3.186	3.22E-02
3.187	3.22E-02
3.187	3.22E-02
3.188	3.22E-02
3.188	3.22E-02
3.188	3.22E-02
3.189	3.22E-02
3.19	3.22E-02
3.19	3.22E-02
3.191	3.22E-02
3.191	3.22E-02
3.191	3.22E-02
3.192	3.22E-02
3.193	3.22E-02
3.193	3.22E-02
3.194	3.22E-02
3.194	3.22E-02
3.194	3.22E-02
3.195	3.22E-02
3.195	3.22E-02
3.196	3.22E-02
3.197	3.22E-02
3.197	3.22E-02
3.197	3.22E-02
3.198	3.22E-02
3.198	3.22E-02
3.199	3.22E-02
3.2	3.22E-02
3.2	3.22E-02
3.201	3.22E-02
3.201	3.22E-02
3.201	3.22E-02
3.202	3.22E-02
3.203	3.22E-02
3.203	3.22E-02
3.204	3.22E-02
3.204	3.22E-02
3.204	3.22E-02
3.205	3.22E-02
3.205	3.22E-02
3.206	3.22E-02
3.207	3.21E-02
3.207	3.21E-02
3.207	3.21E-02
3.208	3.21E-02
3.208	3.21E-02
3.209	3.21E-02
3.21	3.21E-02
3.21	3.21E-02
3.211	3.21E-02
3.211	3.21E-02
3.211	3.21E-02
3.212	3.21E-02
3.213	3.21E-02
3.213	3.21E-02
3.214	3.21E-02
3.214	3.21E-02
3.214	3.21E-02
3.215	3.21E-02
3.216	3.21E-02
3.216	3.21E-02
3.217	3.21E-02
3.217	3.21E-02
3.217	3.21E-02
3.218	3.21E-02
3.218	3.21E-02
3.219	3.21E-02
3.22	3.21E-02
3.22	3.21E-02
3.22	3.21E-02
3.221	3.21E-02
3.221	3.21E-02
3.222	3.21E-02
3.223	3.21E-02
3.223	3.21E-02
3.224	3.21E-02
3.224	3.21E-02
3.224	3.21E-02
3.225	3.21E-02
3.226	3.21E-02
3.226	3.21E-02
3.227	3.21E-02
3.227	3.21E-02
3.227	3.21E-02
3.228	3.21E-02
3.228	3.21E-02
3.229	3.21E-02
3.23	3.21E-02
3.23	3.21E-02
3.23	3.21E-02
3.231	3.21E-02
3.231	3.21E-02
3.232	3.21E-02
3.233	3.21E-02
3.233	3.21E-02
3.234	3.21E-02
3.234	3.21E-02
3.234	3.21E-02
3.235	3.21E-02
3.236	3.21E-02
3.236	3.21E-02
3.237	3.21E-02
3.237	3.21E-02
3.237	3.21E-02
3.238	3.21E-02
3.239	3.21E-02
3.239	3.21E-02
3.24	3.21E-02
3.24	3.21E-02
3.24	3.21E-02
3.241	3.21E-02
3.241	3.21E-02
3.242	3.21E-02
3.243	3.21E-02
3.243	3.21E-02
3.243	3.21E-02
3.244	3.21E-02
3.244	3.21E-02
3.245	3.21E-02
3.246	3.21E-02
3.246	3.21E-02
3.247	3.21E-02
3.247	3.21E-02
3.247	3.21E-02
3.248	3.21E-02
3.249	3.21E-02
3.249	3.21E-02
3.25	3.21E-02
3.25	3.21E-02
3.25	3.21E-02
3.251	3.21E-02
3.251	3.21E-02
3.252	3.21E-02
3.253	3.21E-02
3.253	3.21E-02
3.253	3.21E-02
3.254	3.21E-02
3.254	3.21E-02
3.255	3.21E-02
3.256	3.21E-02
3.256	3.21E-02
3.257	3.21E-02
3.257	3.21E-02
3.257	3.21E-02
3.258	3.20E-02
3.259	3.20E-02
3.259	3.20E-02
3.26	3.20E-02
3.26	3.20E-02
3.26	3.20E-02
3.261	3.20E-02
3.261	3.20E-02
3.262	3.20E-02
3.263	3.20E-02
3.263	3.20E-02
3.263	3.20E-02
3.264	3.20E-02
3.264	3.20E-02
3.265	3.20E-02
3.266	3.20E-02
3.266	3.20E-02
3.266	3.20E-02
3.267	3.20E-02
3.267	3.20E-02
3.268	3.20E-02
3.269	3.20E-02
3.269	3.20E-02
3.27	3.20E-02
3.27	3.20E-02
3.27	3.20E-02
3.271	3.20E-02
3.272	3.20E-02
3.272	3.20E-02
3.273	3.20E-02
3.273	3.20E-02
3.273	3.20E-02
3.274	3.20E-02
3.274	3.20E-02
3.275	3.20E-02
3.276	3.20E-02
3.276	3.20E-02
3.276	3.20E-02
3.277	3.20E-02
3.277	3.20E-02
3.278	3.20E-02
3.279	3.20E-02
3.279	3.20E-02
3.28	3.20E-02
3.28	3.20E-02
3.28	3.20E-02
3.281	3.20E-02
3.282	3.20E-02
3.282	3.20E-02
3.283	3.20E-02
3.283	3.20E-02
3.283	3.20E-02
3.284	3.20E-02
3.284	3.20E-02
3.285	3.20E-02
3.286	3.20E-02
3.286	3.20E-02
3.286	3.20E-02
3.287	3.20E-02
3.287	3.20E-02
3.288	3.20E-02
3.289	3.20E-02
3.289	3.20E-02
3.289	3.20E-02
3.29	3.20E-02
3.29	3.20E-02
3.291	3.20E-02
3.292	3.20E-02
3.292	3.20E-02
3.293	3.20E-02
3.293	3.20E-02
3.293	3.20E-02
3.294	3.20E-02
3.295	3.20E-02
3.295	3.20E-02
3.296	3.20E-02
3.296	3.20E-02
3.296	3.20E-02
3.297	3.20E-02
3.297	3.20E-02
3.298	3.20E-02
3.299	3.20E-02
3.299	3.20E-02
3.299	3.20E-02
3.3	3.20E-02
3.3	3.20E-02
3.301	3.20E-02
3.302	3.20E-02
3.302	3.20E-02
3.303	3.20E-02
3.303	3.20E-02
3.303	3.20E-02
3.304	3.20E-02
3.305	3.20E-02
3.305	3.20E-02
3.306	3.20E-02
3.306	3.20E-02
3.306	3.20E-02
3.307	3.20E-02
3.307	3.20E-02
3.308	3.19E-02
3.309	3.19E-02
3.309	3.19E-02
3.309	3.19E-02
3.31	3.19E-02
3.31	3.19E-02
3.311	3.19E-02
3.312	3.19E-02
3.312	3.19E-02
3.312	3.19E-02
3.313	3.19E-02
3.313	3.19E-02
3.314	3.19E-02
3.315	3.19E-02
3.315	3.19E-02
3.316	3.19E-02
3.316	3.19E-02
3.316	3.19E-02
3.317	3.19E-02
3.318	3.19E-02
3.318	3.19E-02
3.319	3.19E-02
3.319	3.19E-02
3.319	3.19E-02
3.32	3.19E-02
3.32	3.19E-02
3.321	3.19E-02
3.322	3.19E-02
3.322	3.19E-02
3.322	3.19E-02
3.323	3.19E-02
3.323	3.19E-02
3.324	3.19E-02
3.325	3.19E-02
3.325	3.19E-02
3.326	3.19E-02
3.326	3.19E-02
3.326	3.19E-02
3.327	3.19E-02
3.328	3.19E-02
3.328	3.19E-02
3.329	3.19E-02
3.329	3.19E-02
3.329	3.19E-02
3.33	3.19E-02
3.33	3.19E-02
3.331	3.19E-02
3.332	3.19E-02
3.332	3.19E-02
3.332	3.19E-02
3.333	3.19E-02
3.333	3.19E-02
3.334	3.19E-02
3.335	3.19E-02
3.335	3.19E-02
3.336	3.19E-02
3.336	3.19E-02
3.336	3.19E-02
3.337	3.19E-02
3.338	3.19E-02
3.338	3.19E-02
3.339	3.19E-02
3.339	3.19E-02
3.339	3.19E-02
3.34	3.19E-02
3.341	3.19E-02
3.341	3.19E-02
3.342	3.19E-02
3.342	3.19E-02
3.342	3.19E-02
3.343	3.19E-02
3.343	3.19E-02
3.344	3.19E-02
3.345	3.19E-02
3.345	3.19E-02
3.345	3.19E-02
3.346	3.19E-02
3.346	3.19E-02
3.347	3.19E-02
3.348	3.19E-02
3.348	3.19E-02
3.349	3.19E-02
3.349	3.19E-02
3.349	3.19E-02
3.35	3.19E-02
3.351	3.19E-02
3.351	3.19E-02
3.352	3.19E-02
3.352	3.19E-02
3.352	3.19E-02
3.353	3.19E-02
3.353	3.19E-02
3.354	3.19E-02
3.355	3.19E-02
3.355	3.19E-02
3.355	3.19E-02
3.356	3.19E-02
3.356	3.19E-02
3.357	3.18E-02
3.358	3.18E-02
3.358	3.18E-02
3.359	3.18E-02
3.359	3.18E-02
3.359	3.18E-02
3.36	3.18E-02
3.361	3.18E-02
3.361	3.18E-02
3.362	3.18E-02
3.362	3.18E-02
3.362	3.18E-02
3.363	3.18E-02
3.364	3.18E-02
3.364	3.18E-02
3.365	3.18E-02
3.365	3.18E-02
3.365	3.18E-02
3.366	3.18E-02
3.366	3.18E-02
3.367	3.18E-02
3.368	3.18E-02
3.368	3.18E-02
3.368	3.18E-02
3.369	3.18E-02
3.369	3.18E-02
3.37	3.18E-02
3.371	3.18E-02
3.371	3.18E-02
3.372	3.18E-02
3.372	3.18E-02
3.372	3.18E-02
3.373	3.18E-02
3.374	3.18E-02
3.374	3.18E-02
3.375	3.18E-02
3.375	3.18E-02
3.375	3.18E-02
3.376	3.18E-02
3.376	3.18E-02
3.377	3.18E-02
3.378	3.18E-02
3.378	3.18E-02
3.378	3.18E-02
3.379	3.18E-02
3.379	3.18E-02
3.38	3.18E-02
3.381	3.18E-02
3.381	3.18E-02
3.382	3.18E-02
3.382	3.18E-02
3.382	3.18E-02
3.383	3.18E-02
3.384	3.18E-02
3.384	3.18E-02
3.385	3.18E-02
3.385	3.18E-02
3.385	3.18E-02
3.386	3.18E-02
3.386	3.18E-02
3.387	3.18E-02
3.388	3.18E-02
3.388	3.18E-02
3.388	3.18E-02
3.389	3.18E-02
3.389	3.18E-02
3.39	3.18E-02
3.391	3.18E-02
3.391	3.18E-02
3.391	3.18E-02
3.392	3.18E-02
3.392	3.18E-02
3.393	3.18E-02
3.394	3.18E-02
3.394	3.18E-02
3.395	3.18E-02
3.395	3.18E-02
3.395	3.18E-02
3.396	3.18E-02
3.397	3.18E-02
3.397	3.18E-02
3.398	3.18E-02
3.398	3.18E-02
3.398	3.18E-02
3.399	3.18E-02
3.399	3.18E-02
3.4	3.18E-02
3.401	3.18E-02
3.401	3.18E-02
3.401	3.18E-02
3.402	3.18E-02
3.402	3.18E-02
3.403	3.18E-02
3.404	3.18E-02
3.404	3.18E-02
3.405	3.18E-02
3.405	3.17E-02
3.405	3.17E-02
3.406	3.17E-02
3.407	3.17E-02
3.407	3.17E-02
3.408	3.17E-02
3.408	3.17E-02
3.408	3.17E-02
3.409	3.17E-02
3.409	3.17E-02
3.41	3.17E-02
3.411	3.17E-02
3.411	3.17E-02
3.411	3.17E-02
3.412	3.17E-02
3.412	3.17E-02
3.413	3.17E-02
3.414	3.17E-02
3.414	3.17E-02
3.414	3.17E-02
3.415	3.17E-02
3.415	3.17E-02
3.416	3.17E-02
3.417	3.17E-02
3.417	3.17E-02
3.418	3.17E-02
3.418	3.17E-02
3.418	3.17E-02
3.419	3.17E-02
3.42	3.17E-02
3.42	3.17E-02
3.421	3.17E-02
3.421	3.17E-02
3.421	3.17E-02
3.422	3.17E-02
3.422	3.17E-02
3.423	3.17E-02
3.424	3.17E-02
3.424	3.17E-02
3.424	3.17E-02
3.425	3.17E-02
3.425	3.17E-02
3.426	3.17E-02
3.427	3.17E-02
3.427	3.17E-02
3.428	3.17E-02
3.428	3.17E-02
3.428	3.17E-02
3.429	3.17E-02
3.43	3.17E-02
3.43	3.17E-02
3.431	3.17E-02
3.431	3.17E-02
3.431	3.17E-02
3.432	3.17E-02
3.432	3.17E-02
3.433	3.17E-02
3.434	3.17E-02
3.434	3.17E-02
3.434	3.17E-02
3.435	3.17E-02
3.435	3.17E-02
3.436	3.17E-02
3.437	3.17E-02
3.437	3.17E-02
3.438	3.17E-02
3.438	3.17E-02
3.438	3.17E-02
3.439	3.17E-02
3.44	3.17E-02
3.44	3.17E-02
3.441	3.17E-02
3.441	3.17E-02
3.441	3.17E-02
3.442	3.17E-02
3.443	3.17E-02
3.443	3.17E-02
3.444	3.17E-02
3.444	3.17E-02
3.444	3.17E-02
3.445	3.17E-02
3.445	3.17E-02
3.446	3.17E-02
3.447	3.17E-02
3.447	3.17E-02
3.447	3.17E-02
3.448	3.17E-02
3.448	3.17E-02
3.449	3.17E-02
3.45	3.17E-02
3.45	3.17E-02
3.451	3.17E-02
3.451	3.17E-02
3.451	3.16E-02
3.452	3.16E-02
3.453	3.16E-02
3.453	3.16E-02
3.454	3.16E-02
3.454	3.16E-02
3.454	3.16E-02
3.455	3.16E-02
3.455	3.16E-02
3.456	3.16E-02
3.457	3.16E-02
3.457	3.16E-02
3.457	3.16E-02
3.458	3.16E-02
3.458	3.16E-02
3.459	3.16E-02
3.46	3.16E-02
3.46	3.16E-02
3.461	3.16E-02
3.461	3.16E-02
3.461	3.16E-02
3.462	3.16E-02
3.463	3.16E-02
3.463	3.16E-02
3.464	3.16E-02
3.464	3.16E-02
3.464	3.16E-02
3.465	3.16E-02
3.466	3.16E-02
3.466	3.16E-02
3.467	3.16E-02
3.467	3.16E-02
3.467	3.16E-02
3.468	3.16E-02
3.468	3.16E-02
3.469	3.16E-02
3.47	3.16E-02
3.47	3.16E-02
3.47	3.16E-02
3.471	3.16E-02
3.471	3.16E-02
3.472	3.16E-02
3.473	3.16E-02
3.473	3.16E-02
3.474	3.16E-02
3.474	3.16E-02
3.474	3.16E-02
3.475	3.16E-02
3.476	3.16E-02
3.476	3.16E-02
3.477	3.16E-02
3.477	3.16E-02
3.477	3.16E-02
3.478	3.16E-02
3.478	3.16E-02
3.479	3.16E-02
3.48	3.16E-02
3.48	3.16E-02
3.48	3.16E-02
3.481	3.16E-02
3.481	3.16E-02
3.482	3.16E-02
3.483	3.16E-02
3.483	3.16E-02
3.484	3.16E-02
3.484	3.16E-02
3.484	3.16E-02
3.485	3.16E-02
3.486	3.16E-02
3.486	3.16E-02
3.487	3.16E-02
3.487	3.16E-02
3.487	3.16E-02
3.488	3.16E-02
3.489	3.16E-02
3.489	3.16E-02
3.49	3.16E-02
3.49	3.16E-02
3.49	3.16E-02
3.491	3.16E-02
3.491	3.16E-02
3.492	3.16E-02
3.493	3.16E-02
3.493	3.16E-02
3.493	3.16E-02
3.494	3.16E-02
3.494	3.16E-02
3.495	3.16E-02
3.496	3.16E-02
3.496	3.16E-02
3.497	3.16E-02
3.497	3.16E-02
3.497	3.15E-02
3.498	3.15E-02
3.499	3.15E-02
3.499	3.15E-02
3.5	3.15E-02
3.5	3.15E-02
3.5	3.15E-02
3.501	3.15E-02
3.501	3.15E-02
3.502	3.15E-02
3.503	3.15E-02
3.503	3.15E-02
3.503	3.15E-02
3.504	3.15E-02
3.504	3.15E-02
3.505	3.15E-02
3.506	3.15E-02
3.506	3.15E-02
3.507	3.15E-02
3.507	3.15E-02
3.507	3.15E-02
3.508	3.15E-02
3.509	3.15E-02
3.509	3.15E-02
3.51	3.15E-02
3.51	3.15E-02
3.51	3.15E-02
3.511	3.15E-02
3.511	3.15E-02
3.512	3.15E-02
3.513	3.15E-02
3.513	3.15E-02
3.513	3.15E-02
3.514	3.15E-02
3.514	3.15E-02
3.515	3.15E-02
3.516	3.15E-02
3.516	3.15E-02
3.516	3.15E-02
3.517	3.15E-02
3.517	3.15E-02
3.518	3.15E-02
3.519	3.15E-02
3.519	3.15E-02
3.52	3.15E-02
3.52	3.15E-02
3.52	3.15E-02
3.521	3.15E-02
3.522	3.15E-02
3.522	3.15E-02
3.523	3.15E-02
3.523	3.15E-02
3.523	3.15E-02
3.524	3.15E-02
3.524	3.15E-02
3.525	3.15E-02
3.526	3.15E-02
3.526	3.15E-02
3.526	3.15E-02
3.527	3.15E-02
3.527	3.15E-02
3.528	3.15E-02
3.529	3.15E-02
3.529	3.15E-02
3.53	3.15E-02
3.53	3.15E-02
3.53	3.15E-02
3.531	3.15E-02
3.532	3.15E-02
3.532	3.15E-02
3.533	3.15E-02
3.533	3.15E-02
3.533	3.15E-02
3.534	3.15E-02
3.534	3.15E-02
3.535	3.15E-02
3.536	3.15E-02
3.536	3.15E-02
3.536	3.15E-02
3.537	3.15E-02
3.537	3.15E-02
3.538	3.15E-02
3.539	3.15E-02
3.539	3.15E-02
3.539	3.15E-02
3.54	3.15E-02
3.54	3.15E-02
3.541	3.15E-02
3.542	3.15E-02
3.542	3.15E-02
3.543	3.14E-02
3.543	3.14E-02
3.543	3.14E-02
3.544	3.14E-02
3.545	3.14E-02
3.545	3.14E-02
3.546	3.14E-02
3.546	3.14E-02
3.546	3.14E-02
3.547	3.14E-02
3.547	3.14E-02
3.548	3.14E-02
3.549	3.14E-02
3.549	3.14E-02
3.549	3.14E-02
3.55	3.14E-02
3.55	3.14E-02
3.551	3.14E-02
3.552	3.14E-02
3.552	3.14E-02
3.553	3.14E-02
3.553	3.14E-02
3.553	3.14E-02
3.554	3.14E-02
3.555	3.14E-02
3.555	3.14E-02
3.556	3.14E-02
3.556	3.14E-02
3.556	3.14E-02
3.557	3.14E-02
3.557	3.14E-02
3.558	3.14E-02
3.559	3.14E-02
3.559	3.14E-02
3.559	3.14E-02
3.56	3.14E-02
3.56	3.14E-02
3.561	3.14E-02
3.562	3.14E-02
3.562	3.14E-02
3.562	3.14E-02
3.563	3.14E-02
3.563	3.14E-02
3.564	3.14E-02
3.565	3.14E-02
3.565	3.14E-02
3.566	3.14E-02
3.566	3.14E-02
3.566	3.14E-02
3.567	3.14E-02
3.568	3.14E-02
3.568	3.14E-02
3.569	3.14E-02
3.569	3.14E-02
3.569	3.14E-02
3.57	3.14E-02
3.57	3.14E-02
3.571	3.14E-02
3.572	3.14E-02
3.572	3.14E-02
3.572	3.14E-02
3.573	3.14E-02
3.573	3.14E-02
3.574	3.14E-02
3.575	3.14E-02
3.575	3.14E-02
3.576	3.14E-02
3.576	3.14E-02
3.576	3.14E-02
3.577	3.14E-02
3.578	3.14E-02
3.578	3.14E-02
3.579	3.14E-02
3.579	3.14E-02
3.579	3.14E-02
3.58	3.14E-02
3.58	3.14E-02
3.581	3.14E-02
3.582	3.14E-02
3.582	3.14E-02
3.582	3.14E-02
3.583	3.14E-02
3.583	3.14E-02
3.584	3.14E-02
3.585	3.14E-02
3.585	3.14E-02
3.586	3.14E-02
3.586	3.14E-02
3.586	3.13E-02
3.587	3.13E-02
3.588	3.13E-02
3.588	3.13E-02
3.589	3.13E-02
3.589	3.13E-02
3.589	3.13E-02
3.59	3.13E-02
3.591	3.13E-02
3.591	3.13E-02
3.592	3.13E-02
3.592	3.13E-02
3.592	3.13E-02
3.593	3.13E-02
3.593	3.13E-02
3.594	3.13E-02
3.595	3.13E-02
3.595	3.13E-02
3.595	3.13E-02
3.596	3.13E-02
3.596	3.13E-02
3.597	3.13E-02
3.598	3.13E-02
3.598	3.13E-02
3.599	3.13E-02
3.599	3.13E-02
3.599	3.13E-02
3.6	3.13E-02
3.601	3.13E-02
3.601	3.13E-02
3.602	3.13E-02
3.602	3.13E-02
3.602	3.13E-02
3.603	3.13E-02
3.603	3.13E-02
3.604	3.13E-02
3.605	3.13E-02
3.605	3.13E-02
3.605	3.13E-02
3.606	3.13E-02
3.606	3.13E-02
3.607	3.13E-02
3.608	3.13E-02
3.608	3.13E-02
3.609	3.13E-02
3.609	3.13E-02
3.609	3.13E-02
3.61	3.13E-02
3.611	3.13E-02
3.611	3.13E-02
3.612	3.13E-02
3.612	3.13E-02
3.612	3.13E-02
3.613	3.13E-02
3.614	3.13E-02
3.614	3.13E-02
3.615	3.13E-02
3.615	3.13E-02
3.615	3.13E-02
3.616	3.13E-02
3.616	3.13E-02
3.617	3.13E-02
3.618	3.13E-02
3.618	3.13E-02
3.618	3.13E-02
3.619	3.13E-02
3.619	3.13E-02
3.62	3.13E-02
3.621	3.13E-02
3.621	3.13E-02
3.622	3.13E-02
3.622	3.13E-02
3.622	3.13E-02
3.623	3.13E-02
3.624	3.13E-02
3.624	3.13E-02
3.625	3.13E-02
3.625	3.13E-02
3.625	3.13E-02
3.626	3.13E-02
3.626	3.13E-02
3.627	3.13E-02
3.628	3.13E-02
3.628	3.13E-02
3.628	3.13E-02
3.629	3.13E-02
3.629	3.12E-02
3.63	3.12E-02
3.631	3.12E-02
3.631	3.12E-02
3.632	3.12E-02
3.632	3.12E-02
3.632	3.12E-02
3.633	3.12E-02
3.634	3.12E-02
3.634	3.12E-02
3.635	3.12E-02
3.635	3.12E-02
3.635	3.12E-02
3.636	3.12E-02
3.636	3.12E-02
3.637	3.12E-02
3.638	3.12E-02
3.638	3.12E-02
3.638	3.12E-02
3.639	3.12E-02
3.639	3.12E-02
3.64	3.12E-02
3.641	3.12E-02
3.641	3.12E-02
3.641	3.12E-02
3.642	3.12E-02
3.642	3.12E-02
3.643	3.12E-02
3.644	3.12E-02
3.644	3.12E-02
3.645	3.12E-02
3.645	3.12E-02
3.645	3.12E-02
3.646	3.12E-02
3.647	3.12E-02
3.647	3.12E-02
3.648	3.12E-02
3.648	3.12E-02
3.648	3.12E-02
3.649	3.12E-02
3.649	3.12E-02
3.65	3.12E-02
3.651	3.12E-02
3.651	3.12E-02
3.651	3.12E-02
3.652	3.12E-02
3.652	3.12E-02
3.653	3.12E-02
3.654	3.12E-02
3.654	3.12E-02
3.655	3.12E-02
3.655	3.12E-02
3.655	3.12E-02
3.656	3.12E-02
3.657	3.12E-02
3.657	3.12E-02
3.658	3.12E-02
3.658	3.12E-02
3.658	3.12E-02
3.659	3.12E-02
3.659	3.12E-02
3.66	3.12E-02
3.661	3.12E-02
3.661	3.12E-02
3.661	3.12E-02
3.662	3.12E-02
3.662	3.12E-02
3.663	3.12E-02
3.664	3.12E-02
3.664	3.12E-02
3.664	3.12E-02
3.665	3.12E-02
3.665	3.12E-02
3.666	3.12E-02
3.667	3.12E-02
3.667	3.12E-02
3.668	3.12E-02
3.668	3.12E-02
3.668	3.12E-02
3.669	3.12E-02
3.67	3.12E-02
3.67	3.12E-02
3.671	3.12E-02
3.671	3.12E-02
3.671	3.12E-02
3.672	3.11E-02
3.672	3.11E-02
3.673	3.11E-02
3.674	3.11E-02
3.674	3.11E-02
3.674	3.11E-02
3.675	3.11E-02
3.675	3.11E-02
3.676	3.11E-02
3.677	3.11E-02
3.677	3.11E-02
3.678	3.11E-02
3.678	3.11E-02
3.678	3.11E-02
3.679	3.11E-02
3.68	3.11E-02
3.68	3.11E-02
3.681	3.11E-02
3.681	3.11E-02
3.681	3.11E-02
3.682	3.11E-02
3.682	3.11E-02
3.683	3.11E-02
3.684	3.11E-02
3.684	3.11E-02
3.684	3.11E-02
3.685	3.11E-02
3.685	3.11E-02
3.686	3.11E-02
3.687	3.11E-02
3.687	3.11E-02
3.688	3.11E-02
3.688	3.11E-02
3.688	3.11E-02
3.689	3.11E-02
3.69	3.11E-02
3.69	3.11E-02
3.691	3.11E-02
3.691	3.11E-02
3.691	3.11E-02
3.692	3.11E-02
3.693	3.11E-02
3.693	3.11E-02
3.694	3.11E-02
3.694	3.11E-02
3.694	3.11E-02
3.695	3.11E-02
3.695	3.11E-02
3.696	3.11E-02
3.697	3.11E-02
3.697	3.11E-02
3.697	3.11E-02
3.698	3.11E-02
3.698	3.11E-02
3.699	3.11E-02
3.7	3.11E-02
3.7	3.11E-02
3.701	3.11E-02
3.701	3.11E-02
3.701	3.11E-02
3.702	3.11E-02
3.703	3.11E-02
3.703	3.11E-02
3.704	3.11E-02
3.704	3.11E-02
3.704	3.11E-02
3.705	3.11E-02
3.705	3.11E-02
3.706	3.11E-02
3.707	3.11E-02
3.707	3.11E-02
3.707	3.11E-02
3.708	3.11E-02
3.708	3.11E-02
3.709	3.11E-02
3.71	3.11E-02
3.71	3.11E-02
3.711	3.11E-02
3.711	3.11E-02
3.711	3.11E-02
3.712	3.11E-02
3.713	3.11E-02
3.713	3.11E-02
3.714	3.10E-02
3.714	3.10E-02
3.714	3.10E-02
3.715	3.10E-02
3.716	3.10E-02
3.716	3.10E-02
3.717	3.10E-02
3.717	3.10E-02
3.717	3.10E-02
3.718	3.10E-02
3.718	3.10E-02
3.719	3.10E-02
3.72	3.10E-02
3.72	3.10E-02
3.72	3.10E-02
3.721	3.10E-02
3.721	3.10E-02
3.722	3.10E-02
3.723	3.10E-02
3.723	3.10E-02
3.724	3.10E-02
3.724	3.10E-02
3.724	3.10E-02
3.725	3.10E-02
3.726	3.10E-02
3.726	3.10E-02
3.727	3.10E-02
3.727	3.10E-02
3.727	3.10E-02
3.728	3.10E-02
3.728	3.10E-02
3.729	3.10E-02
3.73	3.10E-02
3.73	3.10E-02
3.73	3.10E-02
3.731	3.10E-02
3.731	3.10E-02
3.732	3.10E-02
3.733	3.10E-02
3.733	3.10E-02
3.734	3.10E-02
3.734	3.10E-02
3.734	3.10E-02
3.735	3.10E-02
3.736	3.10E-02
3.736	3.10E-02
3.737	3.10E-02
3.737	3.10E-02
3.737	3.10E-02
3.738	3.10E-02
3.739	3.10E-02
3.739	3.10E-02
3.74	3.10E-02
3.74	3.10E-02
3.74	3.10E-02
3.741	3.10E-02
3.741	3.10E-02
3.742	3.10E-02
3.743	3.10E-02
3.743	3.10E-02
3.743	3.10E-02
3.744	3.10E-02
3.744	3.10E-02
3.745	3.10E-02
3.746	3.10E-02
3.746	3.10E-02
3.747	3.10E-02
3.747	3.10E-02
3.747	3.10E-02
3.748	3.10E-02
3.749	3.10E-02
3.749	3.10E-02
3.75	3.10E-02
3.75	3.10E-02
3.75	3.10E-02
3.751	3.10E-02
3.751	3.10E-02
3.752	3.10E-02
3.753	3.10E-02
3.753	3.10E-02
3.753	3.10E-02
3.754	3.10E-02
3.754	3.09E-02
3.755	3.09E-02
3.756	3.09E-02
3.756	3.09E-02
3.757	3.09E-02
3.757	3.09E-02
3.757	3.09E-02
3.758	3.09E-02
3.759	3.09E-02
3.759	3.09E-02
3.76	3.09E-02
3.76	3.09E-02
3.76	3.09E-02
3.761	3.09E-02
3.761	3.09E-02
3.762	3.09E-02
3.763	3.09E-02
3.763	3.09E-02
3.763	3.09E-02
3.764	3.09E-02
3.764	3.09E-02
3.765	3.09E-02
3.766	3.09E-02
3.766	3.09E-02
3.766	3.09E-02
3.767	3.09E-02
3.767	3.09E-02
3.768	3.09E-02
3.769	3.09E-02
3.769	3.09E-02
3.77	3.09E-02
3.77	3.09E-02
3.77	3.09E-02
3.771	3.09E-02
3.772	3.09E-02
3.772	3.09E-02
3.773	3.09E-02
3.773	3.09E-02
3.773	3.09E-02
3.774	3.09E-02
3.774	3.09E-02
3.775	3.09E-02
3.776	3.09E-02
3.776	3.09E-02
3.776	3.09E-02
3.777	3.09E-02
3.777	3.09E-02
3.778	3.09E-02
3.779	3.09E-02
3.779	3.09E-02
3.78	3.09E-02
3.78	3.09E-02
3.78	3.09E-02
3.781	3.09E-02
3.782	3.09E-02
3.782	3.09E-02
3.783	3.09E-02
3.783	3.09E-02
3.783	3.09E-02
3.784	3.09E-02
3.784	3.09E-02
3.785	3.09E-02
3.786	3.09E-02
3.786	3.09E-02
3.786	3.09E-02
3.787	3.09E-02
3.787	3.09E-02
3.788	3.09E-02
3.789	3.09E-02
3.789	3.09E-02
3.789	3.09E-02
3.79	3.09E-02
3.79	3.09E-02
3.791	3.09E-02
3.792	3.09E-02
3.792	3.09E-02
3.793	3.09E-02
3.793	3.09E-02
3.793	3.09E-02
3.794	3.09E-02
3.795	3.09E-02
3.795	3.08E-02
3.796	3.08E-02
3.796	3.08E-02
3.796	3.08E-02
3.797	3.08E-02
3.797	3.08E-02
3.798	3.08E-02
3.799	3.08E-02
3.799	3.08E-02
3.799	3.08E-02
3.8	3.08E-02
3.8	3.08E-02
3.801	3.08E-02
3.802	3.08E-02
3.802	3.08E-02
3.803	3.08E-02
3.803	3.08E-02
3.803	3.08E-02
3.804	3.08E-02
3.805	3.08E-02
3.805	3.08E-02
3.806	3.08E-02
3.806	3.08E-02
3.806	3.08E-02
3.807	3.08E-02
3.807	3.08E-02
3.808	3.08E-02
3.809	3.08E-02
3.809	3.08E-02
3.809	3.08E-02
3.81	3.08E-02
3.81	3.08E-02
3.811	3.08E-02
3.812	3.08E-02
3.812	3.08E-02
3.812	3.08E-02
3.813	3.08E-02
3.813	3.08E-02
3.814	3.08E-02
3.815	3.08E-02
3.815	3.08E-02
3.816	3.08E-02
3.816	3.08E-02
3.816	3.08E-02
3.817	3.08E-02
3.818	3.08E-02
3.818	3.08E-02
3.819	3.08E-02
3.819	3.08E-02
3.819	3.08E-02
3.82	3.08E-02
3.82	3.08E-02
3.821	3.08E-02
3.822	3.08E-02
3.822	3.08E-02
3.822	3.08E-02
3.823	3.08E-02
3.823	3.08E-02
3.824	3.08E-02
3.825	3.08E-02
3.825	3.08E-02
3.826	3.08E-02
3.826	3.08E-02
3.826	3.08E-02
3.827	3.08E-02
3.828	3.08E-02
3.828	3.08E-02
3.829	3.08E-02
3.829	3.08E-02
3.829	3.08E-02
3.83	3.08E-02
3.83	3.08E-02
3.831	3.08E-02
3.832	3.08E-02
3.832	3.08E-02
3.832	3.08E-02
3.833	3.08E-02
3.833	3.08E-02
3.834	3.08E-02
3.835	3.08E-02
3.835	3.07E-02
3.836	3.07E-02
3.836	3.07E-02
3.836	3.07E-02
3.837	3.07E-02
3.838	3.07E-02
3.838	3.07E-02
3.839	3.07E-02
3.839	3.07E-02
3.839	3.07E-02
3.84	3.07E-02
3.841	3.07E-02
3.841	3.07E-02
3.842	3.07E-02
3.842	3.07E-02
3.842	3.07E-02
3.843	3.07E-02
3.843	3.07E-02
3.844	3.07E-02
3.845	3.07E-02
3.845	3.07E-02
3.845	3.07E-02
3.846	3.07E-02
3.846	3.07E-02
3.847	3.07E-02
3.848	3.07E-02
3.848	3.07E-02
3.849	3.07E-02
3.849	3.07E-02
3.849	3.07E-02
3.85	3.07E-02
3.851	3.07E-02
3.851	3.07E-02
3.852	3.07E-02
3.852	3.07E-02
3.852	3.07E-02
3.853	3.07E-02
3.853	3.07E-02
3.854	3.07E-02
3.855	3.07E-02
3.855	3.07E-02
3.855	3.07E-02
3.856	3.07E-02
3.856	3.07E-02
3.857	3.07E-02
3.858	3.07E-02
3.858	3.07E-02
3.859	3.07E-02
3.859	3.07E-02
3.859	3.07E-02
3.86	3.07E-02
3.861	3.07E-02
3.861	3.07E-02
3.862	3.07E-02
3.862	3.07E-02
3.862	3.07E-02
3.863	3.07E-02
3.864	3.07E-02
3.864	3.07E-02
3.865	3.07E-02
3.865	3.07E-02
3.865	3.07E-02
3.866	3.07E-02
3.866	3.07E-02
3.867	3.07E-02
3.868	3.07E-02
3.868	3.07E-02
3.868	3.07E-02
3.869	3.07E-02
3.869	3.07E-02
3.87	3.07E-02
3.871	3.07E-02
3.871	3.07E-02
3.872	3.07E-02
3.872	3.07E-02
3.872	3.07E-02
3.873	3.07E-02
3.874	3.07E-02
3.874	3.06E-02
3.875	3.06E-02
3.875	3.06E-02
3.875	3.06E-02
3.876	3.06E-02
3.876	3.06E-02
3.877	3.06E-02
3.878	3.06E-02
3.878	3.06E-02
3.878	3.06E-02
3.879	3.06E-02
3.879	3.06E-02
3.88	3.06E-02
3.881	3.06E-02
3.881	3.06E-02
3.882	3.06E-02
3.882	3.06E-02
3.882	3.06E-02
3.883	3.06E-02
3.884	3.06E-02
3.884	3.06E-02
3.885	3.06E-02
3.885	3.06E-02
3.885	3.06E-02
3.886	3.06E-02
3.886	3.06E-02
3.887	3.06E-02
3.888	3.06E-02
3.888	3.06E-02
3.888	3.06E-02
3.889	3.06E-02
3.889	3.06E-02
3.89	3.06E-02
3.891	3.06E-02
3.891	3.06E-02
3.891	3.06E-02
3.892	3.06E-02
3.892	3.06E-02
3.893	3.06E-02
3.894	3.06E-02
3.894	3.06E-02
3.895	3.06E-02
3.895	3.06E-02
3.895	3.06E-02
3.896	3.06E-02
3.897	3.06E-02
3.897	3.06E-02
3.898	3.06E-02
3.898	3.06E-02
3.898	3.06E-02
3.899	3.06E-02
3.899	3.06E-02
3.9	3.06E-02
3.901	3.06E-02
3.901	3.06E-02
3.901	3.06E-02
3.902	3.06E-02
3.902	3.06E-02
3.903	3.06E-02
3.904	3.06E-02
3.904	3.06E-02
3.905	3.06E-02
3.905	3.06E-02
3.905	3.06E-02
3.906	3.06E-02
3.907	3.06E-02
3.907	3.06E-02
3.908	3.06E-02
3.908	3.06E-02
3.908	3.06E-02
3.909	3.06E-02
3.909	3.06E-02
3.91	3.06E-02
3.911	3.06E-02
3.911	3.06E-02
3.911	3.06E-02
3.912	3.06E-02
3.912	3.06E-02
3.913	3.05E-02
3.914	3.05E-02
3.914	3.05E-02
3.914	3.05E-02
3.915	3.05E-02
3.915	3.05E-02
3.916	3.05E-02
3.917	3.05E-02
3.917	3.05E-02
3.918	3.05E-02
3.918	3.05E-02
3.918	3.05E-02
3.919	3.05E-02
3.92	3.05E-02
3.92	3.05E-02
3.921	3.05E-02
3.921	3.05E-02
3.921	3.05E-02
3.922	3.05E-02
3.922	3.05E-02
3.923	3.05E-02
3.924	3.05E-02
3.924	3.05E-02
3.924	3.05E-02
3.925	3.05E-02
3.925	3.05E-02
3.926	3.05E-02
3.927	3.05E-02
3.927	3.05E-02
3.928	3.05E-02
3.928	3.05E-02
3.928	3.05E-02
3.929	3.05E-02
3.93	3.05E-02
3.93	3.05E-02
3.931	3.05E-02
3.931	3.05E-02
3.931	3.05E-02
3.932	3.05E-02
3.932	3.05E-02
3.933	3.05E-02
3.934	3.05E-02
3.934	3.05E-02
3.934	3.05E-02
3.935	3.05E-02
3.935	3.05E-02
3.936	3.05E-02
3.937	3.05E-02
3.937	3.05E-02
3.938	3.05E-02
3.938	3.05E-02
3.938	3.05E-02
3.939	3.05E-02
3.94	3.05E-02
3.94	3.05E-02
3.941	3.05E-02
3.941	3.05E-02
3.941	3.05E-02
3.942	3.05E-02
3.943	3.05E-02
3.943	3.05E-02
3.944	3.05E-02
3.944	3.05E-02
3.944	3.05E-02
3.945	3.05E-02
3.945	3.05E-02
3.946	3.05E-02
3.947	3.05E-02
3.947	3.05E-02
3.947	3.05E-02
3.948	3.05E-02
3.948	3.05E-02
3.949	3.05E-02
3.95	3.05E-02
3.95	3.05E-02
3.951	3.05E-02
3.951	3.04E-02
3.951	3.04E-02
3.952	3.04E-02
3.953	3.04E-02
3.953	3.04E-02
3.954	3.04E-02
3.954	3.04E-02
3.954	3.04E-02
3.955	3.04E-02
3.955	3.04E-02
3.956	3.04E-02
3.957	3.04E-02
3.957	3.04E-02
3.957	3.04E-02
3.958	3.04E-02
3.958	3.04E-02
3.959	3.04E-02
3.96	3.04E-02
3.96	3.04E-02
3.961	3.04E-02
3.961	3.04E-02
3.961	3.04E-02
3.962	3.04E-02
3.963	3.04E-02
3.963	3.04E-02
3.964	3.04E-02
3.964	3.04E-02
3.964	3.04E-02
3.965	3.04E-02
3.966	3.04E-02
3.966	3.04E-02
3.967	3.04E-02
3.967	3.04E-02
3.967	3.04E-02
3.968	3.04E-02
3.968	3.04E-02
3.969	3.04E-02
3.97	3.04E-02
3.97	3.04E-02
3.97	3.04E-02
3.971	3.04E-02
3.971	3.04E-02
3.972	3.04E-02
3.973	3.04E-02
3.973	3.04E-02
3.974	3.04E-02
3.974	3.04E-02
3.974	3.04E-02
3.975	3.04E-02
3.976	3.04E-02
3.976	3.04E-02
3.977	3.04E-02
3.977	3.04E-02
3.977	3.04E-02
3.978	3.04E-02
3.978	3.04E-02
3.979	3.04E-02
3.98	3.04E-02
3.98	3.04E-02
3.98	3.04E-02
3.981	3.04E-02
3.981	3.04E-02
3.982	3.04E-02
3.983	3.04E-02
3.983	3.04E-02
3.984	3.04E-02
3.984	3.04E-02
3.984	3.04E-02
3.985	3.04E-02
3.986	3.04E-02
3.986	3.04E-02
3.987	3.04E-02
3.987	3.04E-02
3.987	3.04E-02
3.988	3.04E-02
3.989	3.03E-02
3.989	3.03E-02
3.99	3.03E-02
3.99	3.03E-02
3.99	3.03E-02
3.991	3.03E-02
3.991	3.03E-02
3.992	3.03E-02
3.993	3.03E-02
3.993	3.03E-02
3.993	3.03E-02
3.994	3.03E-02
3.994	3.03E-02
3.995	3.03E-02
3.996	3.03E-02
3.996	3.03E-02
3.997	3.03E-02
3.997	3.03E-02
3.997	3.03E-02
3.998	3.03E-02
3.999	3.03E-02
3.999	3.03E-02
4	3.03E-02
4	3.03E-02
4.001	3.03E-02
4.001	3.03E-02
4.002	3.03E-02
4.002	3.03E-02
4.003	3.03E-02
4.003	3.03E-02
4.003	3.03E-02
4.004	3.03E-02
4.004	3.03E-02
4.005	3.03E-02
4.005	3.03E-02
4.006	3.03E-02
4.006	3.03E-02
4.007	3.03E-02
4.008	3.03E-02
4.008	3.03E-02
4.009	3.03E-02
4.009	3.03E-02
4.01	3.03E-02
4.01	3.03E-02
4.01	3.03E-02
4.011	3.03E-02
4.011	3.03E-02
4.012	3.03E-02
4.012	3.03E-02
4.013	3.03E-02
4.014	3.03E-02
4.014	3.03E-02
4.015	3.03E-02
4.015	3.03E-02
4.016	3.03E-02
4.016	3.03E-02
4.016	3.03E-02
4.017	3.03E-02
4.017	3.03E-02
4.018	3.03E-02
4.018	3.03E-02
4.019	3.03E-02
4.019	3.03E-02
4.02	3.03E-02
4.021	3.03E-02
4.021	3.03E-02
4.022	3.03E-02
4.022	3.03E-02
4.023	3.03E-02
4.023	3.03E-02
4.023	3.03E-02
4.024	3.03E-02
4.024	3.03E-02
4.025	3.03E-02
4.025	3.02E-02
4.026	3.02E-02
4.027	3.02E-02
4.027	3.02E-02
4.028	3.02E-02
4.028	3.02E-02
4.029	3.02E-02
4.029	3.02E-02
4.03	3.02E-02
4.03	3.02E-02
4.03	3.02E-02
4.031	3.02E-02
4.031	3.02E-02
4.032	3.02E-02
4.032	3.02E-02
4.033	3.02E-02
4.034	3.02E-02
4.034	3.02E-02
4.035	3.02E-02
4.035	3.02E-02
4.036	3.02E-02
4.036	3.02E-02
4.036	3.02E-02
4.037	3.02E-02
4.037	3.02E-02
4.038	3.02E-02
4.038	3.02E-02
4.039	3.02E-02
4.04	3.02E-02
4.04	3.02E-02
4.041	3.02E-02
4.041	3.02E-02
4.042	3.02E-02
4.042	3.02E-02
4.043	3.02E-02
4.043	3.02E-02
4.043	3.02E-02
4.044	3.02E-02
4.044	3.02E-02
4.045	3.02E-02
4.045	3.02E-02
4.046	3.02E-02
4.047	3.02E-02
4.047	3.02E-02
4.048	3.02E-02
4.048	3.02E-02
4.049	3.02E-02
4.049	3.02E-02
4.049	3.02E-02
4.05	3.02E-02
4.05	3.02E-02
4.051	3.02E-02
4.051	3.02E-02
4.052	3.02E-02
4.052	3.02E-02
4.053	3.02E-02
4.054	3.02E-02
4.054	3.02E-02
4.055	3.02E-02
4.055	3.02E-02
4.056	3.02E-02
4.056	3.02E-02
4.056	3.02E-02
4.057	3.02E-02
4.057	3.02E-02
4.058	3.02E-02
4.058	3.02E-02
4.059	3.02E-02
4.06	3.02E-02
4.06	3.02E-02
4.061	3.02E-02
4.061	3.02E-02
4.062	3.02E-02
4.062	3.02E-02
4.062	3.01E-02
4.063	3.01E-02
4.063	3.01E-02
4.064	3.01E-02
4.064	3.01E-02
4.065	3.01E-02
4.065	3.01E-02
4.066	3.01E-02
4.067	3.01E-02
4.067	3.01E-02
4.068	3.01E-02
4.068	3.01E-02
4.069	3.01E-02
4.069	3.01E-02
4.069	3.01E-02
4.07	3.01E-02
4.07	3.01E-02
4.071	3.01E-02
4.071	3.01E-02
4.072	3.01E-02
4.073	3.01E-02
4.073	3.01E-02
4.074	3.01E-02
4.074	3.01E-02
4.075	3.01E-02
4.075	3.01E-02
4.076	3.01E-02
4.076	3.01E-02
4.076	3.01E-02
4.077	3.01E-02
4.077	3.01E-02
4.078	3.01E-02
4.078	3.01E-02
4.079	3.01E-02
4.08	3.01E-02
4.08	3.01E-02
4.081	3.01E-02
4.081	3.01E-02
4.082	3.01E-02
4.082	3.01E-02
4.082	3.01E-02
4.083	3.01E-02
4.083	3.01E-02
4.084	3.01E-02
4.084	3.01E-02
4.085	3.01E-02
4.085	3.01E-02
4.086	3.01E-02
4.087	3.01E-02
4.087	3.01E-02
4.088	3.01E-02
4.088	3.01E-02
4.089	3.01E-02
4.089	3.01E-02
4.089	3.01E-02
4.09	3.01E-02
4.09	3.01E-02
4.091	3.01E-02
4.091	3.01E-02
4.092	3.01E-02
4.093	3.01E-02
4.093	3.01E-02
4.094	3.01E-02
4.094	3.01E-02
4.095	3.01E-02
4.095	3.01E-02
4.095	3.01E-02
4.096	3.01E-02
4.096	3.01E-02
4.097	3.01E-02
4.097	3.01E-02
4.098	3.01E-02
4.098	3.00E-02
4.099	3.00E-02
4.1	3.00E-02
4.1	3.00E-02
4.101	3.00E-02
4.101	3.00E-02
4.102	3.00E-02
4.102	3.00E-02
4.102	3.00E-02
4.103	3.00E-02
4.103	3.00E-02
4.104	3.00E-02
4.104	3.00E-02
4.105	3.00E-02
4.106	3.00E-02
4.106	3.00E-02
4.107	3.00E-02
4.107	3.00E-02
4.108	3.00E-02
4.108	3.00E-02
4.109	3.00E-02
4.109	3.00E-02
4.109	3.00E-02
4.11	3.00E-02
4.11	3.00E-02
4.111	3.00E-02
4.111	3.00E-02
4.112	3.00E-02
4.113	3.00E-02
4.113	3.00E-02
4.114	3.00E-02
4.114	3.00E-02
4.115	3.00E-02
4.115	3.00E-02
4.115	3.00E-02
4.116	3.00E-02
4.116	3.00E-02
4.117	3.00E-02
4.117	3.00E-02
4.118	3.00E-02
4.119	3.00E-02
4.119	3.00E-02
4.12	3.00E-02
4.12	3.00E-02
4.121	3.00E-02
4.121	3.00E-02
4.122	3.00E-02
4.122	3.00E-02
4.122	3.00E-02
4.123	3.00E-02
4.123	3.00E-02
4.124	3.00E-02
4.124	3.00E-02
4.125	3.00E-02
4.126	3.00E-02
4.126	3.00E-02
4.127	3.00E-02
4.127	3.00E-02
4.128	3.00E-02
4.128	3.00E-02
4.128	3.00E-02
4.129	3.00E-02
4.129	3.00E-02
4.13	3.00E-02
4.13	3.00E-02
4.131	3.00E-02
4.131	3.00E-02
4.132	3.00E-02
4.133	3.00E-02
4.133	3.00E-02
4.134	3.00E-02
4.134	3.00E-02
4.135	2.99E-02
4.135	2.99E-02
4.135	2.99E-02
4.136	2.99E-02
4.136	2.99E-02
4.137	2.99E-02
4.137	2.99E-02
4.138	2.99E-02
4.139	2.99E-02
4.139	2.99E-02
4.14	2.99E-02
4.14	2.99E-02
4.141	2.99E-02
4.141	2.99E-02
4.141	2.99E-02
4.142	2.99E-02
4.142	2.99E-02
4.143	2.99E-02
4.143	2.99E-02
4.144	2.99E-02
4.144	2.99E-02
4.145	2.99E-02
4.146	2.99E-02
4.146	2.99E-02
4.147	2.99E-02
4.147	2.99E-02
4.148	2.99E-02
4.148	2.99E-02
4.148	2.99E-02
4.149	2.99E-02
4.149	2.99E-02
4.15	2.99E-02
4.15	2.99E-02
4.151	2.99E-02
4.152	2.99E-02
4.152	2.99E-02
4.153	2.99E-02
4.153	2.99E-02
4.154	2.99E-02
4.154	2.99E-02
4.155	2.99E-02
4.155	2.99E-02
4.155	2.99E-02
4.156	2.99E-02
4.156	2.99E-02
4.157	2.99E-02
4.157	2.99E-02
4.158	2.99E-02
4.159	2.99E-02
4.159	2.99E-02
4.16	2.99E-02
4.16	2.99E-02
4.161	2.99E-02
4.161	2.99E-02
4.161	2.99E-02
4.162	2.99E-02
4.162	2.99E-02
4.163	2.99E-02
4.163	2.99E-02
4.164	2.99E-02
4.165	2.99E-02
4.165	2.99E-02
4.166	2.99E-02
4.166	2.99E-02
4.167	2.99E-02
4.167	2.99E-02
4.168	2.99E-02
4.168	2.99E-02
4.168	2.99E-02
4.169	2.99E-02
4.169	2.99E-02
4.17	2.98E-02
4.17	2.98E-02
4.171	2.98E-02
4.172	2.98E-02
4.172	2.98E-02
4.173	2.98E-02
4.173	2.98E-02
4.174	2.98E-02
4.174	2.98E-02
4.174	2.98E-02
4.175	2.98E-02
4.175	2.98E-02
4.176	2.98E-02
4.176	2.98E-02
4.177	2.98E-02
4.177	2.98E-02
4.178	2.98E-02
4.179	2.98E-02
4.179	2.98E-02
4.18	2.98E-02
4.18	2.98E-02
4.181	2.98E-02
4.181	2.98E-02
4.181	2.98E-02
4.182	2.98E-02
4.182	2.98E-02
4.183	2.98E-02
4.183	2.98E-02
4.184	2.98E-02
4.185	2.98E-02
4.185	2.98E-02
4.186	2.98E-02
4.186	2.98E-02
4.187	2.98E-02
4.187	2.98E-02
4.188	2.98E-02
4.188	2.98E-02
4.188	2.98E-02
4.189	2.98E-02
4.189	2.98E-02
4.19	2.98E-02
4.19	2.98E-02
4.191	2.98E-02
4.192	2.98E-02
4.192	2.98E-02
4.193	2.98E-02
4.193	2.98E-02
4.194	2.98E-02
4.194	2.98E-02
4.194	2.98E-02
4.195	2.98E-02
4.195	2.98E-02
4.196	2.98E-02
4.196	2.98E-02
4.197	2.98E-02
4.198	2.98E-02
4.198	2.98E-02
4.199	2.98E-02
4.199	2.98E-02
4.2	2.98E-02
4.2	2.98E-02
4.201	2.98E-02
4.201	2.98E-02
4.201	2.98E-02
4.202	2.98E-02
4.202	2.98E-02
4.203	2.98E-02
4.203	2.98E-02
4.204	2.98E-02
4.205	2.98E-02
4.205	2.97E-02
4.206	2.97E-02
4.206	2.97E-02
4.207	2.97E-02
4.207	2.97E-02
4.207	2.97E-02
4.208	2.97E-02
4.208	2.97E-02
4.209	2.97E-02
4.209	2.97E-02
4.21	2.97E-02
4.21	2.97E-02
4.211	2.97E-02
4.212	2.97E-02
4.212	2.97E-02
4.213	2.97E-02
4.213	2.97E-02
4.214	2.97E-02
4.214	2.97E-02
4.214	2.97E-02
4.215	2.97E-02
4.215	2.97E-02
4.216	2.97E-02
4.216	2.97E-02
4.217	2.97E-02
4.218	2.97E-02
4.218	2.97E-02
4.219	2.97E-02
4.219	2.97E-02
4.22	2.97E-02
4.22	2.97E-02
4.22	2.97E-02
4.221	2.97E-02
4.221	2.97E-02
4.222	2.97E-02
4.222	2.97E-02
4.223	2.97E-02
4.223	2.97E-02
4.224	2.97E-02
4.225	2.97E-02
4.225	2.97E-02
4.226	2.97E-02
4.226	2.97E-02
4.227	2.97E-02
4.227	2.97E-02
4.227	2.97E-02
4.228	2.97E-02
4.228	2.97E-02
4.229	2.97E-02
4.229	2.97E-02
4.23	2.97E-02
4.231	2.97E-02
4.231	2.97E-02
4.232	2.97E-02
4.232	2.97E-02
4.233	2.97E-02
4.233	2.97E-02
4.234	2.97E-02
4.234	2.97E-02
4.234	2.97E-02
4.235	2.97E-02
4.235	2.97E-02
4.236	2.97E-02
4.236	2.97E-02
4.237	2.97E-02
4.238	2.97E-02
4.238	2.97E-02
4.239	2.97E-02
4.239	2.97E-02
4.24	2.97E-02
4.24	2.96E-02
4.24	2.96E-02
4.241	2.96E-02
4.241	2.96E-02
4.242	2.96E-02
4.242	2.96E-02
4.243	2.96E-02
4.244	2.96E-02
4.244	2.96E-02
4.245	2.96E-02
4.245	2.96E-02
4.246	2.96E-02
4.246	2.96E-02
4.247	2.96E-02
4.247	2.96E-02
4.247	2.96E-02
4.248	2.96E-02
4.248	2.96E-02
4.249	2.96E-02
4.249	2.96E-02
4.25	2.96E-02
4.251	2.96E-02
4.251	2.96E-02
4.252	2.96E-02
4.252	2.96E-02
4.253	2.96E-02
4.253	2.96E-02
4.253	2.96E-02
4.254	2.96E-02
4.254	2.96E-02
4.255	2.96E-02
4.255	2.96E-02
4.256	2.96E-02
4.256	2.96E-02
4.257	2.96E-02
4.258	2.96E-02
4.258	2.96E-02
4.259	2.96E-02
4.259	2.96E-02
4.26	2.96E-02
4.26	2.96E-02
4.26	2.96E-02
4.261	2.96E-02
4.261	2.96E-02
4.262	2.96E-02
4.262	2.96E-02
4.263	2.96E-02
4.264	2.96E-02
4.264	2.96E-02
4.265	2.96E-02
4.265	2.96E-02
4.266	2.96E-02
4.266	2.96E-02
4.266	2.96E-02
4.267	2.96E-02
4.267	2.96E-02
4.268	2.96E-02
4.268	2.96E-02
4.269	2.96E-02
4.269	2.96E-02
4.27	2.96E-02
4.271	2.96E-02
4.271	2.96E-02
4.272	2.96E-02
4.272	2.96E-02
4.273	2.96E-02
4.273	2.96E-02
4.273	2.96E-02
4.274	2.96E-02
4.274	2.95E-02
4.275	2.95E-02
4.275	2.95E-02
4.276	2.95E-02
4.277	2.95E-02
4.277	2.95E-02
4.278	2.95E-02
4.278	2.95E-02
4.279	2.95E-02
4.279	2.95E-02
4.28	2.95E-02
4.28	2.95E-02
4.28	2.95E-02
4.281	2.95E-02
4.281	2.95E-02
4.282	2.95E-02
4.282	2.95E-02
4.283	2.95E-02
4.284	2.95E-02
4.284	2.95E-02
4.285	2.95E-02
4.285	2.95E-02
4.286	2.95E-02
4.286	2.95E-02
4.286	2.95E-02
4.287	2.95E-02
4.287	2.95E-02
4.288	2.95E-02
4.288	2.95E-02
4.289	2.95E-02
4.29	2.95E-02
4.29	2.95E-02
4.291	2.95E-02
4.291	2.95E-02
4.292	2.95E-02
4.292	2.95E-02
4.293	2.95E-02
4.293	2.95E-02
4.293	2.95E-02
4.294	2.95E-02
4.294	2.95E-02
4.295	2.95E-02
4.295	2.95E-02
4.296	2.95E-02
4.297	2.95E-02
4.297	2.95E-02
4.298	2.95E-02
4.298	2.95E-02
4.299	2.95E-02
4.299	2.95E-02
4.299	2.95E-02
4.3	2.95E-02
4.3	2.95E-02
4.301	2.95E-02
4.301	2.95E-02
4.302	2.95E-02
4.302	2.95E-02
4.303	2.95E-02
4.304	2.95E-02
4.304	2.95E-02
4.305	2.95E-02
4.305	2.95E-02
4.306	2.95E-02
4.306	2.95E-02
4.306	2.95E-02
4.307	2.95E-02
4.307	2.95E-02
4.308	2.95E-02
4.308	2.94E-02
4.309	2.94E-02
4.31	2.94E-02
4.31	2.94E-02
4.311	2.94E-02
4.311	2.94E-02
4.312	2.94E-02
4.312	2.94E-02
4.312	2.94E-02
4.313	2.94E-02
4.313	2.94E-02
4.314	2.94E-02
4.314	2.94E-02
4.315	2.94E-02
4.315	2.94E-02
4.316	2.94E-02
4.317	2.94E-02
4.317	2.94E-02
4.318	2.94E-02
4.318	2.94E-02
4.319	2.94E-02
4.319	2.94E-02
4.319	2.94E-02
4.32	2.94E-02
4.32	2.94E-02
4.321	2.94E-02
4.321	2.94E-02
4.322	2.94E-02
4.323	2.94E-02
4.323	2.94E-02
4.324	2.94E-02
4.324	2.94E-02
4.325	2.94E-02
4.325	2.94E-02
4.326	2.94E-02
4.326	2.94E-02
4.326	2.94E-02
4.327	2.94E-02
4.327	2.94E-02
4.328	2.94E-02
4.328	2.94E-02
4.329	2.94E-02
4.33	2.94E-02
4.33	2.94E-02
4.331	2.94E-02
4.331	2.94E-02
4.332	2.94E-02
4.332	2.94E-02
4.332	2.94E-02
4.333	2.94E-02
4.333	2.94E-02
4.334	2.94E-02
4.334	2.94E-02
4.335	2.94E-02
4.335	2.94E-02
4.336	2.94E-02
4.337	2.94E-02
4.337	2.94E-02
4.338	2.94E-02
4.338	2.94E-02
4.339	2.94E-02
4.339	2.94E-02
4.339	2.94E-02
4.34	2.94E-02
4.34	2.94E-02
4.341	2.94E-02
4.341	2.94E-02
4.342	2.93E-02
4.343	2.93E-02
4.343	2.93E-02
4.344	2.93E-02
4.344	2.93E-02
4.345	2.93E-02
4.345	2.93E-02
4.345	2.93E-02
4.346	2.93E-02
4.346	2.93E-02
4.347	2.93E-02
4.347	2.93E-02
4.348	2.93E-02
4.348	2.93E-02
4.349	2.93E-02
4.35	2.93E-02
4.35	2.93E-02
4.351	2.93E-02
4.351	2.93E-02
4.352	2.93E-02
4.352	2.93E-02
4.352	2.93E-02
4.353	2.93E-02
4.353	2.93E-02
4.354	2.93E-02
4.354	2.93E-02
4.355	2.93E-02
4.356	2.93E-02
4.356	2.93E-02
4.357	2.93E-02
4.357	2.93E-02
4.358	2.93E-02
4.358	2.93E-02
4.359	2.93E-02
4.359	2.93E-02
4.359	2.93E-02
4.36	2.93E-02
4.36	2.93E-02
4.361	2.93E-02
4.361	2.93E-02
4.362	2.93E-02
4.363	2.93E-02
4.363	2.93E-02
4.364	2.93E-02
4.364	2.93E-02
4.365	2.93E-02
4.365	2.93E-02
4.365	2.93E-02
4.366	2.93E-02
4.366	2.93E-02
4.367	2.93E-02
4.367	2.93E-02
4.368	2.93E-02
4.369	2.93E-02
4.369	2.93E-02
4.37	2.93E-02
4.37	2.93E-02
4.371	2.93E-02
4.371	2.93E-02
4.372	2.93E-02
4.372	2.93E-02
4.372	2.93E-02
4.373	2.93E-02
4.373	2.93E-02
4.374	2.93E-02
4.374	2.93E-02
4.375	2.93E-02
4.376	2.92E-02
4.376	2.92E-02
4.377	2.92E-02
4.377	2.92E-02
4.378	2.92E-02
4.378	2.92E-02
4.378	2.92E-02
4.379	2.92E-02
4.379	2.92E-02
4.38	2.92E-02
4.38	2.92E-02
4.381	2.92E-02
4.381	2.92E-02
4.382	2.92E-02
4.383	2.92E-02
4.383	2.92E-02
4.384	2.92E-02
4.384	2.92E-02
4.385	2.92E-02
4.385	2.92E-02
4.385	2.92E-02
4.386	2.92E-02
4.386	2.92E-02
4.387	2.92E-02
4.387	2.92E-02
4.388	2.92E-02
4.389	2.92E-02
4.389	2.92E-02
4.39	2.92E-02
4.39	2.92E-02
4.391	2.92E-02
4.391	2.92E-02
4.391	2.92E-02
4.392	2.92E-02
4.392	2.92E-02
4.393	2.92E-02
4.393	2.92E-02
4.394	2.92E-02
4.394	2.92E-02
4.395	2.92E-02
4.396	2.92E-02
4.396	2.92E-02
4.397	2.92E-02
4.397	2.92E-02
4.398	2.92E-02
4.398	2.92E-02
4.398	2.92E-02
4.399	2.92E-02
4.399	2.92E-02
4.4	2.92E-02
4.4	2.92E-02
4.401	2.92E-02
4.402	2.92E-02
4.402	2.92E-02
4.403	2.92E-02
4.403	2.92E-02
4.404	2.92E-02
4.404	2.92E-02
4.405	2.92E-02
4.405	2.92E-02
4.405	2.92E-02
4.406	2.92E-02
4.406	2.92E-02
4.407	2.92E-02
4.407	2.92E-02
4.408	2.92E-02
4.409	2.91E-02
4.409	2.91E-02
4.41	2.91E-02
4.41	2.91E-02
4.411	2.91E-02
4.411	2.91E-02
4.411	2.91E-02
4.412	2.91E-02
4.412	2.91E-02
4.413	2.91E-02
4.413	2.91E-02
4.414	2.91E-02
4.415	2.91E-02
4.415	2.91E-02
4.416	2.91E-02
4.416	2.91E-02
4.417	2.91E-02
4.417	2.91E-02
4.418	2.91E-02
4.418	2.91E-02
4.418	2.91E-02
4.419	2.91E-02
4.419	2.91E-02
4.42	2.91E-02
4.42	2.91E-02
4.421	2.91E-02
4.422	2.91E-02
4.422	2.91E-02
4.423	2.91E-02
4.423	2.91E-02
4.424	2.91E-02
4.424	2.91E-02
4.424	2.91E-02
4.425	2.91E-02
4.425	2.91E-02
4.426	2.91E-02
4.426	2.91E-02
4.427	2.91E-02
4.427	2.91E-02
4.428	2.91E-02
4.429	2.91E-02
4.429	2.91E-02
4.43	2.91E-02
4.43	2.91E-02
4.431	2.91E-02
4.431	2.91E-02
4.431	2.91E-02
4.432	2.91E-02
4.432	2.91E-02
4.433	2.91E-02
4.433	2.91E-02
4.434	2.91E-02
4.435	2.91E-02
4.435	2.91E-02
4.436	2.91E-02
4.436	2.91E-02
4.437	2.91E-02
4.437	2.91E-02
4.438	2.91E-02
4.438	2.91E-02
4.438	2.91E-02
4.439	2.91E-02
4.439	2.91E-02
4.44	2.91E-02
4.44	2.91E-02
4.441	2.91E-02
4.442	2.90E-02
4.442	2.90E-02
4.443	2.90E-02
4.443	2.90E-02
4.444	2.90E-02
4.444	2.90E-02
4.444	2.90E-02
4.445	2.90E-02
4.445	2.90E-02
4.446	2.90E-02
4.446	2.90E-02
4.447	2.90E-02
4.448	2.90E-02
4.448	2.90E-02
4.449	2.90E-02
4.449	2.90E-02
4.45	2.90E-02
4.45	2.90E-02
4.451	2.90E-02
4.451	2.90E-02
4.451	2.90E-02
4.452	2.90E-02
4.452	2.90E-02
4.453	2.90E-02
4.453	2.90E-02
4.454	2.90E-02
4.455	2.90E-02
4.455	2.90E-02
4.456	2.90E-02
4.456	2.90E-02
4.457	2.90E-02
4.457	2.90E-02
4.457	2.90E-02
4.458	2.90E-02
4.458	2.90E-02
4.459	2.90E-02
4.459	2.90E-02
4.46	2.90E-02
4.46	2.90E-02
4.461	2.90E-02
4.462	2.90E-02
4.462	2.90E-02
4.463	2.90E-02
4.463	2.90E-02
4.464	2.90E-02
4.464	2.90E-02
4.464	2.90E-02
4.465	2.90E-02
4.465	2.90E-02
4.466	2.90E-02
4.466	2.90E-02
4.467	2.90E-02
4.468	2.90E-02
4.468	2.90E-02
4.469	2.90E-02
4.469	2.90E-02
4.47	2.90E-02
4.47	2.90E-02
4.47	2.90E-02
4.471	2.90E-02
4.471	2.90E-02
4.472	2.90E-02
4.472	2.90E-02
4.473	2.90E-02
4.473	2.90E-02
4.474	2.89E-02
4.475	2.89E-02
4.475	2.89E-02
4.476	2.89E-02
4.476	2.89E-02
4.477	2.89E-02
4.477	2.89E-02
4.477	2.89E-02
4.478	2.89E-02
4.478	2.89E-02
4.479	2.89E-02
4.479	2.89E-02
4.48	2.89E-02
4.481	2.89E-02
4.481	2.89E-02
4.482	2.89E-02
4.482	2.89E-02
4.483	2.89E-02
4.483	2.89E-02
4.484	2.89E-02
4.484	2.89E-02
4.484	2.89E-02
4.485	2.89E-02
4.485	2.89E-02
4.486	2.89E-02
4.486	2.89E-02
4.487	2.89E-02
4.488	2.89E-02
4.488	2.89E-02
4.489	2.89E-02
4.489	2.89E-02
4.49	2.89E-02
4.49	2.89E-02
4.49	2.89E-02
4.491	2.89E-02
4.491	2.89E-02
4.492	2.89E-02
4.492	2.89E-02
4.493	2.89E-02
4.494	2.89E-02
4.494	2.89E-02
4.495	2.89E-02
4.495	2.89E-02
4.496	2.89E-02
4.496	2.89E-02
4.497	2.89E-02
4.497	2.89E-02
4.497	2.89E-02
4.498	2.89E-02
4.498	2.89E-02
4.499	2.89E-02
4.499	2.89E-02
4.5	2.89E-02
4.501	2.89E-02
4.501	2.89E-02
4.502	2.89E-02
4.502	2.89E-02
4.503	2.89E-02
4.503	2.89E-02
4.503	2.89E-02
4.504	2.89E-02
4.504	2.89E-02
4.505	2.89E-02
4.505	2.89E-02
4.506	2.88E-02
4.506	2.88E-02
4.507	2.88E-02
4.508	2.88E-02
4.508	2.88E-02
4.509	2.88E-02
4.509	2.88E-02
4.51	2.88E-02
4.51	2.88E-02
4.51	2.88E-02
4.511	2.88E-02
4.511	2.88E-02
4.512	2.88E-02
4.512	2.88E-02
4.513	2.88E-02
4.514	2.88E-02
4.514	2.88E-02
4.515	2.88E-02
4.515	2.88E-02
4.516	2.88E-02
4.516	2.88E-02
4.516	2.88E-02
4.517	2.88E-02
4.517	2.88E-02
4.518	2.88E-02
4.518	2.88E-02
4.519	2.88E-02
4.519	2.88E-02
4.52	2.88E-02
4.521	2.88E-02
4.521	2.88E-02
4.522	2.88E-02
4.522	2.88E-02
4.523	2.88E-02
4.523	2.88E-02
4.523	2.88E-02
4.524	2.88E-02
4.524	2.88E-02
4.525	2.88E-02
4.525	2.88E-02
4.526	2.88E-02
4.527	2.88E-02
4.527	2.88E-02
4.528	2.88E-02
4.528	2.88E-02
4.529	2.88E-02
4.529	2.88E-02
4.53	2.88E-02
4.53	2.88E-02
4.53	2.88E-02
4.531	2.88E-02
4.531	2.88E-02
4.532	2.88E-02
4.532	2.88E-02
4.533	2.88E-02
4.534	2.88E-02
4.534	2.88E-02
4.535	2.88E-02
4.535	2.88E-02
4.536	2.88E-02
4.536	2.88E-02
4.536	2.88E-02
4.537	2.88E-02
4.537	2.88E-02
4.538	2.87E-02
4.538	2.87E-02
4.539	2.87E-02
4.54	2.87E-02
4.54	2.87E-02
4.541	2.87E-02
4.541	2.87E-02
4.542	2.87E-02
4.542	2.87E-02
4.543	2.87E-02
4.543	2.87E-02
4.543	2.87E-02
4.544	2.87E-02
4.544	2.87E-02
4.545	2.87E-02
4.545	2.87E-02
4.546	2.87E-02
4.547	2.87E-02
4.547	2.87E-02
4.548	2.87E-02
4.548	2.87E-02
4.549	2.87E-02
4.549	2.87E-02
4.549	2.87E-02
4.55	2.87E-02
4.55	2.87E-02
4.551	2.87E-02
4.551	2.87E-02
4.552	2.87E-02
4.552	2.87E-02
4.553	2.87E-02
4.554	2.87E-02
4.554	2.87E-02
4.555	2.87E-02
4.555	2.87E-02
4.556	2.87E-02
4.556	2.87E-02
4.556	2.87E-02
4.557	2.87E-02
4.557	2.87E-02
4.558	2.87E-02
4.558	2.87E-02
4.559	2.87E-02
4.56	2.87E-02
4.56	2.87E-02
4.561	2.87E-02
4.561	2.87E-02
4.562	2.87E-02
4.562	2.87E-02
4.562	2.87E-02
4.563	2.87E-02
4.563	2.87E-02
4.564	2.87E-02
4.564	2.87E-02
4.565	2.87E-02
4.565	2.87E-02
4.566	2.87E-02
4.567	2.87E-02
4.567	2.87E-02
4.568	2.87E-02
4.568	2.87E-02
4.569	2.87E-02
4.569	2.87E-02
4.569	2.87E-02
4.57	2.86E-02
4.57	2.86E-02
4.571	2.86E-02
4.571	2.86E-02
4.572	2.86E-02
4.573	2.86E-02
4.573	2.86E-02
4.574	2.86E-02
4.574	2.86E-02
4.575	2.86E-02
4.575	2.86E-02
4.576	2.86E-02
4.576	2.86E-02
4.576	2.86E-02
4.577	2.86E-02
4.577	2.86E-02
4.578	2.86E-02
4.578	2.86E-02
4.579	2.86E-02
4.58	2.86E-02
4.58	2.86E-02
4.581	2.86E-02
4.581	2.86E-02
4.582	2.86E-02
4.582	2.86E-02
4.582	2.86E-02
4.583	2.86E-02
4.583	2.86E-02
4.584	2.86E-02
4.584	2.86E-02
4.585	2.86E-02
4.585	2.86E-02
4.586	2.86E-02
4.587	2.86E-02
4.587	2.86E-02
4.588	2.86E-02
4.588	2.86E-02
4.589	2.86E-02
4.589	2.86E-02
4.589	2.86E-02
4.59	2.86E-02
4.59	2.86E-02
4.591	2.86E-02
4.591	2.86E-02
4.592	2.86E-02
4.593	2.86E-02
4.593	2.86E-02
4.594	2.86E-02
4.594	2.86E-02
4.595	2.86E-02
4.595	2.86E-02
4.595	2.86E-02
4.596	2.86E-02
4.596	2.86E-02
4.597	2.86E-02
4.597	2.86E-02
4.598	2.86E-02
4.598	2.86E-02
4.599	2.86E-02
4.6	2.86E-02
4.6	2.86E-02
4.601	2.86E-02
4.601	2.86E-02
4.602	2.85E-02
4.602	2.85E-02
4.602	2.85E-02
4.603	2.85E-02
4.603	2.85E-02
4.604	2.85E-02
4.604	2.85E-02
4.605	2.85E-02
4.606	2.85E-02
4.606	2.85E-02
4.607	2.85E-02
4.607	2.85E-02
4.608	2.85E-02
4.608	2.85E-02
4.609	2.85E-02
4.609	2.85E-02
4.609	2.85E-02
4.61	2.85E-02
4.61	2.85E-02
4.611	2.85E-02
4.611	2.85E-02
4.612	2.85E-02
4.613	2.85E-02
4.613	2.85E-02
4.614	2.85E-02
4.614	2.85E-02
4.615	2.85E-02
4.615	2.85E-02
4.615	2.85E-02
4.616	2.85E-02
4.616	2.85E-02
4.617	2.85E-02
4.617	2.85E-02
4.618	2.85E-02
4.619	2.85E-02
4.619	2.85E-02
4.62	2.85E-02
4.62	2.85E-02
4.621	2.85E-02
4.621	2.85E-02
4.622	2.85E-02
4.622	2.85E-02
4.622	2.85E-02
4.623	2.85E-02
4.623	2.85E-02
4.624	2.85E-02
4.624	2.85E-02
4.625	2.85E-02
4.626	2.85E-02
4.626	2.85E-02
4.627	2.85E-02
4.627	2.85E-02
4.628	2.85E-02
4.628	2.85E-02
4.628	2.85E-02
4.629	2.85E-02
4.629	2.85E-02
4.63	2.85E-02
4.63	2.85E-02
4.631	2.85E-02
4.631	2.85E-02
4.632	2.85E-02
4.633	2.85E-02
4.633	2.84E-02
4.634	2.84E-02
4.634	2.84E-02
4.635	2.84E-02
4.635	2.84E-02
4.635	2.84E-02
4.636	2.84E-02
4.636	2.84E-02
4.637	2.84E-02
4.637	2.84E-02
4.638	2.84E-02
4.639	2.84E-02
4.639	2.84E-02
4.64	2.84E-02
4.64	2.84E-02
4.641	2.84E-02
4.641	2.84E-02
4.641	2.84E-02
4.642	2.84E-02
4.642	2.84E-02
4.643	2.84E-02
4.643	2.84E-02
4.644	2.84E-02
4.644	2.84E-02
4.645	2.84E-02
4.646	2.84E-02
4.646	2.84E-02
4.647	2.84E-02
4.647	2.84E-02
4.648	2.84E-02
4.648	2.84E-02
4.648	2.84E-02
4.649	2.84E-02
4.649	2.84E-02
4.65	2.84E-02
4.65	2.84E-02
4.651	2.84E-02
4.652	2.84E-02
4.652	2.84E-02
4.653	2.84E-02
4.653	2.84E-02
4.654	2.84E-02
4.654	2.84E-02
4.655	2.84E-02
4.655	2.84E-02
4.655	2.84E-02
4.656	2.84E-02
4.656	2.84E-02
4.657	2.84E-02
4.657	2.84E-02
4.658	2.84E-02
4.659	2.84E-02
4.659	2.84E-02
4.66	2.84E-02
4.66	2.84E-02
4.661	2.84E-02
4.661	2.84E-02
4.661	2.84E-02
4.662	2.84E-02
4.662	2.84E-02
4.663	2.84E-02
4.663	2.84E-02
4.664	2.83E-02
4.665	2.83E-02
4.665	2.83E-02
4.666	2.83E-02
4.666	2.83E-02
4.667	2.83E-02
4.667	2.83E-02
4.668	2.83E-02
4.668	2.83E-02
4.668	2.83E-02
4.669	2.83E-02
4.669	2.83E-02
4.67	2.83E-02
4.67	2.83E-02
4.671	2.83E-02
4.672	2.83E-02
4.672	2.83E-02
4.673	2.83E-02
4.673	2.83E-02
4.674	2.83E-02
4.674	2.83E-02
4.674	2.83E-02
4.675	2.83E-02
4.675	2.83E-02
4.676	2.83E-02
4.676	2.83E-02
4.677	2.83E-02
4.677	2.83E-02
4.678	2.83E-02
4.679	2.83E-02
4.679	2.83E-02
4.68	2.83E-02
4.68	2.83E-02
4.681	2.83E-02
4.681	2.83E-02
4.681	2.83E-02
4.682	2.83E-02
4.682	2.83E-02
4.683	2.83E-02
4.683	2.83E-02
4.684	2.83E-02
4.685	2.83E-02
4.685	2.83E-02
4.686	2.83E-02
4.686	2.83E-02
4.687	2.83E-02
4.687	2.83E-02
4.688	2.83E-02
4.688	2.83E-02
4.688	2.83E-02
4.689	2.83E-02
4.689	2.83E-02
4.69	2.83E-02
4.69	2.83E-02
4.691	2.83E-02
4.692	2.83E-02
4.692	2.83E-02
4.693	2.83E-02
4.693	2.83E-02
4.694	2.83E-02
4.694	2.83E-02
4.694	2.82E-02
4.695	2.82E-02
4.695	2.82E-02
4.696	2.82E-02
4.696	2.82E-02
4.697	2.82E-02
4.698	2.82E-02
4.698	2.82E-02
4.699	2.82E-02
4.699	2.82E-02
4.7	2.82E-02
4.7	2.82E-02
4.701	2.82E-02
4.701	2.82E-02
4.701	2.82E-02
4.702	2.82E-02
4.702	2.82E-02
4.703	2.82E-02
4.703	2.82E-02
4.704	2.82E-02
4.705	2.82E-02
4.705	2.82E-02
4.706	2.82E-02
4.706	2.82E-02
4.707	2.82E-02
4.707	2.82E-02
4.707	2.82E-02
4.708	2.82E-02
4.708	2.82E-02
4.709	2.82E-02
4.709	2.82E-02
4.71	2.82E-02
4.71	2.82E-02
4.711	2.82E-02
4.712	2.82E-02
4.712	2.82E-02
4.713	2.82E-02
4.713	2.82E-02
4.714	2.82E-02
4.714	2.82E-02
4.714	2.82E-02
4.715	2.82E-02
4.715	2.82E-02
4.716	2.82E-02
4.716	2.82E-02
4.717	2.82E-02
4.718	2.82E-02
4.718	2.82E-02
4.719	2.82E-02
4.719	2.82E-02
4.72	2.82E-02
4.72	2.82E-02
4.72	2.82E-02
4.721	2.82E-02
4.721	2.82E-02
4.722	2.82E-02
4.722	2.82E-02
4.723	2.82E-02
4.723	2.82E-02
4.724	2.82E-02
4.725	2.82E-02
4.725	2.82E-02
4.726	2.81E-02
4.726	2.81E-02
4.727	2.81E-02
4.727	2.81E-02
4.727	2.81E-02
4.728	2.81E-02
4.728	2.81E-02
4.729	2.81E-02
4.729	2.81E-02
4.73	2.81E-02
4.731	2.81E-02
4.731	2.81E-02
4.732	2.81E-02
4.732	2.81E-02
4.733	2.81E-02
4.733	2.81E-02
4.734	2.81E-02
4.734	2.81E-02
4.734	2.81E-02
4.735	2.81E-02
4.735	2.81E-02
4.736	2.81E-02
4.736	2.81E-02
4.737	2.81E-02
4.738	2.81E-02
4.738	2.81E-02
4.739	2.81E-02
4.739	2.81E-02
4.74	2.81E-02
4.74	2.81E-02
4.74	2.81E-02
4.741	2.81E-02
4.741	2.81E-02
4.742	2.81E-02
4.742	2.81E-02
4.743	2.81E-02
4.744	2.81E-02
4.744	2.81E-02
4.745	2.81E-02
4.745	2.81E-02
4.746	2.81E-02
4.746	2.81E-02
4.747	2.81E-02
4.747	2.81E-02
4.747	2.81E-02
4.748	2.81E-02
4.748	2.81E-02
4.749	2.81E-02
4.749	2.81E-02
4.75	2.81E-02
4.751	2.81E-02
4.751	2.81E-02
4.752	2.81E-02
4.752	2.81E-02
4.753	2.81E-02
4.753	2.81E-02
4.753	2.81E-02
4.754	2.81E-02
4.754	2.81E-02
4.755	2.81E-02
4.755	2.81E-02
4.756	2.80E-02
4.756	2.80E-02
4.757	2.80E-02
4.758	2.80E-02
4.758	2.80E-02
4.759	2.80E-02
4.759	2.80E-02
4.76	2.80E-02
4.76	2.80E-02
4.76	2.80E-02
4.761	2.80E-02
4.761	2.80E-02
4.762	2.80E-02
4.762	2.80E-02
4.763	2.80E-02
4.764	2.80E-02
4.764	2.80E-02
4.765	2.80E-02
4.765	2.80E-02
4.766	2.80E-02
4.766	2.80E-02
4.766	2.80E-02
4.767	2.80E-02
4.767	2.80E-02
4.768	2.80E-02
4.768	2.80E-02
4.769	2.80E-02
4.769	2.80E-02
4.77	2.80E-02
4.771	2.80E-02
4.771	2.80E-02
4.772	2.80E-02
4.772	2.80E-02
4.773	2.80E-02
4.773	2.80E-02
4.773	2.80E-02
4.774	2.80E-02
4.774	2.80E-02
4.775	2.80E-02
4.775	2.80E-02
4.776	2.80E-02
4.777	2.80E-02
4.777	2.80E-02
4.778	2.80E-02
4.778	2.80E-02
4.779	2.80E-02
4.779	2.80E-02
4.78	2.80E-02
4.78	2.80E-02
4.78	2.80E-02
4.781	2.80E-02
4.781	2.80E-02
4.782	2.80E-02
4.782	2.80E-02
4.783	2.80E-02
4.784	2.80E-02
4.784	2.80E-02
4.785	2.80E-02
4.785	2.80E-02
4.786	2.80E-02
4.786	2.79E-02
4.786	2.79E-02
4.787	2.79E-02
4.787	2.79E-02
4.788	2.79E-02
4.788	2.79E-02
4.789	2.79E-02
4.79	2.79E-02
4.79	2.79E-02
4.791	2.79E-02
4.791	2.79E-02
4.792	2.79E-02
4.792	2.79E-02
4.793	2.79E-02
4.793	2.79E-02
4.793	2.79E-02
4.794	2.79E-02
4.794	2.79E-02
4.795	2.79E-02
4.795	2.79E-02
4.796	2.79E-02
4.797	2.79E-02
4.797	2.79E-02
4.798	2.79E-02
4.798	2.79E-02
4.799	2.79E-02
4.799	2.79E-02
4.799	2.79E-02
4.8	2.79E-02
4.8	2.79E-02
4.801	2.79E-02
4.801	2.79E-02
4.802	2.79E-02
4.802	2.79E-02
4.803	2.79E-02
4.804	2.79E-02
4.804	2.79E-02
4.805	2.79E-02
4.805	2.79E-02
4.806	2.79E-02
4.806	2.79E-02
4.806	2.79E-02
4.807	2.79E-02
4.807	2.79E-02
4.808	2.79E-02
4.808	2.79E-02
4.809	2.79E-02
4.81	2.79E-02
4.81	2.79E-02
4.811	2.79E-02
4.811	2.79E-02
4.812	2.79E-02
4.812	2.79E-02
4.812	2.79E-02
4.813	2.79E-02
4.813	2.79E-02
4.814	2.79E-02
4.814	2.79E-02
4.815	2.79E-02
4.815	2.79E-02
4.816	2.78E-02
4.817	2.78E-02
4.817	2.78E-02
4.818	2.78E-02
4.818	2.78E-02
4.819	2.78E-02
4.819	2.78E-02
4.819	2.78E-02
4.82	2.78E-02
4.82	2.78E-02
4.821	2.78E-02
4.821	2.78E-02
4.822	2.78E-02
4.823	2.78E-02
4.823	2.78E-02
4.824	2.78E-02
4.824	2.78E-02
4.825	2.78E-02
4.825	2.78E-02
4.826	2.78E-02
4.826	2.78E-02
4.826	2.78E-02
4.827	2.78E-02
4.827	2.78E-02
4.828	2.78E-02
4.828	2.78E-02
4.829	2.78E-02
4.83	2.78E-02
4.83	2.78E-02
4.831	2.78E-02
4.831	2.78E-02
4.832	2.78E-02
4.832	2.78E-02
4.832	2.78E-02
4.833	2.78E-02
4.833	2.78E-02
4.834	2.78E-02
4.834	2.78E-02
4.835	2.78E-02
4.835	2.78E-02
4.836	2.78E-02
4.837	2.78E-02
4.837	2.78E-02
4.838	2.78E-02
4.838	2.78E-02
4.839	2.78E-02
4.839	2.78E-02
4.839	2.78E-02
4.84	2.78E-02
4.84	2.78E-02
4.841	2.78E-02
4.841	2.78E-02
4.842	2.78E-02
4.843	2.78E-02
4.843	2.78E-02
4.844	2.78E-02
4.844	2.78E-02
4.845	2.78E-02
4.845	2.78E-02
4.845	2.78E-02
4.846	2.77E-02
4.846	2.77E-02
4.847	2.77E-02
4.847	2.77E-02
4.848	2.77E-02
4.848	2.77E-02
4.849	2.77E-02
4.85	2.77E-02
4.85	2.77E-02
4.851	2.77E-02
4.851	2.77E-02
4.852	2.77E-02
4.852	2.77E-02
4.852	2.77E-02
4.853	2.77E-02
4.853	2.77E-02
4.854	2.77E-02
4.854	2.77E-02
4.855	2.77E-02
4.856	2.77E-02
4.856	2.77E-02
4.857	2.77E-02
4.857	2.77E-02
4.858	2.77E-02
4.858	2.77E-02
4.859	2.77E-02
4.859	2.77E-02
4.859	2.77E-02
4.86	2.77E-02
4.86	2.77E-02
4.861	2.77E-02
4.861	2.77E-02
4.862	2.77E-02
4.863	2.77E-02
4.863	2.77E-02
4.864	2.77E-02
4.864	2.77E-02
4.865	2.77E-02
4.865	2.77E-02
4.865	2.77E-02
4.866	2.77E-02
4.866	2.77E-02
4.867	2.77E-02
4.867	2.77E-02
4.868	2.77E-02
4.869	2.77E-02
4.869	2.77E-02
4.87	2.77E-02
4.87	2.77E-02
4.871	2.77E-02
4.871	2.77E-02
4.872	2.77E-02
4.872	2.77E-02
4.872	2.77E-02
4.873	2.77E-02
4.873	2.77E-02
4.874	2.77E-02
4.874	2.77E-02
4.875	2.77E-02
4.876	2.76E-02
4.876	2.76E-02
4.877	2.76E-02
4.877	2.76E-02
4.878	2.76E-02
4.878	2.76E-02
4.878	2.76E-02
4.879	2.76E-02
4.879	2.76E-02
4.88	2.76E-02
4.88	2.76E-02
4.881	2.76E-02
4.881	2.76E-02
4.882	2.76E-02
4.883	2.76E-02
4.883	2.76E-02
4.884	2.76E-02
4.884	2.76E-02
4.885	2.76E-02
4.885	2.76E-02
4.885	2.76E-02
4.886	2.76E-02
4.886	2.76E-02
4.887	2.76E-02
4.887	2.76E-02
4.888	2.76E-02
4.889	2.76E-02
4.889	2.76E-02
4.89	2.76E-02
4.89	2.76E-02
4.891	2.76E-02
4.891	2.76E-02
4.891	2.76E-02
4.892	2.76E-02
4.892	2.76E-02
4.893	2.76E-02
4.893	2.76E-02
4.894	2.76E-02
4.894	2.76E-02
4.895	2.76E-02
4.896	2.76E-02
4.896	2.76E-02
4.897	2.76E-02
4.897	2.76E-02
4.898	2.76E-02
4.898	2.76E-02
4.898	2.76E-02
4.899	2.76E-02
4.899	2.76E-02
4.9	2.76E-02
4.9	2.76E-02
4.901	2.76E-02
4.902	2.76E-02
4.902	2.76E-02
4.903	2.76E-02
4.903	2.76E-02
4.904	2.76E-02
4.904	2.76E-02
4.905	2.76E-02
4.905	2.75E-02
4.905	2.75E-02
4.906	2.75E-02
4.906	2.75E-02
4.907	2.75E-02
4.907	2.75E-02
4.908	2.75E-02
4.909	2.75E-02
4.909	2.75E-02
4.91	2.75E-02
4.91	2.75E-02
4.911	2.75E-02
4.911	2.75E-02
4.911	2.75E-02
4.912	2.75E-02
4.912	2.75E-02
4.913	2.75E-02
4.913	2.75E-02
4.914	2.75E-02
4.915	2.75E-02
4.915	2.75E-02
4.916	2.75E-02
4.916	2.75E-02
4.917	2.75E-02
4.917	2.75E-02
4.918	2.75E-02
4.918	2.75E-02
4.918	2.75E-02
4.919	2.75E-02
4.919	2.75E-02
4.92	2.75E-02
4.92	2.75E-02
4.921	2.75E-02
4.922	2.75E-02
4.922	2.75E-02
4.923	2.75E-02
4.923	2.75E-02
4.924	2.75E-02
4.924	2.75E-02
4.924	2.75E-02
4.925	2.75E-02
4.925	2.75E-02
4.926	2.75E-02
4.926	2.75E-02
4.927	2.75E-02
4.927	2.75E-02
4.928	2.75E-02
4.929	2.75E-02
4.929	2.75E-02
4.93	2.75E-02
4.93	2.75E-02
4.931	2.75E-02
4.931	2.75E-02
4.931	2.75E-02
4.932	2.75E-02
4.932	2.75E-02
4.933	2.75E-02
4.933	2.75E-02
4.934	2.75E-02
4.935	2.74E-02
4.935	2.74E-02
4.936	2.74E-02
4.936	2.74E-02
4.937	2.74E-02
4.937	2.74E-02
4.938	2.74E-02
4.938	2.74E-02
4.938	2.74E-02
4.939	2.74E-02
4.939	2.74E-02
4.94	2.74E-02
4.94	2.74E-02
4.941	2.74E-02
4.942	2.74E-02
4.942	2.74E-02
4.943	2.74E-02
4.943	2.74E-02
4.944	2.74E-02
4.944	2.74E-02
4.944	2.74E-02
4.945	2.74E-02
4.945	2.74E-02
4.946	2.74E-02
4.946	2.74E-02
4.947	2.74E-02
4.948	2.74E-02
4.948	2.74E-02
4.949	2.74E-02
4.949	2.74E-02
4.95	2.74E-02
4.95	2.74E-02
4.951	2.74E-02
4.951	2.74E-02
4.951	2.74E-02
4.952	2.74E-02
4.952	2.74E-02
4.953	2.74E-02
4.953	2.74E-02
4.954	2.74E-02
4.955	2.74E-02
4.955	2.74E-02
4.956	2.74E-02
4.956	2.74E-02
4.957	2.74E-02
4.957	2.74E-02
4.957	2.74E-02
4.958	2.74E-02
4.958	2.74E-02
4.959	2.74E-02
4.959	2.74E-02
4.96	2.74E-02
4.96	2.74E-02
4.961	2.74E-02
4.962	2.74E-02
4.962	2.74E-02
4.963	2.74E-02
4.963	2.74E-02
4.964	2.73E-02
4.964	2.73E-02
4.964	2.73E-02
4.965	2.73E-02
4.965	2.73E-02
4.966	2.73E-02
4.966	2.73E-02
4.967	2.73E-02
4.968	2.73E-02
4.968	2.73E-02
4.969	2.73E-02
4.969	2.73E-02
4.97	2.73E-02
4.97	2.73E-02
4.97	2.73E-02
4.971	2.73E-02
4.971	2.73E-02
4.972	2.73E-02
4.972	2.73E-02
4.973	2.73E-02
4.973	2.73E-02
4.974	2.73E-02
4.975	2.73E-02
4.975	2.73E-02
4.976	2.73E-02
4.976	2.73E-02
4.977	2.73E-02
4.977	2.73E-02
4.977	2.73E-02
4.978	2.73E-02
4.978	2.73E-02
4.979	2.73E-02
4.979	2.73E-02
4.98	2.73E-02
4.981	2.73E-02
4.981	2.73E-02
4.982	2.73E-02
4.982	2.73E-02
4.983	2.73E-02
4.983	2.73E-02
4.984	2.73E-02
4.984	2.73E-02
4.984	2.73E-02
4.985	2.73E-02
4.985	2.73E-02
4.986	2.73E-02
4.986	2.73E-02
4.987	2.73E-02
4.988	2.73E-02
4.988	2.73E-02
4.989	2.73E-02
4.989	2.73E-02
4.99	2.73E-02
4.99	2.73E-02
4.99	2.73E-02
4.991	2.73E-02
4.991	2.73E-02
4.992	2.73E-02
4.992	2.72E-02
4.993	2.72E-02
4.994	2.72E-02
4.994	2.72E-02
4.995	2.72E-02
4.995	2.72E-02
4.996	2.72E-02
4.996	2.72E-02
4.997	2.72E-02
4.997	2.72E-02
4.997	2.72E-02
4.998	2.72E-02
4.998	2.72E-02
4.999	2.72E-02
4.999	2.72E-02
5	2.72E-02
5.001	2.72E-02
5.001	2.72E-02
5.002	2.72E-02
5.002	2.72E-02
5.003	2.72E-02
5.003	2.72E-02
5.003	2.72E-02
5.004	2.72E-02
5.004	2.72E-02
5.005	2.72E-02
5.005	2.72E-02
5.006	2.72E-02
5.006	2.72E-02
5.007	2.72E-02
5.008	2.72E-02
5.008	2.72E-02
5.009	2.72E-02
5.009	2.72E-02
5.01	2.72E-02
5.01	2.72E-02
5.01	2.72E-02
5.011	2.72E-02
5.011	2.72E-02
5.012	2.72E-02
5.012	2.72E-02
5.013	2.72E-02
5.014	2.72E-02
5.014	2.72E-02
5.015	2.72E-02
5.015	2.72E-02
5.016	2.72E-02
5.016	2.72E-02
5.016	2.72E-02
5.017	2.72E-02
5.017	2.72E-02
5.018	2.72E-02
5.018	2.72E-02
5.019	2.72E-02
5.019	2.72E-02
5.02	2.72E-02
5.021	2.72E-02
5.021	2.72E-02
5.022	2.71E-02
5.022	2.71E-02
5.023	2.71E-02
5.023	2.71E-02
5.023	2.71E-02
5.024	2.71E-02
5.024	2.71E-02
5.025	2.71E-02
5.025	2.71E-02
5.026	2.71E-02
5.027	2.71E-02
5.027	2.71E-02
5.028	2.71E-02
5.028	2.71E-02
5.029	2.71E-02
5.029	2.71E-02
5.03	2.71E-02
5.03	2.71E-02
5.03	2.71E-02
5.031	2.71E-02
5.031	2.71E-02
5.032	2.71E-02
5.032	2.71E-02
5.033	2.71E-02
5.034	2.71E-02
5.034	2.71E-02
5.035	2.71E-02
5.035	2.71E-02
5.036	2.71E-02
5.036	2.71E-02
5.036	2.71E-02
5.037	2.71E-02
5.037	2.71E-02
5.038	2.71E-02
5.038	2.71E-02
5.039	2.71E-02
5.04	2.71E-02
5.04	2.71E-02
5.041	2.71E-02
5.041	2.71E-02
5.042	2.71E-02
5.042	2.71E-02
5.043	2.71E-02
5.043	2.71E-02
5.043	2.71E-02
5.044	2.71E-02
5.044	2.71E-02
5.045	2.71E-02
5.045	2.71E-02
5.046	2.71E-02
5.047	2.71E-02
5.047	2.71E-02
5.048	2.71E-02
5.048	2.71E-02
5.049	2.71E-02
5.049	2.71E-02
5.049	2.71E-02
5.05	2.70E-02
5.05	2.70E-02
5.051	2.70E-02
5.051	2.70E-02
5.052	2.70E-02
5.052	2.70E-02
5.053	2.70E-02
5.054	2.70E-02
5.054	2.70E-02
5.055	2.70E-02
5.055	2.70E-02
5.056	2.70E-02
5.056	2.70E-02
5.056	2.70E-02
5.057	2.70E-02
5.057	2.70E-02
5.058	2.70E-02
5.058	2.70E-02
5.059	2.70E-02
5.06	2.70E-02
5.06	2.70E-02
5.061	2.70E-02
5.061	2.70E-02
5.062	2.70E-02
5.062	2.70E-02
5.062	2.70E-02
5.063	2.70E-02
5.063	2.70E-02
5.064	2.70E-02
5.064	2.70E-02
5.065	2.70E-02
5.065	2.70E-02
5.066	2.70E-02
5.067	2.70E-02
5.067	2.70E-02
5.068	2.70E-02
5.068	2.70E-02
5.069	2.70E-02
5.069	2.70E-02
5.069	2.70E-02
5.07	2.70E-02
5.07	2.70E-02
5.071	2.70E-02
5.071	2.70E-02
5.072	2.70E-02
5.073	2.70E-02
5.073	2.70E-02
5.074	2.70E-02
5.074	2.70E-02
5.075	2.70E-02
5.075	2.70E-02
5.076	2.70E-02
5.076	2.70E-02
5.076	2.70E-02
5.077	2.70E-02
5.077	2.70E-02
5.078	2.70E-02
5.078	2.70E-02
5.079	2.69E-02
5.08	2.69E-02
5.08	2.69E-02
5.081	2.69E-02
5.081	2.69E-02
5.082	2.69E-02
5.082	2.69E-02
5.082	2.69E-02
5.083	2.69E-02
5.083	2.69E-02
5.084	2.69E-02
5.084	2.69E-02
5.085	2.69E-02
5.085	2.69E-02
5.086	2.69E-02
5.087	2.69E-02
5.087	2.69E-02
5.088	2.69E-02
5.088	2.69E-02
5.089	2.69E-02
5.089	2.69E-02
5.089	2.69E-02
5.09	2.69E-02
5.09	2.69E-02
5.091	2.69E-02
5.091	2.69E-02
5.092	2.69E-02
5.093	2.69E-02
5.093	2.69E-02
5.094	2.69E-02
5.094	2.69E-02
5.095	2.69E-02
5.095	2.69E-02
5.095	2.69E-02
5.096	2.69E-02
5.096	2.69E-02
5.097	2.69E-02
5.097	2.69E-02
5.098	2.69E-02
5.098	2.69E-02
5.099	2.69E-02
5.1	2.69E-02
5.1	2.69E-02
5.101	2.69E-02
5.101	2.69E-02
5.102	2.69E-02
5.102	2.69E-02
5.102	2.69E-02
5.103	2.69E-02
5.103	2.69E-02
5.104	2.69E-02
5.104	2.69E-02
5.105	2.69E-02
5.106	2.69E-02
5.106	2.69E-02
5.107	2.69E-02
5.107	2.69E-02
5.108	2.68E-02
5.108	2.68E-02
5.109	2.68E-02
5.109	2.68E-02
5.109	2.68E-02
5.11	2.68E-02
5.11	2.68E-02
5.111	2.68E-02
5.111	2.68E-02
5.112	2.68E-02
5.113	2.68E-02
5.113	2.68E-02
5.114	2.68E-02
5.114	2.68E-02
5.115	2.68E-02
5.115	2.68E-02
5.115	2.68E-02
5.116	2.68E-02
5.116	2.68E-02
5.117	2.68E-02
5.117	2.68E-02
5.118	2.68E-02
5.119	2.68E-02
5.119	2.68E-02
5.12	2.68E-02
5.12	2.68E-02
5.121	2.68E-02
5.121	2.68E-02
5.122	2.68E-02
5.122	2.68E-02
5.122	2.68E-02
5.123	2.68E-02
5.123	2.68E-02
5.124	2.68E-02
5.124	2.68E-02
5.125	2.68E-02
5.126	2.68E-02
5.126	2.68E-02
5.127	2.68E-02
5.127	2.68E-02
5.128	2.68E-02
5.128	2.68E-02
5.128	2.68E-02
5.129	2.68E-02
5.129	2.68E-02
5.13	2.68E-02
5.13	2.68E-02
5.131	2.68E-02
5.131	2.68E-02
5.132	2.68E-02
5.133	2.68E-02
5.133	2.68E-02
5.134	2.68E-02
5.134	2.68E-02
5.135	2.68E-02
5.135	2.68E-02
5.135	2.67E-02
5.136	2.67E-02
5.136	2.67E-02
5.137	2.67E-02
5.137	2.67E-02
5.138	2.67E-02
5.139	2.67E-02
5.139	2.67E-02
5.14	2.67E-02
5.14	2.67E-02
5.141	2.67E-02
5.141	2.67E-02
5.141	2.67E-02
5.142	2.67E-02
5.142	2.67E-02
5.143	2.67E-02
5.143	2.67E-02
5.144	2.67E-02
5.144	2.67E-02
5.145	2.67E-02
5.146	2.67E-02
5.146	2.67E-02
5.147	2.67E-02
5.147	2.67E-02
5.148	2.67E-02
5.148	2.67E-02
5.148	2.67E-02
5.149	2.67E-02
5.149	2.67E-02
5.15	2.67E-02
5.15	2.67E-02
5.151	2.67E-02
5.152	2.67E-02
5.152	2.67E-02
5.153	2.67E-02
5.153	2.67E-02
5.154	2.67E-02
5.154	2.67E-02
5.155	2.67E-02
5.155	2.67E-02
5.155	2.67E-02
5.156	2.67E-02
5.156	2.67E-02
5.157	2.67E-02
5.157	2.67E-02
5.158	2.67E-02
5.159	2.67E-02
5.159	2.67E-02
5.16	2.67E-02
5.16	2.67E-02
5.161	2.67E-02
5.161	2.67E-02
5.161	2.67E-02
5.162	2.67E-02
5.162	2.67E-02
5.163	2.67E-02
5.163	2.66E-02
5.164	2.66E-02
5.165	2.66E-02
5.165	2.66E-02
5.166	2.66E-02
5.166	2.66E-02
5.167	2.66E-02
5.167	2.66E-02
5.168	2.66E-02
5.168	2.66E-02
5.168	2.66E-02
5.169	2.66E-02
5.169	2.66E-02
5.17	2.66E-02
5.17	2.66E-02
5.171	2.66E-02
5.172	2.66E-02
5.172	2.66E-02
5.173	2.66E-02
5.173	2.66E-02
5.174	2.66E-02
5.174	2.66E-02
5.174	2.66E-02
5.175	2.66E-02
5.175	2.66E-02
5.176	2.66E-02
5.176	2.66E-02
5.177	2.66E-02
5.177	2.66E-02
5.178	2.66E-02
5.179	2.66E-02
5.179	2.66E-02
5.18	2.66E-02
5.18	2.66E-02
5.181	2.66E-02
5.181	2.66E-02
5.181	2.66E-02
5.182	2.66E-02
5.182	2.66E-02
5.183	2.66E-02
5.183	2.66E-02
5.184	2.66E-02
5.185	2.66E-02
5.185	2.66E-02
5.186	2.66E-02
5.186	2.66E-02
5.187	2.66E-02
5.187	2.66E-02
5.188	2.66E-02
5.188	2.66E-02
5.188	2.66E-02
5.189	2.66E-02
5.189	2.66E-02
5.19	2.66E-02
5.19	2.66E-02
5.191	2.66E-02
5.192	2.66E-02
5.192	2.65E-02
5.193	2.65E-02
5.193	2.65E-02
5.194	2.65E-02
5.194	2.65E-02
5.194	2.65E-02
5.195	2.65E-02
5.195	2.65E-02
5.196	2.65E-02
5.196	2.65E-02
5.197	2.65E-02
5.198	2.65E-02
5.198	2.65E-02
5.199	2.65E-02
5.199	2.65E-02
5.2	2.65E-02
5.2	2.65E-02
5.201	2.65E-02
5.201	2.65E-02
5.201	2.65E-02
5.202	2.65E-02
5.202	2.65E-02
5.203	2.65E-02
5.203	2.65E-02
5.204	2.65E-02
5.205	2.65E-02
5.205	2.65E-02
5.206	2.65E-02
5.206	2.65E-02
5.207	2.65E-02
5.207	2.65E-02
5.207	2.65E-02
5.208	2.65E-02
5.208	2.65E-02
5.209	2.65E-02
5.209	2.65E-02
5.21	2.65E-02
5.21	2.65E-02
5.211	2.65E-02
5.212	2.65E-02
5.212	2.65E-02
5.213	2.65E-02
5.213	2.65E-02
5.214	2.65E-02
5.214	2.65E-02
5.214	2.65E-02
5.215	2.65E-02
5.215	2.65E-02
5.216	2.65E-02
5.216	2.65E-02
5.217	2.65E-02
5.218	2.65E-02
5.218	2.65E-02
5.219	2.65E-02
5.219	2.65E-02
5.22	2.64E-02
5.22	2.64E-02
5.22	2.64E-02
5.221	2.64E-02
5.221	2.64E-02
5.222	2.64E-02
5.222	2.64E-02
5.223	2.64E-02
5.223	2.64E-02
5.224	2.64E-02
5.225	2.64E-02
5.225	2.64E-02
5.226	2.64E-02
5.226	2.64E-02
5.227	2.64E-02
5.227	2.64E-02
5.227	2.64E-02
5.228	2.64E-02
5.228	2.64E-02
5.229	2.64E-02
5.229	2.64E-02
5.23	2.64E-02
5.231	2.64E-02
5.231	2.64E-02
5.232	2.64E-02
5.232	2.64E-02
5.233	2.64E-02
5.233	2.64E-02
5.234	2.64E-02
5.234	2.64E-02
5.234	2.64E-02
5.235	2.64E-02
5.235	2.64E-02
5.236	2.64E-02
5.236	2.64E-02
5.237	2.64E-02
5.238	2.64E-02
5.238	2.64E-02
5.239	2.64E-02
5.239	2.64E-02
5.24	2.64E-02
5.24	2.64E-02
5.24	2.64E-02
5.241	2.64E-02
5.241	2.64E-02
5.242	2.64E-02
5.242	2.64E-02
5.243	2.64E-02
5.244	2.64E-02
5.244	2.64E-02
5.245	2.64E-02
5.245	2.64E-02
5.246	2.64E-02
5.246	2.64E-02
5.247	2.64E-02
5.247	2.64E-02
5.247	2.63E-02
5.248	2.63E-02
5.248	2.63E-02
5.249	2.63E-02
5.249	2.63E-02
5.25	2.63E-02
5.251	2.63E-02
5.251	2.63E-02
5.252	2.63E-02
5.252	2.63E-02
5.253	2.63E-02
5.253	2.63E-02
5.253	2.63E-02
5.254	2.63E-02
5.254	2.63E-02
5.255	2.63E-02
5.255	2.63E-02
5.256	2.63E-02
5.256	2.63E-02
5.257	2.63E-02
5.258	2.63E-02
5.258	2.63E-02
5.259	2.63E-02
5.259	2.63E-02
5.26	2.63E-02
5.26	2.63E-02
5.26	2.63E-02
5.261	2.63E-02
5.261	2.63E-02
5.262	2.63E-02
5.262	2.63E-02
5.263	2.63E-02
5.264	2.63E-02
5.264	2.63E-02
5.265	2.63E-02
5.265	2.63E-02
5.266	2.63E-02
5.266	2.63E-02
5.266	2.63E-02
5.267	2.63E-02
5.267	2.63E-02
5.268	2.63E-02
5.268	2.63E-02
5.269	2.63E-02
5.269	2.63E-02
5.27	2.63E-02
5.271	2.63E-02
5.271	2.63E-02
5.272	2.63E-02
5.272	2.63E-02
5.273	2.63E-02
5.273	2.63E-02
5.273	2.63E-02
5.274	2.63E-02
5.274	2.63E-02
5.275	2.62E-02
5.275	2.62E-02
5.276	2.62E-02
5.277	2.62E-02
5.277	2.62E-02
5.278	2.62E-02
5.278	2.62E-02
5.279	2.62E-02
5.279	2.62E-02
5.28	2.62E-02
5.28	2.62E-02
5.28	2.62E-02
5.281	2.62E-02
5.281	2.62E-02
5.282	2.62E-02
5.282	2.62E-02
5.283	2.62E-02
5.284	2.62E-02
5.284	2.62E-02
5.285	2.62E-02
5.285	2.62E-02
5.286	2.62E-02
5.286	2.62E-02
5.286	2.62E-02
5.287	2.62E-02
5.287	2.62E-02
5.288	2.62E-02
5.288	2.62E-02
5.289	2.62E-02
5.29	2.62E-02
5.29	2.62E-02
5.291	2.62E-02
5.291	2.62E-02
5.292	2.62E-02
5.292	2.62E-02
5.293	2.62E-02
5.293	2.62E-02
5.293	2.62E-02
5.294	2.62E-02
5.294	2.62E-02
5.295	2.62E-02
5.295	2.62E-02
5.296	2.62E-02
5.297	2.62E-02
5.297	2.62E-02
5.298	2.62E-02
5.298	2.62E-02
5.299	2.62E-02
5.299	2.62E-02
5.299	2.62E-02
5.3	2.62E-02
5.3	2.62E-02
5.301	2.62E-02
5.301	2.62E-02
5.302	2.62E-02
5.302	2.61E-02
5.303	2.61E-02
5.304	2.61E-02
5.304	2.61E-02
5.305	2.61E-02
5.305	2.61E-02
5.306	2.61E-02
5.306	2.61E-02
5.306	2.61E-02
5.307	2.61E-02
5.307	2.61E-02
5.308	2.61E-02
5.308	2.61E-02
5.309	2.61E-02
5.31	2.61E-02
5.31	2.61E-02
5.311	2.61E-02
5.311	2.61E-02
5.312	2.61E-02
5.312	2.61E-02
5.312	2.61E-02
5.313	2.61E-02
5.313	2.61E-02
5.314	2.61E-02
5.314	2.61E-02
5.315	2.61E-02
5.315	2.61E-02
5.316	2.61E-02
5.317	2.61E-02
5.317	2.61E-02
5.318	2.61E-02
5.318	2.61E-02
5.319	2.61E-02
5.319	2.61E-02
5.319	2.61E-02
5.32	2.61E-02
5.32	2.61E-02
5.321	2.61E-02
5.321	2.61E-02
5.322	2.61E-02
5.323	2.61E-02
5.323	2.61E-02
5.324	2.61E-02
5.324	2.61E-02
5.325	2.61E-02
5.325	2.61E-02
5.326	2.61E-02
5.326	2.61E-02
5.326	2.61E-02
5.327	2.61E-02
5.327	2.61E-02
5.328	2.61E-02
5.328	2.61E-02
5.329	2.61E-02
5.33	2.61E-02
5.33	2.60E-02
5.331	2.60E-02
5.331	2.60E-02
5.332	2.60E-02
5.332	2.60E-02
5.332	2.60E-02
5.333	2.60E-02
5.333	2.60E-02
5.334	2.60E-02
5.334	2.60E-02
5.335	2.60E-02
5.335	2.60E-02
5.336	2.60E-02
5.337	2.60E-02
5.337	2.60E-02
5.338	2.60E-02
5.338	2.60E-02
5.339	2.60E-02
5.339	2.60E-02
5.339	2.60E-02
5.34	2.60E-02
5.34	2.60E-02
5.341	2.60E-02
5.341	2.60E-02
5.342	2.60E-02
5.343	2.60E-02
5.343	2.60E-02
5.344	2.60E-02
5.344	2.60E-02
5.345	2.60E-02
5.345	2.60E-02
5.345	2.60E-02
5.346	2.60E-02
5.346	2.60E-02
5.347	2.60E-02
5.347	2.60E-02
5.348	2.60E-02
5.348	2.60E-02
5.349	2.60E-02
5.35	2.60E-02
5.35	2.60E-02
5.351	2.60E-02
5.351	2.60E-02
5.352	2.60E-02
5.352	2.60E-02
5.352	2.60E-02
5.353	2.60E-02
5.353	2.60E-02
5.354	2.60E-02
5.354	2.60E-02
5.355	2.60E-02
5.356	2.60E-02
5.356	2.60E-02
5.357	2.60E-02
5.357	2.60E-02
5.358	2.59E-02
5.358	2.59E-02
5.359	2.59E-02
5.359	2.59E-02
5.359	2.59E-02
5.36	2.59E-02
5.36	2.59E-02
5.361	2.59E-02
5.361	2.59E-02
5.362	2.59E-02
5.363	2.59E-02
5.363	2.59E-02
5.364	2.59E-02
5.364	2.59E-02
5.365	2.59E-02
5.365	2.59E-02
5.365	2.59E-02
5.366	2.59E-02
5.366	2.59E-02
5.367	2.59E-02
5.367	2.59E-02
5.368	2.59E-02
5.369	2.59E-02
5.369	2.59E-02
5.37	2.59E-02
5.37	2.59E-02
5.371	2.59E-02
5.371	2.59E-02
5.372	2.59E-02
5.372	2.59E-02
5.372	2.59E-02
5.373	2.59E-02
5.373	2.59E-02
5.374	2.59E-02
5.374	2.59E-02
5.375	2.59E-02
5.376	2.59E-02
5.376	2.59E-02
5.377	2.59E-02
5.377	2.59E-02
5.378	2.59E-02
5.378	2.59E-02
5.378	2.59E-02
5.379	2.59E-02
5.379	2.59E-02
5.38	2.59E-02
5.38	2.59E-02
5.381	2.59E-02
5.381	2.59E-02
5.382	2.59E-02
5.383	2.59E-02
5.383	2.59E-02
5.384	2.59E-02
5.384	2.59E-02
5.385	2.59E-02
5.385	2.58E-02
5.385	2.58E-02
5.386	2.58E-02
5.386	2.58E-02
5.387	2.58E-02
5.387	2.58E-02
5.388	2.58E-02
5.389	2.58E-02
5.389	2.58E-02
5.39	2.58E-02
5.39	2.58E-02
5.391	2.58E-02
5.391	2.58E-02
5.391	2.58E-02
5.392	2.58E-02
5.392	2.58E-02
5.393	2.58E-02
5.393	2.58E-02
5.394	2.58E-02
5.394	2.58E-02
5.395	2.58E-02
5.396	2.58E-02
5.396	2.58E-02
5.397	2.58E-02
5.397	2.58E-02
5.398	2.58E-02
5.398	2.58E-02
5.398	2.58E-02
5.399	2.58E-02
5.399	2.58E-02
5.4	2.58E-02
5.4	2.58E-02
5.401	2.58E-02
5.402	2.58E-02
5.402	2.58E-02
5.403	2.58E-02
5.403	2.58E-02
5.404	2.58E-02
5.404	2.58E-02
5.405	2.58E-02
5.405	2.58E-02
5.405	2.58E-02
5.406	2.58E-02
5.406	2.58E-02
5.407	2.58E-02
5.407	2.58E-02
5.408	2.58E-02
5.409	2.58E-02
5.409	2.58E-02
5.41	2.58E-02
5.41	2.58E-02
5.411	2.58E-02
5.411	2.58E-02
5.411	2.58E-02
5.412	2.57E-02
5.412	2.57E-02
5.413	2.57E-02
5.413	2.57E-02
5.414	2.57E-02
5.415	2.57E-02
5.415	2.57E-02
5.416	2.57E-02
5.416	2.57E-02
5.417	2.57E-02
5.417	2.57E-02
5.418	2.57E-02
5.418	2.57E-02
5.418	2.57E-02
5.419	2.57E-02
5.419	2.57E-02
5.42	2.57E-02
5.42	2.57E-02
5.421	2.57E-02
5.422	2.57E-02
5.422	2.57E-02
5.423	2.57E-02
5.423	2.57E-02
5.424	2.57E-02
5.424	2.57E-02
5.424	2.57E-02
5.425	2.57E-02
5.425	2.57E-02
5.426	2.57E-02
5.426	2.57E-02
5.427	2.57E-02
5.427	2.57E-02
5.428	2.57E-02
5.429	2.57E-02
5.429	2.57E-02
5.43	2.57E-02
5.43	2.57E-02
5.431	2.57E-02
5.431	2.57E-02
5.431	2.57E-02
5.432	2.57E-02
5.432	2.57E-02
5.433	2.57E-02
5.433	2.57E-02
5.434	2.57E-02
5.435	2.57E-02
5.435	2.57E-02
5.436	2.57E-02
5.436	2.57E-02
5.437	2.57E-02
5.437	2.57E-02
5.438	2.57E-02
5.438	2.57E-02
5.438	2.57E-02
5.439	2.56E-02
5.439	2.56E-02
5.44	2.56E-02
5.44	2.56E-02
5.441	2.56E-02
5.442	2.56E-02
5.442	2.56E-02
5.443	2.56E-02
5.443	2.56E-02
5.444	2.56E-02
5.444	2.56E-02
5.444	2.56E-02
5.445	2.56E-02
5.445	2.56E-02
5.446	2.56E-02
5.446	2.56E-02
5.447	2.56E-02
5.448	2.56E-02
5.448	2.56E-02
5.449	2.56E-02
5.449	2.56E-02
5.45	2.56E-02
5.45	2.56E-02
5.451	2.56E-02
5.451	2.56E-02
5.451	2.56E-02
5.452	2.56E-02
5.452	2.56E-02
5.453	2.56E-02
5.453	2.56E-02
5.454	2.56E-02
5.455	2.56E-02
5.455	2.56E-02
5.456	2.56E-02
5.456	2.56E-02
5.457	2.56E-02
5.457	2.56E-02
5.457	2.56E-02
5.458	2.56E-02
5.458	2.56E-02
5.459	2.56E-02
5.459	2.56E-02
5.46	2.56E-02
5.46	2.56E-02
5.461	2.56E-02
5.462	2.56E-02
5.462	2.56E-02
5.463	2.56E-02
5.463	2.56E-02
5.464	2.56E-02
5.464	2.56E-02
5.464	2.56E-02
5.465	2.56E-02
5.465	2.56E-02
5.466	2.55E-02
5.466	2.55E-02
5.467	2.55E-02
5.468	2.55E-02
5.468	2.55E-02
5.469	2.55E-02
5.469	2.55E-02
5.47	2.55E-02
5.47	2.55E-02
5.47	2.55E-02
5.471	2.55E-02
5.471	2.55E-02
5.472	2.55E-02
5.472	2.55E-02
5.473	2.55E-02
5.473	2.55E-02
5.474	2.55E-02
5.475	2.55E-02
5.475	2.55E-02
5.476	2.55E-02
5.476	2.55E-02
5.477	2.55E-02
5.477	2.55E-02
5.477	2.55E-02
5.478	2.55E-02
5.478	2.55E-02
5.479	2.55E-02
5.479	2.55E-02
5.48	2.55E-02
5.481	2.55E-02
5.481	2.55E-02
5.482	2.55E-02
5.482	2.55E-02
5.483	2.55E-02
5.483	2.55E-02
5.484	2.55E-02
5.484	2.55E-02
5.484	2.55E-02
5.485	2.55E-02
5.485	2.55E-02
5.486	2.55E-02
5.486	2.55E-02
5.487	2.55E-02
5.488	2.55E-02
5.488	2.55E-02
5.489	2.55E-02
5.489	2.55E-02
5.49	2.55E-02
5.49	2.55E-02
5.49	2.55E-02
5.491	2.55E-02
5.491	2.55E-02
5.492	2.55E-02
5.492	2.55E-02
5.493	2.54E-02
5.494	2.54E-02
5.494	2.54E-02
5.495	2.54E-02
5.495	2.54E-02
5.496	2.54E-02
5.496	2.54E-02
5.497	2.54E-02
5.497	2.54E-02
5.497	2.54E-02
5.498	2.54E-02
5.498	2.54E-02
5.499	2.54E-02
5.499	2.54E-02
5.5	2.54E-02
5.501	2.54E-02
5.501	2.54E-02
5.502	2.54E-02
5.502	2.54E-02
5.503	2.54E-02
5.503	2.54E-02
5.503	2.54E-02
5.504	2.54E-02
5.504	2.54E-02
5.505	2.54E-02
5.505	2.54E-02
5.506	2.54E-02
5.506	2.54E-02
5.507	2.54E-02
5.508	2.54E-02
5.508	2.54E-02
5.509	2.54E-02
5.509	2.54E-02
5.51	2.54E-02
5.51	2.54E-02
5.51	2.54E-02
5.511	2.54E-02
5.511	2.54E-02
5.512	2.54E-02
5.512	2.54E-02
5.513	2.54E-02
5.514	2.54E-02
5.514	2.54E-02
5.515	2.54E-02
5.515	2.54E-02
5.516	2.54E-02
5.516	2.54E-02
5.516	2.54E-02
5.517	2.54E-02
5.517	2.54E-02
5.518	2.54E-02
5.518	2.54E-02
5.519	2.54E-02
5.519	2.53E-02
5.52	2.53E-02
5.521	2.53E-02
5.521	2.53E-02
5.522	2.53E-02
5.522	2.53E-02
5.523	2.53E-02
5.523	2.53E-02
5.523	2.53E-02
5.524	2.53E-02
5.524	2.53E-02
5.525	2.53E-02
5.525	2.53E-02
5.526	2.53E-02
5.527	2.53E-02
5.527	2.53E-02
5.528	2.53E-02
5.528	2.53E-02
5.529	2.53E-02
5.529	2.53E-02
5.53	2.53E-02
5.53	2.53E-02
5.53	2.53E-02
5.531	2.53E-02
5.531	2.53E-02
5.532	2.53E-02
5.532	2.53E-02
5.533	2.53E-02
5.534	2.53E-02
5.534	2.53E-02
5.535	2.53E-02
5.535	2.53E-02
5.536	2.53E-02
5.536	2.53E-02
5.536	2.53E-02
5.537	2.53E-02
5.537	2.53E-02
5.538	2.53E-02
5.538	2.53E-02
5.539	2.53E-02
5.54	2.53E-02
5.54	2.53E-02
5.541	2.53E-02
5.541	2.53E-02
5.542	2.53E-02
5.542	2.53E-02
5.543	2.53E-02
5.543	2.53E-02
5.543	2.53E-02
5.544	2.53E-02
5.544	2.53E-02
5.545	2.53E-02
5.545	2.53E-02
5.546	2.53E-02
5.547	2.52E-02
5.547	2.52E-02
5.548	2.52E-02
5.548	2.52E-02
5.549	2.52E-02
5.549	2.52E-02
5.549	2.52E-02
5.55	2.52E-02
5.55	2.52E-02
5.551	2.52E-02
5.551	2.52E-02
5.552	2.52E-02
5.552	2.52E-02
5.553	2.52E-02
5.554	2.52E-02
5.554	2.52E-02
5.555	2.52E-02
5.555	2.52E-02
5.556	2.52E-02
5.556	2.52E-02
5.556	2.52E-02
5.557	2.52E-02
5.557	2.52E-02
5.558	2.52E-02
5.558	2.52E-02
5.559	2.52E-02
5.56	2.52E-02
5.56	2.52E-02
5.561	2.52E-02
5.561	2.52E-02
5.562	2.52E-02
5.562	2.52E-02
5.562	2.52E-02
5.563	2.52E-02
5.563	2.52E-02
5.564	2.52E-02
5.564	2.52E-02
5.565	2.52E-02
5.565	2.52E-02
5.566	2.52E-02
5.567	2.52E-02
5.567	2.52E-02
5.568	2.52E-02
5.568	2.52E-02
5.569	2.52E-02
5.569	2.52E-02
5.569	2.52E-02
5.57	2.52E-02
5.57	2.52E-02
5.571	2.52E-02
5.571	2.52E-02
5.572	2.52E-02
5.573	2.52E-02
5.573	2.51E-02
5.574	2.51E-02
5.574	2.51E-02
5.575	2.51E-02
5.575	2.51E-02
5.576	2.51E-02
5.576	2.51E-02
5.576	2.51E-02
5.577	2.51E-02
5.577	2.51E-02
5.578	2.51E-02
5.578	2.51E-02
5.579	2.51E-02
5.58	2.51E-02
5.58	2.51E-02
5.581	2.51E-02
5.581	2.51E-02
5.582	2.51E-02
5.582	2.51E-02
5.582	2.51E-02
5.583	2.51E-02
5.583	2.51E-02
5.584	2.51E-02
5.584	2.51E-02
5.585	2.51E-02
5.585	2.51E-02
5.586	2.51E-02
5.587	2.51E-02
5.587	2.51E-02
5.588	2.51E-02
5.588	2.51E-02
5.589	2.51E-02
5.589	2.51E-02
5.589	2.51E-02
5.59	2.51E-02
5.59	2.51E-02
5.591	2.51E-02
5.591	2.51E-02
5.592	2.51E-02
5.593	2.51E-02
5.593	2.51E-02
5.594	2.51E-02
5.594	2.51E-02
5.595	2.51E-02
5.595	2.51E-02
5.595	2.51E-02
5.596	2.51E-02
5.596	2.51E-02
5.597	2.51E-02
5.597	2.51E-02
5.598	2.51E-02
5.598	2.51E-02
5.599	2.51E-02
5.6	2.50E-02
5.6	2.50E-02
5.601	2.50E-02
5.601	2.50E-02
5.602	2.50E-02
5.602	2.50E-02
5.602	2.50E-02
5.603	2.50E-02
5.603	2.50E-02
5.604	2.50E-02
5.604	2.50E-02
5.605	2.50E-02
5.606	2.50E-02
5.606	2.50E-02
5.607	2.50E-02
5.607	2.50E-02
5.608	2.50E-02
5.608	2.50E-02
5.609	2.50E-02
5.609	2.50E-02
5.609	2.50E-02
5.61	2.50E-02
5.61	2.50E-02
5.611	2.50E-02
5.611	2.50E-02
5.612	2.50E-02
5.613	2.50E-02
5.613	2.50E-02
5.614	2.50E-02
5.614	2.50E-02
5.615	2.50E-02
5.615	2.50E-02
5.615	2.50E-02
5.616	2.50E-02
5.616	2.50E-02
5.617	2.50E-02
5.617	2.50E-02
5.618	2.50E-02
5.619	2.50E-02
5.619	2.50E-02
5.62	2.50E-02
5.62	2.50E-02
5.621	2.50E-02
5.621	2.50E-02
5.622	2.50E-02
5.622	2.50E-02
5.622	2.50E-02
5.623	2.50E-02
5.623	2.50E-02
5.624	2.50E-02
5.624	2.50E-02
5.625	2.50E-02
5.626	2.50E-02
5.626	2.49E-02
5.627	2.49E-02
5.627	2.49E-02
5.628	2.49E-02
5.628	2.49E-02
5.628	2.49E-02
5.629	2.49E-02
5.629	2.49E-02
5.63	2.49E-02
5.63	2.49E-02
5.631	2.49E-02
5.631	2.49E-02
5.632	2.49E-02
5.633	2.49E-02
5.633	2.49E-02
5.634	2.49E-02
5.634	2.49E-02
5.635	2.49E-02
5.635	2.49E-02
5.635	2.49E-02
5.636	2.49E-02
5.636	2.49E-02
5.637	2.49E-02
5.637	2.49E-02
5.638	2.49E-02
5.639	2.49E-02
5.639	2.49E-02
5.64	2.49E-02
5.64	2.49E-02
5.641	2.49E-02
5.641	2.49E-02
5.641	2.49E-02
5.642	2.49E-02
5.642	2.49E-02
5.643	2.49E-02
5.643	2.49E-02
5.644	2.49E-02
5.644	2.49E-02
5.645	2.49E-02
5.646	2.49E-02
5.646	2.49E-02
5.647	2.49E-02
5.647	2.49E-02
5.648	2.49E-02
5.648	2.49E-02
5.648	2.49E-02
5.649	2.49E-02
5.649	2.49E-02
5.65	2.49E-02
5.65	2.49E-02
5.651	2.49E-02
5.652	2.49E-02
5.652	2.49E-02
5.653	2.48E-02
5.653	2.48E-02
5.654	2.48E-02
5.654	2.48E-02
5.655	2.48E-02
5.655	2.48E-02
5.655	2.48E-02
5.656	2.48E-02
5.656	2.48E-02
5.657	2.48E-02
5.657	2.48E-02
5.658	2.48E-02
5.659	2.48E-02
5.659	2.48E-02
5.66	2.48E-02
5.66	2.48E-02
5.661	2.48E-02
5.661	2.48E-02
5.661	2.48E-02
5.662	2.48E-02
5.662	2.48E-02
5.663	2.48E-02
5.663	2.48E-02
5.664	2.48E-02
5.665	2.48E-02
5.665	2.48E-02
5.666	2.48E-02
5.666	2.48E-02
5.667	2.48E-02
5.667	2.48E-02
5.668	2.48E-02
5.668	2.48E-02
5.668	2.48E-02
5.669	2.48E-02
5.669	2.48E-02
5.67	2.48E-02
5.67	2.48E-02
5.671	2.48E-02
5.672	2.48E-02
5.672	2.48E-02
5.673	2.48E-02
5.673	2.48E-02
5.674	2.48E-02
5.674	2.48E-02
5.674	2.48E-02
5.675	2.48E-02
5.675	2.48E-02
5.676	2.48E-02
5.676	2.48E-02
5.677	2.48E-02
5.677	2.48E-02
5.678	2.48E-02
5.679	2.47E-02
5.679	2.47E-02
5.68	2.47E-02
5.68	2.47E-02
5.681	2.47E-02
5.681	2.47E-02
5.681	2.47E-02
5.682	2.47E-02
5.682	2.47E-02
5.683	2.47E-02
5.683	2.47E-02
5.684	2.47E-02
5.685	2.47E-02
5.685	2.47E-02
5.686	2.47E-02
5.686	2.47E-02
5.687	2.47E-02
5.687	2.47E-02
5.688	2.47E-02
5.688	2.47E-02
5.688	2.47E-02
5.689	2.47E-02
5.689	2.47E-02
5.69	2.47E-02
5.69	2.47E-02
5.691	2.47E-02
5.692	2.47E-02
5.692	2.47E-02
5.693	2.47E-02
5.693	2.47E-02
5.694	2.47E-02
5.694	2.47E-02
5.694	2.47E-02
5.695	2.47E-02
5.695	2.47E-02
5.696	2.47E-02
5.696	2.47E-02
5.697	2.47E-02
5.698	2.47E-02
5.698	2.47E-02
5.699	2.47E-02
5.699	2.47E-02
5.7	2.47E-02
5.7	2.47E-02
5.701	2.47E-02
5.701	2.47E-02
5.701	2.47E-02
5.702	2.47E-02
5.702	2.47E-02
5.703	2.47E-02
5.703	2.47E-02
5.704	2.47E-02
5.705	2.47E-02
5.705	2.46E-02
5.706	2.46E-02
5.706	2.46E-02
5.707	2.46E-02
5.707	2.46E-02
5.707	2.46E-02
5.708	2.46E-02
5.708	2.46E-02
5.709	2.46E-02
5.709	2.46E-02
5.71	2.46E-02
5.71	2.46E-02
5.711	2.46E-02
5.712	2.46E-02
5.712	2.46E-02
5.713	2.46E-02
5.713	2.46E-02
5.714	2.46E-02
5.714	2.46E-02
5.714	2.46E-02
5.715	2.46E-02
5.715	2.46E-02
5.716	2.46E-02
5.716	2.46E-02
5.717	2.46E-02
5.718	2.46E-02
5.718	2.46E-02
5.719	2.46E-02
5.719	2.46E-02
5.72	2.46E-02
5.72	2.46E-02
5.72	2.46E-02
5.721	2.46E-02
5.721	2.46E-02
5.722	2.46E-02
5.722	2.46E-02
5.723	2.46E-02
5.723	2.46E-02
5.724	2.46E-02
5.725	2.46E-02
5.725	2.46E-02
5.726	2.46E-02
5.726	2.46E-02
5.727	2.46E-02
5.727	2.46E-02
5.727	2.46E-02
5.728	2.46E-02
5.728	2.46E-02
5.729	2.46E-02
5.729	2.46E-02
5.73	2.46E-02
5.731	2.46E-02
5.731	2.45E-02
5.732	2.45E-02
5.732	2.45E-02
5.733	2.45E-02
5.733	2.45E-02
5.734	2.45E-02
5.734	2.45E-02
5.734	2.45E-02
5.735	2.45E-02
5.735	2.45E-02
5.736	2.45E-02
5.736	2.45E-02
5.737	2.45E-02
5.738	2.45E-02
5.738	2.45E-02
5.739	2.45E-02
5.739	2.45E-02
5.74	2.45E-02
5.74	2.45E-02
5.74	2.45E-02
5.741	2.45E-02
5.741	2.45E-02
5.742	2.45E-02
5.742	2.45E-02
5.743	2.45E-02
5.744	2.45E-02
5.744	2.45E-02
5.745	2.45E-02
5.745	2.45E-02
5.746	2.45E-02
5.746	2.45E-02
5.747	2.45E-02
5.747	2.45E-02
5.747	2.45E-02
5.748	2.45E-02
5.748	2.45E-02
5.749	2.45E-02
5.749	2.45E-02
5.75	2.45E-02
5.751	2.45E-02
5.751	2.45E-02
5.752	2.45E-02
5.752	2.45E-02
5.753	2.45E-02
5.753	2.45E-02
5.753	2.45E-02
5.754	2.45E-02
5.754	2.45E-02
5.755	2.45E-02
5.755	2.45E-02
5.756	2.45E-02
5.756	2.45E-02
5.757	2.44E-02
5.758	2.44E-02
5.758	2.44E-02
5.759	2.44E-02
5.759	2.44E-02
5.76	2.44E-02
5.76	2.44E-02
5.76	2.44E-02
5.761	2.44E-02
5.761	2.44E-02
5.762	2.44E-02
5.762	2.44E-02
5.763	2.44E-02
5.764	2.44E-02
5.764	2.44E-02
5.765	2.44E-02
5.765	2.44E-02
5.766	2.44E-02
5.766	2.44E-02
5.766	2.44E-02
5.767	2.44E-02
5.767	2.44E-02
5.768	2.44E-02
5.768	2.44E-02
5.769	2.44E-02
5.769	2.44E-02
5.77	2.44E-02
5.771	2.44E-02
5.771	2.44E-02
5.772	2.44E-02
5.772	2.44E-02
5.773	2.44E-02
5.773	2.44E-02
5.773	2.44E-02
5.774	2.44E-02
5.774	2.44E-02
5.775	2.44E-02
5.775	2.44E-02
5.776	2.44E-02
5.777	2.44E-02
5.777	2.44E-02
5.778	2.44E-02
5.778	2.44E-02
5.779	2.44E-02
5.779	2.44E-02
5.78	2.44E-02
5.78	2.44E-02
5.78	2.44E-02
5.781	2.44E-02
5.781	2.44E-02
5.782	2.44E-02
5.782	2.44E-02
5.783	2.43E-02
5.784	2.43E-02
5.784	2.43E-02
5.785	2.43E-02
5.785	2.43E-02
5.786	2.43E-02
5.786	2.43E-02
5.786	2.43E-02
5.787	2.43E-02
5.787	2.43E-02
5.788	2.43E-02
5.788	2.43E-02
5.789	2.43E-02
5.79	2.43E-02
5.79	2.43E-02
5.791	2.43E-02
5.791	2.43E-02
5.792	2.43E-02
5.792	2.43E-02
5.793	2.43E-02
5.793	2.43E-02
5.793	2.43E-02
5.794	2.43E-02
5.794	2.43E-02
5.795	2.43E-02
5.795	2.43E-02
5.796	2.43E-02
5.797	2.43E-02
5.797	2.43E-02
5.798	2.43E-02
5.798	2.43E-02
5.799	2.43E-02
5.799	2.43E-02
5.799	2.43E-02
5.8	2.43E-02
5.8	2.43E-02
5.801	2.43E-02
5.801	2.43E-02
5.802	2.43E-02
5.802	2.43E-02
5.803	2.43E-02
5.804	2.43E-02
5.804	2.43E-02
5.805	2.43E-02
5.805	2.43E-02
5.806	2.43E-02
5.806	2.43E-02
5.806	2.43E-02
5.807	2.43E-02
5.807	2.43E-02
5.808	2.43E-02
5.808	2.43E-02
5.809	2.42E-02
5.81	2.42E-02
5.81	2.42E-02
5.811	2.42E-02
5.811	2.42E-02
5.812	2.42E-02
5.812	2.42E-02
5.812	2.42E-02
5.813	2.42E-02
5.813	2.42E-02
5.814	2.42E-02
5.814	2.42E-02
5.815	2.42E-02
5.815	2.42E-02
5.816	2.42E-02
5.817	2.42E-02
5.817	2.42E-02
5.818	2.42E-02
5.818	2.42E-02
5.819	2.42E-02
5.819	2.42E-02
5.819	2.42E-02
5.82	2.42E-02
5.82	2.42E-02
5.821	2.42E-02
5.821	2.42E-02
5.822	2.42E-02
5.823	2.42E-02
5.823	2.42E-02
5.824	2.42E-02
5.824	2.42E-02
5.825	2.42E-02
5.825	2.42E-02
5.826	2.42E-02
5.826	2.42E-02
5.826	2.42E-02
5.827	2.42E-02
5.827	2.42E-02
5.828	2.42E-02
5.828	2.42E-02
5.829	2.42E-02
5.83	2.42E-02
5.83	2.42E-02
5.831	2.42E-02
5.831	2.42E-02
5.832	2.42E-02
5.832	2.42E-02
5.832	2.42E-02
5.833	2.42E-02
5.833	2.42E-02
5.834	2.42E-02
5.834	2.42E-02
5.835	2.41E-02
5.835	2.41E-02
5.836	2.41E-02
5.837	2.41E-02
5.837	2.41E-02
5.838	2.41E-02
5.838	2.41E-02
5.839	2.41E-02
5.839	2.41E-02
5.839	2.41E-02
5.84	2.41E-02
5.84	2.41E-02
5.841	2.41E-02
5.841	2.41E-02
5.842	2.41E-02
5.843	2.41E-02
5.843	2.41E-02
5.844	2.41E-02
5.844	2.41E-02
5.845	2.41E-02
5.845	2.41E-02
5.845	2.41E-02
5.846	2.41E-02
5.846	2.41E-02
5.847	2.41E-02
5.847	2.41E-02
5.848	2.41E-02
5.848	2.41E-02
5.849	2.41E-02
5.85	2.41E-02
5.85	2.41E-02
5.851	2.41E-02
5.851	2.41E-02
5.852	2.41E-02
5.852	2.41E-02
5.852	2.41E-02
5.853	2.41E-02
5.853	2.41E-02
5.854	2.41E-02
5.854	2.41E-02
5.855	2.41E-02
5.856	2.41E-02
5.856	2.41E-02
5.857	2.41E-02
5.857	2.41E-02
5.858	2.41E-02
5.858	2.41E-02
5.859	2.41E-02
5.859	2.41E-02
5.859	2.41E-02
5.86	2.41E-02
5.86	2.41E-02
5.861	2.40E-02
5.861	2.40E-02
5.862	2.40E-02
5.863	2.40E-02
5.863	2.40E-02
5.864	2.40E-02
5.864	2.40E-02
5.865	2.40E-02
5.865	2.40E-02
5.865	2.40E-02
5.866	2.40E-02
5.866	2.40E-02
5.867	2.40E-02
5.867	2.40E-02
5.868	2.40E-02
5.869	2.40E-02
5.869	2.40E-02
5.87	2.40E-02
5.87	2.40E-02
5.871	2.40E-02
5.871	2.40E-02
5.872	2.40E-02
5.872	2.40E-02
5.872	2.40E-02
5.873	2.40E-02
5.873	2.40E-02
5.874	2.40E-02
5.874	2.40E-02
5.875	2.40E-02
5.876	2.40E-02
5.876	2.40E-02
5.877	2.40E-02
5.877	2.40E-02
5.878	2.40E-02
5.878	2.40E-02
5.878	2.40E-02
5.879	2.40E-02
5.879	2.40E-02
5.88	2.40E-02
5.88	2.40E-02
5.881	2.40E-02
5.881	2.40E-02
5.882	2.40E-02
5.883	2.40E-02
5.883	2.40E-02
5.884	2.40E-02
5.884	2.40E-02
5.885	2.40E-02
5.885	2.40E-02
5.885	2.40E-02
5.886	2.40E-02
5.886	2.39E-02
5.887	2.39E-02
5.887	2.39E-02
5.888	2.39E-02
5.889	2.39E-02
5.889	2.39E-02
5.89	2.39E-02
5.89	2.39E-02
5.891	2.39E-02
5.891	2.39E-02
5.891	2.39E-02
5.892	2.39E-02
5.892	2.39E-02
5.893	2.39E-02
5.893	2.39E-02
5.894	2.39E-02
5.894	2.39E-02
5.895	2.39E-02
5.896	2.39E-02
5.896	2.39E-02
5.897	2.39E-02
5.897	2.39E-02
5.898	2.39E-02
5.898	2.39E-02
5.898	2.39E-02
5.899	2.39E-02
5.899	2.39E-02
5.9	2.39E-02
5.9	2.39E-02
5.901	2.39E-02
5.902	2.39E-02
5.902	2.39E-02
5.903	2.39E-02
5.903	2.39E-02
5.904	2.39E-02
5.904	2.39E-02
5.905	2.39E-02
5.905	2.39E-02
5.905	2.39E-02
5.906	2.39E-02
5.906	2.39E-02
5.907	2.39E-02
5.907	2.39E-02
5.908	2.39E-02
5.909	2.39E-02
5.909	2.39E-02
5.91	2.39E-02
5.91	2.39E-02
5.911	2.39E-02
5.911	2.39E-02
5.911	2.39E-02
5.912	2.39E-02
5.912	2.38E-02
5.913	2.38E-02
5.913	2.38E-02
5.914	2.38E-02
5.915	2.38E-02
5.915	2.38E-02
5.916	2.38E-02
5.916	2.38E-02
5.917	2.38E-02
5.917	2.38E-02
5.918	2.38E-02
5.918	2.38E-02
5.918	2.38E-02
5.919	2.38E-02
5.919	2.38E-02
5.92	2.38E-02
5.92	2.38E-02
5.921	2.38E-02
5.922	2.38E-02
5.922	2.38E-02
5.923	2.38E-02
5.923	2.38E-02
5.924	2.38E-02
5.924	2.38E-02
5.924	2.38E-02
5.925	2.38E-02
5.925	2.38E-02
5.926	2.38E-02
5.926	2.38E-02
5.927	2.38E-02
5.927	2.38E-02
5.928	2.38E-02
5.929	2.38E-02
5.929	2.38E-02
5.93	2.38E-02
5.93	2.38E-02
5.931	2.38E-02
5.931	2.38E-02
5.931	2.38E-02
5.932	2.38E-02
5.932	2.38E-02
5.933	2.38E-02
5.933	2.38E-02
5.934	2.38E-02
5.935	2.38E-02
5.935	2.38E-02
5.936	2.38E-02
5.936	2.38E-02
5.937	2.38E-02
5.937	2.38E-02
5.938	2.38E-02
5.938	2.37E-02
5.938	2.37E-02
5.939	2.37E-02
5.939	2.37E-02
5.94	2.37E-02
5.94	2.37E-02
5.941	2.37E-02
5.942	2.37E-02
5.942	2.37E-02
5.943	2.37E-02
5.943	2.37E-02
5.944	2.37E-02
5.944	2.37E-02
5.944	2.37E-02
5.945	2.37E-02
5.945	2.37E-02
5.946	2.37E-02
5.946	2.37E-02
5.947	2.37E-02
5.948	2.37E-02
5.948	2.37E-02
5.949	2.37E-02
5.949	2.37E-02
5.95	2.37E-02
5.95	2.37E-02
5.951	2.37E-02
5.951	2.37E-02
5.951	2.37E-02
5.952	2.37E-02
5.952	2.37E-02
5.953	2.37E-02
5.953	2.37E-02
5.954	2.37E-02
5.955	2.37E-02
5.955	2.37E-02
5.956	2.37E-02
5.956	2.37E-02
5.957	2.37E-02
5.957	2.37E-02
5.957	2.37E-02
5.958	2.37E-02
5.958	2.37E-02
5.959	2.37E-02
5.959	2.37E-02
5.96	2.37E-02
5.96	2.37E-02
5.961	2.37E-02
5.962	2.37E-02
5.962	2.37E-02
5.963	2.37E-02
5.963	2.37E-02
5.964	2.37E-02
5.964	2.36E-02
5.964	2.36E-02
5.965	2.36E-02
5.965	2.36E-02
5.966	2.36E-02
5.966	2.36E-02
5.967	2.36E-02
5.968	2.36E-02
5.968	2.36E-02
5.969	2.36E-02
5.969	2.36E-02
5.97	2.36E-02
5.97	2.36E-02
5.97	2.36E-02
5.971	2.36E-02
5.971	2.36E-02
5.972	2.36E-02
5.972	2.36E-02
5.973	2.36E-02
5.973	2.36E-02
5.974	2.36E-02
5.975	2.36E-02
5.975	2.36E-02
5.976	2.36E-02
5.976	2.36E-02
5.977	2.36E-02
5.977	2.36E-02
5.977	2.36E-02
5.978	2.36E-02
5.978	2.36E-02
5.979	2.36E-02
5.979	2.36E-02
5.98	2.36E-02
5.981	2.36E-02
5.981	2.36E-02
5.982	2.36E-02
5.982	2.36E-02
5.983	2.36E-02
5.983	2.36E-02
5.984	2.36E-02
5.984	2.36E-02
5.984	2.36E-02
5.985	2.36E-02
5.985	2.36E-02
5.986	2.36E-02
5.986	2.36E-02
5.987	2.36E-02
5.988	2.36E-02
5.988	2.36E-02
5.989	2.36E-02
5.989	2.36E-02
5.99	2.35E-02
5.99	2.35E-02
5.99	2.35E-02
5.991	2.35E-02
5.991	2.35E-02
5.992	2.35E-02
5.992	2.35E-02
5.993	2.35E-02
5.994	2.35E-02
5.994	2.35E-02
5.995	2.35E-02
5.995	2.35E-02
5.996	2.35E-02
5.996	2.35E-02
5.997	2.35E-02
5.997	2.35E-02
5.997	2.35E-02
5.998	2.35E-02
5.998	2.35E-02
5.999	2.35E-02
5.999	2.35E-02
6	2.35E-02
6.001	2.35E-02
6.001	2.35E-02
6.002	2.35E-02
6.002	2.35E-02
6.003	2.35E-02
6.003	2.35E-02
6.003	2.35E-02
6.004	2.35E-02
6.004	2.35E-02
6.005	2.35E-02
6.005	2.35E-02
6.006	2.35E-02
6.006	2.35E-02
6.007	2.35E-02
6.008	2.35E-02
6.008	2.35E-02
6.009	2.35E-02
6.009	2.35E-02
6.01	2.35E-02
6.01	2.35E-02
6.01	2.35E-02
6.011	2.35E-02
6.011	2.35E-02
6.012	2.35E-02
6.012	2.35E-02
6.013	2.35E-02
6.014	2.35E-02
6.014	2.35E-02
6.015	2.35E-02
6.015	2.34E-02
6.016	2.34E-02
6.016	2.34E-02
6.016	2.34E-02
6.017	2.34E-02
6.017	2.34E-02
6.018	2.34E-02
6.018	2.34E-02
6.019	2.34E-02
6.019	2.34E-02
6.02	2.34E-02
6.021	2.34E-02
6.021	2.34E-02
6.022	2.34E-02
6.022	2.34E-02
6.023	2.34E-02
6.023	2.34E-02
6.023	2.34E-02
6.024	2.34E-02
6.024	2.34E-02
6.025	2.34E-02
6.025	2.34E-02
6.026	2.34E-02
6.027	2.34E-02
6.027	2.34E-02
6.028	2.34E-02
6.028	2.34E-02
6.029	2.34E-02
6.029	2.34E-02
6.03	2.34E-02
6.03	2.34E-02
6.03	2.34E-02
6.031	2.34E-02
6.031	2.34E-02
6.032	2.34E-02
6.032	2.34E-02
6.033	2.34E-02
6.034	2.34E-02
6.034	2.34E-02
6.035	2.34E-02
6.035	2.34E-02
6.036	2.34E-02
6.036	2.34E-02
6.036	2.34E-02
6.037	2.34E-02
6.037	2.34E-02
6.038	2.34E-02
6.038	2.34E-02
6.039	2.34E-02
6.04	2.34E-02
6.04	2.34E-02
6.041	2.33E-02
6.041	2.33E-02
6.042	2.33E-02
6.042	2.33E-02
6.043	2.33E-02
6.043	2.33E-02
6.043	2.33E-02
6.044	2.33E-02
6.044	2.33E-02
6.045	2.33E-02
6.045	2.33E-02
6.046	2.33E-02
6.047	2.33E-02
6.047	2.33E-02
6.048	2.33E-02
6.048	2.33E-02
6.049	2.33E-02
6.049	2.33E-02
6.049	2.33E-02
6.05	2.33E-02
6.05	2.33E-02
6.051	2.33E-02
6.051	2.33E-02
6.052	2.33E-02
6.052	2.33E-02
6.053	2.33E-02
6.054	2.33E-02
6.054	2.33E-02
6.055	2.33E-02
6.055	2.33E-02
6.056	2.33E-02
6.056	2.33E-02
6.056	2.33E-02
6.057	2.33E-02
6.057	2.33E-02
6.058	2.33E-02
6.058	2.33E-02
6.059	2.33E-02
6.06	2.33E-02
6.06	2.33E-02
6.061	2.33E-02
6.061	2.33E-02
6.062	2.33E-02
6.062	2.33E-02
6.062	2.33E-02
6.063	2.33E-02
6.063	2.33E-02
6.064	2.33E-02
6.064	2.33E-02
6.065	2.33E-02
6.065	2.33E-02
6.066	2.32E-02
6.067	2.32E-02
6.067	2.32E-02
6.068	2.32E-02
6.068	2.32E-02
6.069	2.32E-02
6.069	2.32E-02
6.069	2.32E-02
6.07	2.32E-02
6.07	2.32E-02
6.071	2.32E-02
6.071	2.32E-02
6.072	2.32E-02
6.073	2.32E-02
6.073	2.32E-02
6.074	2.32E-02
6.074	2.32E-02
6.075	2.32E-02
6.075	2.32E-02
6.076	2.32E-02
6.076	2.32E-02
6.076	2.32E-02
6.077	2.32E-02
6.077	2.32E-02
6.078	2.32E-02
6.078	2.32E-02
6.079	2.32E-02
6.08	2.32E-02
6.08	2.32E-02
6.081	2.32E-02
6.081	2.32E-02
6.082	2.32E-02
6.082	2.32E-02
6.082	2.32E-02
6.083	2.32E-02
6.083	2.32E-02
6.084	2.32E-02
6.084	2.32E-02
6.085	2.32E-02
6.085	2.32E-02
6.086	2.32E-02
6.087	2.32E-02
6.087	2.32E-02
6.088	2.32E-02
6.088	2.32E-02
6.089	2.32E-02
6.089	2.32E-02
6.089	2.32E-02
6.09	2.32E-02
6.09	2.32E-02
6.091	2.32E-02
6.091	2.31E-02
6.092	2.31E-02
6.093	2.31E-02
6.093	2.31E-02
6.094	2.31E-02
6.094	2.31E-02
6.095	2.31E-02
6.095	2.31E-02
6.095	2.31E-02
6.096	2.31E-02
6.096	2.31E-02
6.097	2.31E-02
6.097	2.31E-02
6.098	2.31E-02
6.098	2.31E-02
6.099	2.31E-02
6.1	2.31E-02
6.1	2.31E-02
6.101	2.31E-02
6.101	2.31E-02
6.102	2.31E-02
6.102	2.31E-02
6.102	2.31E-02
6.103	2.31E-02
6.103	2.31E-02
6.104	2.31E-02
6.104	2.31E-02
6.105	2.31E-02
6.106	2.31E-02
6.106	2.31E-02
6.107	2.31E-02
6.107	2.31E-02
6.108	2.31E-02
6.108	2.31E-02
6.109	2.31E-02
6.109	2.31E-02
6.109	2.31E-02
6.11	2.31E-02
6.11	2.31E-02
6.111	2.31E-02
6.111	2.31E-02
6.112	2.31E-02
6.113	2.31E-02
6.113	2.31E-02
6.114	2.31E-02
6.114	2.31E-02
6.115	2.31E-02
6.115	2.31E-02
6.115	2.31E-02
6.116	2.31E-02
6.116	2.30E-02
6.117	2.30E-02
6.117	2.30E-02
6.118	2.30E-02
6.119	2.30E-02
6.119	2.30E-02
6.12	2.30E-02
6.12	2.30E-02
6.121	2.30E-02
6.121	2.30E-02
6.122	2.30E-02
6.122	2.30E-02
6.122	2.30E-02
6.123	2.30E-02
6.123	2.30E-02
6.124	2.30E-02
6.124	2.30E-02
6.125	2.30E-02
6.126	2.30E-02
6.126	2.30E-02
6.127	2.30E-02
6.127	2.30E-02
6.128	2.30E-02
6.128	2.30E-02
6.128	2.30E-02
6.129	2.30E-02
6.129	2.30E-02
6.13	2.30E-02
6.13	2.30E-02
6.131	2.30E-02
6.131	2.30E-02
6.132	2.30E-02
6.133	2.30E-02
6.133	2.30E-02
6.134	2.30E-02
6.134	2.30E-02
6.135	2.30E-02
6.135	2.30E-02
6.135	2.30E-02
6.136	2.30E-02
6.136	2.30E-02
6.137	2.30E-02
6.137	2.30E-02
6.138	2.30E-02
6.139	2.30E-02
6.139	2.30E-02
6.14	2.30E-02
6.14	2.30E-02
6.141	2.30E-02
6.141	2.30E-02
6.141	2.30E-02
6.142	2.29E-02
6.142	2.29E-02
6.143	2.29E-02
6.143	2.29E-02
6.144	2.29E-02
6.144	2.29E-02
6.145	2.29E-02
6.146	2.29E-02
6.146	2.29E-02
6.147	2.29E-02
6.147	2.29E-02
6.148	2.29E-02
6.148	2.29E-02
6.148	2.29E-02
6.149	2.29E-02
6.149	2.29E-02
6.15	2.29E-02
6.15	2.29E-02
6.151	2.29E-02
6.152	2.29E-02
6.152	2.29E-02
6.153	2.29E-02
6.153	2.29E-02
6.154	2.29E-02
6.154	2.29E-02
6.155	2.29E-02
6.155	2.29E-02
6.155	2.29E-02
6.156	2.29E-02
6.156	2.29E-02
6.157	2.29E-02
6.157	2.29E-02
6.158	2.29E-02
6.159	2.29E-02
6.159	2.29E-02
6.16	2.29E-02
6.16	2.29E-02
6.161	2.29E-02
6.161	2.29E-02
6.161	2.29E-02
6.162	2.29E-02
6.162	2.29E-02
6.163	2.29E-02
6.163	2.29E-02
6.164	2.29E-02
6.165	2.29E-02
6.165	2.29E-02
6.166	2.29E-02
6.166	2.29E-02
6.167	2.29E-02
6.167	2.29E-02
6.168	2.28E-02
6.168	2.28E-02
6.168	2.28E-02
6.169	2.28E-02
6.169	2.28E-02
6.17	2.28E-02
6.17	2.28E-02
6.171	2.28E-02
6.172	2.28E-02
6.172	2.28E-02
6.173	2.28E-02
6.173	2.28E-02
6.174	2.28E-02
6.174	2.28E-02
6.174	2.28E-02
6.175	2.28E-02
6.175	2.28E-02
6.176	2.28E-02
6.176	2.28E-02
6.177	2.28E-02
6.177	2.28E-02
6.178	2.28E-02
6.179	2.28E-02
6.179	2.28E-02
6.18	2.28E-02
6.18	2.28E-02
6.181	2.28E-02
6.181	2.28E-02
6.181	2.28E-02
6.182	2.28E-02
6.182	2.28E-02
6.183	2.28E-02
6.183	2.28E-02
6.184	2.28E-02
6.185	2.28E-02
6.185	2.28E-02
6.186	2.28E-02
6.186	2.28E-02
6.187	2.28E-02
6.187	2.28E-02
6.188	2.28E-02
6.188	2.28E-02
6.188	2.28E-02
6.189	2.28E-02
6.189	2.28E-02
6.19	2.28E-02
6.19	2.28E-02
6.191	2.28E-02
6.192	2.28E-02
6.192	2.28E-02
6.193	2.27E-02
6.193	2.27E-02
6.194	2.27E-02
6.194	2.27E-02
6.194	2.27E-02
6.195	2.27E-02
6.195	2.27E-02
6.196	2.27E-02
6.196	2.27E-02
6.197	2.27E-02
6.198	2.27E-02
6.198	2.27E-02
6.199	2.27E-02
6.199	2.27E-02
6.2	2.27E-02
6.2	2.27E-02
6.201	2.27E-02
6.201	2.27E-02
6.201	2.27E-02
6.202	2.27E-02
6.202	2.27E-02
6.203	2.27E-02
6.203	2.27E-02
6.204	2.27E-02
6.205	2.27E-02
6.205	2.27E-02
6.206	2.27E-02
6.206	2.27E-02
6.207	2.27E-02
6.207	2.27E-02
6.207	2.27E-02
6.208	2.27E-02
6.208	2.27E-02
6.209	2.27E-02
6.209	2.27E-02
6.21	2.27E-02
6.21	2.27E-02
6.211	2.27E-02
6.212	2.27E-02
6.212	2.27E-02
6.213	2.27E-02
6.213	2.27E-02
6.214	2.27E-02
6.214	2.27E-02
6.214	2.27E-02
6.215	2.27E-02
6.215	2.27E-02
6.216	2.27E-02
6.216	2.27E-02
6.217	2.27E-02
6.218	2.27E-02
6.218	2.26E-02
6.219	2.26E-02
6.219	2.26E-02
6.22	2.26E-02
6.22	2.26E-02
6.22	2.26E-02
6.221	2.26E-02
6.221	2.26E-02
6.222	2.26E-02
6.222	2.26E-02
6.223	2.26E-02
6.223	2.26E-02
6.224	2.26E-02
6.225	2.26E-02
6.225	2.26E-02
6.226	2.26E-02
6.226	2.26E-02
6.227	2.26E-02
6.227	2.26E-02
6.227	2.26E-02
6.228	2.26E-02
6.228	2.26E-02
6.229	2.26E-02
6.229	2.26E-02
6.23	2.26E-02
6.231	2.26E-02
6.231	2.26E-02
6.232	2.26E-02
6.232	2.26E-02
6.233	2.26E-02
6.233	2.26E-02
6.234	2.26E-02
6.234	2.26E-02
6.234	2.26E-02
6.235	2.26E-02
6.235	2.26E-02
6.236	2.26E-02
6.236	2.26E-02
6.237	2.26E-02
6.238	2.26E-02
6.238	2.26E-02
6.239	2.26E-02
6.239	2.26E-02
6.24	2.26E-02
6.24	2.26E-02
6.24	2.26E-02
6.241	2.26E-02
6.241	2.26E-02
6.242	2.26E-02
6.242	2.26E-02
6.243	2.25E-02
6.244	2.25E-02
6.244	2.25E-02
6.245	2.25E-02
6.245	2.25E-02
6.246	2.25E-02
6.246	2.25E-02
6.247	2.25E-02
6.247	2.25E-02
6.247	2.25E-02
6.248	2.25E-02
6.248	2.25E-02
6.249	2.25E-02
6.249	2.25E-02
6.25	2.25E-02
6.251	2.25E-02
6.251	2.25E-02
6.252	2.25E-02
6.252	2.25E-02
6.253	2.25E-02
6.253	2.25E-02
6.253	2.25E-02
6.254	2.25E-02
6.254	2.25E-02
6.255	2.25E-02
6.255	2.25E-02
6.256	2.25E-02
6.256	2.25E-02
6.257	2.25E-02
6.258	2.25E-02
6.258	2.25E-02
6.259	2.25E-02
6.259	2.25E-02
6.26	2.25E-02
6.26	2.25E-02
6.26	2.25E-02
6.261	2.25E-02
6.261	2.25E-02
6.262	2.25E-02
6.262	2.25E-02
6.263	2.25E-02
6.264	2.25E-02
6.264	2.25E-02
6.265	2.25E-02
6.265	2.25E-02
6.266	2.25E-02
6.266	2.25E-02
6.266	2.25E-02
6.267	2.25E-02
6.267	2.25E-02
6.268	2.25E-02
6.268	2.24E-02
6.269	2.24E-02
6.269	2.24E-02
6.27	2.24E-02
6.271	2.24E-02
6.271	2.24E-02
6.272	2.24E-02
6.272	2.24E-02
6.273	2.24E-02
6.273	2.24E-02
6.273	2.24E-02
6.274	2.24E-02
6.274	2.24E-02
6.275	2.24E-02
6.275	2.24E-02
6.276	2.24E-02
6.277	2.24E-02
6.277	2.24E-02
6.278	2.24E-02
6.278	2.24E-02
6.279	2.24E-02
6.279	2.24E-02
6.28	2.24E-02
6.28	2.24E-02
6.28	2.24E-02
6.281	2.24E-02
6.281	2.24E-02
6.282	2.24E-02
6.282	2.24E-02
6.283	2.24E-02
6.284	2.24E-02
6.284	2.24E-02
6.285	2.24E-02
6.285	2.24E-02
6.286	2.24E-02
6.286	2.24E-02
6.286	2.24E-02
6.287	2.24E-02
6.287	2.24E-02
6.288	2.24E-02
6.288	2.24E-02
6.289	2.24E-02
6.29	2.24E-02
6.29	2.24E-02
6.291	2.24E-02
6.291	2.24E-02
6.292	2.24E-02
6.292	2.24E-02
6.293	2.24E-02
6.293	2.24E-02
6.293	2.23E-02
6.294	2.23E-02
6.294	2.23E-02
6.295	2.23E-02
6.295	2.23E-02
6.296	2.23E-02
6.297	2.23E-02
6.297	2.23E-02
6.298	2.23E-02
6.298	2.23E-02
6.299	2.23E-02
6.299	2.23E-02
6.299	2.23E-02
6.3	2.23E-02
6.3	2.23E-02
6.301	2.23E-02
6.301	2.23E-02
6.302	2.23E-02
6.302	2.23E-02
6.303	2.23E-02
6.304	2.23E-02
6.304	2.23E-02
6.305	2.23E-02
6.305	2.23E-02
6.306	2.23E-02
6.306	2.23E-02
6.306	2.23E-02
6.307	2.23E-02
6.307	2.23E-02
6.308	2.23E-02
6.308	2.23E-02
6.309	2.23E-02
6.31	2.23E-02
6.31	2.23E-02
6.311	2.23E-02
6.311	2.23E-02
6.312	2.23E-02
6.312	2.23E-02
6.312	2.23E-02
6.313	2.23E-02
6.313	2.23E-02
6.314	2.23E-02
6.314	2.23E-02
6.315	2.23E-02
6.315	2.23E-02
6.316	2.23E-02
6.317	2.23E-02
6.317	2.23E-02
6.318	2.23E-02
6.318	2.23E-02
6.319	2.22E-02
6.319	2.22E-02
6.319	2.22E-02
6.32	2.22E-02
6.32	2.22E-02
6.321	2.22E-02
6.321	2.22E-02
6.322	2.22E-02
6.323	2.22E-02
6.323	2.22E-02
6.324	2.22E-02
6.324	2.22E-02
6.325	2.22E-02
6.325	2.22E-02
6.326	2.22E-02
6.326	2.22E-02
6.326	2.22E-02
6.327	2.22E-02
6.327	2.22E-02
6.328	2.22E-02
6.328	2.22E-02
6.329	2.22E-02
6.33	2.22E-02
6.33	2.22E-02
6.331	2.22E-02
6.331	2.22E-02
6.332	2.22E-02
6.332	2.22E-02
6.332	2.22E-02
6.333	2.22E-02
6.333	2.22E-02
6.334	2.22E-02
6.334	2.22E-02
6.335	2.22E-02
6.335	2.22E-02
6.336	2.22E-02
6.337	2.22E-02
6.337	2.22E-02
6.338	2.22E-02
6.338	2.22E-02
6.339	2.22E-02
6.339	2.22E-02
6.339	2.22E-02
6.34	2.22E-02
6.34	2.22E-02
6.341	2.22E-02
6.341	2.22E-02
6.342	2.22E-02
6.343	2.22E-02
6.343	2.22E-02
6.344	2.21E-02
6.344	2.21E-02
6.345	2.21E-02
6.345	2.21E-02
6.345	2.21E-02
6.346	2.21E-02
6.346	2.21E-02
6.347	2.21E-02
6.347	2.21E-02
6.348	2.21E-02
6.348	2.21E-02
6.349	2.21E-02
6.35	2.21E-02
6.35	2.21E-02
6.351	2.21E-02
6.351	2.21E-02
6.352	2.21E-02
6.352	2.21E-02
6.352	2.21E-02
6.353	2.21E-02
6.353	2.21E-02
6.354	2.21E-02
6.354	2.21E-02
6.355	2.21E-02
6.356	2.21E-02
6.356	2.21E-02
6.357	2.21E-02
6.357	2.21E-02
6.358	2.21E-02
6.358	2.21E-02
6.359	2.21E-02
6.359	2.21E-02
6.359	2.21E-02
6.36	2.21E-02
6.36	2.21E-02
6.361	2.21E-02
6.361	2.21E-02
6.362	2.21E-02
6.363	2.21E-02
6.363	2.21E-02
6.364	2.21E-02
6.364	2.21E-02
6.365	2.21E-02
6.365	2.21E-02
6.365	2.21E-02
6.366	2.21E-02
6.366	2.21E-02
6.367	2.21E-02
6.367	2.21E-02
6.368	2.21E-02
6.369	2.21E-02
6.369	2.20E-02
6.37	2.20E-02
6.37	2.20E-02
6.371	2.20E-02
6.371	2.20E-02
6.372	2.20E-02
6.372	2.20E-02
6.372	2.20E-02
6.373	2.20E-02
6.373	2.20E-02
6.374	2.20E-02
6.374	2.20E-02
6.375	2.20E-02
6.376	2.20E-02
6.376	2.20E-02
6.377	2.20E-02
6.377	2.20E-02
6.378	2.20E-02
6.378	2.20E-02
6.378	2.20E-02
6.379	2.20E-02
6.379	2.20E-02
6.38	2.20E-02
6.38	2.20E-02
6.381	2.20E-02
6.381	2.20E-02
6.382	2.20E-02
6.383	2.20E-02
6.383	2.20E-02
6.384	2.20E-02
6.384	2.20E-02
6.385	2.20E-02
6.385	2.20E-02
6.385	2.20E-02
6.386	2.20E-02
6.386	2.20E-02
6.387	2.20E-02
6.387	2.20E-02
6.388	2.20E-02
6.389	2.20E-02
6.389	2.20E-02
6.39	2.20E-02
6.39	2.20E-02
6.391	2.20E-02
6.391	2.20E-02
6.391	2.20E-02
6.392	2.20E-02
6.392	2.20E-02
6.393	2.20E-02
6.393	2.20E-02
6.394	2.19E-02
6.394	2.19E-02
6.395	2.19E-02
6.396	2.19E-02
6.396	2.19E-02
6.397	2.19E-02
6.397	2.19E-02
6.398	2.19E-02
6.398	2.19E-02
6.398	2.19E-02
6.399	2.19E-02
6.399	2.19E-02
6.4	2.19E-02
6.4	2.19E-02
6.401	2.19E-02
6.402	2.19E-02
6.402	2.19E-02
6.403	2.19E-02
6.403	2.19E-02
6.404	2.19E-02
6.404	2.19E-02
6.405	2.19E-02
6.405	2.19E-02
6.405	2.19E-02
6.406	2.19E-02
6.406	2.19E-02
6.407	2.19E-02
6.407	2.19E-02
6.408	2.19E-02
6.409	2.19E-02
6.409	2.19E-02
6.41	2.19E-02
6.41	2.19E-02
6.411	2.19E-02
6.411	2.19E-02
6.411	2.19E-02
6.412	2.19E-02
6.412	2.19E-02
6.413	2.19E-02
6.413	2.19E-02
6.414	2.19E-02
6.415	2.19E-02
6.415	2.19E-02
6.416	2.19E-02
6.416	2.19E-02
6.417	2.19E-02
6.417	2.19E-02
6.418	2.19E-02
6.418	2.19E-02
6.418	2.19E-02
6.419	2.18E-02
6.419	2.18E-02
6.42	2.18E-02
6.42	2.18E-02
6.421	2.18E-02
6.422	2.18E-02
6.422	2.18E-02
6.423	2.18E-02
6.423	2.18E-02
6.424	2.18E-02
6.424	2.18E-02
6.424	2.18E-02
6.425	2.18E-02
6.425	2.18E-02
6.426	2.18E-02
6.426	2.18E-02
6.427	2.18E-02
6.427	2.18E-02
6.428	2.18E-02
6.429	2.18E-02
6.429	2.18E-02
6.43	2.18E-02
6.43	2.18E-02
6.431	2.18E-02
6.431	2.18E-02
6.431	2.18E-02
6.432	2.18E-02
6.432	2.18E-02
6.433	2.18E-02
6.433	2.18E-02
6.434	2.18E-02
6.435	2.18E-02
6.435	2.18E-02
6.436	2.18E-02
6.436	2.18E-02
6.437	2.18E-02
6.437	2.18E-02
6.438	2.18E-02
6.438	2.18E-02
6.438	2.18E-02
6.439	2.18E-02
6.439	2.18E-02
6.44	2.18E-02
6.44	2.18E-02
6.441	2.18E-02
6.442	2.18E-02
6.442	2.18E-02
6.443	2.18E-02
6.443	2.18E-02
6.444	2.18E-02
6.444	2.17E-02
6.444	2.17E-02
6.445	2.17E-02
6.445	2.17E-02
6.446	2.17E-02
6.446	2.17E-02
6.447	2.17E-02
6.448	2.17E-02
6.448	2.17E-02
6.449	2.17E-02
6.449	2.17E-02
6.45	2.17E-02
6.45	2.17E-02
6.451	2.17E-02
6.451	2.17E-02
6.451	2.17E-02
6.452	2.17E-02
6.452	2.17E-02
6.453	2.17E-02
6.453	2.17E-02
6.454	2.17E-02
6.455	2.17E-02
6.455	2.17E-02
6.456	2.17E-02
6.456	2.17E-02
6.457	2.17E-02
6.457	2.17E-02
6.457	2.17E-02
6.458	2.17E-02
6.458	2.17E-02
6.459	2.17E-02
6.459	2.17E-02
6.46	2.17E-02
6.46	2.17E-02
6.461	2.17E-02
6.462	2.17E-02
6.462	2.17E-02
6.463	2.17E-02
6.463	2.17E-02
6.464	2.17E-02
6.464	2.17E-02
6.464	2.17E-02
6.465	2.17E-02
6.465	2.17E-02
6.466	2.17E-02
6.466	2.17E-02
6.467	2.17E-02
6.468	2.17E-02
6.468	2.17E-02
6.469	2.17E-02
6.469	2.16E-02
6.47	2.16E-02
6.47	2.16E-02
6.47	2.16E-02
6.471	2.16E-02
6.471	2.16E-02
6.472	2.16E-02
6.472	2.16E-02
6.473	2.16E-02
6.473	2.16E-02
6.474	2.16E-02
6.475	2.16E-02
6.475	2.16E-02
6.476	2.16E-02
6.476	2.16E-02
6.477	2.16E-02
6.477	2.16E-02
6.477	2.16E-02
6.478	2.16E-02
6.478	2.16E-02
6.479	2.16E-02
6.479	2.16E-02
6.48	2.16E-02
6.481	2.16E-02
6.481	2.16E-02
6.482	2.16E-02
6.482	2.16E-02
6.483	2.16E-02
6.483	2.16E-02
6.484	2.16E-02
6.484	2.16E-02
6.484	2.16E-02
6.485	2.16E-02
6.485	2.16E-02
6.486	2.16E-02
6.486	2.16E-02
6.487	2.16E-02
6.488	2.16E-02
6.488	2.16E-02
6.489	2.16E-02
6.489	2.16E-02
6.49	2.16E-02
6.49	2.16E-02
6.49	2.16E-02
6.491	2.16E-02
6.491	2.16E-02
6.492	2.16E-02
6.492	2.16E-02
6.493	2.16E-02
6.494	2.16E-02
6.494	2.15E-02
6.495	2.15E-02
6.495	2.15E-02
6.496	2.15E-02
6.496	2.15E-02
6.497	2.15E-02
6.497	2.15E-02
6.497	2.15E-02
6.498	2.15E-02
6.498	2.15E-02
6.499	2.15E-02
6.499	2.15E-02
6.5	2.15E-02
6.501	2.15E-02
6.501	2.15E-02
6.502	2.15E-02
6.502	2.15E-02
6.503	2.15E-02
6.503	2.15E-02
6.503	2.15E-02
6.504	2.15E-02
6.504	2.15E-02
6.505	2.15E-02
6.505	2.15E-02
6.506	2.15E-02
6.506	2.15E-02
6.507	2.15E-02
6.508	2.15E-02
6.508	2.15E-02
6.509	2.15E-02
6.509	2.15E-02
6.51	2.15E-02
6.51	2.15E-02
6.51	2.15E-02
6.511	2.15E-02
6.511	2.15E-02
6.512	2.15E-02
6.512	2.15E-02
6.513	2.15E-02
6.514	2.15E-02
6.514	2.15E-02
6.515	2.15E-02
6.515	2.15E-02
6.516	2.15E-02
6.516	2.15E-02
6.516	2.15E-02
6.517	2.15E-02
6.517	2.15E-02
6.518	2.15E-02
6.518	2.15E-02
6.519	2.14E-02
6.519	2.14E-02
6.52	2.14E-02
6.521	2.14E-02
6.521	2.14E-02
6.522	2.14E-02
6.522	2.14E-02
6.523	2.14E-02
6.523	2.14E-02
6.523	2.14E-02
6.524	2.14E-02
6.524	2.14E-02
6.525	2.14E-02
6.525	2.14E-02
6.526	2.14E-02
6.527	2.14E-02
6.527	2.14E-02
6.528	2.14E-02
6.528	2.14E-02
6.529	2.14E-02
6.529	2.14E-02
6.53	2.14E-02
6.53	2.14E-02
6.53	2.14E-02
6.531	2.14E-02
6.531	2.14E-02
6.532	2.14E-02
6.532	2.14E-02
6.533	2.14E-02
6.534	2.14E-02
6.534	2.14E-02
6.535	2.14E-02
6.535	2.14E-02
6.536	2.14E-02
6.536	2.14E-02
6.536	2.14E-02
6.537	2.14E-02
6.537	2.14E-02
6.538	2.14E-02
6.538	2.14E-02
6.539	2.14E-02
6.54	2.14E-02
6.54	2.14E-02
6.541	2.14E-02
6.541	2.14E-02
6.542	2.14E-02
6.542	2.14E-02
6.543	2.14E-02
6.543	2.14E-02
6.543	2.14E-02
6.544	2.13E-02
6.544	2.13E-02
6.545	2.13E-02
6.545	2.13E-02
6.546	2.13E-02
6.547	2.13E-02
6.547	2.13E-02
6.548	2.13E-02
6.548	2.13E-02
6.549	2.13E-02
6.549	2.13E-02
6.549	2.13E-02
6.55	2.13E-02
6.55	2.13E-02
6.551	2.13E-02
6.551	2.13E-02
6.552	2.13E-02
6.552	2.13E-02
6.553	2.13E-02
6.554	2.13E-02
6.554	2.13E-02
6.555	2.13E-02
6.555	2.13E-02
6.556	2.13E-02
6.556	2.13E-02
6.556	2.13E-02
6.557	2.13E-02
6.557	2.13E-02
6.558	2.13E-02
6.558	2.13E-02
6.559	2.13E-02
6.56	2.13E-02
6.56	2.13E-02
6.561	2.13E-02
6.561	2.13E-02
6.562	2.13E-02
6.562	2.13E-02
6.562	2.13E-02
6.563	2.13E-02
6.563	2.13E-02
6.564	2.13E-02
6.564	2.13E-02
6.565	2.13E-02
6.565	2.13E-02
6.566	2.13E-02
6.567	2.13E-02
6.567	2.13E-02
6.568	2.13E-02
6.568	2.13E-02
6.569	2.13E-02
6.569	2.12E-02
6.569	2.12E-02
6.57	2.12E-02
6.57	2.12E-02
6.571	2.12E-02
6.571	2.12E-02
6.572	2.12E-02
6.573	2.12E-02
6.573	2.12E-02
6.574	2.12E-02
6.574	2.12E-02
6.575	2.12E-02
6.575	2.12E-02
6.576	2.12E-02
6.576	2.12E-02
6.576	2.12E-02
6.577	2.12E-02
6.577	2.12E-02
6.578	2.12E-02
6.578	2.12E-02
6.579	2.12E-02
6.58	2.12E-02
6.58	2.12E-02
6.581	2.12E-02
6.581	2.12E-02
6.582	2.12E-02
6.582	2.12E-02
6.582	2.12E-02
6.583	2.12E-02
6.583	2.12E-02
6.584	2.12E-02
6.584	2.12E-02
6.585	2.12E-02
6.585	2.12E-02
6.586	2.12E-02
6.587	2.12E-02
6.587	2.12E-02
6.588	2.12E-02
6.588	2.12E-02
6.589	2.12E-02
6.589	2.12E-02
6.589	2.12E-02
6.59	2.12E-02
6.59	2.12E-02
6.591	2.12E-02
6.591	2.12E-02
6.592	2.12E-02
6.593	2.12E-02
6.593	2.12E-02
6.594	2.12E-02
6.594	2.11E-02
6.595	2.11E-02
6.595	2.11E-02
6.595	2.11E-02
6.596	2.11E-02
6.596	2.11E-02
6.597	2.11E-02
6.597	2.11E-02
6.598	2.11E-02
6.598	2.11E-02
6.599	2.11E-02
6.6	2.11E-02
6.6	2.11E-02
6.601	2.11E-02
6.601	2.11E-02
6.602	2.11E-02
6.602	2.11E-02
6.602	2.11E-02
6.603	2.11E-02
6.603	2.11E-02
6.604	2.11E-02
6.604	2.11E-02
6.605	2.11E-02
6.606	2.11E-02
6.606	2.11E-02
6.607	2.11E-02
6.607	2.11E-02
6.608	2.11E-02
6.608	2.11E-02
6.609	2.11E-02
6.609	2.11E-02
6.609	2.11E-02
6.61	2.11E-02
6.61	2.11E-02
6.611	2.11E-02
6.611	2.11E-02
6.612	2.11E-02
6.613	2.11E-02
6.613	2.11E-02
6.614	2.11E-02
6.614	2.11E-02
6.615	2.11E-02
6.615	2.11E-02
6.615	2.11E-02
6.616	2.11E-02
6.616	2.11E-02
6.617	2.11E-02
6.617	2.11E-02
6.618	2.11E-02
6.619	2.11E-02
6.619	2.10E-02
6.62	2.10E-02
6.62	2.10E-02
6.621	2.10E-02
6.621	2.10E-02
6.622	2.10E-02
6.622	2.10E-02
6.622	2.10E-02
6.623	2.10E-02
6.623	2.10E-02
6.624	2.10E-02
6.624	2.10E-02
6.625	2.10E-02
6.626	2.10E-02
6.626	2.10E-02
6.627	2.10E-02
6.627	2.10E-02
6.628	2.10E-02
6.628	2.10E-02
6.628	2.10E-02
6.629	2.10E-02
6.629	2.10E-02
6.63	2.10E-02
6.63	2.10E-02
6.631	2.10E-02
6.631	2.10E-02
6.632	2.10E-02
6.633	2.10E-02
6.633	2.10E-02
6.634	2.10E-02
6.634	2.10E-02
6.635	2.10E-02
6.635	2.10E-02
6.635	2.10E-02
6.636	2.10E-02
6.636	2.10E-02
6.637	2.10E-02
6.637	2.10E-02
6.638	2.10E-02
6.639	2.10E-02
6.639	2.10E-02
6.64	2.10E-02
6.64	2.10E-02
6.641	2.10E-02
6.641	2.10E-02
6.641	2.10E-02
6.642	2.10E-02
6.642	2.10E-02
6.643	2.10E-02
6.643	2.09E-02
6.644	2.09E-02
6.644	2.09E-02
6.645	2.09E-02
6.646	2.09E-02
6.646	2.09E-02
6.647	2.09E-02
6.647	2.09E-02
6.648	2.09E-02
6.648	2.09E-02
6.648	2.09E-02
6.649	2.09E-02
6.649	2.09E-02
6.65	2.09E-02
6.65	2.09E-02
6.651	2.09E-02
6.652	2.09E-02
6.652	2.09E-02
6.653	2.09E-02
6.653	2.09E-02
6.654	2.09E-02
6.654	2.09E-02
6.655	2.09E-02
6.655	2.09E-02
6.655	2.09E-02
6.656	2.09E-02
6.656	2.09E-02
6.657	2.09E-02
6.657	2.09E-02
6.658	2.09E-02
6.659	2.09E-02
6.659	2.09E-02
6.66	2.09E-02
6.66	2.09E-02
6.661	2.09E-02
6.661	2.09E-02
6.661	2.09E-02
6.662	2.09E-02
6.662	2.09E-02
6.663	2.09E-02
6.663	2.09E-02
6.664	2.09E-02
6.665	2.09E-02
6.665	2.09E-02
6.666	2.09E-02
6.666	2.09E-02
6.667	2.09E-02
6.667	2.09E-02
6.668	2.09E-02
6.668	2.09E-02
6.668	2.08E-02
6.669	2.08E-02
6.669	2.08E-02
6.67	2.08E-02
6.67	2.08E-02
6.671	2.08E-02
6.672	2.08E-02
6.672	2.08E-02
6.673	2.08E-02
6.673	2.08E-02
6.674	2.08E-02
6.674	2.08E-02
6.674	2.08E-02
6.675	2.08E-02
6.675	2.08E-02
6.676	2.08E-02
6.676	2.08E-02
6.677	2.08E-02
6.677	2.08E-02
6.678	2.08E-02
6.679	2.08E-02
6.679	2.08E-02
6.68	2.08E-02
6.68	2.08E-02
6.681	2.08E-02
6.681	2.08E-02
6.681	2.08E-02
6.682	2.08E-02
6.682	2.08E-02
6.683	2.08E-02
6.683	2.08E-02
6.684	2.08E-02
6.685	2.08E-02
6.685	2.08E-02
6.686	2.08E-02
6.686	2.08E-02
6.687	2.08E-02
6.687	2.08E-02
6.688	2.08E-02
6.688	2.08E-02
6.688	2.08E-02
6.689	2.08E-02
6.689	2.08E-02
6.69	2.08E-02
6.69	2.08E-02
6.691	2.08E-02
6.692	2.08E-02
6.692	2.08E-02
6.693	2.08E-02
6.693	2.08E-02
6.694	2.07E-02
6.694	2.07E-02
6.694	2.07E-02
6.695	2.07E-02
6.695	2.07E-02
6.696	2.07E-02
6.696	2.07E-02
6.697	2.07E-02
6.698	2.07E-02
6.698	2.07E-02
6.699	2.07E-02
6.699	2.07E-02
6.7	2.07E-02
6.7	2.07E-02
6.701	2.07E-02
6.701	2.07E-02
6.701	2.07E-02
6.702	2.07E-02
6.702	2.07E-02
6.703	2.07E-02
6.703	2.07E-02
6.704	2.07E-02
6.705	2.07E-02
6.705	2.07E-02
6.706	2.07E-02
6.706	2.07E-02
6.707	2.07E-02
6.707	2.07E-02
6.707	2.07E-02
6.708	2.07E-02
6.708	2.07E-02
6.709	2.07E-02
6.709	2.07E-02
6.71	2.07E-02
6.71	2.07E-02
6.711	2.07E-02
6.712	2.07E-02
6.712	2.07E-02
6.713	2.07E-02
6.713	2.07E-02
6.714	2.07E-02
6.714	2.07E-02
6.714	2.07E-02
6.715	2.07E-02
6.715	2.07E-02
6.716	2.07E-02
6.716	2.07E-02
6.717	2.07E-02
6.718	2.07E-02
6.718	2.07E-02
6.719	2.06E-02
6.719	2.06E-02
6.72	2.06E-02
6.72	2.06E-02
6.72	2.06E-02
6.721	2.06E-02
6.721	2.06E-02
6.722	2.06E-02
6.722	2.06E-02
6.723	2.06E-02
6.723	2.06E-02
6.724	2.06E-02
6.725	2.06E-02
6.725	2.06E-02
6.726	2.06E-02
6.726	2.06E-02
6.727	2.06E-02
6.727	2.06E-02
6.727	2.06E-02
6.728	2.06E-02
6.728	2.06E-02
6.729	2.06E-02
6.729	2.06E-02
6.73	2.06E-02
6.731	2.06E-02
6.731	2.06E-02
6.732	2.06E-02
6.732	2.06E-02
6.733	2.06E-02
6.733	2.06E-02
6.734	2.06E-02
6.734	2.06E-02
6.734	2.06E-02
6.735	2.06E-02
6.735	2.06E-02
6.736	2.06E-02
6.736	2.06E-02
6.737	2.06E-02
6.738	2.06E-02
6.738	2.06E-02
6.739	2.06E-02
6.739	2.06E-02
6.74	2.06E-02
6.74	2.06E-02
6.74	2.06E-02
6.741	2.06E-02
6.741	2.06E-02
6.742	2.06E-02
6.742	2.06E-02
6.743	2.06E-02
6.744	2.05E-02
6.744	2.05E-02
6.745	2.05E-02
6.745	2.05E-02
6.746	2.05E-02
6.746	2.05E-02
6.747	2.05E-02
6.747	2.05E-02
6.747	2.05E-02
6.748	2.05E-02
6.748	2.05E-02
6.749	2.05E-02
6.749	2.05E-02
6.75	2.05E-02
6.751	2.05E-02
6.751	2.05E-02
6.752	2.05E-02
6.752	2.05E-02
6.753	2.05E-02
6.753	2.05E-02
6.753	2.05E-02
6.754	2.05E-02
6.754	2.05E-02
6.755	2.05E-02
6.755	2.05E-02
6.756	2.05E-02
6.756	2.05E-02
6.757	2.05E-02
6.758	2.05E-02
6.758	2.05E-02
6.759	2.05E-02
6.759	2.05E-02
6.76	2.05E-02
6.76	2.05E-02
6.76	2.05E-02
6.761	2.05E-02
6.761	2.05E-02
6.762	2.05E-02
6.762	2.05E-02
6.763	2.05E-02
6.764	2.05E-02
6.764	2.05E-02
6.765	2.05E-02
6.765	2.05E-02
6.766	2.05E-02
6.766	2.05E-02
6.766	2.05E-02
6.767	2.05E-02
6.767	2.05E-02
6.768	2.05E-02
6.768	2.04E-02
6.769	2.04E-02
6.769	2.04E-02
6.77	2.04E-02
6.771	2.04E-02
6.771	2.04E-02
6.772	2.04E-02
6.772	2.04E-02
6.773	2.04E-02
6.773	2.04E-02
6.773	2.04E-02
6.774	2.04E-02
6.774	2.04E-02
6.775	2.04E-02
6.775	2.04E-02
6.776	2.04E-02
6.777	2.04E-02
6.777	2.04E-02
6.778	2.04E-02
6.778	2.04E-02
6.779	2.04E-02
6.779	2.04E-02
6.78	2.04E-02
6.78	2.04E-02
6.78	2.04E-02
6.781	2.04E-02
6.781	2.04E-02
6.782	2.04E-02
6.782	2.04E-02
6.783	2.04E-02
6.784	2.04E-02
6.784	2.04E-02
6.785	2.04E-02
6.785	2.04E-02
6.786	2.04E-02
6.786	2.04E-02
6.786	2.04E-02
6.787	2.04E-02
6.787	2.04E-02
6.788	2.04E-02
6.788	2.04E-02
6.789	2.04E-02
6.79	2.04E-02
6.79	2.04E-02
6.791	2.04E-02
6.791	2.04E-02
6.792	2.04E-02
6.792	2.04E-02
6.793	2.04E-02
6.793	2.04E-02
6.793	2.03E-02
6.794	2.03E-02
6.794	2.03E-02
6.795	2.03E-02
6.795	2.03E-02
6.796	2.03E-02
6.797	2.03E-02
6.797	2.03E-02
6.798	2.03E-02
6.798	2.03E-02
6.799	2.03E-02
6.799	2.03E-02
6.799	2.03E-02
6.8	2.03E-02
6.8	2.03E-02
6.801	2.03E-02
6.801	2.03E-02
6.802	2.03E-02
6.802	2.03E-02
6.803	2.03E-02
6.804	2.03E-02
6.804	2.03E-02
6.805	2.03E-02
6.805	2.03E-02
6.806	2.03E-02
6.806	2.03E-02
6.806	2.03E-02
6.807	2.03E-02
6.807	2.03E-02
6.808	2.03E-02
6.808	2.03E-02
6.809	2.03E-02
6.81	2.03E-02
6.81	2.03E-02
6.811	2.03E-02
6.811	2.03E-02
6.812	2.03E-02
6.812	2.03E-02
6.812	2.03E-02
6.813	2.03E-02
6.813	2.03E-02
6.814	2.03E-02
6.814	2.03E-02
6.815	2.03E-02
6.815	2.03E-02
6.816	2.03E-02
6.817	2.03E-02
6.817	2.03E-02
6.818	2.03E-02
6.818	2.02E-02
6.819	2.02E-02
6.819	2.02E-02
6.819	2.02E-02
6.82	2.02E-02
6.82	2.02E-02
6.821	2.02E-02
6.821	2.02E-02
6.822	2.02E-02
6.823	2.02E-02
6.823	2.02E-02
6.824	2.02E-02
6.824	2.02E-02
6.825	2.02E-02
6.825	2.02E-02
6.826	2.02E-02
6.826	2.02E-02
6.826	2.02E-02
6.827	2.02E-02
6.827	2.02E-02
6.828	2.02E-02
6.828	2.02E-02
6.829	2.02E-02
6.83	2.02E-02
6.83	2.02E-02
6.831	2.02E-02
6.831	2.02E-02
6.832	2.02E-02
6.832	2.02E-02
6.832	2.02E-02
6.833	2.02E-02
6.833	2.02E-02
6.834	2.02E-02
6.834	2.02E-02
6.835	2.02E-02
6.835	2.02E-02
6.836	2.02E-02
6.837	2.02E-02
6.837	2.02E-02
6.838	2.02E-02
6.838	2.02E-02
6.839	2.02E-02
6.839	2.02E-02
6.839	2.02E-02
6.84	2.02E-02
6.84	2.02E-02
6.841	2.02E-02
6.841	2.02E-02
6.842	2.02E-02
6.843	2.02E-02
6.843	2.01E-02
6.844	2.01E-02
6.844	2.01E-02
6.845	2.01E-02
6.845	2.01E-02
6.845	2.01E-02
6.846	2.01E-02
6.846	2.01E-02
6.847	2.01E-02
6.847	2.01E-02
6.848	2.01E-02
6.848	2.01E-02
6.849	2.01E-02
6.85	2.01E-02
6.85	2.01E-02
6.851	2.01E-02
6.851	2.01E-02
6.852	2.01E-02
6.852	2.01E-02
6.852	2.01E-02
6.853	2.01E-02
6.853	2.01E-02
6.854	2.01E-02
6.854	2.01E-02
6.855	2.01E-02
6.856	2.01E-02
6.856	2.01E-02
6.857	2.01E-02
6.857	2.01E-02
6.858	2.01E-02
6.858	2.01E-02
6.859	2.01E-02
6.859	2.01E-02
6.859	2.01E-02
6.86	2.01E-02
6.86	2.01E-02
6.861	2.01E-02
6.861	2.01E-02
6.862	2.01E-02
6.863	2.01E-02
6.863	2.01E-02
6.864	2.01E-02
6.864	2.01E-02
6.865	2.01E-02
6.865	2.01E-02
6.865	2.01E-02
6.866	2.01E-02
6.866	2.01E-02
6.867	2.01E-02
6.867	2.01E-02
6.868	2.00E-02
6.869	2.00E-02
6.869	2.00E-02
6.87	2.00E-02
6.87	2.00E-02
6.871	2.00E-02
6.871	2.00E-02
6.872	2.00E-02
6.872	2.00E-02
6.872	2.00E-02
6.873	2.00E-02
6.873	2.00E-02
6.874	2.00E-02
6.874	2.00E-02
6.875	2.00E-02
6.876	2.00E-02
6.876	2.00E-02
6.877	2.00E-02
6.877	2.00E-02
6.878	2.00E-02
6.878	2.00E-02
6.878	2.00E-02
6.879	2.00E-02
6.879	2.00E-02
6.88	2.00E-02
6.88	2.00E-02
6.881	2.00E-02
6.881	2.00E-02
6.882	2.00E-02
6.883	2.00E-02
6.883	2.00E-02
6.884	2.00E-02
6.884	2.00E-02
6.885	2.00E-02
6.885	2.00E-02
6.885	2.00E-02
6.886	2.00E-02
6.886	2.00E-02
6.887	2.00E-02
6.887	2.00E-02
6.888	2.00E-02
6.889	2.00E-02
6.889	2.00E-02
6.89	2.00E-02
6.89	2.00E-02
6.891	2.00E-02
6.891	2.00E-02
6.891	2.00E-02
6.892	2.00E-02
6.892	2.00E-02
6.893	1.99E-02
6.893	1.99E-02
6.894	1.99E-02
6.894	1.99E-02
6.895	1.99E-02
6.896	1.99E-02
6.896	1.99E-02
6.897	1.99E-02
6.897	1.99E-02
6.898	1.99E-02
6.898	1.99E-02
6.898	1.99E-02
6.899	1.99E-02
6.899	1.99E-02
6.9	1.99E-02
6.9	1.99E-02
6.901	1.99E-02
6.902	1.99E-02
6.902	1.99E-02
6.903	1.99E-02
6.903	1.99E-02
6.904	1.99E-02
6.904	1.99E-02
6.905	1.99E-02
6.905	1.99E-02
6.905	1.99E-02
6.906	1.99E-02
6.906	1.99E-02
6.907	1.99E-02
6.907	1.99E-02
6.908	1.99E-02
6.909	1.99E-02
6.909	1.99E-02
6.91	1.99E-02
6.91	1.99E-02
6.911	1.99E-02
6.911	1.99E-02
6.911	1.99E-02
6.912	1.99E-02
6.912	1.99E-02
6.913	1.99E-02
6.913	1.99E-02
6.914	1.99E-02
6.915	1.99E-02
6.915	1.99E-02
6.916	1.99E-02
6.916	1.99E-02
6.917	1.99E-02
6.917	1.99E-02
6.918	1.99E-02
6.918	1.98E-02
6.918	1.98E-02
6.919	1.98E-02
6.919	1.98E-02
6.92	1.98E-02
6.92	1.98E-02
6.921	1.98E-02
6.922	1.98E-02
6.922	1.98E-02
6.923	1.98E-02
6.923	1.98E-02
6.924	1.98E-02
6.924	1.98E-02
6.924	1.98E-02
6.925	1.98E-02
6.925	1.98E-02
6.926	1.98E-02
6.926	1.98E-02
6.927	1.98E-02
6.927	1.98E-02
6.928	1.98E-02
6.929	1.98E-02
6.929	1.98E-02
6.93	1.98E-02
6.93	1.98E-02
6.931	1.98E-02
6.931	1.98E-02
6.931	1.98E-02
6.932	1.98E-02
6.932	1.98E-02
6.933	1.98E-02
6.933	1.98E-02
6.934	1.98E-02
6.935	1.98E-02
6.935	1.98E-02
6.936	1.98E-02
6.936	1.98E-02
6.937	1.98E-02
6.937	1.98E-02
6.938	1.98E-02
6.938	1.98E-02
6.938	1.98E-02
6.939	1.98E-02
6.939	1.98E-02
6.94	1.98E-02
6.94	1.98E-02
6.941	1.98E-02
6.942	1.98E-02
6.942	1.98E-02
6.943	1.98E-02
6.943	1.97E-02
6.944	1.97E-02
6.944	1.97E-02
6.944	1.97E-02
6.945	1.97E-02
6.945	1.97E-02
6.946	1.97E-02
6.946	1.97E-02
6.947	1.97E-02
6.948	1.97E-02
6.948	1.97E-02
6.949	1.97E-02
6.949	1.97E-02
6.95	1.97E-02
6.95	1.97E-02
6.951	1.97E-02
6.951	1.97E-02
6.951	1.97E-02
6.952	1.97E-02
6.952	1.97E-02
6.953	1.97E-02
6.953	1.97E-02
6.954	1.97E-02
6.955	1.97E-02
6.955	1.97E-02
6.956	1.97E-02
6.956	1.97E-02
6.957	1.97E-02
6.957	1.97E-02
6.957	1.97E-02
6.958	1.97E-02
6.958	1.97E-02
6.959	1.97E-02
6.959	1.97E-02
6.96	1.97E-02
6.96	1.97E-02
6.961	1.97E-02
6.962	1.97E-02
6.962	1.97E-02
6.963	1.97E-02
6.963	1.97E-02
6.964	1.97E-02
6.964	1.97E-02
6.964	1.97E-02
6.965	1.97E-02
6.965	1.97E-02
6.966	1.97E-02
6.966	1.97E-02
6.967	1.97E-02
6.968	1.97E-02
6.968	1.96E-02
6.969	1.96E-02
6.969	1.96E-02
6.97	1.96E-02
6.97	1.96E-02
6.97	1.96E-02
6.971	1.96E-02
6.971	1.96E-02
6.972	1.96E-02
6.972	1.96E-02
6.973	1.96E-02
6.973	1.96E-02
6.974	1.96E-02
6.975	1.96E-02
6.975	1.96E-02
6.976	1.96E-02
6.976	1.96E-02
6.977	1.96E-02
6.977	1.96E-02
6.977	1.96E-02
6.978	1.96E-02
6.978	1.96E-02
6.979	1.96E-02
6.979	1.96E-02
6.98	1.96E-02
6.981	1.96E-02
6.981	1.96E-02
6.982	1.96E-02
6.982	1.96E-02
6.983	1.96E-02
6.983	1.96E-02
6.984	1.96E-02
6.984	1.96E-02
6.984	1.96E-02
6.985	1.96E-02
6.985	1.96E-02
6.986	1.96E-02
6.986	1.96E-02
6.987	1.96E-02
6.988	1.96E-02
6.988	1.96E-02
6.989	1.96E-02
6.989	1.96E-02
6.99	1.96E-02
6.99	1.96E-02
6.99	1.96E-02
6.991	1.96E-02
6.991	1.96E-02
6.992	1.96E-02
6.992	1.96E-02
6.993	1.95E-02
6.994	1.95E-02
6.994	1.95E-02
6.995	1.95E-02
6.995	1.95E-02
6.996	1.95E-02
6.996	1.95E-02
6.997	1.95E-02
6.997	1.95E-02
6.997	1.95E-02
6.998	1.95E-02
6.998	1.95E-02
6.999	1.95E-02
6.999	1.95E-02
7	1.95E-02
7.001	1.95E-02
7.001	1.95E-02
7.002	1.95E-02
7.002	1.95E-02
7.003	1.95E-02
7.003	1.95E-02
7.003	1.95E-02
7.004	1.95E-02
7.004	1.95E-02
7.005	1.95E-02
7.005	1.95E-02
7.006	1.95E-02
7.006	1.95E-02
7.007	1.95E-02
7.008	1.95E-02
7.008	1.95E-02
7.009	1.95E-02
7.009	1.95E-02
7.01	1.95E-02
7.01	1.95E-02
7.01	1.95E-02
7.011	1.95E-02
7.011	1.95E-02
7.012	1.95E-02
7.012	1.95E-02
7.013	1.95E-02
7.014	1.95E-02
7.014	1.95E-02
7.015	1.95E-02
7.015	1.95E-02
7.016	1.95E-02
7.016	1.95E-02
7.016	1.95E-02
7.017	1.95E-02
7.017	1.95E-02
7.018	1.94E-02
7.018	1.94E-02
7.019	1.94E-02
7.019	1.94E-02
7.02	1.94E-02
7.021	1.94E-02
7.021	1.94E-02
7.022	1.94E-02
7.022	1.94E-02
7.023	1.94E-02
7.023	1.94E-02
7.023	1.94E-02
7.024	1.94E-02
7.024	1.94E-02
7.025	1.94E-02
7.025	1.94E-02
7.026	1.94E-02
7.027	1.94E-02
7.027	1.94E-02
7.028	1.94E-02
7.028	1.94E-02
7.029	1.94E-02
7.029	1.94E-02
7.03	1.94E-02
7.03	1.94E-02
7.03	1.94E-02
7.031	1.94E-02
7.031	1.94E-02
7.032	1.94E-02
7.032	1.94E-02
7.033	1.94E-02
7.034	1.94E-02
7.034	1.94E-02
7.035	1.94E-02
7.035	1.94E-02
7.036	1.94E-02
7.036	1.94E-02
7.036	1.94E-02
7.037	1.94E-02
7.037	1.94E-02
7.038	1.94E-02
7.038	1.94E-02
7.039	1.94E-02
7.04	1.94E-02
7.04	1.94E-02
7.041	1.94E-02
7.041	1.94E-02
7.042	1.94E-02
7.042	1.94E-02
7.043	1.94E-02
7.043	1.93E-02
7.043	1.93E-02
7.044	1.93E-02
7.044	1.93E-02
7.045	1.93E-02
7.045	1.93E-02
7.046	1.93E-02
7.047	1.93E-02
7.047	1.93E-02
7.048	1.93E-02
7.048	1.93E-02
7.049	1.93E-02
7.049	1.93E-02
7.049	1.93E-02
7.05	1.93E-02
7.05	1.93E-02
7.051	1.93E-02
7.051	1.93E-02
7.052	1.93E-02
7.052	1.93E-02
7.053	1.93E-02
7.054	1.93E-02
7.054	1.93E-02
7.055	1.93E-02
7.055	1.93E-02
7.056	1.93E-02
7.056	1.93E-02
7.056	1.93E-02
7.057	1.93E-02
7.057	1.93E-02
7.058	1.93E-02
7.058	1.93E-02
7.059	1.93E-02
7.06	1.93E-02
7.06	1.93E-02
7.061	1.93E-02
7.061	1.93E-02
7.062	1.93E-02
7.062	1.93E-02
7.062	1.93E-02
7.063	1.93E-02
7.063	1.93E-02
7.064	1.93E-02
7.064	1.93E-02
7.065	1.93E-02
7.065	1.93E-02
7.066	1.93E-02
7.067	1.93E-02
7.067	1.93E-02
7.068	1.93E-02
7.068	1.92E-02
7.069	1.92E-02
7.069	1.92E-02
7.069	1.92E-02
7.07	1.92E-02
7.07	1.92E-02
7.071	1.92E-02
7.071	1.92E-02
7.072	1.92E-02
7.073	1.92E-02
7.073	1.92E-02
7.074	1.92E-02
7.074	1.92E-02
7.075	1.92E-02
7.075	1.92E-02
7.076	1.92E-02
7.076	1.92E-02
7.076	1.92E-02
7.077	1.92E-02
7.077	1.92E-02
7.078	1.92E-02
7.078	1.92E-02
7.079	1.92E-02
7.08	1.92E-02
7.08	1.92E-02
7.081	1.92E-02
7.081	1.92E-02
7.082	1.92E-02
7.082	1.92E-02
7.082	1.92E-02
7.083	1.92E-02
7.083	1.92E-02
7.084	1.92E-02
7.084	1.92E-02
7.085	1.92E-02
7.085	1.92E-02
7.086	1.92E-02
7.087	1.92E-02
7.087	1.92E-02
7.088	1.92E-02
7.088	1.92E-02
7.089	1.92E-02
7.089	1.92E-02
7.089	1.92E-02
7.09	1.92E-02
7.09	1.92E-02
7.091	1.92E-02
7.091	1.92E-02
7.092	1.92E-02
7.093	1.92E-02
7.093	1.91E-02
7.094	1.91E-02
7.094	1.91E-02
7.095	1.91E-02
7.095	1.91E-02
7.095	1.91E-02
7.096	1.91E-02
7.096	1.91E-02
7.097	1.91E-02
7.097	1.91E-02
7.098	1.91E-02
7.098	1.91E-02
7.099	1.91E-02
7.1	1.91E-02
7.1	1.91E-02
7.101	1.91E-02
7.101	1.91E-02
7.102	1.91E-02
7.102	1.91E-02
7.102	1.91E-02
7.103	1.91E-02
7.103	1.91E-02
7.104	1.91E-02
7.104	1.91E-02
7.105	1.91E-02
7.106	1.91E-02
7.106	1.91E-02
7.107	1.91E-02
7.107	1.91E-02
7.108	1.91E-02
7.108	1.91E-02
7.109	1.91E-02
7.109	1.91E-02
7.109	1.91E-02
7.11	1.91E-02
7.11	1.91E-02
7.111	1.91E-02
7.111	1.91E-02
7.112	1.91E-02
7.113	1.91E-02
7.113	1.91E-02
7.114	1.91E-02
7.114	1.91E-02
7.115	1.91E-02
7.115	1.91E-02
7.115	1.91E-02
7.116	1.91E-02
7.116	1.91E-02
7.117	1.91E-02
7.117	1.91E-02
7.118	1.90E-02
7.119	1.90E-02
7.119	1.90E-02
7.12	1.90E-02
7.12	1.90E-02
7.121	1.90E-02
7.121	1.90E-02
7.122	1.90E-02
7.122	1.90E-02
7.122	1.90E-02
7.123	1.90E-02
7.123	1.90E-02
7.124	1.90E-02
7.124	1.90E-02
7.125	1.90E-02
7.126	1.90E-02
7.126	1.90E-02
7.127	1.90E-02
7.127	1.90E-02
7.128	1.90E-02
7.128	1.90E-02
7.128	1.90E-02
7.129	1.90E-02
7.129	1.90E-02
7.13	1.90E-02
7.13	1.90E-02
7.131	1.90E-02
7.131	1.90E-02
7.132	1.90E-02
7.133	1.90E-02
7.133	1.90E-02
7.134	1.90E-02
7.134	1.90E-02
7.135	1.90E-02
7.135	1.90E-02
7.135	1.90E-02
7.136	1.90E-02
7.136	1.90E-02
7.137	1.90E-02
7.137	1.90E-02
7.138	1.90E-02
7.139	1.90E-02
7.139	1.90E-02
7.14	1.90E-02
7.14	1.90E-02
7.141	1.90E-02
7.141	1.90E-02
7.141	1.90E-02
7.142	1.90E-02
7.142	1.90E-02
7.143	1.90E-02
7.143	1.89E-02
7.144	1.89E-02
7.144	1.89E-02
7.145	1.89E-02
7.146	1.89E-02
7.146	1.89E-02
7.147	1.89E-02
7.147	1.89E-02
7.148	1.89E-02
7.148	1.89E-02
7.148	1.89E-02
7.149	1.89E-02
7.149	1.89E-02
7.15	1.89E-02
7.15	1.89E-02
7.151	1.89E-02
7.152	1.89E-02
7.152	1.89E-02
7.153	1.89E-02
7.153	1.89E-02
7.154	1.89E-02
7.154	1.89E-02
7.155	1.89E-02
7.155	1.89E-02
7.155	1.89E-02
7.156	1.89E-02
7.156	1.89E-02
7.157	1.89E-02
7.157	1.89E-02
7.158	1.89E-02
7.159	1.89E-02
7.159	1.89E-02
7.16	1.89E-02
7.16	1.89E-02
7.161	1.89E-02
7.161	1.89E-02
7.161	1.89E-02
7.162	1.89E-02
7.162	1.89E-02
7.163	1.89E-02
7.163	1.89E-02
7.164	1.89E-02
7.165	1.89E-02
7.165	1.89E-02
7.166	1.89E-02
7.166	1.89E-02
7.167	1.89E-02
7.167	1.89E-02
7.168	1.89E-02
7.168	1.89E-02
7.168	1.88E-02
7.169	1.88E-02
7.169	1.88E-02
7.17	1.88E-02
7.17	1.88E-02
7.171	1.88E-02
7.172	1.88E-02
7.172	1.88E-02
7.173	1.88E-02
7.173	1.88E-02
7.174	1.88E-02
7.174	1.88E-02
7.174	1.88E-02
7.175	1.88E-02
7.175	1.88E-02
7.176	1.88E-02
7.176	1.88E-02
7.177	1.88E-02
7.177	1.88E-02
7.178	1.88E-02
7.179	1.88E-02
7.179	1.88E-02
7.18	1.88E-02
7.18	1.88E-02
7.181	1.88E-02
7.181	1.88E-02
7.181	1.88E-02
7.182	1.88E-02
7.182	1.88E-02
7.183	1.88E-02
7.183	1.88E-02
7.184	1.88E-02
7.185	1.88E-02
7.185	1.88E-02
7.186	1.88E-02
7.186	1.88E-02
7.187	1.88E-02
7.187	1.88E-02
7.188	1.88E-02
7.188	1.88E-02
7.188	1.88E-02
7.189	1.88E-02
7.189	1.88E-02
7.19	1.88E-02
7.19	1.88E-02
7.191	1.88E-02
7.192	1.88E-02
7.192	1.88E-02
7.193	1.88E-02
7.193	1.88E-02
7.194	1.87E-02
7.194	1.87E-02
7.194	1.87E-02
7.195	1.87E-02
7.195	1.87E-02
7.196	1.87E-02
7.196	1.87E-02
7.197	1.87E-02
7.198	1.87E-02
7.198	1.87E-02
7.199	1.87E-02
7.199	1.87E-02
7.2	1.87E-02
7.2	1.87E-02
7.201	1.87E-02
7.201	1.87E-02
7.201	1.87E-02
7.202	1.87E-02
7.202	1.87E-02
7.203	1.87E-02
7.203	1.87E-02
7.204	1.87E-02
7.205	1.87E-02
7.205	1.87E-02
7.206	1.87E-02
7.206	1.87E-02
7.207	1.87E-02
7.207	1.87E-02
7.207	1.87E-02
7.208	1.87E-02
7.208	1.87E-02
7.209	1.87E-02
7.209	1.87E-02
7.21	1.87E-02
7.21	1.87E-02
7.211	1.87E-02
7.212	1.87E-02
7.212	1.87E-02
7.213	1.87E-02
7.213	1.87E-02
7.214	1.87E-02
7.214	1.87E-02
7.214	1.87E-02
7.215	1.87E-02
7.215	1.87E-02
7.216	1.87E-02
7.216	1.87E-02
7.217	1.87E-02
7.218	1.87E-02
7.218	1.87E-02
7.219	1.86E-02
7.219	1.86E-02
7.22	1.86E-02
7.22	1.86E-02
7.22	1.86E-02
7.221	1.86E-02
7.221	1.86E-02
7.222	1.86E-02
7.222	1.86E-02
7.223	1.86E-02
7.223	1.86E-02
7.224	1.86E-02
7.225	1.86E-02
7.225	1.86E-02
7.226	1.86E-02
7.226	1.86E-02
7.227	1.86E-02
7.227	1.86E-02
7.227	1.86E-02
7.228	1.86E-02
7.228	1.86E-02
7.229	1.86E-02
7.229	1.86E-02
7.23	1.86E-02
7.231	1.86E-02
7.231	1.86E-02
7.232	1.86E-02
7.232	1.86E-02
7.233	1.86E-02
7.233	1.86E-02
7.234	1.86E-02
7.234	1.86E-02
7.234	1.86E-02
7.235	1.86E-02
7.235	1.86E-02
7.236	1.86E-02
7.236	1.86E-02
7.237	1.86E-02
7.238	1.86E-02
7.238	1.86E-02
7.239	1.86E-02
7.239	1.86E-02
7.24	1.86E-02
7.24	1.86E-02
7.24	1.86E-02
7.241	1.86E-02
7.241	1.86E-02
7.242	1.86E-02
7.242	1.86E-02
7.243	1.86E-02
7.244	1.86E-02
7.244	1.85E-02
7.245	1.85E-02
7.245	1.85E-02
7.246	1.85E-02
7.246	1.85E-02
7.247	1.85E-02
7.247	1.85E-02
7.247	1.85E-02
7.248	1.85E-02
7.248	1.85E-02
7.249	1.85E-02
7.249	1.85E-02
7.25	1.85E-02
7.251	1.85E-02
7.251	1.85E-02
7.252	1.85E-02
7.252	1.85E-02
7.253	1.85E-02
7.253	1.85E-02
7.253	1.85E-02
7.254	1.85E-02
7.254	1.85E-02
7.255	1.85E-02
7.255	1.85E-02
7.256	1.85E-02
7.256	1.85E-02
7.257	1.85E-02
7.258	1.85E-02
7.258	1.85E-02
7.259	1.85E-02
7.259	1.85E-02
7.26	1.85E-02
7.26	1.85E-02
7.26	1.85E-02
7.261	1.85E-02
7.261	1.85E-02
7.262	1.85E-02
7.262	1.85E-02
7.263	1.85E-02
7.264	1.85E-02
7.264	1.85E-02
7.265	1.85E-02
7.265	1.85E-02
7.266	1.85E-02
7.266	1.85E-02
7.266	1.85E-02
7.267	1.85E-02
7.267	1.85E-02
7.268	1.85E-02
7.268	1.85E-02
7.269	1.84E-02
7.269	1.84E-02
7.27	1.84E-02
7.271	1.84E-02
7.271	1.84E-02
7.272	1.84E-02
7.272	1.84E-02
7.273	1.84E-02
7.273	1.84E-02
7.273	1.84E-02
7.274	1.84E-02
7.274	1.84E-02
7.275	1.84E-02
7.275	1.84E-02
7.276	1.84E-02
7.277	1.84E-02
7.277	1.84E-02
7.278	1.84E-02
7.278	1.84E-02
7.279	1.84E-02
7.279	1.84E-02
7.28	1.84E-02
7.28	1.84E-02
7.28	1.84E-02
7.281	1.84E-02
7.281	1.84E-02
7.282	1.84E-02
7.282	1.84E-02
7.283	1.84E-02
7.284	1.84E-02
7.284	1.84E-02
7.285	1.84E-02
7.285	1.84E-02
7.286	1.84E-02
7.286	1.84E-02
7.286	1.84E-02
7.287	1.84E-02
7.287	1.84E-02
7.288	1.84E-02
7.288	1.84E-02
7.289	1.84E-02
7.29	1.84E-02
7.29	1.84E-02
7.291	1.84E-02
7.291	1.84E-02
7.292	1.84E-02
7.292	1.84E-02
7.293	1.84E-02
7.293	1.84E-02
7.293	1.84E-02
7.294	1.84E-02
7.294	1.83E-02
7.295	1.83E-02
7.295	1.83E-02
7.296	1.83E-02
7.297	1.83E-02
7.297	1.83E-02
7.298	1.83E-02
7.298	1.83E-02
7.299	1.83E-02
7.299	1.83E-02
7.299	1.83E-02
7.3	1.83E-02
7.3	1.83E-02
7.301	1.83E-02
7.301	1.83E-02
7.302	1.83E-02
7.302	1.83E-02
7.303	1.83E-02
7.304	1.83E-02
7.304	1.83E-02
7.305	1.83E-02
7.305	1.83E-02
7.306	1.83E-02
7.306	1.83E-02
7.306	1.83E-02
7.307	1.83E-02
7.307	1.83E-02
7.308	1.83E-02
7.308	1.83E-02
7.309	1.83E-02
7.31	1.83E-02
7.31	1.83E-02
7.311	1.83E-02
7.311	1.83E-02
7.312	1.83E-02
7.312	1.83E-02
7.312	1.83E-02
7.313	1.83E-02
7.313	1.83E-02
7.314	1.83E-02
7.314	1.83E-02
7.315	1.83E-02
7.315	1.83E-02
7.316	1.83E-02
7.317	1.83E-02
7.317	1.83E-02
7.318	1.83E-02
7.318	1.83E-02
7.319	1.83E-02
7.319	1.83E-02
7.319	1.82E-02
7.32	1.82E-02
7.32	1.82E-02
7.321	1.82E-02
7.321	1.82E-02
7.322	1.82E-02
7.323	1.82E-02
7.323	1.82E-02
7.324	1.82E-02
7.324	1.82E-02
7.325	1.82E-02
7.325	1.82E-02
7.326	1.82E-02
7.326	1.82E-02
7.326	1.82E-02
7.327	1.82E-02
7.327	1.82E-02
7.328	1.82E-02
7.328	1.82E-02
7.329	1.82E-02
7.33	1.82E-02
7.33	1.82E-02
7.331	1.82E-02
7.331	1.82E-02
7.332	1.82E-02
7.332	1.82E-02
7.332	1.82E-02
7.333	1.82E-02
7.333	1.82E-02
7.334	1.82E-02
7.334	1.82E-02
7.335	1.82E-02
7.335	1.82E-02
7.336	1.82E-02
7.337	1.82E-02
7.337	1.82E-02
7.338	1.82E-02
7.338	1.82E-02
7.339	1.82E-02
7.339	1.82E-02
7.339	1.82E-02
7.34	1.82E-02
7.34	1.82E-02
7.341	1.82E-02
7.341	1.82E-02
7.342	1.82E-02
7.343	1.82E-02
7.343	1.82E-02
7.344	1.82E-02
7.344	1.82E-02
7.345	1.82E-02
7.345	1.81E-02
7.345	1.81E-02
7.346	1.81E-02
7.346	1.81E-02
7.347	1.81E-02
7.347	1.81E-02
7.348	1.81E-02
7.348	1.81E-02
7.349	1.81E-02
7.35	1.81E-02
7.35	1.81E-02
7.351	1.81E-02
7.351	1.81E-02
7.352	1.81E-02
7.352	1.81E-02
7.352	1.81E-02
7.353	1.81E-02
7.353	1.81E-02
7.354	1.81E-02
7.354	1.81E-02
7.355	1.81E-02
7.356	1.81E-02
7.356	1.81E-02
7.357	1.81E-02
7.357	1.81E-02
7.358	1.81E-02
7.358	1.81E-02
7.359	1.81E-02
7.359	1.81E-02
7.359	1.81E-02
7.36	1.81E-02
7.36	1.81E-02
7.361	1.81E-02
7.361	1.81E-02
7.362	1.81E-02
7.363	1.81E-02
7.363	1.81E-02
7.364	1.81E-02
7.364	1.81E-02
7.365	1.81E-02
7.365	1.81E-02
7.365	1.81E-02
7.366	1.81E-02
7.366	1.81E-02
7.367	1.81E-02
7.367	1.81E-02
7.368	1.81E-02
7.369	1.81E-02
7.369	1.81E-02
7.37	1.81E-02
7.37	1.81E-02
7.371	1.80E-02
7.371	1.80E-02
7.372	1.80E-02
7.372	1.80E-02
7.372	1.80E-02
7.373	1.80E-02
7.373	1.80E-02
7.374	1.80E-02
7.374	1.80E-02
7.375	1.80E-02
7.376	1.80E-02
7.376	1.80E-02
7.377	1.80E-02
7.377	1.80E-02
7.378	1.80E-02
7.378	1.80E-02
7.378	1.80E-02
7.379	1.80E-02
7.379	1.80E-02
7.38	1.80E-02
7.38	1.80E-02
7.381	1.80E-02
7.381	1.80E-02
7.382	1.80E-02
7.383	1.80E-02
7.383	1.80E-02
7.384	1.80E-02
7.384	1.80E-02
7.385	1.80E-02
7.385	1.80E-02
7.385	1.80E-02
7.386	1.80E-02
7.386	1.80E-02
7.387	1.80E-02
7.387	1.80E-02
7.388	1.80E-02
7.389	1.80E-02
7.389	1.80E-02
7.39	1.80E-02
7.39	1.80E-02
7.391	1.80E-02
7.391	1.80E-02
7.391	1.80E-02
7.392	1.80E-02
7.392	1.80E-02
7.393	1.80E-02
7.393	1.80E-02
7.394	1.80E-02
7.394	1.80E-02
7.395	1.80E-02
7.396	1.79E-02
7.396	1.79E-02
7.397	1.79E-02
7.397	1.79E-02
7.398	1.79E-02
7.398	1.79E-02
7.398	1.79E-02
7.399	1.79E-02
7.399	1.79E-02
7.4	1.79E-02
7.4	1.79E-02
7.401	1.79E-02
7.402	1.79E-02
7.402	1.79E-02
7.403	1.79E-02
7.403	1.79E-02
7.404	1.79E-02
7.404	1.79E-02
7.405	1.79E-02
7.405	1.79E-02
7.405	1.79E-02
7.406	1.79E-02
7.406	1.79E-02
7.407	1.79E-02
7.407	1.79E-02
7.408	1.79E-02
7.409	1.79E-02
7.409	1.79E-02
7.41	1.79E-02
7.41	1.79E-02
7.411	1.79E-02
7.411	1.79E-02
7.411	1.79E-02
7.412	1.79E-02
7.412	1.79E-02
7.413	1.79E-02
7.413	1.79E-02
7.414	1.79E-02
7.415	1.79E-02
7.415	1.79E-02
7.416	1.79E-02
7.416	1.79E-02
7.417	1.79E-02
7.417	1.79E-02
7.418	1.79E-02
7.418	1.79E-02
7.418	1.79E-02
7.419	1.79E-02
7.419	1.79E-02
7.42	1.79E-02
7.42	1.79E-02
7.421	1.78E-02
7.422	1.78E-02
7.422	1.78E-02
7.423	1.78E-02
7.423	1.78E-02
7.424	1.78E-02
7.424	1.78E-02
7.424	1.78E-02
7.425	1.78E-02
7.425	1.78E-02
7.426	1.78E-02
7.426	1.78E-02
7.427	1.78E-02
7.427	1.78E-02
7.428	1.78E-02
7.429	1.78E-02
7.429	1.78E-02
7.43	1.78E-02
7.43	1.78E-02
7.431	1.78E-02
7.431	1.78E-02
7.431	1.78E-02
7.432	1.78E-02
7.432	1.78E-02
7.433	1.78E-02
7.433	1.78E-02
7.434	1.78E-02
7.435	1.78E-02
7.435	1.78E-02
7.436	1.78E-02
7.436	1.78E-02
7.437	1.78E-02
7.437	1.78E-02
7.438	1.78E-02
7.438	1.78E-02
7.438	1.78E-02
7.439	1.78E-02
7.439	1.78E-02
7.44	1.78E-02
7.44	1.78E-02
7.441	1.78E-02
7.442	1.78E-02
7.442	1.78E-02
7.443	1.78E-02
7.443	1.78E-02
7.444	1.78E-02
7.444	1.78E-02
7.444	1.78E-02
7.445	1.78E-02
7.445	1.78E-02
7.446	1.78E-02
7.446	1.77E-02
7.447	1.77E-02
7.448	1.77E-02
7.448	1.77E-02
7.449	1.77E-02
7.449	1.77E-02
7.45	1.77E-02
7.45	1.77E-02
7.451	1.77E-02
7.451	1.77E-02
7.451	1.77E-02
7.452	1.77E-02
7.452	1.77E-02
7.453	1.77E-02
7.453	1.77E-02
7.454	1.77E-02
7.455	1.77E-02
7.455	1.77E-02
7.456	1.77E-02
7.456	1.77E-02
7.457	1.77E-02
7.457	1.77E-02
7.457	1.77E-02
7.458	1.77E-02
7.458	1.77E-02
7.459	1.77E-02
7.459	1.77E-02
7.46	1.77E-02
7.46	1.77E-02
7.461	1.77E-02
7.462	1.77E-02
7.462	1.77E-02
7.463	1.77E-02
7.463	1.77E-02
7.464	1.77E-02
7.464	1.77E-02
7.464	1.77E-02
7.465	1.77E-02
7.465	1.77E-02
7.466	1.77E-02
7.466	1.77E-02
7.467	1.77E-02
7.468	1.77E-02
7.468	1.77E-02
7.469	1.77E-02
7.469	1.77E-02
7.47	1.77E-02
7.47	1.77E-02
7.47	1.77E-02
7.471	1.77E-02
7.471	1.77E-02
7.472	1.76E-02
7.472	1.76E-02
7.473	1.76E-02
7.473	1.76E-02
7.474	1.76E-02
7.475	1.76E-02
7.475	1.76E-02
7.476	1.76E-02
7.476	1.76E-02
7.477	1.76E-02
7.477	1.76E-02
7.477	1.76E-02
7.478	1.76E-02
7.478	1.76E-02
7.479	1.76E-02
7.479	1.76E-02
7.48	1.76E-02
7.481	1.76E-02
7.481	1.76E-02
7.482	1.76E-02
7.482	1.76E-02
7.483	1.76E-02
7.483	1.76E-02
7.484	1.76E-02
7.484	1.76E-02
7.484	1.76E-02
7.485	1.76E-02
7.485	1.76E-02
7.486	1.76E-02
7.486	1.76E-02
7.487	1.76E-02
7.488	1.76E-02
7.488	1.76E-02
7.489	1.76E-02
7.489	1.76E-02
7.49	1.76E-02
7.49	1.76E-02
7.49	1.76E-02
7.491	1.76E-02
7.491	1.76E-02
7.492	1.76E-02
7.492	1.76E-02
7.493	1.76E-02
7.494	1.76E-02
7.494	1.76E-02
7.495	1.76E-02
7.495	1.76E-02
7.496	1.76E-02
7.496	1.76E-02
7.497	1.76E-02
7.497	1.76E-02
7.497	1.75E-02
7.498	1.75E-02
7.498	1.75E-02
7.499	1.75E-02
7.499	1.75E-02
7.5	1.75E-02
7.501	1.75E-02
7.501	1.75E-02
7.502	1.75E-02
7.502	1.75E-02
7.503	1.75E-02
7.503	1.75E-02
7.503	1.75E-02
7.504	1.75E-02
7.504	1.75E-02
7.505	1.75E-02
7.505	1.75E-02
7.506	1.75E-02
7.506	1.75E-02
7.507	1.75E-02
7.508	1.75E-02
7.508	1.75E-02
7.509	1.75E-02
7.509	1.75E-02
7.51	1.75E-02
7.51	1.75E-02
7.51	1.75E-02
7.511	1.75E-02
7.511	1.75E-02
7.512	1.75E-02
7.512	1.75E-02
7.513	1.75E-02
7.514	1.75E-02
7.514	1.75E-02
7.515	1.75E-02
7.515	1.75E-02
7.516	1.75E-02
7.516	1.75E-02
7.516	1.75E-02
7.517	1.75E-02
7.517	1.75E-02
7.518	1.75E-02
7.518	1.75E-02
7.519	1.75E-02
7.519	1.75E-02
7.52	1.75E-02
7.521	1.75E-02
7.521	1.75E-02
7.522	1.75E-02
7.522	1.75E-02
7.523	1.75E-02
7.523	1.74E-02
7.523	1.74E-02
7.524	1.74E-02
7.524	1.74E-02
7.525	1.74E-02
7.525	1.74E-02
7.526	1.74E-02
7.527	1.74E-02
7.527	1.74E-02
7.528	1.74E-02
7.528	1.74E-02
7.529	1.74E-02
7.529	1.74E-02
7.53	1.74E-02
7.53	1.74E-02
7.53	1.74E-02
7.531	1.74E-02
7.531	1.74E-02
7.532	1.74E-02
7.532	1.74E-02
7.533	1.74E-02
7.534	1.74E-02
7.534	1.74E-02
7.535	1.74E-02
7.535	1.74E-02
7.536	1.74E-02
7.536	1.74E-02
7.536	1.74E-02
7.537	1.74E-02
7.537	1.74E-02
7.538	1.74E-02
7.538	1.74E-02
7.539	1.74E-02
7.54	1.74E-02
7.54	1.74E-02
7.541	1.74E-02
7.541	1.74E-02
7.542	1.74E-02
7.542	1.74E-02
7.543	1.74E-02
7.543	1.74E-02
7.543	1.74E-02
7.544	1.74E-02
7.544	1.74E-02
7.545	1.74E-02
7.545	1.74E-02
7.546	1.74E-02
7.547	1.74E-02
7.547	1.74E-02
7.548	1.74E-02
7.548	1.74E-02
7.549	1.74E-02
7.549	1.73E-02
7.549	1.73E-02
7.55	1.73E-02
7.55	1.73E-02
7.551	1.73E-02
7.551	1.73E-02
7.552	1.73E-02
7.552	1.73E-02
7.553	1.73E-02
7.554	1.73E-02
7.554	1.73E-02
7.555	1.73E-02
7.555	1.73E-02
7.556	1.73E-02
7.556	1.73E-02
7.556	1.73E-02
7.557	1.73E-02
7.557	1.73E-02
7.558	1.73E-02
7.558	1.73E-02
7.559	1.73E-02
7.56	1.73E-02
7.56	1.73E-02
7.561	1.73E-02
7.561	1.73E-02
7.562	1.73E-02
7.562	1.73E-02
7.562	1.73E-02
7.563	1.73E-02
7.563	1.73E-02
7.564	1.73E-02
7.564	1.73E-02
7.565	1.73E-02
7.565	1.73E-02
7.566	1.73E-02
7.567	1.73E-02
7.567	1.73E-02
7.568	1.73E-02
7.568	1.73E-02
7.569	1.73E-02
7.569	1.73E-02
7.569	1.73E-02
7.57	1.73E-02
7.57	1.73E-02
7.571	1.73E-02
7.571	1.73E-02
7.572	1.73E-02
7.573	1.73E-02
7.573	1.73E-02
7.574	1.73E-02
7.574	1.73E-02
7.575	1.72E-02
7.575	1.72E-02
7.576	1.72E-02
7.576	1.72E-02
7.576	1.72E-02
7.577	1.72E-02
7.577	1.72E-02
7.578	1.72E-02
7.578	1.72E-02
7.579	1.72E-02
7.58	1.72E-02
7.58	1.72E-02
7.581	1.72E-02
7.581	1.72E-02
7.582	1.72E-02
7.582	1.72E-02
7.582	1.72E-02
7.583	1.72E-02
7.583	1.72E-02
7.584	1.72E-02
7.584	1.72E-02
7.585	1.72E-02
7.585	1.72E-02
7.586	1.72E-02
7.587	1.72E-02
7.587	1.72E-02
7.588	1.72E-02
7.588	1.72E-02
7.589	1.72E-02
7.589	1.72E-02
7.589	1.72E-02
7.59	1.72E-02
7.59	1.72E-02
7.591	1.72E-02
7.591	1.72E-02
7.592	1.72E-02
7.593	1.72E-02
7.593	1.72E-02
7.594	1.72E-02
7.594	1.72E-02
7.595	1.72E-02
7.595	1.72E-02
7.595	1.72E-02
7.596	1.72E-02
7.596	1.72E-02
7.597	1.72E-02
7.597	1.72E-02
7.598	1.72E-02
7.598	1.72E-02
7.599	1.72E-02
7.6	1.72E-02
7.6	1.71E-02
7.601	1.71E-02
7.601	1.71E-02
7.602	1.71E-02
7.602	1.71E-02
7.602	1.71E-02
7.603	1.71E-02
7.603	1.71E-02
7.604	1.71E-02
7.604	1.71E-02
7.605	1.71E-02
7.606	1.71E-02
7.606	1.71E-02
7.607	1.71E-02
7.607	1.71E-02
7.608	1.71E-02
7.608	1.71E-02
7.609	1.71E-02
7.609	1.71E-02
7.609	1.71E-02
7.61	1.71E-02
7.61	1.71E-02
7.611	1.71E-02
7.611	1.71E-02
7.612	1.71E-02
7.613	1.71E-02
7.613	1.71E-02
7.614	1.71E-02
7.614	1.71E-02
7.615	1.71E-02
7.615	1.71E-02
7.615	1.71E-02
7.616	1.71E-02
7.616	1.71E-02
7.617	1.71E-02
7.617	1.71E-02
7.618	1.71E-02
7.619	1.71E-02
7.619	1.71E-02
7.62	1.71E-02
7.62	1.71E-02
7.621	1.71E-02
7.621	1.71E-02
7.622	1.71E-02
7.622	1.71E-02
7.622	1.71E-02
7.623	1.71E-02
7.623	1.71E-02
7.624	1.71E-02
7.624	1.71E-02
7.625	1.71E-02
7.626	1.71E-02
7.626	1.70E-02
7.627	1.70E-02
7.627	1.70E-02
7.628	1.70E-02
7.628	1.70E-02
7.628	1.70E-02
7.629	1.70E-02
7.629	1.70E-02
7.63	1.70E-02
7.63	1.70E-02
7.631	1.70E-02
7.631	1.70E-02
7.632	1.70E-02
7.633	1.70E-02
7.633	1.70E-02
7.634	1.70E-02
7.634	1.70E-02
7.635	1.70E-02
7.635	1.70E-02
7.635	1.70E-02
7.636	1.70E-02
7.636	1.70E-02
7.637	1.70E-02
7.637	1.70E-02
7.638	1.70E-02
7.639	1.70E-02
7.639	1.70E-02
7.64	1.70E-02
7.64	1.70E-02
7.641	1.70E-02
7.641	1.70E-02
7.641	1.70E-02
7.642	1.70E-02
7.642	1.70E-02
7.643	1.70E-02
7.643	1.70E-02
7.644	1.70E-02
7.644	1.70E-02
7.645	1.70E-02
7.646	1.70E-02
7.646	1.70E-02
7.647	1.70E-02
7.647	1.70E-02
7.648	1.70E-02
7.648	1.70E-02
7.648	1.70E-02
7.649	1.70E-02
7.649	1.70E-02
7.65	1.70E-02
7.65	1.70E-02
7.651	1.70E-02
7.652	1.70E-02
7.652	1.69E-02
7.653	1.69E-02
7.653	1.69E-02
7.654	1.69E-02
7.654	1.69E-02
7.655	1.69E-02
7.655	1.69E-02
7.655	1.69E-02
7.656	1.69E-02
7.656	1.69E-02
7.657	1.69E-02
7.657	1.69E-02
7.658	1.69E-02
7.659	1.69E-02
7.659	1.69E-02
7.66	1.69E-02
7.66	1.69E-02
7.661	1.69E-02
7.661	1.69E-02
7.661	1.69E-02
7.662	1.69E-02
7.662	1.69E-02
7.663	1.69E-02
7.663	1.69E-02
7.664	1.69E-02
7.665	1.69E-02
7.665	1.69E-02
7.666	1.69E-02
7.666	1.69E-02
7.667	1.69E-02
7.667	1.69E-02
7.668	1.69E-02
7.668	1.69E-02
7.668	1.69E-02
7.669	1.69E-02
7.669	1.69E-02
7.67	1.69E-02
7.67	1.69E-02
7.671	1.69E-02
7.672	1.69E-02
7.672	1.69E-02
7.673	1.69E-02
7.673	1.69E-02
7.674	1.69E-02
7.674	1.69E-02
7.674	1.69E-02
7.675	1.69E-02
7.675	1.69E-02
7.676	1.69E-02
7.676	1.69E-02
7.677	1.69E-02
7.677	1.68E-02
7.678	1.68E-02
7.679	1.68E-02
7.679	1.68E-02
7.68	1.68E-02
7.68	1.68E-02
7.681	1.68E-02
7.681	1.68E-02
7.681	1.68E-02
7.682	1.68E-02
7.682	1.68E-02
7.683	1.68E-02
7.683	1.68E-02
7.684	1.68E-02
7.685	1.68E-02
7.685	1.68E-02
7.686	1.68E-02
7.686	1.68E-02
7.687	1.68E-02
7.687	1.68E-02
7.688	1.68E-02
7.688	1.68E-02
7.688	1.68E-02
7.689	1.68E-02
7.689	1.68E-02
7.69	1.68E-02
7.69	1.68E-02
7.691	1.68E-02
7.692	1.68E-02
7.692	1.68E-02
7.693	1.68E-02
7.693	1.68E-02
7.694	1.68E-02
7.694	1.68E-02
7.694	1.68E-02
7.695	1.68E-02
7.695	1.68E-02
7.696	1.68E-02
7.696	1.68E-02
7.697	1.68E-02
7.698	1.68E-02
7.698	1.68E-02
7.699	1.68E-02
7.699	1.68E-02
7.7	1.68E-02
7.7	1.68E-02
7.701	1.68E-02
7.701	1.68E-02
7.701	1.68E-02
7.702	1.68E-02
7.702	1.68E-02
7.703	1.68E-02
7.703	1.67E-02
7.704	1.67E-02
7.705	1.67E-02
7.705	1.67E-02
7.706	1.67E-02
7.706	1.67E-02
7.707	1.67E-02
7.707	1.67E-02
7.707	1.67E-02
7.708	1.67E-02
7.708	1.67E-02
7.709	1.67E-02
7.709	1.67E-02
7.71	1.67E-02
7.71	1.67E-02
7.711	1.67E-02
7.712	1.67E-02
7.712	1.67E-02
7.713	1.67E-02
7.713	1.67E-02
7.714	1.67E-02
7.714	1.67E-02
7.714	1.67E-02
7.715	1.67E-02
7.715	1.67E-02
7.716	1.67E-02
7.716	1.67E-02
7.717	1.67E-02
7.718	1.67E-02
7.718	1.67E-02
7.719	1.67E-02
7.719	1.67E-02
7.72	1.67E-02
7.72	1.67E-02
7.72	1.67E-02
7.721	1.67E-02
7.721	1.67E-02
7.722	1.67E-02
7.722	1.67E-02
7.723	1.67E-02
7.723	1.67E-02
7.724	1.67E-02
7.725	1.67E-02
7.725	1.67E-02
7.726	1.67E-02
7.726	1.67E-02
7.727	1.67E-02
7.727	1.67E-02
7.727	1.67E-02
7.728	1.67E-02
7.728	1.67E-02
7.729	1.67E-02
7.729	1.66E-02
7.73	1.66E-02
7.731	1.66E-02
7.731	1.66E-02
7.732	1.66E-02
7.732	1.66E-02
7.733	1.66E-02
7.733	1.66E-02
7.734	1.66E-02
7.734	1.66E-02
7.734	1.66E-02
7.735	1.66E-02
7.735	1.66E-02
7.736	1.66E-02
7.736	1.66E-02
7.737	1.66E-02
7.738	1.66E-02
7.738	1.66E-02
7.739	1.66E-02
7.739	1.66E-02
7.74	1.66E-02
7.74	1.66E-02
7.74	1.66E-02
7.741	1.66E-02
7.741	1.66E-02
7.742	1.66E-02
7.742	1.66E-02
7.743	1.66E-02
7.744	1.66E-02
7.744	1.66E-02
7.745	1.66E-02
7.745	1.66E-02
7.746	1.66E-02
7.746	1.66E-02
7.747	1.66E-02
7.747	1.66E-02
7.747	1.66E-02
7.748	1.66E-02
7.748	1.66E-02
7.749	1.66E-02
7.749	1.66E-02
7.75	1.66E-02
7.751	1.66E-02
7.751	1.66E-02
7.752	1.66E-02
7.752	1.66E-02
7.753	1.66E-02
7.753	1.66E-02
7.753	1.66E-02
7.754	1.66E-02
7.754	1.66E-02
7.755	1.66E-02
7.755	1.65E-02
7.756	1.65E-02
7.756	1.65E-02
7.757	1.65E-02
7.758	1.65E-02
7.758	1.65E-02
7.759	1.65E-02
7.759	1.65E-02
7.76	1.65E-02
7.76	1.65E-02
7.76	1.65E-02
7.761	1.65E-02
7.761	1.65E-02
7.762	1.65E-02
7.762	1.65E-02
7.763	1.65E-02
7.764	1.65E-02
7.764	1.65E-02
7.765	1.65E-02
7.765	1.65E-02
7.766	1.65E-02
7.766	1.65E-02
7.766	1.65E-02
7.767	1.65E-02
7.767	1.65E-02
7.768	1.65E-02
7.768	1.65E-02
7.769	1.65E-02
7.769	1.65E-02
7.77	1.65E-02
7.771	1.65E-02
7.771	1.65E-02
7.772	1.65E-02
7.772	1.65E-02
7.773	1.65E-02
7.773	1.65E-02
7.773	1.65E-02
7.774	1.65E-02
7.774	1.65E-02
7.775	1.65E-02
7.775	1.65E-02
7.776	1.65E-02
7.777	1.65E-02
7.777	1.65E-02
7.778	1.65E-02
7.778	1.65E-02
7.779	1.65E-02
7.779	1.65E-02
7.78	1.65E-02
7.78	1.65E-02
7.78	1.65E-02
7.781	1.65E-02
7.781	1.64E-02
7.782	1.64E-02
7.782	1.64E-02
7.783	1.64E-02
7.784	1.64E-02
7.784	1.64E-02
7.785	1.64E-02
7.785	1.64E-02
7.786	1.64E-02
7.786	1.64E-02
7.786	1.64E-02
7.787	1.64E-02
7.787	1.64E-02
7.788	1.64E-02
7.788	1.64E-02
7.789	1.64E-02
7.79	1.64E-02
7.79	1.64E-02
7.791	1.64E-02
7.791	1.64E-02
7.792	1.64E-02
7.792	1.64E-02
7.793	1.64E-02
7.793	1.64E-02
7.793	1.64E-02
7.794	1.64E-02
7.794	1.64E-02
7.795	1.64E-02
7.795	1.64E-02
7.796	1.64E-02
7.797	1.64E-02
7.797	1.64E-02
7.798	1.64E-02
7.798	1.64E-02
7.799	1.64E-02
7.799	1.64E-02
7.799	1.64E-02
7.8	1.64E-02
7.8	1.64E-02
7.801	1.64E-02
7.801	1.64E-02
7.802	1.64E-02
7.802	1.64E-02
7.803	1.64E-02
7.804	1.64E-02
7.804	1.64E-02
7.805	1.64E-02
7.805	1.64E-02
7.806	1.64E-02
7.806	1.64E-02
7.806	1.64E-02
7.807	1.64E-02
7.807	1.64E-02
7.808	1.63E-02
7.808	1.63E-02
7.809	1.63E-02
7.81	1.63E-02
7.81	1.63E-02
7.811	1.63E-02
7.811	1.63E-02
7.812	1.63E-02
7.812	1.63E-02
7.812	1.63E-02
7.813	1.63E-02
7.813	1.63E-02
7.814	1.63E-02
7.814	1.63E-02
7.815	1.63E-02
7.815	1.63E-02
7.816	1.63E-02
7.817	1.63E-02
7.817	1.63E-02
7.818	1.63E-02
7.818	1.63E-02
7.819	1.63E-02
7.819	1.63E-02
7.819	1.63E-02
7.82	1.63E-02
7.82	1.63E-02
7.821	1.63E-02
7.821	1.63E-02
7.822	1.63E-02
7.823	1.63E-02
7.823	1.63E-02
7.824	1.63E-02
7.824	1.63E-02
7.825	1.63E-02
7.825	1.63E-02
7.826	1.63E-02
7.826	1.63E-02
7.826	1.63E-02
7.827	1.63E-02
7.827	1.63E-02
7.828	1.63E-02
7.828	1.63E-02
7.829	1.63E-02
7.83	1.63E-02
7.83	1.63E-02
7.831	1.63E-02
7.831	1.63E-02
7.832	1.63E-02
7.832	1.63E-02
7.832	1.63E-02
7.833	1.63E-02
7.833	1.63E-02
7.834	1.62E-02
7.834	1.62E-02
7.835	1.62E-02
7.835	1.62E-02
7.836	1.62E-02
7.837	1.62E-02
7.837	1.62E-02
7.838	1.62E-02
7.838	1.62E-02
7.839	1.62E-02
7.839	1.62E-02
7.839	1.62E-02
7.84	1.62E-02
7.84	1.62E-02
7.841	1.62E-02
7.841	1.62E-02
7.842	1.62E-02
7.843	1.62E-02
7.843	1.62E-02
7.844	1.62E-02
7.844	1.62E-02
7.845	1.62E-02
7.845	1.62E-02
7.845	1.62E-02
7.846	1.62E-02
7.846	1.62E-02
7.847	1.62E-02
7.847	1.62E-02
7.848	1.62E-02
7.848	1.62E-02
7.849	1.62E-02
7.85	1.62E-02
7.85	1.62E-02
7.851	1.62E-02
7.851	1.62E-02
7.852	1.62E-02
7.852	1.62E-02
7.852	1.62E-02
7.853	1.62E-02
7.853	1.62E-02
7.854	1.62E-02
7.854	1.62E-02
7.855	1.62E-02
7.856	1.62E-02
7.856	1.62E-02
7.857	1.62E-02
7.857	1.62E-02
7.858	1.62E-02
7.858	1.62E-02
7.859	1.62E-02
7.859	1.62E-02
7.859	1.62E-02
7.86	1.62E-02
7.86	1.61E-02
7.861	1.61E-02
7.861	1.61E-02
7.862	1.61E-02
7.863	1.61E-02
7.863	1.61E-02
7.864	1.61E-02
7.864	1.61E-02
7.865	1.61E-02
7.865	1.61E-02
7.865	1.61E-02
7.866	1.61E-02
7.866	1.61E-02
7.867	1.61E-02
7.867	1.61E-02
7.868	1.61E-02
7.869	1.61E-02
7.869	1.61E-02
7.87	1.61E-02
7.87	1.61E-02
7.871	1.61E-02
7.871	1.61E-02
7.872	1.61E-02
7.872	1.61E-02
7.872	1.61E-02
7.873	1.61E-02
7.873	1.61E-02
7.874	1.61E-02
7.874	1.61E-02
7.875	1.61E-02
7.876	1.61E-02
7.876	1.61E-02
7.877	1.61E-02
7.877	1.61E-02
7.878	1.61E-02
7.878	1.61E-02
7.878	1.61E-02
7.879	1.61E-02
7.879	1.61E-02
7.88	1.61E-02
7.88	1.61E-02
7.881	1.61E-02
7.881	1.61E-02
7.882	1.61E-02
7.883	1.61E-02
7.883	1.61E-02
7.884	1.61E-02
7.884	1.61E-02
7.885	1.61E-02
7.885	1.61E-02
7.885	1.61E-02
7.886	1.61E-02
7.886	1.60E-02
7.887	1.60E-02
7.887	1.60E-02
7.888	1.60E-02
7.889	1.60E-02
7.889	1.60E-02
7.89	1.60E-02
7.89	1.60E-02
7.891	1.60E-02
7.891	1.60E-02
7.891	1.60E-02
7.892	1.60E-02
7.892	1.60E-02
7.893	1.60E-02
7.893	1.60E-02
7.894	1.60E-02
7.894	1.60E-02
7.895	1.60E-02
7.896	1.60E-02
7.896	1.60E-02
7.897	1.60E-02
7.897	1.60E-02
7.898	1.60E-02
7.898	1.60E-02
7.898	1.60E-02
7.899	1.60E-02
7.899	1.60E-02
7.9	1.60E-02
7.9	1.60E-02
7.901	1.60E-02
7.902	1.60E-02
7.902	1.60E-02
7.903	1.60E-02
7.903	1.60E-02
7.904	1.60E-02
7.904	1.60E-02
7.905	1.60E-02
7.905	1.60E-02
7.905	1.60E-02
7.906	1.60E-02
7.906	1.60E-02
7.907	1.60E-02
7.907	1.60E-02
7.908	1.60E-02
7.909	1.60E-02
7.909	1.60E-02
7.91	1.60E-02
7.91	1.60E-02
7.911	1.60E-02
7.911	1.60E-02
7.911	1.60E-02
7.912	1.60E-02
7.912	1.60E-02
7.913	1.59E-02
7.913	1.59E-02
7.914	1.59E-02
7.915	1.59E-02
7.915	1.59E-02
7.916	1.59E-02
7.916	1.59E-02
7.917	1.59E-02
7.917	1.59E-02
7.918	1.59E-02
7.918	1.59E-02
7.918	1.59E-02
7.919	1.59E-02
7.919	1.59E-02
7.92	1.59E-02
7.92	1.59E-02
7.921	1.59E-02
7.922	1.59E-02
7.922	1.59E-02
7.923	1.59E-02
7.923	1.59E-02
7.924	1.59E-02
7.924	1.59E-02
7.924	1.59E-02
7.925	1.59E-02
7.925	1.59E-02
7.926	1.59E-02
7.926	1.59E-02
7.927	1.59E-02
7.927	1.59E-02
7.928	1.59E-02
7.929	1.59E-02
7.929	1.59E-02
7.93	1.59E-02
7.93	1.59E-02
7.931	1.59E-02
7.931	1.59E-02
7.931	1.59E-02
7.932	1.59E-02
7.932	1.59E-02
7.933	1.59E-02
7.933	1.59E-02
7.934	1.59E-02
7.935	1.59E-02
7.935	1.59E-02
7.936	1.59E-02
7.936	1.59E-02
7.937	1.59E-02
7.937	1.59E-02
7.938	1.59E-02
7.938	1.59E-02
7.938	1.59E-02
7.939	1.59E-02
7.939	1.58E-02
7.94	1.58E-02
7.94	1.58E-02
7.941	1.58E-02
7.942	1.58E-02
7.942	1.58E-02
7.943	1.58E-02
7.943	1.58E-02
7.944	1.58E-02
7.944	1.58E-02
7.944	1.58E-02
7.945	1.58E-02
7.945	1.58E-02
7.946	1.58E-02
7.946	1.58E-02
7.947	1.58E-02
7.948	1.58E-02
7.948	1.58E-02
7.949	1.58E-02
7.949	1.58E-02
7.95	1.58E-02
7.95	1.58E-02
7.951	1.58E-02
7.951	1.58E-02
7.951	1.58E-02
7.952	1.58E-02
7.952	1.58E-02
7.953	1.58E-02
7.953	1.58E-02
7.954	1.58E-02
7.955	1.58E-02
7.955	1.58E-02
7.956	1.58E-02
7.956	1.58E-02
7.957	1.58E-02
7.957	1.58E-02
7.957	1.58E-02
7.958	1.58E-02
7.958	1.58E-02
7.959	1.58E-02
7.959	1.58E-02
7.96	1.58E-02
7.96	1.58E-02
7.961	1.58E-02
7.962	1.58E-02
7.962	1.58E-02
7.963	1.58E-02
7.963	1.58E-02
7.964	1.58E-02
7.964	1.58E-02
7.964	1.58E-02
7.965	1.58E-02
7.965	1.58E-02
7.966	1.57E-02
7.966	1.57E-02
7.967	1.57E-02
7.968	1.57E-02
7.968	1.57E-02
7.969	1.57E-02
7.969	1.57E-02
7.97	1.57E-02
7.97	1.57E-02
7.97	1.57E-02
7.971	1.57E-02
7.971	1.57E-02
7.972	1.57E-02
7.972	1.57E-02
7.973	1.57E-02
7.973	1.57E-02
7.974	1.57E-02
7.975	1.57E-02
7.975	1.57E-02
7.976	1.57E-02
7.976	1.57E-02
7.977	1.57E-02
7.977	1.57E-02
7.977	1.57E-02
7.978	1.57E-02
7.978	1.57E-02
7.979	1.57E-02
7.979	1.57E-02
7.98	1.57E-02
7.981	1.57E-02
7.981	1.57E-02
7.982	1.57E-02
7.982	1.57E-02
7.983	1.57E-02
7.983	1.57E-02
7.984	1.57E-02
7.984	1.57E-02
7.984	1.57E-02
7.985	1.57E-02
7.985	1.57E-02
7.986	1.57E-02
7.986	1.57E-02
7.987	1.57E-02
7.988	1.57E-02
7.988	1.57E-02
7.989	1.57E-02
7.989	1.57E-02
7.99	1.57E-02
7.99	1.57E-02
7.99	1.57E-02
7.991	1.57E-02
7.991	1.57E-02
7.992	1.57E-02
7.992	1.57E-02
7.993	1.56E-02
7.994	1.56E-02
7.994	1.56E-02
7.995	1.56E-02
7.995	1.56E-02
7.996	1.56E-02
7.996	1.56E-02
7.997	1.56E-02
7.997	1.56E-02
7.997	1.56E-02
7.998	1.56E-02
7.998	1.56E-02
7.999	1.56E-02
7.999	1.56E-02
8	1.56E-02
8	1.56E-02
8.001	1.56E-02
8.002	1.56E-02
8.002	1.56E-02
8.002	1.56E-02
8.003	1.56E-02
8.003	1.56E-02
8.004	1.56E-02
8.005	1.56E-02
8.005	1.56E-02
8.005	1.56E-02
8.006	1.56E-02
8.007	1.56E-02
8.007	1.56E-02
8.007	1.56E-02
8.008	1.56E-02
8.009	1.56E-02
8.009	1.56E-02
8.009	1.56E-02
8.01	1.56E-02
8.01	1.56E-02
8.011	1.56E-02
8.012	1.56E-02
8.012	1.56E-02
8.012	1.56E-02
8.013	1.56E-02
8.014	1.56E-02
8.014	1.56E-02
8.014	1.56E-02
8.015	1.56E-02
8.016	1.56E-02
8.016	1.56E-02
8.017	1.56E-02
8.017	1.56E-02
8.017	1.56E-02
8.018	1.56E-02
8.019	1.56E-02
8.019	1.56E-02
8.019	1.55E-02
8.02	1.55E-02
8.021	1.55E-02
8.021	1.55E-02
8.021	1.55E-02
8.022	1.55E-02
8.023	1.55E-02
8.023	1.55E-02
8.024	1.55E-02
8.024	1.55E-02
8.024	1.55E-02
8.025	1.55E-02
8.026	1.55E-02
8.026	1.55E-02
8.026	1.55E-02
8.027	1.55E-02
8.028	1.55E-02
8.028	1.55E-02
8.028	1.55E-02
8.029	1.55E-02
8.03	1.55E-02
8.03	1.55E-02
8.031	1.55E-02
8.031	1.55E-02
8.031	1.55E-02
8.032	1.55E-02
8.033	1.55E-02
8.033	1.55E-02
8.033	1.55E-02
8.034	1.55E-02
8.035	1.55E-02
8.035	1.55E-02
8.035	1.55E-02
8.036	1.55E-02
8.036	1.55E-02
8.037	1.55E-02
8.038	1.55E-02
8.038	1.55E-02
8.038	1.55E-02
8.039	1.55E-02
8.04	1.55E-02
8.04	1.55E-02
8.04	1.55E-02
8.041	1.55E-02
8.042	1.55E-02
8.042	1.55E-02
8.042	1.55E-02
8.043	1.55E-02
8.043	1.55E-02
8.044	1.55E-02
8.045	1.55E-02
8.045	1.55E-02
8.045	1.55E-02
8.046	1.54E-02
8.047	1.54E-02
8.047	1.54E-02
8.047	1.54E-02
8.048	1.54E-02
8.049	1.54E-02
8.049	1.54E-02
8.05	1.54E-02
8.05	1.54E-02
8.05	1.54E-02
8.051	1.54E-02
8.052	1.54E-02
8.052	1.54E-02
8.052	1.54E-02
8.053	1.54E-02
8.054	1.54E-02
8.054	1.54E-02
8.054	1.54E-02
8.055	1.54E-02
8.056	1.54E-02
8.056	1.54E-02
8.057	1.54E-02
8.057	1.54E-02
8.057	1.54E-02
8.058	1.54E-02
8.059	1.54E-02
8.059	1.54E-02
8.059	1.54E-02
8.06	1.54E-02
8.061	1.54E-02
8.061	1.54E-02
8.061	1.54E-02
8.062	1.54E-02
8.062	1.54E-02
8.063	1.54E-02
8.064	1.54E-02
8.064	1.54E-02
8.064	1.54E-02
8.065	1.54E-02
8.066	1.54E-02
8.066	1.54E-02
8.066	1.54E-02
8.067	1.54E-02
8.068	1.54E-02
8.068	1.54E-02
8.068	1.54E-02
8.069	1.54E-02
8.069	1.54E-02
8.07	1.54E-02
8.071	1.54E-02
8.071	1.54E-02
8.071	1.54E-02
8.072	1.54E-02
8.073	1.54E-02
8.073	1.53E-02
8.073	1.53E-02
8.074	1.53E-02
8.075	1.53E-02
8.075	1.53E-02
8.075	1.53E-02
8.076	1.53E-02
8.076	1.53E-02
8.077	1.53E-02
8.078	1.53E-02
8.078	1.53E-02
8.078	1.53E-02
8.079	1.53E-02
8.08	1.53E-02
8.08	1.53E-02
8.08	1.53E-02
8.081	1.53E-02
8.082	1.53E-02
8.082	1.53E-02
8.083	1.53E-02
8.083	1.53E-02
8.083	1.53E-02
8.084	1.53E-02
8.085	1.53E-02
8.085	1.53E-02
8.085	1.53E-02
8.086	1.53E-02
8.087	1.53E-02
8.087	1.53E-02
8.087	1.53E-02
8.088	1.53E-02
8.089	1.53E-02
8.089	1.53E-02
8.09	1.53E-02
8.09	1.53E-02
8.09	1.53E-02
8.091	1.53E-02
8.092	1.53E-02
8.092	1.53E-02
8.092	1.53E-02
8.093	1.53E-02
8.094	1.53E-02
8.094	1.53E-02
8.094	1.53E-02
8.095	1.53E-02
8.095	1.53E-02
8.096	1.53E-02
8.097	1.53E-02
8.097	1.53E-02
8.097	1.53E-02
8.098	1.53E-02
8.099	1.53E-02
8.099	1.53E-02
8.099	1.53E-02
8.1	1.52E-02
8.101	1.52E-02
8.101	1.52E-02
8.101	1.52E-02
8.102	1.52E-02
8.102	1.52E-02
8.103	1.52E-02
8.104	1.52E-02
8.104	1.52E-02
8.104	1.52E-02
8.105	1.52E-02
8.106	1.52E-02
8.106	1.52E-02
8.106	1.52E-02
8.107	1.52E-02
8.108	1.52E-02
8.108	1.52E-02
8.108	1.52E-02
8.109	1.52E-02
8.109	1.52E-02
8.11	1.52E-02
8.111	1.52E-02
8.111	1.52E-02
8.111	1.52E-02
8.112	1.52E-02
8.113	1.52E-02
8.113	1.52E-02
8.113	1.52E-02
8.114	1.52E-02
8.115	1.52E-02
8.115	1.52E-02
8.116	1.52E-02
8.116	1.52E-02
8.116	1.52E-02
8.117	1.52E-02
8.118	1.52E-02
8.118	1.52E-02
8.118	1.52E-02
8.119	1.52E-02
8.12	1.52E-02
8.12	1.52E-02
8.12	1.52E-02
8.121	1.52E-02
8.122	1.52E-02
8.122	1.52E-02
8.123	1.52E-02
8.123	1.52E-02
8.123	1.52E-02
8.124	1.52E-02
8.125	1.52E-02
8.125	1.52E-02
8.125	1.52E-02
8.126	1.52E-02
8.127	1.52E-02
8.127	1.51E-02
8.127	1.51E-02
8.128	1.51E-02
8.128	1.51E-02
8.129	1.51E-02
8.13	1.51E-02
8.13	1.51E-02
8.13	1.51E-02
8.131	1.51E-02
8.132	1.51E-02
8.132	1.51E-02
8.132	1.51E-02
8.133	1.51E-02
8.134	1.51E-02
8.134	1.51E-02
8.134	1.51E-02
8.135	1.51E-02
8.135	1.51E-02
8.136	1.51E-02
8.137	1.51E-02
8.137	1.51E-02
8.137	1.51E-02
8.138	1.51E-02
8.139	1.51E-02
8.139	1.51E-02
8.139	1.51E-02
8.14	1.51E-02
8.141	1.51E-02
8.141	1.51E-02
8.142	1.51E-02
8.142	1.51E-02
8.142	1.51E-02
8.143	1.51E-02
8.144	1.51E-02
8.144	1.51E-02
8.144	1.51E-02
8.145	1.51E-02
8.146	1.51E-02
8.146	1.51E-02
8.146	1.51E-02
8.147	1.51E-02
8.148	1.51E-02
8.148	1.51E-02
8.149	1.51E-02
8.149	1.51E-02
8.149	1.51E-02
8.15	1.51E-02
8.151	1.51E-02
8.151	1.51E-02
8.151	1.51E-02
8.152	1.51E-02
8.153	1.51E-02
8.153	1.51E-02
8.153	1.51E-02
8.154	1.50E-02
8.155	1.50E-02
8.155	1.50E-02
8.156	1.50E-02
8.156	1.50E-02
8.156	1.50E-02
8.157	1.50E-02
8.158	1.50E-02
8.158	1.50E-02
8.158	1.50E-02
8.159	1.50E-02
8.16	1.50E-02
8.16	1.50E-02
8.16	1.50E-02
8.161	1.50E-02
8.161	1.50E-02
8.162	1.50E-02
8.163	1.50E-02
8.163	1.50E-02
8.163	1.50E-02
8.164	1.50E-02
8.165	1.50E-02
8.165	1.50E-02
8.165	1.50E-02
8.166	1.50E-02
8.167	1.50E-02
8.167	1.50E-02
8.167	1.50E-02
8.168	1.50E-02
8.168	1.50E-02
8.169	1.50E-02
8.17	1.50E-02
8.17	1.50E-02
8.17	1.50E-02
8.171	1.50E-02
8.172	1.50E-02
8.172	1.50E-02
8.172	1.50E-02
8.173	1.50E-02
8.174	1.50E-02
8.174	1.50E-02
8.175	1.50E-02
8.175	1.50E-02
8.175	1.50E-02
8.176	1.50E-02
8.177	1.50E-02
8.177	1.50E-02
8.177	1.50E-02
8.178	1.50E-02
8.179	1.50E-02
8.179	1.50E-02
8.179	1.50E-02
8.18	1.50E-02
8.181	1.50E-02
8.181	1.50E-02
8.182	1.49E-02
8.182	1.49E-02
8.182	1.49E-02
8.183	1.49E-02
8.184	1.49E-02
8.184	1.49E-02
8.184	1.49E-02
8.185	1.49E-02
8.186	1.49E-02
8.186	1.49E-02
8.186	1.49E-02
8.187	1.49E-02
8.188	1.49E-02
8.188	1.49E-02
8.189	1.49E-02
8.189	1.49E-02
8.189	1.49E-02
8.19	1.49E-02
8.191	1.49E-02
8.191	1.49E-02
8.191	1.49E-02
8.192	1.49E-02
8.193	1.49E-02
8.193	1.49E-02
8.193	1.49E-02
8.194	1.49E-02
8.194	1.49E-02
8.195	1.49E-02
8.196	1.49E-02
8.196	1.49E-02
8.196	1.49E-02
8.197	1.49E-02
8.198	1.49E-02
8.198	1.49E-02
8.198	1.49E-02
8.199	1.49E-02
8.2	1.49E-02
8.2	1.49E-02
8.2	1.49E-02
8.201	1.49E-02
8.201	1.49E-02
8.202	1.49E-02
8.203	1.49E-02
8.203	1.49E-02
8.203	1.49E-02
8.204	1.49E-02
8.205	1.49E-02
8.205	1.49E-02
8.205	1.49E-02
8.206	1.49E-02
8.207	1.49E-02
8.207	1.49E-02
8.208	1.49E-02
8.208	1.49E-02
8.208	1.48E-02
8.209	1.48E-02
8.21	1.48E-02
8.21	1.48E-02
8.21	1.48E-02
8.211	1.48E-02
8.212	1.48E-02
8.212	1.48E-02
8.212	1.48E-02
8.213	1.48E-02
8.214	1.48E-02
8.214	1.48E-02
8.215	1.48E-02
8.215	1.48E-02
8.215	1.48E-02
8.216	1.48E-02
8.217	1.48E-02
8.217	1.48E-02
8.217	1.48E-02
8.218	1.48E-02
8.219	1.48E-02
8.219	1.48E-02
8.219	1.48E-02
8.22	1.48E-02
8.22	1.48E-02
8.221	1.48E-02
8.222	1.48E-02
8.222	1.48E-02
8.222	1.48E-02
8.223	1.48E-02
8.224	1.48E-02
8.224	1.48E-02
8.224	1.48E-02
8.225	1.48E-02
8.226	1.48E-02
8.226	1.48E-02
8.226	1.48E-02
8.227	1.48E-02
8.227	1.48E-02
8.228	1.48E-02
8.229	1.48E-02
8.229	1.48E-02
8.229	1.48E-02
8.23	1.48E-02
8.231	1.48E-02
8.231	1.48E-02
8.231	1.48E-02
8.232	1.48E-02
8.233	1.48E-02
8.233	1.48E-02
8.233	1.48E-02
8.234	1.48E-02
8.234	1.48E-02
8.235	1.48E-02
8.236	1.48E-02
8.236	1.47E-02
8.236	1.47E-02
8.237	1.47E-02
8.238	1.47E-02
8.238	1.47E-02
8.238	1.47E-02
8.239	1.47E-02
8.24	1.47E-02
8.24	1.47E-02
8.241	1.47E-02
8.241	1.47E-02
8.241	1.47E-02
8.242	1.47E-02
8.243	1.47E-02
8.243	1.47E-02
8.243	1.47E-02
8.244	1.47E-02
8.245	1.47E-02
8.245	1.47E-02
8.245	1.47E-02
8.246	1.47E-02
8.247	1.47E-02
8.247	1.47E-02
8.248	1.47E-02
8.248	1.47E-02
8.248	1.47E-02
8.249	1.47E-02
8.25	1.47E-02
8.25	1.47E-02
8.25	1.47E-02
8.251	1.47E-02
8.252	1.47E-02
8.252	1.47E-02
8.252	1.47E-02
8.253	1.47E-02
8.253	1.47E-02
8.254	1.47E-02
8.255	1.47E-02
8.255	1.47E-02
8.255	1.47E-02
8.256	1.47E-02
8.257	1.47E-02
8.257	1.47E-02
8.257	1.47E-02
8.258	1.47E-02
8.259	1.47E-02
8.259	1.47E-02
8.259	1.47E-02
8.26	1.47E-02
8.26	1.47E-02
8.261	1.47E-02
8.262	1.47E-02
8.262	1.47E-02
8.262	1.47E-02
8.263	1.47E-02
8.264	1.46E-02
8.264	1.46E-02
8.264	1.46E-02
8.265	1.46E-02
8.266	1.46E-02
8.266	1.46E-02
8.267	1.46E-02
8.267	1.46E-02
8.267	1.46E-02
8.268	1.46E-02
8.269	1.46E-02
8.269	1.46E-02
8.269	1.46E-02
8.27	1.46E-02
8.271	1.46E-02
8.271	1.46E-02
8.271	1.46E-02
8.272	1.46E-02
8.273	1.46E-02
8.273	1.46E-02
8.274	1.46E-02
8.274	1.46E-02
8.274	1.46E-02
8.275	1.46E-02
8.276	1.46E-02
8.276	1.46E-02
8.276	1.46E-02
8.277	1.46E-02
8.278	1.46E-02
8.278	1.46E-02
8.278	1.46E-02
8.279	1.46E-02
8.28	1.46E-02
8.28	1.46E-02
8.281	1.46E-02
8.281	1.46E-02
8.281	1.46E-02
8.282	1.46E-02
8.283	1.46E-02
8.283	1.46E-02
8.283	1.46E-02
8.284	1.46E-02
8.285	1.46E-02
8.285	1.46E-02
8.285	1.46E-02
8.286	1.46E-02
8.286	1.46E-02
8.287	1.46E-02
8.288	1.46E-02
8.288	1.46E-02
8.288	1.46E-02
8.289	1.46E-02
8.29	1.46E-02
8.29	1.46E-02
8.29	1.46E-02
8.291	1.45E-02
8.292	1.45E-02
8.292	1.45E-02
8.292	1.45E-02
8.293	1.45E-02
8.293	1.45E-02
8.294	1.45E-02
8.295	1.45E-02
8.295	1.45E-02
8.295	1.45E-02
8.296	1.45E-02
8.297	1.45E-02
8.297	1.45E-02
8.297	1.45E-02
8.298	1.45E-02
8.299	1.45E-02
8.299	1.45E-02
8.3	1.45E-02
8.3	1.45E-02
8.3	1.45E-02
8.301	1.45E-02
8.302	1.45E-02
8.302	1.45E-02
8.302	1.45E-02
8.303	1.45E-02
8.304	1.45E-02
8.304	1.45E-02
8.304	1.45E-02
8.305	1.45E-02
8.306	1.45E-02
8.306	1.45E-02
8.307	1.45E-02
8.307	1.45E-02
8.307	1.45E-02
8.308	1.45E-02
8.309	1.45E-02
8.309	1.45E-02
8.309	1.45E-02
8.31	1.45E-02
8.311	1.45E-02
8.311	1.45E-02
8.311	1.45E-02
8.312	1.45E-02
8.312	1.45E-02
8.313	1.45E-02
8.314	1.45E-02
8.314	1.45E-02
8.314	1.45E-02
8.315	1.45E-02
8.316	1.45E-02
8.316	1.45E-02
8.316	1.45E-02
8.317	1.45E-02
8.318	1.45E-02
8.318	1.45E-02
8.318	1.44E-02
8.319	1.44E-02
8.319	1.44E-02
8.32	1.44E-02
8.321	1.44E-02
8.321	1.44E-02
8.321	1.44E-02
8.322	1.44E-02
8.323	1.44E-02
8.323	1.44E-02
8.323	1.44E-02
8.324	1.44E-02
8.325	1.44E-02
8.325	1.44E-02
8.325	1.44E-02
8.326	1.44E-02
8.326	1.44E-02
8.327	1.44E-02
8.328	1.44E-02
8.328	1.44E-02
8.328	1.44E-02
8.329	1.44E-02
8.33	1.44E-02
8.33	1.44E-02
8.33	1.44E-02
8.331	1.44E-02
8.332	1.44E-02
8.332	1.44E-02
8.333	1.44E-02
8.333	1.44E-02
8.333	1.44E-02
8.334	1.44E-02
8.335	1.44E-02
8.335	1.44E-02
8.335	1.44E-02
8.336	1.44E-02
8.337	1.44E-02
8.337	1.44E-02
8.337	1.44E-02
8.338	1.44E-02
8.339	1.44E-02
8.339	1.44E-02
8.34	1.44E-02
8.34	1.44E-02
8.34	1.44E-02
8.341	1.44E-02
8.342	1.44E-02
8.342	1.44E-02
8.342	1.44E-02
8.343	1.44E-02
8.344	1.44E-02
8.344	1.44E-02
8.344	1.44E-02
8.345	1.44E-02
8.345	1.44E-02
8.346	1.44E-02
8.347	1.43E-02
8.347	1.43E-02
8.347	1.43E-02
8.348	1.43E-02
8.349	1.43E-02
8.349	1.43E-02
8.349	1.43E-02
8.35	1.43E-02
8.351	1.43E-02
8.351	1.43E-02
8.351	1.43E-02
8.352	1.43E-02
8.352	1.43E-02
8.353	1.43E-02
8.354	1.43E-02
8.354	1.43E-02
8.354	1.43E-02
8.355	1.43E-02
8.356	1.43E-02
8.356	1.43E-02
8.356	1.43E-02
8.357	1.43E-02
8.358	1.43E-02
8.358	1.43E-02
8.358	1.43E-02
8.359	1.43E-02
8.359	1.43E-02
8.36	1.43E-02
8.361	1.43E-02
8.361	1.43E-02
8.361	1.43E-02
8.362	1.43E-02
8.363	1.43E-02
8.363	1.43E-02
8.363	1.43E-02
8.364	1.43E-02
8.365	1.43E-02
8.365	1.43E-02
8.366	1.43E-02
8.366	1.43E-02
8.366	1.43E-02
8.367	1.43E-02
8.368	1.43E-02
8.368	1.43E-02
8.368	1.43E-02
8.369	1.43E-02
8.37	1.43E-02
8.37	1.43E-02
8.37	1.43E-02
8.371	1.43E-02
8.372	1.43E-02
8.372	1.43E-02
8.373	1.43E-02
8.373	1.43E-02
8.373	1.43E-02
8.374	1.42E-02
8.375	1.42E-02
8.375	1.42E-02
8.375	1.42E-02
8.376	1.42E-02
8.377	1.42E-02
8.377	1.42E-02
8.377	1.42E-02
8.378	1.42E-02
8.378	1.42E-02
8.379	1.42E-02
8.38	1.42E-02
8.38	1.42E-02
8.38	1.42E-02
8.381	1.42E-02
8.382	1.42E-02
8.382	1.42E-02
8.382	1.42E-02
8.383	1.42E-02
8.384	1.42E-02
8.384	1.42E-02
8.384	1.42E-02
8.385	1.42E-02
8.385	1.42E-02
8.386	1.42E-02
8.387	1.42E-02
8.387	1.42E-02
8.387	1.42E-02
8.388	1.42E-02
8.389	1.42E-02
8.389	1.42E-02
8.389	1.42E-02
8.39	1.42E-02
8.391	1.42E-02
8.391	1.42E-02
8.392	1.42E-02
8.392	1.42E-02
8.392	1.42E-02
8.393	1.42E-02
8.394	1.42E-02
8.394	1.42E-02
8.394	1.42E-02
8.395	1.42E-02
8.396	1.42E-02
8.396	1.42E-02
8.396	1.42E-02
8.397	1.42E-02
8.398	1.42E-02
8.398	1.42E-02
8.399	1.42E-02
8.399	1.42E-02
8.399	1.42E-02
8.4	1.42E-02
8.401	1.42E-02
8.401	1.42E-02
8.401	1.42E-02
8.402	1.41E-02
8.403	1.41E-02
8.403	1.41E-02
8.403	1.41E-02
8.404	1.41E-02
8.405	1.41E-02
8.405	1.41E-02
8.406	1.41E-02
8.406	1.41E-02
8.406	1.41E-02
8.407	1.41E-02
8.408	1.41E-02
8.408	1.41E-02
8.408	1.41E-02
8.409	1.41E-02
8.41	1.41E-02
8.41	1.41E-02
8.41	1.41E-02
8.411	1.41E-02
8.411	1.41E-02
8.412	1.41E-02
8.413	1.41E-02
8.413	1.41E-02
8.413	1.41E-02
8.414	1.41E-02
8.415	1.41E-02
8.415	1.41E-02
8.415	1.41E-02
8.416	1.41E-02
8.417	1.41E-02
8.417	1.41E-02
8.417	1.41E-02
8.418	1.41E-02
8.418	1.41E-02
8.419	1.41E-02
8.42	1.41E-02
8.42	1.41E-02
8.42	1.41E-02
8.421	1.41E-02
8.422	1.41E-02
8.422	1.41E-02
8.422	1.41E-02
8.423	1.41E-02
8.424	1.41E-02
8.424	1.41E-02
8.425	1.41E-02
8.425	1.41E-02
8.425	1.41E-02
8.426	1.41E-02
8.427	1.41E-02
8.427	1.41E-02
8.427	1.41E-02
8.428	1.41E-02
8.429	1.41E-02
8.429	1.41E-02
8.429	1.41E-02
8.43	1.40E-02
8.431	1.40E-02
8.431	1.40E-02
8.432	1.40E-02
8.432	1.40E-02
8.432	1.40E-02
8.433	1.40E-02
8.434	1.40E-02
8.434	1.40E-02
8.434	1.40E-02
8.435	1.40E-02
8.436	1.40E-02
8.436	1.40E-02
8.436	1.40E-02
8.437	1.40E-02
8.438	1.40E-02
8.438	1.40E-02
8.439	1.40E-02
8.439	1.40E-02
8.439	1.40E-02
8.44	1.40E-02
8.441	1.40E-02
8.441	1.40E-02
8.441	1.40E-02
8.442	1.40E-02
8.443	1.40E-02
8.443	1.40E-02
8.443	1.40E-02
8.444	1.40E-02
8.444	1.40E-02
8.445	1.40E-02
8.446	1.40E-02
8.446	1.40E-02
8.446	1.40E-02
8.447	1.40E-02
8.448	1.40E-02
8.448	1.40E-02
8.448	1.40E-02
8.449	1.40E-02
8.45	1.40E-02
8.45	1.40E-02
8.45	1.40E-02
8.451	1.40E-02
8.451	1.40E-02
8.452	1.40E-02
8.453	1.40E-02
8.453	1.40E-02
8.453	1.40E-02
8.454	1.40E-02
8.455	1.40E-02
8.455	1.40E-02
8.455	1.40E-02
8.456	1.40E-02
8.457	1.40E-02
8.457	1.40E-02
8.458	1.40E-02
8.458	1.40E-02
8.458	1.39E-02
8.459	1.39E-02
8.46	1.39E-02
8.46	1.39E-02
8.46	1.39E-02
8.461	1.39E-02
8.462	1.39E-02
8.462	1.39E-02
8.462	1.39E-02
8.463	1.39E-02
8.464	1.39E-02
8.464	1.39E-02
8.465	1.39E-02
8.465	1.39E-02
8.465	1.39E-02
8.466	1.39E-02
8.467	1.39E-02
8.467	1.39E-02
8.467	1.39E-02
8.468	1.39E-02
8.469	1.39E-02
8.469	1.39E-02
8.469	1.39E-02
8.47	1.39E-02
8.47	1.39E-02
8.471	1.39E-02
8.472	1.39E-02
8.472	1.39E-02
8.472	1.39E-02
8.473	1.39E-02
8.474	1.39E-02
8.474	1.39E-02
8.474	1.39E-02
8.475	1.39E-02
8.476	1.39E-02
8.476	1.39E-02
8.476	1.39E-02
8.477	1.39E-02
8.477	1.39E-02
8.478	1.39E-02
8.479	1.39E-02
8.479	1.39E-02
8.479	1.39E-02
8.48	1.39E-02
8.481	1.39E-02
8.481	1.39E-02
8.481	1.39E-02
8.482	1.39E-02
8.483	1.39E-02
8.483	1.39E-02
8.483	1.39E-02
8.484	1.39E-02
8.484	1.39E-02
8.485	1.39E-02
8.486	1.39E-02
8.486	1.39E-02
8.486	1.38E-02
8.487	1.38E-02
8.488	1.38E-02
8.488	1.38E-02
8.488	1.38E-02
8.489	1.38E-02
8.49	1.38E-02
8.49	1.38E-02
8.491	1.38E-02
8.491	1.38E-02
8.491	1.38E-02
8.492	1.38E-02
8.493	1.38E-02
8.493	1.38E-02
8.493	1.38E-02
8.494	1.38E-02
8.495	1.38E-02
8.495	1.38E-02
8.495	1.38E-02
8.496	1.38E-02
8.497	1.38E-02
8.497	1.38E-02
8.498	1.38E-02
8.498	1.38E-02
8.498	1.38E-02
8.499	1.38E-02
8.5	1.38E-02
8.5	1.38E-02
8.5	1.38E-02
8.501	1.38E-02
8.502	1.38E-02
8.502	1.38E-02
8.502	1.38E-02
8.503	1.38E-02
8.503	1.38E-02
8.504	1.38E-02
8.505	1.38E-02
8.505	1.38E-02
8.505	1.38E-02
8.506	1.38E-02
8.507	1.38E-02
8.507	1.38E-02
8.507	1.38E-02
8.508	1.38E-02
8.509	1.38E-02
8.509	1.38E-02
8.509	1.38E-02
8.51	1.38E-02
8.51	1.38E-02
8.511	1.38E-02
8.512	1.38E-02
8.512	1.38E-02
8.512	1.38E-02
8.513	1.38E-02
8.514	1.38E-02
8.514	1.38E-02
8.514	1.38E-02
8.515	1.37E-02
8.516	1.37E-02
8.516	1.37E-02
8.517	1.37E-02
8.517	1.37E-02
8.517	1.37E-02
8.518	1.37E-02
8.519	1.37E-02
8.519	1.37E-02
8.519	1.37E-02
8.52	1.37E-02
8.521	1.37E-02
8.521	1.37E-02
8.521	1.37E-02
8.522	1.37E-02
8.523	1.37E-02
8.523	1.37E-02
8.524	1.37E-02
8.524	1.37E-02
8.524	1.37E-02
8.525	1.37E-02
8.526	1.37E-02
8.526	1.37E-02
8.526	1.37E-02
8.527	1.37E-02
8.528	1.37E-02
8.528	1.37E-02
8.528	1.37E-02
8.529	1.37E-02
8.53	1.37E-02
8.53	1.37E-02
8.531	1.37E-02
8.531	1.37E-02
8.531	1.37E-02
8.532	1.37E-02
8.533	1.37E-02
8.533	1.37E-02
8.533	1.37E-02
8.534	1.37E-02
8.535	1.37E-02
8.535	1.37E-02
8.535	1.37E-02
8.536	1.37E-02
8.536	1.37E-02
8.537	1.37E-02
8.538	1.37E-02
8.538	1.37E-02
8.538	1.37E-02
8.539	1.37E-02
8.54	1.37E-02
8.54	1.37E-02
8.54	1.37E-02
8.541	1.37E-02
8.542	1.37E-02
8.542	1.37E-02
8.542	1.37E-02
8.543	1.37E-02
8.543	1.36E-02
8.544	1.36E-02
8.545	1.36E-02
8.545	1.36E-02
8.545	1.36E-02
8.546	1.36E-02
8.547	1.36E-02
8.547	1.36E-02
8.547	1.36E-02
8.548	1.36E-02
8.549	1.36E-02
8.549	1.36E-02
8.55	1.36E-02
8.55	1.36E-02
8.55	1.36E-02
8.551	1.36E-02
8.552	1.36E-02
8.552	1.36E-02
8.552	1.36E-02
8.553	1.36E-02
8.554	1.36E-02
8.554	1.36E-02
8.554	1.36E-02
8.555	1.36E-02
8.556	1.36E-02
8.556	1.36E-02
8.557	1.36E-02
8.557	1.36E-02
8.557	1.36E-02
8.558	1.36E-02
8.559	1.36E-02
8.559	1.36E-02
8.559	1.36E-02
8.56	1.36E-02
8.561	1.36E-02
8.561	1.36E-02
8.561	1.36E-02
8.562	1.36E-02
8.562	1.36E-02
8.563	1.36E-02
8.564	1.36E-02
8.564	1.36E-02
8.564	1.36E-02
8.565	1.36E-02
8.566	1.36E-02
8.566	1.36E-02
8.566	1.36E-02
8.567	1.36E-02
8.568	1.36E-02
8.568	1.36E-02
8.568	1.36E-02
8.569	1.36E-02
8.569	1.36E-02
8.57	1.36E-02
8.571	1.36E-02
8.571	1.36E-02
8.571	1.36E-02
8.572	1.36E-02
8.573	1.35E-02
8.573	1.35E-02
8.573	1.35E-02
8.574	1.35E-02
8.575	1.35E-02
8.575	1.35E-02
8.575	1.35E-02
8.576	1.35E-02
8.576	1.35E-02
8.577	1.35E-02
8.578	1.35E-02
8.578	1.35E-02
8.578	1.35E-02
8.579	1.35E-02
8.58	1.35E-02
8.58	1.35E-02
8.58	1.35E-02
8.581	1.35E-02
8.582	1.35E-02
8.582	1.35E-02
8.583	1.35E-02
8.583	1.35E-02
8.583	1.35E-02
8.584	1.35E-02
8.585	1.35E-02
8.585	1.35E-02
8.585	1.35E-02
8.586	1.35E-02
8.587	1.35E-02
8.587	1.35E-02
8.587	1.35E-02
8.588	1.35E-02
8.589	1.35E-02
8.589	1.35E-02
8.59	1.35E-02
8.59	1.35E-02
8.59	1.35E-02
8.591	1.35E-02
8.592	1.35E-02
8.592	1.35E-02
8.592	1.35E-02
8.593	1.35E-02
8.594	1.35E-02
8.594	1.35E-02
8.594	1.35E-02
8.595	1.35E-02
8.595	1.35E-02
8.596	1.35E-02
8.597	1.35E-02
8.597	1.35E-02
8.597	1.35E-02
8.598	1.35E-02
8.599	1.35E-02
8.599	1.35E-02
8.599	1.35E-02
8.6	1.35E-02
8.601	1.35E-02
8.601	1.34E-02
8.601	1.34E-02
8.602	1.34E-02
8.602	1.34E-02
8.603	1.34E-02
8.604	1.34E-02
8.604	1.34E-02
8.604	1.34E-02
8.605	1.34E-02
8.606	1.34E-02
8.606	1.34E-02
8.606	1.34E-02
8.607	1.34E-02
8.608	1.34E-02
8.608	1.34E-02
8.608	1.34E-02
8.609	1.34E-02
8.609	1.34E-02
8.61	1.34E-02
8.611	1.34E-02
8.611	1.34E-02
8.611	1.34E-02
8.612	1.34E-02
8.613	1.34E-02
8.613	1.34E-02
8.613	1.34E-02
8.614	1.34E-02
8.615	1.34E-02
8.615	1.34E-02
8.616	1.34E-02
8.616	1.34E-02
8.616	1.34E-02
8.617	1.34E-02
8.618	1.34E-02
8.618	1.34E-02
8.618	1.34E-02
8.619	1.34E-02
8.62	1.34E-02
8.62	1.34E-02
8.62	1.34E-02
8.621	1.34E-02
8.622	1.34E-02
8.622	1.34E-02
8.623	1.34E-02
8.623	1.34E-02
8.623	1.34E-02
8.624	1.34E-02
8.625	1.34E-02
8.625	1.34E-02
8.625	1.34E-02
8.626	1.34E-02
8.627	1.34E-02
8.627	1.34E-02
8.627	1.34E-02
8.628	1.34E-02
8.628	1.34E-02
8.629	1.34E-02
8.63	1.34E-02
8.63	1.33E-02
8.63	1.33E-02
8.631	1.33E-02
8.632	1.33E-02
8.632	1.33E-02
8.632	1.33E-02
8.633	1.33E-02
8.634	1.33E-02
8.634	1.33E-02
8.634	1.33E-02
8.635	1.33E-02
8.635	1.33E-02
8.636	1.33E-02
8.637	1.33E-02
8.637	1.33E-02
8.637	1.33E-02
8.638	1.33E-02
8.639	1.33E-02
8.639	1.33E-02
8.639	1.33E-02
8.64	1.33E-02
8.641	1.33E-02
8.641	1.33E-02
8.642	1.33E-02
8.642	1.33E-02
8.642	1.33E-02
8.643	1.33E-02
8.644	1.33E-02
8.644	1.33E-02
8.644	1.33E-02
8.645	1.33E-02
8.646	1.33E-02
8.646	1.33E-02
8.646	1.33E-02
8.647	1.33E-02
8.648	1.33E-02
8.648	1.33E-02
8.649	1.33E-02
8.649	1.33E-02
8.649	1.33E-02
8.65	1.33E-02
8.651	1.33E-02
8.651	1.33E-02
8.651	1.33E-02
8.652	1.33E-02
8.653	1.33E-02
8.653	1.33E-02
8.653	1.33E-02
8.654	1.33E-02
8.655	1.33E-02
8.655	1.33E-02
8.656	1.33E-02
8.656	1.33E-02
8.656	1.33E-02
8.657	1.33E-02
8.658	1.33E-02
8.658	1.33E-02
8.658	1.33E-02
8.659	1.32E-02
8.66	1.32E-02
8.66	1.32E-02
8.66	1.32E-02
8.661	1.32E-02
8.661	1.32E-02
8.662	1.32E-02
8.663	1.32E-02
8.663	1.32E-02
8.663	1.32E-02
8.664	1.32E-02
8.665	1.32E-02
8.665	1.32E-02
8.665	1.32E-02
8.666	1.32E-02
8.667	1.32E-02
8.667	1.32E-02
8.667	1.32E-02
8.668	1.32E-02
8.668	1.32E-02
8.669	1.32E-02
8.67	1.32E-02
8.67	1.32E-02
8.67	1.32E-02
8.671	1.32E-02
8.672	1.32E-02
8.672	1.32E-02
8.672	1.32E-02
8.673	1.32E-02
8.674	1.32E-02
8.674	1.32E-02
8.675	1.32E-02
8.675	1.32E-02
8.675	1.32E-02
8.676	1.32E-02
8.677	1.32E-02
8.677	1.32E-02
8.677	1.32E-02
8.678	1.32E-02
8.679	1.32E-02
8.679	1.32E-02
8.679	1.32E-02
8.68	1.32E-02
8.681	1.32E-02
8.681	1.32E-02
8.682	1.32E-02
8.682	1.32E-02
8.682	1.32E-02
8.683	1.32E-02
8.684	1.32E-02
8.684	1.32E-02
8.684	1.32E-02
8.685	1.32E-02
8.686	1.32E-02
8.686	1.32E-02
8.686	1.32E-02
8.687	1.32E-02
8.688	1.32E-02
8.688	1.31E-02
8.689	1.31E-02
8.689	1.31E-02
8.689	1.31E-02
8.69	1.31E-02
8.691	1.31E-02
8.691	1.31E-02
8.691	1.31E-02
8.692	1.31E-02
8.693	1.31E-02
8.693	1.31E-02
8.693	1.31E-02
8.694	1.31E-02
8.694	1.31E-02
8.695	1.31E-02
8.696	1.31E-02
8.696	1.31E-02
8.696	1.31E-02
8.697	1.31E-02
8.698	1.31E-02
8.698	1.31E-02
8.698	1.31E-02
8.699	1.31E-02
8.7	1.31E-02
8.7	1.31E-02
8.7	1.31E-02
8.701	1.31E-02
8.701	1.31E-02
8.702	1.31E-02
8.703	1.31E-02
8.703	1.31E-02
8.703	1.31E-02
8.704	1.31E-02
8.705	1.31E-02
8.705	1.31E-02
8.705	1.31E-02
8.706	1.31E-02
8.707	1.31E-02
8.707	1.31E-02
8.708	1.31E-02
8.708	1.31E-02
8.708	1.31E-02
8.709	1.31E-02
8.71	1.31E-02
8.71	1.31E-02
8.71	1.31E-02
8.711	1.31E-02
8.712	1.31E-02
8.712	1.31E-02
8.712	1.31E-02
8.713	1.31E-02
8.714	1.31E-02
8.714	1.31E-02
8.715	1.31E-02
8.715	1.31E-02
8.715	1.31E-02
8.716	1.31E-02
8.717	1.31E-02
8.717	1.31E-02
8.717	1.30E-02
8.718	1.30E-02
8.719	1.30E-02
8.719	1.30E-02
8.719	1.30E-02
8.72	1.30E-02
8.72	1.30E-02
8.721	1.30E-02
8.722	1.30E-02
8.722	1.30E-02
8.722	1.30E-02
8.723	1.30E-02
8.724	1.30E-02
8.724	1.30E-02
8.724	1.30E-02
8.725	1.30E-02
8.726	1.30E-02
8.726	1.30E-02
8.726	1.30E-02
8.727	1.30E-02
8.727	1.30E-02
8.728	1.30E-02
8.729	1.30E-02
8.729	1.30E-02
8.729	1.30E-02
8.73	1.30E-02
8.731	1.30E-02
8.731	1.30E-02
8.731	1.30E-02
8.732	1.30E-02
8.733	1.30E-02
8.733	1.30E-02
8.733	1.30E-02
8.734	1.30E-02
8.734	1.30E-02
8.735	1.30E-02
8.736	1.30E-02
8.736	1.30E-02
8.736	1.30E-02
8.737	1.30E-02
8.738	1.30E-02
8.738	1.30E-02
8.738	1.30E-02
8.739	1.30E-02
8.74	1.30E-02
8.74	1.30E-02
8.741	1.30E-02
8.741	1.30E-02
8.741	1.30E-02
8.742	1.30E-02
8.743	1.30E-02
8.743	1.30E-02
8.743	1.30E-02
8.744	1.30E-02
8.745	1.30E-02
8.745	1.30E-02
8.745	1.30E-02
8.746	1.30E-02
8.747	1.30E-02
8.747	1.29E-02
8.748	1.29E-02
8.748	1.29E-02
8.748	1.29E-02
8.749	1.29E-02
8.75	1.29E-02
8.75	1.29E-02
8.75	1.29E-02
8.751	1.29E-02
8.752	1.29E-02
8.752	1.29E-02
8.752	1.29E-02
8.753	1.29E-02
8.753	1.29E-02
8.754	1.29E-02
8.755	1.29E-02
8.755	1.29E-02
8.755	1.29E-02
8.756	1.29E-02
8.757	1.29E-02
8.757	1.29E-02
8.757	1.29E-02
8.758	1.29E-02
8.759	1.29E-02
8.759	1.29E-02
8.759	1.29E-02
8.76	1.29E-02
8.76	1.29E-02
8.761	1.29E-02
8.762	1.29E-02
8.762	1.29E-02
8.762	1.29E-02
8.763	1.29E-02
8.764	1.29E-02
8.764	1.29E-02
8.764	1.29E-02
8.765	1.29E-02
8.766	1.29E-02
8.766	1.29E-02
8.767	1.29E-02
8.767	1.29E-02
8.767	1.29E-02
8.768	1.29E-02
8.769	1.29E-02
8.769	1.29E-02
8.769	1.29E-02
8.77	1.29E-02
8.771	1.29E-02
8.771	1.29E-02
8.771	1.29E-02
8.772	1.29E-02
8.773	1.29E-02
8.773	1.29E-02
8.774	1.29E-02
8.774	1.29E-02
8.774	1.29E-02
8.775	1.29E-02
8.776	1.29E-02
8.776	1.29E-02
8.776	1.28E-02
8.777	1.28E-02
8.778	1.28E-02
8.778	1.28E-02
8.778	1.28E-02
8.779	1.28E-02
8.78	1.28E-02
8.78	1.28E-02
8.781	1.28E-02
8.781	1.28E-02
8.781	1.28E-02
8.782	1.28E-02
8.783	1.28E-02
8.783	1.28E-02
8.783	1.28E-02
8.784	1.28E-02
8.785	1.28E-02
8.785	1.28E-02
8.785	1.28E-02
8.786	1.28E-02
8.786	1.28E-02
8.787	1.28E-02
8.788	1.28E-02
8.788	1.28E-02
8.788	1.28E-02
8.789	1.28E-02
8.79	1.28E-02
8.79	1.28E-02
8.79	1.28E-02
8.791	1.28E-02
8.792	1.28E-02
8.792	1.28E-02
8.792	1.28E-02
8.793	1.28E-02
8.793	1.28E-02
8.794	1.28E-02
8.795	1.28E-02
8.795	1.28E-02
8.795	1.28E-02
8.796	1.28E-02
8.797	1.28E-02
8.797	1.28E-02
8.797	1.28E-02
8.798	1.28E-02
8.799	1.28E-02
8.799	1.28E-02
8.8	1.28E-02
8.8	1.28E-02
8.8	1.28E-02
8.801	1.28E-02
8.802	1.28E-02
8.802	1.28E-02
8.802	1.28E-02
8.803	1.28E-02
8.804	1.28E-02
8.804	1.28E-02
8.804	1.28E-02
8.805	1.28E-02
8.806	1.28E-02
8.806	1.27E-02
8.807	1.27E-02
8.807	1.27E-02
8.807	1.27E-02
8.808	1.27E-02
8.809	1.27E-02
8.809	1.27E-02
8.809	1.27E-02
8.81	1.27E-02
8.811	1.27E-02
8.811	1.27E-02
8.811	1.27E-02
8.812	1.27E-02
8.812	1.27E-02
8.813	1.27E-02
8.814	1.27E-02
8.814	1.27E-02
8.814	1.27E-02
8.815	1.27E-02
8.816	1.27E-02
8.816	1.27E-02
8.816	1.27E-02
8.817	1.27E-02
8.818	1.27E-02
8.818	1.27E-02
8.818	1.27E-02
8.819	1.27E-02
8.819	1.27E-02
8.82	1.27E-02
8.821	1.27E-02
8.821	1.27E-02
8.821	1.27E-02
8.822	1.27E-02
8.823	1.27E-02
8.823	1.27E-02
8.823	1.27E-02
8.824	1.27E-02
8.825	1.27E-02
8.825	1.27E-02
8.825	1.27E-02
8.826	1.27E-02
8.826	1.27E-02
8.827	1.27E-02
8.828	1.27E-02
8.828	1.27E-02
8.828	1.27E-02
8.829	1.27E-02
8.83	1.27E-02
8.83	1.27E-02
8.83	1.27E-02
8.831	1.27E-02
8.832	1.27E-02
8.832	1.27E-02
8.833	1.27E-02
8.833	1.27E-02
8.833	1.27E-02
8.834	1.27E-02
8.835	1.27E-02
8.835	1.27E-02
8.835	1.27E-02
8.836	1.26E-02
8.837	1.26E-02
8.837	1.26E-02
8.837	1.26E-02
8.838	1.26E-02
8.839	1.26E-02
8.839	1.26E-02
8.84	1.26E-02
8.84	1.26E-02
8.84	1.26E-02
8.841	1.26E-02
8.842	1.26E-02
8.842	1.26E-02
8.842	1.26E-02
8.843	1.26E-02
8.844	1.26E-02
8.844	1.26E-02
8.844	1.26E-02
8.845	1.26E-02
8.845	1.26E-02
8.846	1.26E-02
8.847	1.26E-02
8.847	1.26E-02
8.847	1.26E-02
8.848	1.26E-02
8.849	1.26E-02
8.849	1.26E-02
8.849	1.26E-02
8.85	1.26E-02
8.851	1.26E-02
8.851	1.26E-02
8.851	1.26E-02
8.852	1.26E-02
8.852	1.26E-02
8.853	1.26E-02
8.854	1.26E-02
8.854	1.26E-02
8.854	1.26E-02
8.855	1.26E-02
8.856	1.26E-02
8.856	1.26E-02
8.856	1.26E-02
8.857	1.26E-02
8.858	1.26E-02
8.858	1.26E-02
8.858	1.26E-02
8.859	1.26E-02
8.859	1.26E-02
8.86	1.26E-02
8.861	1.26E-02
8.861	1.26E-02
8.861	1.26E-02
8.862	1.26E-02
8.863	1.26E-02
8.863	1.26E-02
8.863	1.26E-02
8.864	1.26E-02
8.865	1.26E-02
8.865	1.26E-02
8.866	1.26E-02
8.866	1.25E-02
8.866	1.25E-02
8.867	1.25E-02
8.868	1.25E-02
8.868	1.25E-02
8.868	1.25E-02
8.869	1.25E-02
8.87	1.25E-02
8.87	1.25E-02
8.87	1.25E-02
8.871	1.25E-02
8.872	1.25E-02
8.872	1.25E-02
8.873	1.25E-02
8.873	1.25E-02
8.873	1.25E-02
8.874	1.25E-02
8.875	1.25E-02
8.875	1.25E-02
8.875	1.25E-02
8.876	1.25E-02
8.877	1.25E-02
8.877	1.25E-02
8.877	1.25E-02
8.878	1.25E-02
8.878	1.25E-02
8.879	1.25E-02
8.88	1.25E-02
8.88	1.25E-02
8.88	1.25E-02
8.881	1.25E-02
8.882	1.25E-02
8.882	1.25E-02
8.882	1.25E-02
8.883	1.25E-02
8.884	1.25E-02
8.884	1.25E-02
8.884	1.25E-02
8.885	1.25E-02
8.885	1.25E-02
8.886	1.25E-02
8.887	1.25E-02
8.887	1.25E-02
8.887	1.25E-02
8.888	1.25E-02
8.889	1.25E-02
8.889	1.25E-02
8.889	1.25E-02
8.89	1.25E-02
8.891	1.25E-02
8.891	1.25E-02
8.892	1.25E-02
8.892	1.25E-02
8.892	1.25E-02
8.893	1.25E-02
8.894	1.25E-02
8.894	1.25E-02
8.894	1.25E-02
8.895	1.25E-02
8.896	1.25E-02
8.896	1.24E-02
8.896	1.24E-02
8.897	1.24E-02
8.898	1.24E-02
8.898	1.24E-02
8.899	1.24E-02
8.899	1.24E-02
8.899	1.24E-02
8.9	1.24E-02
8.901	1.24E-02
8.901	1.24E-02
8.901	1.24E-02
8.902	1.24E-02
8.903	1.24E-02
8.903	1.24E-02
8.903	1.24E-02
8.904	1.24E-02
8.905	1.24E-02
8.905	1.24E-02
8.906	1.24E-02
8.906	1.24E-02
8.906	1.24E-02
8.907	1.24E-02
8.908	1.24E-02
8.908	1.24E-02
8.908	1.24E-02
8.909	1.24E-02
8.91	1.24E-02
8.91	1.24E-02
8.91	1.24E-02
8.911	1.24E-02
8.911	1.24E-02
8.912	1.24E-02
8.913	1.24E-02
8.913	1.24E-02
8.913	1.24E-02
8.914	1.24E-02
8.915	1.24E-02
8.915	1.24E-02
8.915	1.24E-02
8.916	1.24E-02
8.917	1.24E-02
8.917	1.24E-02
8.917	1.24E-02
8.918	1.24E-02
8.918	1.24E-02
8.919	1.24E-02
8.92	1.24E-02
8.92	1.24E-02
8.92	1.24E-02
8.921	1.24E-02
8.922	1.24E-02
8.922	1.24E-02
8.922	1.24E-02
8.923	1.24E-02
8.924	1.24E-02
8.924	1.24E-02
8.925	1.24E-02
8.925	1.24E-02
8.925	1.24E-02
8.926	1.24E-02
8.927	1.23E-02
8.927	1.23E-02
8.927	1.23E-02
8.928	1.23E-02
8.929	1.23E-02
8.929	1.23E-02
8.929	1.23E-02
8.93	1.23E-02
8.931	1.23E-02
8.931	1.23E-02
8.932	1.23E-02
8.932	1.23E-02
8.932	1.23E-02
8.933	1.23E-02
8.934	1.23E-02
8.934	1.23E-02
8.934	1.23E-02
8.935	1.23E-02
8.936	1.23E-02
8.936	1.23E-02
8.936	1.23E-02
8.937	1.23E-02
8.938	1.23E-02
8.938	1.23E-02
8.939	1.23E-02
8.939	1.23E-02
8.939	1.23E-02
8.94	1.23E-02
8.941	1.23E-02
8.941	1.23E-02
8.941	1.23E-02
8.942	1.23E-02
8.943	1.23E-02
8.943	1.23E-02
8.943	1.23E-02
8.944	1.23E-02
8.944	1.23E-02
8.945	1.23E-02
8.946	1.23E-02
8.946	1.23E-02
8.946	1.23E-02
8.947	1.23E-02
8.948	1.23E-02
8.948	1.23E-02
8.948	1.23E-02
8.949	1.23E-02
8.95	1.23E-02
8.95	1.23E-02
8.95	1.23E-02
8.951	1.23E-02
8.951	1.23E-02
8.952	1.23E-02
8.953	1.23E-02
8.953	1.23E-02
8.953	1.23E-02
8.954	1.23E-02
8.955	1.23E-02
8.955	1.23E-02
8.955	1.23E-02
8.956	1.23E-02
8.957	1.23E-02
8.957	1.22E-02
8.958	1.22E-02
8.958	1.22E-02
8.958	1.22E-02
8.959	1.22E-02
8.96	1.22E-02
8.96	1.22E-02
8.96	1.22E-02
8.961	1.22E-02
8.962	1.22E-02
8.962	1.22E-02
8.962	1.22E-02
8.963	1.22E-02
8.964	1.22E-02
8.964	1.22E-02
8.965	1.22E-02
8.965	1.22E-02
8.965	1.22E-02
8.966	1.22E-02
8.967	1.22E-02
8.967	1.22E-02
8.967	1.22E-02
8.968	1.22E-02
8.969	1.22E-02
8.969	1.22E-02
8.969	1.22E-02
8.97	1.22E-02
8.97	1.22E-02
8.971	1.22E-02
8.972	1.22E-02
8.972	1.22E-02
8.972	1.22E-02
8.973	1.22E-02
8.974	1.22E-02
8.974	1.22E-02
8.974	1.22E-02
8.975	1.22E-02
8.976	1.22E-02
8.976	1.22E-02
8.976	1.22E-02
8.977	1.22E-02
8.977	1.22E-02
8.978	1.22E-02
8.979	1.22E-02
8.979	1.22E-02
8.979	1.22E-02
8.98	1.22E-02
8.981	1.22E-02
8.981	1.22E-02
8.981	1.22E-02
8.982	1.22E-02
8.983	1.22E-02
8.983	1.22E-02
8.983	1.22E-02
8.984	1.22E-02
8.984	1.22E-02
8.985	1.22E-02
8.986	1.22E-02
8.986	1.22E-02
8.986	1.22E-02
8.987	1.22E-02
8.988	1.21E-02
8.988	1.21E-02
8.988	1.21E-02
8.989	1.21E-02
8.99	1.21E-02
8.99	1.21E-02
8.991	1.21E-02
8.991	1.21E-02
8.991	1.21E-02
8.992	1.21E-02
8.993	1.21E-02
8.993	1.21E-02
8.993	1.21E-02
8.994	1.21E-02
8.995	1.21E-02
8.995	1.21E-02
8.995	1.21E-02
8.996	1.21E-02
8.997	1.21E-02
8.997	1.21E-02
8.998	1.21E-02
8.998	1.21E-02
8.998	1.21E-02
8.999	1.21E-02
9	1.21E-02
9	1.21E-02
9	1.21E-02
9.001	1.21E-02
9.002	1.21E-02
9.002	1.21E-02
9.002	1.21E-02
9.003	1.21E-02
9.003	1.21E-02
9.004	1.21E-02
9.005	1.21E-02
9.005	1.21E-02
9.005	1.21E-02
9.006	1.21E-02
9.007	1.21E-02
9.007	1.21E-02
9.007	1.21E-02
9.008	1.21E-02
9.009	1.21E-02
9.009	1.21E-02
9.009	1.21E-02
9.01	1.21E-02
9.01	1.21E-02
9.011	1.21E-02
9.012	1.21E-02
9.012	1.21E-02
9.012	1.21E-02
9.013	1.21E-02
9.014	1.21E-02
9.014	1.21E-02
9.014	1.21E-02
9.015	1.21E-02
9.016	1.21E-02
9.016	1.21E-02
9.017	1.21E-02
9.017	1.21E-02
9.017	1.21E-02
9.018	1.21E-02
9.019	1.20E-02
9.019	1.20E-02
9.019	1.20E-02
9.02	1.20E-02
9.021	1.20E-02
9.021	1.20E-02
9.021	1.20E-02
9.022	1.20E-02
9.023	1.20E-02
9.023	1.20E-02
9.024	1.20E-02
9.024	1.20E-02
9.024	1.20E-02
9.025	1.20E-02
9.026	1.20E-02
9.026	1.20E-02
9.026	1.20E-02
9.027	1.20E-02
9.028	1.20E-02
9.028	1.20E-02
9.028	1.20E-02
9.029	1.20E-02
9.03	1.20E-02
9.03	1.20E-02
9.031	1.20E-02
9.031	1.20E-02
9.031	1.20E-02
9.032	1.20E-02
9.033	1.20E-02
9.033	1.20E-02
9.033	1.20E-02
9.034	1.20E-02
9.035	1.20E-02
9.035	1.20E-02
9.035	1.20E-02
9.036	1.20E-02
9.036	1.20E-02
9.037	1.20E-02
9.038	1.20E-02
9.038	1.20E-02
9.038	1.20E-02
9.039	1.20E-02
9.04	1.20E-02
9.04	1.20E-02
9.04	1.20E-02
9.041	1.20E-02
9.042	1.20E-02
9.042	1.20E-02
9.042	1.20E-02
9.043	1.20E-02
9.043	1.20E-02
9.044	1.20E-02
9.045	1.20E-02
9.045	1.20E-02
9.045	1.20E-02
9.046	1.20E-02
9.047	1.20E-02
9.047	1.20E-02
9.047	1.20E-02
9.048	1.20E-02
9.049	1.20E-02
9.049	1.20E-02
9.05	1.19E-02
9.05	1.19E-02
9.05	1.19E-02
9.051	1.19E-02
9.052	1.19E-02
9.052	1.19E-02
9.052	1.19E-02
9.053	1.19E-02
9.054	1.19E-02
9.054	1.19E-02
9.054	1.19E-02
9.055	1.19E-02
9.056	1.19E-02
9.056	1.19E-02
9.057	1.19E-02
9.057	1.19E-02
9.057	1.19E-02
9.058	1.19E-02
9.059	1.19E-02
9.059	1.19E-02
9.059	1.19E-02
9.06	1.19E-02
9.061	1.19E-02
9.061	1.19E-02
9.061	1.19E-02
9.062	1.19E-02
9.062	1.19E-02
9.063	1.19E-02
9.064	1.19E-02
9.064	1.19E-02
9.064	1.19E-02
9.065	1.19E-02
9.066	1.19E-02
9.066	1.19E-02
9.066	1.19E-02
9.067	1.19E-02
9.068	1.19E-02
9.068	1.19E-02
9.068	1.19E-02
9.069	1.19E-02
9.069	1.19E-02
9.07	1.19E-02
9.071	1.19E-02
9.071	1.19E-02
9.071	1.19E-02
9.072	1.19E-02
9.073	1.19E-02
9.073	1.19E-02
9.073	1.19E-02
9.074	1.19E-02
9.075	1.19E-02
9.075	1.19E-02
9.075	1.19E-02
9.076	1.19E-02
9.076	1.19E-02
9.077	1.19E-02
9.078	1.19E-02
9.078	1.19E-02
9.078	1.19E-02
9.079	1.19E-02
9.08	1.19E-02
9.08	1.19E-02
9.08	1.18E-02
9.081	1.18E-02
9.082	1.18E-02
9.082	1.18E-02
9.083	1.18E-02
9.083	1.18E-02
9.083	1.18E-02
9.084	1.18E-02
9.085	1.18E-02
9.085	1.18E-02
9.085	1.18E-02
9.086	1.18E-02
9.087	1.18E-02
9.087	1.18E-02
9.087	1.18E-02
9.088	1.18E-02
9.089	1.18E-02
9.089	1.18E-02
9.09	1.18E-02
9.09	1.18E-02
9.09	1.18E-02
9.091	1.18E-02
9.092	1.18E-02
9.092	1.18E-02
9.092	1.18E-02
9.093	1.18E-02
9.094	1.18E-02
9.094	1.18E-02
9.094	1.18E-02
9.095	1.18E-02
9.095	1.18E-02
9.096	1.18E-02
9.097	1.18E-02
9.097	1.18E-02
9.097	1.18E-02
9.098	1.18E-02
9.099	1.18E-02
9.099	1.18E-02
9.099	1.18E-02
9.1	1.18E-02
9.101	1.18E-02
9.101	1.18E-02
9.101	1.18E-02
9.102	1.18E-02
9.102	1.18E-02
9.103	1.18E-02
9.104	1.18E-02
9.104	1.18E-02
9.104	1.18E-02
9.105	1.18E-02
9.106	1.18E-02
9.106	1.18E-02
9.106	1.18E-02
9.107	1.18E-02
9.108	1.18E-02
9.108	1.18E-02
9.108	1.18E-02
9.109	1.18E-02
9.109	1.18E-02
9.11	1.18E-02
9.111	1.18E-02
9.111	1.18E-02
9.111	1.18E-02
9.112	1.17E-02
9.113	1.17E-02
9.113	1.17E-02
9.113	1.17E-02
9.114	1.17E-02
9.115	1.17E-02
9.115	1.17E-02
9.116	1.17E-02
9.116	1.17E-02
9.116	1.17E-02
9.117	1.17E-02
9.118	1.17E-02
9.118	1.17E-02
9.118	1.17E-02
9.119	1.17E-02
9.12	1.17E-02
9.12	1.17E-02
9.12	1.17E-02
9.121	1.17E-02
9.122	1.17E-02
9.122	1.17E-02
9.123	1.17E-02
9.123	1.17E-02
9.123	1.17E-02
9.124	1.17E-02
9.125	1.17E-02
9.125	1.17E-02
9.125	1.17E-02
9.126	1.17E-02
9.127	1.17E-02
9.127	1.17E-02
9.127	1.17E-02
9.128	1.17E-02
9.128	1.17E-02
9.129	1.17E-02
9.13	1.17E-02
9.13	1.17E-02
9.13	1.17E-02
9.131	1.17E-02
9.132	1.17E-02
9.132	1.17E-02
9.132	1.17E-02
9.133	1.17E-02
9.134	1.17E-02
9.134	1.17E-02
9.134	1.17E-02
9.135	1.17E-02
9.135	1.17E-02
9.136	1.17E-02
9.137	1.17E-02
9.137	1.17E-02
9.137	1.17E-02
9.138	1.17E-02
9.139	1.17E-02
9.139	1.17E-02
9.139	1.17E-02
9.14	1.17E-02
9.141	1.17E-02
9.141	1.17E-02
9.142	1.17E-02
9.142	1.17E-02
9.142	1.17E-02
9.143	1.17E-02
9.144	1.16E-02
9.144	1.16E-02
9.144	1.16E-02
9.145	1.16E-02
9.146	1.16E-02
9.146	1.16E-02
9.146	1.16E-02
9.147	1.16E-02
9.148	1.16E-02
9.148	1.16E-02
9.149	1.16E-02
9.149	1.16E-02
9.149	1.16E-02
9.15	1.16E-02
9.151	1.16E-02
9.151	1.16E-02
9.151	1.16E-02
9.152	1.16E-02
9.153	1.16E-02
9.153	1.16E-02
9.153	1.16E-02
9.154	1.16E-02
9.155	1.16E-02
9.155	1.16E-02
9.156	1.16E-02
9.156	1.16E-02
9.156	1.16E-02
9.157	1.16E-02
9.158	1.16E-02
9.158	1.16E-02
9.158	1.16E-02
9.159	1.16E-02
9.16	1.16E-02
9.16	1.16E-02
9.16	1.16E-02
9.161	1.16E-02
9.161	1.16E-02
9.162	1.16E-02
9.163	1.16E-02
9.163	1.16E-02
9.163	1.16E-02
9.164	1.16E-02
9.165	1.16E-02
9.165	1.16E-02
9.165	1.16E-02
9.166	1.16E-02
9.167	1.16E-02
9.167	1.16E-02
9.167	1.16E-02
9.168	1.16E-02
9.168	1.16E-02
9.169	1.16E-02
9.17	1.16E-02
9.17	1.16E-02
9.17	1.16E-02
9.171	1.16E-02
9.172	1.16E-02
9.172	1.16E-02
9.172	1.16E-02
9.173	1.16E-02
9.174	1.16E-02
9.174	1.16E-02
9.175	1.16E-02
9.175	1.15E-02
9.175	1.15E-02
9.176	1.15E-02
9.177	1.15E-02
9.177	1.15E-02
9.177	1.15E-02
9.178	1.15E-02
9.179	1.15E-02
9.179	1.15E-02
9.179	1.15E-02
9.18	1.15E-02
9.181	1.15E-02
9.181	1.15E-02
9.182	1.15E-02
9.182	1.15E-02
9.182	1.15E-02
9.183	1.15E-02
9.184	1.15E-02
9.184	1.15E-02
9.184	1.15E-02
9.185	1.15E-02
9.186	1.15E-02
9.186	1.15E-02
9.186	1.15E-02
9.187	1.15E-02
9.188	1.15E-02
9.188	1.15E-02
9.189	1.15E-02
9.189	1.15E-02
9.189	1.15E-02
9.19	1.15E-02
9.191	1.15E-02
9.191	1.15E-02
9.191	1.15E-02
9.192	1.15E-02
9.193	1.15E-02
9.193	1.15E-02
9.193	1.15E-02
9.194	1.15E-02
9.194	1.15E-02
9.195	1.15E-02
9.196	1.15E-02
9.196	1.15E-02
9.196	1.15E-02
9.197	1.15E-02
9.198	1.15E-02
9.198	1.15E-02
9.198	1.15E-02
9.199	1.15E-02
9.2	1.15E-02
9.2	1.15E-02
9.2	1.15E-02
9.201	1.15E-02
9.201	1.15E-02
9.202	1.15E-02
9.203	1.15E-02
9.203	1.15E-02
9.203	1.15E-02
9.204	1.15E-02
9.205	1.15E-02
9.205	1.15E-02
9.205	1.15E-02
9.206	1.15E-02
9.207	1.15E-02
9.207	1.14E-02
9.208	1.14E-02
9.208	1.14E-02
9.208	1.14E-02
9.209	1.14E-02
9.21	1.14E-02
9.21	1.14E-02
9.21	1.14E-02
9.211	1.14E-02
9.212	1.14E-02
9.212	1.14E-02
9.212	1.14E-02
9.213	1.14E-02
9.214	1.14E-02
9.214	1.14E-02
9.215	1.14E-02
9.215	1.14E-02
9.215	1.14E-02
9.216	1.14E-02
9.217	1.14E-02
9.217	1.14E-02
9.217	1.14E-02
9.218	1.14E-02
9.219	1.14E-02
9.219	1.14E-02
9.219	1.14E-02
9.22	1.14E-02
9.22	1.14E-02
9.221	1.14E-02
9.222	1.14E-02
9.222	1.14E-02
9.222	1.14E-02
9.223	1.14E-02
9.224	1.14E-02
9.224	1.14E-02
9.224	1.14E-02
9.225	1.14E-02
9.226	1.14E-02
9.226	1.14E-02
9.226	1.14E-02
9.227	1.14E-02
9.227	1.14E-02
9.228	1.14E-02
9.229	1.14E-02
9.229	1.14E-02
9.229	1.14E-02
9.23	1.14E-02
9.231	1.14E-02
9.231	1.14E-02
9.231	1.14E-02
9.232	1.14E-02
9.233	1.14E-02
9.233	1.14E-02
9.233	1.14E-02
9.234	1.14E-02
9.234	1.14E-02
9.235	1.14E-02
9.236	1.14E-02
9.236	1.14E-02
9.236	1.14E-02
9.237	1.14E-02
9.238	1.14E-02
9.238	1.14E-02
9.238	1.14E-02
9.239	1.13E-02
9.24	1.13E-02
9.24	1.13E-02
9.241	1.13E-02
9.241	1.13E-02
9.241	1.13E-02
9.242	1.13E-02
9.243	1.13E-02
9.243	1.13E-02
9.243	1.13E-02
9.244	1.13E-02
9.245	1.13E-02
9.245	1.13E-02
9.245	1.13E-02
9.246	1.13E-02
9.247	1.13E-02
9.247	1.13E-02
9.248	1.13E-02
9.248	1.13E-02
9.248	1.13E-02
9.249	1.13E-02
9.25	1.13E-02
9.25	1.13E-02
9.25	1.13E-02
9.251	1.13E-02
9.252	1.13E-02
9.252	1.13E-02
9.252	1.13E-02
9.253	1.13E-02
9.253	1.13E-02
9.254	1.13E-02
9.255	1.13E-02
9.255	1.13E-02
9.255	1.13E-02
9.256	1.13E-02
9.257	1.13E-02
9.257	1.13E-02
9.257	1.13E-02
9.258	1.13E-02
9.259	1.13E-02
9.259	1.13E-02
9.259	1.13E-02
9.26	1.13E-02
9.26	1.13E-02
9.261	1.13E-02
9.262	1.13E-02
9.262	1.13E-02
9.262	1.13E-02
9.263	1.13E-02
9.264	1.13E-02
9.264	1.13E-02
9.264	1.13E-02
9.265	1.13E-02
9.266	1.13E-02
9.266	1.13E-02
9.267	1.13E-02
9.267	1.13E-02
9.267	1.13E-02
9.268	1.13E-02
9.269	1.13E-02
9.269	1.13E-02
9.269	1.13E-02
9.27	1.13E-02
9.271	1.13E-02
9.271	1.13E-02
9.271	1.12E-02
9.272	1.12E-02
9.273	1.12E-02
9.273	1.12E-02
9.274	1.12E-02
9.274	1.12E-02
9.274	1.12E-02
9.275	1.12E-02
9.276	1.12E-02
9.276	1.12E-02
9.276	1.12E-02
9.277	1.12E-02
9.278	1.12E-02
9.278	1.12E-02
9.278	1.12E-02
9.279	1.12E-02
9.28	1.12E-02
9.28	1.12E-02
9.281	1.12E-02
9.281	1.12E-02
9.281	1.12E-02
9.282	1.12E-02
9.283	1.12E-02
9.283	1.12E-02
9.283	1.12E-02
9.284	1.12E-02
9.285	1.12E-02
9.285	1.12E-02
9.285	1.12E-02
9.286	1.12E-02
9.286	1.12E-02
9.287	1.12E-02
9.288	1.12E-02
9.288	1.12E-02
9.288	1.12E-02
9.289	1.12E-02
9.29	1.12E-02
9.29	1.12E-02
9.29	1.12E-02
9.291	1.12E-02
9.292	1.12E-02
9.292	1.12E-02
9.292	1.12E-02
9.293	1.12E-02
9.293	1.12E-02
9.294	1.12E-02
9.295	1.12E-02
9.295	1.12E-02
9.295	1.12E-02
9.296	1.12E-02
9.297	1.12E-02
9.297	1.12E-02
9.297	1.12E-02
9.298	1.12E-02
9.299	1.12E-02
9.299	1.12E-02
9.3	1.12E-02
9.3	1.12E-02
9.3	1.12E-02
9.301	1.12E-02
9.302	1.12E-02
9.302	1.12E-02
9.302	1.12E-02
9.303	1.12E-02
9.304	1.12E-02
9.304	1.11E-02
9.304	1.11E-02
9.305	1.11E-02
9.306	1.11E-02
9.306	1.11E-02
9.307	1.11E-02
9.307	1.11E-02
9.307	1.11E-02
9.308	1.11E-02
9.309	1.11E-02
9.309	1.11E-02
9.309	1.11E-02
9.31	1.11E-02
9.311	1.11E-02
9.311	1.11E-02
9.311	1.11E-02
9.312	1.11E-02
9.312	1.11E-02
9.313	1.11E-02
9.314	1.11E-02
9.314	1.11E-02
9.314	1.11E-02
9.315	1.11E-02
9.316	1.11E-02
9.316	1.11E-02
9.316	1.11E-02
9.317	1.11E-02
9.318	1.11E-02
9.318	1.11E-02
9.318	1.11E-02
9.319	1.11E-02
9.319	1.11E-02
9.32	1.11E-02
9.321	1.11E-02
9.321	1.11E-02
9.321	1.11E-02
9.322	1.11E-02
9.323	1.11E-02
9.323	1.11E-02
9.323	1.11E-02
9.324	1.11E-02
9.325	1.11E-02
9.325	1.11E-02
9.325	1.11E-02
9.326	1.11E-02
9.326	1.11E-02
9.327	1.11E-02
9.328	1.11E-02
9.328	1.11E-02
9.328	1.11E-02
9.329	1.11E-02
9.33	1.11E-02
9.33	1.11E-02
9.33	1.11E-02
9.331	1.11E-02
9.332	1.11E-02
9.332	1.11E-02
9.333	1.11E-02
9.333	1.11E-02
9.333	1.11E-02
9.334	1.11E-02
9.335	1.11E-02
9.335	1.11E-02
9.335	1.11E-02
9.336	1.11E-02
9.337	1.11E-02
9.337	1.10E-02
9.337	1.10E-02
9.338	1.10E-02
9.339	1.10E-02
9.339	1.10E-02
9.34	1.10E-02
9.34	1.10E-02
9.34	1.10E-02
9.341	1.10E-02
9.342	1.10E-02
9.342	1.10E-02
9.342	1.10E-02
9.343	1.10E-02
9.344	1.10E-02
9.344	1.10E-02
9.344	1.10E-02
9.345	1.10E-02
9.345	1.10E-02
9.346	1.10E-02
9.347	1.10E-02
9.347	1.10E-02
9.347	1.10E-02
9.348	1.10E-02
9.349	1.10E-02
9.349	1.10E-02
9.349	1.10E-02
9.35	1.10E-02
9.351	1.10E-02
9.351	1.10E-02
9.351	1.10E-02
9.352	1.10E-02
9.352	1.10E-02
9.353	1.10E-02
9.354	1.10E-02
9.354	1.10E-02
9.354	1.10E-02
9.355	1.10E-02
9.356	1.10E-02
9.356	1.10E-02
9.356	1.10E-02
9.357	1.10E-02
9.358	1.10E-02
9.358	1.10E-02
9.358	1.10E-02
9.359	1.10E-02
9.359	1.10E-02
9.36	1.10E-02
9.361	1.10E-02
9.361	1.10E-02
9.361	1.10E-02
9.362	1.10E-02
9.363	1.10E-02
9.363	1.10E-02
9.363	1.10E-02
9.364	1.10E-02
9.365	1.10E-02
9.365	1.10E-02
9.366	1.10E-02
9.366	1.10E-02
9.366	1.10E-02
9.367	1.10E-02
9.368	1.10E-02
9.368	1.10E-02
9.368	1.10E-02
9.369	1.10E-02
9.37	1.10E-02
9.37	1.09E-02
9.37	1.09E-02
9.371	1.09E-02
9.372	1.09E-02
9.372	1.09E-02
9.373	1.09E-02
9.373	1.09E-02
9.373	1.09E-02
9.374	1.09E-02
9.375	1.09E-02
9.375	1.09E-02
9.375	1.09E-02
9.376	1.09E-02
9.377	1.09E-02
9.377	1.09E-02
9.377	1.09E-02
9.378	1.09E-02
9.378	1.09E-02
9.379	1.09E-02
9.38	1.09E-02
9.38	1.09E-02
9.38	1.09E-02
9.381	1.09E-02
9.382	1.09E-02
9.382	1.09E-02
9.382	1.09E-02
9.383	1.09E-02
9.384	1.09E-02
9.384	1.09E-02
9.384	1.09E-02
9.385	1.09E-02
9.385	1.09E-02
9.386	1.09E-02
9.387	1.09E-02
9.387	1.09E-02
9.387	1.09E-02
9.388	1.09E-02
9.389	1.09E-02
9.389	1.09E-02
9.389	1.09E-02
9.39	1.09E-02
9.391	1.09E-02
9.391	1.09E-02
9.392	1.09E-02
9.392	1.09E-02
9.392	1.09E-02
9.393	1.09E-02
9.394	1.09E-02
9.394	1.09E-02
9.394	1.09E-02
9.395	1.09E-02
9.396	1.09E-02
9.396	1.09E-02
9.396	1.09E-02
9.397	1.09E-02
9.398	1.09E-02
9.398	1.09E-02
9.399	1.09E-02
9.399	1.09E-02
9.399	1.09E-02
9.4	1.09E-02
9.401	1.09E-02
9.401	1.09E-02
9.401	1.09E-02
9.402	1.09E-02
9.403	1.09E-02
9.403	1.08E-02
9.403	1.08E-02
9.404	1.08E-02
9.405	1.08E-02
9.405	1.08E-02
9.406	1.08E-02
9.406	1.08E-02
9.406	1.08E-02
9.407	1.08E-02
9.408	1.08E-02
9.408	1.08E-02
9.408	1.08E-02
9.409	1.08E-02
9.41	1.08E-02
9.41	1.08E-02
9.41	1.08E-02
9.411	1.08E-02
9.411	1.08E-02
9.412	1.08E-02
9.413	1.08E-02
9.413	1.08E-02
9.413	1.08E-02
9.414	1.08E-02
9.415	1.08E-02
9.415	1.08E-02
9.415	1.08E-02
9.416	1.08E-02
9.417	1.08E-02
9.417	1.08E-02
9.417	1.08E-02
9.418	1.08E-02
9.418	1.08E-02
9.419	1.08E-02
9.42	1.08E-02
9.42	1.08E-02
9.42	1.08E-02
9.421	1.08E-02
9.422	1.08E-02
9.422	1.08E-02
9.422	1.08E-02
9.423	1.08E-02
9.424	1.08E-02
9.424	1.08E-02
9.425	1.08E-02
9.425	1.08E-02
9.425	1.08E-02
9.426	1.08E-02
9.427	1.08E-02
9.427	1.08E-02
9.427	1.08E-02
9.428	1.08E-02
9.429	1.08E-02
9.429	1.08E-02
9.429	1.08E-02
9.43	1.08E-02
9.431	1.08E-02
9.431	1.08E-02
9.432	1.08E-02
9.432	1.08E-02
9.432	1.08E-02
9.433	1.08E-02
9.434	1.08E-02
9.434	1.08E-02
9.434	1.08E-02
9.435	1.08E-02
9.436	1.08E-02
9.436	1.08E-02
9.436	1.07E-02
9.437	1.07E-02
9.438	1.07E-02
9.438	1.07E-02
9.439	1.07E-02
9.439	1.07E-02
9.439	1.07E-02
9.44	1.07E-02
9.441	1.07E-02
9.441	1.07E-02
9.441	1.07E-02
9.442	1.07E-02
9.443	1.07E-02
9.443	1.07E-02
9.443	1.07E-02
9.444	1.07E-02
9.444	1.07E-02
9.445	1.07E-02
9.446	1.07E-02
9.446	1.07E-02
9.446	1.07E-02
9.447	1.07E-02
9.448	1.07E-02
9.448	1.07E-02
9.448	1.07E-02
9.449	1.07E-02
9.45	1.07E-02
9.45	1.07E-02
9.45	1.07E-02
9.451	1.07E-02
9.451	1.07E-02
9.452	1.07E-02
9.453	1.07E-02
9.453	1.07E-02
9.453	1.07E-02
9.454	1.07E-02
9.455	1.07E-02
9.455	1.07E-02
9.455	1.07E-02
9.456	1.07E-02
9.457	1.07E-02
9.457	1.07E-02
9.458	1.07E-02
9.458	1.07E-02
9.458	1.07E-02
9.459	1.07E-02
9.46	1.07E-02
9.46	1.07E-02
9.46	1.07E-02
9.461	1.07E-02
9.462	1.07E-02
9.462	1.07E-02
9.462	1.07E-02
9.463	1.07E-02
9.464	1.07E-02
9.464	1.07E-02
9.465	1.07E-02
9.465	1.07E-02
9.465	1.07E-02
9.466	1.07E-02
9.467	1.07E-02
9.467	1.07E-02
9.467	1.07E-02
9.468	1.07E-02
9.469	1.07E-02
9.469	1.07E-02
9.469	1.07E-02
9.47	1.06E-02
9.47	1.06E-02
9.471	1.06E-02
9.472	1.06E-02
9.472	1.06E-02
9.472	1.06E-02
9.473	1.06E-02
9.474	1.06E-02
9.474	1.06E-02
9.474	1.06E-02
9.475	1.06E-02
9.476	1.06E-02
9.476	1.06E-02
9.476	1.06E-02
9.477	1.06E-02
9.477	1.06E-02
9.478	1.06E-02
9.479	1.06E-02
9.479	1.06E-02
9.479	1.06E-02
9.48	1.06E-02
9.481	1.06E-02
9.481	1.06E-02
9.481	1.06E-02
9.482	1.06E-02
9.483	1.06E-02
9.483	1.06E-02
9.483	1.06E-02
9.484	1.06E-02
9.484	1.06E-02
9.485	1.06E-02
9.486	1.06E-02
9.486	1.06E-02
9.486	1.06E-02
9.487	1.06E-02
9.488	1.06E-02
9.488	1.06E-02
9.488	1.06E-02
9.489	1.06E-02
9.49	1.06E-02
9.49	1.06E-02
9.491	1.06E-02
9.491	1.06E-02
9.491	1.06E-02
9.492	1.06E-02
9.493	1.06E-02
9.493	1.06E-02
9.493	1.06E-02
9.494	1.06E-02
9.495	1.06E-02
9.495	1.06E-02
9.495	1.06E-02
9.496	1.06E-02
9.497	1.06E-02
9.497	1.06E-02
9.498	1.06E-02
9.498	1.06E-02
9.498	1.06E-02
9.499	1.06E-02
9.5	1.06E-02
9.5	1.06E-02
9.5	1.06E-02
9.501	1.06E-02
9.502	1.06E-02
9.502	1.06E-02
9.502	1.06E-02
9.503	1.06E-02
9.503	1.06E-02
9.504	1.05E-02
9.505	1.05E-02
9.505	1.05E-02
9.505	1.05E-02
9.506	1.05E-02
9.507	1.05E-02
9.507	1.05E-02
9.507	1.05E-02
9.508	1.05E-02
9.509	1.05E-02
9.509	1.05E-02
9.509	1.05E-02
9.51	1.05E-02
9.51	1.05E-02
9.511	1.05E-02
9.512	1.05E-02
9.512	1.05E-02
9.512	1.05E-02
9.513	1.05E-02
9.514	1.05E-02
9.514	1.05E-02
9.514	1.05E-02
9.515	1.05E-02
9.516	1.05E-02
9.516	1.05E-02
9.517	1.05E-02
9.517	1.05E-02
9.517	1.05E-02
9.518	1.05E-02
9.519	1.05E-02
9.519	1.05E-02
9.519	1.05E-02
9.52	1.05E-02
9.521	1.05E-02
9.521	1.05E-02
9.521	1.05E-02
9.522	1.05E-02
9.523	1.05E-02
9.523	1.05E-02
9.524	1.05E-02
9.524	1.05E-02
9.524	1.05E-02
9.525	1.05E-02
9.526	1.05E-02
9.526	1.05E-02
9.526	1.05E-02
9.527	1.05E-02
9.528	1.05E-02
9.528	1.05E-02
9.528	1.05E-02
9.529	1.05E-02
9.53	1.05E-02
9.53	1.05E-02
9.531	1.05E-02
9.531	1.05E-02
9.531	1.05E-02
9.532	1.05E-02
9.533	1.05E-02
9.533	1.05E-02
9.533	1.05E-02
9.534	1.05E-02
9.535	1.05E-02
9.535	1.05E-02
9.535	1.05E-02
9.536	1.05E-02
9.536	1.05E-02
9.537	1.05E-02
9.538	1.05E-02
9.538	1.05E-02
9.538	1.04E-02
9.539	1.04E-02
9.54	1.04E-02
9.54	1.04E-02
9.54	1.04E-02
9.541	1.04E-02
9.542	1.04E-02
9.542	1.04E-02
9.542	1.04E-02
9.543	1.04E-02
9.543	1.04E-02
9.544	1.04E-02
9.545	1.04E-02
9.545	1.04E-02
9.545	1.04E-02
9.546	1.04E-02
9.547	1.04E-02
9.547	1.04E-02
9.547	1.04E-02
9.548	1.04E-02
9.549	1.04E-02
9.549	1.04E-02
9.55	1.04E-02
9.55	1.04E-02
9.55	1.04E-02
9.551	1.04E-02
9.552	1.04E-02
9.552	1.04E-02
9.552	1.04E-02
9.553	1.04E-02
9.554	1.04E-02
9.554	1.04E-02
9.554	1.04E-02
9.555	1.04E-02
9.556	1.04E-02
9.556	1.04E-02
9.557	1.04E-02
9.557	1.04E-02
9.557	1.04E-02
9.558	1.04E-02
9.559	1.04E-02
9.559	1.04E-02
9.559	1.04E-02
9.56	1.04E-02
9.561	1.04E-02
9.561	1.04E-02
9.561	1.04E-02
9.562	1.04E-02
9.562	1.04E-02
9.563	1.04E-02
9.564	1.04E-02
9.564	1.04E-02
9.564	1.04E-02
9.565	1.04E-02
9.566	1.04E-02
9.566	1.04E-02
9.566	1.04E-02
9.567	1.04E-02
9.568	1.04E-02
9.568	1.04E-02
9.568	1.04E-02
9.569	1.04E-02
9.569	1.04E-02
9.57	1.04E-02
9.571	1.04E-02
9.571	1.04E-02
9.571	1.04E-02
9.572	1.04E-02
9.573	1.04E-02
9.573	1.03E-02
9.573	1.03E-02
9.574	1.03E-02
9.575	1.03E-02
9.575	1.03E-02
9.575	1.03E-02
9.576	1.03E-02
9.576	1.03E-02
9.577	1.03E-02
9.578	1.03E-02
9.578	1.03E-02
9.578	1.03E-02
9.579	1.03E-02
9.58	1.03E-02
9.58	1.03E-02
9.58	1.03E-02
9.581	1.03E-02
9.582	1.03E-02
9.582	1.03E-02
9.583	1.03E-02
9.583	1.03E-02
9.583	1.03E-02
9.584	1.03E-02
9.585	1.03E-02
9.585	1.03E-02
9.585	1.03E-02
9.586	1.03E-02
9.587	1.03E-02
9.587	1.03E-02
9.587	1.03E-02
9.588	1.03E-02
9.589	1.03E-02
9.589	1.03E-02
9.59	1.03E-02
9.59	1.03E-02
9.59	1.03E-02
9.591	1.03E-02
9.592	1.03E-02
9.592	1.03E-02
9.592	1.03E-02
9.593	1.03E-02
9.594	1.03E-02
9.594	1.03E-02
9.594	1.03E-02
9.595	1.03E-02
9.595	1.03E-02
9.596	1.03E-02
9.597	1.03E-02
9.597	1.03E-02
9.597	1.03E-02
9.598	1.03E-02
9.599	1.03E-02
9.599	1.03E-02
9.599	1.03E-02
9.6	1.03E-02
9.601	1.03E-02
9.601	1.03E-02
9.601	1.03E-02
9.602	1.03E-02
9.602	1.03E-02
9.603	1.03E-02
9.604	1.03E-02
9.604	1.03E-02
9.604	1.03E-02
9.605	1.03E-02
9.606	1.03E-02
9.606	1.03E-02
9.606	1.03E-02
9.607	1.03E-02
9.608	1.02E-02
9.608	1.02E-02
9.608	1.02E-02
9.609	1.02E-02
9.609	1.02E-02
9.61	1.02E-02
9.611	1.02E-02
9.611	1.02E-02
9.611	1.02E-02
9.612	1.02E-02
9.613	1.02E-02
9.613	1.02E-02
9.613	1.02E-02
9.614	1.02E-02
9.615	1.02E-02
9.615	1.02E-02
9.616	1.02E-02
9.616	1.02E-02
9.616	1.02E-02
9.617	1.02E-02
9.618	1.02E-02
9.618	1.02E-02
9.618	1.02E-02
9.619	1.02E-02
9.62	1.02E-02
9.62	1.02E-02
9.62	1.02E-02
9.621	1.02E-02
9.622	1.02E-02
9.622	1.02E-02
9.623	1.02E-02
9.623	1.02E-02
9.623	1.02E-02
9.624	1.02E-02
9.625	1.02E-02
9.625	1.02E-02
9.625	1.02E-02
9.626	1.02E-02
9.627	1.02E-02
9.627	1.02E-02
9.627	1.02E-02
9.628	1.02E-02
9.628	1.02E-02
9.629	1.02E-02
9.63	1.02E-02
9.63	1.02E-02
9.63	1.02E-02
9.631	1.02E-02
9.632	1.02E-02
9.632	1.02E-02
9.632	1.02E-02
9.633	1.02E-02
9.634	1.02E-02
9.634	1.02E-02
9.634	1.02E-02
9.635	1.02E-02
9.635	1.02E-02
9.636	1.02E-02
9.637	1.02E-02
9.637	1.02E-02
9.637	1.02E-02
9.638	1.02E-02
9.639	1.02E-02
9.639	1.02E-02
9.639	1.02E-02
9.64	1.02E-02
9.641	1.02E-02
9.641	1.02E-02
9.642	1.02E-02
9.642	1.02E-02
9.642	1.01E-02
9.643	1.01E-02
9.644	1.01E-02
9.644	1.01E-02
9.644	1.01E-02
9.645	1.01E-02
9.646	1.01E-02
9.646	1.01E-02
9.646	1.01E-02
9.647	1.01E-02
9.648	1.01E-02
9.648	1.01E-02
9.649	1.01E-02
9.649	1.01E-02
9.649	1.01E-02
9.65	1.01E-02
9.651	1.01E-02
9.651	1.01E-02
9.651	1.01E-02
9.652	1.01E-02
9.653	1.01E-02
9.653	1.01E-02
9.653	1.01E-02
9.654	1.01E-02
9.655	1.01E-02
9.655	1.01E-02
9.656	1.01E-02
9.656	1.01E-02
9.656	1.01E-02
9.657	1.01E-02
9.658	1.01E-02
9.658	1.01E-02
9.658	1.01E-02
9.659	1.01E-02
9.66	1.01E-02
9.66	1.01E-02
9.66	1.01E-02
9.661	1.01E-02
9.661	1.01E-02
9.662	1.01E-02
9.663	1.01E-02
9.663	1.01E-02
9.663	1.01E-02
9.664	1.01E-02
9.665	1.01E-02
9.665	1.01E-02
9.665	1.01E-02
9.666	1.01E-02
9.667	1.01E-02
9.667	1.01E-02
9.667	1.01E-02
9.668	1.01E-02
9.668	1.01E-02
9.669	1.01E-02
9.67	1.01E-02
9.67	1.01E-02
9.67	1.01E-02
9.671	1.01E-02
9.672	1.01E-02
9.672	1.01E-02
9.672	1.01E-02
9.673	1.01E-02
9.674	1.01E-02
9.674	1.01E-02
9.675	1.01E-02
9.675	1.01E-02
9.675	1.01E-02
9.676	1.01E-02
9.677	1.01E-02
9.677	1.01E-02
9.677	1.01E-02
9.678	1.00E-02
9.679	1.00E-02
9.679	1.00E-02
9.679	1.00E-02
9.68	1.00E-02
9.681	1.00E-02
9.681	1.00E-02
9.682	1.00E-02
9.682	1.00E-02
9.682	1.00E-02
9.683	1.00E-02
9.684	1.00E-02
9.684	1.00E-02
9.684	1.00E-02
9.685	1.00E-02
9.686	1.00E-02
9.686	1.00E-02
9.686	1.00E-02
9.687	1.00E-02
9.688	1.00E-02
9.688	1.00E-02
9.689	1.00E-02
9.689	1.00E-02
9.689	1.00E-02
9.69	1.00E-02
9.691	1.00E-02
9.691	1.00E-02
9.691	1.00E-02
9.692	1.00E-02
9.693	1.00E-02
9.693	1.00E-02
9.693	1.00E-02
9.694	1.00E-02
9.694	1.00E-02
9.695	1.00E-02
9.696	9.99E-03
9.696	9.99E-03
9.696	9.99E-03
9.697	9.99E-03
9.698	9.99E-03
9.698	9.99E-03
9.698	9.99E-03
9.699	9.99E-03
9.7	9.98E-03
9.7	9.98E-03
9.7	9.98E-03
9.701	9.98E-03
9.701	9.98E-03
9.702	9.98E-03
9.703	9.98E-03
9.703	9.97E-03
9.703	9.97E-03
9.704	9.97E-03
9.705	9.97E-03
9.705	9.97E-03
9.705	9.97E-03
9.706	9.97E-03
9.707	9.96E-03
9.707	9.96E-03
9.708	9.96E-03
9.708	9.96E-03
9.708	9.96E-03
9.709	9.96E-03
9.71	9.96E-03
9.71	9.95E-03
9.71	9.95E-03
9.711	9.95E-03
9.712	9.95E-03
9.712	9.95E-03
9.712	9.95E-03
9.713	9.95E-03
9.714	9.94E-03
9.714	9.94E-03
9.715	9.94E-03
9.715	9.94E-03
9.715	9.94E-03
9.716	9.94E-03
9.717	9.94E-03
9.717	9.93E-03
9.717	9.93E-03
9.718	9.93E-03
9.719	9.93E-03
9.719	9.93E-03
9.719	9.93E-03
9.72	9.93E-03
9.72	9.92E-03
9.721	9.92E-03
9.722	9.92E-03
9.722	9.92E-03
9.722	9.92E-03
9.723	9.92E-03
9.724	9.92E-03
9.724	9.92E-03
9.724	9.91E-03
9.725	9.91E-03
9.726	9.91E-03
9.726	9.91E-03
9.726	9.91E-03
9.727	9.91E-03
9.727	9.91E-03
9.728	9.90E-03
9.729	9.90E-03
9.729	9.90E-03
9.729	9.90E-03
9.73	9.90E-03
9.731	9.90E-03
9.731	9.90E-03
9.731	9.89E-03
9.732	9.89E-03
9.733	9.89E-03
9.733	9.89E-03
9.733	9.89E-03
9.734	9.89E-03
9.734	9.89E-03
9.735	9.88E-03
9.736	9.88E-03
9.736	9.88E-03
9.736	9.88E-03
9.737	9.88E-03
9.738	9.88E-03
9.738	9.88E-03
9.738	9.87E-03
9.739	9.87E-03
9.74	9.87E-03
9.74	9.87E-03
9.741	9.87E-03
9.741	9.87E-03
9.741	9.87E-03
9.742	9.86E-03
9.743	9.86E-03
9.743	9.86E-03
9.743	9.86E-03
9.744	9.86E-03
9.745	9.86E-03
9.745	9.86E-03
9.745	9.86E-03
9.746	9.85E-03
9.747	9.85E-03
9.747	9.85E-03
9.748	9.85E-03
9.748	9.85E-03
9.748	9.85E-03
9.749	9.85E-03
9.75	9.84E-03
9.75	9.84E-03
9.75	9.84E-03
9.751	9.84E-03
9.752	9.84E-03
9.752	9.84E-03
9.752	9.84E-03
9.753	9.83E-03
9.753	9.83E-03
9.754	9.83E-03
9.755	9.83E-03
9.755	9.83E-03
9.755	9.83E-03
9.756	9.83E-03
9.757	9.82E-03
9.757	9.82E-03
9.757	9.82E-03
9.758	9.82E-03
9.759	9.82E-03
9.759	9.82E-03
9.759	9.82E-03
9.76	9.81E-03
9.76	9.81E-03
9.761	9.81E-03
9.762	9.81E-03
9.762	9.81E-03
9.762	9.81E-03
9.763	9.81E-03
9.764	9.81E-03
9.764	9.80E-03
9.764	9.80E-03
9.765	9.80E-03
9.766	9.80E-03
9.766	9.80E-03
9.767	9.80E-03
9.767	9.80E-03
9.767	9.79E-03
9.768	9.79E-03
9.769	9.79E-03
9.769	9.79E-03
9.769	9.79E-03
9.77	9.79E-03
9.771	9.79E-03
9.771	9.78E-03
9.771	9.78E-03
9.772	9.78E-03
9.773	9.78E-03
9.773	9.78E-03
9.774	9.78E-03
9.774	9.78E-03
9.774	9.77E-03
9.775	9.77E-03
9.776	9.77E-03
9.776	9.77E-03
9.776	9.77E-03
9.777	9.77E-03
9.778	9.77E-03
9.778	9.77E-03
9.778	9.76E-03
9.779	9.76E-03
9.78	9.76E-03
9.78	9.76E-03
9.781	9.76E-03
9.781	9.76E-03
9.781	9.76E-03
9.782	9.75E-03
9.783	9.75E-03
9.783	9.75E-03
9.783	9.75E-03
9.784	9.75E-03
9.785	9.75E-03
9.785	9.75E-03
9.785	9.74E-03
9.786	9.74E-03
9.786	9.74E-03
9.787	9.74E-03
9.788	9.74E-03
9.788	9.74E-03
9.788	9.74E-03
9.789	9.73E-03
9.79	9.73E-03
9.79	9.73E-03
9.79	9.73E-03
9.791	9.73E-03
9.792	9.73E-03
9.792	9.73E-03
9.792	9.73E-03
9.793	9.72E-03
9.793	9.72E-03
9.794	9.72E-03
9.795	9.72E-03
9.795	9.72E-03
9.795	9.72E-03
9.796	9.72E-03
9.797	9.71E-03
9.797	9.71E-03
9.797	9.71E-03
9.798	9.71E-03
9.799	9.71E-03
9.799	9.71E-03
9.8	9.71E-03
9.8	9.70E-03
9.8	9.70E-03
9.801	9.70E-03
9.802	9.70E-03
9.802	9.70E-03
9.802	9.70E-03
9.803	9.70E-03
9.804	9.70E-03
9.804	9.69E-03
9.804	9.69E-03
9.805	9.69E-03
9.806	9.69E-03
9.806	9.69E-03
9.807	9.69E-03
9.807	9.69E-03
9.807	9.68E-03
9.808	9.68E-03
9.809	9.68E-03
9.809	9.68E-03
9.809	9.68E-03
9.81	9.68E-03
9.811	9.68E-03
9.811	9.67E-03
9.811	9.67E-03
9.812	9.67E-03
9.812	9.67E-03
9.813	9.67E-03
9.814	9.67E-03
9.814	9.67E-03
9.814	9.67E-03
9.815	9.66E-03
9.816	9.66E-03
9.816	9.66E-03
9.816	9.66E-03
9.817	9.66E-03
9.818	9.66E-03
9.818	9.66E-03
9.818	9.65E-03
9.819	9.65E-03
9.819	9.65E-03
9.82	9.65E-03
9.821	9.65E-03
9.821	9.65E-03
9.821	9.65E-03
9.822	9.64E-03
9.823	9.64E-03
9.823	9.64E-03
9.823	9.64E-03
9.824	9.64E-03
9.825	9.64E-03
9.825	9.64E-03
9.825	9.64E-03
9.826	9.63E-03
9.826	9.63E-03
9.827	9.63E-03
9.828	9.63E-03
9.828	9.63E-03
9.828	9.63E-03
9.829	9.63E-03
9.83	9.62E-03
9.83	9.62E-03
9.83	9.62E-03
9.831	9.62E-03
9.832	9.62E-03
9.832	9.62E-03
9.833	9.62E-03
9.833	9.61E-03
9.833	9.61E-03
9.834	9.61E-03
9.835	9.61E-03
9.835	9.61E-03
9.835	9.61E-03
9.836	9.61E-03
9.837	9.61E-03
9.837	9.60E-03
9.837	9.60E-03
9.838	9.60E-03
9.839	9.60E-03
9.839	9.60E-03
9.84	9.60E-03
9.84	9.60E-03
9.84	9.59E-03
9.841	9.59E-03
9.842	9.59E-03
9.842	9.59E-03
9.842	9.59E-03
9.843	9.59E-03
9.844	9.59E-03
9.844	9.58E-03
9.844	9.58E-03
9.845	9.58E-03
9.845	9.58E-03
9.846	9.58E-03
9.847	9.58E-03
9.847	9.58E-03
9.847	9.58E-03
9.848	9.57E-03
9.849	9.57E-03
9.849	9.57E-03
9.849	9.57E-03
9.85	9.57E-03
9.851	9.57E-03
9.851	9.57E-03
9.851	9.56E-03
9.852	9.56E-03
9.852	9.56E-03
9.853	9.56E-03
9.854	9.56E-03
9.854	9.56E-03
9.854	9.56E-03
9.855	9.55E-03
9.856	9.55E-03
9.856	9.55E-03
9.856	9.55E-03
9.857	9.55E-03
9.858	9.55E-03
9.858	9.55E-03
9.858	9.55E-03
9.859	9.54E-03
9.859	9.54E-03
9.86	9.54E-03
9.861	9.54E-03
9.861	9.54E-03
9.861	9.54E-03
9.862	9.54E-03
9.863	9.53E-03
9.863	9.53E-03
9.863	9.53E-03
9.864	9.53E-03
9.865	9.53E-03
9.865	9.53E-03
9.866	9.53E-03
9.866	9.53E-03
9.866	9.52E-03
9.867	9.52E-03
9.868	9.52E-03
9.868	9.52E-03
9.868	9.52E-03
9.869	9.52E-03
9.87	9.52E-03
9.87	9.51E-03
9.87	9.51E-03
9.871	9.51E-03
9.872	9.51E-03
9.872	9.51E-03
9.873	9.51E-03
9.873	9.51E-03
9.873	9.50E-03
9.874	9.50E-03
9.875	9.50E-03
9.875	9.50E-03
9.875	9.50E-03
9.876	9.50E-03
9.877	9.50E-03
9.877	9.50E-03
9.877	9.49E-03
9.878	9.49E-03
9.878	9.49E-03
9.879	9.49E-03
9.88	9.49E-03
9.88	9.49E-03
9.88	9.49E-03
9.881	9.48E-03
9.882	9.48E-03
9.882	9.48E-03
9.882	9.48E-03
9.883	9.48E-03
9.884	9.48E-03
9.884	9.48E-03
9.884	9.48E-03
9.885	9.47E-03
9.885	9.47E-03
9.886	9.47E-03
9.887	9.47E-03
9.887	9.47E-03
9.887	9.47E-03
9.888	9.47E-03
9.889	9.46E-03
9.889	9.46E-03
9.889	9.46E-03
9.89	9.46E-03
9.891	9.46E-03
9.891	9.46E-03
9.892	9.46E-03
9.892	9.46E-03
9.892	9.45E-03
9.893	9.45E-03
9.894	9.45E-03
9.894	9.45E-03
9.894	9.45E-03
9.895	9.45E-03
9.896	9.45E-03
9.896	9.44E-03
9.896	9.44E-03
9.897	9.44E-03
9.898	9.44E-03
9.898	9.44E-03
9.899	9.44E-03
9.899	9.44E-03
9.899	9.44E-03
9.9	9.43E-03
9.901	9.43E-03
9.901	9.43E-03
9.901	9.43E-03
9.902	9.43E-03
9.903	9.43E-03
9.903	9.43E-03
9.903	9.42E-03
9.904	9.42E-03
9.905	9.42E-03
9.905	9.42E-03
9.906	9.42E-03
9.906	9.42E-03
9.906	9.42E-03
9.907	9.42E-03
9.908	9.41E-03
9.908	9.41E-03
9.908	9.41E-03
9.909	9.41E-03
9.91	9.41E-03
9.91	9.41E-03
9.91	9.41E-03
9.911	9.40E-03
9.911	9.40E-03
9.912	9.40E-03
9.913	9.40E-03
9.913	9.40E-03
9.913	9.40E-03
9.914	9.40E-03
9.915	9.40E-03
9.915	9.39E-03
9.915	9.39E-03
9.916	9.39E-03
9.917	9.39E-03
9.917	9.39E-03
9.917	9.39E-03
9.918	9.39E-03
9.918	9.38E-03
9.919	9.38E-03
9.92	9.38E-03
9.92	9.38E-03
9.92	9.38E-03
9.921	9.38E-03
9.922	9.38E-03
9.922	9.38E-03
9.922	9.37E-03
9.923	9.37E-03
9.924	9.37E-03
9.924	9.37E-03
9.925	9.37E-03
9.925	9.37E-03
9.925	9.37E-03
9.926	9.36E-03
9.927	9.36E-03
9.927	9.36E-03
9.927	9.36E-03
9.928	9.36E-03
9.929	9.36E-03
9.929	9.36E-03
9.929	9.36E-03
9.93	9.35E-03
9.931	9.35E-03
9.931	9.35E-03
9.932	9.35E-03
9.932	9.35E-03
9.932	9.35E-03
9.933	9.35E-03
9.934	9.34E-03
9.934	9.34E-03
9.934	9.34E-03
9.935	9.34E-03
9.936	9.34E-03
9.936	9.34E-03
9.936	9.34E-03
9.937	9.34E-03
9.938	9.33E-03
9.938	9.33E-03
9.939	9.33E-03
9.939	9.33E-03
9.939	9.33E-03
9.94	9.33E-03
9.941	9.33E-03
9.941	9.32E-03
9.941	9.32E-03
9.942	9.32E-03
9.943	9.32E-03
9.943	9.32E-03
9.943	9.32E-03
9.944	9.32E-03
9.944	9.32E-03
9.945	9.31E-03
9.946	9.31E-03
9.946	9.31E-03
9.946	9.31E-03
9.947	9.31E-03
9.948	9.31E-03
9.948	9.31E-03
9.948	9.30E-03
9.949	9.30E-03
9.95	9.30E-03
9.95	9.30E-03
9.95	9.30E-03
9.951	9.30E-03
9.951	9.30E-03
9.952	9.30E-03
9.953	9.29E-03
9.953	9.29E-03
9.953	9.29E-03
9.954	9.29E-03
9.955	9.29E-03
9.955	9.29E-03
9.955	9.29E-03
9.956	9.28E-03
9.957	9.28E-03
9.957	9.28E-03
9.958	9.28E-03
9.958	9.28E-03
9.958	9.28E-03
9.959	9.28E-03
9.96	9.28E-03
9.96	9.27E-03
9.96	9.27E-03
9.961	9.27E-03
9.962	9.27E-03
9.962	9.27E-03
9.962	9.27E-03
9.963	9.27E-03
9.964	9.27E-03
9.964	9.26E-03
9.965	9.26E-03
9.965	9.26E-03
9.965	9.26E-03
9.966	9.26E-03
9.967	9.26E-03
9.967	9.26E-03
9.967	9.25E-03
9.968	9.25E-03
9.969	9.25E-03
9.969	9.25E-03
9.969	9.25E-03
9.97	9.25E-03
9.97	9.25E-03
9.971	9.25E-03
9.972	9.24E-03
9.972	9.24E-03
9.972	9.24E-03
9.973	9.24E-03
9.974	9.24E-03
9.974	9.24E-03
9.974	9.24E-03
9.975	9.23E-03
9.976	9.23E-03
9.976	9.23E-03
9.976	9.23E-03
9.977	9.23E-03
9.977	9.23E-03
9.978	9.23E-03
9.979	9.23E-03
9.979	9.22E-03
9.979	9.22E-03
9.98	9.22E-03
9.981	9.22E-03
9.981	9.22E-03
9.981	9.22E-03
9.982	9.22E-03
9.983	9.22E-03
9.983	9.21E-03
9.983	9.21E-03
9.984	9.21E-03
9.984	9.21E-03
9.985	9.21E-03
9.986	9.21E-03
9.986	9.21E-03
9.986	9.20E-03
9.987	9.20E-03
9.988	9.20E-03
9.988	9.20E-03
9.988	9.20E-03
9.989	9.20E-03
9.99	9.20E-03
9.99	9.20E-03
9.991	9.19E-03
9.991	9.19E-03
9.991	9.19E-03
9.992	9.19E-03
9.993	9.19E-03
9.993	9.19E-03
9.993	9.19E-03
9.994	9.19E-03
9.995	9.18E-03
9.995	9.18E-03
9.995	9.18E-03
9.996	9.18E-03
9.997	9.18E-03
9.997	9.18E-03
9.998	9.18E-03
9.998	9.17E-03
9.998	9.17E-03
9.999	9.17E-03
10	9.17E-03
10	9.17E-03
10	9.17E-03
10	9.17E-03
10	9.17E-03
10	9.16E-03
10	9.16E-03
10	9.16E-03
10	9.16E-03
10	9.16E-03
10	9.16E-03
10.01	9.16E-03
10.01	9.16E-03
10.01	9.15E-03
10.01	9.15E-03
10.01	9.15E-03
10.01	9.15E-03
10.01	9.15E-03
10.01	9.15E-03
10.01	9.15E-03
10.01	9.14E-03
10.01	9.14E-03
10.01	9.14E-03
10.01	9.14E-03
10.01	9.14E-03
10.01	9.14E-03
10.01	9.14E-03
10.01	9.14E-03
10.01	9.13E-03
10.01	9.13E-03
10.01	9.13E-03
10.02	9.13E-03
10.02	9.13E-03
10.02	9.13E-03
10.02	9.13E-03
10.02	9.13E-03
10.02	9.12E-03
10.02	9.12E-03
10.02	9.12E-03
10.02	9.12E-03
10.02	9.12E-03
10.02	9.12E-03
10.02	9.12E-03
10.02	9.11E-03
10.02	9.11E-03
10.02	9.11E-03
10.02	9.11E-03
10.02	9.11E-03
10.02	9.11E-03
10.02	9.11E-03
10.02	9.11E-03
10.02	9.10E-03
10.03	9.10E-03
10.03	9.10E-03
10.03	9.10E-03
10.03	9.10E-03
10.03	9.10E-03
10.03	9.10E-03
10.03	9.10E-03
10.03	9.09E-03
10.03	9.09E-03
10.03	9.09E-03
10.03	9.09E-03
10.03	9.09E-03
10.03	9.09E-03
10.03	9.09E-03
10.03	9.08E-03
10.03	9.08E-03
10.03	9.08E-03
10.03	9.08E-03
10.03	9.08E-03
10.03	9.08E-03
10.04	9.08E-03
10.04	9.08E-03
10.04	9.07E-03
10.04	9.07E-03
10.04	9.07E-03
10.04	9.07E-03
10.04	9.07E-03
10.04	9.07E-03
10.04	9.07E-03
10.04	9.07E-03
10.04	9.06E-03
10.04	9.06E-03
10.04	9.06E-03
10.04	9.06E-03
10.04	9.06E-03
10.04	9.06E-03
10.04	9.06E-03
10.04	9.06E-03
10.04	9.05E-03
10.05	9.05E-03
10.05	9.05E-03
10.05	9.05E-03
10.05	9.05E-03
10.05	9.05E-03
10.05	9.05E-03
10.05	9.04E-03
10.05	9.04E-03
10.05	9.04E-03
10.05	9.04E-03
10.05	9.04E-03
10.05	9.04E-03
10.05	9.04E-03
10.05	9.04E-03
10.05	9.03E-03
10.05	9.03E-03
10.05	9.03E-03
10.05	9.03E-03
10.05	9.03E-03
10.05	9.03E-03
10.06	9.03E-03
10.06	9.03E-03
10.06	9.02E-03
10.06	9.02E-03
10.06	9.02E-03
10.06	9.02E-03
10.06	9.02E-03
10.06	9.02E-03
10.06	9.02E-03
10.06	9.02E-03
10.06	9.01E-03
10.06	9.01E-03
10.06	9.01E-03
10.06	9.01E-03
10.06	9.01E-03
10.06	9.01E-03
10.06	9.01E-03
10.06	9.00E-03
10.06	9.00E-03
10.06	9.00E-03
10.06	9.00E-03
10.07	9.00E-03
10.07	9.00E-03
10.07	9.00E-03
10.07	9.00E-03
10.07	8.99E-03
10.07	8.99E-03
10.07	8.99E-03
10.07	8.99E-03
10.07	8.99E-03
10.07	8.99E-03
10.07	8.99E-03
10.07	8.99E-03
10.07	8.98E-03
10.07	8.98E-03
10.07	8.98E-03
10.07	8.98E-03
10.07	8.98E-03
10.07	8.98E-03
10.07	8.98E-03
10.07	8.98E-03
10.08	8.97E-03
10.08	8.97E-03
10.08	8.97E-03
10.08	8.97E-03
10.08	8.97E-03
10.08	8.97E-03
10.08	8.97E-03
10.08	8.97E-03
10.08	8.96E-03
10.08	8.96E-03
10.08	8.96E-03
10.08	8.96E-03
10.08	8.96E-03
10.08	8.96E-03
10.08	8.96E-03
10.08	8.96E-03
10.08	8.95E-03
10.08	8.95E-03
10.08	8.95E-03
10.09	8.95E-03
10.09	8.95E-03
10.09	8.95E-03
10.09	8.95E-03
10.09	8.94E-03
10.09	8.94E-03
10.09	8.94E-03
10.09	8.94E-03
10.09	8.94E-03
10.09	8.94E-03
10.09	8.94E-03
10.09	8.94E-03
10.09	8.93E-03
10.09	8.93E-03
10.09	8.93E-03
10.09	8.93E-03
10.09	8.93E-03
10.09	8.93E-03
10.09	8.93E-03
10.09	8.93E-03
10.1	8.92E-03
10.1	8.92E-03
10.1	8.92E-03
10.1	8.92E-03
10.1	8.92E-03
10.1	8.92E-03
10.1	8.92E-03
10.1	8.92E-03
10.1	8.91E-03
10.1	8.91E-03
10.1	8.91E-03
10.1	8.91E-03
10.1	8.91E-03
10.1	8.91E-03
10.1	8.91E-03
10.1	8.91E-03
10.1	8.90E-03
10.1	8.90E-03
10.1	8.90E-03
10.1	8.90E-03
10.1	8.90E-03
10.11	8.90E-03
10.11	8.90E-03
10.11	8.90E-03
10.11	8.89E-03
10.11	8.89E-03
10.11	8.89E-03
10.11	8.89E-03
10.11	8.89E-03
10.11	8.89E-03
10.11	8.89E-03
10.11	8.88E-03
10.11	8.88E-03
10.11	8.88E-03
10.11	8.88E-03
10.11	8.88E-03
10.11	8.88E-03
10.11	8.88E-03
10.11	8.88E-03
10.11	8.87E-03
10.11	8.87E-03
10.12	8.87E-03
10.12	8.87E-03
10.12	8.87E-03
10.12	8.87E-03
10.12	8.87E-03
10.12	8.87E-03
10.12	8.86E-03
10.12	8.86E-03
10.12	8.86E-03
10.12	8.86E-03
10.12	8.86E-03
10.12	8.86E-03
10.12	8.86E-03
10.12	8.86E-03
10.12	8.85E-03
10.12	8.85E-03
10.12	8.85E-03
10.12	8.85E-03
10.12	8.85E-03
10.12	8.85E-03
10.13	8.85E-03
10.13	8.85E-03
10.13	8.84E-03
10.13	8.84E-03
10.13	8.84E-03
10.13	8.84E-03
10.13	8.84E-03
10.13	8.84E-03
10.13	8.84E-03
10.13	8.84E-03
10.13	8.83E-03
10.13	8.83E-03
10.13	8.83E-03
10.13	8.83E-03
10.13	8.83E-03
10.13	8.83E-03
10.13	8.83E-03
10.13	8.83E-03
10.13	8.82E-03
10.14	8.82E-03
10.14	8.82E-03
10.14	8.82E-03
10.14	8.82E-03
10.14	8.82E-03
10.14	8.82E-03
10.14	8.82E-03
10.14	8.81E-03
10.14	8.81E-03
10.14	8.81E-03
10.14	8.81E-03
10.14	8.81E-03
10.14	8.81E-03
10.14	8.81E-03
10.14	8.81E-03
10.14	8.80E-03
10.14	8.80E-03
10.14	8.80E-03
10.14	8.80E-03
10.14	8.80E-03
10.15	8.80E-03
10.15	8.80E-03
10.15	8.80E-03
10.15	8.79E-03
10.15	8.79E-03
10.15	8.79E-03
10.15	8.79E-03
10.15	8.79E-03
10.15	8.79E-03
10.15	8.79E-03
10.15	8.79E-03
10.15	8.78E-03
10.15	8.78E-03
10.15	8.78E-03
10.15	8.78E-03
10.15	8.78E-03
10.15	8.78E-03
10.15	8.78E-03
10.15	8.78E-03
10.15	8.77E-03
10.15	8.77E-03
10.16	8.77E-03
10.16	8.77E-03
10.16	8.77E-03
10.16	8.77E-03
10.16	8.77E-03
10.16	8.77E-03
10.16	8.76E-03
10.16	8.76E-03
10.16	8.76E-03
10.16	8.76E-03
10.16	8.76E-03
10.16	8.76E-03
10.16	8.76E-03
10.16	8.76E-03
10.16	8.75E-03
10.16	8.75E-03
10.16	8.75E-03
10.16	8.75E-03
10.16	8.75E-03
10.16	8.75E-03
10.17	8.75E-03
10.17	8.75E-03
10.17	8.74E-03
10.17	8.74E-03
10.17	8.74E-03
10.17	8.74E-03
10.17	8.74E-03
10.17	8.74E-03
10.17	8.74E-03
10.17	8.74E-03
10.17	8.73E-03
10.17	8.73E-03
10.17	8.73E-03
10.17	8.73E-03
10.17	8.73E-03
10.17	8.73E-03
10.17	8.73E-03
10.17	8.73E-03
10.17	8.72E-03
10.18	8.72E-03
10.18	8.72E-03
10.18	8.72E-03
10.18	8.72E-03
10.18	8.72E-03
10.18	8.72E-03
10.18	8.72E-03
10.18	8.71E-03
10.18	8.71E-03
10.18	8.71E-03
10.18	8.71E-03
10.18	8.71E-03
10.18	8.71E-03
10.18	8.71E-03
10.18	8.71E-03
10.18	8.70E-03
10.18	8.70E-03
10.18	8.70E-03
10.18	8.70E-03
10.18	8.70E-03
10.19	8.70E-03
10.19	8.70E-03
10.19	8.70E-03
10.19	8.69E-03
10.19	8.69E-03
10.19	8.69E-03
10.19	8.69E-03
10.19	8.69E-03
10.19	8.69E-03
10.19	8.69E-03
10.19	8.69E-03
10.19	8.68E-03
10.19	8.68E-03
10.19	8.68E-03
10.19	8.68E-03
10.19	8.68E-03
10.19	8.68E-03
10.19	8.68E-03
10.19	8.68E-03
10.19	8.67E-03
10.19	8.67E-03
10.2	8.67E-03
10.2	8.67E-03
10.2	8.67E-03
10.2	8.67E-03
10.2	8.67E-03
10.2	8.67E-03
10.2	8.66E-03
10.2	8.66E-03
10.2	8.66E-03
10.2	8.66E-03
10.2	8.66E-03
10.2	8.66E-03
10.2	8.66E-03
10.2	8.66E-03
10.2	8.65E-03
10.2	8.65E-03
10.2	8.65E-03
10.2	8.65E-03
10.2	8.65E-03
10.2	8.65E-03
10.21	8.65E-03
10.21	8.65E-03
10.21	8.64E-03
10.21	8.64E-03
10.21	8.64E-03
10.21	8.64E-03
10.21	8.64E-03
10.21	8.64E-03
10.21	8.64E-03
10.21	8.64E-03
10.21	8.63E-03
10.21	8.63E-03
10.21	8.63E-03
10.21	8.63E-03
10.21	8.63E-03
10.21	8.63E-03
10.21	8.63E-03
10.21	8.63E-03
10.21	8.62E-03
10.22	8.62E-03
10.22	8.62E-03
10.22	8.62E-03
10.22	8.62E-03
10.22	8.62E-03
10.22	8.62E-03
10.22	8.62E-03
10.22	8.61E-03
10.22	8.61E-03
10.22	8.61E-03
10.22	8.61E-03
10.22	8.61E-03
10.22	8.61E-03
10.22	8.61E-03
10.22	8.61E-03
10.22	8.60E-03
10.22	8.60E-03
10.22	8.60E-03
10.22	8.60E-03
10.22	8.60E-03
10.23	8.60E-03
10.23	8.60E-03
10.23	8.60E-03
10.23	8.60E-03
10.23	8.59E-03
10.23	8.59E-03
10.23	8.59E-03
10.23	8.59E-03
10.23	8.59E-03
10.23	8.59E-03
10.23	8.59E-03
10.23	8.59E-03
10.23	8.58E-03
10.23	8.58E-03
10.23	8.58E-03
10.23	8.58E-03
10.23	8.58E-03
10.23	8.58E-03
10.23	8.58E-03
10.23	8.58E-03
10.23	8.57E-03
10.24	8.57E-03
10.24	8.57E-03
10.24	8.57E-03
10.24	8.57E-03
10.24	8.57E-03
10.24	8.57E-03
10.24	8.57E-03
10.24	8.56E-03
10.24	8.56E-03
10.24	8.56E-03
10.24	8.56E-03
10.24	8.56E-03
10.24	8.56E-03
10.24	8.56E-03
10.24	8.56E-03
10.24	8.55E-03
10.24	8.55E-03
10.24	8.55E-03
10.24	8.55E-03
10.24	8.55E-03
10.25	8.55E-03
10.25	8.55E-03
10.25	8.55E-03
10.25	8.54E-03
10.25	8.54E-03
10.25	8.54E-03
10.25	8.54E-03
10.25	8.54E-03
10.25	8.54E-03
10.25	8.54E-03
10.25	8.54E-03
10.25	8.54E-03
10.25	8.53E-03
10.25	8.53E-03
10.25	8.53E-03
10.25	8.53E-03
10.25	8.53E-03
10.25	8.53E-03
10.25	8.53E-03
10.26	8.53E-03
10.26	8.52E-03
10.26	8.52E-03
10.26	8.52E-03
10.26	8.52E-03
10.26	8.52E-03
10.26	8.52E-03
10.26	8.52E-03
10.26	8.52E-03
10.26	8.51E-03
10.26	8.51E-03
10.26	8.51E-03
10.26	8.51E-03
10.26	8.51E-03
10.26	8.51E-03
10.26	8.51E-03
10.26	8.51E-03
10.26	8.50E-03
10.26	8.50E-03
10.26	8.50E-03
10.27	8.50E-03
10.27	8.50E-03
10.27	8.50E-03
10.27	8.50E-03
10.27	8.50E-03
10.27	8.49E-03
10.27	8.49E-03
10.27	8.49E-03
10.27	8.49E-03
10.27	8.49E-03
10.27	8.49E-03
10.27	8.49E-03
10.27	8.49E-03
10.27	8.49E-03
10.27	8.48E-03
10.27	8.48E-03
10.27	8.48E-03
10.27	8.48E-03
10.27	8.48E-03
10.27	8.48E-03
10.27	8.48E-03
10.28	8.48E-03
10.28	8.47E-03
10.28	8.47E-03
10.28	8.47E-03
10.28	8.47E-03
10.28	8.47E-03
10.28	8.47E-03
10.28	8.47E-03
10.28	8.47E-03
10.28	8.46E-03
10.28	8.46E-03
10.28	8.46E-03
10.28	8.46E-03
10.28	8.46E-03
10.28	8.46E-03
10.28	8.46E-03
10.28	8.46E-03
10.28	8.45E-03
10.28	8.45E-03
10.28	8.45E-03
10.29	8.45E-03
10.29	8.45E-03
10.29	8.45E-03
10.29	8.45E-03
10.29	8.45E-03
10.29	8.45E-03
10.29	8.44E-03
10.29	8.44E-03
10.29	8.44E-03
10.29	8.44E-03
10.29	8.44E-03
10.29	8.44E-03
10.29	8.44E-03
10.29	8.44E-03
10.29	8.43E-03
10.29	8.43E-03
10.29	8.43E-03
10.29	8.43E-03
10.29	8.43E-03
10.3	8.43E-03
10.3	8.43E-03
10.3	8.43E-03
10.3	8.42E-03
10.3	8.42E-03
10.3	8.42E-03
10.3	8.42E-03
10.3	8.42E-03
10.3	8.42E-03
10.3	8.42E-03
10.3	8.42E-03
10.3	8.41E-03
10.3	8.41E-03
10.3	8.41E-03
10.3	8.41E-03
10.3	8.41E-03
10.3	8.41E-03
10.3	8.41E-03
10.3	8.41E-03
10.3	8.41E-03
10.31	8.40E-03
10.31	8.40E-03
10.31	8.40E-03
10.31	8.40E-03
10.31	8.40E-03
10.31	8.40E-03
10.31	8.40E-03
10.31	8.40E-03
10.31	8.39E-03
10.31	8.39E-03
10.31	8.39E-03
10.31	8.39E-03
10.31	8.39E-03
10.31	8.39E-03
10.31	8.39E-03
10.31	8.39E-03
10.31	8.38E-03
10.31	8.38E-03
10.31	8.38E-03
10.31	8.38E-03
10.31	8.38E-03
10.32	8.38E-03
10.32	8.38E-03
10.32	8.38E-03
10.32	8.38E-03
10.32	8.37E-03
10.32	8.37E-03
10.32	8.37E-03
10.32	8.37E-03
10.32	8.37E-03
10.32	8.37E-03
10.32	8.37E-03
10.32	8.37E-03
10.32	8.36E-03
10.32	8.36E-03
10.32	8.36E-03
10.32	8.36E-03
10.32	8.36E-03
10.32	8.36E-03
10.32	8.36E-03
10.32	8.36E-03
10.33	8.35E-03
10.33	8.35E-03
10.33	8.35E-03
10.33	8.35E-03
10.33	8.35E-03
10.33	8.35E-03
10.33	8.35E-03
10.33	8.35E-03
10.33	8.35E-03
10.33	8.34E-03
10.33	8.34E-03
10.33	8.34E-03
10.33	8.34E-03
10.33	8.34E-03
10.33	8.34E-03
10.33	8.34E-03
10.33	8.34E-03
10.33	8.33E-03
10.33	8.33E-03
10.34	8.33E-03
10.34	8.33E-03
10.34	8.33E-03
10.34	8.33E-03
10.34	8.33E-03
10.34	8.33E-03
10.34	8.32E-03
10.34	8.32E-03
10.34	8.32E-03
10.34	8.32E-03
10.34	8.32E-03
10.34	8.32E-03
10.34	8.32E-03
10.34	8.32E-03
10.34	8.32E-03
10.34	8.31E-03
10.34	8.31E-03
10.34	8.31E-03
10.34	8.31E-03
10.34	8.31E-03
10.35	8.31E-03
10.35	8.31E-03
10.35	8.31E-03
10.35	8.30E-03
10.35	8.30E-03
10.35	8.30E-03
10.35	8.30E-03
10.35	8.30E-03
10.35	8.30E-03
10.35	8.30E-03
10.35	8.30E-03
10.35	8.30E-03
10.35	8.29E-03
10.35	8.29E-03
10.35	8.29E-03
10.35	8.29E-03
10.35	8.29E-03
10.35	8.29E-03
10.35	8.29E-03
10.35	8.29E-03
10.35	8.28E-03
10.36	8.28E-03
10.36	8.28E-03
10.36	8.28E-03
10.36	8.28E-03
10.36	8.28E-03
10.36	8.28E-03
10.36	8.28E-03
10.36	8.28E-03
10.36	8.27E-03
10.36	8.27E-03
10.36	8.27E-03
10.36	8.27E-03
10.36	8.27E-03
10.36	8.27E-03
10.36	8.27E-03
10.36	8.27E-03
10.36	8.26E-03
10.36	8.26E-03
10.36	8.26E-03
10.36	8.26E-03
10.37	8.26E-03
10.37	8.26E-03
10.37	8.26E-03
10.37	8.26E-03
10.37	8.25E-03
10.37	8.25E-03
10.37	8.25E-03
10.37	8.25E-03
10.37	8.25E-03
10.37	8.25E-03
10.37	8.25E-03
10.37	8.25E-03
10.37	8.25E-03
10.37	8.24E-03
10.37	8.24E-03
10.37	8.24E-03
10.37	8.24E-03
10.37	8.24E-03
10.37	8.24E-03
10.38	8.24E-03
10.38	8.24E-03
10.38	8.23E-03
10.38	8.23E-03
10.38	8.23E-03
10.38	8.23E-03
10.38	8.23E-03
10.38	8.23E-03
10.38	8.23E-03
10.38	8.23E-03
10.38	8.23E-03
10.38	8.22E-03
10.38	8.22E-03
10.38	8.22E-03
10.38	8.22E-03
10.38	8.22E-03
10.38	8.22E-03
10.38	8.22E-03
10.38	8.22E-03
10.38	8.21E-03
10.39	8.21E-03
10.39	8.21E-03
10.39	8.21E-03
10.39	8.21E-03
10.39	8.21E-03
10.39	8.21E-03
10.39	8.21E-03
10.39	8.21E-03
10.39	8.20E-03
10.39	8.20E-03
10.39	8.20E-03
10.39	8.20E-03
10.39	8.20E-03
10.39	8.20E-03
10.39	8.20E-03
10.39	8.20E-03
10.39	8.19E-03
10.39	8.19E-03
10.39	8.19E-03
10.39	8.19E-03
10.4	8.19E-03
10.4	8.19E-03
10.4	8.19E-03
10.4	8.19E-03
10.4	8.19E-03
10.4	8.18E-03
10.4	8.18E-03
10.4	8.18E-03
10.4	8.18E-03
10.4	8.18E-03
10.4	8.18E-03
10.4	8.18E-03
10.4	8.18E-03
10.4	8.17E-03
10.4	8.17E-03
10.4	8.17E-03
10.4	8.17E-03
10.4	8.17E-03
10.4	8.17E-03
10.4	8.17E-03
10.4	8.17E-03
10.41	8.17E-03
10.41	8.16E-03
10.41	8.16E-03
10.41	8.16E-03
10.41	8.16E-03
10.41	8.16E-03
10.41	8.16E-03
10.41	8.16E-03
10.41	8.16E-03
10.41	8.15E-03
10.41	8.15E-03
10.41	8.15E-03
10.41	8.15E-03
10.41	8.15E-03
10.41	8.15E-03
10.41	8.15E-03
10.41	8.15E-03
10.41	8.15E-03
10.41	8.14E-03
10.41	8.14E-03
10.42	8.14E-03
10.42	8.14E-03
10.42	8.14E-03
10.42	8.14E-03
10.42	8.14E-03
10.42	8.14E-03
10.42	8.14E-03
10.42	8.13E-03
10.42	8.13E-03
10.42	8.13E-03
10.42	8.13E-03
10.42	8.13E-03
10.42	8.13E-03
10.42	8.13E-03
10.42	8.13E-03
10.42	8.12E-03
10.42	8.12E-03
10.42	8.12E-03
10.42	8.12E-03
10.43	8.12E-03
10.43	8.12E-03
10.43	8.12E-03
10.43	8.12E-03
10.43	8.12E-03
10.43	8.11E-03
10.43	8.11E-03
10.43	8.11E-03
10.43	8.11E-03
10.43	8.11E-03
10.43	8.11E-03
10.43	8.11E-03
10.43	8.11E-03
10.43	8.10E-03
10.43	8.10E-03
10.43	8.10E-03
10.43	8.10E-03
10.43	8.10E-03
10.43	8.10E-03
10.43	8.10E-03
10.44	8.10E-03
10.44	8.10E-03
10.44	8.09E-03
10.44	8.09E-03
10.44	8.09E-03
10.44	8.09E-03
10.44	8.09E-03
10.44	8.09E-03
10.44	8.09E-03
10.44	8.09E-03
10.44	8.09E-03
10.44	8.08E-03
10.44	8.08E-03
10.44	8.08E-03
10.44	8.08E-03
10.44	8.08E-03
10.44	8.08E-03
10.44	8.08E-03
10.44	8.08E-03
10.44	8.07E-03
10.44	8.07E-03
10.45	8.07E-03
10.45	8.07E-03
10.45	8.07E-03
10.45	8.07E-03
10.45	8.07E-03
10.45	8.07E-03
10.45	8.07E-03
10.45	8.06E-03
10.45	8.06E-03
10.45	8.06E-03
10.45	8.06E-03
10.45	8.06E-03
10.45	8.06E-03
10.45	8.06E-03
10.45	8.06E-03
10.45	8.05E-03
10.45	8.05E-03
10.45	8.05E-03
10.45	8.05E-03
10.45	8.05E-03
10.46	8.05E-03
10.46	8.05E-03
10.46	8.05E-03
10.46	8.05E-03
10.46	8.04E-03
10.46	8.04E-03
10.46	8.04E-03
10.46	8.04E-03
10.46	8.04E-03
10.46	8.04E-03
10.46	8.04E-03
10.46	8.04E-03
10.46	8.04E-03
10.46	8.03E-03
10.46	8.03E-03
10.46	8.03E-03
10.46	8.03E-03
10.46	8.03E-03
10.46	8.03E-03
10.47	8.03E-03
10.47	8.03E-03
10.47	8.03E-03
10.47	8.02E-03
10.47	8.02E-03
10.47	8.02E-03
10.47	8.02E-03
10.47	8.02E-03
10.47	8.02E-03
10.47	8.02E-03
10.47	8.02E-03
10.47	8.01E-03
10.47	8.01E-03
10.47	8.01E-03
10.47	8.01E-03
10.47	8.01E-03
10.47	8.01E-03
10.47	8.01E-03
10.47	8.01E-03
10.47	8.01E-03
10.48	8.00E-03
10.48	8.00E-03
10.48	8.00E-03
10.48	8.00E-03
10.48	8.00E-03
10.48	8.00E-03
10.48	8.00E-03
10.48	8.00E-03
10.48	8.00E-03
10.48	7.99E-03
10.48	7.99E-03
10.48	7.99E-03
10.48	7.99E-03
10.48	7.99E-03
10.48	7.99E-03
10.48	7.99E-03
10.48	7.99E-03
10.48	7.98E-03
10.48	7.98E-03
10.48	7.98E-03
10.48	7.98E-03
10.49	7.98E-03
10.49	7.98E-03
10.49	7.98E-03
10.49	7.98E-03
10.49	7.98E-03
10.49	7.97E-03
10.49	7.97E-03
10.49	7.97E-03
10.49	7.97E-03
10.49	7.97E-03
10.49	7.97E-03
10.49	7.97E-03
10.49	7.97E-03
10.49	7.97E-03
10.49	7.96E-03
10.49	7.96E-03
10.49	7.96E-03
10.49	7.96E-03
10.49	7.96E-03
10.49	7.96E-03
10.5	7.96E-03
10.5	7.96E-03
10.5	7.96E-03
10.5	7.95E-03
10.5	7.95E-03
10.5	7.95E-03
10.5	7.95E-03
10.5	7.95E-03
10.5	7.95E-03
10.5	7.95E-03
10.5	7.95E-03
10.5	7.94E-03
10.5	7.94E-03
10.5	7.94E-03
10.5	7.94E-03
10.5	7.94E-03
10.5	7.94E-03
10.5	7.94E-03
10.5	7.94E-03
10.51	7.94E-03
10.51	7.93E-03
10.51	7.93E-03
10.51	7.93E-03
10.51	7.93E-03
10.51	7.93E-03
10.51	7.93E-03
10.51	7.93E-03
10.51	7.93E-03
10.51	7.93E-03
10.51	7.92E-03
10.51	7.92E-03
10.51	7.92E-03
10.51	7.92E-03
10.51	7.92E-03
10.51	7.92E-03
10.51	7.92E-03
10.51	7.92E-03
10.51	7.92E-03
10.51	7.91E-03
10.52	7.91E-03
10.52	7.91E-03
10.52	7.91E-03
10.52	7.91E-03
10.52	7.91E-03
10.52	7.91E-03
10.52	7.91E-03
10.52	7.91E-03
10.52	7.90E-03
10.52	7.90E-03
10.52	7.90E-03
10.52	7.90E-03
10.52	7.90E-03
10.52	7.90E-03
10.52	7.90E-03
10.52	7.90E-03
10.52	7.89E-03
10.52	7.89E-03
10.52	7.89E-03
10.52	7.89E-03
10.52	7.89E-03
10.53	7.89E-03
10.53	7.89E-03
10.53	7.89E-03
10.53	7.89E-03
10.53	7.88E-03
10.53	7.88E-03
10.53	7.88E-03
10.53	7.88E-03
10.53	7.88E-03
10.53	7.88E-03
10.53	7.88E-03
10.53	7.88E-03
10.53	7.88E-03
10.53	7.87E-03
10.53	7.87E-03
10.53	7.87E-03
10.53	7.87E-03
10.53	7.87E-03
10.53	7.87E-03
10.53	7.87E-03
10.54	7.87E-03
10.54	7.87E-03
10.54	7.86E-03
10.54	7.86E-03
10.54	7.86E-03
10.54	7.86E-03
10.54	7.86E-03
10.54	7.86E-03
10.54	7.86E-03
10.54	7.86E-03
10.54	7.86E-03
10.54	7.85E-03
10.54	7.85E-03
10.54	7.85E-03
10.54	7.85E-03
10.54	7.85E-03
10.54	7.85E-03
10.54	7.85E-03
10.54	7.85E-03
10.55	7.85E-03
10.55	7.84E-03
10.55	7.84E-03
10.55	7.84E-03
10.55	7.84E-03
10.55	7.84E-03
10.55	7.84E-03
10.55	7.84E-03
10.55	7.84E-03
10.55	7.84E-03
10.55	7.83E-03
10.55	7.83E-03
10.55	7.83E-03
10.55	7.83E-03
10.55	7.83E-03
10.55	7.83E-03
10.55	7.83E-03
10.55	7.83E-03
10.55	7.83E-03
10.55	7.82E-03
10.56	7.82E-03
10.56	7.82E-03
10.56	7.82E-03
10.56	7.82E-03
10.56	7.82E-03
10.56	7.82E-03
10.56	7.82E-03
10.56	7.81E-03
10.56	7.81E-03
10.56	7.81E-03
10.56	7.81E-03
10.56	7.81E-03
10.56	7.81E-03
10.56	7.81E-03
10.56	7.81E-03
10.56	7.81E-03
10.56	7.80E-03
10.56	7.80E-03
10.56	7.80E-03
10.56	7.80E-03
10.56	7.80E-03
10.57	7.80E-03
10.57	7.80E-03
10.57	7.80E-03
10.57	7.80E-03
10.57	7.79E-03
10.57	7.79E-03
10.57	7.79E-03
10.57	7.79E-03
10.57	7.79E-03
10.57	7.79E-03
10.57	7.79E-03
10.57	7.79E-03
10.57	7.79E-03
10.57	7.78E-03
10.57	7.78E-03
10.57	7.78E-03
10.57	7.78E-03
10.57	7.78E-03
10.57	7.78E-03
10.57	7.78E-03
10.58	7.78E-03
10.58	7.78E-03
10.58	7.77E-03
10.58	7.77E-03
10.58	7.77E-03
10.58	7.77E-03
10.58	7.77E-03
10.58	7.77E-03
10.58	7.77E-03
10.58	7.77E-03
10.58	7.77E-03
10.58	7.76E-03
10.58	7.76E-03
10.58	7.76E-03
10.58	7.76E-03
10.58	7.76E-03
10.58	7.76E-03
10.58	7.76E-03
10.58	7.76E-03
10.59	7.76E-03
10.59	7.75E-03
10.59	7.75E-03
10.59	7.75E-03
10.59	7.75E-03
10.59	7.75E-03
10.59	7.75E-03
10.59	7.75E-03
10.59	7.75E-03
10.59	7.75E-03
10.59	7.74E-03
10.59	7.74E-03
10.59	7.74E-03
10.59	7.74E-03
10.59	7.74E-03
10.59	7.74E-03
10.59	7.74E-03
10.59	7.74E-03
10.59	7.74E-03
10.59	7.73E-03
10.6	7.73E-03
10.6	7.73E-03
10.6	7.73E-03
10.6	7.73E-03
10.6	7.73E-03
10.6	7.73E-03
10.6	7.73E-03
10.6	7.73E-03
10.6	7.72E-03
10.6	7.72E-03
10.6	7.72E-03
10.6	7.72E-03
10.6	7.72E-03
10.6	7.72E-03
10.6	7.72E-03
10.6	7.72E-03
10.6	7.72E-03
10.6	7.71E-03
10.6	7.71E-03
10.6	7.71E-03
10.6	7.71E-03
10.61	7.71E-03
10.61	7.71E-03
10.61	7.71E-03
10.61	7.71E-03
10.61	7.71E-03
10.61	7.70E-03
10.61	7.70E-03
10.61	7.70E-03
10.61	7.70E-03
10.61	7.70E-03
10.61	7.70E-03
10.61	7.70E-03
10.61	7.70E-03
10.61	7.70E-03
10.61	7.69E-03
10.61	7.69E-03
10.61	7.69E-03
10.61	7.69E-03
10.61	7.69E-03
10.61	7.69E-03
10.62	7.69E-03
10.62	7.69E-03
10.62	7.69E-03
10.62	7.69E-03
10.62	7.68E-03
10.62	7.68E-03
10.62	7.68E-03
10.62	7.68E-03
10.62	7.68E-03
10.62	7.68E-03
10.62	7.68E-03
10.62	7.68E-03
10.62	7.68E-03
10.62	7.67E-03
10.62	7.67E-03
10.62	7.67E-03
10.62	7.67E-03
10.62	7.67E-03
10.62	7.67E-03
10.62	7.67E-03
10.63	7.67E-03
10.63	7.67E-03
10.63	7.66E-03
10.63	7.66E-03
10.63	7.66E-03
10.63	7.66E-03
10.63	7.66E-03
10.63	7.66E-03
10.63	7.66E-03
10.63	7.66E-03
10.63	7.66E-03
10.63	7.65E-03
10.63	7.65E-03
10.63	7.65E-03
10.63	7.65E-03
10.63	7.65E-03
10.63	7.65E-03
10.63	7.65E-03
10.63	7.65E-03
10.64	7.65E-03
10.64	7.64E-03
10.64	7.64E-03
10.64	7.64E-03
10.64	7.64E-03
10.64	7.64E-03
10.64	7.64E-03
10.64	7.64E-03
10.64	7.64E-03
10.64	7.64E-03
10.64	7.63E-03
10.64	7.63E-03
10.64	7.63E-03
10.64	7.63E-03
10.64	7.63E-03
10.64	7.63E-03
10.64	7.63E-03
10.64	7.63E-03
10.64	7.63E-03
10.64	7.62E-03
10.65	7.62E-03
10.65	7.62E-03
10.65	7.62E-03
10.65	7.62E-03
10.65	7.62E-03
10.65	7.62E-03
10.65	7.62E-03
10.65	7.62E-03
10.65	7.61E-03
10.65	7.61E-03
10.65	7.61E-03
10.65	7.61E-03
10.65	7.61E-03
10.65	7.61E-03
10.65	7.61E-03
10.65	7.61E-03
10.65	7.61E-03
10.65	7.61E-03
10.65	7.60E-03
10.65	7.60E-03
10.65	7.60E-03
10.66	7.60E-03
10.66	7.60E-03
10.66	7.60E-03
10.66	7.60E-03
10.66	7.60E-03
10.66	7.60E-03
10.66	7.59E-03
10.66	7.59E-03
10.66	7.59E-03
10.66	7.59E-03
10.66	7.59E-03
10.66	7.59E-03
10.66	7.59E-03
10.66	7.59E-03
10.66	7.59E-03
10.66	7.58E-03
10.66	7.58E-03
10.66	7.58E-03
10.66	7.58E-03
10.66	7.58E-03
10.67	7.58E-03
10.67	7.58E-03
10.67	7.58E-03
10.67	7.58E-03
10.67	7.57E-03
10.67	7.57E-03
10.67	7.57E-03
10.67	7.57E-03
10.67	7.57E-03
10.67	7.57E-03
10.67	7.57E-03
10.67	7.57E-03
10.67	7.57E-03
10.67	7.56E-03
10.67	7.56E-03
10.67	7.56E-03
10.67	7.56E-03
10.67	7.56E-03
10.67	7.56E-03
10.68	7.56E-03
10.68	7.56E-03
10.68	7.56E-03
10.68	7.56E-03
10.68	7.55E-03
10.68	7.55E-03
10.68	7.55E-03
10.68	7.55E-03
10.68	7.55E-03
10.68	7.55E-03
10.68	7.55E-03
10.68	7.55E-03
10.68	7.55E-03
10.68	7.54E-03
10.68	7.54E-03
10.68	7.54E-03
10.68	7.54E-03
10.68	7.54E-03
10.68	7.54E-03
10.68	7.54E-03
10.69	7.54E-03
10.69	7.54E-03
10.69	7.53E-03
10.69	7.53E-03
10.69	7.53E-03
10.69	7.53E-03
10.69	7.53E-03
10.69	7.53E-03
10.69	7.53E-03
10.69	7.53E-03
10.69	7.53E-03
10.69	7.52E-03
10.69	7.52E-03
10.69	7.52E-03
10.69	7.52E-03
10.69	7.52E-03
10.69	7.52E-03
10.69	7.52E-03
10.69	7.52E-03
10.69	7.52E-03
10.69	7.52E-03
10.7	7.51E-03
10.7	7.51E-03
10.7	7.51E-03
10.7	7.51E-03
10.7	7.51E-03
10.7	7.51E-03
10.7	7.51E-03
10.7	7.51E-03
10.7	7.51E-03
10.7	7.50E-03
10.7	7.50E-03
10.7	7.50E-03
10.7	7.50E-03
10.7	7.50E-03
10.7	7.50E-03
10.7	7.50E-03
10.7	7.50E-03
10.7	7.50E-03
10.7	7.49E-03
10.7	7.49E-03
10.71	7.49E-03
10.71	7.49E-03
10.71	7.49E-03
10.71	7.49E-03
10.71	7.49E-03
10.71	7.49E-03
10.71	7.49E-03
10.71	7.49E-03
10.71	7.48E-03
10.71	7.48E-03
10.71	7.48E-03
10.71	7.48E-03
10.71	7.48E-03
10.71	7.48E-03
10.71	7.48E-03
10.71	7.48E-03
10.71	7.48E-03
10.71	7.47E-03
10.71	7.47E-03
10.72	7.47E-03
10.72	7.47E-03
10.72	7.47E-03
10.72	7.47E-03
10.72	7.47E-03
10.72	7.47E-03
10.72	7.47E-03
10.72	7.46E-03
10.72	7.46E-03
10.72	7.46E-03
10.72	7.46E-03
10.72	7.46E-03
10.72	7.46E-03
10.72	7.46E-03
10.72	7.46E-03
10.72	7.46E-03
10.72	7.46E-03
10.72	7.45E-03
10.72	7.45E-03
10.72	7.45E-03
10.73	7.45E-03
10.73	7.45E-03
10.73	7.45E-03
10.73	7.45E-03
10.73	7.45E-03
10.73	7.45E-03
10.73	7.44E-03
10.73	7.44E-03
10.73	7.44E-03
10.73	7.44E-03
10.73	7.44E-03
10.73	7.44E-03
10.73	7.44E-03
10.73	7.44E-03
10.73	7.44E-03
10.73	7.44E-03
10.73	7.43E-03
10.73	7.43E-03
10.73	7.43E-03
10.73	7.43E-03
10.73	7.43E-03
10.74	7.43E-03
10.74	7.43E-03
10.74	7.43E-03
10.74	7.43E-03
10.74	7.42E-03
10.74	7.42E-03
10.74	7.42E-03
10.74	7.42E-03
10.74	7.42E-03
10.74	7.42E-03
10.74	7.42E-03
10.74	7.42E-03
10.74	7.42E-03
10.74	7.41E-03
10.74	7.41E-03
10.74	7.41E-03
10.74	7.41E-03
10.74	7.41E-03
10.74	7.41E-03
10.74	7.41E-03
10.75	7.41E-03
10.75	7.41E-03
10.75	7.41E-03
10.75	7.40E-03
10.75	7.40E-03
10.75	7.40E-03
10.75	7.40E-03
10.75	7.40E-03
10.75	7.40E-03
10.75	7.40E-03
10.75	7.40E-03
10.75	7.40E-03
10.75	7.39E-03
10.75	7.39E-03
10.75	7.39E-03
10.75	7.39E-03
10.75	7.39E-03
10.75	7.39E-03
10.75	7.39E-03
10.76	7.39E-03
10.76	7.39E-03
10.76	7.39E-03
10.76	7.38E-03
10.76	7.38E-03
10.76	7.38E-03
10.76	7.38E-03
10.76	7.38E-03
10.76	7.38E-03
10.76	7.38E-03
10.76	7.38E-03
10.76	7.38E-03
10.76	7.37E-03
10.76	7.37E-03
10.76	7.37E-03
10.76	7.37E-03
10.76	7.37E-03
10.76	7.37E-03
10.76	7.37E-03
10.76	7.37E-03
10.77	7.37E-03
10.77	7.37E-03
10.77	7.36E-03
10.77	7.36E-03
10.77	7.36E-03
10.77	7.36E-03
10.77	7.36E-03
10.77	7.36E-03
10.77	7.36E-03
10.77	7.36E-03
10.77	7.36E-03
10.77	7.35E-03
10.77	7.35E-03
10.77	7.35E-03
10.77	7.35E-03
10.77	7.35E-03
10.77	7.35E-03
10.77	7.35E-03
10.77	7.35E-03
10.77	7.35E-03
10.77	7.35E-03
10.78	7.34E-03
10.78	7.34E-03
10.78	7.34E-03
10.78	7.34E-03
10.78	7.34E-03
10.78	7.34E-03
10.78	7.34E-03
10.78	7.34E-03
10.78	7.34E-03
10.78	7.33E-03
10.78	7.33E-03
10.78	7.33E-03
10.78	7.33E-03
10.78	7.33E-03
10.78	7.33E-03
10.78	7.33E-03
10.78	7.33E-03
10.78	7.33E-03
10.78	7.33E-03
10.78	7.32E-03
10.79	7.32E-03
10.79	7.32E-03
10.79	7.32E-03
10.79	7.32E-03
10.79	7.32E-03
10.79	7.32E-03
10.79	7.32E-03
10.79	7.32E-03
10.79	7.31E-03
10.79	7.31E-03
10.79	7.31E-03
10.79	7.31E-03
10.79	7.31E-03
10.79	7.31E-03
10.79	7.31E-03
10.79	7.31E-03
10.79	7.31E-03
10.79	7.31E-03
10.79	7.30E-03
10.8	7.30E-03
10.8	7.30E-03
10.8	7.30E-03
10.8	7.30E-03
10.8	7.30E-03
10.8	7.30E-03
10.8	7.30E-03
10.8	7.30E-03
10.8	7.30E-03
10.8	7.29E-03
10.8	7.29E-03
10.8	7.29E-03
10.8	7.29E-03
10.8	7.29E-03
10.8	7.29E-03
10.8	7.29E-03
10.8	7.29E-03
10.8	7.29E-03
10.8	7.28E-03
10.8	7.28E-03
10.81	7.28E-03
10.81	7.28E-03
10.81	7.28E-03
10.81	7.28E-03
10.81	7.28E-03
10.81	7.28E-03
10.81	7.28E-03
10.81	7.28E-03
10.81	7.27E-03
10.81	7.27E-03
10.81	7.27E-03
10.81	7.27E-03
10.81	7.27E-03
10.81	7.27E-03
10.81	7.27E-03
10.81	7.27E-03
10.81	7.27E-03
10.81	7.26E-03
10.81	7.26E-03
10.81	7.26E-03
10.81	7.26E-03
10.82	7.26E-03
10.82	7.26E-03
10.82	7.26E-03
10.82	7.26E-03
10.82	7.26E-03
10.82	7.26E-03
10.82	7.25E-03
10.82	7.25E-03
10.82	7.25E-03
10.82	7.25E-03
10.82	7.25E-03
10.82	7.25E-03
10.82	7.25E-03
10.82	7.25E-03
10.82	7.25E-03
10.82	7.25E-03
10.82	7.24E-03
10.82	7.24E-03
10.82	7.24E-03
10.82	7.24E-03
10.83	7.24E-03
10.83	7.24E-03
10.83	7.24E-03
10.83	7.24E-03
10.83	7.24E-03
10.83	7.23E-03
10.83	7.23E-03
10.83	7.23E-03
10.83	7.23E-03
10.83	7.23E-03
10.83	7.23E-03
10.83	7.23E-03
10.83	7.23E-03
10.83	7.23E-03
10.83	7.23E-03
10.83	7.22E-03
10.83	7.22E-03
10.83	7.22E-03
10.83	7.22E-03
10.84	7.22E-03
10.84	7.22E-03
10.84	7.22E-03
10.84	7.22E-03
10.84	7.22E-03
10.84	7.22E-03
10.84	7.21E-03
10.84	7.21E-03
10.84	7.21E-03
10.84	7.21E-03
10.84	7.21E-03
10.84	7.21E-03
10.84	7.21E-03
10.84	7.21E-03
10.84	7.21E-03
10.84	7.21E-03
10.84	7.20E-03
10.84	7.20E-03
10.84	7.20E-03
10.84	7.20E-03
10.85	7.20E-03
10.85	7.20E-03
10.85	7.20E-03
10.85	7.20E-03
10.85	7.20E-03
10.85	7.19E-03
10.85	7.19E-03
10.85	7.19E-03
10.85	7.19E-03
10.85	7.19E-03
10.85	7.19E-03
10.85	7.19E-03
10.85	7.19E-03
10.85	7.19E-03
10.85	7.19E-03
10.85	7.18E-03
10.85	7.18E-03
10.85	7.18E-03
10.85	7.18E-03
10.85	7.18E-03
10.85	7.18E-03
10.86	7.18E-03
10.86	7.18E-03
10.86	7.18E-03
10.86	7.18E-03
10.86	7.17E-03
10.86	7.17E-03
10.86	7.17E-03
10.86	7.17E-03
10.86	7.17E-03
10.86	7.17E-03
10.86	7.17E-03
10.86	7.17E-03
10.86	7.17E-03
10.86	7.17E-03
10.86	7.16E-03
10.86	7.16E-03
10.86	7.16E-03
10.86	7.16E-03
10.86	7.16E-03
10.86	7.16E-03
10.87	7.16E-03
10.87	7.16E-03
10.87	7.16E-03
10.87	7.15E-03
10.87	7.15E-03
10.87	7.15E-03
10.87	7.15E-03
10.87	7.15E-03
10.87	7.15E-03
10.87	7.15E-03
10.87	7.15E-03
10.87	7.15E-03
10.87	7.15E-03
10.87	7.14E-03
10.87	7.14E-03
10.87	7.14E-03
10.87	7.14E-03
10.87	7.14E-03
10.87	7.14E-03
10.88	7.14E-03
10.88	7.14E-03
10.88	7.14E-03
10.88	7.14E-03
10.88	7.13E-03
10.88	7.13E-03
10.88	7.13E-03
10.88	7.13E-03
10.88	7.13E-03
10.88	7.13E-03
10.88	7.13E-03
10.88	7.13E-03
10.88	7.13E-03
10.88	7.13E-03
10.88	7.12E-03
10.88	7.12E-03
10.88	7.12E-03
10.88	7.12E-03
10.88	7.12E-03
10.88	7.12E-03
10.89	7.12E-03
10.89	7.12E-03
10.89	7.12E-03
10.89	7.12E-03
10.89	7.11E-03
10.89	7.11E-03
10.89	7.11E-03
10.89	7.11E-03
10.89	7.11E-03
10.89	7.11E-03
10.89	7.11E-03
10.89	7.11E-03
10.89	7.11E-03
10.89	7.11E-03
10.89	7.10E-03
10.89	7.10E-03
10.89	7.10E-03
10.89	7.10E-03
10.89	7.10E-03
10.89	7.10E-03
10.9	7.10E-03
10.9	7.10E-03
10.9	7.10E-03
10.9	7.10E-03
10.9	7.09E-03
10.9	7.09E-03
10.9	7.09E-03
10.9	7.09E-03
10.9	7.09E-03
10.9	7.09E-03
10.9	7.09E-03
10.9	7.09E-03
10.9	7.09E-03
10.9	7.08E-03
10.9	7.08E-03
10.9	7.08E-03
10.9	7.08E-03
10.9	7.08E-03
10.9	7.08E-03
10.9	7.08E-03
10.9	7.08E-03
10.91	7.08E-03
10.91	7.08E-03
10.91	7.07E-03
10.91	7.07E-03
10.91	7.07E-03
10.91	7.07E-03
10.91	7.07E-03
10.91	7.07E-03
10.91	7.07E-03
10.91	7.07E-03
10.91	7.07E-03
10.91	7.07E-03
10.91	7.06E-03
10.91	7.06E-03
10.91	7.06E-03
10.91	7.06E-03
10.91	7.06E-03
10.91	7.06E-03
10.91	7.06E-03
10.91	7.06E-03
10.92	7.06E-03
10.92	7.06E-03
10.92	7.05E-03
10.92	7.05E-03
10.92	7.05E-03
10.92	7.05E-03
10.92	7.05E-03
10.92	7.05E-03
10.92	7.05E-03
10.92	7.05E-03
10.92	7.05E-03
10.92	7.05E-03
10.92	7.04E-03
10.92	7.04E-03
10.92	7.04E-03
10.92	7.04E-03
10.92	7.04E-03
10.92	7.04E-03
10.92	7.04E-03
10.93	7.04E-03
10.93	7.04E-03
10.93	7.04E-03
10.93	7.03E-03
10.93	7.03E-03
10.93	7.03E-03
10.93	7.03E-03
10.93	7.03E-03
10.93	7.03E-03
10.93	7.03E-03
10.93	7.03E-03
10.93	7.03E-03
10.93	7.03E-03
10.93	7.02E-03
10.93	7.02E-03
10.93	7.02E-03
10.93	7.02E-03
10.93	7.02E-03
10.93	7.02E-03
10.93	7.02E-03
10.94	7.02E-03
10.94	7.02E-03
10.94	7.02E-03
10.94	7.01E-03
10.94	7.01E-03
10.94	7.01E-03
10.94	7.01E-03
10.94	7.01E-03
10.94	7.01E-03
10.94	7.01E-03
10.94	7.01E-03
10.94	7.01E-03
10.94	7.01E-03
10.94	7.00E-03
10.94	7.00E-03
10.94	7.00E-03
10.94	7.00E-03
10.94	7.00E-03
10.94	7.00E-03
10.94	7.00E-03
10.94	7.00E-03
10.95	7.00E-03
10.95	7.00E-03
10.95	6.99E-03
10.95	6.99E-03
10.95	6.99E-03
10.95	6.99E-03
10.95	6.99E-03
10.95	6.99E-03
10.95	6.99E-03
10.95	6.99E-03
10.95	6.99E-03
10.95	6.99E-03
10.95	6.98E-03
10.95	6.98E-03
10.95	6.98E-03
10.95	6.98E-03
10.95	6.98E-03
10.95	6.98E-03
10.95	6.98E-03
10.95	6.98E-03
10.96	6.98E-03
10.96	6.98E-03
10.96	6.98E-03
10.96	6.97E-03
10.96	6.97E-03
10.96	6.97E-03
10.96	6.97E-03
10.96	6.97E-03
10.96	6.97E-03
10.96	6.97E-03
10.96	6.97E-03
10.96	6.97E-03
10.96	6.97E-03
10.96	6.96E-03
10.96	6.96E-03
10.96	6.96E-03
10.96	6.96E-03
10.96	6.96E-03
10.96	6.96E-03
10.97	6.96E-03
10.97	6.96E-03
10.97	6.96E-03
10.97	6.96E-03
10.97	6.95E-03
10.97	6.95E-03
10.97	6.95E-03
10.97	6.95E-03
10.97	6.95E-03
10.97	6.95E-03
10.97	6.95E-03
10.97	6.95E-03
10.97	6.95E-03
10.97	6.95E-03
10.97	6.94E-03
10.97	6.94E-03
10.97	6.94E-03
10.97	6.94E-03
10.97	6.94E-03
10.97	6.94E-03
10.98	6.94E-03
10.98	6.94E-03
10.98	6.94E-03
10.98	6.94E-03
10.98	6.93E-03
10.98	6.93E-03
10.98	6.93E-03
10.98	6.93E-03
10.98	6.93E-03
10.98	6.93E-03
10.98	6.93E-03
10.98	6.93E-03
10.98	6.93E-03
10.98	6.93E-03
10.98	6.92E-03
10.98	6.92E-03
10.98	6.92E-03
10.98	6.92E-03
10.98	6.92E-03
10.98	6.92E-03
10.98	6.92E-03
10.99	6.92E-03
10.99	6.92E-03
10.99	6.92E-03
10.99	6.91E-03
10.99	6.91E-03
10.99	6.91E-03
10.99	6.91E-03
10.99	6.91E-03
10.99	6.91E-03
10.99	6.91E-03
10.99	6.91E-03
10.99	6.91E-03
10.99	6.91E-03
10.99	6.91E-03
10.99	6.90E-03
10.99	6.90E-03
10.99	6.90E-03
10.99	6.90E-03
10.99	6.90E-03
10.99	6.90E-03
11	6.90E-03
11	6.90E-03
11	6.90E-03
11	6.90E-03
11	6.89E-03
11	6.89E-03
11	6.89E-03
11	6.89E-03
11	6.89E-03
11	6.89E-03
11	6.89E-03
11	6.89E-03
11	6.89E-03
11	6.89E-03
11	6.88E-03
11	6.88E-03
11	6.88E-03
11	6.88E-03
11	6.88E-03
11.01	6.88E-03
11.01	6.88E-03
11.01	6.88E-03
11.01	6.88E-03
11.01	6.88E-03
11.01	6.87E-03
11.01	6.87E-03
11.01	6.87E-03
11.01	6.87E-03
11.01	6.87E-03
11.01	6.87E-03
11.01	6.87E-03
11.01	6.87E-03
11.01	6.87E-03
11.01	6.87E-03
11.01	6.87E-03
11.01	6.86E-03
11.01	6.86E-03
11.01	6.86E-03
11.01	6.86E-03
11.02	6.86E-03
11.02	6.86E-03
11.02	6.86E-03
11.02	6.86E-03
11.02	6.86E-03
11.02	6.86E-03
11.02	6.85E-03
11.02	6.85E-03
11.02	6.85E-03
11.02	6.85E-03
11.02	6.85E-03
11.02	6.85E-03
11.02	6.85E-03
11.02	6.85E-03
11.02	6.85E-03
11.02	6.85E-03
11.02	6.84E-03
11.02	6.84E-03
11.02	6.84E-03
11.02	6.84E-03
11.02	6.84E-03
11.03	6.84E-03
11.03	6.84E-03
11.03	6.84E-03
11.03	6.84E-03
11.03	6.84E-03
11.03	6.83E-03
11.03	6.83E-03
11.03	6.83E-03
11.03	6.83E-03
11.03	6.83E-03
11.03	6.83E-03
11.03	6.83E-03
11.03	6.83E-03
11.03	6.83E-03
11.03	6.83E-03
11.03	6.83E-03
11.03	6.82E-03
11.03	6.82E-03
11.03	6.82E-03
11.03	6.82E-03
11.04	6.82E-03
11.04	6.82E-03
11.04	6.82E-03
11.04	6.82E-03
11.04	6.82E-03
11.04	6.82E-03
11.04	6.81E-03
11.04	6.81E-03
11.04	6.81E-03
11.04	6.81E-03
11.04	6.81E-03
11.04	6.81E-03
11.04	6.81E-03
11.04	6.81E-03
11.04	6.81E-03
11.04	6.81E-03
11.04	6.80E-03
11.04	6.80E-03
11.04	6.80E-03
11.05	6.80E-03
11.05	6.80E-03
11.05	6.80E-03
11.05	6.80E-03
11.05	6.80E-03
11.05	6.80E-03
11.05	6.80E-03
11.05	6.80E-03
11.05	6.79E-03
11.05	6.79E-03
11.05	6.79E-03
11.05	6.79E-03
11.05	6.79E-03
11.05	6.79E-03
11.05	6.79E-03
11.05	6.79E-03
11.05	6.79E-03
11.05	6.79E-03
11.05	6.78E-03
11.05	6.78E-03
11.06	6.78E-03
11.06	6.78E-03
11.06	6.78E-03
11.06	6.78E-03
11.06	6.78E-03
11.06	6.78E-03
11.06	6.78E-03
11.06	6.78E-03
11.06	6.78E-03
11.06	6.77E-03
11.06	6.77E-03
11.06	6.77E-03
11.06	6.77E-03
11.06	6.77E-03
11.06	6.77E-03
11.06	6.77E-03
11.06	6.77E-03
11.06	6.77E-03
11.06	6.77E-03
11.06	6.76E-03
11.06	6.76E-03
11.07	6.76E-03
11.07	6.76E-03
11.07	6.76E-03
11.07	6.76E-03
11.07	6.76E-03
11.07	6.76E-03
11.07	6.76E-03
11.07	6.76E-03
11.07	6.76E-03
11.07	6.75E-03
11.07	6.75E-03
11.07	6.75E-03
11.07	6.75E-03
11.07	6.75E-03
11.07	6.75E-03
11.07	6.75E-03
11.07	6.75E-03
11.07	6.75E-03
11.07	6.75E-03
11.07	6.74E-03
11.08	6.74E-03
11.08	6.74E-03
11.08	6.74E-03
11.08	6.74E-03
11.08	6.74E-03
11.08	6.74E-03
11.08	6.74E-03
11.08	6.74E-03
11.08	6.74E-03
11.08	6.74E-03
11.08	6.73E-03
11.08	6.73E-03
11.08	6.73E-03
11.08	6.73E-03
11.08	6.73E-03
11.08	6.73E-03
11.08	6.73E-03
11.08	6.73E-03
11.08	6.73E-03
11.09	6.73E-03
11.09	6.72E-03
11.09	6.72E-03
11.09	6.72E-03
11.09	6.72E-03
11.09	6.72E-03
11.09	6.72E-03
11.09	6.72E-03
11.09	6.72E-03
11.09	6.72E-03
11.09	6.72E-03
11.09	6.72E-03
11.09	6.71E-03
11.09	6.71E-03
11.09	6.71E-03
11.09	6.71E-03
11.09	6.71E-03
11.09	6.71E-03
11.09	6.71E-03
11.09	6.71E-03
11.1	6.71E-03
11.1	6.71E-03
11.1	6.70E-03
11.1	6.70E-03
11.1	6.70E-03
11.1	6.70E-03
11.1	6.70E-03
11.1	6.70E-03
11.1	6.70E-03
11.1	6.70E-03
11.1	6.70E-03
11.1	6.70E-03
11.1	6.70E-03
11.1	6.69E-03
11.1	6.69E-03
11.1	6.69E-03
11.1	6.69E-03
11.1	6.69E-03
11.1	6.69E-03
11.1	6.69E-03
11.1	6.69E-03
11.11	6.69E-03
11.11	6.69E-03
11.11	6.68E-03
11.11	6.68E-03
11.11	6.68E-03
11.11	6.68E-03
11.11	6.68E-03
11.11	6.68E-03
11.11	6.68E-03
11.11	6.68E-03
11.11	6.68E-03
11.11	6.68E-03
11.11	6.68E-03
11.11	6.67E-03
11.11	6.67E-03
11.11	6.67E-03
11.11	6.67E-03
11.11	6.67E-03
11.11	6.67E-03
11.11	6.67E-03
11.12	6.67E-03
11.12	6.67E-03
11.12	6.67E-03
11.12	6.67E-03
11.12	6.66E-03
11.12	6.66E-03
11.12	6.66E-03
11.12	6.66E-03
11.12	6.66E-03
11.12	6.66E-03
11.12	6.66E-03
11.12	6.66E-03
11.12	6.66E-03
11.12	6.66E-03
11.12	6.65E-03
11.12	6.65E-03
11.12	6.65E-03
11.12	6.65E-03
11.12	6.65E-03
11.12	6.65E-03
11.13	6.65E-03
11.13	6.65E-03
11.13	6.65E-03
11.13	6.65E-03
11.13	6.65E-03
11.13	6.64E-03
11.13	6.64E-03
11.13	6.64E-03
11.13	6.64E-03
11.13	6.64E-03
11.13	6.64E-03
11.13	6.64E-03
11.13	6.64E-03
11.13	6.64E-03
11.13	6.64E-03
11.13	6.64E-03
11.13	6.63E-03
11.13	6.63E-03
11.13	6.63E-03
11.14	6.63E-03
11.14	6.63E-03
11.14	6.63E-03
11.14	6.63E-03
11.14	6.63E-03
11.14	6.63E-03
11.14	6.63E-03
11.14	6.62E-03
11.14	6.62E-03
11.14	6.62E-03
11.14	6.62E-03
11.14	6.62E-03
11.14	6.62E-03
11.14	6.62E-03
11.14	6.62E-03
11.14	6.62E-03
11.14	6.62E-03
11.14	6.62E-03
11.14	6.61E-03
11.14	6.61E-03
11.15	6.61E-03
11.15	6.61E-03
11.15	6.61E-03
11.15	6.61E-03
11.15	6.61E-03
11.15	6.61E-03
11.15	6.61E-03
11.15	6.61E-03
11.15	6.61E-03
11.15	6.60E-03
11.15	6.60E-03
11.15	6.60E-03
11.15	6.60E-03
11.15	6.60E-03
11.15	6.60E-03
11.15	6.60E-03
11.15	6.60E-03
11.15	6.60E-03
11.15	6.60E-03
11.15	6.59E-03
11.15	6.59E-03
11.16	6.59E-03
11.16	6.59E-03
11.16	6.59E-03
11.16	6.59E-03
11.16	6.59E-03
11.16	6.59E-03
11.16	6.59E-03
11.16	6.59E-03
11.16	6.59E-03
11.16	6.58E-03
11.16	6.58E-03
11.16	6.58E-03
11.16	6.58E-03
11.16	6.58E-03
11.16	6.58E-03
11.16	6.58E-03
11.16	6.58E-03
11.16	6.58E-03
11.16	6.58E-03
11.16	6.58E-03
11.17	6.57E-03
11.17	6.57E-03
11.17	6.57E-03
11.17	6.57E-03
11.17	6.57E-03
11.17	6.57E-03
11.17	6.57E-03
11.17	6.57E-03
11.17	6.57E-03
11.17	6.57E-03
11.17	6.57E-03
11.17	6.56E-03
11.17	6.56E-03
11.17	6.56E-03
11.17	6.56E-03
11.17	6.56E-03
11.17	6.56E-03
11.17	6.56E-03
11.17	6.56E-03
11.18	6.56E-03
11.18	6.56E-03
11.18	6.56E-03
11.18	6.55E-03
11.18	6.55E-03
11.18	6.55E-03
11.18	6.55E-03
11.18	6.55E-03
11.18	6.55E-03
11.18	6.55E-03
11.18	6.55E-03
11.18	6.55E-03
11.18	6.55E-03
11.18	6.55E-03
11.18	6.54E-03
11.18	6.54E-03
11.18	6.54E-03
11.18	6.54E-03
11.18	6.54E-03
11.18	6.54E-03
11.19	6.54E-03
11.19	6.54E-03
11.19	6.54E-03
11.19	6.54E-03
11.19	6.53E-03
11.19	6.53E-03
11.19	6.53E-03
11.19	6.53E-03
11.19	6.53E-03
11.19	6.53E-03
11.19	6.53E-03
11.19	6.53E-03
11.19	6.53E-03
11.19	6.53E-03
11.19	6.53E-03
11.19	6.52E-03
11.19	6.52E-03
11.19	6.52E-03
11.19	6.52E-03
11.19	6.52E-03
11.19	6.52E-03
11.2	6.52E-03
11.2	6.52E-03
11.2	6.52E-03
11.2	6.52E-03
11.2	6.52E-03
11.2	6.51E-03
11.2	6.51E-03
11.2	6.51E-03
11.2	6.51E-03
11.2	6.51E-03
11.2	6.51E-03
11.2	6.51E-03
11.2	6.51E-03
11.2	6.51E-03
11.2	6.51E-03
11.2	6.51E-03
11.2	6.50E-03
11.2	6.50E-03
11.2	6.50E-03
11.2	6.50E-03
11.21	6.50E-03
11.21	6.50E-03
11.21	6.50E-03
11.21	6.50E-03
11.21	6.50E-03
11.21	6.50E-03
11.21	6.50E-03
11.21	6.49E-03
11.21	6.49E-03
11.21	6.49E-03
11.21	6.49E-03
11.21	6.49E-03
11.21	6.49E-03
11.21	6.49E-03
11.21	6.49E-03
11.21	6.49E-03
11.21	6.49E-03
11.21	6.49E-03
11.21	6.48E-03
11.22	6.48E-03
11.22	6.48E-03
11.22	6.48E-03
11.22	6.48E-03
11.22	6.48E-03
11.22	6.48E-03
11.22	6.48E-03
11.22	6.48E-03
11.22	6.48E-03
11.22	6.48E-03
11.22	6.47E-03
11.22	6.47E-03
11.22	6.47E-03
11.22	6.47E-03
11.22	6.47E-03
11.22	6.47E-03
11.22	6.47E-03
11.22	6.47E-03
11.22	6.47E-03
11.22	6.47E-03
11.23	6.47E-03
11.23	6.46E-03
11.23	6.46E-03
11.23	6.46E-03
11.23	6.46E-03
11.23	6.46E-03
11.23	6.46E-03
11.23	6.46E-03
11.23	6.46E-03
11.23	6.46E-03
11.23	6.46E-03
11.23	6.46E-03
11.23	6.45E-03
11.23	6.45E-03
11.23	6.45E-03
11.23	6.45E-03
11.23	6.45E-03
11.23	6.45E-03
11.23	6.45E-03
11.23	6.45E-03
11.23	6.45E-03
11.24	6.45E-03
11.24	6.45E-03
11.24	6.44E-03
11.24	6.44E-03
11.24	6.44E-03
11.24	6.44E-03
11.24	6.44E-03
11.24	6.44E-03
11.24	6.44E-03
11.24	6.44E-03
11.24	6.44E-03
11.24	6.44E-03
11.24	6.44E-03
11.24	6.43E-03
11.24	6.43E-03
11.24	6.43E-03
11.24	6.43E-03
11.24	6.43E-03
11.24	6.43E-03
11.24	6.43E-03
11.25	6.43E-03
11.25	6.43E-03
11.25	6.43E-03
11.25	6.43E-03
11.25	6.42E-03
11.25	6.42E-03
11.25	6.42E-03
11.25	6.42E-03
11.25	6.42E-03
11.25	6.42E-03
11.25	6.42E-03
11.25	6.42E-03
11.25	6.42E-03
11.25	6.42E-03
11.25	6.42E-03
11.25	6.42E-03
11.25	6.41E-03
11.25	6.41E-03
11.25	6.41E-03
11.26	6.41E-03
11.26	6.41E-03
11.26	6.41E-03
11.26	6.41E-03
11.26	6.41E-03
11.26	6.41E-03
11.26	6.41E-03
11.26	6.41E-03
11.26	6.40E-03
11.26	6.40E-03
11.26	6.40E-03
11.26	6.40E-03
11.26	6.40E-03
11.26	6.40E-03
11.26	6.40E-03
11.26	6.40E-03
11.26	6.40E-03
11.26	6.40E-03
11.26	6.40E-03
11.26	6.39E-03
11.27	6.39E-03
11.27	6.39E-03
11.27	6.39E-03
11.27	6.39E-03
11.27	6.39E-03
11.27	6.39E-03
11.27	6.39E-03
11.27	6.39E-03
11.27	6.39E-03
11.27	6.39E-03
11.27	6.38E-03
11.27	6.38E-03
11.27	6.38E-03
11.27	6.38E-03
11.27	6.38E-03
11.27	6.38E-03
11.27	6.38E-03
11.27	6.38E-03
11.27	6.38E-03
11.27	6.38E-03
11.27	6.38E-03
11.28	6.37E-03
11.28	6.37E-03
11.28	6.37E-03
11.28	6.37E-03
11.28	6.37E-03
11.28	6.37E-03
11.28	6.37E-03
11.28	6.37E-03
11.28	6.37E-03
11.28	6.37E-03
11.28	6.37E-03
11.28	6.37E-03
11.28	6.36E-03
11.28	6.36E-03
11.28	6.36E-03
11.28	6.36E-03
11.28	6.36E-03
11.28	6.36E-03
11.28	6.36E-03
11.28	6.36E-03
11.29	6.36E-03
11.29	6.36E-03
11.29	6.36E-03
11.29	6.35E-03
11.29	6.35E-03
11.29	6.35E-03
11.29	6.35E-03
11.29	6.35E-03
11.29	6.35E-03
11.29	6.35E-03
11.29	6.35E-03
11.29	6.35E-03
11.29	6.35E-03
11.29	6.35E-03
11.29	6.34E-03
11.29	6.34E-03
11.29	6.34E-03
11.29	6.34E-03
11.29	6.34E-03
11.3	6.34E-03
11.3	6.34E-03
11.3	6.34E-03
11.3	6.34E-03
11.3	6.34E-03
11.3	6.34E-03
11.3	6.33E-03
11.3	6.33E-03
11.3	6.33E-03
11.3	6.33E-03
11.3	6.33E-03
11.3	6.33E-03
11.3	6.33E-03
11.3	6.33E-03
11.3	6.33E-03
11.3	6.33E-03
11.3	6.33E-03
11.3	6.33E-03
11.3	6.32E-03
11.3	6.32E-03
11.31	6.32E-03
11.31	6.32E-03
11.31	6.32E-03
11.31	6.32E-03
11.31	6.32E-03
11.31	6.32E-03
11.31	6.32E-03
11.31	6.32E-03
11.31	6.32E-03
11.31	6.31E-03
11.31	6.31E-03
11.31	6.31E-03
11.31	6.31E-03
11.31	6.31E-03
11.31	6.31E-03
11.31	6.31E-03
11.31	6.31E-03
11.31	6.31E-03
11.31	6.31E-03
11.31	6.31E-03
11.31	6.30E-03
11.32	6.30E-03
11.32	6.30E-03
11.32	6.30E-03
11.32	6.30E-03
11.32	6.30E-03
11.32	6.30E-03
11.32	6.30E-03
11.32	6.30E-03
11.32	6.30E-03
11.32	6.30E-03
11.32	6.30E-03
11.32	6.29E-03
11.32	6.29E-03
11.32	6.29E-03
11.32	6.29E-03
11.32	6.29E-03
11.32	6.29E-03
11.32	6.29E-03
11.32	6.29E-03
11.32	6.29E-03
11.33	6.29E-03
11.33	6.29E-03
11.33	6.28E-03
11.33	6.28E-03
11.33	6.28E-03
11.33	6.28E-03
11.33	6.28E-03
11.33	6.28E-03
11.33	6.28E-03
11.33	6.28E-03
11.33	6.28E-03
11.33	6.28E-03
11.33	6.28E-03
11.33	6.28E-03
11.33	6.27E-03
11.33	6.27E-03
11.33	6.27E-03
11.33	6.27E-03
11.33	6.27E-03
11.34	6.27E-03
11.34	6.27E-03
11.34	6.27E-03
11.34	6.27E-03
11.34	6.27E-03
11.34	6.27E-03
11.34	6.26E-03
11.34	6.26E-03
11.34	6.26E-03
11.34	6.26E-03
11.34	6.26E-03
11.34	6.26E-03
11.34	6.26E-03
11.34	6.26E-03
11.34	6.26E-03
11.34	6.26E-03
11.34	6.26E-03
11.34	6.26E-03
11.34	6.25E-03
11.34	6.25E-03
11.35	6.25E-03
11.35	6.25E-03
11.35	6.25E-03
11.35	6.25E-03
11.35	6.25E-03
11.35	6.25E-03
11.35	6.25E-03
11.35	6.25E-03
11.35	6.25E-03
11.35	6.24E-03
11.35	6.24E-03
11.35	6.24E-03
11.35	6.24E-03
11.35	6.24E-03
11.35	6.24E-03
11.35	6.24E-03
11.35	6.24E-03
11.35	6.24E-03
11.35	6.24E-03
11.35	6.24E-03
11.35	6.24E-03
11.36	6.23E-03
11.36	6.23E-03
11.36	6.23E-03
11.36	6.23E-03
11.36	6.23E-03
11.36	6.23E-03
11.36	6.23E-03
11.36	6.23E-03
11.36	6.23E-03
11.36	6.23E-03
11.36	6.23E-03
11.36	6.22E-03
11.36	6.22E-03
11.36	6.22E-03
11.36	6.22E-03
11.36	6.22E-03
11.36	6.22E-03
11.36	6.22E-03
11.36	6.22E-03
11.36	6.22E-03
11.37	6.22E-03
11.37	6.22E-03
11.37	6.22E-03
11.37	6.21E-03
11.37	6.21E-03
11.37	6.21E-03
11.37	6.21E-03
11.37	6.21E-03
11.37	6.21E-03
11.37	6.21E-03
11.37	6.21E-03
11.37	6.21E-03
11.37	6.21E-03
11.37	6.21E-03
11.37	6.20E-03
11.37	6.20E-03
11.37	6.20E-03
11.37	6.20E-03
11.37	6.20E-03
11.38	6.20E-03
11.38	6.20E-03
11.38	6.20E-03
11.38	6.20E-03
11.38	6.20E-03
11.38	6.20E-03
11.38	6.20E-03
11.38	6.19E-03
11.38	6.19E-03
11.38	6.19E-03
11.38	6.19E-03
11.38	6.19E-03
11.38	6.19E-03
11.38	6.19E-03
11.38	6.19E-03
11.38	6.19E-03
11.38	6.19E-03
11.38	6.19E-03
11.38	6.19E-03
11.38	6.18E-03
11.39	6.18E-03
11.39	6.18E-03
11.39	6.18E-03
11.39	6.18E-03
11.39	6.18E-03
11.39	6.18E-03
11.39	6.18E-03
11.39	6.18E-03
11.39	6.18E-03
11.39	6.18E-03
11.39	6.17E-03
11.39	6.17E-03
11.39	6.17E-03
11.39	6.17E-03
11.39	6.17E-03
11.39	6.17E-03
11.39	6.17E-03
11.39	6.17E-03
11.39	6.17E-03
11.39	6.17E-03
11.4	6.17E-03
11.4	6.17E-03
11.4	6.16E-03
11.4	6.16E-03
11.4	6.16E-03
11.4	6.16E-03
11.4	6.16E-03
11.4	6.16E-03
11.4	6.16E-03
11.4	6.16E-03
11.4	6.16E-03
11.4	6.16E-03
11.4	6.16E-03
11.4	6.16E-03
11.4	6.15E-03
11.4	6.15E-03
11.4	6.15E-03
11.4	6.15E-03
11.4	6.15E-03
11.4	6.15E-03
11.4	6.15E-03
11.41	6.15E-03
11.41	6.15E-03
11.41	6.15E-03
11.41	6.15E-03
11.41	6.14E-03
11.41	6.14E-03
11.41	6.14E-03
11.41	6.14E-03
11.41	6.14E-03
11.41	6.14E-03
11.41	6.14E-03
11.41	6.14E-03
11.41	6.14E-03
11.41	6.14E-03
11.41	6.14E-03
11.41	6.14E-03
11.41	6.13E-03
11.41	6.13E-03
11.41	6.13E-03
11.41	6.13E-03
11.42	6.13E-03
11.42	6.13E-03
11.42	6.13E-03
11.42	6.13E-03
11.42	6.13E-03
11.42	6.13E-03
11.42	6.13E-03
11.42	6.13E-03
11.42	6.12E-03
11.42	6.12E-03
11.42	6.12E-03
11.42	6.12E-03
11.42	6.12E-03
11.42	6.12E-03
11.42	6.12E-03
11.42	6.12E-03
11.42	6.12E-03
11.42	6.12E-03
11.42	6.12E-03
11.43	6.12E-03
11.43	6.11E-03
11.43	6.11E-03
11.43	6.11E-03
11.43	6.11E-03
11.43	6.11E-03
11.43	6.11E-03
11.43	6.11E-03
11.43	6.11E-03
11.43	6.11E-03
11.43	6.11E-03
11.43	6.11E-03
11.43	6.11E-03
11.43	6.10E-03
11.43	6.10E-03
11.43	6.10E-03
11.43	6.10E-03
11.43	6.10E-03
11.43	6.10E-03
11.43	6.10E-03
11.44	6.10E-03
11.44	6.10E-03
11.44	6.10E-03
11.44	6.10E-03
11.44	6.09E-03
11.44	6.09E-03
11.44	6.09E-03
11.44	6.09E-03
11.44	6.09E-03
11.44	6.09E-03
11.44	6.09E-03
11.44	6.09E-03
11.44	6.09E-03
11.44	6.09E-03
11.44	6.09E-03
11.44	6.09E-03
11.44	6.08E-03
11.44	6.08E-03
11.44	6.08E-03
11.44	6.08E-03
11.44	6.08E-03
11.45	6.08E-03
11.45	6.08E-03
11.45	6.08E-03
11.45	6.08E-03
11.45	6.08E-03
11.45	6.08E-03
11.45	6.08E-03
11.45	6.07E-03
11.45	6.07E-03
11.45	6.07E-03
11.45	6.07E-03
11.45	6.07E-03
11.45	6.07E-03
11.45	6.07E-03
11.45	6.07E-03
11.45	6.07E-03
11.45	6.07E-03
11.45	6.07E-03
11.45	6.07E-03
11.45	6.06E-03
11.46	6.06E-03
11.46	6.06E-03
11.46	6.06E-03
11.46	6.06E-03
11.46	6.06E-03
11.46	6.06E-03
11.46	6.06E-03
11.46	6.06E-03
11.46	6.06E-03
11.46	6.06E-03
11.46	6.06E-03
11.46	6.05E-03
11.46	6.05E-03
11.46	6.05E-03
11.46	6.05E-03
11.46	6.05E-03
11.46	6.05E-03
11.46	6.05E-03
11.46	6.05E-03
11.47	6.05E-03
11.47	6.05E-03
11.47	6.05E-03
11.47	6.05E-03
11.47	6.04E-03
11.47	6.04E-03
11.47	6.04E-03
11.47	6.04E-03
11.47	6.04E-03
11.47	6.04E-03
11.47	6.04E-03
11.47	6.04E-03
11.47	6.04E-03
11.47	6.04E-03
11.47	6.04E-03
11.47	6.04E-03
11.47	6.03E-03
11.47	6.03E-03
11.47	6.03E-03
11.47	6.03E-03
11.48	6.03E-03
11.48	6.03E-03
11.48	6.03E-03
11.48	6.03E-03
11.48	6.03E-03
11.48	6.03E-03
11.48	6.03E-03
11.48	6.03E-03
11.48	6.02E-03
11.48	6.02E-03
11.48	6.02E-03
11.48	6.02E-03
11.48	6.02E-03
11.48	6.02E-03
11.48	6.02E-03
11.48	6.02E-03
11.48	6.02E-03
11.48	6.02E-03
11.48	6.02E-03
11.48	6.02E-03
11.48	6.01E-03
11.49	6.01E-03
11.49	6.01E-03
11.49	6.01E-03
11.49	6.01E-03
11.49	6.01E-03
11.49	6.01E-03
11.49	6.01E-03
11.49	6.01E-03
11.49	6.01E-03
11.49	6.01E-03
11.49	6.01E-03
11.49	6.00E-03
11.49	6.00E-03
11.49	6.00E-03
11.49	6.00E-03
11.49	6.00E-03
11.49	6.00E-03
11.49	6.00E-03
11.49	6.00E-03
11.49	6.00E-03
11.5	6.00E-03
11.5	6.00E-03
11.5	6.00E-03
11.5	5.99E-03
11.5	5.99E-03
11.5	5.99E-03
11.5	5.99E-03
11.5	5.99E-03
11.5	5.99E-03
11.5	5.99E-03
11.5	5.99E-03
11.5	5.99E-03
11.5	5.99E-03
11.5	5.99E-03
11.5	5.99E-03
11.5	5.99E-03
11.5	5.98E-03
11.5	5.98E-03
11.5	5.98E-03
11.51	5.98E-03
11.51	5.98E-03
11.51	5.98E-03
11.51	5.98E-03
11.51	5.98E-03
11.51	5.98E-03
11.51	5.98E-03
11.51	5.98E-03
11.51	5.98E-03
11.51	5.97E-03
11.51	5.97E-03
11.51	5.97E-03
11.51	5.97E-03
11.51	5.97E-03
11.51	5.97E-03
11.51	5.97E-03
11.51	5.97E-03
11.51	5.97E-03
11.51	5.97E-03
11.51	5.97E-03
11.52	5.97E-03
11.52	5.96E-03
11.52	5.96E-03
11.52	5.96E-03
11.52	5.96E-03
11.52	5.96E-03
11.52	5.96E-03
11.52	5.96E-03
11.52	5.96E-03
11.52	5.96E-03
11.52	5.96E-03
11.52	5.96E-03
11.52	5.96E-03
11.52	5.95E-03
11.52	5.95E-03
11.52	5.95E-03
11.52	5.95E-03
11.52	5.95E-03
11.52	5.95E-03
11.52	5.95E-03
11.52	5.95E-03
11.53	5.95E-03
11.53	5.95E-03
11.53	5.95E-03
11.53	5.95E-03
11.53	5.94E-03
11.53	5.94E-03
11.53	5.94E-03
11.53	5.94E-03
11.53	5.94E-03
11.53	5.94E-03
11.53	5.94E-03
11.53	5.94E-03
11.53	5.94E-03
11.53	5.94E-03
11.53	5.94E-03
11.53	5.94E-03
11.53	5.94E-03
11.53	5.93E-03
11.53	5.93E-03
11.53	5.93E-03
11.54	5.93E-03
11.54	5.93E-03
11.54	5.93E-03
11.54	5.93E-03
11.54	5.93E-03
11.54	5.93E-03
11.54	5.93E-03
11.54	5.93E-03
11.54	5.93E-03
11.54	5.92E-03
11.54	5.92E-03
11.54	5.92E-03
11.54	5.92E-03
11.54	5.92E-03
11.54	5.92E-03
11.54	5.92E-03
11.54	5.92E-03
11.54	5.92E-03
11.54	5.92E-03
11.55	5.92E-03
11.55	5.92E-03
11.55	5.91E-03
11.55	5.91E-03
11.55	5.91E-03
11.55	5.91E-03
11.55	5.91E-03
11.55	5.91E-03
11.55	5.91E-03
11.55	5.91E-03
11.55	5.91E-03
11.55	5.91E-03
11.55	5.91E-03
11.55	5.91E-03
11.55	5.91E-03
11.55	5.90E-03
11.55	5.90E-03
11.55	5.90E-03
11.55	5.90E-03
11.55	5.90E-03
11.56	5.90E-03
11.56	5.90E-03
11.56	5.90E-03
11.56	5.90E-03
11.56	5.90E-03
11.56	5.90E-03
11.56	5.90E-03
11.56	5.89E-03
11.56	5.89E-03
11.56	5.89E-03
11.56	5.89E-03
11.56	5.89E-03
11.56	5.89E-03
11.56	5.89E-03
11.56	5.89E-03
11.56	5.89E-03
11.56	5.89E-03
11.56	5.89E-03
11.56	5.89E-03
11.56	5.89E-03
11.56	5.88E-03
11.57	5.88E-03
11.57	5.88E-03
11.57	5.88E-03
11.57	5.88E-03
11.57	5.88E-03
11.57	5.88E-03
11.57	5.88E-03
11.57	5.88E-03
11.57	5.88E-03
11.57	5.88E-03
11.57	5.88E-03
11.57	5.87E-03
11.57	5.87E-03
11.57	5.87E-03
11.57	5.87E-03
11.57	5.87E-03
11.57	5.87E-03
11.57	5.87E-03
11.57	5.87E-03
11.57	5.87E-03
11.58	5.87E-03
11.58	5.87E-03
11.58	5.87E-03
11.58	5.87E-03
11.58	5.87E-03
11.58	5.86E-03
11.58	5.86E-03
11.58	5.86E-03
11.58	5.86E-03
11.58	5.86E-03
11.58	5.86E-03
11.58	5.86E-03
11.58	5.86E-03
11.58	5.86E-03
11.58	5.86E-03
11.58	5.86E-03
11.58	5.86E-03
11.58	5.86E-03
11.58	5.86E-03
11.59	5.86E-03
11.59	5.87E-03
11.59	5.87E-03
11.59	5.87E-03
11.59	5.87E-03
11.59	5.87E-03
11.59	5.87E-03
11.59	5.87E-03
11.59	5.87E-03
11.59	5.87E-03
11.59	5.87E-03
11.59	5.88E-03
11.59	5.88E-03
11.59	5.88E-03
11.59	5.88E-03
11.59	5.88E-03
11.59	5.88E-03
11.59	5.89E-03
11.59	5.89E-03
11.59	5.89E-03
11.6	5.89E-03
11.6	5.89E-03
11.6	5.90E-03
11.6	5.90E-03
11.6	5.90E-03
11.6	5.90E-03
11.6	5.91E-03
11.6	5.91E-03
11.6	5.91E-03
11.6	5.92E-03
11.6	5.92E-03
11.6	5.92E-03
11.6	5.93E-03
11.6	5.93E-03
11.6	5.93E-03
11.6	5.94E-03
11.6	5.94E-03
11.6	5.94E-03
11.6	5.95E-03
11.6	5.95E-03
11.6	5.95E-03
11.61	5.96E-03
11.61	5.96E-03
11.61	5.97E-03
11.61	5.97E-03
11.61	5.97E-03
11.61	5.98E-03
11.61	5.98E-03
11.61	5.99E-03
11.61	5.99E-03
11.61	5.99E-03
11.61	6.00E-03
11.61	6.00E-03
11.61	6.01E-03
11.61	6.01E-03
11.61	6.01E-03
11.61	6.02E-03
11.61	6.02E-03
11.61	6.02E-03
11.61	6.03E-03
11.61	6.03E-03
11.62	6.04E-03
11.62	6.04E-03
11.62	6.04E-03
11.62	6.05E-03
11.62	6.05E-03
11.62	6.05E-03
11.62	6.06E-03
11.62	6.06E-03
11.62	6.07E-03
11.62	6.07E-03
11.62	6.07E-03
11.62	6.08E-03
11.62	6.08E-03
11.62	6.08E-03
11.62	6.09E-03
11.62	6.09E-03
11.62	6.09E-03
11.62	6.10E-03
11.62	6.10E-03
11.62	0
11.63	0
11.63	0
11.63	0
11.63	0
11.63	0
11.63	0
11.63	0
11.63	0
11.63	0
11.63	0
11.63	0
11.63	0
11.63	0
11.63	0
11.63	0
11.63	0
11.63	0
11.63	0
11.63	0
11.64	0
11.64	0
11.64	0
11.64	0
11.64	0
11.64	0
11.64	0
11.64	0
11.64	0
11.64	0
11.64	0
11.64	0
11.64	0
11.64	0
11.64	0
11.64	0
11.64	0
11.64	0
11.64	0
11.64	0
11.65	0
11.65	0
11.65	0
11.65	0
11.65	0
11.65	0
11.65	0
11.65	0
11.65	0
11.65	0
11.65	0
11.65	0
11.65	0
11.65	0
11.65	0
11.65	0
11.65	0
11.65	0
11.65	0
11.65	0
11.65	0
11.66	0
11.66	0
11.66	0
11.66	0
11.66	0
11.66	0
11.66	0
11.66	0
11.66	0
11.66	0
11.66	0
11.66	0
11.66	0
11.66	0
11.66	0
11.66	0
11.66	0
11.66	0
11.66	0
11.66	0
11.67	0
11.67	0
11.67	0
11.67	0
11.67	0
11.67	0
11.67	0
11.67	0
11.67	0
11.67	0
11.67	0
11.67	0
11.67	0
11.67	0
11.67	0
11.67	0
11.67	0
11.67	0
11.67	0
11.68	0
11.68	0
11.68	0
11.68	0
11.68	0
11.68	0
11.68	0
11.68	0
11.68	0
11.68	0
11.68	0
11.68	0
11.68	0
11.68	0
11.68	0
11.68	0
11.68	0
11.68	0
11.68	0
11.68	0
11.69	0
11.69	0
11.69	0
11.69	0
11.69	0
11.69	0
11.69	0
11.69	0
11.69	0
11.69	0
11.69	0
11.69	0
11.69	0
11.69	0
11.69	0
11.69	0
11.69	0
11.69	0
11.69	0
11.69	0
11.69	0
11.7	0
11.7	0
11.7	0
11.7	0
11.7	0
11.7	0
11.7	0
11.7	0
11.7	0
11.7	0
11.7	0
11.7	0
11.7	0
11.7	0
11.7	0
11.7	0
11.7	0
11.7	0
11.7	0
11.7	0
11.71	0
11.71	0
11.71	0
11.71	0
11.71	0
11.71	0
11.71	0
11.71	0
11.71	0
11.71	0
11.71	0
11.71	0
11.71	0
11.71	0
11.71	0
11.71	0
11.71	0
11.71	0
11.71	1
11.72	1
11.72	1
11.72	1
11.72	1
11.72	1
11.72	1
11.72	1
11.72	1
11.72	1
11.72	1
11.72	1
11.72	1
11.72	1
11.72	1
11.72	1
11.72	1
11.72	1
11.72	1
11.72	1
11.72	1
11.73	1
11.73	1
11.73	1
11.73	1
11.73	1
11.73	1
11.73	1
11.73	1
11.73	1
11.73	1
11.73	1
11.73	1
11.73	1
11.73	1
11.73	1
11.73	1
11.73	1
11.73	1
11.73	1
11.73	1
11.73	1
11.74	1
11.74	1
11.74	1
11.74	1
11.74	1
11.74	1
11.74	1
11.74	1
11.74	1
11.74	1
11.74	1
11.74	1
11.74	1
11.74	1
11.74	1
11.74	1
11.74	1
11.74	1
11.74	1
11.74	1
11.75	1
11.75	1
11.75	1
11.75	1
11.75	1
11.75	1
11.75	1
11.75	1
11.75	1
11.75	1
11.75	1
11.75	1
11.75	1
11.75	1
11.75	1
11.75	1
11.75	1
11.75	1
11.75	1
11.76	1
11.76	1
11.76	1
11.76	1
11.76	1
11.76	1
11.76	1
11.76	1
11.76	1
11.76	1
11.76	1
11.76	1
11.76	1
11.76	1
11.76	1
11.76	1
11.76	1
11.76	1
11.76	1
11.76	1
11.77	1
11.77	1
11.77	1
11.77	1
11.77	1
11.77	1
11.77	1
11.77	1
11.77	1
11.77	1
11.77	1
11.77	1
11.77	1
11.77	1
11.77	1
11.77	1
11.77	1
11.77	1
11.77	1
11.77	1
11.77	1
11.78	1
11.78	1
11.78	1
11.78	1
11.78	1
11.78	1
11.78	1
11.78	1
11.78	1
11.78	1
11.78	1
11.78	1
11.78	1
11.78	1
11.78	1
11.78	1
11.78	1
11.78	1
11.78	1
11.78	1
11.79	1
11.79	1
11.79	1
11.79	1
11.79	1
11.79	1
11.79	1
11.79	1
11.79	1
11.79	1
11.79	1
11.79	1
11.79	1
11.79	1
11.79	1
11.79	1
11.79	1
11.79	1
11.79	1
11.8	1
11.8	1
11.8	1
11.8	1
11.8	1
11.8	1
11.8	1
11.8	1
11.8	1
11.8	1
11.8	1
11.8	1
11.8	1
11.8	1
11.8	1
11.8	1
11.8	1
11.8	1
11.8	1
11.8	1
11.81	1
11.81	1
11.81	1
11.81	1
11.81	1
11.81	1
11.81	1
11.81	1
11.81	1
11.81	1
11.81	1
11.81	1
11.81	1
11.81	1
11.81	1
11.81	1
11.81	1
11.81	1
11.81	1
11.81	1
11.81	1
11.82	1
11.82	1
11.82	1
11.82	1
11.82	1
11.82	1
11.82	1
11.82	1
11.82	1
11.82	1
11.82	1
11.82	1
11.82	1
11.82	1
11.82	1
11.82	1
11.82	1
11.82	1
11.82	1
11.82	1
11.83	1
11.83	1
11.83	1
11.83	1
11.83	1
11.83	1
11.83	1
11.83	1
11.83	1
11.83	1
11.83	1
11.83	1
11.83	1
11.83	1
11.83	1
11.83	1
11.83	1
11.83	1
11.83	1
11.84	1
11.84	1
11.84	1
11.84	1
11.84	1
11.84	1
11.84	1
11.84	1
11.84	1
11.84	1
11.84	1
11.84	1
11.84	1
11.84	1
11.84	1
11.84	1
11.84	1
11.84	1
11.84	1
11.84	1
11.85	1
11.85	1
11.85	1
11.85	1
11.85	1
11.85	1
11.85	1
11.85	1
11.85	1
11.85	1
11.85	1
11.85	1
11.85	1
11.85	1
11.85	1
11.85	1
11.85	1
11.85	1
11.85	1
11.85	1
11.85	1
11.86	1
11.86	1
11.86	1
11.86	1
11.86	1
11.86	1
11.86	1
11.86	1
11.86	1
11.86	1
11.86	1
11.86	1
11.86	1
11.86	1
11.86	1
11.86	1
11.86	1
11.86	1
11.86	1
11.86	1
11.87	1
11.87	1
11.87	1
11.87	1
11.87	1
11.87	1
11.87	1
11.87	1
11.87	1
11.87	1
11.87	1
11.87	1
11.87	1
11.87	1
11.87	1
11.87	1
11.87	1
11.87	1
11.87	1
11.88	1
11.88	1
11.88	1
11.88	1
11.88	1
11.88	1
11.88	1
11.88	1
11.88	1
11.88	1
11.88	9.91E-01
11.88	9.81E-01
11.88	9.72E-01
11.88	9.63E-01
11.88	9.54E-01
11.88	9.45E-01
11.88	9.36E-01
11.88	9.27E-01
11.88	9.19E-01
11.88	9.10E-01
11.89	9.02E-01
11.89	8.93E-01
11.89	8.85E-01
11.89	8.77E-01
11.89	8.69E-01
11.89	8.61E-01
11.89	8.53E-01
11.89	8.45E-01
11.89	8.38E-01
11.89	8.30E-01
11.89	8.23E-01
11.89	8.15E-01
11.89	8.08E-01
11.89	8.01E-01
11.89	7.93E-01
11.89	7.86E-01
11.89	7.79E-01
11.89	7.72E-01
11.89	7.66E-01
11.89	7.59E-01
11.9	7.52E-01
11.9	7.46E-01
11.9	7.39E-01
11.9	7.33E-01
11.9	7.26E-01
11.9	7.20E-01
11.9	7.14E-01
11.9	7.07E-01
11.9	7.01E-01
11.9	6.95E-01
11.9	6.89E-01
11.9	6.83E-01
11.9	6.78E-01
11.9	6.72E-01
11.9	6.66E-01
11.9	6.61E-01
11.9	6.55E-01
11.9	6.49E-01
11.9	6.44E-01
11.9	6.39E-01
11.9	6.33E-01
11.91	6.28E-01
11.91	6.23E-01
11.91	6.17E-01
11.91	6.12E-01
11.91	6.07E-01
11.91	6.02E-01
11.91	5.97E-01
11.91	5.92E-01
11.91	5.88E-01
11.91	5.83E-01
11.91	5.78E-01
11.91	5.73E-01
11.91	5.69E-01
11.91	5.64E-01
11.91	5.59E-01
11.91	5.55E-01
11.91	5.50E-01
11.91	5.46E-01
11.91	5.42E-01
11.91	5.37E-01
11.92	5.33E-01
11.92	5.29E-01
11.92	5.25E-01
11.92	5.20E-01
11.92	5.16E-01
11.92	5.12E-01
11.92	5.08E-01
11.92	5.04E-01
11.92	5.00E-01
11.92	4.96E-01
11.92	4.93E-01
11.92	4.89E-01
11.92	4.85E-01
11.92	4.81E-01
11.92	4.77E-01
11.92	4.74E-01
11.92	4.70E-01
11.92	4.67E-01
11.92	4.63E-01
11.93	4.59E-01
11.93	4.56E-01
11.93	4.53E-01
11.93	4.49E-01
11.93	4.46E-01
11.93	4.42E-01
11.93	4.39E-01
11.93	4.36E-01
11.93	4.32E-01
11.93	4.29E-01
11.93	4.26E-01
11.93	4.23E-01
11.93	4.20E-01
11.93	4.17E-01
11.93	4.14E-01
11.93	4.10E-01
11.93	4.07E-01
11.93	4.04E-01
11.93	4.02E-01
11.93	3.99E-01
11.94	3.96E-01
11.94	3.93E-01
11.94	3.90E-01
11.94	3.87E-01
11.94	3.84E-01
11.94	3.82E-01
11.94	3.79E-01
11.94	3.76E-01
11.94	3.73E-01
11.94	3.71E-01
11.94	3.68E-01
11.94	3.65E-01
11.94	3.63E-01
11.94	3.60E-01
11.94	3.58E-01
11.94	3.55E-01
11.94	3.53E-01
11.94	3.50E-01
11.94	3.48E-01
11.94	3.45E-01
11.94	3.43E-01
11.95	3.41E-01
11.95	3.38E-01
11.95	3.36E-01
11.95	3.34E-01
11.95	3.31E-01
11.95	3.29E-01
11.95	3.27E-01
11.95	3.24E-01
11.95	3.22E-01
11.95	3.20E-01
11.95	3.18E-01
11.95	3.16E-01
11.95	3.14E-01
11.95	3.11E-01
11.95	3.09E-01
11.95	3.07E-01
11.95	3.05E-01
11.95	3.03E-01
11.95	3.01E-01
11.95	2.99E-01
11.96	2.97E-01
11.96	2.95E-01
11.96	2.93E-01
11.96	2.91E-01
11.96	2.89E-01
11.96	2.87E-01
11.96	2.86E-01
11.96	2.84E-01
11.96	2.82E-01
11.96	2.80E-01
11.96	2.78E-01
11.96	2.76E-01
11.96	2.74E-01
11.96	2.73E-01
11.96	2.71E-01
11.96	2.69E-01
11.96	2.67E-01
11.96	2.66E-01
11.96	2.64E-01
11.97	2.62E-01
11.97	2.61E-01
11.97	2.59E-01
11.97	2.57E-01
11.97	2.56E-01
11.97	2.54E-01
11.97	2.52E-01
11.97	2.51E-01
11.97	2.49E-01
11.97	2.48E-01
11.97	2.46E-01
11.97	2.45E-01
11.97	2.43E-01
11.97	2.42E-01
11.97	2.40E-01
11.97	2.39E-01
11.97	2.37E-01
11.97	2.36E-01
11.97	2.34E-01
11.97	2.33E-01
11.98	2.31E-01
11.98	2.30E-01
11.98	2.29E-01
11.98	2.27E-01
11.98	2.26E-01
11.98	2.24E-01
11.98	2.23E-01
11.98	2.22E-01
11.98	2.20E-01
11.98	2.19E-01
11.98	2.18E-01
11.98	2.16E-01
11.98	2.15E-01
11.98	2.14E-01
11.98	2.13E-01
11.98	2.11E-01
11.98	2.10E-01
11.98	2.09E-01
11.98	2.07E-01
11.98	2.06E-01
11.98	2.05E-01
11.99	2.04E-01
11.99	2.03E-01
11.99	2.01E-01
11.99	2.00E-01
11.99	1.99E-01
11.99	1.98E-01
11.99	1.97E-01
11.99	1.96E-01
11.99	1.95E-01
11.99	1.93E-01
11.99	1.92E-01
11.99	1.91E-01
11.99	1.90E-01
11.99	1.89E-01
11.99	1.88E-01
11.99	1.87E-01
11.99	1.86E-01
11.99	1.85E-01
11.99	1.84E-01
11.99	1.83E-01
12	1.82E-01
12	1.81E-01
12	1.80E-01
12	1.79E-01
12	1.78E-01
12	1.77E-01
12	1.76E-01
12	1.75E-01
12	1.74E-01
12	1.73E-01
12	1.72E-01
12	1.71E-01
12	1.70E-01
12	1.69E-01
12	1.68E-01
12	1.67E-01
12	1.66E-01
12	1.65E-01
12	1.64E-01
12.01	1.63E-01
12.01	1.62E-01
12.01	1.62E-01
12.01	1.61E-01
12.01	1.60E-01
12.01	1.59E-01
12.01	1.58E-01
12.01	1.57E-01
12.01	1.56E-01
12.01	1.56E-01
12.01	1.55E-01
12.01	1.54E-01
12.01	1.53E-01
12.01	1.52E-01
12.01	1.51E-01
12.01	1.51E-01
12.01	1.50E-01
12.01	1.49E-01
12.01	1.48E-01
12.01	1.48E-01
12.02	1.47E-01
12.02	1.46E-01
12.02	1.45E-01
12.02	1.44E-01
12.02	1.44E-01
12.02	1.43E-01
12.02	1.42E-01
12.02	1.41E-01
12.02	1.41E-01
12.02	1.40E-01
12.02	1.39E-01
12.02	1.39E-01
12.02	1.38E-01
12.02	1.37E-01
12.02	1.36E-01
12.02	1.36E-01
12.02	1.35E-01
12.02	1.34E-01
12.02	1.34E-01
12.02	1.33E-01
12.02	1.32E-01
12.03	1.32E-01
12.03	1.31E-01
12.03	1.30E-01
12.03	1.30E-01
12.03	1.29E-01
12.03	1.28E-01
12.03	1.28E-01
12.03	1.27E-01
12.03	1.26E-01
12.03	1.26E-01
12.03	1.25E-01
12.03	1.25E-01
12.03	1.24E-01
12.03	1.23E-01
12.03	1.23E-01
12.03	1.22E-01
12.03	1.22E-01
12.03	1.21E-01
12.03	1.20E-01
12.03	1.20E-01
12.04	1.19E-01
12.04	1.19E-01
12.04	1.18E-01
12.04	1.18E-01
12.04	1.17E-01
12.04	1.16E-01
12.04	1.16E-01
12.04	1.15E-01
12.04	1.15E-01
12.04	1.14E-01
12.04	1.14E-01
12.04	1.13E-01
12.04	1.13E-01
12.04	1.12E-01
12.04	1.11E-01
12.04	1.11E-01
12.04	1.10E-01
12.04	1.10E-01
12.04	1.09E-01
12.05	1.09E-01
12.05	1.08E-01
12.05	1.08E-01
12.05	1.07E-01
12.05	1.07E-01
12.05	1.06E-01
12.05	1.06E-01
12.05	1.05E-01
12.05	1.05E-01
12.05	1.04E-01
12.05	1.04E-01
12.05	1.03E-01
12.05	1.03E-01
12.05	1.02E-01
12.05	1.02E-01
12.05	1.02E-01
12.05	1.01E-01
12.05	1.01E-01
12.05	1.00E-01
12.05	9.97E-02
12.06	9.92E-02
12.06	9.88E-02
12.06	9.83E-02
12.06	9.79E-02
12.06	9.74E-02
12.06	9.70E-02
12.06	9.66E-02
12.06	9.61E-02
12.06	9.57E-02
12.06	9.53E-02
12.06	9.49E-02
12.06	9.44E-02
12.06	9.40E-02
12.06	9.36E-02
12.06	9.32E-02
12.06	9.28E-02
12.06	9.24E-02
12.06	9.20E-02
12.06	9.16E-02
12.06	9.12E-02
12.06	9.08E-02
12.07	9.04E-02
12.07	9.00E-02
12.07	8.96E-02
12.07	8.92E-02
12.07	8.88E-02
12.07	8.84E-02
12.07	8.80E-02
12.07	8.77E-02
12.07	8.73E-02
12.07	8.69E-02
12.07	8.65E-02
12.07	8.62E-02
12.07	8.58E-02
12.07	8.54E-02
12.07	8.51E-02
12.07	8.47E-02
12.07	8.44E-02
12.07	8.40E-02
12.07	8.36E-02
12.07	8.33E-02
12.08	8.29E-02
12.08	8.26E-02
12.08	8.22E-02
12.08	8.19E-02
12.08	8.16E-02
12.08	8.12E-02
12.08	8.09E-02
12.08	8.05E-02
12.08	8.02E-02
12.08	7.99E-02
12.08	7.95E-02
12.08	7.92E-02
12.08	7.89E-02
12.08	7.86E-02
12.08	7.82E-02
12.08	7.79E-02
12.08	7.76E-02
12.08	7.73E-02
12.08	7.70E-02
12.09	7.67E-02
12.09	7.63E-02
12.09	7.60E-02
12.09	7.57E-02
12.09	7.54E-02
12.09	7.51E-02
12.09	7.48E-02
12.09	7.45E-02
12.09	7.42E-02
12.09	7.39E-02
12.09	7.36E-02
12.09	7.33E-02
12.09	7.30E-02
12.09	7.27E-02
12.09	7.25E-02
12.09	7.22E-02
12.09	7.19E-02
12.09	7.16E-02
12.09	7.13E-02
12.09	7.10E-02
12.1	7.08E-02
12.1	7.05E-02
12.1	7.02E-02
12.1	6.99E-02
12.1	6.97E-02
12.1	6.94E-02
12.1	6.91E-02
12.1	6.88E-02
12.1	6.86E-02
12.1	6.83E-02
12.1	6.80E-02
12.1	6.78E-02
12.1	6.75E-02
12.1	6.73E-02
12.1	6.70E-02
12.1	6.67E-02
12.1	6.65E-02
12.1	6.62E-02
12.1	6.60E-02
12.1	6.57E-02
12.1	6.55E-02
12.11	6.52E-02
12.11	6.50E-02
12.11	6.47E-02
12.11	6.45E-02
12.11	6.43E-02
12.11	6.40E-02
12.11	6.38E-02
12.11	6.35E-02
12.11	6.33E-02
12.11	6.31E-02
12.11	6.28E-02
12.11	6.26E-02
12.11	6.24E-02
12.11	6.21E-02
12.11	6.19E-02
12.11	6.17E-02
12.11	6.14E-02
12.11	6.12E-02
12.11	6.10E-02
12.11	6.08E-02
12.12	6.05E-02
12.12	6.03E-02
12.12	6.01E-02
12.12	5.99E-02
12.12	5.96E-02
12.12	5.94E-02
12.12	5.92E-02
12.12	5.90E-02
12.12	5.88E-02
12.12	5.86E-02
12.12	5.84E-02
12.12	5.82E-02
12.12	5.79E-02
12.12	5.77E-02
12.12	5.75E-02
12.12	5.73E-02
12.12	5.71E-02
12.12	5.69E-02
12.12	5.67E-02
12.12	5.65E-02
12.13	5.63E-02
12.13	5.61E-02
12.13	5.59E-02
12.13	5.57E-02
12.13	5.55E-02
12.13	5.53E-02
12.13	5.51E-02
12.13	5.49E-02
12.13	5.47E-02
12.13	5.45E-02
12.13	5.43E-02
12.13	5.42E-02
12.13	5.40E-02
12.13	5.38E-02
12.13	5.36E-02
12.13	5.34E-02
12.13	5.32E-02
12.13	5.30E-02
12.13	5.29E-02
12.14	5.27E-02
12.14	5.25E-02
12.14	5.23E-02
12.14	5.21E-02
12.14	5.20E-02
12.14	5.18E-02
12.14	5.16E-02
12.14	5.14E-02
12.14	5.12E-02
12.14	5.11E-02
12.14	5.09E-02
12.14	5.07E-02
12.14	5.06E-02
12.14	5.04E-02
12.14	5.02E-02
12.14	5.00E-02
12.14	4.99E-02
12.14	4.97E-02
12.14	4.95E-02
12.14	4.94E-02
12.15	4.92E-02
12.15	4.90E-02
12.15	4.89E-02
12.15	4.87E-02
12.15	4.86E-02
12.15	4.84E-02
12.15	4.82E-02
12.15	4.81E-02
12.15	4.79E-02
12.15	4.78E-02
12.15	4.76E-02
12.15	4.74E-02
12.15	4.73E-02
12.15	4.71E-02
12.15	4.70E-02
12.15	4.68E-02
12.15	4.67E-02
12.15	4.65E-02
12.15	4.64E-02
12.15	4.62E-02
12.15	4.61E-02
12.16	4.59E-02
12.16	4.58E-02
12.16	4.56E-02
12.16	4.55E-02
12.16	4.53E-02
12.16	4.52E-02
12.16	4.50E-02
12.16	4.49E-02
12.16	4.47E-02
12.16	4.46E-02
12.16	4.45E-02
12.16	4.43E-02
12.16	4.42E-02
12.16	4.40E-02
12.16	4.39E-02
12.16	4.38E-02
12.16	4.36E-02
12.16	4.35E-02
12.16	4.33E-02
12.16	4.32E-02
12.17	4.31E-02
12.17	4.29E-02
12.17	4.28E-02
12.17	4.27E-02
12.17	4.25E-02
12.17	4.24E-02
12.17	4.23E-02
12.17	4.21E-02
12.17	4.20E-02
12.17	4.19E-02
12.17	4.17E-02
12.17	4.16E-02
12.17	4.15E-02
12.17	4.14E-02
12.17	4.12E-02
12.17	4.11E-02
12.17	4.10E-02
12.17	4.09E-02
12.17	4.09E-02
12.18	4.09E-02
12.18	4.09E-02
12.18	4.09E-02
12.18	4.09E-02
12.18	4.09E-02
12.18	4.09E-02
12.18	4.09E-02
12.18	4.09E-02
12.18	4.09E-02
12.18	4.09E-02
12.18	4.09E-02
12.18	4.09E-02
12.18	4.09E-02
12.18	4.09E-02
12.18	4.09E-02
12.18	4.09E-02
12.18	4.09E-02
12.18	4.09E-02
12.18	4.09E-02
12.18	4.09E-02
12.19	4.09E-02
12.19	4.09E-02
12.19	4.09E-02
12.19	4.09E-02
12.19	4.09E-02
12.19	4.09E-02
12.19	4.09E-02
12.19	4.09E-02
12.19	4.09E-02
12.19	4.09E-02
12.19	4.09E-02
12.19	4.09E-02
12.19	4.09E-02
12.19	4.09E-02
12.19	4.09E-02
12.19	4.09E-02
12.19	4.09E-02
12.19	4.09E-02
12.19	4.09E-02
12.19	4.09E-02
12.19	4.09E-02
12.2	4.09E-02
12.2	4.09E-02
12.2	4.09E-02
12.2	4.09E-02
12.2	4.09E-02
12.2	4.09E-02
12.2	4.09E-02
12.2	4.09E-02
12.2	4.09E-02
12.2	4.09E-02
12.2	4.09E-02
12.2	4.09E-02
12.2	4.09E-02
12.2	4.09E-02
12.2	4.09E-02
12.2	4.09E-02
12.2	4.09E-02
12.2	4.09E-02
12.2	4.09E-02
12.2	4.09E-02
12.21	4.09E-02
12.21	4.09E-02
12.21	4.09E-02
12.21	4.09E-02
12.21	4.09E-02
12.21	4.09E-02
12.21	4.09E-02
12.21	4.09E-02
12.21	4.09E-02
12.21	4.09E-02
12.21	4.09E-02
12.21	4.09E-02
12.21	4.09E-02
12.21	4.09E-02
12.21	4.09E-02
12.21	4.09E-02
12.21	4.09E-02
12.21	4.09E-02
12.21	4.09E-02
12.22	4.09E-02
12.22	4.09E-02
12.22	4.09E-02
12.22	4.09E-02
12.22	4.09E-02
12.22	4.09E-02
12.22	4.09E-02
12.22	4.09E-02
12.22	4.09E-02
12.22	4.09E-02
12.22	4.09E-02
12.22	4.09E-02
12.22	4.09E-02
12.22	4.09E-02
12.22	4.09E-02
12.22	4.09E-02
12.22	4.09E-02
12.22	4.09E-02
12.22	4.09E-02
12.22	4.09E-02
12.23	4.09E-02
12.23	4.09E-02
12.23	4.09E-02
12.23	4.09E-02
12.23	4.09E-02
12.23	4.09E-02
12.23	4.09E-02
12.23	4.09E-02
12.23	4.09E-02
12.23	4.09E-02
12.23	4.09E-02
12.23	4.09E-02
12.23	4.09E-02
12.23	4.09E-02
12.23	4.09E-02
12.23	4.09E-02
12.23	4.09E-02
12.23	4.09E-02
12.23	4.09E-02
12.23	4.09E-02
12.23	4.09E-02
12.24	4.09E-02
12.24	4.09E-02
12.24	4.09E-02
12.24	4.09E-02
12.24	4.09E-02
12.24	4.09E-02
12.24	4.09E-02
12.24	4.09E-02
12.24	4.09E-02
12.24	4.09E-02
12.24	4.09E-02
12.24	4.09E-02
12.24	4.09E-02
12.24	4.09E-02
12.24	4.09E-02
12.24	4.09E-02
12.24	4.09E-02
12.24	4.09E-02
12.24	4.09E-02
12.24	4.09E-02
12.25	4.09E-02
12.25	4.09E-02
12.25	4.09E-02
12.25	4.09E-02
12.25	4.09E-02
12.25	4.09E-02
12.25	4.09E-02
12.25	4.09E-02
12.25	4.09E-02
12.25	4.09E-02
12.25	4.09E-02
12.25	4.09E-02
12.25	4.09E-02
12.25	4.09E-02
12.25	4.09E-02
12.25	4.09E-02
12.25	4.09E-02
12.25	4.09E-02
12.25	4.09E-02
12.26	4.09E-02
12.26	4.09E-02
12.26	4.09E-02
12.26	4.09E-02
12.26	4.09E-02
12.26	4.09E-02
12.26	4.09E-02
12.26	4.09E-02
12.26	4.09E-02
12.26	4.09E-02
12.26	4.09E-02
12.26	4.09E-02
12.26	4.09E-02
12.26	4.09E-02
12.26	4.09E-02
12.26	4.09E-02
12.26	4.09E-02
12.26	4.09E-02
12.26	4.09E-02
12.26	4.09E-02
12.27	4.09E-02
12.27	4.09E-02
12.27	4.09E-02
12.27	4.09E-02
12.27	4.09E-02
12.27	4.09E-02
12.27	4.09E-02
12.27	4.09E-02
12.27	4.09E-02
12.27	4.09E-02
12.27	4.09E-02
12.27	4.09E-02
12.27	4.09E-02
12.27	4.09E-02
12.27	4.09E-02
12.27	4.09E-02
12.27	4.09E-02
12.27	4.09E-02
12.27	4.09E-02
12.27	4.09E-02
12.27	4.09E-02
12.28	4.09E-02
12.28	4.09E-02
12.28	4.09E-02
12.28	4.09E-02
12.28	4.09E-02
12.28	4.09E-02
12.28	4.09E-02
12.28	4.09E-02
12.28	4.09E-02
12.28	4.09E-02
12.28	4.09E-02
12.28	4.09E-02
12.28	4.09E-02
12.28	4.09E-02
12.28	4.09E-02
12.28	4.09E-02
12.28	4.09E-02
12.28	4.09E-02
12.28	4.09E-02
12.28	4.09E-02
12.29	4.09E-02
12.29	4.09E-02
12.29	4.09E-02
12.29	4.09E-02
12.29	4.09E-02
12.29	4.09E-02
12.29	4.09E-02
12.29	4.09E-02
12.29	4.09E-02
12.29	4.09E-02
12.29	4.09E-02
12.29	4.09E-02
12.29	4.09E-02
12.29	4.09E-02
12.29	4.09E-02
12.29	4.09E-02
12.29	4.09E-02
12.29	4.09E-02
12.29	4.09E-02
12.3	4.09E-02
12.3	4.09E-02
12.3	4.09E-02
12.3	4.09E-02
12.3	4.09E-02
12.3	4.09E-02
12.3	4.09E-02
12.3	4.09E-02
12.3	4.09E-02
12.3	4.09E-02
12.3	4.09E-02
12.3	4.09E-02
12.3	4.09E-02
12.3	4.09E-02
12.3	4.09E-02
12.3	4.09E-02
12.3	4.09E-02
12.3	4.09E-02
12.3	4.09E-02
12.3	4.09E-02
12.31	4.09E-02
12.31	4.09E-02
12.31	4.08E-02
12.31	4.08E-02
12.31	4.08E-02
12.31	4.08E-02
12.31	4.08E-02
12.31	4.08E-02
12.31	4.08E-02
12.31	4.08E-02
12.31	4.08E-02
12.31	4.08E-02
12.31	4.08E-02
12.31	4.08E-02
12.31	4.08E-02
12.31	4.08E-02
12.31	4.08E-02
12.31	4.08E-02
12.31	4.08E-02
12.31	4.08E-02
12.31	4.08E-02
12.32	4.08E-02
12.32	4.08E-02
12.32	4.08E-02
12.32	4.08E-02
12.32	4.08E-02
12.32	4.08E-02
12.32	4.08E-02
12.32	4.08E-02
12.32	4.08E-02
12.32	4.08E-02
12.32	4.08E-02
12.32	4.08E-02
12.32	4.08E-02
12.32	4.08E-02
12.32	4.08E-02
12.32	4.08E-02
12.32	4.08E-02
12.32	4.08E-02
12.32	4.08E-02
12.32	4.08E-02
12.33	4.08E-02
12.33	4.08E-02
12.33	4.08E-02
12.33	4.08E-02
12.33	4.08E-02
12.33	4.08E-02
12.33	4.08E-02
12.33	4.08E-02
12.33	4.08E-02
12.33	4.08E-02
12.33	4.08E-02
12.33	4.08E-02
12.33	4.08E-02
12.33	4.08E-02
12.33	4.08E-02
12.33	4.08E-02
12.33	4.08E-02
12.33	4.08E-02
12.33	4.08E-02
12.34	4.08E-02
12.34	4.08E-02
12.34	4.08E-02
12.34	4.08E-02
12.34	4.08E-02
12.34	4.08E-02
12.34	4.08E-02
12.34	4.08E-02
12.34	4.08E-02
12.34	4.08E-02
12.34	4.08E-02
12.34	4.08E-02
12.34	4.08E-02
12.34	4.08E-02
12.34	4.08E-02
12.34	4.08E-02
12.34	4.08E-02
12.34	4.08E-02
12.34	4.08E-02
12.34	4.08E-02
12.35	4.08E-02
12.35	4.08E-02
12.35	4.08E-02
12.35	4.08E-02
12.35	4.08E-02
12.35	4.08E-02
12.35	4.08E-02
12.35	4.08E-02
12.35	4.08E-02
12.35	4.08E-02
12.35	4.08E-02
12.35	4.08E-02
12.35	4.08E-02
12.35	4.08E-02
12.35	4.08E-02
12.35	4.08E-02
12.35	4.08E-02
12.35	4.08E-02
12.35	4.08E-02
12.35	4.08E-02
12.35	4.08E-02
12.36	4.08E-02
12.36	4.08E-02
12.36	4.08E-02
12.36	4.08E-02
12.36	4.08E-02
12.36	4.08E-02
12.36	4.08E-02
12.36	4.08E-02
12.36	4.08E-02
12.36	4.08E-02
12.36	4.08E-02
12.36	4.08E-02
12.36	4.08E-02
12.36	4.08E-02
12.36	4.08E-02
12.36	4.08E-02
12.36	4.08E-02
12.36	4.08E-02
12.36	4.08E-02
12.36	4.08E-02
12.37	4.08E-02
12.37	4.08E-02
12.37	4.08E-02
12.37	4.08E-02
12.37	4.08E-02
12.37	4.08E-02
12.37	4.08E-02
12.37	4.08E-02
12.37	4.08E-02
12.37	4.08E-02
12.37	4.08E-02
12.37	4.08E-02
12.37	4.08E-02
12.37	4.08E-02
12.37	4.08E-02
12.37	4.08E-02
12.37	4.08E-02
12.37	4.08E-02
12.37	4.08E-02
12.38	4.08E-02
12.38	4.08E-02
12.38	4.08E-02
12.38	4.08E-02
12.38	4.08E-02
12.38	4.08E-02
12.38	4.08E-02
12.38	4.08E-02
12.38	4.08E-02
12.38	4.08E-02
12.38	4.08E-02
12.38	4.08E-02
12.38	4.08E-02
12.38	4.08E-02
12.38	4.08E-02
12.38	4.08E-02
12.38	4.08E-02
12.38	4.08E-02
12.38	4.08E-02
12.38	4.08E-02
12.39	4.08E-02
12.39	4.08E-02
12.39	4.08E-02
12.39	4.08E-02
12.39	4.08E-02
12.39	4.08E-02
12.39	4.08E-02
12.39	4.08E-02
12.39	4.08E-02
12.39	4.08E-02
12.39	4.08E-02
12.39	4.08E-02
12.39	4.08E-02
12.39	4.08E-02
12.39	4.08E-02
12.39	4.08E-02
12.39	4.08E-02
12.39	4.08E-02
12.39	4.08E-02
12.39	4.08E-02
12.4	4.08E-02
12.4	4.08E-02
12.4	4.08E-02
12.4	4.08E-02
12.4	4.08E-02
12.4	4.08E-02
12.4	4.08E-02
12.4	4.08E-02
12.4	4.08E-02
12.4	4.08E-02
12.4	4.08E-02
12.4	4.08E-02
12.4	4.08E-02
12.4	4.08E-02
12.4	4.08E-02
12.4	4.08E-02
12.4	4.08E-02
12.4	4.08E-02
12.4	4.08E-02
12.4	4.08E-02
12.4	4.08E-02
12.41	4.08E-02
12.41	4.08E-02
12.41	4.08E-02
12.41	4.08E-02
12.41	4.08E-02
12.41	4.08E-02
12.41	4.08E-02
12.41	4.08E-02
12.41	4.08E-02
12.41	4.08E-02
12.41	4.08E-02
12.41	4.08E-02
12.41	4.08E-02
12.41	4.08E-02
12.41	4.08E-02
12.41	4.08E-02
12.41	4.08E-02
12.41	4.08E-02
12.41	4.08E-02
12.41	4.08E-02
12.42	4.08E-02
12.42	4.08E-02
12.42	4.08E-02
12.42	4.08E-02
12.42	4.08E-02
12.42	4.08E-02
12.42	4.08E-02
12.42	4.08E-02
12.42	4.08E-02
12.42	4.08E-02
12.42	4.08E-02
12.42	4.08E-02
12.42	4.08E-02
12.42	4.08E-02
12.42	4.08E-02
12.42	4.08E-02
12.42	4.08E-02
12.42	4.08E-02
12.42	4.08E-02
12.43	4.08E-02
12.43	4.08E-02
12.43	4.08E-02
12.43	4.08E-02
12.43	4.08E-02
12.43	4.08E-02
12.43	4.08E-02
12.43	4.08E-02
12.43	4.08E-02
12.43	4.08E-02
12.43	4.08E-02
12.43	4.08E-02
12.43	4.08E-02
12.43	4.08E-02
12.43	4.08E-02
12.43	4.08E-02
12.43	4.08E-02
12.43	4.08E-02
12.43	4.08E-02
12.43	4.08E-02
12.44	4.08E-02
12.44	4.08E-02
12.44	4.08E-02
12.44	4.08E-02
12.44	4.08E-02
12.44	4.08E-02
12.44	4.08E-02
12.44	4.08E-02
12.44	4.08E-02
12.44	4.08E-02
12.44	4.08E-02
12.44	4.08E-02
12.44	4.08E-02
12.44	4.08E-02
12.44	4.08E-02
12.44	4.08E-02
12.44	4.08E-02
12.44	4.08E-02
12.44	4.08E-02
12.44	4.08E-02
12.44	4.08E-02
12.45	4.08E-02
12.45	4.08E-02
12.45	4.08E-02
12.45	4.08E-02
12.45	4.08E-02
12.45	4.08E-02
12.45	4.08E-02
12.45	4.08E-02
12.45	4.08E-02
12.45	4.08E-02
12.45	4.08E-02
12.45	4.08E-02
12.45	4.08E-02
12.45	4.08E-02
12.45	4.08E-02
12.45	4.08E-02
12.45	4.08E-02
12.45	4.08E-02
12.45	4.08E-02
12.45	4.08E-02
12.46	4.08E-02
12.46	4.08E-02
12.46	4.08E-02
12.46	4.08E-02
12.46	4.08E-02
12.46	4.08E-02
12.46	4.08E-02
12.46	4.08E-02
12.46	4.08E-02
12.46	4.08E-02
12.46	4.08E-02
12.46	4.08E-02
12.46	4.08E-02
12.46	4.08E-02
12.46	4.08E-02
12.46	4.08E-02
12.46	4.08E-02
12.46	4.08E-02
12.46	4.08E-02
12.47	4.08E-02
12.47	4.08E-02
12.47	4.08E-02
12.47	4.08E-02
12.47	4.08E-02
12.47	4.08E-02
12.47	4.08E-02
12.47	4.08E-02
12.47	4.08E-02
12.47	4.08E-02
12.47	4.08E-02
12.47	4.08E-02
12.47	4.08E-02
12.47	4.08E-02
12.47	4.08E-02
12.47	4.08E-02
12.47	4.08E-02
12.47	4.08E-02
12.47	4.08E-02
12.47	4.08E-02
12.48	4.08E-02
12.48	4.08E-02
12.48	4.08E-02
12.48	4.08E-02
12.48	4.08E-02
12.48	4.08E-02
12.48	4.08E-02
12.48	4.08E-02
12.48	4.08E-02
12.48	4.08E-02
12.48	4.08E-02
12.48	4.08E-02
12.48	4.08E-02
12.48	4.08E-02
12.48	4.08E-02
12.48	4.08E-02
12.48	4.08E-02
12.48	4.08E-02
12.48	4.08E-02
12.48	4.08E-02
12.48	4.08E-02
12.49	4.08E-02
12.49	4.08E-02
12.49	4.08E-02
12.49	4.08E-02
12.49	4.08E-02
12.49	4.08E-02
12.49	4.08E-02
12.49	4.08E-02
12.49	4.08E-02
12.49	4.08E-02
12.49	4.08E-02
12.49	4.08E-02
12.49	4.08E-02
12.49	4.08E-02
12.49	4.08E-02
12.49	4.08E-02
12.49	4.08E-02
12.49	4.08E-02
12.49	4.08E-02
12.49	4.08E-02
12.5	4.08E-02
12.5	4.08E-02
12.5	4.08E-02
12.5	4.08E-02
12.5	4.08E-02
12.5	4.08E-02
12.5	4.08E-02
12.5	4.08E-02
12.5	4.08E-02
12.5	4.08E-02
12.5	4.08E-02
12.5	4.08E-02
12.5	4.08E-02
12.5	4.08E-02
12.5	4.08E-02
12.5	4.08E-02
12.5	4.08E-02
12.5	4.08E-02
12.5	4.08E-02
12.51	4.08E-02
12.51	4.08E-02
12.51	4.08E-02
12.51	4.08E-02
12.51	4.08E-02
12.51	4.08E-02
12.51	4.08E-02
12.51	4.08E-02
12.51	4.08E-02
12.51	4.08E-02
12.51	4.08E-02
12.51	4.08E-02
12.51	4.08E-02
12.51	4.08E-02
12.51	4.08E-02
12.51	4.08E-02
12.51	4.08E-02
12.51	4.08E-02
12.51	4.08E-02
12.51	4.08E-02
12.52	4.08E-02
12.52	4.08E-02
12.52	4.08E-02
12.52	4.08E-02
12.52	4.08E-02
12.52	4.08E-02
12.52	4.08E-02
12.52	4.08E-02
12.52	4.08E-02
12.52	4.08E-02
12.52	4.08E-02
12.52	4.08E-02
12.52	4.08E-02
12.52	4.08E-02
12.52	4.08E-02
12.52	4.08E-02
12.52	4.08E-02
12.52	4.08E-02
12.52	4.08E-02
12.52	4.08E-02
12.52	4.08E-02
12.53	4.08E-02
12.53	4.08E-02
12.53	4.08E-02
12.53	4.08E-02
12.53	4.08E-02
12.53	4.08E-02
12.53	4.08E-02
12.53	4.08E-02
12.53	4.08E-02
12.53	4.08E-02
12.53	4.08E-02
12.53	4.08E-02
12.53	4.08E-02
12.53	4.08E-02
12.53	4.08E-02
12.53	4.08E-02
12.53	4.08E-02
12.53	4.08E-02
12.53	4.08E-02
12.53	4.08E-02
12.54	4.08E-02
12.54	4.08E-02
12.54	4.08E-02
12.54	4.08E-02
12.54	4.08E-02
12.54	4.08E-02
12.54	4.08E-02
12.54	4.08E-02
12.54	4.08E-02
12.54	4.08E-02
12.54	4.08E-02
12.54	4.08E-02
12.54	4.08E-02
12.54	4.08E-02
12.54	4.08E-02
12.54	4.08E-02
12.54	4.08E-02
12.54	4.08E-02
12.54	4.08E-02
12.55	4.08E-02
12.55	4.08E-02
12.55	4.08E-02
12.55	4.08E-02
12.55	4.08E-02
12.55	4.08E-02
12.55	4.08E-02
12.55	4.08E-02
12.55	4.08E-02
12.55	4.08E-02
12.55	4.08E-02
12.55	4.08E-02
12.55	4.08E-02
12.55	4.08E-02
12.55	4.08E-02
12.55	4.08E-02
12.55	4.08E-02
12.55	4.08E-02
12.55	4.08E-02
12.55	4.08E-02
12.56	4.08E-02
12.56	4.08E-02
12.56	4.08E-02
12.56	4.08E-02
12.56	4.08E-02
12.56	4.08E-02
12.56	4.08E-02
12.56	4.08E-02
12.56	4.08E-02
12.56	4.08E-02
12.56	4.08E-02
12.56	4.08E-02
12.56	4.08E-02
12.56	4.08E-02
12.56	4.08E-02
12.56	4.08E-02
12.56	4.08E-02
12.56	4.08E-02
12.56	4.08E-02
12.56	4.08E-02
12.56	4.08E-02
12.57	4.08E-02
12.57	4.08E-02
12.57	4.08E-02
12.57	4.08E-02
12.57	4.08E-02
12.57	4.08E-02
12.57	4.08E-02
12.57	4.08E-02
12.57	4.08E-02
12.57	4.08E-02
12.57	4.08E-02
12.57	4.08E-02
12.57	4.08E-02
12.57	4.08E-02
12.57	4.08E-02
12.57	4.08E-02
12.57	4.08E-02
12.57	4.08E-02
12.57	4.08E-02
12.57	4.08E-02
12.58	4.08E-02
12.58	4.08E-02
12.58	4.08E-02
12.58	4.08E-02
12.58	4.08E-02
12.58	4.08E-02
12.58	4.08E-02
12.58	4.08E-02
12.58	4.08E-02
12.58	4.08E-02
12.58	4.08E-02
12.58	4.08E-02
12.58	4.08E-02
12.58	4.08E-02
12.58	4.08E-02
12.58	4.08E-02
12.58	4.08E-02
12.58	4.08E-02
12.58	4.08E-02
12.59	4.08E-02
12.59	4.08E-02
12.59	4.08E-02
12.59	4.08E-02
12.59	4.08E-02
12.59	4.08E-02
12.59	4.08E-02
12.59	4.08E-02
12.59	4.08E-02
12.59	4.08E-02
12.59	4.08E-02
12.59	4.08E-02
12.59	4.08E-02
12.59	4.08E-02
12.59	4.08E-02
12.59	4.08E-02
12.59	4.08E-02
12.59	4.08E-02
12.59	4.08E-02
12.59	4.08E-02
12.6	4.08E-02
12.6	4.08E-02
12.6	4.08E-02
12.6	4.08E-02
12.6	4.08E-02
12.6	4.08E-02
12.6	4.08E-02
12.6	4.08E-02
12.6	4.08E-02
12.6	4.08E-02
12.6	4.08E-02
12.6	4.08E-02
12.6	4.08E-02
12.6	4.08E-02
12.6	4.08E-02
12.6	4.08E-02
12.6	4.08E-02
12.6	4.08E-02
12.6	4.08E-02
12.6	4.08E-02
12.6	4.08E-02
12.61	4.08E-02
12.61	4.08E-02
12.61	4.08E-02
12.61	4.08E-02
12.61	4.08E-02
12.61	4.08E-02
12.61	4.08E-02
12.61	4.08E-02
12.61	4.08E-02
12.61	4.08E-02
12.61	4.08E-02
12.61	4.08E-02
12.61	4.08E-02
12.61	4.08E-02
12.61	4.08E-02
12.61	4.08E-02
12.61	4.08E-02
12.61	4.08E-02
12.61	4.08E-02
12.61	4.08E-02
12.62	4.08E-02
12.62	4.08E-02
12.62	4.08E-02
12.62	4.08E-02
12.62	4.08E-02
12.62	4.08E-02
12.62	4.08E-02
12.62	4.08E-02
12.62	4.08E-02
12.62	4.08E-02
12.62	4.08E-02
12.62	4.08E-02
12.62	4.08E-02
12.62	4.08E-02
12.62	4.08E-02
12.62	4.08E-02
12.62	4.08E-02
12.62	4.08E-02
12.62	4.08E-02
12.62	4.08E-02
12.63	4.08E-02
12.63	4.08E-02
12.63	4.08E-02
12.63	4.08E-02
12.63	4.08E-02
12.63	4.08E-02
12.63	4.08E-02
12.63	4.08E-02
12.63	4.08E-02
12.63	4.08E-02
12.63	4.08E-02
12.63	4.08E-02
12.63	4.08E-02
12.63	4.08E-02
12.63	4.08E-02
12.63	4.08E-02
12.63	4.08E-02
12.63	4.08E-02
12.63	4.08E-02
12.64	4.08E-02
12.64	4.08E-02
12.64	4.08E-02
12.64	4.08E-02
12.64	4.08E-02
12.64	4.08E-02
12.64	4.08E-02
12.64	4.08E-02
12.64	4.08E-02
12.64	4.08E-02
12.64	4.08E-02
12.64	4.08E-02
12.64	4.08E-02
12.64	4.08E-02
12.64	4.08E-02
12.64	4.08E-02
12.64	4.08E-02
12.64	4.08E-02
12.64	4.08E-02
12.64	4.08E-02
12.65	4.08E-02
12.65	4.08E-02
12.65	4.08E-02
12.65	4.08E-02
12.65	4.08E-02
12.65	4.08E-02
12.65	4.08E-02
12.65	4.08E-02
12.65	4.08E-02
12.65	4.08E-02
12.65	4.08E-02
12.65	4.08E-02
12.65	4.08E-02
12.65	4.08E-02
12.65	4.08E-02
12.65	4.08E-02
12.65	4.08E-02
12.65	4.08E-02
12.65	4.08E-02
12.65	4.08E-02
12.65	4.08E-02
12.66	4.08E-02
12.66	4.08E-02
12.66	4.08E-02
12.66	4.08E-02
12.66	4.08E-02
12.66	4.08E-02
12.66	4.08E-02
12.66	4.08E-02
12.66	4.08E-02
12.66	4.08E-02
12.66	4.08E-02
12.66	4.08E-02
12.66	4.08E-02
12.66	4.08E-02
12.66	4.08E-02
12.66	4.08E-02
12.66	4.08E-02
12.66	4.08E-02
12.66	4.08E-02
12.66	4.08E-02
12.67	4.08E-02
12.67	4.08E-02
12.67	4.08E-02
12.67	4.08E-02
12.67	4.08E-02
12.67	4.08E-02
12.67	4.08E-02
12.67	4.08E-02
12.67	4.08E-02
12.67	4.08E-02
12.67	4.08E-02
12.67	4.08E-02
12.67	4.08E-02
12.67	4.08E-02
12.67	4.08E-02
12.67	4.08E-02
12.67	4.08E-02
12.67	4.08E-02
12.67	4.08E-02
12.68	4.08E-02
12.68	4.08E-02
12.68	4.08E-02
12.68	4.08E-02
12.68	4.08E-02
12.68	4.08E-02
12.68	4.08E-02
12.68	4.08E-02
12.68	4.08E-02
12.68	4.08E-02
12.68	4.08E-02
12.68	4.08E-02
12.68	4.08E-02
12.68	4.08E-02
12.68	4.08E-02
12.68	4.08E-02
12.68	4.08E-02
12.68	4.08E-02
12.68	4.08E-02
12.68	4.08E-02
12.69	4.08E-02
12.69	4.08E-02
12.69	4.08E-02
12.69	4.08E-02
12.69	4.08E-02
12.69	4.08E-02
12.69	4.08E-02
12.69	4.08E-02
12.69	4.08E-02
12.69	4.08E-02
12.69	4.08E-02
12.69	4.08E-02
12.69	4.08E-02
12.69	4.08E-02
12.69	4.08E-02
12.69	4.08E-02
12.69	4.08E-02
12.69	4.08E-02
12.69	4.08E-02
12.69	4.08E-02
12.69	4.08E-02
12.7	4.08E-02
12.7	4.08E-02
12.7	4.08E-02
12.7	4.08E-02
12.7	4.08E-02
12.7	4.08E-02
12.7	4.08E-02
12.7	4.08E-02
12.7	4.08E-02
12.7	4.08E-02
12.7	4.08E-02
12.7	4.08E-02
12.7	4.08E-02
12.7	4.08E-02
12.7	4.08E-02
12.7	4.08E-02
12.7	4.08E-02
12.7	4.08E-02
12.7	4.08E-02
12.7	4.08E-02
12.71	4.08E-02
12.71	4.08E-02
12.71	4.08E-02
12.71	4.08E-02
12.71	4.08E-02
12.71	4.08E-02
12.71	4.08E-02
12.71	4.08E-02
12.71	4.08E-02
12.71	4.07E-02
12.71	4.07E-02
12.71	4.07E-02
12.71	4.07E-02
12.71	4.07E-02
12.71	4.07E-02
12.71	4.07E-02
12.71	4.07E-02
12.71	4.07E-02
12.71	4.07E-02
12.72	4.07E-02
12.72	4.07E-02
12.72	4.07E-02
12.72	4.07E-02
12.72	4.07E-02
12.72	4.07E-02
12.72	4.07E-02
12.72	4.07E-02
12.72	4.07E-02
12.72	4.07E-02
12.72	4.07E-02
12.72	4.07E-02
12.72	4.07E-02
12.72	4.07E-02
12.72	4.07E-02
12.72	4.07E-02
12.72	4.07E-02
12.72	4.07E-02
12.72	4.07E-02
12.72	4.07E-02
12.73	4.07E-02
12.73	4.07E-02
12.73	4.07E-02
12.73	4.07E-02
12.73	4.07E-02
12.73	4.07E-02
12.73	4.07E-02
12.73	4.07E-02
12.73	4.07E-02
12.73	4.07E-02
12.73	4.07E-02
12.73	4.07E-02
12.73	4.07E-02
12.73	4.07E-02
12.73	4.07E-02
12.73	4.07E-02
12.73	4.07E-02
12.73	4.07E-02
12.73	4.07E-02
12.73	4.07E-02
12.73	4.07E-02
12.74	4.07E-02
12.74	4.07E-02
12.74	4.07E-02
12.74	4.07E-02
12.74	4.07E-02
12.74	4.07E-02
12.74	4.07E-02
12.74	4.07E-02
12.74	4.07E-02
12.74	4.07E-02
12.74	4.07E-02
12.74	4.07E-02
12.74	4.07E-02
12.74	4.07E-02
12.74	4.07E-02
12.74	4.07E-02
12.74	4.07E-02
12.74	4.07E-02
12.74	4.07E-02
12.74	4.07E-02
12.75	4.07E-02
12.75	4.07E-02
12.75	4.07E-02
12.75	4.07E-02
12.75	4.07E-02
12.75	4.07E-02
12.75	4.07E-02
12.75	4.07E-02
12.75	4.07E-02
12.75	4.07E-02
12.75	4.07E-02
12.75	4.07E-02
12.75	4.07E-02
12.75	4.07E-02
12.75	4.07E-02
12.75	4.07E-02
12.75	4.07E-02
12.75	4.07E-02
12.75	4.07E-02
12.76	4.07E-02
12.76	4.07E-02
12.76	4.07E-02
12.76	4.07E-02
12.76	4.07E-02
12.76	4.07E-02
12.76	4.07E-02
12.76	4.07E-02
12.76	4.07E-02
12.76	4.07E-02
12.76	4.07E-02
12.76	4.07E-02
12.76	4.07E-02
12.76	4.07E-02
12.76	4.07E-02
12.76	4.07E-02
12.76	4.07E-02
12.76	4.07E-02
12.76	4.07E-02
12.76	4.07E-02
12.77	4.07E-02
12.77	4.07E-02
12.77	4.07E-02
12.77	4.07E-02
12.77	4.07E-02
12.77	4.07E-02
12.77	4.07E-02
12.77	4.07E-02
12.77	4.07E-02
12.77	4.07E-02
12.77	4.07E-02
12.77	4.07E-02
12.77	4.07E-02
12.77	4.07E-02
12.77	4.07E-02
12.77	4.07E-02
12.77	4.07E-02
12.77	4.07E-02
12.77	4.07E-02
12.77	4.07E-02
12.77	4.07E-02
12.78	4.07E-02
12.78	4.07E-02
12.78	4.07E-02
12.78	4.07E-02
12.78	4.07E-02
12.78	4.07E-02
12.78	4.07E-02
12.78	4.07E-02
12.78	4.07E-02
12.78	4.07E-02
12.78	4.07E-02
12.78	4.07E-02
12.78	4.07E-02
12.78	4.07E-02
12.78	4.07E-02
12.78	4.07E-02
12.78	4.07E-02
12.78	4.07E-02
12.78	4.07E-02
12.78	4.07E-02
12.79	4.07E-02
12.79	4.07E-02
12.79	4.07E-02
12.79	4.07E-02
12.79	4.07E-02
12.79	4.07E-02
12.79	4.07E-02
12.79	4.07E-02
12.79	4.07E-02
12.79	4.07E-02
12.79	4.07E-02
12.79	4.07E-02
12.79	4.07E-02
12.79	4.07E-02
12.79	4.07E-02
12.79	4.07E-02
12.79	4.07E-02
12.79	4.07E-02
12.79	4.07E-02
12.8	4.07E-02
12.8	4.07E-02
12.8	4.07E-02
12.8	4.07E-02
12.8	4.07E-02
12.8	4.07E-02
12.8	4.07E-02
12.8	4.07E-02
12.8	4.07E-02
12.8	4.07E-02
12.8	4.07E-02
12.8	4.07E-02
12.8	4.07E-02
12.8	4.07E-02
12.8	4.07E-02
12.8	4.07E-02
12.8	4.07E-02
12.8	4.07E-02
12.8	4.07E-02
12.8	4.07E-02
12.81	4.07E-02
12.81	4.07E-02
12.81	4.07E-02
12.81	4.07E-02
12.81	4.07E-02
12.81	4.07E-02
12.81	4.07E-02
12.81	4.07E-02
12.81	4.07E-02
12.81	4.07E-02
12.81	4.07E-02
12.81	4.07E-02
12.81	4.07E-02
12.81	4.07E-02
12.81	4.07E-02
12.81	4.07E-02
12.81	4.07E-02
12.81	4.07E-02
12.81	4.07E-02
12.81	4.07E-02
12.81	4.07E-02
12.82	4.07E-02
12.82	4.07E-02
12.82	4.07E-02
12.82	4.07E-02
12.82	4.07E-02
12.82	4.07E-02
12.82	4.07E-02
12.82	4.07E-02
12.82	4.07E-02
12.82	4.07E-02
12.82	4.07E-02
12.82	4.07E-02
12.82	4.07E-02
12.82	4.07E-02
12.82	4.07E-02
12.82	4.07E-02
12.82	4.07E-02
12.82	4.07E-02
12.82	4.07E-02
12.82	4.07E-02
12.83	4.07E-02
12.83	4.07E-02
12.83	4.07E-02
12.83	4.07E-02
12.83	4.07E-02
12.83	4.07E-02
12.83	4.07E-02
12.83	4.07E-02
12.83	4.07E-02
12.83	4.07E-02
12.83	4.07E-02
12.83	4.07E-02
12.83	4.07E-02
12.83	4.07E-02
12.83	4.07E-02
12.83	4.07E-02
12.83	4.07E-02
12.83	4.07E-02
12.83	4.07E-02
12.84	4.07E-02
12.84	4.07E-02
12.84	4.07E-02
12.84	4.07E-02
12.84	4.07E-02
12.84	4.07E-02
12.84	4.07E-02
12.84	4.07E-02
12.84	4.07E-02
12.84	4.07E-02
12.84	4.07E-02
12.84	4.07E-02
12.84	4.07E-02
12.84	4.07E-02
12.84	4.07E-02
12.84	4.07E-02
12.84	4.07E-02
12.84	4.07E-02
12.84	4.07E-02
12.84	4.07E-02
12.85	4.07E-02
12.85	4.07E-02
12.85	4.07E-02
12.85	4.07E-02
12.85	4.07E-02
12.85	4.07E-02
12.85	4.07E-02
12.85	4.07E-02
12.85	4.07E-02
12.85	4.07E-02
12.85	4.07E-02
12.85	4.07E-02
12.85	4.07E-02
12.85	4.07E-02
12.85	4.07E-02
12.85	4.07E-02
12.85	4.07E-02
12.85	4.07E-02
12.85	4.07E-02
12.85	4.07E-02
12.85	4.07E-02
12.86	4.07E-02
12.86	4.07E-02
12.86	4.07E-02
12.86	4.07E-02
12.86	4.07E-02
12.86	4.07E-02
12.86	4.07E-02
12.86	4.07E-02
12.86	4.07E-02
12.86	4.07E-02
12.86	4.07E-02
12.86	4.07E-02
12.86	4.07E-02
12.86	4.07E-02
12.86	4.07E-02
12.86	4.07E-02
12.86	4.07E-02
12.86	4.07E-02
12.86	4.07E-02
12.86	4.07E-02
12.87	4.07E-02
12.87	4.07E-02
12.87	4.07E-02
12.87	4.07E-02
12.87	4.07E-02
12.87	4.07E-02
12.87	4.07E-02
12.87	4.07E-02
12.87	4.07E-02
12.87	4.07E-02
12.87	4.07E-02
12.87	4.07E-02
12.87	4.07E-02
12.87	4.07E-02
12.87	4.07E-02
12.87	4.07E-02
12.87	4.07E-02
12.87	4.07E-02
12.87	4.07E-02
12.88	4.07E-02
12.88	4.07E-02
12.88	4.07E-02
12.88	4.07E-02
12.88	4.07E-02
12.88	4.07E-02
12.88	4.07E-02
12.88	4.07E-02
12.88	4.07E-02
12.88	4.07E-02
12.88	4.07E-02
12.88	4.07E-02
12.88	4.07E-02
12.88	4.07E-02
12.88	4.07E-02
12.88	4.07E-02
12.88	4.07E-02
12.88	4.07E-02
12.88	4.07E-02
12.88	4.07E-02
12.89	4.07E-02
12.89	4.07E-02
12.89	4.07E-02
12.89	4.07E-02
12.89	4.07E-02
12.89	4.07E-02
12.89	4.07E-02
12.89	4.07E-02
12.89	4.07E-02
12.89	4.07E-02
12.89	4.07E-02
12.89	4.07E-02
12.89	4.07E-02
12.89	4.07E-02
12.89	4.07E-02
12.89	4.07E-02
12.89	4.07E-02
12.89	4.07E-02
12.89	4.07E-02
12.89	4.07E-02
12.9	4.07E-02
12.9	4.07E-02
12.9	4.06E-02
12.9	4.06E-02
12.9	4.06E-02
12.9	4.06E-02
12.9	4.06E-02
12.9	4.06E-02
12.9	4.06E-02
12.9	4.06E-02
12.9	4.06E-02
12.9	4.06E-02
12.9	4.06E-02
12.9	4.06E-02
12.9	4.06E-02
12.9	4.06E-02
12.9	4.06E-02
12.9	4.06E-02
12.9	4.06E-02
12.9	4.06E-02
12.9	4.06E-02
12.91	4.06E-02
12.91	4.06E-02
12.91	4.06E-02
12.91	4.06E-02
12.91	4.06E-02
12.91	4.06E-02
12.91	4.06E-02
12.91	4.06E-02
12.91	4.06E-02
12.91	4.06E-02
12.91	4.06E-02
12.91	4.06E-02
12.91	4.06E-02
12.91	4.06E-02
12.91	4.06E-02
12.91	4.06E-02
12.91	4.06E-02
12.91	4.06E-02
12.91	4.06E-02
12.91	4.06E-02
12.92	4.06E-02
12.92	4.06E-02
12.92	4.06E-02
12.92	4.06E-02
12.92	4.06E-02
12.92	4.06E-02
12.92	4.06E-02
12.92	4.06E-02
12.92	4.06E-02
12.92	4.06E-02
12.92	4.06E-02
12.92	4.06E-02
12.92	4.06E-02
12.92	4.06E-02
12.92	4.06E-02
12.92	4.06E-02
12.92	4.06E-02
12.92	4.06E-02
12.92	4.06E-02
12.93	4.06E-02
12.93	4.06E-02
12.93	4.06E-02
12.93	4.06E-02
12.93	4.06E-02
12.93	4.06E-02
12.93	4.06E-02
12.93	4.06E-02
12.93	4.06E-02
12.93	4.06E-02
12.93	4.06E-02
12.93	4.06E-02
12.93	4.06E-02
12.93	4.06E-02
12.93	4.06E-02
12.93	4.06E-02
12.93	4.06E-02
12.93	4.06E-02
12.93	4.06E-02
12.93	4.06E-02
12.94	4.06E-02
12.94	4.06E-02
12.94	4.06E-02
12.94	4.06E-02
12.94	4.06E-02
12.94	4.06E-02
12.94	4.06E-02
12.94	4.06E-02
12.94	4.06E-02
12.94	4.06E-02
12.94	4.06E-02
12.94	4.06E-02
12.94	4.06E-02
12.94	4.06E-02
12.94	4.06E-02
12.94	4.06E-02
12.94	4.06E-02
12.94	4.06E-02
12.94	4.06E-02
12.94	4.06E-02
12.94	4.06E-02
12.95	4.06E-02
12.95	4.06E-02
12.95	4.06E-02
12.95	4.06E-02
12.95	4.06E-02
12.95	4.06E-02
12.95	4.06E-02
12.95	4.06E-02
12.95	4.06E-02
12.95	4.06E-02
12.95	4.06E-02
12.95	4.06E-02
12.95	4.06E-02
12.95	4.06E-02
12.95	4.06E-02
12.95	4.06E-02
12.95	4.06E-02
12.95	4.06E-02
12.95	4.06E-02
12.95	4.06E-02
12.96	4.06E-02
12.96	4.06E-02
12.96	4.06E-02
12.96	4.06E-02
12.96	4.06E-02
12.96	4.06E-02
12.96	4.06E-02
12.96	4.06E-02
12.96	4.06E-02
12.96	4.06E-02
12.96	4.06E-02
12.96	4.06E-02
12.96	4.06E-02
12.96	4.06E-02
12.96	4.06E-02
12.96	4.06E-02
12.96	4.06E-02
12.96	4.06E-02
12.96	4.06E-02
12.97	4.06E-02
12.97	4.06E-02
12.97	4.06E-02
12.97	4.06E-02
12.97	4.06E-02
12.97	4.06E-02
12.97	4.06E-02
12.97	4.06E-02
12.97	4.06E-02
12.97	4.06E-02
12.97	4.06E-02
12.97	4.06E-02
12.97	4.06E-02
12.97	4.06E-02
12.97	4.06E-02
12.97	4.06E-02
12.97	4.06E-02
12.97	4.06E-02
12.97	4.06E-02
12.97	4.06E-02
12.98	4.06E-02
12.98	4.06E-02
12.98	4.06E-02
12.98	4.06E-02
12.98	4.06E-02
12.98	4.06E-02
12.98	4.06E-02
12.98	4.06E-02
12.98	4.06E-02
12.98	4.06E-02
12.98	4.06E-02
12.98	4.06E-02
12.98	4.06E-02
12.98	4.06E-02
12.98	4.06E-02
12.98	4.06E-02
12.98	4.06E-02
12.98	4.06E-02
12.98	4.06E-02
12.98	4.06E-02
12.98	4.06E-02
12.99	4.06E-02
12.99	4.06E-02
12.99	4.06E-02
12.99	4.06E-02
12.99	4.06E-02
12.99	4.06E-02
12.99	4.06E-02
12.99	4.06E-02
12.99	4.06E-02
12.99	4.06E-02
12.99	4.06E-02
12.99	4.06E-02
12.99	4.06E-02
12.99	4.06E-02
12.99	4.06E-02
12.99	4.06E-02
12.99	4.06E-02
12.99	4.06E-02
12.99	4.06E-02
12.99	4.06E-02
13	4.06E-02
13	4.06E-02
13	4.06E-02
13	4.06E-02
13	4.06E-02
13	4.06E-02
13	4.06E-02
13	4.06E-02
13	4.06E-02
13	4.06E-02
13	4.06E-02
13	4.06E-02
13	4.06E-02
13	4.06E-02
13	4.06E-02
13	4.06E-02
13	4.06E-02
13	4.06E-02
13	4.06E-02
13.01	4.06E-02
13.01	4.06E-02
13.01	4.06E-02
13.01	4.06E-02
13.01	4.06E-02
13.01	4.06E-02
13.01	4.06E-02
13.01	4.06E-02
13.01	4.06E-02
13.01	4.06E-02
13.01	4.06E-02
13.01	4.06E-02
13.01	4.06E-02
13.01	4.06E-02
13.01	4.06E-02
13.01	4.06E-02
13.01	4.06E-02
13.01	4.06E-02
13.01	4.06E-02
13.01	4.06E-02
13.02	4.06E-02
13.02	4.06E-02
13.02	4.06E-02
13.02	4.06E-02
13.02	4.06E-02
13.02	4.06E-02
13.02	4.06E-02
13.02	4.06E-02
13.02	4.06E-02
13.02	4.06E-02
13.02	4.06E-02
13.02	4.06E-02
13.02	4.06E-02
13.02	4.06E-02
13.02	4.06E-02
13.02	4.06E-02
13.02	4.06E-02
13.02	4.06E-02
13.02	4.06E-02
13.02	4.06E-02
13.02	4.06E-02
13.03	4.06E-02
13.03	4.06E-02
13.03	4.06E-02
13.03	4.06E-02
13.03	4.06E-02
13.03	4.06E-02
13.03	4.06E-02
13.03	4.06E-02
13.03	4.06E-02
13.03	4.06E-02
13.03	4.06E-02
13.03	4.06E-02
13.03	4.06E-02
13.03	4.06E-02
13.03	4.06E-02
13.03	4.06E-02
13.03	4.06E-02
13.03	4.06E-02
13.03	4.06E-02
13.03	4.06E-02
13.04	4.06E-02
13.04	4.05E-02
13.04	4.05E-02
13.04	4.05E-02
13.04	4.05E-02
13.04	4.05E-02
13.04	4.05E-02
13.04	4.05E-02
13.04	4.05E-02
13.04	4.05E-02
13.04	4.05E-02
13.04	4.05E-02
13.04	4.05E-02
13.04	4.05E-02
13.04	4.05E-02
13.04	4.05E-02
13.04	4.05E-02
13.04	4.05E-02
13.04	4.05E-02
13.05	4.05E-02
13.05	4.05E-02
13.05	4.05E-02
13.05	4.05E-02
13.05	4.05E-02
13.05	4.05E-02
13.05	4.05E-02
13.05	4.05E-02
13.05	4.05E-02
13.05	4.05E-02
13.05	4.05E-02
13.05	4.05E-02
13.05	4.05E-02
13.05	4.05E-02
13.05	4.05E-02
13.05	4.05E-02
13.05	4.05E-02
13.05	4.05E-02
13.05	4.05E-02
13.05	4.05E-02
13.06	4.05E-02
13.06	4.05E-02
13.06	4.05E-02
13.06	4.05E-02
13.06	4.05E-02
13.06	4.05E-02
13.06	4.05E-02
13.06	4.05E-02
13.06	4.05E-02
13.06	4.05E-02
13.06	4.05E-02
13.06	4.05E-02
13.06	4.05E-02
13.06	4.05E-02
13.06	4.05E-02
13.06	4.05E-02
13.06	4.05E-02
13.06	4.05E-02
13.06	4.05E-02
13.06	4.05E-02
13.06	4.05E-02
13.07	4.05E-02
13.07	4.05E-02
13.07	4.05E-02
13.07	4.05E-02
13.07	4.05E-02
13.07	4.05E-02
13.07	4.05E-02
13.07	4.05E-02
13.07	4.05E-02
13.07	4.05E-02
13.07	4.05E-02
13.07	4.05E-02
13.07	4.05E-02
13.07	4.05E-02
13.07	4.05E-02
13.07	4.05E-02
13.07	4.05E-02
13.07	4.05E-02
13.07	4.05E-02
13.07	4.05E-02
13.08	4.05E-02
13.08	4.05E-02
13.08	4.05E-02
13.08	4.05E-02
13.08	4.05E-02
13.08	4.05E-02
13.08	4.05E-02
13.08	4.05E-02
13.08	4.05E-02
13.08	4.05E-02
13.08	4.05E-02
13.08	4.05E-02
13.08	4.05E-02
13.08	4.05E-02
13.08	4.05E-02
13.08	4.05E-02
13.08	4.05E-02
13.08	4.05E-02
13.08	4.05E-02
13.09	4.05E-02
13.09	4.05E-02
13.09	4.05E-02
13.09	4.05E-02
13.09	4.05E-02
13.09	4.05E-02
13.09	4.05E-02
13.09	4.05E-02
13.09	4.05E-02
13.09	4.05E-02
13.09	4.05E-02
13.09	4.05E-02
13.09	4.05E-02
13.09	4.05E-02
13.09	4.05E-02
13.09	4.05E-02
13.09	4.05E-02
13.09	4.05E-02
13.09	4.05E-02
13.09	4.05E-02
13.1	4.05E-02
13.1	4.05E-02
13.1	4.05E-02
13.1	4.05E-02
13.1	4.05E-02
13.1	4.05E-02
13.1	4.05E-02
13.1	4.05E-02
13.1	4.05E-02
13.1	4.05E-02
13.1	4.05E-02
13.1	4.05E-02
13.1	4.05E-02
13.1	4.05E-02
13.1	4.05E-02
13.1	4.05E-02
13.1	4.05E-02
13.1	4.05E-02
13.1	4.05E-02
13.1	4.05E-02
13.1	4.05E-02
13.11	4.05E-02
13.11	4.05E-02
13.11	4.05E-02
13.11	4.05E-02
13.11	4.05E-02
13.11	4.05E-02
13.11	4.05E-02
13.11	4.05E-02
13.11	4.05E-02
13.11	4.05E-02
13.11	4.05E-02
13.11	4.05E-02
13.11	4.05E-02
13.11	4.05E-02
13.11	4.05E-02
13.11	4.05E-02
13.11	4.05E-02
13.11	4.05E-02
13.11	4.05E-02
13.11	4.05E-02
13.12	4.05E-02
13.12	4.05E-02
13.12	4.05E-02
13.12	4.05E-02
13.12	4.05E-02
13.12	4.05E-02
13.12	4.05E-02
13.12	4.05E-02
13.12	4.05E-02
13.12	4.05E-02
13.12	4.05E-02
13.12	4.05E-02
13.12	4.05E-02
13.12	4.05E-02
13.12	4.05E-02
13.12	4.05E-02
13.12	4.05E-02
13.12	4.05E-02
13.12	4.05E-02
13.12	4.05E-02
13.13	4.05E-02
13.13	4.05E-02
13.13	4.05E-02
13.13	4.05E-02
13.13	4.05E-02
13.13	4.05E-02
13.13	4.05E-02
13.13	4.05E-02
13.13	4.05E-02
13.13	4.05E-02
13.13	4.05E-02
13.13	4.05E-02
13.13	4.05E-02
13.13	4.05E-02
13.13	4.05E-02
13.13	4.05E-02
13.13	4.05E-02
13.13	4.05E-02
13.13	4.05E-02
13.14	4.05E-02
13.14	4.05E-02
13.14	4.05E-02
13.14	4.05E-02
13.14	4.05E-02
13.14	4.05E-02
13.14	4.05E-02
13.14	4.05E-02
13.14	4.05E-02
13.14	4.05E-02
13.14	4.05E-02
13.14	4.05E-02
13.14	4.05E-02
13.14	4.05E-02
13.14	4.05E-02
13.14	4.05E-02
13.14	4.05E-02
13.14	4.05E-02
13.14	4.05E-02
13.14	4.05E-02
13.15	4.05E-02
13.15	4.05E-02
13.15	4.05E-02
13.15	4.05E-02
13.15	4.05E-02
13.15	4.05E-02
13.15	4.05E-02
13.15	4.05E-02
13.15	4.05E-02
13.15	4.05E-02
13.15	4.05E-02
13.15	4.05E-02
13.15	4.05E-02
13.15	4.05E-02
13.15	4.05E-02
13.15	4.04E-02
13.15	4.04E-02
13.15	4.04E-02
13.15	4.04E-02
13.15	4.04E-02
13.15	4.04E-02
13.16	4.04E-02
13.16	4.04E-02
13.16	4.04E-02
13.16	4.04E-02
13.16	4.04E-02
13.16	4.04E-02
13.16	4.04E-02
13.16	4.04E-02
13.16	4.04E-02
13.16	4.04E-02
13.16	4.04E-02
13.16	4.04E-02
13.16	4.04E-02
13.16	4.04E-02
13.16	4.04E-02
13.16	4.04E-02
13.16	4.04E-02
13.16	4.04E-02
13.16	4.04E-02
13.16	4.04E-02
13.17	4.04E-02
13.17	4.04E-02
13.17	4.04E-02
13.17	4.04E-02
13.17	4.04E-02
13.17	4.04E-02
13.17	4.04E-02
13.17	4.04E-02
13.17	4.04E-02
13.17	4.04E-02
13.17	4.04E-02
13.17	4.04E-02
13.17	4.04E-02
13.17	4.04E-02
13.17	4.04E-02
13.17	4.04E-02
13.17	4.04E-02
13.17	4.04E-02
13.17	4.04E-02
13.18	4.04E-02
13.18	4.04E-02
13.18	4.04E-02
13.18	4.04E-02
13.18	4.04E-02
13.18	4.04E-02
13.18	4.04E-02
13.18	4.04E-02
13.18	4.04E-02
13.18	4.04E-02
13.18	4.04E-02
13.18	4.04E-02
13.18	4.04E-02
13.18	4.04E-02
13.18	4.04E-02
13.18	4.04E-02
13.18	4.04E-02
13.18	4.04E-02
13.18	4.04E-02
13.18	4.04E-02
13.19	4.04E-02
13.19	4.04E-02
13.19	4.04E-02
13.19	4.04E-02
13.19	4.04E-02
13.19	4.04E-02
13.19	4.04E-02
13.19	4.04E-02
13.19	4.04E-02
13.19	4.04E-02
13.19	4.04E-02
13.19	4.04E-02
13.19	4.04E-02
13.19	4.04E-02
13.19	4.04E-02
13.19	4.04E-02
13.19	4.04E-02
13.19	4.04E-02
13.19	4.04E-02
13.19	4.04E-02
13.19	4.04E-02
13.2	4.04E-02
13.2	4.04E-02
13.2	4.04E-02
13.2	4.04E-02
13.2	4.04E-02
13.2	4.04E-02
13.2	4.04E-02
13.2	4.04E-02
13.2	4.04E-02
13.2	4.04E-02
13.2	4.04E-02
13.2	4.04E-02
13.2	4.04E-02
13.2	4.04E-02
13.2	4.04E-02
13.2	4.04E-02
13.2	4.04E-02
13.2	4.04E-02
13.2	4.04E-02
13.2	4.04E-02
13.21	4.04E-02
13.21	4.04E-02
13.21	4.04E-02
13.21	4.04E-02
13.21	4.04E-02
13.21	4.04E-02
13.21	4.04E-02
13.21	4.04E-02
13.21	4.04E-02
13.21	4.04E-02
13.21	4.04E-02
13.21	4.04E-02
13.21	4.04E-02
13.21	4.04E-02
13.21	4.04E-02
13.21	4.04E-02
13.21	4.04E-02
13.21	4.04E-02
13.21	4.04E-02
13.22	4.04E-02
13.22	4.04E-02
13.22	4.04E-02
13.22	4.04E-02
13.22	4.04E-02
13.22	4.04E-02
13.22	4.04E-02
13.22	4.04E-02
13.22	4.04E-02
13.22	4.04E-02
13.22	4.04E-02
13.22	4.04E-02
13.22	4.04E-02
13.22	4.04E-02
13.22	4.04E-02
13.22	4.04E-02
13.22	4.04E-02
13.22	4.04E-02
13.22	4.04E-02
13.22	4.04E-02
13.23	4.04E-02
13.23	4.04E-02
13.23	4.04E-02
13.23	4.04E-02
13.23	4.04E-02
13.23	4.04E-02
13.23	4.04E-02
13.23	4.04E-02
13.23	4.04E-02
13.23	4.04E-02
13.23	4.04E-02
13.23	4.04E-02
13.23	4.04E-02
13.23	4.04E-02
13.23	4.04E-02
13.23	4.04E-02
13.23	4.04E-02
13.23	4.04E-02
13.23	4.04E-02
13.23	4.04E-02
13.23	4.04E-02
13.24	4.04E-02
13.24	4.04E-02
13.24	4.04E-02
13.24	4.04E-02
13.24	4.04E-02
13.24	4.04E-02
13.24	4.04E-02
13.24	4.04E-02
13.24	4.04E-02
13.24	4.04E-02
13.24	4.04E-02
13.24	4.04E-02
13.24	4.04E-02
13.24	4.04E-02
13.24	4.04E-02
13.24	4.04E-02
13.24	4.04E-02
13.24	4.04E-02
13.24	4.04E-02
13.24	4.04E-02
13.25	4.04E-02
13.25	4.04E-02
13.25	4.04E-02
13.25	4.04E-02
13.25	4.04E-02
13.25	4.04E-02
13.25	4.04E-02
13.25	4.04E-02
13.25	4.04E-02
13.25	4.04E-02
13.25	4.04E-02
13.25	4.04E-02
13.25	4.04E-02
13.25	4.04E-02
13.25	4.04E-02
13.25	4.04E-02
13.25	4.04E-02
13.25	4.03E-02
13.25	4.03E-02
13.26	4.03E-02
13.26	4.03E-02
13.26	4.03E-02
13.26	4.03E-02
13.26	4.03E-02
13.26	4.03E-02
13.26	4.03E-02
13.26	4.03E-02
13.26	4.03E-02
13.26	4.03E-02
13.26	4.03E-02
13.26	4.03E-02
13.26	4.03E-02
13.26	4.03E-02
13.26	4.03E-02
13.26	4.03E-02
13.26	4.03E-02
13.26	4.03E-02
13.26	4.03E-02
13.26	4.03E-02
13.27	4.03E-02
13.27	4.03E-02
13.27	4.03E-02
13.27	4.03E-02
13.27	4.03E-02
13.27	4.03E-02
13.27	4.03E-02
13.27	4.03E-02
13.27	4.03E-02
13.27	4.03E-02
13.27	4.03E-02
13.27	4.03E-02
13.27	4.03E-02
13.27	4.03E-02
13.27	4.03E-02
13.27	4.03E-02
13.27	4.03E-02
13.27	4.03E-02
13.27	4.03E-02
13.27	4.03E-02
13.27	4.03E-02
13.28	4.03E-02
13.28	4.03E-02
13.28	4.03E-02
13.28	4.03E-02
13.28	4.03E-02
13.28	4.03E-02
13.28	4.03E-02
13.28	4.03E-02
13.28	4.03E-02
13.28	4.03E-02
13.28	4.03E-02
13.28	4.03E-02
13.28	4.03E-02
13.28	4.03E-02
13.28	4.03E-02
13.28	4.03E-02
13.28	4.03E-02
13.28	4.03E-02
13.28	4.03E-02
13.28	4.03E-02
13.29	4.03E-02
13.29	4.03E-02
13.29	4.03E-02
13.29	4.03E-02
13.29	4.03E-02
13.29	4.03E-02
13.29	4.03E-02
13.29	4.03E-02
13.29	4.03E-02
13.29	4.03E-02
13.29	4.03E-02
13.29	4.03E-02
13.29	4.03E-02
13.29	4.03E-02
13.29	4.03E-02
13.29	4.03E-02
13.29	4.03E-02
13.29	4.03E-02
13.29	4.03E-02
13.3	4.03E-02
13.3	4.03E-02
13.3	4.03E-02
13.3	4.03E-02
13.3	4.03E-02
13.3	4.03E-02
13.3	4.03E-02
13.3	4.03E-02
13.3	4.03E-02
13.3	4.03E-02
13.3	4.03E-02
13.3	4.03E-02
13.3	4.03E-02
13.3	4.03E-02
13.3	4.03E-02
13.3	4.03E-02
13.3	4.03E-02
13.3	4.03E-02
13.3	4.03E-02
13.3	4.03E-02
13.31	4.03E-02
13.31	4.03E-02
13.31	4.03E-02
13.31	4.03E-02
13.31	4.03E-02
13.31	4.03E-02
13.31	4.03E-02
13.31	4.03E-02
13.31	4.03E-02
13.31	4.03E-02
13.31	4.03E-02
13.31	4.03E-02
13.31	4.03E-02
13.31	4.03E-02
13.31	4.03E-02
13.31	4.03E-02
13.31	4.03E-02
13.31	4.03E-02
13.31	4.03E-02
13.31	4.03E-02
13.31	4.03E-02
13.32	4.03E-02
13.32	4.03E-02
13.32	4.03E-02
13.32	4.03E-02
13.32	4.03E-02
13.32	4.03E-02
13.32	4.03E-02
13.32	4.03E-02
13.32	4.03E-02
13.32	4.03E-02
13.32	4.03E-02
13.32	4.03E-02
13.32	4.03E-02
13.32	4.03E-02
13.32	4.03E-02
13.32	4.03E-02
13.32	4.03E-02
13.32	4.03E-02
13.32	4.03E-02
13.32	4.03E-02
13.33	4.03E-02
13.33	4.03E-02
13.33	4.03E-02
13.33	4.03E-02
13.33	4.03E-02
13.33	4.03E-02
13.33	4.03E-02
13.33	4.03E-02
13.33	4.03E-02
13.33	4.03E-02
13.33	4.03E-02
13.33	4.03E-02
13.33	4.03E-02
13.33	4.03E-02
13.33	4.03E-02
13.33	4.03E-02
13.33	4.03E-02
13.33	4.03E-02
13.33	4.03E-02
13.34	4.03E-02
13.34	4.03E-02
13.34	4.03E-02
13.34	4.03E-02
13.34	4.03E-02
13.34	4.03E-02
13.34	4.03E-02
13.34	4.03E-02
13.34	4.03E-02
13.34	4.03E-02
13.34	4.03E-02
13.34	4.03E-02
13.34	4.03E-02
13.34	4.03E-02
13.34	4.03E-02
13.34	4.03E-02
13.34	4.03E-02
13.34	4.03E-02
13.34	4.03E-02
13.34	4.02E-02
13.35	4.02E-02
13.35	4.02E-02
13.35	4.02E-02
13.35	4.02E-02
13.35	4.02E-02
13.35	4.02E-02
13.35	4.02E-02
13.35	4.02E-02
13.35	4.02E-02
13.35	4.02E-02
13.35	4.02E-02
13.35	4.02E-02
13.35	4.02E-02
13.35	4.02E-02
13.35	4.02E-02
13.35	4.02E-02
13.35	4.02E-02
13.35	4.02E-02
13.35	4.02E-02
13.35	4.02E-02
13.35	4.02E-02
13.36	4.02E-02
13.36	4.02E-02
13.36	4.02E-02
13.36	4.02E-02
13.36	4.02E-02
13.36	4.02E-02
13.36	4.02E-02
13.36	4.02E-02
13.36	4.02E-02
13.36	4.02E-02
13.36	4.02E-02
13.36	4.02E-02
13.36	4.02E-02
13.36	4.02E-02
13.36	4.02E-02
13.36	4.02E-02
13.36	4.02E-02
13.36	4.02E-02
13.36	4.02E-02
13.36	4.02E-02
13.37	4.02E-02
13.37	4.02E-02
13.37	4.02E-02
13.37	4.02E-02
13.37	4.02E-02
13.37	4.02E-02
13.37	4.02E-02
13.37	4.02E-02
13.37	4.02E-02
13.37	4.02E-02
13.37	4.02E-02
13.37	4.02E-02
13.37	4.02E-02
13.37	4.02E-02
13.37	4.02E-02
13.37	4.02E-02
13.37	4.02E-02
13.37	4.02E-02
13.37	4.02E-02
13.38	4.02E-02
13.38	4.02E-02
13.38	4.02E-02
13.38	4.02E-02
13.38	4.02E-02
13.38	4.02E-02
13.38	4.02E-02
13.38	4.02E-02
13.38	4.02E-02
13.38	4.02E-02
13.38	4.02E-02
13.38	4.02E-02
13.38	4.02E-02
13.38	4.02E-02
13.38	4.02E-02
13.38	4.02E-02
13.38	4.02E-02
13.38	4.02E-02
13.38	4.02E-02
13.38	4.02E-02
13.39	4.02E-02
13.39	4.02E-02
13.39	4.02E-02
13.39	4.02E-02
13.39	4.02E-02
13.39	4.02E-02
13.39	4.02E-02
13.39	4.02E-02
13.39	4.02E-02
13.39	4.02E-02
13.39	4.02E-02
13.39	4.02E-02
13.39	4.02E-02
13.39	4.02E-02
13.39	4.02E-02
13.39	4.02E-02
13.39	4.02E-02
13.39	4.02E-02
13.39	4.02E-02
13.39	4.02E-02
13.4	4.02E-02
13.4	4.02E-02
13.4	4.02E-02
13.4	4.02E-02
13.4	4.02E-02
13.4	4.02E-02
13.4	4.02E-02
13.4	4.02E-02
13.4	4.02E-02
13.4	4.02E-02
13.4	4.02E-02
13.4	4.02E-02
13.4	4.02E-02
13.4	4.02E-02
13.4	4.02E-02
13.4	4.02E-02
13.4	4.02E-02
13.4	4.02E-02
13.4	4.02E-02
13.4	4.02E-02
13.4	4.02E-02
13.41	4.02E-02
13.41	4.02E-02
13.41	4.02E-02
13.41	4.02E-02
13.41	4.02E-02
13.41	4.02E-02
13.41	4.02E-02
13.41	4.02E-02
13.41	4.02E-02
13.41	4.02E-02
13.41	4.02E-02
13.41	4.02E-02
13.41	4.02E-02
13.41	4.02E-02
13.41	4.02E-02
13.41	4.02E-02
13.41	4.02E-02
13.41	4.02E-02
13.41	4.02E-02
13.41	4.02E-02
13.42	4.02E-02
13.42	4.02E-02
13.42	4.02E-02
13.42	4.02E-02
13.42	4.02E-02
13.42	4.02E-02
13.42	4.02E-02
13.42	4.02E-02
13.42	4.02E-02
13.42	4.02E-02
13.42	4.02E-02
13.42	4.02E-02
13.42	4.02E-02
13.42	4.02E-02
13.42	4.02E-02
13.42	4.02E-02
13.42	4.02E-02
13.42	4.02E-02
13.42	4.02E-02
13.43	4.02E-02
13.43	4.02E-02
13.43	4.02E-02
13.43	4.02E-02
13.43	4.02E-02
13.43	4.01E-02
13.43	4.01E-02
13.43	4.01E-02
13.43	4.01E-02
13.43	4.01E-02
13.43	4.01E-02
13.43	4.01E-02
13.43	4.01E-02
13.43	4.01E-02
13.43	4.01E-02
13.43	4.01E-02
13.43	4.01E-02
13.43	4.01E-02
13.43	4.01E-02
13.43	4.01E-02
13.44	4.01E-02
13.44	4.01E-02
13.44	4.01E-02
13.44	4.01E-02
13.44	4.01E-02
13.44	4.01E-02
13.44	4.01E-02
13.44	4.01E-02
13.44	4.01E-02
13.44	4.01E-02
13.44	4.01E-02
13.44	4.01E-02
13.44	4.01E-02
13.44	4.01E-02
13.44	4.01E-02
13.44	4.01E-02
13.44	4.01E-02
13.44	4.01E-02
13.44	4.01E-02
13.44	4.01E-02
13.44	4.01E-02
13.45	4.01E-02
13.45	4.01E-02
13.45	4.01E-02
13.45	4.01E-02
13.45	4.01E-02
13.45	4.01E-02
13.45	4.01E-02
13.45	4.01E-02
13.45	4.01E-02
13.45	4.01E-02
13.45	4.01E-02
13.45	4.01E-02
13.45	4.01E-02
13.45	4.01E-02
13.45	4.01E-02
13.45	4.01E-02
13.45	4.01E-02
13.45	4.01E-02
13.45	4.01E-02
13.45	4.01E-02
13.46	4.01E-02
13.46	4.01E-02
13.46	4.01E-02
13.46	4.01E-02
13.46	4.01E-02
13.46	4.01E-02
13.46	4.01E-02
13.46	4.01E-02
13.46	4.01E-02
13.46	4.01E-02
13.46	4.01E-02
13.46	4.01E-02
13.46	4.01E-02
13.46	4.01E-02
13.46	4.01E-02
13.46	4.01E-02
13.46	4.01E-02
13.46	4.01E-02
13.46	4.01E-02
13.47	4.01E-02
13.47	4.01E-02
13.47	4.01E-02
13.47	4.01E-02
13.47	4.01E-02
13.47	4.01E-02
13.47	4.01E-02
13.47	4.01E-02
13.47	4.01E-02
13.47	4.01E-02
13.47	4.01E-02
13.47	4.01E-02
13.47	4.01E-02
13.47	4.01E-02
13.47	4.01E-02
13.47	4.01E-02
13.47	4.01E-02
13.47	4.01E-02
13.47	4.01E-02
13.47	4.01E-02
13.48	4.01E-02
13.48	4.01E-02
13.48	4.01E-02
13.48	4.01E-02
13.48	4.01E-02
13.48	4.01E-02
13.48	4.01E-02
13.48	4.01E-02
13.48	4.01E-02
13.48	4.01E-02
13.48	4.01E-02
13.48	4.01E-02
13.48	4.01E-02
13.48	4.01E-02
13.48	4.01E-02
13.48	4.01E-02
13.48	4.01E-02
13.48	4.01E-02
13.48	4.01E-02
13.48	4.01E-02
13.48	4.01E-02
13.49	4.01E-02
13.49	4.01E-02
13.49	4.01E-02
13.49	4.01E-02
13.49	4.01E-02
13.49	4.01E-02
13.49	4.01E-02
13.49	4.01E-02
13.49	4.01E-02
13.49	4.01E-02
13.49	4.01E-02
13.49	4.01E-02
13.49	4.01E-02
13.49	4.01E-02
13.49	4.01E-02
13.49	4.01E-02
13.49	4.01E-02
13.49	4.01E-02
13.49	4.01E-02
13.49	4.01E-02
13.5	4.01E-02
13.5	4.01E-02
13.5	4.01E-02
13.5	4.01E-02
13.5	4.01E-02
13.5	4.01E-02
13.5	4.01E-02
13.5	4.01E-02
13.5	4.01E-02
13.5	4.01E-02
13.5	4.01E-02
13.5	4.01E-02
13.5	4.01E-02
13.5	4.01E-02
13.5	4.01E-02
13.5	4.01E-02
13.5	4.01E-02
13.5	4.01E-02
13.5	4.00E-02
13.51	4.00E-02
13.51	4.00E-02
13.51	4.00E-02
13.51	4.00E-02
13.51	4.00E-02
13.51	4.00E-02
13.51	4.00E-02
13.51	4.00E-02
13.51	4.00E-02
13.51	4.00E-02
13.51	4.00E-02
13.51	4.00E-02
13.51	4.00E-02
13.51	4.00E-02
13.51	4.00E-02
13.51	4.00E-02
13.51	4.00E-02
13.51	4.00E-02
13.51	4.00E-02
13.51	4.00E-02
13.52	4.00E-02
13.52	4.00E-02
13.52	4.00E-02
13.52	4.00E-02
13.52	4.00E-02
13.52	4.00E-02
13.52	4.00E-02
13.52	4.00E-02
13.52	4.00E-02
13.52	4.00E-02
13.52	4.00E-02
13.52	4.00E-02
13.52	4.00E-02
13.52	4.00E-02
13.52	4.00E-02
13.52	4.00E-02
13.52	4.00E-02
13.52	4.00E-02
13.52	4.00E-02
13.52	4.00E-02
13.52	4.00E-02
13.53	4.00E-02
13.53	4.00E-02
13.53	4.00E-02
13.53	4.00E-02
13.53	4.00E-02
13.53	4.00E-02
13.53	4.00E-02
13.53	4.00E-02
13.53	4.00E-02
13.53	4.00E-02
13.53	4.00E-02
13.53	4.00E-02
13.53	4.00E-02
13.53	4.00E-02
13.53	4.00E-02
13.53	4.00E-02
13.53	4.00E-02
13.53	4.00E-02
13.53	4.00E-02
13.53	4.00E-02
13.54	4.00E-02
13.54	4.00E-02
13.54	4.00E-02
13.54	4.00E-02
13.54	4.00E-02
13.54	4.00E-02
13.54	4.00E-02
13.54	4.00E-02
13.54	4.00E-02
13.54	4.00E-02
13.54	4.00E-02
13.54	4.00E-02
13.54	4.00E-02
13.54	4.00E-02
13.54	4.00E-02
13.54	4.00E-02
13.54	4.00E-02
13.54	4.00E-02
13.54	4.00E-02
13.55	4.00E-02
13.55	4.00E-02
13.55	4.00E-02
13.55	4.00E-02
13.55	4.00E-02
13.55	4.00E-02
13.55	4.00E-02
13.55	4.00E-02
13.55	4.00E-02
13.55	4.00E-02
13.55	4.00E-02
13.55	4.00E-02
13.55	4.00E-02
13.55	4.00E-02
13.55	4.00E-02
13.55	4.00E-02
13.55	4.00E-02
13.55	4.00E-02
13.55	4.00E-02
13.55	4.00E-02
13.56	4.00E-02
13.56	4.00E-02
13.56	4.00E-02
13.56	4.00E-02
13.56	4.00E-02
13.56	4.00E-02
13.56	4.00E-02
13.56	4.00E-02
13.56	4.00E-02
13.56	4.00E-02
13.56	4.00E-02
13.56	4.00E-02
13.56	4.00E-02
13.56	4.00E-02
13.56	4.00E-02
13.56	4.00E-02
13.56	4.00E-02
13.56	4.00E-02
13.56	4.00E-02
13.56	4.00E-02
13.56	4.00E-02
13.57	4.00E-02
13.57	4.00E-02
13.57	4.00E-02
13.57	4.00E-02
13.57	4.00E-02
13.57	4.00E-02
13.57	4.00E-02
13.57	4.00E-02
13.57	4.00E-02
13.57	4.00E-02
13.57	4.00E-02
13.57	4.00E-02
13.57	4.00E-02
13.57	4.00E-02
13.57	4.00E-02
13.57	4.00E-02
13.57	4.00E-02
13.57	4.00E-02
13.57	4.00E-02
13.57	4.00E-02
13.58	4.00E-02
13.58	4.00E-02
13.58	3.99E-02
13.58	3.99E-02
13.58	3.99E-02
13.58	3.99E-02
13.58	3.99E-02
13.58	3.99E-02
13.58	3.99E-02
13.58	3.99E-02
13.58	3.99E-02
13.58	3.99E-02
13.58	3.99E-02
13.58	3.99E-02
13.58	3.99E-02
13.58	3.99E-02
13.58	3.99E-02
13.58	3.99E-02
13.58	3.99E-02
13.59	3.99E-02
13.59	3.99E-02
13.59	3.99E-02
13.59	3.99E-02
13.59	3.99E-02
13.59	3.99E-02
13.59	3.99E-02
13.59	3.99E-02
13.59	3.99E-02
13.59	3.99E-02
13.59	3.99E-02
13.59	3.99E-02
13.59	3.99E-02
13.59	3.99E-02
13.59	3.99E-02
13.59	3.99E-02
13.59	3.99E-02
13.59	3.99E-02
13.59	3.99E-02
13.59	3.99E-02
13.6	3.99E-02
13.6	3.99E-02
13.6	3.99E-02
13.6	3.99E-02
13.6	3.99E-02
13.6	3.99E-02
13.6	3.99E-02
13.6	3.99E-02
13.6	3.99E-02
13.6	3.99E-02
13.6	3.99E-02
13.6	3.99E-02
13.6	3.99E-02
13.6	3.99E-02
13.6	3.99E-02
13.6	3.99E-02
13.6	3.99E-02
13.6	3.99E-02
13.6	3.99E-02
13.6	3.99E-02
13.6	3.99E-02
13.61	3.99E-02
13.61	3.99E-02
13.61	3.99E-02
13.61	3.99E-02
13.61	3.99E-02
13.61	3.99E-02
13.61	3.99E-02
13.61	3.99E-02
13.61	3.99E-02
13.61	3.99E-02
13.61	3.99E-02
13.61	3.99E-02
13.61	3.99E-02
13.61	3.99E-02
13.61	3.99E-02
13.61	3.99E-02
13.61	3.99E-02
13.61	3.99E-02
13.61	3.99E-02
13.61	3.99E-02
13.62	3.99E-02
13.62	3.99E-02
13.62	3.99E-02
13.62	3.99E-02
13.62	3.99E-02
13.62	3.99E-02
13.62	3.99E-02
13.62	3.99E-02
13.62	3.99E-02
13.62	3.99E-02
13.62	3.99E-02
13.62	3.99E-02
13.62	3.99E-02
13.62	3.99E-02
13.62	3.99E-02
13.62	3.99E-02
13.62	3.99E-02
13.62	3.99E-02
13.62	3.99E-02
13.62	3.99E-02
13.63	3.99E-02
13.63	3.99E-02
13.63	3.99E-02
13.63	3.99E-02
13.63	3.99E-02
13.63	3.99E-02
13.63	3.99E-02
13.63	3.99E-02
13.63	3.99E-02
13.63	3.99E-02
13.63	3.99E-02
13.63	3.99E-02
13.63	3.99E-02
13.63	3.99E-02
13.63	3.99E-02
13.63	3.99E-02
13.63	3.99E-02
13.63	3.99E-02
13.63	3.99E-02
13.64	3.99E-02
13.64	3.99E-02
13.64	3.99E-02
13.64	3.99E-02
13.64	3.99E-02
13.64	3.99E-02
13.64	3.99E-02
13.64	3.99E-02
13.64	3.99E-02
13.64	3.99E-02
13.64	3.99E-02
13.64	3.99E-02
13.64	3.99E-02
13.64	3.99E-02
13.64	3.99E-02
13.64	3.99E-02
13.64	3.99E-02
13.64	3.99E-02
13.64	3.98E-02
13.64	3.98E-02
13.65	3.98E-02
13.65	3.98E-02
13.65	3.98E-02
13.65	3.98E-02
13.65	3.98E-02
13.65	3.98E-02
13.65	3.98E-02
13.65	3.98E-02
13.65	3.98E-02
13.65	3.98E-02
13.65	3.98E-02
13.65	3.98E-02
13.65	3.98E-02
13.65	3.98E-02
13.65	3.98E-02
13.65	3.98E-02
13.65	3.98E-02
13.65	3.98E-02
13.65	3.98E-02
13.65	3.98E-02
13.65	3.98E-02
13.66	3.98E-02
13.66	3.98E-02
13.66	3.98E-02
13.66	3.98E-02
13.66	3.98E-02
13.66	3.98E-02
13.66	3.98E-02
13.66	3.98E-02
13.66	3.98E-02
13.66	3.98E-02
13.66	3.98E-02
13.66	3.98E-02
13.66	3.98E-02
13.66	3.98E-02
13.66	3.98E-02
13.66	3.98E-02
13.66	3.98E-02
13.66	3.98E-02
13.66	3.98E-02
13.66	3.98E-02
13.67	3.98E-02
13.67	3.98E-02
13.67	3.98E-02
13.67	3.98E-02
13.67	3.98E-02
13.67	3.98E-02
13.67	3.98E-02
13.67	3.98E-02
13.67	3.98E-02
13.67	3.98E-02
13.67	3.98E-02
13.67	3.98E-02
13.67	3.98E-02
13.67	3.98E-02
13.67	3.98E-02
13.67	3.98E-02
13.67	3.98E-02
13.67	3.98E-02
13.67	3.98E-02
13.68	3.98E-02
13.68	3.98E-02
13.68	3.98E-02
13.68	3.98E-02
13.68	3.98E-02
13.68	3.98E-02
13.68	3.98E-02
13.68	3.98E-02
13.68	3.98E-02
13.68	3.98E-02
13.68	3.98E-02
13.68	3.98E-02
13.68	3.98E-02
13.68	3.98E-02
13.68	3.98E-02
13.68	3.98E-02
13.68	3.98E-02
13.68	3.98E-02
13.68	3.98E-02
13.68	3.98E-02
13.69	3.98E-02
13.69	3.98E-02
13.69	3.98E-02
13.69	3.98E-02
13.69	3.98E-02
13.69	3.98E-02
13.69	3.98E-02
13.69	3.98E-02
13.69	3.98E-02
13.69	3.98E-02
13.69	3.98E-02
13.69	3.98E-02
13.69	3.98E-02
13.69	3.98E-02
13.69	3.98E-02
13.69	3.98E-02
13.69	3.98E-02
13.69	3.98E-02
13.69	3.98E-02
13.69	3.98E-02
13.69	3.98E-02
13.7	3.98E-02
13.7	3.98E-02
13.7	3.98E-02
13.7	3.98E-02
13.7	3.98E-02
13.7	3.98E-02
13.7	3.98E-02
13.7	3.98E-02
13.7	3.98E-02
13.7	3.98E-02
13.7	3.98E-02
13.7	3.98E-02
13.7	3.98E-02
13.7	3.98E-02
13.7	3.98E-02
13.7	3.98E-02
13.7	3.98E-02
13.7	3.98E-02
13.7	3.98E-02
13.7	3.98E-02
13.71	3.98E-02
13.71	3.98E-02
13.71	3.98E-02
13.71	3.98E-02
13.71	3.98E-02
13.71	3.97E-02
13.71	3.97E-02
13.71	3.97E-02
13.71	3.97E-02
13.71	3.97E-02
13.71	3.97E-02
13.71	3.97E-02
13.71	3.97E-02
13.71	3.97E-02
13.71	3.97E-02
13.71	3.97E-02
13.71	3.97E-02
13.71	3.97E-02
13.71	3.97E-02
13.72	3.97E-02
13.72	3.97E-02
13.72	3.97E-02
13.72	3.97E-02
13.72	3.97E-02
13.72	3.97E-02
13.72	3.97E-02
13.72	3.97E-02
13.72	3.97E-02
13.72	3.97E-02
13.72	3.97E-02
13.72	3.97E-02
13.72	3.97E-02
13.72	3.97E-02
13.72	3.97E-02
13.72	3.97E-02
13.72	3.97E-02
13.72	3.97E-02
13.72	3.97E-02
13.72	3.97E-02
13.73	3.97E-02
13.73	3.97E-02
13.73	3.97E-02
13.73	3.97E-02
13.73	3.97E-02
13.73	3.97E-02
13.73	3.97E-02
13.73	3.97E-02
13.73	3.97E-02
13.73	3.97E-02
13.73	3.97E-02
13.73	3.97E-02
13.73	3.97E-02
13.73	3.97E-02
13.73	3.97E-02
13.73	3.97E-02
13.73	3.97E-02
13.73	3.97E-02
13.73	3.97E-02
13.73	3.97E-02
13.73	3.97E-02
13.74	3.97E-02
13.74	3.97E-02
13.74	3.97E-02
13.74	3.97E-02
13.74	3.97E-02
13.74	3.97E-02
13.74	3.97E-02
13.74	3.97E-02
13.74	3.97E-02
13.74	3.97E-02
13.74	3.97E-02
13.74	3.97E-02
13.74	3.97E-02
13.74	3.97E-02
13.74	3.97E-02
13.74	3.97E-02
13.74	3.97E-02
13.74	3.97E-02
13.74	3.97E-02
13.74	3.97E-02
13.75	3.97E-02
13.75	3.97E-02
13.75	3.97E-02
13.75	3.97E-02
13.75	3.97E-02
13.75	3.97E-02
13.75	3.97E-02
13.75	3.97E-02
13.75	3.97E-02
13.75	3.97E-02
13.75	3.97E-02
13.75	3.97E-02
13.75	3.97E-02
13.75	3.97E-02
13.75	3.97E-02
13.75	3.97E-02
13.75	3.97E-02
13.75	3.97E-02
13.75	3.97E-02
13.76	3.97E-02
13.76	3.97E-02
13.76	3.97E-02
13.76	3.97E-02
13.76	3.97E-02
13.76	3.97E-02
13.76	3.97E-02
13.76	3.97E-02
13.76	3.97E-02
13.76	3.97E-02
13.76	3.97E-02
13.76	3.97E-02
13.76	3.97E-02
13.76	3.97E-02
13.76	3.97E-02
13.76	3.97E-02
13.76	3.97E-02
13.76	3.97E-02
13.76	3.97E-02
13.76	3.97E-02
13.77	3.97E-02
13.77	3.97E-02
13.77	3.97E-02
13.77	3.97E-02
13.77	3.97E-02
13.77	3.97E-02
13.77	3.97E-02
13.77	3.97E-02
13.77	3.96E-02
13.77	3.96E-02
13.77	3.96E-02
13.77	3.96E-02
13.77	3.96E-02
13.77	3.96E-02
13.77	3.96E-02
13.77	3.96E-02
13.77	3.96E-02
13.77	3.96E-02
13.77	3.96E-02
13.77	3.96E-02
13.77	3.96E-02
13.78	3.96E-02
13.78	3.96E-02
13.78	3.96E-02
13.78	3.96E-02
13.78	3.96E-02
13.78	3.96E-02
13.78	3.96E-02
13.78	3.96E-02
13.78	3.96E-02
13.78	3.96E-02
13.78	3.96E-02
13.78	3.96E-02
13.78	3.96E-02
13.78	3.96E-02
13.78	3.96E-02
13.78	3.96E-02
13.78	3.96E-02
13.78	3.96E-02
13.78	3.96E-02
13.78	3.96E-02
13.79	3.96E-02
13.79	3.96E-02
13.79	3.96E-02
13.79	3.96E-02
13.79	3.96E-02
13.79	3.96E-02
13.79	3.96E-02
13.79	3.96E-02
13.79	3.96E-02
13.79	3.96E-02
13.79	3.96E-02
13.79	3.96E-02
13.79	3.96E-02
13.79	3.96E-02
13.79	3.96E-02
13.79	3.96E-02
13.79	3.96E-02
13.79	3.96E-02
13.79	3.96E-02
13.8	3.96E-02
13.8	3.96E-02
13.8	3.96E-02
13.8	3.96E-02
13.8	3.96E-02
13.8	3.96E-02
13.8	3.96E-02
13.8	3.96E-02
13.8	3.96E-02
13.8	3.96E-02
13.8	3.96E-02
13.8	3.96E-02
13.8	3.96E-02
13.8	3.96E-02
13.8	3.96E-02
13.8	3.96E-02
13.8	3.96E-02
13.8	3.96E-02
13.8	3.96E-02
13.8	3.96E-02
13.81	3.96E-02
13.81	3.96E-02
13.81	3.96E-02
13.81	3.96E-02
13.81	3.96E-02
13.81	3.96E-02
13.81	3.96E-02
13.81	3.96E-02
13.81	3.96E-02
13.81	3.96E-02
13.81	3.96E-02
13.81	3.96E-02
13.81	3.96E-02
13.81	3.96E-02
13.81	3.96E-02
13.81	3.96E-02
13.81	3.96E-02
13.81	3.96E-02
13.81	3.96E-02
13.81	3.96E-02
13.81	3.96E-02
13.82	3.96E-02
13.82	3.96E-02
13.82	3.96E-02
13.82	3.96E-02
13.82	3.96E-02
13.82	3.96E-02
13.82	3.96E-02
13.82	3.96E-02
13.82	3.96E-02
13.82	3.96E-02
13.82	3.96E-02
13.82	3.96E-02
13.82	3.96E-02
13.82	3.96E-02
13.82	3.96E-02
13.82	3.96E-02
13.82	3.96E-02
13.82	3.96E-02
13.82	3.96E-02
13.82	3.96E-02
13.83	3.96E-02
13.83	3.96E-02
13.83	3.96E-02
13.83	3.96E-02
13.83	3.95E-02
13.83	3.95E-02
13.83	3.95E-02
13.83	3.95E-02
13.83	3.95E-02
13.83	3.95E-02
13.83	3.95E-02
13.83	3.95E-02
13.83	3.95E-02
13.83	3.95E-02
13.83	3.95E-02
13.83	3.95E-02
13.83	3.95E-02
13.83	3.95E-02
13.83	3.95E-02
13.84	3.95E-02
13.84	3.95E-02
13.84	3.95E-02
13.84	3.95E-02
13.84	3.95E-02
13.84	3.95E-02
13.84	3.95E-02
13.84	3.95E-02
13.84	3.95E-02
13.84	3.95E-02
13.84	3.95E-02
13.84	3.95E-02
13.84	3.95E-02
13.84	3.95E-02
13.84	3.95E-02
13.84	3.95E-02
13.84	3.95E-02
13.84	3.95E-02
13.84	3.95E-02
13.84	3.95E-02
13.85	3.95E-02
13.85	3.95E-02
13.85	3.95E-02
13.85	3.95E-02
13.85	3.95E-02
13.85	3.95E-02
13.85	3.95E-02
13.85	3.95E-02
13.85	3.95E-02
13.85	3.95E-02
13.85	3.95E-02
13.85	3.95E-02
13.85	3.95E-02
13.85	3.95E-02
13.85	3.95E-02
13.85	3.95E-02
13.85	3.95E-02
13.85	3.95E-02
13.85	3.95E-02
13.85	3.95E-02
13.85	3.95E-02
13.86	3.95E-02
13.86	3.95E-02
13.86	3.95E-02
13.86	3.95E-02
13.86	3.95E-02
13.86	3.95E-02
13.86	3.95E-02
13.86	3.95E-02
13.86	3.95E-02
13.86	3.95E-02
13.86	3.95E-02
13.86	3.95E-02
13.86	3.95E-02
13.86	3.95E-02
13.86	3.95E-02
13.86	3.95E-02
13.86	3.95E-02
13.86	3.95E-02
13.86	3.95E-02
13.86	3.95E-02
13.87	3.95E-02
13.87	3.95E-02
13.87	3.95E-02
13.87	3.95E-02
13.87	3.95E-02
13.87	3.95E-02
13.87	3.95E-02
13.87	3.95E-02
13.87	3.95E-02
13.87	3.95E-02
13.87	3.95E-02
13.87	3.95E-02
13.87	3.95E-02
13.87	3.95E-02
13.87	3.95E-02
13.87	3.95E-02
13.87	3.95E-02
13.87	3.95E-02
13.87	3.95E-02
13.88	3.95E-02
13.88	3.95E-02
13.88	3.95E-02
13.88	3.95E-02
13.88	3.95E-02
13.88	3.95E-02
13.88	3.95E-02
13.88	3.95E-02
13.88	3.95E-02
13.88	3.95E-02
13.88	3.95E-02
13.88	3.95E-02
13.88	3.95E-02
13.88	3.95E-02
13.88	3.95E-02
13.88	3.95E-02
13.88	3.95E-02
13.88	3.94E-02
13.88	3.94E-02
13.88	3.94E-02
13.89	3.94E-02
13.89	3.94E-02
13.89	3.94E-02
13.89	3.94E-02
13.89	3.94E-02
13.89	3.94E-02
13.89	3.94E-02
13.89	3.94E-02
13.89	3.94E-02
13.89	3.94E-02
13.89	3.94E-02
13.89	3.94E-02
13.89	3.94E-02
13.89	3.94E-02
13.89	3.94E-02
13.89	3.94E-02
13.89	3.94E-02
13.89	3.94E-02
13.89	3.94E-02
13.89	3.94E-02
13.9	3.94E-02
13.9	3.94E-02
13.9	3.94E-02
13.9	3.94E-02
13.9	3.94E-02
13.9	3.94E-02
13.9	3.94E-02
13.9	3.94E-02
13.9	3.94E-02
13.9	3.94E-02
13.9	3.94E-02
13.9	3.94E-02
13.9	3.94E-02
13.9	3.94E-02
13.9	3.94E-02
13.9	3.94E-02
13.9	3.94E-02
13.9	3.94E-02
13.9	3.94E-02
13.9	3.94E-02
13.9	3.94E-02
13.91	3.94E-02
13.91	3.94E-02
13.91	3.94E-02
13.91	3.94E-02
13.91	3.94E-02
13.91	3.94E-02
13.91	3.94E-02
13.91	3.94E-02
13.91	3.94E-02
13.91	3.94E-02
13.91	3.94E-02
13.91	3.94E-02
13.91	3.94E-02
13.91	3.94E-02
13.91	3.94E-02
13.91	3.94E-02
13.91	3.94E-02
13.91	3.94E-02
13.91	3.94E-02
13.91	3.94E-02
13.92	3.94E-02
13.92	3.94E-02
13.92	3.94E-02
13.92	3.94E-02
13.92	3.94E-02
13.92	3.94E-02
13.92	3.94E-02
13.92	3.94E-02
13.92	3.94E-02
13.92	3.94E-02
13.92	3.94E-02
13.92	3.94E-02
13.92	3.94E-02
13.92	3.94E-02
13.92	3.94E-02
13.92	3.94E-02
13.92	3.94E-02
13.92	3.94E-02
13.92	3.94E-02
13.93	3.94E-02
13.93	3.94E-02
13.93	3.94E-02
13.93	3.94E-02
13.93	3.94E-02
13.93	3.94E-02
13.93	3.94E-02
13.93	3.94E-02
13.93	3.94E-02
13.93	3.94E-02
13.93	3.94E-02
13.93	3.94E-02
13.93	3.94E-02
13.93	3.94E-02
13.93	3.94E-02
13.93	3.94E-02
13.93	3.94E-02
13.93	3.94E-02
13.93	3.94E-02
13.93	3.94E-02
13.94	3.94E-02
13.94	3.94E-02
13.94	3.94E-02
13.94	3.94E-02
13.94	3.94E-02
13.94	3.93E-02
13.94	3.93E-02
13.94	3.93E-02
13.94	3.93E-02
13.94	3.93E-02
13.94	3.93E-02
13.94	3.93E-02
13.94	3.93E-02
13.94	3.93E-02
13.94	3.93E-02
13.94	3.93E-02
13.94	3.93E-02
13.94	3.93E-02
13.94	3.93E-02
13.94	3.93E-02
13.94	3.93E-02
13.95	3.93E-02
13.95	3.93E-02
13.95	3.93E-02
13.95	3.93E-02
13.95	3.93E-02
13.95	3.93E-02
13.95	3.93E-02
13.95	3.93E-02
13.95	3.93E-02
13.95	3.93E-02
13.95	3.93E-02
13.95	3.93E-02
13.95	3.93E-02
13.95	3.93E-02
13.95	3.93E-02
13.95	3.93E-02
13.95	3.93E-02
13.95	3.93E-02
13.95	3.93E-02
13.95	3.93E-02
13.96	3.93E-02
13.96	3.93E-02
13.96	3.93E-02
13.96	3.93E-02
13.96	3.93E-02
13.96	3.93E-02
13.96	3.93E-02
13.96	3.93E-02
13.96	3.93E-02
13.96	3.93E-02
13.96	3.93E-02
13.96	3.93E-02
13.96	3.93E-02
13.96	3.93E-02
13.96	3.93E-02
13.96	3.93E-02
13.96	3.93E-02
13.96	3.93E-02
13.96	3.93E-02
13.97	3.93E-02
13.97	3.93E-02
13.97	3.93E-02
13.97	3.93E-02
13.97	3.93E-02
13.97	3.93E-02
13.97	3.93E-02
13.97	3.93E-02
13.97	3.93E-02
13.97	3.93E-02
13.97	3.93E-02
13.97	3.93E-02
13.97	3.93E-02
13.97	3.93E-02
13.97	3.93E-02
13.97	3.93E-02
13.97	3.93E-02
13.97	3.93E-02
13.97	3.93E-02
13.97	3.93E-02
13.98	3.93E-02
13.98	3.93E-02
13.98	3.93E-02
13.98	3.93E-02
13.98	3.93E-02
13.98	3.93E-02
13.98	3.93E-02
13.98	3.93E-02
13.98	3.93E-02
13.98	3.93E-02
13.98	3.93E-02
13.98	3.93E-02
13.98	3.93E-02
13.98	3.93E-02
13.98	3.93E-02
13.98	3.93E-02
13.98	3.93E-02
13.98	3.93E-02
13.98	3.93E-02
13.98	3.93E-02
13.98	3.93E-02
13.99	3.93E-02
13.99	3.93E-02
13.99	3.93E-02
13.99	3.93E-02
13.99	3.93E-02
13.99	3.93E-02
13.99	3.93E-02
13.99	3.93E-02
13.99	3.93E-02
13.99	3.92E-02
13.99	3.92E-02
13.99	3.92E-02
13.99	3.92E-02
13.99	3.92E-02
13.99	3.92E-02
13.99	3.92E-02
13.99	3.92E-02
13.99	3.92E-02
13.99	3.92E-02
13.99	3.92E-02
14	3.92E-02
14	3.92E-02
14	3.92E-02
14	3.92E-02
14	3.92E-02
14	3.92E-02
14	3.92E-02
14	3.92E-02
14	3.92E-02
14	3.92E-02
14	3.92E-02
14	3.92E-02
14	3.92E-02
14	3.92E-02
14	3.92E-02
14	3.92E-02
14	3.92E-02
14	3.92E-02
14	3.92E-02
14.01	3.92E-02
14.01	3.92E-02
14.01	3.92E-02
14.01	3.92E-02
14.01	3.92E-02
14.01	3.92E-02
14.01	3.92E-02
14.01	3.92E-02
14.01	3.92E-02
14.01	3.92E-02
14.01	3.92E-02
14.01	3.92E-02
14.01	3.92E-02
14.01	3.92E-02
14.01	3.92E-02
14.01	3.92E-02
14.01	3.92E-02
14.01	3.92E-02
14.01	3.92E-02
14.01	3.92E-02
14.02	3.92E-02
14.02	3.92E-02
14.02	3.92E-02
14.02	3.92E-02
14.02	3.92E-02
14.02	3.92E-02
14.02	3.92E-02
14.02	3.92E-02
14.02	3.92E-02
14.02	3.92E-02
14.02	3.92E-02
14.02	3.92E-02
14.02	3.92E-02
14.02	3.92E-02
14.02	3.92E-02
14.02	3.92E-02
14.02	3.92E-02
14.02	3.92E-02
14.02	3.92E-02
14.02	3.92E-02
14.02	3.92E-02
14.03	3.92E-02
14.03	3.92E-02
14.03	3.92E-02
14.03	3.92E-02
14.03	3.92E-02
14.03	3.92E-02
14.03	3.92E-02
14.03	3.92E-02
14.03	3.92E-02
14.03	3.92E-02
14.03	3.92E-02
14.03	3.92E-02
14.03	3.92E-02
14.03	3.92E-02
14.03	3.92E-02
14.03	3.92E-02
14.03	3.92E-02
14.03	3.92E-02
14.03	3.92E-02
14.03	3.92E-02
14.04	3.92E-02
14.04	3.92E-02
14.04	3.92E-02
14.04	3.92E-02
14.04	3.92E-02
14.04	3.92E-02
14.04	3.92E-02
14.04	3.92E-02
14.04	3.92E-02
14.04	3.92E-02
14.04	3.91E-02
14.04	3.91E-02
14.04	3.91E-02
14.04	3.91E-02
14.04	3.91E-02
14.04	3.91E-02
14.04	3.91E-02
14.04	3.91E-02
14.04	3.91E-02
14.05	3.91E-02
14.05	3.91E-02
14.05	3.91E-02
14.05	3.91E-02
14.05	3.91E-02
14.05	3.91E-02
14.05	3.91E-02
14.05	3.91E-02
14.05	3.91E-02
14.05	3.91E-02
14.05	3.91E-02
14.05	3.91E-02
14.05	3.91E-02
14.05	3.91E-02
14.05	3.91E-02
14.05	3.91E-02
14.05	3.91E-02
14.05	3.91E-02
14.05	3.91E-02
14.05	3.91E-02
14.06	3.91E-02
14.06	3.91E-02
14.06	3.91E-02
14.06	3.91E-02
14.06	3.91E-02
14.06	3.91E-02
14.06	3.91E-02
14.06	3.91E-02
14.06	3.91E-02
14.06	3.91E-02
14.06	3.91E-02
14.06	3.91E-02
14.06	3.91E-02
14.06	3.91E-02
14.06	3.91E-02
14.06	3.91E-02
14.06	3.91E-02
14.06	3.91E-02
14.06	3.91E-02
14.06	3.91E-02
14.06	3.91E-02
14.07	3.91E-02
14.07	3.91E-02
14.07	3.91E-02
14.07	3.91E-02
14.07	3.91E-02
14.07	3.91E-02
14.07	3.91E-02
14.07	3.91E-02
14.07	3.91E-02
14.07	3.91E-02
14.07	3.91E-02
14.07	3.91E-02
14.07	3.91E-02
14.07	3.91E-02
14.07	3.91E-02
14.07	3.91E-02
14.07	3.91E-02
14.07	3.91E-02
14.07	3.91E-02
14.07	3.91E-02
14.08	3.91E-02
14.08	3.91E-02
14.08	3.91E-02
14.08	3.91E-02
14.08	3.91E-02
14.08	3.91E-02
14.08	3.91E-02
14.08	3.91E-02
14.08	3.91E-02
14.08	3.91E-02
14.08	3.91E-02
14.08	3.91E-02
14.08	3.91E-02
14.08	3.91E-02
14.08	3.91E-02
14.08	3.91E-02
14.08	3.91E-02
14.08	3.91E-02
14.08	3.91E-02
14.09	3.91E-02
14.09	3.91E-02
14.09	3.91E-02
14.09	3.91E-02
14.09	3.91E-02
14.09	3.91E-02
14.09	3.91E-02
14.09	3.91E-02
14.09	3.91E-02
14.09	3.90E-02
14.09	3.90E-02
14.09	3.90E-02
14.09	3.90E-02
14.09	3.90E-02
14.09	3.90E-02
14.09	3.90E-02
14.09	3.90E-02
14.09	3.90E-02
14.09	3.90E-02
14.09	3.90E-02
14.1	3.90E-02
14.1	3.90E-02
14.1	3.90E-02
14.1	3.90E-02
14.1	3.90E-02
14.1	3.90E-02
14.1	3.90E-02
14.1	3.90E-02
14.1	3.90E-02
14.1	3.90E-02
14.1	3.90E-02
14.1	3.90E-02
14.1	3.90E-02
14.1	3.90E-02
14.1	3.90E-02
14.1	3.90E-02
14.1	3.90E-02
14.1	3.90E-02
14.1	3.90E-02
14.1	3.90E-02
14.1	3.90E-02
14.11	3.90E-02
14.11	3.90E-02
14.11	3.90E-02
14.11	3.90E-02
14.11	3.90E-02
14.11	3.90E-02
14.11	3.90E-02
14.11	3.90E-02
14.11	3.90E-02
14.11	3.90E-02
14.11	3.90E-02
14.11	3.90E-02
14.11	3.90E-02
14.11	3.90E-02
14.11	3.90E-02
14.11	3.90E-02
14.11	3.90E-02
14.11	3.90E-02
14.11	3.90E-02
14.11	3.90E-02
14.12	3.90E-02
14.12	3.90E-02
14.12	3.90E-02
14.12	3.90E-02
14.12	3.90E-02
14.12	3.90E-02
14.12	3.90E-02
14.12	3.90E-02
14.12	3.90E-02
14.12	3.90E-02
14.12	3.90E-02
14.12	3.90E-02
14.12	3.90E-02
14.12	3.90E-02
14.12	3.90E-02
14.12	3.90E-02
14.12	3.90E-02
14.12	3.90E-02
14.12	3.90E-02
14.12	3.90E-02
14.13	3.90E-02
14.13	3.90E-02
14.13	3.90E-02
14.13	3.90E-02
14.13	3.90E-02
14.13	3.90E-02
14.13	3.90E-02
14.13	3.90E-02
14.13	3.90E-02
14.13	3.90E-02
14.13	3.90E-02
14.13	3.90E-02
14.13	3.90E-02
14.13	3.90E-02
14.13	3.90E-02
14.13	3.90E-02
14.13	3.90E-02
14.13	3.90E-02
14.13	3.90E-02
14.14	3.90E-02
14.14	3.90E-02
14.14	3.90E-02
14.14	3.90E-02
14.14	3.89E-02
14.14	3.89E-02
14.14	3.89E-02
14.14	3.89E-02
14.14	3.89E-02
14.14	3.89E-02
14.14	3.89E-02
14.14	3.89E-02
14.14	3.89E-02
14.14	3.89E-02
14.14	3.89E-02
14.14	3.89E-02
14.14	3.89E-02
14.14	3.89E-02
14.14	3.89E-02
14.14	3.89E-02
14.15	3.89E-02
14.15	3.89E-02
14.15	3.89E-02
14.15	3.89E-02
14.15	3.89E-02
14.15	3.89E-02
14.15	3.89E-02
14.15	3.89E-02
14.15	3.89E-02
14.15	3.89E-02
14.15	3.89E-02
14.15	3.89E-02
14.15	3.89E-02
14.15	3.89E-02
14.15	3.89E-02
14.15	3.89E-02
14.15	3.89E-02
14.15	3.89E-02
14.15	3.89E-02
14.15	3.89E-02
14.15	3.89E-02
14.16	3.89E-02
14.16	3.89E-02
14.16	3.89E-02
14.16	3.89E-02
14.16	3.89E-02
14.16	3.89E-02
14.16	3.89E-02
14.16	3.89E-02
14.16	3.89E-02
14.16	3.89E-02
14.16	3.89E-02
14.16	3.89E-02
14.16	3.89E-02
14.16	3.89E-02
14.16	3.89E-02
14.16	3.89E-02
14.16	3.89E-02
14.16	3.89E-02
14.16	3.89E-02
14.16	3.89E-02
14.17	3.89E-02
14.17	3.89E-02
14.17	3.89E-02
14.17	3.89E-02
14.17	3.89E-02
14.17	3.89E-02
14.17	3.89E-02
14.17	3.89E-02
14.17	3.89E-02
14.17	3.89E-02
14.17	3.89E-02
14.17	3.89E-02
14.17	3.89E-02
14.17	3.89E-02
14.17	3.89E-02
14.17	3.89E-02
14.17	3.89E-02
14.17	3.89E-02
14.17	3.89E-02
14.18	3.89E-02
14.18	3.89E-02
14.18	3.89E-02
14.18	3.89E-02
14.18	3.89E-02
14.18	3.89E-02
14.18	3.89E-02
14.18	3.89E-02
14.18	3.89E-02
14.18	3.89E-02
14.18	3.89E-02
14.18	3.89E-02
14.18	3.89E-02
14.18	3.89E-02
14.18	3.89E-02
14.18	3.89E-02
14.18	3.88E-02
14.18	3.88E-02
14.18	3.88E-02
14.18	3.88E-02
14.19	3.88E-02
14.19	3.88E-02
14.19	3.88E-02
14.19	3.88E-02
14.19	3.88E-02
14.19	3.88E-02
14.19	3.88E-02
14.19	3.88E-02
14.19	3.88E-02
14.19	3.88E-02
14.19	3.88E-02
14.19	3.88E-02
14.19	3.88E-02
14.19	3.88E-02
14.19	3.88E-02
14.19	3.88E-02
14.19	3.88E-02
14.19	3.88E-02
14.19	3.88E-02
14.19	3.88E-02
14.19	3.88E-02
14.2	3.88E-02
14.2	3.88E-02
14.2	3.88E-02
14.2	3.88E-02
14.2	3.88E-02
14.2	3.88E-02
14.2	3.88E-02
14.2	3.88E-02
14.2	3.88E-02
14.2	3.88E-02
14.2	3.88E-02
14.2	3.88E-02
14.2	3.88E-02
14.2	3.88E-02
14.2	3.88E-02
14.2	3.88E-02
14.2	3.88E-02
14.2	3.88E-02
14.2	3.88E-02
14.2	3.88E-02
14.21	3.88E-02
14.21	3.88E-02
14.21	3.88E-02
14.21	3.88E-02
14.21	3.88E-02
14.21	3.88E-02
14.21	3.88E-02
14.21	3.88E-02
14.21	3.88E-02
14.21	3.88E-02
14.21	3.88E-02
14.21	3.88E-02
14.21	3.88E-02
14.21	3.88E-02
14.21	3.88E-02
14.21	3.88E-02
14.21	3.88E-02
14.21	3.88E-02
14.21	3.88E-02
14.22	3.88E-02
14.22	3.88E-02
14.22	3.88E-02
14.22	3.88E-02
14.22	3.88E-02
14.22	3.88E-02
14.22	3.88E-02
14.22	3.88E-02
14.22	3.88E-02
14.22	3.88E-02
14.22	3.88E-02
14.22	3.88E-02
14.22	3.88E-02
14.22	3.88E-02
14.22	3.88E-02
14.22	3.88E-02
14.22	3.88E-02
14.22	3.88E-02
14.22	3.88E-02
14.22	3.88E-02
14.23	3.88E-02
14.23	3.88E-02
14.23	3.88E-02
14.23	3.88E-02
14.23	3.88E-02
14.23	3.88E-02
14.23	3.88E-02
14.23	3.87E-02
14.23	3.87E-02
14.23	3.87E-02
14.23	3.87E-02
14.23	3.87E-02
14.23	3.87E-02
14.23	3.87E-02
14.23	3.87E-02
14.23	3.87E-02
14.23	3.87E-02
14.23	3.87E-02
14.23	3.87E-02
14.23	3.87E-02
14.23	3.87E-02
14.24	3.87E-02
14.24	3.87E-02
14.24	3.87E-02
14.24	3.87E-02
14.24	3.87E-02
14.24	3.87E-02
14.24	3.87E-02
14.24	3.87E-02
14.24	3.87E-02
14.24	3.87E-02
14.24	3.87E-02
14.24	3.87E-02
14.24	3.87E-02
14.24	3.87E-02
14.24	3.87E-02
14.24	3.87E-02
14.24	3.87E-02
14.24	3.87E-02
14.24	3.87E-02
14.24	3.87E-02
14.25	3.87E-02
14.25	3.87E-02
14.25	3.87E-02
14.25	3.87E-02
14.25	3.87E-02
14.25	3.87E-02
14.25	3.87E-02
14.25	3.87E-02
14.25	3.87E-02
14.25	3.87E-02
14.25	3.87E-02
14.25	3.87E-02
14.25	3.87E-02
14.25	3.87E-02
14.25	3.87E-02
14.25	3.87E-02
14.25	3.87E-02
14.25	3.87E-02
14.25	3.87E-02
14.26	3.87E-02
14.26	3.87E-02
14.26	3.87E-02
14.26	3.87E-02
14.26	3.87E-02
14.26	3.87E-02
14.26	3.87E-02
14.26	3.87E-02
14.26	3.87E-02
14.26	3.87E-02
14.26	3.87E-02
14.26	3.87E-02
14.26	3.87E-02
14.26	3.87E-02
14.26	3.87E-02
14.26	3.87E-02
14.26	3.87E-02
14.26	3.87E-02
14.26	3.87E-02
14.26	3.87E-02
14.27	3.87E-02
14.27	3.87E-02
14.27	3.87E-02
14.27	3.87E-02
14.27	3.87E-02
14.27	3.87E-02
14.27	3.87E-02
14.27	3.87E-02
14.27	3.87E-02
14.27	3.87E-02
14.27	3.87E-02
14.27	3.87E-02
14.27	3.87E-02
14.27	3.87E-02
14.27	3.87E-02
14.27	3.86E-02
14.27	3.86E-02
14.27	3.86E-02
14.27	3.86E-02
14.27	3.86E-02
14.27	3.86E-02
14.28	3.86E-02
14.28	3.86E-02
14.28	3.86E-02
14.28	3.86E-02
14.28	3.86E-02
14.28	3.86E-02
14.28	3.86E-02
14.28	3.86E-02
14.28	3.86E-02
14.28	3.86E-02
14.28	3.86E-02
14.28	3.86E-02
14.28	3.86E-02
14.28	3.86E-02
14.28	3.86E-02
14.28	3.86E-02
14.28	3.86E-02
14.28	3.86E-02
14.28	3.86E-02
14.28	3.86E-02
14.29	3.86E-02
14.29	3.86E-02
14.29	3.86E-02
14.29	3.86E-02
14.29	3.86E-02
14.29	3.86E-02
14.29	3.86E-02
14.29	3.86E-02
14.29	3.86E-02
14.29	3.86E-02
14.29	3.86E-02
14.29	3.86E-02
14.29	3.86E-02
14.29	3.86E-02
14.29	3.86E-02
14.29	3.86E-02
14.29	3.86E-02
14.29	3.86E-02
14.29	3.86E-02
14.3	3.86E-02
14.3	3.86E-02
14.3	3.86E-02
14.3	3.86E-02
14.3	3.86E-02
14.3	3.86E-02
14.3	3.86E-02
14.3	3.86E-02
14.3	3.86E-02
14.3	3.86E-02
14.3	3.86E-02
14.3	3.86E-02
14.3	3.86E-02
14.3	3.86E-02
14.3	3.86E-02
14.3	3.86E-02
14.3	3.86E-02
14.3	3.86E-02
14.3	3.86E-02
14.3	3.86E-02
14.31	3.86E-02
14.31	3.86E-02
14.31	3.86E-02
14.31	3.86E-02
14.31	3.86E-02
14.31	3.86E-02
14.31	3.86E-02
14.31	3.86E-02
14.31	3.86E-02
14.31	3.86E-02
14.31	3.86E-02
14.31	3.86E-02
14.31	3.86E-02
14.31	3.86E-02
14.31	3.86E-02
14.31	3.86E-02
14.31	3.86E-02
14.31	3.86E-02
14.31	3.86E-02
14.31	3.86E-02
14.31	3.86E-02
14.32	3.85E-02
14.32	3.85E-02
14.32	3.85E-02
14.32	3.85E-02
14.32	3.85E-02
14.32	3.85E-02
14.32	3.85E-02
14.32	3.85E-02
14.32	3.85E-02
14.32	3.85E-02
14.32	3.85E-02
14.32	3.85E-02
14.32	3.85E-02
14.32	3.85E-02
14.32	3.85E-02
14.32	3.85E-02
14.32	3.85E-02
14.32	3.85E-02
14.32	3.85E-02
14.32	3.85E-02
14.33	3.85E-02
14.33	3.85E-02
14.33	3.85E-02
14.33	3.85E-02
14.33	3.85E-02
14.33	3.85E-02
14.33	3.85E-02
14.33	3.85E-02
14.33	3.85E-02
14.33	3.85E-02
14.33	3.85E-02
14.33	3.85E-02
14.33	3.85E-02
14.33	3.85E-02
14.33	3.85E-02
14.33	3.85E-02
14.33	3.85E-02
14.33	3.85E-02
14.33	3.85E-02
14.34	3.85E-02
14.34	3.85E-02
14.34	3.85E-02
14.34	3.85E-02
14.34	3.85E-02
14.34	3.85E-02
14.34	3.85E-02
14.34	3.85E-02
14.34	3.85E-02
14.34	3.85E-02
14.34	3.85E-02
14.34	3.85E-02
14.34	3.85E-02
14.34	3.85E-02
14.34	3.85E-02
14.34	3.85E-02
14.34	3.85E-02
14.34	3.85E-02
14.34	3.85E-02
14.34	3.85E-02
14.35	3.85E-02
14.35	3.85E-02
14.35	3.85E-02
14.35	3.85E-02
14.35	3.85E-02
14.35	3.85E-02
14.35	3.85E-02
14.35	3.85E-02
14.35	3.85E-02
14.35	3.85E-02
14.35	3.85E-02
14.35	3.85E-02
14.35	3.85E-02
14.35	3.85E-02
14.35	3.85E-02
14.35	3.85E-02
14.35	3.85E-02
14.35	3.85E-02
14.35	3.85E-02
14.35	3.85E-02
14.35	3.85E-02
14.36	3.85E-02
14.36	3.85E-02
14.36	3.85E-02
14.36	3.85E-02
14.36	3.84E-02
14.36	3.84E-02
14.36	3.84E-02
14.36	3.84E-02
14.36	3.84E-02
14.36	3.84E-02
14.36	3.84E-02
14.36	3.84E-02
14.36	3.84E-02
14.36	3.84E-02
14.36	3.84E-02
14.36	3.84E-02
14.36	3.84E-02
14.36	3.84E-02
14.36	3.84E-02
14.36	3.84E-02
14.37	3.84E-02
14.37	3.84E-02
14.37	3.84E-02
14.37	3.84E-02
14.37	3.84E-02
14.37	3.84E-02
14.37	3.84E-02
14.37	3.84E-02
14.37	3.84E-02
14.37	3.84E-02
14.37	3.84E-02
14.37	3.84E-02
14.37	3.84E-02
14.37	3.84E-02
14.37	3.84E-02
14.37	3.84E-02
14.37	3.84E-02
14.37	3.84E-02
14.37	3.84E-02
14.38	3.84E-02
14.38	3.84E-02
14.38	3.84E-02
14.38	3.84E-02
14.38	3.84E-02
14.38	3.84E-02
14.38	3.84E-02
14.38	3.84E-02
14.38	3.84E-02
14.38	3.84E-02
14.38	3.84E-02
14.38	3.84E-02
14.38	3.84E-02
14.38	3.84E-02
14.38	3.84E-02
14.38	3.84E-02
14.38	3.84E-02
14.38	3.84E-02
14.38	3.84E-02
14.38	3.84E-02
14.39	3.84E-02
14.39	3.84E-02
14.39	3.84E-02
14.39	3.84E-02
14.39	3.84E-02
14.39	3.84E-02
14.39	3.84E-02
14.39	3.84E-02
14.39	3.84E-02
14.39	3.84E-02
14.39	3.84E-02
14.39	3.84E-02
14.39	3.84E-02
14.39	3.84E-02
14.39	3.84E-02
14.39	3.84E-02
14.39	3.84E-02
14.39	3.84E-02
14.39	3.84E-02
14.39	3.84E-02
14.4	3.84E-02
14.4	3.84E-02
14.4	3.84E-02
14.4	3.84E-02
14.4	3.84E-02
14.4	3.84E-02
14.4	3.84E-02
14.4	3.83E-02
14.4	3.83E-02
14.4	3.83E-02
14.4	3.83E-02
14.4	3.83E-02
14.4	3.83E-02
14.4	3.83E-02
14.4	3.83E-02
14.4	3.83E-02
14.4	3.83E-02
14.4	3.83E-02
14.4	3.83E-02
14.4	3.83E-02
14.4	3.83E-02
14.41	3.83E-02
14.41	3.83E-02
14.41	3.83E-02
14.41	3.83E-02
14.41	3.83E-02
14.41	3.83E-02
14.41	3.83E-02
14.41	3.83E-02
14.41	3.83E-02
14.41	3.83E-02
14.41	3.83E-02
14.41	3.83E-02
14.41	3.83E-02
14.41	3.83E-02
14.41	3.83E-02
14.41	3.83E-02
14.41	3.83E-02
14.41	3.83E-02
14.41	3.83E-02
14.41	3.83E-02
14.42	3.83E-02
14.42	3.83E-02
14.42	3.83E-02
14.42	3.83E-02
14.42	3.83E-02
14.42	3.83E-02
14.42	3.83E-02
14.42	3.83E-02
14.42	3.83E-02
14.42	3.83E-02
14.42	3.83E-02
14.42	3.83E-02
14.42	3.83E-02
14.42	3.83E-02
14.42	3.83E-02
14.42	3.83E-02
14.42	3.83E-02
14.42	3.83E-02
14.42	3.83E-02
14.43	3.83E-02
14.43	3.83E-02
14.43	3.83E-02
14.43	3.83E-02
14.43	3.83E-02
14.43	3.83E-02
14.43	3.83E-02
14.43	3.83E-02
14.43	3.83E-02
14.43	3.83E-02
14.43	3.83E-02
14.43	3.83E-02
14.43	3.83E-02
14.43	3.83E-02
14.43	3.83E-02
14.43	3.83E-02
14.43	3.83E-02
14.43	3.83E-02
14.43	3.83E-02
14.43	3.83E-02
14.44	3.83E-02
14.44	3.83E-02
14.44	3.83E-02
14.44	3.83E-02
14.44	3.83E-02
14.44	3.83E-02
14.44	3.83E-02
14.44	3.83E-02
14.44	3.82E-02
14.44	3.82E-02
14.44	3.82E-02
14.44	3.82E-02
14.44	3.82E-02
14.44	3.82E-02
14.44	3.82E-02
14.44	3.82E-02
14.44	3.82E-02
14.44	3.82E-02
14.44	3.82E-02
14.44	3.82E-02
14.44	3.82E-02
14.45	3.82E-02
14.45	3.82E-02
14.45	3.82E-02
14.45	3.82E-02
14.45	3.82E-02
14.45	3.82E-02
14.45	3.82E-02
14.45	3.82E-02
14.45	3.82E-02
14.45	3.82E-02
14.45	3.82E-02
14.45	3.82E-02
14.45	3.82E-02
14.45	3.82E-02
14.45	3.82E-02
14.45	3.82E-02
14.45	3.82E-02
14.45	3.82E-02
14.45	3.82E-02
14.45	3.82E-02
14.46	3.82E-02
14.46	3.82E-02
14.46	3.82E-02
14.46	3.82E-02
14.46	3.82E-02
14.46	3.82E-02
14.46	3.82E-02
14.46	3.82E-02
14.46	3.82E-02
14.46	3.82E-02
14.46	3.82E-02
14.46	3.82E-02
14.46	3.82E-02
14.46	3.82E-02
14.46	3.82E-02
14.46	3.82E-02
14.46	3.82E-02
14.46	3.82E-02
14.46	3.82E-02
14.47	3.82E-02
14.47	3.82E-02
14.47	3.82E-02
14.47	3.82E-02
14.47	3.82E-02
14.47	3.82E-02
14.47	3.82E-02
14.47	3.82E-02
14.47	3.82E-02
14.47	3.82E-02
14.47	3.82E-02
14.47	3.82E-02
14.47	3.82E-02
14.47	3.82E-02
14.47	3.82E-02
14.47	3.82E-02
14.47	3.82E-02
14.47	3.82E-02
14.47	3.82E-02
14.47	3.82E-02
14.48	3.82E-02
14.48	3.82E-02
14.48	3.82E-02
14.48	3.82E-02
14.48	3.82E-02
14.48	3.82E-02
14.48	3.82E-02
14.48	3.81E-02
14.48	3.81E-02
14.48	3.81E-02
14.48	3.81E-02
14.48	3.81E-02
14.48	3.81E-02
14.48	3.81E-02
14.48	3.81E-02
14.48	3.81E-02
14.48	3.81E-02
14.48	3.81E-02
14.48	3.81E-02
14.48	3.81E-02
14.48	3.81E-02
14.49	3.81E-02
14.49	3.81E-02
14.49	3.81E-02
14.49	3.81E-02
14.49	3.81E-02
14.49	3.81E-02
14.49	3.81E-02
14.49	3.81E-02
14.49	3.81E-02
14.49	3.81E-02
14.49	3.81E-02
14.49	3.81E-02
14.49	3.81E-02
14.49	3.81E-02
14.49	3.81E-02
14.49	3.81E-02
14.49	3.81E-02
14.49	3.81E-02
14.49	3.81E-02
14.49	3.81E-02
14.5	3.81E-02
14.5	3.81E-02
14.5	3.81E-02
14.5	3.81E-02
14.5	3.81E-02
14.5	3.81E-02
14.5	3.81E-02
14.5	3.81E-02
14.5	3.81E-02
14.5	3.81E-02
14.5	3.81E-02
14.5	3.81E-02
14.5	3.81E-02
14.5	3.81E-02
14.5	3.81E-02
14.5	3.81E-02
14.5	3.81E-02
14.5	3.81E-02
14.5	3.81E-02
14.51	3.81E-02
14.51	3.81E-02
14.51	3.81E-02
14.51	3.81E-02
14.51	3.81E-02
14.51	3.81E-02
14.51	3.81E-02
14.51	3.81E-02
14.51	3.81E-02
14.51	3.81E-02
14.51	3.81E-02
14.51	3.81E-02
14.51	3.81E-02
14.51	3.81E-02
14.51	3.81E-02
14.51	3.81E-02
14.51	3.81E-02
14.51	3.81E-02
14.51	3.81E-02
14.51	3.81E-02
14.52	3.81E-02
14.52	3.81E-02
14.52	3.81E-02
14.52	3.81E-02
14.52	3.81E-02
14.52	3.80E-02
14.52	3.80E-02
14.52	3.80E-02
14.52	3.80E-02
14.52	3.80E-02
14.52	3.80E-02
14.52	3.80E-02
14.52	3.80E-02
14.52	3.80E-02
14.52	3.80E-02
14.52	3.80E-02
14.52	3.80E-02
14.52	3.80E-02
14.52	3.80E-02
14.52	3.80E-02
14.52	3.80E-02
14.53	3.80E-02
14.53	3.80E-02
14.53	3.80E-02
14.53	3.80E-02
14.53	3.80E-02
14.53	3.80E-02
14.53	3.80E-02
14.53	3.80E-02
14.53	3.80E-02
14.53	3.80E-02
14.53	3.80E-02
14.53	3.80E-02
14.53	3.80E-02
14.53	3.80E-02
14.53	3.80E-02
14.53	3.80E-02
14.53	3.80E-02
14.53	3.80E-02
14.53	3.80E-02
14.53	3.80E-02
14.54	3.80E-02
14.54	3.80E-02
14.54	3.80E-02
14.54	3.80E-02
14.54	3.80E-02
14.54	3.80E-02
14.54	3.80E-02
14.54	3.80E-02
14.54	3.80E-02
14.54	3.80E-02
14.54	3.80E-02
14.54	3.80E-02
14.54	3.80E-02
14.54	3.80E-02
14.54	3.80E-02
14.54	3.80E-02
14.54	3.80E-02
14.54	3.80E-02
14.54	3.80E-02
14.55	3.80E-02
14.55	3.80E-02
14.55	3.80E-02
14.55	3.80E-02
14.55	3.80E-02
14.55	3.80E-02
14.55	3.80E-02
14.55	3.80E-02
14.55	3.80E-02
14.55	3.80E-02
14.55	3.80E-02
14.55	3.80E-02
14.55	3.80E-02
14.55	3.80E-02
14.55	3.80E-02
14.55	3.80E-02
14.55	3.80E-02
14.55	3.80E-02
14.55	3.80E-02
14.55	3.80E-02
14.56	3.80E-02
14.56	3.79E-02
14.56	3.79E-02
14.56	3.79E-02
14.56	3.79E-02
14.56	3.79E-02
14.56	3.79E-02
14.56	3.79E-02
14.56	3.79E-02
14.56	3.79E-02
14.56	3.79E-02
14.56	3.79E-02
14.56	3.79E-02
14.56	3.79E-02
14.56	3.79E-02
14.56	3.79E-02
14.56	3.79E-02
14.56	3.79E-02
14.56	3.79E-02
14.56	3.79E-02
14.56	3.79E-02
14.57	3.79E-02
14.57	3.79E-02
14.57	3.79E-02
14.57	3.79E-02
14.57	3.79E-02
14.57	3.79E-02
14.57	3.79E-02
14.57	3.79E-02
14.57	3.79E-02
14.57	3.79E-02
14.57	3.79E-02
14.57	3.79E-02
14.57	3.79E-02
14.57	3.79E-02
14.57	3.79E-02
14.57	3.79E-02
14.57	3.79E-02
14.57	3.79E-02
14.57	3.79E-02
14.57	3.79E-02
14.58	3.79E-02
14.58	3.79E-02
14.58	3.79E-02
14.58	3.79E-02
14.58	3.79E-02
14.58	3.79E-02
14.58	3.79E-02
14.58	3.79E-02
14.58	3.79E-02
14.58	3.79E-02
14.58	3.79E-02
14.58	3.79E-02
14.58	3.79E-02
14.58	3.79E-02
14.58	3.79E-02
14.58	3.79E-02
14.58	3.79E-02
14.58	3.79E-02
14.58	3.79E-02
14.59	3.79E-02
14.59	3.79E-02
14.59	3.79E-02
14.59	3.79E-02
14.59	3.79E-02
14.59	3.79E-02
14.59	3.79E-02
14.59	3.79E-02
14.59	3.79E-02
14.59	3.79E-02
14.59	3.79E-02
14.59	3.79E-02
14.59	3.79E-02
14.59	3.79E-02
14.59	3.79E-02
14.59	3.79E-02
14.59	3.79E-02
14.59	3.78E-02
14.59	3.78E-02
14.59	3.78E-02
14.6	3.78E-02
14.6	3.78E-02
14.6	3.78E-02
14.6	3.78E-02
14.6	3.78E-02
14.6	3.78E-02
14.6	3.78E-02
14.6	3.78E-02
14.6	3.78E-02
14.6	3.78E-02
14.6	3.78E-02
14.6	3.78E-02
14.6	3.78E-02
14.6	3.78E-02
14.6	3.78E-02
14.6	3.78E-02
14.6	3.78E-02
14.6	3.78E-02
14.6	3.78E-02
14.6	3.78E-02
14.6	3.78E-02
14.61	3.78E-02
14.61	3.78E-02
14.61	3.78E-02
14.61	3.78E-02
14.61	3.78E-02
14.61	3.78E-02
14.61	3.78E-02
14.61	3.78E-02
14.61	3.78E-02
14.61	3.78E-02
14.61	3.78E-02
14.61	3.78E-02
14.61	3.78E-02
14.61	3.78E-02
14.61	3.78E-02
14.61	3.78E-02
14.61	3.78E-02
14.61	3.78E-02
14.61	3.78E-02
14.61	3.78E-02
14.62	3.78E-02
14.62	3.78E-02
14.62	3.78E-02
14.62	3.78E-02
14.62	3.78E-02
14.62	3.78E-02
14.62	3.78E-02
14.62	3.78E-02
14.62	3.78E-02
14.62	3.78E-02
14.62	3.78E-02
14.62	3.78E-02
14.62	3.78E-02
14.62	3.78E-02
14.62	3.78E-02
14.62	3.78E-02
14.62	3.78E-02
14.62	3.78E-02
14.62	3.78E-02
14.62	3.78E-02
14.63	3.78E-02
14.63	3.78E-02
14.63	3.78E-02
14.63	3.78E-02
14.63	3.78E-02
14.63	3.78E-02
14.63	3.78E-02
14.63	3.78E-02
14.63	3.78E-02
14.63	3.77E-02
14.63	3.77E-02
14.63	3.77E-02
14.63	3.77E-02
14.63	3.77E-02
14.63	3.77E-02
14.63	3.77E-02
14.63	3.77E-02
14.63	3.77E-02
14.63	3.77E-02
14.64	3.77E-02
14.64	3.77E-02
14.64	3.77E-02
14.64	3.77E-02
14.64	3.77E-02
14.64	3.77E-02
14.64	3.77E-02
14.64	3.77E-02
14.64	3.77E-02
14.64	3.77E-02
14.64	3.77E-02
14.64	3.77E-02
14.64	3.77E-02
14.64	3.77E-02
14.64	3.77E-02
14.64	3.77E-02
14.64	3.77E-02
14.64	3.77E-02
14.64	3.77E-02
14.64	3.77E-02
14.65	3.77E-02
14.65	3.77E-02
14.65	3.77E-02
14.65	3.77E-02
14.65	3.77E-02
14.65	3.77E-02
14.65	3.77E-02
14.65	3.77E-02
14.65	3.77E-02
14.65	3.77E-02
14.65	3.77E-02
14.65	3.77E-02
14.65	3.77E-02
14.65	3.77E-02
14.65	3.77E-02
14.65	3.77E-02
14.65	3.77E-02
14.65	3.77E-02
14.65	3.77E-02
14.65	3.77E-02
14.65	3.77E-02
14.66	3.77E-02
14.66	3.77E-02
14.66	3.77E-02
14.66	3.77E-02
14.66	3.77E-02
14.66	3.77E-02
14.66	3.77E-02
14.66	3.77E-02
14.66	3.77E-02
14.66	3.77E-02
14.66	3.77E-02
14.66	3.77E-02
14.66	3.77E-02
14.66	3.77E-02
14.66	3.77E-02
14.66	3.77E-02
14.66	3.77E-02
14.66	3.77E-02
14.66	3.77E-02
14.66	3.77E-02
14.67	3.77E-02
14.67	3.77E-02
14.67	3.76E-02
14.67	3.76E-02
14.67	3.76E-02
14.67	3.76E-02
14.67	3.76E-02
14.67	3.76E-02
14.67	3.76E-02
14.67	3.76E-02
14.67	3.76E-02
14.67	3.76E-02
14.67	3.76E-02
14.67	3.76E-02
14.67	3.76E-02
14.67	3.76E-02
14.67	3.76E-02
14.67	3.76E-02
14.67	3.76E-02
14.68	3.76E-02
14.68	3.76E-02
14.68	3.76E-02
14.68	3.76E-02
14.68	3.76E-02
14.68	3.76E-02
14.68	3.76E-02
14.68	3.76E-02
14.68	3.76E-02
14.68	3.76E-02
14.68	3.76E-02
14.68	3.76E-02
14.68	3.76E-02
14.68	3.76E-02
14.68	3.76E-02
14.68	3.76E-02
14.68	3.76E-02
14.68	3.76E-02
14.68	3.76E-02
14.68	3.76E-02
14.69	3.76E-02
14.69	3.76E-02
14.69	3.76E-02
14.69	3.76E-02
14.69	3.76E-02
14.69	3.76E-02
14.69	3.76E-02
14.69	3.76E-02
14.69	3.76E-02
14.69	3.76E-02
14.69	3.76E-02
14.69	3.76E-02
14.69	3.76E-02
14.69	3.76E-02
14.69	3.76E-02
14.69	3.76E-02
14.69	3.76E-02
14.69	3.76E-02
14.69	3.76E-02
14.69	3.76E-02
14.69	3.76E-02
14.7	3.76E-02
14.7	3.76E-02
14.7	3.76E-02
14.7	3.76E-02
14.7	3.76E-02
14.7	3.76E-02
14.7	3.76E-02
14.7	3.76E-02
14.7	3.76E-02
14.7	3.76E-02
14.7	3.76E-02
14.7	3.76E-02
14.7	3.76E-02
14.7	3.76E-02
14.7	3.75E-02
14.7	3.75E-02
14.7	3.75E-02
14.7	3.75E-02
14.7	3.75E-02
14.7	3.75E-02
14.71	3.75E-02
14.71	3.75E-02
14.71	3.75E-02
14.71	3.75E-02
14.71	3.75E-02
14.71	3.75E-02
14.71	3.75E-02
14.71	3.75E-02
14.71	3.75E-02
14.71	3.75E-02
14.71	3.75E-02
14.71	3.75E-02
14.71	3.75E-02
14.71	3.75E-02
14.71	3.75E-02
14.71	3.75E-02
14.71	3.75E-02
14.71	3.75E-02
14.71	3.75E-02
14.72	3.75E-02
14.72	3.75E-02
14.72	3.75E-02
14.72	3.75E-02
14.72	3.75E-02
14.72	3.75E-02
14.72	3.75E-02
14.72	3.75E-02
14.72	3.75E-02
14.72	3.75E-02
14.72	3.75E-02
14.72	3.75E-02
14.72	3.75E-02
14.72	3.75E-02
14.72	3.75E-02
14.72	3.75E-02
14.72	3.75E-02
14.72	3.75E-02
14.72	3.75E-02
14.72	3.75E-02
14.73	3.75E-02
14.73	3.75E-02
14.73	3.75E-02
14.73	3.75E-02
14.73	3.75E-02
14.73	3.75E-02
14.73	3.75E-02
14.73	3.75E-02
14.73	3.75E-02
14.73	3.75E-02
14.73	3.75E-02
14.73	3.75E-02
14.73	3.75E-02
14.73	3.75E-02
14.73	3.75E-02
14.73	3.75E-02
14.73	3.75E-02
14.73	3.75E-02
14.73	3.75E-02
14.73	3.75E-02
14.73	3.75E-02
14.74	3.75E-02
14.74	3.75E-02
14.74	3.75E-02
14.74	3.75E-02
14.74	3.74E-02
14.74	3.74E-02
14.74	3.74E-02
14.74	3.74E-02
14.74	3.74E-02
14.74	3.74E-02
14.74	3.74E-02
14.74	3.74E-02
14.74	3.74E-02
14.74	3.74E-02
14.74	3.74E-02
14.74	3.74E-02
14.74	3.74E-02
14.74	3.74E-02
14.74	3.74E-02
14.74	3.74E-02
14.75	3.74E-02
14.75	3.74E-02
14.75	3.74E-02
14.75	3.74E-02
14.75	3.74E-02
14.75	3.74E-02
14.75	3.74E-02
14.75	3.74E-02
14.75	3.74E-02
14.75	3.74E-02
14.75	3.74E-02
14.75	3.74E-02
14.75	3.74E-02
14.75	3.74E-02
14.75	3.74E-02
14.75	3.74E-02
14.75	3.74E-02
14.75	3.74E-02
14.75	3.74E-02
14.76	3.74E-02
14.76	3.74E-02
14.76	3.74E-02
14.76	3.74E-02
14.76	3.74E-02
14.76	3.74E-02
14.76	3.74E-02
14.76	3.74E-02
14.76	3.74E-02
14.76	3.74E-02
14.76	3.74E-02
14.76	3.74E-02
14.76	3.74E-02
14.76	3.74E-02
14.76	3.74E-02
14.76	3.74E-02
14.76	3.74E-02
14.76	3.74E-02
14.76	3.74E-02
14.76	3.74E-02
14.77	3.74E-02
14.77	3.74E-02
14.77	3.74E-02
14.77	3.74E-02
14.77	3.74E-02
14.77	3.74E-02
14.77	3.74E-02
14.77	3.74E-02
14.77	3.74E-02
14.77	3.74E-02
14.77	3.74E-02
14.77	3.74E-02
14.77	3.74E-02
14.77	3.74E-02
14.77	3.74E-02
14.77	3.73E-02
14.77	3.73E-02
14.77	3.73E-02
14.77	3.73E-02
14.77	3.73E-02
14.77	3.73E-02
14.78	3.73E-02
14.78	3.73E-02
14.78	3.73E-02
14.78	3.73E-02
14.78	3.73E-02
14.78	3.73E-02
14.78	3.73E-02
14.78	3.73E-02
14.78	3.73E-02
14.78	3.73E-02
14.78	3.73E-02
14.78	3.73E-02
14.78	3.73E-02
14.78	3.73E-02
14.78	3.73E-02
14.78	3.73E-02
14.78	3.73E-02
14.78	3.73E-02
14.78	3.73E-02
14.78	3.73E-02
14.79	3.73E-02
14.79	3.73E-02
14.79	3.73E-02
14.79	3.73E-02
14.79	3.73E-02
14.79	3.73E-02
14.79	3.73E-02
14.79	3.73E-02
14.79	3.73E-02
14.79	3.73E-02
14.79	3.73E-02
14.79	3.73E-02
14.79	3.73E-02
14.79	3.73E-02
14.79	3.73E-02
14.79	3.73E-02
14.79	3.73E-02
14.79	3.73E-02
14.79	3.73E-02
14.8	3.73E-02
14.8	3.73E-02
14.8	3.73E-02
14.8	3.73E-02
14.8	3.73E-02
14.8	3.73E-02
14.8	3.73E-02
14.8	3.73E-02
14.8	3.73E-02
14.8	3.73E-02
14.8	3.73E-02
14.8	3.73E-02
14.8	3.73E-02
14.8	3.73E-02
14.8	3.73E-02
14.8	3.73E-02
14.8	3.73E-02
14.8	3.73E-02
14.8	3.73E-02
14.8	3.73E-02
14.81	3.73E-02
14.81	3.73E-02
14.81	3.73E-02
14.81	3.73E-02
14.81	3.72E-02
14.81	3.72E-02
14.81	3.72E-02
14.81	3.72E-02
14.81	3.72E-02
14.81	3.72E-02
14.81	3.72E-02
14.81	3.72E-02
14.81	3.72E-02
14.81	3.72E-02
14.81	3.72E-02
14.81	3.72E-02
14.81	3.72E-02
14.81	3.72E-02
14.81	3.72E-02
14.81	3.72E-02
14.81	3.72E-02
14.82	3.72E-02
14.82	3.72E-02
14.82	3.72E-02
14.82	3.72E-02
14.82	3.72E-02
14.82	3.72E-02
14.82	3.72E-02
14.82	3.72E-02
14.82	3.72E-02
14.82	3.72E-02
14.82	3.72E-02
14.82	3.72E-02
14.82	3.72E-02
14.82	3.72E-02
14.82	3.72E-02
14.82	3.72E-02
14.82	3.72E-02
14.82	3.72E-02
14.82	3.72E-02
14.82	3.72E-02
14.83	3.72E-02
14.83	3.72E-02
14.83	3.72E-02
14.83	3.72E-02
14.83	3.72E-02
14.83	3.72E-02
14.83	3.72E-02
14.83	3.72E-02
14.83	3.72E-02
14.83	3.72E-02
14.83	3.72E-02
14.83	3.72E-02
14.83	3.72E-02
14.83	3.72E-02
14.83	3.72E-02
14.83	3.72E-02
14.83	3.72E-02
14.83	3.72E-02
14.83	3.72E-02
14.84	3.72E-02
14.84	3.72E-02
14.84	3.72E-02
14.84	3.72E-02
14.84	3.72E-02
14.84	3.72E-02
14.84	3.72E-02
14.84	3.72E-02
14.84	3.72E-02
14.84	3.72E-02
14.84	3.72E-02
14.84	3.71E-02
14.84	3.71E-02
14.84	3.71E-02
14.84	3.71E-02
14.84	3.71E-02
14.84	3.71E-02
14.84	3.71E-02
14.84	3.71E-02
14.84	3.71E-02
14.85	3.71E-02
14.85	3.71E-02
14.85	3.71E-02
14.85	3.71E-02
14.85	3.71E-02
14.85	3.71E-02
14.85	3.71E-02
14.85	3.71E-02
14.85	3.71E-02
14.85	3.71E-02
14.85	3.71E-02
14.85	3.71E-02
14.85	3.71E-02
14.85	3.71E-02
14.85	3.71E-02
14.85	3.71E-02
14.85	3.71E-02
14.85	3.71E-02
14.85	3.71E-02
14.85	3.71E-02
14.85	3.71E-02
14.86	3.71E-02
14.86	3.71E-02
14.86	3.71E-02
14.86	3.71E-02
14.86	3.71E-02
14.86	3.71E-02
14.86	3.71E-02
14.86	3.71E-02
14.86	3.71E-02
14.86	3.71E-02
14.86	3.71E-02
14.86	3.71E-02
14.86	3.71E-02
14.86	3.71E-02
14.86	3.71E-02
14.86	3.71E-02
14.86	3.71E-02
14.86	3.71E-02
14.86	3.71E-02
14.86	3.71E-02
14.87	3.71E-02
14.87	3.71E-02
14.87	3.71E-02
14.87	3.71E-02
14.87	3.71E-02
14.87	3.71E-02
14.87	3.71E-02
14.87	3.71E-02
14.87	3.71E-02
14.87	3.71E-02
14.87	3.71E-02
14.87	3.71E-02
14.87	3.71E-02
14.87	3.71E-02
14.87	3.71E-02
14.87	3.71E-02
14.87	3.71E-02
14.87	3.70E-02
14.87	3.70E-02
14.88	3.70E-02
14.88	3.70E-02
14.88	3.70E-02
14.88	3.70E-02
14.88	3.70E-02
14.88	3.70E-02
14.88	3.70E-02
14.88	3.70E-02
14.88	3.70E-02
14.88	3.70E-02
14.88	3.70E-02
14.88	3.70E-02
14.88	3.70E-02
14.88	3.70E-02
14.88	3.70E-02
14.88	3.70E-02
14.88	3.70E-02
14.88	3.70E-02
14.88	3.70E-02
14.88	3.70E-02
14.89	3.70E-02
14.89	3.70E-02
14.89	3.70E-02
14.89	3.70E-02
14.89	3.70E-02
14.89	3.70E-02
14.89	3.70E-02
14.89	3.70E-02
14.89	3.70E-02
14.89	3.70E-02
14.89	3.70E-02
14.89	3.70E-02
14.89	3.70E-02
14.89	3.70E-02
14.89	3.70E-02
14.89	3.70E-02
14.89	3.70E-02
14.89	3.70E-02
14.89	3.70E-02
14.89	3.70E-02
14.9	3.70E-02
14.9	3.70E-02
14.9	3.70E-02
14.9	3.70E-02
14.9	3.70E-02
14.9	3.70E-02
14.9	3.70E-02
14.9	3.70E-02
14.9	3.70E-02
14.9	3.70E-02
14.9	3.70E-02
14.9	3.70E-02
14.9	3.70E-02
14.9	3.70E-02
14.9	3.70E-02
14.9	3.70E-02
14.9	3.70E-02
14.9	3.70E-02
14.9	3.70E-02
14.9	3.70E-02
14.9	3.70E-02
14.91	3.70E-02
14.91	3.70E-02
14.91	3.70E-02
14.91	3.69E-02
14.91	3.69E-02
14.91	3.69E-02
14.91	3.69E-02
14.91	3.69E-02
14.91	3.69E-02
14.91	3.69E-02
14.91	3.69E-02
14.91	3.69E-02
14.91	3.69E-02
14.91	3.69E-02
14.91	3.69E-02
14.91	3.69E-02
14.91	3.69E-02
14.91	3.69E-02
14.91	3.69E-02
14.91	3.69E-02
14.92	3.69E-02
14.92	3.69E-02
14.92	3.69E-02
14.92	3.69E-02
14.92	3.69E-02
14.92	3.69E-02
14.92	3.69E-02
14.92	3.69E-02
14.92	3.69E-02
14.92	3.69E-02
14.92	3.69E-02
14.92	3.69E-02
14.92	3.69E-02
14.92	3.69E-02
14.92	3.69E-02
14.92	3.69E-02
14.92	3.69E-02
14.92	3.69E-02
14.92	3.69E-02
14.93	3.69E-02
14.93	3.69E-02
14.93	3.69E-02
14.93	3.69E-02
14.93	3.69E-02
14.93	3.69E-02
14.93	3.69E-02
14.93	3.69E-02
14.93	3.69E-02
14.93	3.69E-02
14.93	3.69E-02
14.93	3.69E-02
14.93	3.69E-02
14.93	3.69E-02
14.93	3.69E-02
14.93	3.69E-02
14.93	3.69E-02
14.93	3.69E-02
14.93	3.69E-02
14.93	3.69E-02
14.94	3.69E-02
14.94	3.69E-02
14.94	3.69E-02
14.94	3.69E-02
14.94	3.69E-02
14.94	3.69E-02
14.94	3.69E-02
14.94	3.69E-02
14.94	3.69E-02
14.94	3.68E-02
14.94	3.68E-02
14.94	3.68E-02
14.94	3.68E-02
14.94	3.68E-02
14.94	3.68E-02
14.94	3.68E-02
14.94	3.68E-02
14.94	3.68E-02
14.94	3.68E-02
14.94	3.68E-02
14.94	3.68E-02
14.95	3.68E-02
14.95	3.68E-02
14.95	3.68E-02
14.95	3.68E-02
14.95	3.68E-02
14.95	3.68E-02
14.95	3.68E-02
14.95	3.68E-02
14.95	3.68E-02
14.95	3.68E-02
14.95	3.68E-02
14.95	3.68E-02
14.95	3.68E-02
14.95	3.68E-02
14.95	3.68E-02
14.95	3.68E-02
14.95	3.68E-02
14.95	3.68E-02
14.95	3.68E-02
14.95	3.68E-02
14.96	3.68E-02
14.96	3.68E-02
14.96	3.68E-02
14.96	3.68E-02
14.96	3.68E-02
14.96	3.68E-02
14.96	3.68E-02
14.96	3.68E-02
14.96	3.68E-02
14.96	3.68E-02
14.96	3.68E-02
14.96	3.68E-02
14.96	3.68E-02
14.96	3.68E-02
14.96	3.68E-02
14.96	3.68E-02
14.96	3.68E-02
14.96	3.68E-02
14.96	3.68E-02
14.97	3.68E-02
14.97	3.68E-02
14.97	3.68E-02
14.97	3.68E-02
14.97	3.68E-02
14.97	3.68E-02
14.97	3.68E-02
14.97	3.68E-02
14.97	3.68E-02
14.97	3.68E-02
14.97	3.68E-02
14.97	3.68E-02
14.97	3.68E-02
14.97	3.68E-02
14.97	3.67E-02
14.97	3.67E-02
14.97	3.67E-02
14.97	3.67E-02
14.97	3.67E-02
14.97	3.67E-02
14.98	3.67E-02
14.98	3.67E-02
14.98	3.67E-02
14.98	3.67E-02
14.98	3.67E-02
14.98	3.67E-02
14.98	3.67E-02
14.98	3.67E-02
14.98	3.67E-02
14.98	3.67E-02
14.98	3.67E-02
14.98	3.67E-02
14.98	3.67E-02
14.98	3.67E-02
14.98	3.67E-02
14.98	3.67E-02
14.98	3.67E-02
14.98	3.67E-02
14.98	3.67E-02
14.98	3.67E-02
14.98	3.67E-02
14.99	3.67E-02
14.99	3.67E-02
14.99	3.67E-02
14.99	3.67E-02
14.99	3.67E-02
14.99	3.67E-02
14.99	3.67E-02
14.99	3.67E-02
14.99	3.67E-02
14.99	3.67E-02
14.99	3.67E-02
14.99	3.67E-02
14.99	3.67E-02
14.99	3.67E-02
14.99	3.67E-02
14.99	3.67E-02
14.99	3.67E-02
14.99	3.67E-02
14.99	3.67E-02
14.99	3.67E-02
15	3.67E-02
15	3.67E-02
15	3.67E-02
15	3.67E-02
15	3.67E-02
15	3.67E-02
15	3.67E-02
15	3.67E-02
15	3.67E-02
15	3.67E-02
15	3.67E-02
15	3.67E-02
15	3.67E-02
15	3.67E-02
15	3.67E-02
15	3.67E-02
15	3.67E-02
15	3.66E-02
15	3.66E-02
15.01	3.66E-02
15.01	3.66E-02
15.01	3.66E-02
15.01	3.66E-02
15.01	3.66E-02
15.01	3.66E-02
15.01	3.66E-02
15.01	3.66E-02
15.01	3.66E-02
15.01	3.66E-02
15.01	3.66E-02
15.01	3.66E-02
15.01	3.66E-02
15.01	3.66E-02
15.01	3.66E-02
15.01	3.66E-02
15.01	3.66E-02
15.01	3.66E-02
15.01	3.66E-02
15.01	3.66E-02
15.02	3.66E-02
15.02	3.66E-02
15.02	3.66E-02
15.02	3.66E-02
15.02	3.66E-02
15.02	3.66E-02
15.02	3.66E-02
15.02	3.66E-02
15.02	3.66E-02
15.02	3.66E-02
15.02	3.66E-02
15.02	3.66E-02
15.02	3.66E-02
15.02	3.66E-02
15.02	3.66E-02
15.02	3.66E-02
15.02	3.66E-02
15.02	3.66E-02
15.02	3.66E-02
15.02	3.66E-02
15.02	3.66E-02
15.03	3.66E-02
15.03	3.66E-02
15.03	3.66E-02
15.03	3.66E-02
15.03	3.66E-02
15.03	3.66E-02
15.03	3.66E-02
15.03	3.66E-02
15.03	3.66E-02
15.03	3.66E-02
15.03	3.66E-02
15.03	3.66E-02
15.03	3.66E-02
15.03	3.66E-02
15.03	3.66E-02
15.03	3.66E-02
15.03	3.66E-02
15.03	3.66E-02
15.03	3.66E-02
15.03	3.66E-02
15.04	3.65E-02
15.04	3.65E-02
15.04	3.65E-02
15.04	3.65E-02
15.04	3.65E-02
15.04	3.65E-02
15.04	3.65E-02
15.04	3.65E-02
15.04	3.65E-02
15.04	3.65E-02
15.04	3.65E-02
15.04	3.65E-02
15.04	3.65E-02
15.04	3.65E-02
15.04	3.65E-02
15.04	3.65E-02
15.04	3.65E-02
15.04	3.65E-02
15.04	3.65E-02
15.05	3.65E-02
15.05	3.65E-02
15.05	3.65E-02
15.05	3.65E-02
15.05	3.65E-02
15.05	3.65E-02
15.05	3.65E-02
15.05	3.65E-02
15.05	3.65E-02
15.05	3.65E-02
15.05	3.65E-02
15.05	3.65E-02
15.05	3.65E-02
15.05	3.65E-02
15.05	3.65E-02
15.05	3.65E-02
15.05	3.65E-02
15.05	3.65E-02
15.05	3.65E-02
15.05	3.65E-02
15.06	3.65E-02
15.06	3.65E-02
15.06	3.65E-02
15.06	3.65E-02
15.06	3.65E-02
15.06	3.65E-02
15.06	3.65E-02
15.06	3.65E-02
15.06	3.65E-02
15.06	3.65E-02
15.06	3.65E-02
15.06	3.65E-02
15.06	3.65E-02
15.06	3.65E-02
15.06	3.65E-02
15.06	3.65E-02
15.06	3.65E-02
15.06	3.65E-02
15.06	3.65E-02
15.06	3.65E-02
15.06	3.65E-02
15.07	3.65E-02
15.07	3.65E-02
15.07	3.64E-02
15.07	3.64E-02
15.07	3.64E-02
15.07	3.64E-02
15.07	3.64E-02
15.07	3.64E-02
15.07	3.64E-02
15.07	3.64E-02
15.07	3.64E-02
15.07	3.64E-02
15.07	3.64E-02
15.07	3.64E-02
15.07	3.64E-02
15.07	3.64E-02
15.07	3.64E-02
15.07	3.64E-02
15.07	3.64E-02
15.07	3.64E-02
15.08	3.64E-02
15.08	3.64E-02
15.08	3.64E-02
15.08	3.64E-02
15.08	3.64E-02
15.08	3.64E-02
15.08	3.64E-02
15.08	3.64E-02
15.08	3.64E-02
15.08	3.64E-02
15.08	3.64E-02
15.08	3.64E-02
15.08	3.64E-02
15.08	3.64E-02
15.08	3.64E-02
15.08	3.64E-02
15.08	3.64E-02
15.08	3.64E-02
15.08	3.64E-02
15.09	3.64E-02
15.09	3.64E-02
15.09	3.64E-02
15.09	3.64E-02
15.09	3.64E-02
15.09	3.64E-02
15.09	3.64E-02
15.09	3.64E-02
15.09	3.64E-02
15.09	3.64E-02
15.09	3.64E-02
15.09	3.64E-02
15.09	3.64E-02
15.09	3.64E-02
15.09	3.64E-02
15.09	3.64E-02
15.09	3.64E-02
15.09	3.64E-02
15.09	3.64E-02
15.09	3.64E-02
15.1	3.64E-02
15.1	3.64E-02
15.1	3.64E-02
15.1	3.64E-02
15.1	3.64E-02
15.1	3.63E-02
15.1	3.63E-02
15.1	3.63E-02
15.1	3.63E-02
15.1	3.63E-02
15.1	3.63E-02
15.1	3.63E-02
15.1	3.63E-02
15.1	3.63E-02
15.1	3.63E-02
15.1	3.63E-02
15.1	3.63E-02
15.1	3.63E-02
15.1	3.63E-02
15.1	3.63E-02
15.1	3.63E-02
15.11	3.63E-02
15.11	3.63E-02
15.11	3.63E-02
15.11	3.63E-02
15.11	3.63E-02
15.11	3.63E-02
15.11	3.63E-02
15.11	3.63E-02
15.11	3.63E-02
15.11	3.63E-02
15.11	3.63E-02
15.11	3.63E-02
15.11	3.63E-02
15.11	3.63E-02
15.11	3.63E-02
15.11	3.63E-02
15.11	3.63E-02
15.11	3.63E-02
15.11	3.63E-02
15.11	3.63E-02
15.12	3.63E-02
15.12	3.63E-02
15.12	3.63E-02
15.12	3.63E-02
15.12	3.63E-02
15.12	3.63E-02
15.12	3.63E-02
15.12	3.63E-02
15.12	3.63E-02
15.12	3.63E-02
15.12	3.63E-02
15.12	3.63E-02
15.12	3.63E-02
15.12	3.63E-02
15.12	3.63E-02
15.12	3.63E-02
15.12	3.63E-02
15.12	3.63E-02
15.12	3.63E-02
15.12	3.63E-02
15.13	3.63E-02
15.13	3.63E-02
15.13	3.63E-02
15.13	3.63E-02
15.13	3.63E-02
15.13	3.62E-02
15.13	3.62E-02
15.13	3.62E-02
15.13	3.62E-02
15.13	3.62E-02
15.13	3.62E-02
15.13	3.62E-02
15.13	3.62E-02
15.13	3.62E-02
15.13	3.62E-02
15.13	3.62E-02
15.13	3.62E-02
15.13	3.62E-02
15.13	3.62E-02
15.14	3.62E-02
15.14	3.62E-02
15.14	3.62E-02
15.14	3.62E-02
15.14	3.62E-02
15.14	3.62E-02
15.14	3.62E-02
15.14	3.62E-02
15.14	3.62E-02
15.14	3.62E-02
15.14	3.62E-02
15.14	3.62E-02
15.14	3.62E-02
15.14	3.62E-02
15.14	3.62E-02
15.14	3.62E-02
15.14	3.62E-02
15.14	3.62E-02
15.14	3.62E-02
15.14	3.62E-02
15.15	3.62E-02
15.15	3.62E-02
15.15	3.62E-02
15.15	3.62E-02
15.15	3.62E-02
15.15	3.62E-02
15.15	3.62E-02
15.15	3.62E-02
15.15	3.62E-02
15.15	3.62E-02
15.15	3.62E-02
15.15	3.62E-02
15.15	3.62E-02
15.15	3.62E-02
15.15	3.62E-02
15.15	3.62E-02
15.15	3.62E-02
15.15	3.62E-02
15.15	3.62E-02
15.15	3.62E-02
15.15	3.62E-02
15.16	3.62E-02
15.16	3.62E-02
15.16	3.62E-02
15.16	3.62E-02
15.16	3.62E-02
15.16	3.61E-02
15.16	3.61E-02
15.16	3.61E-02
15.16	3.61E-02
15.16	3.61E-02
15.16	3.61E-02
15.16	3.61E-02
15.16	3.61E-02
15.16	3.61E-02
15.16	3.61E-02
15.16	3.61E-02
15.16	3.61E-02
15.16	3.61E-02
15.16	3.61E-02
15.16	3.61E-02
15.17	3.61E-02
15.17	3.61E-02
15.17	3.61E-02
15.17	3.61E-02
15.17	3.61E-02
15.17	3.61E-02
15.17	3.61E-02
15.17	3.61E-02
15.17	3.61E-02
15.17	3.61E-02
15.17	3.61E-02
15.17	3.61E-02
15.17	3.61E-02
15.17	3.61E-02
15.17	3.61E-02
15.17	3.61E-02
15.17	3.61E-02
15.17	3.61E-02
15.17	3.61E-02
15.18	3.61E-02
15.18	3.61E-02
15.18	3.61E-02
15.18	3.61E-02
15.18	3.61E-02
15.18	3.61E-02
15.18	3.61E-02
15.18	3.61E-02
15.18	3.61E-02
15.18	3.61E-02
15.18	3.61E-02
15.18	3.61E-02
15.18	3.61E-02
15.18	3.61E-02
15.18	3.61E-02
15.18	3.61E-02
15.18	3.61E-02
15.18	3.61E-02
15.18	3.61E-02
15.18	3.61E-02
15.19	3.61E-02
15.19	3.61E-02
15.19	3.61E-02
15.19	3.61E-02
15.19	3.61E-02
15.19	3.61E-02
15.19	3.60E-02
15.19	3.60E-02
15.19	3.60E-02
15.19	3.60E-02
15.19	3.60E-02
15.19	3.60E-02
15.19	3.60E-02
15.19	3.60E-02
15.19	3.60E-02
15.19	3.60E-02
15.19	3.60E-02
15.19	3.60E-02
15.19	3.60E-02
15.19	3.60E-02
15.19	3.60E-02
15.2	3.60E-02
15.2	3.60E-02
15.2	3.60E-02
15.2	3.60E-02
15.2	3.60E-02
15.2	3.60E-02
15.2	3.60E-02
15.2	3.60E-02
15.2	3.60E-02
15.2	3.60E-02
15.2	3.60E-02
15.2	3.60E-02
15.2	3.60E-02
15.2	3.60E-02
15.2	3.60E-02
15.2	3.60E-02
15.2	3.60E-02
15.2	3.60E-02
15.2	3.60E-02
15.2	3.60E-02
15.21	3.60E-02
15.21	3.60E-02
15.21	3.60E-02
15.21	3.60E-02
15.21	3.60E-02
15.21	3.60E-02
15.21	3.60E-02
15.21	3.60E-02
15.21	3.60E-02
15.21	3.60E-02
15.21	3.60E-02
15.21	3.60E-02
15.21	3.60E-02
15.21	3.60E-02
15.21	3.60E-02
15.21	3.60E-02
15.21	3.60E-02
15.21	3.60E-02
15.21	3.60E-02
15.22	3.60E-02
15.22	3.60E-02
15.22	3.60E-02
15.22	3.60E-02
15.22	3.60E-02
15.22	3.60E-02
15.22	3.59E-02
15.22	3.59E-02
15.22	3.59E-02
15.22	3.59E-02
15.22	3.59E-02
15.22	3.59E-02
15.22	3.59E-02
15.22	3.59E-02
15.22	3.59E-02
15.22	3.59E-02
15.22	3.59E-02
15.22	3.59E-02
15.22	3.59E-02
15.22	3.59E-02
15.23	3.59E-02
15.23	3.59E-02
15.23	3.59E-02
15.23	3.59E-02
15.23	3.59E-02
15.23	3.59E-02
15.23	3.59E-02
15.23	3.59E-02
15.23	3.59E-02
15.23	3.59E-02
15.23	3.59E-02
15.23	3.59E-02
15.23	3.59E-02
15.23	3.59E-02
15.23	3.59E-02
15.23	3.59E-02
15.23	3.59E-02
15.23	3.59E-02
15.23	3.59E-02
15.23	3.59E-02
15.23	3.59E-02
15.24	3.59E-02
15.24	3.59E-02
15.24	3.59E-02
15.24	3.59E-02
15.24	3.59E-02
15.24	3.59E-02
15.24	3.59E-02
15.24	3.59E-02
15.24	3.59E-02
15.24	3.59E-02
15.24	3.59E-02
15.24	3.59E-02
15.24	3.59E-02
15.24	3.59E-02
15.24	3.59E-02
15.24	3.59E-02
15.24	3.59E-02
15.24	3.59E-02
15.24	3.59E-02
15.24	3.59E-02
15.25	3.59E-02
15.25	3.59E-02
15.25	3.59E-02
15.25	3.58E-02
15.25	3.58E-02
15.25	3.58E-02
15.25	3.58E-02
15.25	3.58E-02
15.25	3.58E-02
15.25	3.58E-02
15.25	3.58E-02
15.25	3.58E-02
15.25	3.58E-02
15.25	3.58E-02
15.25	3.58E-02
15.25	3.58E-02
15.25	3.58E-02
15.25	3.58E-02
15.25	3.58E-02
15.26	3.58E-02
15.26	3.58E-02
15.26	3.58E-02
15.26	3.58E-02
15.26	3.58E-02
15.26	3.58E-02
15.26	3.58E-02
15.26	3.58E-02
15.26	3.58E-02
15.26	3.58E-02
15.26	3.58E-02
15.26	3.58E-02
15.26	3.58E-02
15.26	3.58E-02
15.26	3.58E-02
15.26	3.58E-02
15.26	3.58E-02
15.26	3.58E-02
15.26	3.58E-02
15.26	3.58E-02
15.27	3.58E-02
15.27	3.58E-02
15.27	3.58E-02
15.27	3.58E-02
15.27	3.58E-02
15.27	3.58E-02
15.27	3.58E-02
15.27	3.58E-02
15.27	3.58E-02
15.27	3.58E-02
15.27	3.58E-02
15.27	3.58E-02
15.27	3.58E-02
15.27	3.58E-02
15.27	3.58E-02
15.27	3.58E-02
15.27	3.58E-02
15.27	3.58E-02
15.27	3.58E-02
15.27	3.58E-02
15.27	3.58E-02
15.28	3.58E-02
15.28	3.58E-02
15.28	3.57E-02
15.28	3.57E-02
15.28	3.57E-02
15.28	3.57E-02
15.28	3.57E-02
15.28	3.57E-02
15.28	3.57E-02
15.28	3.57E-02
15.28	3.57E-02
15.28	3.57E-02
15.28	3.57E-02
15.28	3.57E-02
15.28	3.57E-02
15.28	3.57E-02
15.28	3.57E-02
15.28	3.57E-02
15.28	3.57E-02
15.28	3.57E-02
15.29	3.57E-02
15.29	3.57E-02
15.29	3.57E-02
15.29	3.57E-02
15.29	3.57E-02
15.29	3.57E-02
15.29	3.57E-02
15.29	3.57E-02
15.29	3.57E-02
15.29	3.57E-02
15.29	3.57E-02
15.29	3.57E-02
15.29	3.57E-02
15.29	3.57E-02
15.29	3.57E-02
15.29	3.57E-02
15.29	3.57E-02
15.29	3.57E-02
15.29	3.57E-02
15.3	3.57E-02
15.3	3.57E-02
15.3	3.57E-02
15.3	3.57E-02
15.3	3.57E-02
15.3	3.57E-02
15.3	3.57E-02
15.3	3.57E-02
15.3	3.57E-02
15.3	3.57E-02
15.3	3.57E-02
15.3	3.57E-02
15.3	3.57E-02
15.3	3.57E-02
15.3	3.57E-02
15.3	3.57E-02
15.3	3.57E-02
15.3	3.57E-02
15.3	3.57E-02
15.3	3.57E-02
15.31	3.56E-02
15.31	3.56E-02
15.31	3.56E-02
15.31	3.56E-02
15.31	3.56E-02
15.31	3.56E-02
15.31	3.56E-02
15.31	3.56E-02
15.31	3.56E-02
15.31	3.56E-02
15.31	3.56E-02
15.31	3.56E-02
15.31	3.56E-02
15.31	3.56E-02
15.31	3.56E-02
15.31	3.56E-02
15.31	3.56E-02
15.31	3.56E-02
15.31	3.56E-02
15.31	3.56E-02
15.31	3.56E-02
15.32	3.56E-02
15.32	3.56E-02
15.32	3.56E-02
15.32	3.56E-02
15.32	3.56E-02
15.32	3.56E-02
15.32	3.56E-02
15.32	3.56E-02
15.32	3.56E-02
15.32	3.56E-02
15.32	3.56E-02
15.32	3.56E-02
15.32	3.56E-02
15.32	3.56E-02
15.32	3.56E-02
15.32	3.56E-02
15.32	3.56E-02
15.32	3.56E-02
15.32	3.56E-02
15.32	3.56E-02
15.33	3.56E-02
15.33	3.56E-02
15.33	3.56E-02
15.33	3.56E-02
15.33	3.56E-02
15.33	3.56E-02
15.33	3.56E-02
15.33	3.56E-02
15.33	3.56E-02
15.33	3.56E-02
15.33	3.56E-02
15.33	3.56E-02
15.33	3.56E-02
15.33	3.56E-02
15.33	3.56E-02
15.33	3.56E-02
15.33	3.56E-02
15.33	3.55E-02
15.33	3.55E-02
15.34	3.55E-02
15.34	3.55E-02
15.34	3.55E-02
15.34	3.55E-02
15.34	3.55E-02
15.34	3.55E-02
15.34	3.55E-02
15.34	3.55E-02
15.34	3.55E-02
15.34	3.55E-02
15.34	3.55E-02
15.34	3.55E-02
15.34	3.55E-02
15.34	3.55E-02
15.34	3.55E-02
15.34	3.55E-02
15.34	3.55E-02
15.34	3.55E-02
15.34	3.55E-02
15.34	3.55E-02
15.35	3.55E-02
15.35	3.55E-02
15.35	3.55E-02
15.35	3.55E-02
15.35	3.55E-02
15.35	3.55E-02
15.35	3.55E-02
15.35	3.55E-02
15.35	3.55E-02
15.35	3.55E-02
15.35	3.55E-02
15.35	3.55E-02
15.35	3.55E-02
15.35	3.55E-02
15.35	3.55E-02
15.35	3.55E-02
15.35	3.55E-02
15.35	3.55E-02
15.35	3.55E-02
15.35	3.55E-02
15.35	3.55E-02
15.36	3.55E-02
15.36	3.55E-02
15.36	3.55E-02
15.36	3.55E-02
15.36	3.55E-02
15.36	3.55E-02
15.36	3.55E-02
15.36	3.55E-02
15.36	3.55E-02
15.36	3.55E-02
15.36	3.55E-02
15.36	3.55E-02
15.36	3.55E-02
15.36	3.55E-02
15.36	3.54E-02
15.36	3.54E-02
15.36	3.54E-02
15.36	3.54E-02
15.36	3.54E-02
15.36	3.54E-02
15.37	3.54E-02
15.37	3.54E-02
15.37	3.54E-02
15.37	3.54E-02
15.37	3.54E-02
15.37	3.54E-02
15.37	3.54E-02
15.37	3.54E-02
15.37	3.54E-02
15.37	3.54E-02
15.37	3.54E-02
15.37	3.54E-02
15.37	3.54E-02
15.37	3.54E-02
15.37	3.54E-02
15.37	3.54E-02
15.37	3.54E-02
15.37	3.54E-02
15.37	3.54E-02
15.38	3.54E-02
15.38	3.54E-02
15.38	3.54E-02
15.38	3.54E-02
15.38	3.54E-02
15.38	3.54E-02
15.38	3.54E-02
15.38	3.54E-02
15.38	3.54E-02
15.38	3.54E-02
15.38	3.54E-02
15.38	3.54E-02
15.38	3.54E-02
15.38	3.54E-02
15.38	3.54E-02
15.38	3.54E-02
15.38	3.54E-02
15.38	3.54E-02
15.38	3.54E-02
15.38	3.54E-02
15.39	3.54E-02
15.39	3.54E-02
15.39	3.54E-02
15.39	3.54E-02
15.39	3.54E-02
15.39	3.54E-02
15.39	3.54E-02
15.39	3.54E-02
15.39	3.54E-02
15.39	3.54E-02
15.39	3.54E-02
15.39	3.53E-02
15.39	3.53E-02
15.39	3.53E-02
15.39	3.53E-02
15.39	3.53E-02
15.39	3.53E-02
15.39	3.53E-02
15.39	3.53E-02
15.39	3.53E-02
15.4	3.53E-02
15.4	3.53E-02
15.4	3.53E-02
15.4	3.53E-02
15.4	3.53E-02
15.4	3.53E-02
15.4	3.53E-02
15.4	3.53E-02
15.4	3.53E-02
15.4	3.53E-02
15.4	3.53E-02
15.4	3.53E-02
15.4	3.53E-02
15.4	3.53E-02
15.4	3.53E-02
15.4	3.53E-02
15.4	3.53E-02
15.4	3.53E-02
15.4	3.53E-02
15.4	3.53E-02
15.4	3.53E-02
15.41	3.53E-02
15.41	3.53E-02
15.41	3.53E-02
15.41	3.53E-02
15.41	3.53E-02
15.41	3.53E-02
15.41	3.53E-02
15.41	3.53E-02
15.41	3.53E-02
15.41	3.53E-02
15.41	3.53E-02
15.41	3.53E-02
15.41	3.53E-02
15.41	3.53E-02
15.41	3.53E-02
15.41	3.53E-02
15.41	3.53E-02
15.41	3.53E-02
15.41	3.53E-02
15.41	3.53E-02
15.42	3.53E-02
15.42	3.53E-02
15.42	3.53E-02
15.42	3.53E-02
15.42	3.53E-02
15.42	3.53E-02
15.42	3.52E-02
15.42	3.52E-02
15.42	3.52E-02
15.42	3.52E-02
15.42	3.52E-02
15.42	3.52E-02
15.42	3.52E-02
15.42	3.52E-02
15.42	3.52E-02
15.42	3.52E-02
15.42	3.52E-02
15.42	3.52E-02
15.42	3.52E-02
15.43	3.52E-02
15.43	3.52E-02
15.43	3.52E-02
15.43	3.52E-02
15.43	3.52E-02
15.43	3.52E-02
15.43	3.52E-02
15.43	3.52E-02
15.43	3.52E-02
15.43	3.52E-02
15.43	3.52E-02
15.43	3.52E-02
15.43	3.52E-02
15.43	3.52E-02
15.43	3.52E-02
15.43	3.52E-02
15.43	3.52E-02
15.43	3.52E-02
15.43	3.52E-02
15.43	3.52E-02
15.44	3.52E-02
15.44	3.52E-02
15.44	3.52E-02
15.44	3.52E-02
15.44	3.52E-02
15.44	3.52E-02
15.44	3.52E-02
15.44	3.52E-02
15.44	3.52E-02
15.44	3.52E-02
15.44	3.52E-02
15.44	3.52E-02
15.44	3.52E-02
15.44	3.52E-02
15.44	3.52E-02
15.44	3.52E-02
15.44	3.52E-02
15.44	3.52E-02
15.44	3.52E-02
15.44	3.52E-02
15.44	3.52E-02
15.45	3.52E-02
15.45	3.51E-02
15.45	3.51E-02
15.45	3.51E-02
15.45	3.51E-02
15.45	3.51E-02
15.45	3.51E-02
15.45	3.51E-02
15.45	3.51E-02
15.45	3.51E-02
15.45	3.51E-02
15.45	3.51E-02
15.45	3.51E-02
15.45	3.51E-02
15.45	3.51E-02
15.45	3.51E-02
15.45	3.51E-02
15.45	3.51E-02
15.45	3.51E-02
15.45	3.51E-02
15.46	3.51E-02
15.46	3.51E-02
15.46	3.51E-02
15.46	3.51E-02
15.46	3.51E-02
15.46	3.51E-02
15.46	3.51E-02
15.46	3.51E-02
15.46	3.51E-02
15.46	3.51E-02
15.46	3.51E-02
15.46	3.51E-02
15.46	3.51E-02
15.46	3.51E-02
15.46	3.51E-02
15.46	3.51E-02
15.46	3.51E-02
15.46	3.51E-02
15.46	3.51E-02
15.47	3.51E-02
15.47	3.51E-02
15.47	3.51E-02
15.47	3.51E-02
15.47	3.51E-02
15.47	3.51E-02
15.47	3.51E-02
15.47	3.51E-02
15.47	3.51E-02
15.47	3.51E-02
15.47	3.51E-02
15.47	3.51E-02
15.47	3.51E-02
15.47	3.51E-02
15.47	3.51E-02
15.47	3.51E-02
15.47	3.51E-02
15.47	3.50E-02
15.47	3.50E-02
15.47	3.50E-02
15.48	3.50E-02
15.48	3.50E-02
15.48	3.50E-02
15.48	3.50E-02
15.48	3.50E-02
15.48	3.50E-02
15.48	3.50E-02
15.48	3.50E-02
15.48	3.50E-02
15.48	3.50E-02
15.48	3.50E-02
15.48	3.50E-02
15.48	3.50E-02
15.48	3.50E-02
15.48	3.50E-02
15.48	3.50E-02
15.48	3.50E-02
15.48	3.50E-02
15.48	3.50E-02
15.48	3.50E-02
15.48	3.50E-02
15.49	3.50E-02
15.49	3.50E-02
15.49	3.50E-02
15.49	3.50E-02
15.49	3.50E-02
15.49	3.50E-02
15.49	3.50E-02
15.49	3.50E-02
15.49	3.50E-02
15.49	3.50E-02
15.49	3.50E-02
15.49	3.50E-02
15.49	3.50E-02
15.49	3.50E-02
15.49	3.50E-02
15.49	3.50E-02
15.49	3.50E-02
15.49	3.50E-02
15.49	3.50E-02
15.49	3.50E-02
15.5	3.50E-02
15.5	3.50E-02
15.5	3.50E-02
15.5	3.50E-02
15.5	3.50E-02
15.5	3.50E-02
15.5	3.50E-02
15.5	3.50E-02
15.5	3.50E-02
15.5	3.50E-02
15.5	3.50E-02
15.5	3.49E-02
15.5	3.49E-02
15.5	3.49E-02
15.5	3.49E-02
15.5	3.49E-02
15.5	3.49E-02
15.5	3.49E-02
15.5	3.49E-02
15.51	3.49E-02
15.51	3.49E-02
15.51	3.49E-02
15.51	3.49E-02
15.51	3.49E-02
15.51	3.49E-02
15.51	3.49E-02
15.51	3.49E-02
15.51	3.49E-02
15.51	3.49E-02
15.51	3.49E-02
15.51	3.49E-02
15.51	3.49E-02
15.51	3.49E-02
15.51	3.49E-02
15.51	3.49E-02
15.51	3.49E-02
15.51	3.49E-02
15.51	3.49E-02
15.51	3.49E-02
15.52	3.49E-02
15.52	3.49E-02
15.52	3.49E-02
15.52	3.49E-02
15.52	3.49E-02
15.52	3.49E-02
15.52	3.49E-02
15.52	3.49E-02
15.52	3.49E-02
15.52	3.49E-02
15.52	3.49E-02
15.52	3.49E-02
15.52	3.49E-02
15.52	3.49E-02
15.52	3.49E-02
15.52	3.49E-02
15.52	3.49E-02
15.52	3.49E-02
15.52	3.49E-02
15.52	3.49E-02
15.52	3.49E-02
15.53	3.49E-02
15.53	3.49E-02
15.53	3.49E-02
15.53	3.49E-02
15.53	3.49E-02
15.53	3.48E-02
15.53	3.48E-02
15.53	3.48E-02
15.53	3.48E-02
15.53	3.48E-02
15.53	3.48E-02
15.53	3.48E-02
15.53	3.48E-02
15.53	3.48E-02
15.53	3.48E-02
15.53	3.48E-02
15.53	3.48E-02
15.53	3.48E-02
15.53	3.48E-02
15.53	3.48E-02
15.54	3.48E-02
15.54	3.48E-02
15.54	3.48E-02
15.54	3.48E-02
15.54	3.48E-02
15.54	3.48E-02
15.54	3.48E-02
15.54	3.48E-02
15.54	3.48E-02
15.54	3.48E-02
15.54	3.48E-02
15.54	3.48E-02
15.54	3.48E-02
15.54	3.48E-02
15.54	3.48E-02
15.54	3.48E-02
15.54	3.48E-02
15.54	3.48E-02
15.54	3.48E-02
15.55	3.48E-02
15.55	3.48E-02
15.55	3.48E-02
15.55	3.48E-02
15.55	3.48E-02
15.55	3.48E-02
15.55	3.48E-02
15.55	3.48E-02
15.55	3.48E-02
15.55	3.48E-02
15.55	3.48E-02
15.55	3.48E-02
15.55	3.48E-02
15.55	3.48E-02
15.55	3.48E-02
15.55	3.48E-02
15.55	3.48E-02
15.55	3.48E-02
15.55	3.48E-02
15.55	3.48E-02
15.56	3.47E-02
15.56	3.47E-02
15.56	3.47E-02
15.56	3.47E-02
15.56	3.47E-02
15.56	3.47E-02
15.56	3.47E-02
15.56	3.47E-02
15.56	3.47E-02
15.56	3.47E-02
15.56	3.47E-02
15.56	3.47E-02
15.56	3.47E-02
15.56	3.47E-02
15.56	3.47E-02
15.56	3.47E-02
15.56	3.47E-02
15.56	3.47E-02
15.56	3.47E-02
15.56	3.47E-02
15.56	3.47E-02
15.57	3.47E-02
15.57	3.47E-02
15.57	3.47E-02
15.57	3.47E-02
15.57	3.47E-02
15.57	3.47E-02
15.57	3.47E-02
15.57	3.47E-02
15.57	3.47E-02
15.57	3.47E-02
15.57	3.47E-02
15.57	3.47E-02
15.57	3.47E-02
15.57	3.47E-02
15.57	3.47E-02
15.57	3.47E-02
15.57	3.47E-02
15.57	3.47E-02
15.57	3.47E-02
15.57	3.47E-02
15.58	3.47E-02
15.58	3.47E-02
15.58	3.47E-02
15.58	3.47E-02
15.58	3.47E-02
15.58	3.47E-02
15.58	3.47E-02
15.58	3.47E-02
15.58	3.47E-02
15.58	3.47E-02
15.58	3.47E-02
15.58	3.47E-02
15.58	3.47E-02
15.58	3.46E-02
15.58	3.46E-02
15.58	3.46E-02
15.58	3.46E-02
15.58	3.46E-02
15.58	3.46E-02
15.59	3.46E-02
15.59	3.46E-02
15.59	3.46E-02
15.59	3.46E-02
15.59	3.46E-02
15.59	3.46E-02
15.59	3.46E-02
15.59	3.46E-02
15.59	3.46E-02
15.59	3.46E-02
15.59	3.46E-02
15.59	3.46E-02
15.59	3.46E-02
15.59	3.46E-02
15.59	3.46E-02
15.59	3.46E-02
15.59	3.46E-02
15.59	3.46E-02
15.59	3.46E-02
15.59	3.46E-02
15.6	3.46E-02
15.6	3.46E-02
15.6	3.46E-02
15.6	3.46E-02
15.6	3.46E-02
15.6	3.46E-02
15.6	3.46E-02
15.6	3.46E-02
15.6	3.46E-02
15.6	3.46E-02
15.6	3.46E-02
15.6	3.46E-02
15.6	3.46E-02
15.6	3.46E-02
15.6	3.46E-02
15.6	3.46E-02
15.6	3.46E-02
15.6	3.46E-02
15.6	3.46E-02
15.6	3.46E-02
15.6	3.46E-02
15.61	3.46E-02
15.61	3.46E-02
15.61	3.46E-02
15.61	3.46E-02
15.61	3.46E-02
15.61	3.46E-02
15.61	3.45E-02
15.61	3.45E-02
15.61	3.45E-02
15.61	3.45E-02
15.61	3.45E-02
15.61	3.45E-02
15.61	3.45E-02
15.61	3.45E-02
15.61	3.45E-02
15.61	3.45E-02
15.61	3.45E-02
15.61	3.45E-02
15.61	3.45E-02
15.61	3.45E-02
15.62	3.45E-02
15.62	3.45E-02
15.62	3.45E-02
15.62	3.45E-02
15.62	3.45E-02
15.62	3.45E-02
15.62	3.45E-02
15.62	3.45E-02
15.62	3.45E-02
15.62	3.45E-02
15.62	3.45E-02
15.62	3.45E-02
15.62	3.45E-02
15.62	3.45E-02
15.62	3.45E-02
15.62	3.45E-02
15.62	3.45E-02
15.62	3.45E-02
15.62	3.45E-02
15.62	3.45E-02
15.63	3.45E-02
15.63	3.45E-02
15.63	3.45E-02
15.63	3.45E-02
15.63	3.45E-02
15.63	3.45E-02
15.63	3.45E-02
15.63	3.45E-02
15.63	3.45E-02
15.63	3.45E-02
15.63	3.45E-02
15.63	3.45E-02
15.63	3.45E-02
15.63	3.45E-02
15.63	3.45E-02
15.63	3.45E-02
15.63	3.45E-02
15.63	3.45E-02
15.63	3.45E-02
15.64	3.44E-02
15.64	3.44E-02
15.64	3.44E-02
15.64	3.44E-02
15.64	3.44E-02
15.64	3.44E-02
15.64	3.44E-02
15.64	3.44E-02
15.64	3.44E-02
15.64	3.44E-02
15.64	3.44E-02
15.64	3.44E-02
15.64	3.44E-02
15.64	3.44E-02
15.64	3.44E-02
15.64	3.44E-02
15.64	3.44E-02
15.64	3.44E-02
15.64	3.44E-02
15.64	3.44E-02
15.65	3.44E-02
15.65	3.44E-02
15.65	3.44E-02
15.65	3.44E-02
15.65	3.44E-02
15.65	3.44E-02
15.65	3.44E-02
15.65	3.44E-02
15.65	3.44E-02
15.65	3.44E-02
15.65	3.44E-02
15.65	3.44E-02
15.65	3.44E-02
15.65	3.44E-02
15.65	3.44E-02
15.65	3.44E-02
15.65	3.44E-02
15.65	3.44E-02
15.65	3.44E-02
15.65	3.44E-02
15.65	3.44E-02
15.66	3.44E-02
15.66	3.44E-02
15.66	3.44E-02
15.66	3.44E-02
15.66	3.44E-02
15.66	3.44E-02
15.66	3.44E-02
15.66	3.44E-02
15.66	3.44E-02
15.66	3.44E-02
15.66	3.44E-02
15.66	3.44E-02
15.66	3.43E-02
15.66	3.43E-02
15.66	3.43E-02
15.66	3.43E-02
15.66	3.43E-02
15.66	3.43E-02
15.66	3.43E-02
15.66	3.43E-02
15.67	3.43E-02
15.67	3.43E-02
15.67	3.43E-02
15.67	3.43E-02
15.67	3.43E-02
15.67	3.43E-02
15.67	3.43E-02
15.67	3.43E-02
15.67	3.43E-02
15.67	3.43E-02
15.67	3.43E-02
15.67	3.43E-02
15.67	3.43E-02
15.67	3.43E-02
15.67	3.43E-02
15.67	3.43E-02
15.67	3.43E-02
15.67	3.43E-02
15.67	3.43E-02
15.68	3.43E-02
15.68	3.43E-02
15.68	3.43E-02
15.68	3.43E-02
15.68	3.43E-02
15.68	3.43E-02
15.68	3.43E-02
15.68	3.43E-02
15.68	3.43E-02
15.68	3.43E-02
15.68	3.43E-02
15.68	3.43E-02
15.68	3.43E-02
15.68	3.43E-02
15.68	3.43E-02
15.68	3.43E-02
15.68	3.43E-02
15.68	3.43E-02
15.68	3.43E-02
15.68	3.43E-02
15.69	3.43E-02
15.69	3.43E-02
15.69	3.43E-02
15.69	3.43E-02
15.69	3.43E-02
15.69	3.42E-02
15.69	3.42E-02
15.69	3.42E-02
15.69	3.42E-02
15.69	3.42E-02
15.69	3.42E-02
15.69	3.42E-02
15.69	3.42E-02
15.69	3.42E-02
15.69	3.42E-02
15.69	3.42E-02
15.69	3.42E-02
15.69	3.42E-02
15.69	3.42E-02
15.69	3.42E-02
15.69	3.42E-02
15.7	3.42E-02
15.7	3.42E-02
15.7	3.42E-02
15.7	3.42E-02
15.7	3.42E-02
15.7	3.42E-02
15.7	3.42E-02
15.7	3.42E-02
15.7	3.42E-02
15.7	3.42E-02
15.7	3.42E-02
15.7	3.42E-02
15.7	3.42E-02
15.7	3.42E-02
15.7	3.42E-02
15.7	3.42E-02
15.7	3.42E-02
15.7	3.42E-02
15.7	3.42E-02
15.7	3.42E-02
15.71	3.42E-02
15.71	3.42E-02
15.71	3.42E-02
15.71	3.42E-02
15.71	3.42E-02
15.71	3.42E-02
15.71	3.42E-02
15.71	3.42E-02
15.71	3.42E-02
15.71	3.42E-02
15.71	3.42E-02
15.71	3.42E-02
15.71	3.42E-02
15.71	3.42E-02
15.71	3.42E-02
15.71	3.42E-02
15.71	3.41E-02
15.71	3.41E-02
15.71	3.41E-02
15.72	3.41E-02
15.72	3.41E-02
15.72	3.41E-02
15.72	3.41E-02
15.72	3.41E-02
15.72	3.41E-02
15.72	3.41E-02
15.72	3.41E-02
15.72	3.41E-02
15.72	3.41E-02
15.72	3.41E-02
15.72	3.41E-02
15.72	3.41E-02
15.72	3.41E-02
15.72	3.41E-02
15.72	3.41E-02
15.72	3.41E-02
15.72	3.41E-02
15.72	3.41E-02
15.72	3.41E-02
15.73	3.41E-02
15.73	3.41E-02
15.73	3.41E-02
15.73	3.41E-02
15.73	3.41E-02
15.73	3.41E-02
15.73	3.41E-02
15.73	3.41E-02
15.73	3.41E-02
15.73	3.41E-02
15.73	3.41E-02
15.73	3.41E-02
15.73	3.41E-02
15.73	3.41E-02
15.73	3.41E-02
15.73	3.41E-02
15.73	3.41E-02
15.73	3.41E-02
15.73	3.41E-02
15.73	3.41E-02
15.73	3.41E-02
15.74	3.41E-02
15.74	3.41E-02
15.74	3.41E-02
15.74	3.41E-02
15.74	3.41E-02
15.74	3.41E-02
15.74	3.41E-02
15.74	3.40E-02
15.74	3.40E-02
15.74	3.40E-02
15.74	3.40E-02
15.74	3.40E-02
15.74	3.40E-02
15.74	3.40E-02
15.74	3.40E-02
15.74	3.40E-02
15.74	3.40E-02
15.74	3.40E-02
15.74	3.40E-02
15.74	3.40E-02
15.75	3.40E-02
15.75	3.40E-02
15.75	3.40E-02
15.75	3.40E-02
15.75	3.40E-02
15.75	3.40E-02
15.75	3.40E-02
15.75	3.40E-02
15.75	3.40E-02
15.75	3.40E-02
15.75	3.40E-02
15.75	3.40E-02
15.75	3.40E-02
15.75	3.40E-02
15.75	3.40E-02
15.75	3.40E-02
15.75	3.40E-02
15.75	3.40E-02
15.75	3.40E-02
15.76	3.40E-02
15.76	3.40E-02
15.76	3.40E-02
15.76	3.40E-02
15.76	3.40E-02
15.76	3.40E-02
15.76	3.40E-02
15.76	3.40E-02
15.76	3.40E-02
15.76	3.40E-02
15.76	3.40E-02
15.76	3.40E-02
15.76	3.40E-02
15.76	3.40E-02
15.76	3.40E-02
15.76	3.40E-02
15.76	3.40E-02
15.76	3.40E-02
15.76	3.40E-02
15.76	3.39E-02
15.77	3.39E-02
15.77	3.39E-02
15.77	3.39E-02
15.77	3.39E-02
15.77	3.39E-02
15.77	3.39E-02
15.77	3.39E-02
15.77	3.39E-02
15.77	3.39E-02
15.77	3.39E-02
15.77	3.39E-02
15.77	3.39E-02
15.77	3.39E-02
15.77	3.39E-02
15.77	3.39E-02
15.77	3.39E-02
15.77	3.39E-02
15.77	3.39E-02
15.77	3.39E-02
15.77	3.39E-02
15.77	3.39E-02
15.78	3.39E-02
15.78	3.39E-02
15.78	3.39E-02
15.78	3.39E-02
15.78	3.39E-02
15.78	3.39E-02
15.78	3.39E-02
15.78	3.39E-02
15.78	3.39E-02
15.78	3.39E-02
15.78	3.39E-02
15.78	3.39E-02
15.78	3.39E-02
15.78	3.39E-02
15.78	3.39E-02
15.78	3.39E-02
15.78	3.39E-02
15.78	3.39E-02
15.78	3.39E-02
15.78	3.39E-02
15.79	3.39E-02
15.79	3.39E-02
15.79	3.39E-02
15.79	3.39E-02
15.79	3.39E-02
15.79	3.39E-02
15.79	3.39E-02
15.79	3.39E-02
15.79	3.39E-02
15.79	3.38E-02
15.79	3.38E-02
15.79	3.38E-02
15.79	3.38E-02
15.79	3.38E-02
15.79	3.38E-02
15.79	3.38E-02
15.79	3.38E-02
15.79	3.38E-02
15.79	3.38E-02
15.8	3.38E-02
15.8	3.38E-02
15.8	3.38E-02
15.8	3.38E-02
15.8	3.38E-02
15.8	3.38E-02
15.8	3.38E-02
15.8	3.38E-02
15.8	3.38E-02
15.8	3.38E-02
15.8	3.38E-02
15.8	3.38E-02
15.8	3.38E-02
15.8	3.38E-02
15.8	3.38E-02
15.8	3.38E-02
15.8	3.38E-02
15.8	3.38E-02
15.8	3.38E-02
15.8	3.38E-02
15.81	3.38E-02
15.81	3.38E-02
15.81	3.38E-02
15.81	3.38E-02
15.81	3.38E-02
15.81	3.38E-02
15.81	3.38E-02
15.81	3.38E-02
15.81	3.38E-02
15.81	3.38E-02
15.81	3.38E-02
15.81	3.38E-02
15.81	3.38E-02
15.81	3.38E-02
15.81	3.38E-02
15.81	3.38E-02
15.81	3.38E-02
15.81	3.38E-02
15.81	3.38E-02
15.81	3.38E-02
15.81	3.38E-02
15.82	3.37E-02
15.82	3.37E-02
15.82	3.37E-02
15.82	3.37E-02
15.82	3.37E-02
15.82	3.37E-02
15.82	3.37E-02
15.82	3.37E-02
15.82	3.37E-02
15.82	3.37E-02
15.82	3.37E-02
15.82	3.37E-02
15.82	3.37E-02
15.82	3.37E-02
15.82	3.37E-02
15.82	3.37E-02
15.82	3.37E-02
15.82	3.37E-02
15.82	3.37E-02
15.82	3.37E-02
15.83	3.37E-02
15.83	3.37E-02
15.83	3.37E-02
15.83	3.37E-02
15.83	3.37E-02
15.83	3.37E-02
15.83	3.37E-02
15.83	3.37E-02
15.83	3.37E-02
15.83	3.37E-02
15.83	3.37E-02
15.83	3.37E-02
15.83	3.37E-02
15.83	3.37E-02
15.83	3.37E-02
15.83	3.37E-02
15.83	3.37E-02
15.83	3.37E-02
15.83	3.37E-02
15.84	3.37E-02
15.84	3.37E-02
15.84	3.37E-02
15.84	3.37E-02
15.84	3.37E-02
15.84	3.37E-02
15.84	3.37E-02
15.84	3.37E-02
15.84	3.37E-02
15.84	3.37E-02
15.84	3.37E-02
15.84	3.37E-02
15.84	3.36E-02
15.84	3.36E-02
15.84	3.36E-02
15.84	3.36E-02
15.84	3.36E-02
15.84	3.36E-02
15.84	3.36E-02
15.84	3.36E-02
15.85	3.36E-02
15.85	3.36E-02
15.85	3.36E-02
15.85	3.36E-02
15.85	3.36E-02
15.85	3.36E-02
15.85	3.36E-02
15.85	3.36E-02
15.85	3.36E-02
15.85	3.36E-02
15.85	3.36E-02
15.85	3.36E-02
15.85	3.36E-02
15.85	3.36E-02
15.85	3.36E-02
15.85	3.36E-02
15.85	3.36E-02
15.85	3.36E-02
15.85	3.36E-02
15.85	3.36E-02
15.85	3.36E-02
15.86	3.36E-02
15.86	3.36E-02
15.86	3.36E-02
15.86	3.36E-02
15.86	3.36E-02
15.86	3.36E-02
15.86	3.36E-02
15.86	3.36E-02
15.86	3.36E-02
15.86	3.36E-02
15.86	3.36E-02
15.86	3.36E-02
15.86	3.36E-02
15.86	3.36E-02
15.86	3.36E-02
15.86	3.36E-02
15.86	3.36E-02
15.86	3.36E-02
15.86	3.36E-02
15.86	3.36E-02
15.87	3.36E-02
15.87	3.35E-02
15.87	3.35E-02
15.87	3.35E-02
15.87	3.35E-02
15.87	3.35E-02
15.87	3.35E-02
15.87	3.35E-02
15.87	3.35E-02
15.87	3.35E-02
15.87	3.35E-02
15.87	3.35E-02
15.87	3.35E-02
15.87	3.35E-02
15.87	3.35E-02
15.87	3.35E-02
15.87	3.35E-02
15.87	3.35E-02
15.87	3.35E-02
15.88	3.35E-02
15.88	3.35E-02
15.88	3.35E-02
15.88	3.35E-02
15.88	3.35E-02
15.88	3.35E-02
15.88	3.35E-02
15.88	3.35E-02
15.88	3.35E-02
15.88	3.35E-02
15.88	3.35E-02
15.88	3.35E-02
15.88	3.35E-02
15.88	3.35E-02
15.88	3.35E-02
15.88	3.35E-02
15.88	3.35E-02
15.88	3.35E-02
15.88	3.35E-02
15.88	3.35E-02
15.89	3.35E-02
15.89	3.35E-02
15.89	3.35E-02
15.89	3.35E-02
15.89	3.35E-02
15.89	3.35E-02
15.89	3.35E-02
15.89	3.35E-02
15.89	3.35E-02
15.89	3.35E-02
15.89	3.35E-02
15.89	3.35E-02
15.89	3.34E-02
15.89	3.34E-02
15.89	3.34E-02
15.89	3.34E-02
15.89	3.34E-02
15.89	3.34E-02
15.89	3.34E-02
15.89	3.34E-02
15.9	3.34E-02
15.9	3.34E-02
15.9	3.34E-02
15.9	3.34E-02
15.9	3.34E-02
15.9	3.34E-02
15.9	3.34E-02
15.9	3.34E-02
15.9	3.34E-02
15.9	3.34E-02
15.9	3.34E-02
15.9	3.34E-02
15.9	3.34E-02
15.9	3.34E-02
15.9	3.34E-02
15.9	3.34E-02
15.9	3.34E-02
15.9	3.34E-02
15.9	3.34E-02
15.9	3.34E-02
15.9	3.34E-02
15.91	3.34E-02
15.91	3.34E-02
15.91	3.34E-02
15.91	3.34E-02
15.91	3.34E-02
15.91	3.34E-02
15.91	3.34E-02
15.91	3.34E-02
15.91	3.34E-02
15.91	3.34E-02
15.91	3.34E-02
15.91	3.34E-02
15.91	3.34E-02
15.91	3.34E-02
15.91	3.34E-02
15.91	3.34E-02
15.91	3.34E-02
15.91	3.34E-02
15.91	3.34E-02
15.91	3.34E-02
15.92	3.33E-02
15.92	3.33E-02
15.92	3.33E-02
15.92	3.33E-02
15.92	3.33E-02
15.92	3.33E-02
15.92	3.33E-02
15.92	3.33E-02
15.92	3.33E-02
15.92	3.33E-02
15.92	3.33E-02
15.92	3.33E-02
15.92	3.33E-02
15.92	3.33E-02
15.92	3.33E-02
15.92	3.33E-02
15.92	3.33E-02
15.92	3.33E-02
15.92	3.33E-02
15.93	3.33E-02
15.93	3.33E-02
15.93	3.33E-02
15.93	3.33E-02
15.93	3.33E-02
15.93	3.33E-02
15.93	3.33E-02
15.93	3.33E-02
15.93	3.33E-02
15.93	3.33E-02
15.93	3.33E-02
15.93	3.33E-02
15.93	3.33E-02
15.93	3.33E-02
15.93	3.33E-02
15.93	3.33E-02
15.93	3.33E-02
15.93	3.33E-02
15.93	3.33E-02
15.93	3.33E-02
15.94	3.33E-02
15.94	3.33E-02
15.94	3.33E-02
15.94	3.33E-02
15.94	3.33E-02
15.94	3.33E-02
15.94	3.33E-02
15.94	3.33E-02
15.94	3.33E-02
15.94	3.33E-02
15.94	3.33E-02
15.94	3.32E-02
15.94	3.32E-02
15.94	3.32E-02
15.94	3.32E-02
15.94	3.32E-02
15.94	3.32E-02
15.94	3.32E-02
15.94	3.32E-02
15.94	3.32E-02
15.94	3.32E-02
15.95	3.32E-02
15.95	3.32E-02
15.95	3.32E-02
15.95	3.32E-02
15.95	3.32E-02
15.95	3.32E-02
15.95	3.32E-02
15.95	3.32E-02
15.95	3.32E-02
15.95	3.32E-02
15.95	3.32E-02
15.95	3.32E-02
15.95	3.32E-02
15.95	3.32E-02
15.95	3.32E-02
15.95	3.32E-02
15.95	3.32E-02
15.95	3.32E-02
15.95	3.32E-02
15.95	3.32E-02
15.96	3.32E-02
15.96	3.32E-02
15.96	3.32E-02
15.96	3.32E-02
15.96	3.32E-02
15.96	3.32E-02
15.96	3.32E-02
15.96	3.32E-02
15.96	3.32E-02
15.96	3.32E-02
15.96	3.32E-02
15.96	3.32E-02
15.96	3.32E-02
15.96	3.32E-02
15.96	3.32E-02
15.96	3.32E-02
15.96	3.32E-02
15.96	3.32E-02
15.96	3.32E-02
15.97	3.31E-02
15.97	3.31E-02
15.97	3.31E-02
15.97	3.31E-02
15.97	3.31E-02
15.97	3.31E-02
15.97	3.31E-02
15.97	3.31E-02
15.97	3.31E-02
15.97	3.31E-02
15.97	3.31E-02
15.97	3.31E-02
15.97	3.31E-02
15.97	3.31E-02
15.97	3.31E-02
15.97	3.31E-02
15.97	3.31E-02
15.97	3.31E-02
15.97	3.31E-02
15.97	3.31E-02
15.98	3.31E-02
15.98	3.31E-02
15.98	3.31E-02
15.98	3.31E-02
15.98	3.31E-02
15.98	3.31E-02
15.98	3.31E-02
15.98	3.31E-02
15.98	3.31E-02
15.98	3.31E-02
15.98	3.31E-02
15.98	3.31E-02
15.98	3.31E-02
15.98	3.31E-02
15.98	3.31E-02
15.98	3.31E-02
15.98	3.31E-02
15.98	3.31E-02
15.98	3.31E-02
15.98	3.31E-02
15.98	3.31E-02
15.99	3.31E-02
15.99	3.31E-02
15.99	3.31E-02
15.99	3.31E-02
15.99	3.31E-02
15.99	3.31E-02
15.99	3.31E-02
15.99	3.31E-02
15.99	3.30E-02
15.99	3.30E-02
15.99	3.30E-02
15.99	3.30E-02
15.99	3.30E-02
15.99	3.30E-02
15.99	3.30E-02
15.99	3.30E-02
15.99	3.30E-02
15.99	3.30E-02
15.99	3.30E-02
15.99	3.30E-02
16	3.30E-02
16	3.30E-02
16	3.30E-02
16	3.30E-02
16	3.30E-02
16	3.30E-02
16	3.30E-02
16	3.30E-02
16	3.30E-02
16	3.30E-02
16	3.30E-02
16	3.30E-02
16	3.30E-02
16	3.30E-02
16	3.30E-02
16	3.30E-02
16	3.30E-02
16	3.30E-02
16	3.30E-02
16	3.30E-02
16.01	3.30E-02
16.01	3.30E-02
16.01	3.30E-02
16.01	3.30E-02
16.01	3.30E-02
16.01	3.30E-02
16.01	3.30E-02
16.01	3.30E-02
16.01	3.30E-02
16.01	3.30E-02
16.01	3.30E-02
16.01	3.30E-02
16.01	3.30E-02
16.01	3.30E-02
16.01	3.30E-02
16.01	3.30E-02
16.01	3.29E-02
16.01	3.29E-02
16.01	3.29E-02
16.01	3.29E-02
16.02	3.29E-02
16.02	3.29E-02
16.02	3.29E-02
16.02	3.29E-02
16.02	3.29E-02
16.02	3.29E-02
16.02	3.29E-02
16.02	3.29E-02
16.02	3.29E-02
16.02	3.29E-02
16.02	3.29E-02
16.02	3.29E-02
16.02	3.29E-02
16.02	3.29E-02
16.02	3.29E-02
16.02	3.29E-02
16.02	3.29E-02
16.02	3.29E-02
16.02	3.29E-02
16.02	3.29E-02
16.03	3.29E-02
16.03	3.29E-02
16.03	3.29E-02
16.03	3.29E-02
16.03	3.29E-02
16.03	3.29E-02
16.03	3.29E-02
16.03	3.29E-02
16.03	3.29E-02
16.03	3.29E-02
16.03	3.29E-02
16.03	3.29E-02
16.03	3.29E-02
16.03	3.29E-02
16.03	3.29E-02
16.03	3.29E-02
16.03	3.29E-02
16.03	3.29E-02
16.03	3.29E-02
16.03	3.29E-02
16.04	3.29E-02
16.04	3.29E-02
16.04	3.29E-02
16.04	3.29E-02
16.04	3.29E-02
16.04	3.28E-02
16.04	3.28E-02
16.04	3.28E-02
16.04	3.28E-02
16.04	3.28E-02
16.04	3.28E-02
16.04	3.28E-02
16.04	3.28E-02
16.04	3.28E-02
16.04	3.28E-02
16.04	3.28E-02
16.04	3.28E-02
16.04	3.28E-02
16.04	3.28E-02
16.05	3.28E-02
16.05	3.28E-02
16.05	3.28E-02
16.05	3.28E-02
16.05	3.28E-02
16.05	3.28E-02
16.05	3.28E-02
16.05	3.28E-02
16.05	3.28E-02
16.05	3.28E-02
16.05	3.28E-02
16.05	3.28E-02
16.05	3.28E-02
16.05	3.28E-02
16.05	3.28E-02
16.05	3.28E-02
16.05	3.28E-02
16.05	3.28E-02
16.05	3.28E-02
16.05	3.28E-02
16.06	3.28E-02
16.06	3.28E-02
16.06	3.28E-02
16.06	3.28E-02
16.06	3.28E-02
16.06	3.28E-02
16.06	3.28E-02
16.06	3.28E-02
16.06	3.28E-02
16.06	3.28E-02
16.06	3.28E-02
16.06	3.28E-02
16.06	3.28E-02
16.06	3.28E-02
16.06	3.27E-02
16.06	3.27E-02
16.06	3.27E-02
16.06	3.27E-02
16.06	3.27E-02
16.06	3.27E-02
16.07	3.27E-02
16.07	3.27E-02
16.07	3.27E-02
16.07	3.27E-02
16.07	3.27E-02
16.07	3.27E-02
16.07	3.27E-02
16.07	3.27E-02
16.07	3.27E-02
16.07	3.27E-02
16.07	3.27E-02
16.07	3.27E-02
16.07	3.27E-02
16.07	3.27E-02
16.07	3.27E-02
16.07	3.27E-02
16.07	3.27E-02
16.07	3.27E-02
16.07	3.27E-02
16.07	3.27E-02
16.08	3.27E-02
16.08	3.27E-02
16.08	3.27E-02
16.08	3.27E-02
16.08	3.27E-02
16.08	3.27E-02
16.08	3.27E-02
16.08	3.27E-02
16.08	3.27E-02
16.08	3.27E-02
16.08	3.27E-02
16.08	3.27E-02
16.08	3.27E-02
16.08	3.27E-02
16.08	3.27E-02
16.08	3.27E-02
16.08	3.27E-02
16.08	3.27E-02
16.08	3.27E-02
16.08	3.27E-02
16.08	3.27E-02
16.09	3.27E-02
16.09	3.26E-02
16.09	3.26E-02
16.09	3.26E-02
16.09	3.26E-02
16.09	3.26E-02
16.09	3.26E-02
16.09	3.26E-02
16.09	3.26E-02
16.09	3.26E-02
16.09	3.26E-02
16.09	3.26E-02
16.09	3.26E-02
16.09	3.26E-02
16.09	3.26E-02
16.09	3.26E-02
16.09	3.26E-02
16.09	3.26E-02
16.09	3.26E-02
16.09	3.26E-02
16.1	3.26E-02
16.1	3.26E-02
16.1	3.26E-02
16.1	3.26E-02
16.1	3.26E-02
16.1	3.26E-02
16.1	3.26E-02
16.1	3.26E-02
16.1	3.26E-02
16.1	3.26E-02
16.1	3.26E-02
16.1	3.26E-02
16.1	3.26E-02
16.1	3.26E-02
16.1	3.26E-02
16.1	3.26E-02
16.1	3.26E-02
16.1	3.26E-02
16.1	3.26E-02
16.1	3.26E-02
16.11	3.26E-02
16.11	3.26E-02
16.11	3.26E-02
16.11	3.26E-02
16.11	3.26E-02
16.11	3.26E-02
16.11	3.26E-02
16.11	3.26E-02
16.11	3.26E-02
16.11	3.25E-02
16.11	3.25E-02
16.11	3.25E-02
16.11	3.25E-02
16.11	3.25E-02
16.11	3.25E-02
16.11	3.25E-02
16.11	3.25E-02
16.11	3.25E-02
16.11	3.25E-02
16.11	3.25E-02
16.12	3.25E-02
16.12	3.25E-02
16.12	3.25E-02
16.12	3.25E-02
16.12	3.25E-02
16.12	3.25E-02
16.12	3.25E-02
16.12	3.25E-02
16.12	3.25E-02
16.12	3.25E-02
16.12	3.25E-02
16.12	3.25E-02
16.12	3.25E-02
16.12	3.25E-02
16.12	3.25E-02
16.12	3.25E-02
16.12	3.25E-02
16.12	3.25E-02
16.12	3.25E-02
16.12	3.25E-02
16.13	3.25E-02
16.13	3.25E-02
16.13	3.25E-02
16.13	3.25E-02
16.13	3.25E-02
16.13	3.25E-02
16.13	3.25E-02
16.13	3.25E-02
16.13	3.25E-02
16.13	3.25E-02
16.13	3.25E-02
16.13	3.25E-02
16.13	3.25E-02
16.13	3.25E-02
16.13	3.25E-02
16.13	3.25E-02
16.13	3.25E-02
16.13	3.24E-02
16.13	3.24E-02
16.14	3.24E-02
16.14	3.24E-02
16.14	3.24E-02
16.14	3.24E-02
16.14	3.24E-02
16.14	3.24E-02
16.14	3.24E-02
16.14	3.24E-02
16.14	3.24E-02
16.14	3.24E-02
16.14	3.24E-02
16.14	3.24E-02
16.14	3.24E-02
16.14	3.24E-02
16.14	3.24E-02
16.14	3.24E-02
16.14	3.24E-02
16.14	3.24E-02
16.14	3.24E-02
16.14	3.24E-02
16.15	3.24E-02
16.15	3.24E-02
16.15	3.24E-02
16.15	3.24E-02
16.15	3.24E-02
16.15	3.24E-02
16.15	3.24E-02
16.15	3.24E-02
16.15	3.24E-02
16.15	3.24E-02
16.15	3.24E-02
16.15	3.24E-02
16.15	3.24E-02
16.15	3.24E-02
16.15	3.24E-02
16.15	3.24E-02
16.15	3.24E-02
16.15	3.24E-02
16.15	3.24E-02
16.15	3.24E-02
16.16	3.24E-02
16.16	3.24E-02
16.16	3.24E-02
16.16	3.24E-02
16.16	3.24E-02
16.16	3.23E-02
16.16	3.23E-02
16.16	3.23E-02
16.16	3.23E-02
16.16	3.23E-02
16.16	3.23E-02
16.16	3.23E-02
16.16	3.23E-02
16.16	3.23E-02
16.16	3.23E-02
16.16	3.23E-02
16.16	3.23E-02
16.16	3.23E-02
16.16	3.23E-02
16.16	3.23E-02
16.17	3.23E-02
16.17	3.23E-02
16.17	3.23E-02
16.17	3.23E-02
16.17	3.23E-02
16.17	3.23E-02
16.17	3.23E-02
16.17	3.23E-02
16.17	3.23E-02
16.17	3.23E-02
16.17	3.23E-02
16.17	3.23E-02
16.17	3.23E-02
16.17	3.23E-02
16.17	3.23E-02
16.17	3.23E-02
16.17	3.23E-02
16.17	3.23E-02
16.17	3.23E-02
16.17	3.23E-02
16.17	3.23E-02
16.18	3.23E-02
16.18	3.23E-02
16.18	3.23E-02
16.18	3.23E-02
16.18	3.23E-02
16.18	3.23E-02
16.18	3.23E-02
16.18	3.23E-02
16.18	3.23E-02
16.18	3.23E-02
16.18	3.23E-02
16.18	3.22E-02
16.18	3.22E-02
16.18	3.22E-02
16.18	3.22E-02
16.18	3.22E-02
16.18	3.22E-02
16.18	3.22E-02
16.18	3.22E-02
16.18	3.22E-02
16.19	3.22E-02
16.19	3.22E-02
16.19	3.22E-02
16.19	3.22E-02
16.19	3.22E-02
16.19	3.22E-02
16.19	3.22E-02
16.19	3.22E-02
16.19	3.22E-02
16.19	3.22E-02
16.19	3.22E-02
16.19	3.22E-02
16.19	3.22E-02
16.19	3.22E-02
16.19	3.22E-02
16.19	3.22E-02
16.19	3.22E-02
16.19	3.22E-02
16.19	3.22E-02
16.19	3.22E-02
16.2	3.22E-02
16.2	3.22E-02
16.2	3.22E-02
16.2	3.22E-02
16.2	3.22E-02
16.2	3.22E-02
16.2	3.22E-02
16.2	3.22E-02
16.2	3.22E-02
16.2	3.22E-02
16.2	3.22E-02
16.2	3.22E-02
16.2	3.22E-02
16.2	3.22E-02
16.2	3.22E-02
16.2	3.22E-02
16.2	3.22E-02
16.2	3.22E-02
16.2	3.21E-02
16.2	3.21E-02
16.21	3.21E-02
16.21	3.21E-02
16.21	3.21E-02
16.21	3.21E-02
16.21	3.21E-02
16.21	3.21E-02
16.21	3.21E-02
16.21	3.21E-02
16.21	3.21E-02
16.21	3.21E-02
16.21	3.21E-02
16.21	3.21E-02
16.21	3.21E-02
16.21	3.21E-02
16.21	3.21E-02
16.21	3.21E-02
16.21	3.21E-02
16.21	3.21E-02
16.21	3.21E-02
16.22	3.21E-02
16.22	3.21E-02
16.22	3.21E-02
16.22	3.21E-02
16.22	3.21E-02
16.22	3.21E-02
16.22	3.21E-02
16.22	3.21E-02
16.22	3.21E-02
16.22	3.21E-02
16.22	3.21E-02
16.22	3.21E-02
16.22	3.21E-02
16.22	3.21E-02
16.22	3.21E-02
16.22	3.21E-02
16.22	3.21E-02
16.22	3.21E-02
16.22	3.21E-02
16.22	3.21E-02
16.23	3.21E-02
16.23	3.21E-02
16.23	3.21E-02
16.23	3.21E-02
16.23	3.21E-02
16.23	3.21E-02
16.23	3.20E-02
16.23	3.20E-02
16.23	3.20E-02
16.23	3.20E-02
16.23	3.20E-02
16.23	3.20E-02
16.23	3.20E-02
16.23	3.20E-02
16.23	3.20E-02
16.23	3.20E-02
16.23	3.20E-02
16.23	3.20E-02
16.23	3.20E-02
16.23	3.20E-02
16.24	3.20E-02
16.24	3.20E-02
16.24	3.20E-02
16.24	3.20E-02
16.24	3.20E-02
16.24	3.20E-02
16.24	3.20E-02
16.24	3.20E-02
16.24	3.20E-02
16.24	3.20E-02
16.24	3.20E-02
16.24	3.20E-02
16.24	3.20E-02
16.24	3.20E-02
16.24	3.20E-02
16.24	3.20E-02
16.24	3.20E-02
16.24	3.20E-02
16.24	3.20E-02
16.24	3.20E-02
16.25	3.20E-02
16.25	3.20E-02
16.25	3.20E-02
16.25	3.20E-02
16.25	3.20E-02
16.25	3.20E-02
16.25	3.20E-02
16.25	3.20E-02
16.25	3.20E-02
16.25	3.20E-02
16.25	3.20E-02
16.25	3.20E-02
16.25	3.20E-02
16.25	3.19E-02
16.25	3.19E-02
16.25	3.19E-02
16.25	3.19E-02
16.25	3.19E-02
16.25	3.19E-02
16.25	3.19E-02
16.25	3.19E-02
16.26	3.19E-02
16.26	3.19E-02
16.26	3.19E-02
16.26	3.19E-02
16.26	3.19E-02
16.26	3.19E-02
16.26	3.19E-02
16.26	3.19E-02
16.26	3.19E-02
16.26	3.19E-02
16.26	3.19E-02
16.26	3.19E-02
16.26	3.19E-02
16.26	3.19E-02
16.26	3.19E-02
16.26	3.19E-02
16.26	3.19E-02
16.26	3.19E-02
16.26	3.19E-02
16.26	3.19E-02
16.27	3.19E-02
16.27	3.19E-02
16.27	3.19E-02
16.27	3.19E-02
16.27	3.19E-02
16.27	3.19E-02
16.27	3.19E-02
16.27	3.19E-02
16.27	3.19E-02
16.27	3.19E-02
16.27	3.19E-02
16.27	3.19E-02
16.27	3.19E-02
16.27	3.19E-02
16.27	3.19E-02
16.27	3.19E-02
16.27	3.19E-02
16.27	3.19E-02
16.27	3.19E-02
16.27	3.18E-02
16.28	3.18E-02
16.28	3.18E-02
16.28	3.18E-02
16.28	3.18E-02
16.28	3.18E-02
16.28	3.18E-02
16.28	3.18E-02
16.28	3.18E-02
16.28	3.18E-02
16.28	3.18E-02
16.28	3.18E-02
16.28	3.18E-02
16.28	3.18E-02
16.28	3.18E-02
16.28	3.18E-02
16.28	3.18E-02
16.28	3.18E-02
16.28	3.18E-02
16.28	3.18E-02
16.28	3.18E-02
16.29	3.18E-02
16.29	3.18E-02
16.29	3.18E-02
16.29	3.18E-02
16.29	3.18E-02
16.29	3.18E-02
16.29	3.18E-02
16.29	3.18E-02
16.29	3.18E-02
16.29	3.18E-02
16.29	3.18E-02
16.29	3.18E-02
16.29	3.18E-02
16.29	3.18E-02
16.29	3.18E-02
16.29	3.18E-02
16.29	3.18E-02
16.29	3.18E-02
16.29	3.18E-02
16.3	3.18E-02
16.3	3.18E-02
16.3	3.18E-02
16.3	3.18E-02
16.3	3.18E-02
16.3	3.18E-02
16.3	3.17E-02
16.3	3.17E-02
16.3	3.17E-02
16.3	3.17E-02
16.3	3.17E-02
16.3	3.17E-02
16.3	3.17E-02
16.3	3.17E-02
16.3	3.17E-02
16.3	3.17E-02
16.3	3.17E-02
16.3	3.17E-02
16.3	3.17E-02
16.3	3.17E-02
16.31	3.17E-02
16.31	3.17E-02
16.31	3.17E-02
16.31	3.17E-02
16.31	3.17E-02
16.31	3.17E-02
16.31	3.17E-02
16.31	3.17E-02
16.31	3.17E-02
16.31	3.17E-02
16.31	3.17E-02
16.31	3.17E-02
16.31	3.17E-02
16.31	3.17E-02
16.31	3.17E-02
16.31	3.17E-02
16.31	3.17E-02
16.31	3.17E-02
16.31	3.17E-02
16.31	3.17E-02
16.32	3.17E-02
16.32	3.17E-02
16.32	3.17E-02
16.32	3.17E-02
16.32	3.17E-02
16.32	3.17E-02
16.32	3.17E-02
16.32	3.17E-02
16.32	3.17E-02
16.32	3.17E-02
16.32	3.17E-02
16.32	3.17E-02
16.32	3.16E-02
16.32	3.16E-02
16.32	3.16E-02
16.32	3.16E-02
16.32	3.16E-02
16.32	3.16E-02
16.32	3.16E-02
16.32	3.16E-02
16.33	3.16E-02
16.33	3.16E-02
16.33	3.16E-02
16.33	3.16E-02
16.33	3.16E-02
16.33	3.16E-02
16.33	3.16E-02
16.33	3.16E-02
16.33	3.16E-02
16.33	3.16E-02
16.33	3.16E-02
16.33	3.16E-02
16.33	3.16E-02
16.33	3.16E-02
16.33	3.16E-02
16.33	3.16E-02
16.33	3.16E-02
16.33	3.16E-02
16.33	3.16E-02
16.33	3.16E-02
16.33	3.16E-02
16.34	3.16E-02
16.34	3.16E-02
16.34	3.16E-02
16.34	3.16E-02
16.34	3.16E-02
16.34	3.16E-02
16.34	3.16E-02
16.34	3.16E-02
16.34	3.16E-02
16.34	3.16E-02
16.34	3.16E-02
16.34	3.16E-02
16.34	3.16E-02
16.34	3.16E-02
16.34	3.16E-02
16.34	3.16E-02
16.34	3.16E-02
16.34	3.15E-02
16.34	3.15E-02
16.34	3.15E-02
16.35	3.15E-02
16.35	3.15E-02
16.35	3.15E-02
16.35	3.15E-02
16.35	3.15E-02
16.35	3.15E-02
16.35	3.15E-02
16.35	3.15E-02
16.35	3.15E-02
16.35	3.15E-02
16.35	3.15E-02
16.35	3.15E-02
16.35	3.15E-02
16.35	3.15E-02
16.35	3.15E-02
16.35	3.15E-02
16.35	3.15E-02
16.35	3.15E-02
16.35	3.15E-02
16.35	3.15E-02
16.36	3.15E-02
16.36	3.15E-02
16.36	3.15E-02
16.36	3.15E-02
16.36	3.15E-02
16.36	3.15E-02
16.36	3.15E-02
16.36	3.15E-02
16.36	3.15E-02
16.36	3.15E-02
16.36	3.15E-02
16.36	3.15E-02
16.36	3.15E-02
16.36	3.15E-02
16.36	3.15E-02
16.36	3.15E-02
16.36	3.15E-02
16.36	3.15E-02
16.36	3.15E-02
16.36	3.15E-02
16.37	3.15E-02
16.37	3.15E-02
16.37	3.15E-02
16.37	3.14E-02
16.37	3.14E-02
16.37	3.14E-02
16.37	3.14E-02
16.37	3.14E-02
16.37	3.14E-02
16.37	3.14E-02
16.37	3.14E-02
16.37	3.14E-02
16.37	3.14E-02
16.37	3.14E-02
16.37	3.14E-02
16.37	3.14E-02
16.37	3.14E-02
16.37	3.14E-02
16.37	3.14E-02
16.38	3.14E-02
16.38	3.14E-02
16.38	3.14E-02
16.38	3.14E-02
16.38	3.14E-02
16.38	3.14E-02
16.38	3.14E-02
16.38	3.14E-02
16.38	3.14E-02
16.38	3.14E-02
16.38	3.14E-02
16.38	3.14E-02
16.38	3.14E-02
16.38	3.14E-02
16.38	3.14E-02
16.38	3.14E-02
16.38	3.14E-02
16.38	3.14E-02
16.38	3.14E-02
16.38	3.14E-02
16.39	3.14E-02
16.39	3.14E-02
16.39	3.14E-02
16.39	3.14E-02
16.39	3.14E-02
16.39	3.14E-02
16.39	3.14E-02
16.39	3.14E-02
16.39	3.14E-02
16.39	3.14E-02
16.39	3.13E-02
16.39	3.13E-02
16.39	3.13E-02
16.39	3.13E-02
16.39	3.13E-02
16.39	3.13E-02
16.39	3.13E-02
16.39	3.13E-02
16.39	3.13E-02
16.39	3.13E-02
16.4	3.13E-02
16.4	3.13E-02
16.4	3.13E-02
16.4	3.13E-02
16.4	3.13E-02
16.4	3.13E-02
16.4	3.13E-02
16.4	3.13E-02
16.4	3.13E-02
16.4	3.13E-02
16.4	3.13E-02
16.4	3.13E-02
16.4	3.13E-02
16.4	3.13E-02
16.4	3.13E-02
16.4	3.13E-02
16.4	3.13E-02
16.4	3.13E-02
16.4	3.13E-02
16.4	3.13E-02
16.41	3.13E-02
16.41	3.13E-02
16.41	3.13E-02
16.41	3.13E-02
16.41	3.13E-02
16.41	3.13E-02
16.41	3.13E-02
16.41	3.13E-02
16.41	3.13E-02
16.41	3.13E-02
16.41	3.13E-02
16.41	3.13E-02
16.41	3.13E-02
16.41	3.13E-02
16.41	3.13E-02
16.41	3.12E-02
16.41	3.12E-02
16.41	3.12E-02
16.41	3.12E-02
16.41	3.12E-02
16.42	3.12E-02
16.42	3.12E-02
16.42	3.12E-02
16.42	3.12E-02
16.42	3.12E-02
16.42	3.12E-02
16.42	3.12E-02
16.42	3.12E-02
16.42	3.12E-02
16.42	3.12E-02
16.42	3.12E-02
16.42	3.12E-02
16.42	3.12E-02
16.42	3.12E-02
16.42	3.12E-02
16.42	3.12E-02
16.42	3.12E-02
16.42	3.12E-02
16.42	3.12E-02
16.42	3.12E-02
16.42	3.12E-02
16.43	3.12E-02
16.43	3.12E-02
16.43	3.12E-02
16.43	3.12E-02
16.43	3.12E-02
16.43	3.12E-02
16.43	3.12E-02
16.43	3.12E-02
16.43	3.12E-02
16.43	3.12E-02
16.43	3.12E-02
16.43	3.12E-02
16.43	3.12E-02
16.43	3.12E-02
16.43	3.12E-02
16.43	3.12E-02
16.43	3.12E-02
16.43	3.12E-02
16.43	3.12E-02
16.43	3.12E-02
16.44	3.11E-02
16.44	3.11E-02
16.44	3.11E-02
16.44	3.11E-02
16.44	3.11E-02
16.44	3.11E-02
16.44	3.11E-02
16.44	3.11E-02
16.44	3.11E-02
16.44	3.11E-02
16.44	3.11E-02
16.44	3.11E-02
16.44	3.11E-02
16.44	3.11E-02
16.44	3.11E-02
16.44	3.11E-02
16.44	3.11E-02
16.44	3.11E-02
16.44	3.11E-02
16.44	3.11E-02
16.45	3.11E-02
16.45	3.11E-02
16.45	3.11E-02
16.45	3.11E-02
16.45	3.11E-02
16.45	3.11E-02
16.45	3.11E-02
16.45	3.11E-02
16.45	3.11E-02
16.45	3.11E-02
16.45	3.11E-02
16.45	3.11E-02
16.45	3.11E-02
16.45	3.11E-02
16.45	3.11E-02
16.45	3.11E-02
16.45	3.11E-02
16.45	3.11E-02
16.45	3.11E-02
16.45	3.11E-02
16.46	3.11E-02
16.46	3.11E-02
16.46	3.11E-02
16.46	3.11E-02
16.46	3.11E-02
16.46	3.10E-02
16.46	3.10E-02
16.46	3.10E-02
16.46	3.10E-02
16.46	3.10E-02
16.46	3.10E-02
16.46	3.10E-02
16.46	3.10E-02
16.46	3.10E-02
16.46	3.10E-02
16.46	3.10E-02
16.46	3.10E-02
16.46	3.10E-02
16.46	3.10E-02
16.47	3.10E-02
16.47	3.10E-02
16.47	3.10E-02
16.47	3.10E-02
16.47	3.10E-02
16.47	3.10E-02
16.47	3.10E-02
16.47	3.10E-02
16.47	3.10E-02
16.47	3.10E-02
16.47	3.10E-02
16.47	3.10E-02
16.47	3.10E-02
16.47	3.10E-02
16.47	3.10E-02
16.47	3.10E-02
16.47	3.10E-02
16.47	3.10E-02
16.47	3.10E-02
16.47	3.10E-02
16.48	3.10E-02
16.48	3.10E-02
16.48	3.10E-02
16.48	3.10E-02
16.48	3.10E-02
16.48	3.10E-02
16.48	3.10E-02
16.48	3.10E-02
16.48	3.10E-02
16.48	3.10E-02
16.48	3.10E-02
16.48	3.09E-02
16.48	3.09E-02
16.48	3.09E-02
16.48	3.09E-02
16.48	3.09E-02
16.48	3.09E-02
16.48	3.09E-02
16.48	3.09E-02
16.48	3.09E-02
16.49	3.09E-02
16.49	3.09E-02
16.49	3.09E-02
16.49	3.09E-02
16.49	3.09E-02
16.49	3.09E-02
16.49	3.09E-02
16.49	3.09E-02
16.49	3.09E-02
16.49	3.09E-02
16.49	3.09E-02
16.49	3.09E-02
16.49	3.09E-02
16.49	3.09E-02
16.49	3.09E-02
16.49	3.09E-02
16.49	3.09E-02
16.49	3.09E-02
16.49	3.09E-02
16.49	3.09E-02
16.5	3.09E-02
16.5	3.09E-02
16.5	3.09E-02
16.5	3.09E-02
16.5	3.09E-02
16.5	3.09E-02
16.5	3.09E-02
16.5	3.09E-02
16.5	3.09E-02
16.5	3.09E-02
16.5	3.09E-02
16.5	3.09E-02
16.5	3.09E-02
16.5	3.09E-02
16.5	3.09E-02
16.5	3.09E-02
16.5	3.08E-02
16.5	3.08E-02
16.5	3.08E-02
16.5	3.08E-02
16.5	3.08E-02
16.51	3.08E-02
16.51	3.08E-02
16.51	3.08E-02
16.51	3.08E-02
16.51	3.08E-02
16.51	3.08E-02
16.51	3.08E-02
16.51	3.08E-02
16.51	3.08E-02
16.51	3.08E-02
16.51	3.08E-02
16.51	3.08E-02
16.51	3.08E-02
16.51	3.08E-02
16.51	3.08E-02
16.51	3.08E-02
16.51	3.08E-02
16.51	3.08E-02
16.51	3.08E-02
16.51	3.08E-02
16.52	3.08E-02
16.52	3.08E-02
16.52	3.08E-02
16.52	3.08E-02
16.52	3.08E-02
16.52	3.08E-02
16.52	3.08E-02
16.52	3.08E-02
16.52	3.08E-02
16.52	3.08E-02
16.52	3.08E-02
16.52	3.08E-02
16.52	3.08E-02
16.52	3.08E-02
16.52	3.08E-02
16.52	3.08E-02
16.52	3.08E-02
16.52	3.08E-02
16.52	3.08E-02
16.52	3.08E-02
16.53	3.07E-02
16.53	3.07E-02
16.53	3.07E-02
16.53	3.07E-02
16.53	3.07E-02
16.53	3.07E-02
16.53	3.07E-02
16.53	3.07E-02
16.53	3.07E-02
16.53	3.07E-02
16.53	3.07E-02
16.53	3.07E-02
16.53	3.07E-02
16.53	3.07E-02
16.53	3.07E-02
16.53	3.07E-02
16.53	3.07E-02
16.53	3.07E-02
16.53	3.07E-02
16.53	3.07E-02
16.54	3.07E-02
16.54	3.07E-02
16.54	3.07E-02
16.54	3.07E-02
16.54	3.07E-02
16.54	3.07E-02
16.54	3.07E-02
16.54	3.07E-02
16.54	3.07E-02
16.54	3.07E-02
16.54	3.07E-02
16.54	3.07E-02
16.54	3.07E-02
16.54	3.07E-02
16.54	3.07E-02
16.54	3.07E-02
16.54	3.07E-02
16.54	3.07E-02
16.54	3.07E-02
16.55	3.07E-02
16.55	3.07E-02
16.55	3.07E-02
16.55	3.07E-02
16.55	3.07E-02
16.55	3.07E-02
16.55	3.06E-02
16.55	3.06E-02
16.55	3.06E-02
16.55	3.06E-02
16.55	3.06E-02
16.55	3.06E-02
16.55	3.06E-02
16.55	3.06E-02
16.55	3.06E-02
16.55	3.06E-02
16.55	3.06E-02
16.55	3.06E-02
16.55	3.06E-02
16.55	3.06E-02
16.56	3.06E-02
16.56	3.06E-02
16.56	3.06E-02
16.56	3.06E-02
16.56	3.06E-02
16.56	3.06E-02
16.56	3.06E-02
16.56	3.06E-02
16.56	3.06E-02
16.56	3.06E-02
16.56	3.06E-02
16.56	3.06E-02
16.56	3.06E-02
16.56	3.06E-02
16.56	3.06E-02
16.56	3.06E-02
16.56	3.06E-02
16.56	3.06E-02
16.56	3.06E-02
16.56	3.06E-02
16.57	3.06E-02
16.57	3.06E-02
16.57	3.06E-02
16.57	3.06E-02
16.57	3.06E-02
16.57	3.06E-02
16.57	3.06E-02
16.57	3.06E-02
16.57	3.06E-02
16.57	3.06E-02
16.57	3.06E-02
16.57	3.05E-02
16.57	3.05E-02
16.57	3.05E-02
16.57	3.05E-02
16.57	3.05E-02
16.57	3.05E-02
16.57	3.05E-02
16.57	3.05E-02
16.57	3.05E-02
16.58	3.05E-02
16.58	3.05E-02
16.58	3.05E-02
16.58	3.05E-02
16.58	3.05E-02
16.58	3.05E-02
16.58	3.05E-02
16.58	3.05E-02
16.58	3.05E-02
16.58	3.05E-02
16.58	3.05E-02
16.58	3.05E-02
16.58	3.05E-02
16.58	3.05E-02
16.58	3.05E-02
16.58	3.05E-02
16.58	3.05E-02
16.58	3.05E-02
16.58	3.05E-02
16.58	3.05E-02
16.58	3.05E-02
16.59	3.05E-02
16.59	3.05E-02
16.59	3.05E-02
16.59	3.05E-02
16.59	3.05E-02
16.59	3.05E-02
16.59	3.05E-02
16.59	3.05E-02
16.59	3.05E-02
16.59	3.05E-02
16.59	3.05E-02
16.59	3.05E-02
16.59	3.05E-02
16.59	3.05E-02
16.59	3.04E-02
16.59	3.04E-02
16.59	3.04E-02
16.59	3.04E-02
16.59	3.04E-02
16.59	3.04E-02
16.6	3.04E-02
16.6	3.04E-02
16.6	3.04E-02
16.6	3.04E-02
16.6	3.04E-02
16.6	3.04E-02
16.6	3.04E-02
16.6	3.04E-02
16.6	3.04E-02
16.6	3.04E-02
16.6	3.04E-02
16.6	3.04E-02
16.6	3.04E-02
16.6	3.04E-02
16.6	3.04E-02
16.6	3.04E-02
16.6	3.04E-02
16.6	3.04E-02
16.6	3.04E-02
16.6	3.04E-02
16.61	3.04E-02
16.61	3.04E-02
16.61	3.04E-02
16.61	3.04E-02
16.61	3.04E-02
16.61	3.04E-02
16.61	3.04E-02
16.61	3.04E-02
16.61	3.04E-02
16.61	3.04E-02
16.61	3.04E-02
16.61	3.04E-02
16.61	3.04E-02
16.61	3.04E-02
16.61	3.04E-02
16.61	3.04E-02
16.61	3.04E-02
16.61	3.04E-02
16.61	3.04E-02
16.61	3.03E-02
16.62	3.03E-02
16.62	3.03E-02
16.62	3.03E-02
16.62	3.03E-02
16.62	3.03E-02
16.62	3.03E-02
16.62	3.03E-02
16.62	3.03E-02
16.62	3.03E-02
16.62	3.03E-02
16.62	3.03E-02
16.62	3.03E-02
16.62	3.03E-02
16.62	3.03E-02
16.62	3.03E-02
16.62	3.03E-02
16.62	3.03E-02
16.62	3.03E-02
16.62	3.03E-02
16.62	3.03E-02
16.63	3.03E-02
16.63	3.03E-02
16.63	3.03E-02
16.63	3.03E-02
16.63	3.03E-02
16.63	3.03E-02
16.63	3.03E-02
16.63	3.03E-02
16.63	3.03E-02
16.63	3.03E-02
16.63	3.03E-02
16.63	3.03E-02
16.63	3.03E-02
16.63	3.03E-02
16.63	3.03E-02
16.63	3.03E-02
16.63	3.03E-02
16.63	3.03E-02
16.63	3.03E-02
16.64	3.03E-02
16.64	3.03E-02
16.64	3.03E-02
16.64	3.03E-02
16.64	3.02E-02
16.64	3.02E-02
16.64	3.02E-02
16.64	3.02E-02
16.64	3.02E-02
16.64	3.02E-02
16.64	3.02E-02
16.64	3.02E-02
16.64	3.02E-02
16.64	3.02E-02
16.64	3.02E-02
16.64	3.02E-02
16.64	3.02E-02
16.64	3.02E-02
16.64	3.02E-02
16.64	3.02E-02
16.65	3.02E-02
16.65	3.02E-02
16.65	3.02E-02
16.65	3.02E-02
16.65	3.02E-02
16.65	3.02E-02
16.65	3.02E-02
16.65	3.02E-02
16.65	3.02E-02
16.65	3.02E-02
16.65	3.02E-02
16.65	3.02E-02
16.65	3.02E-02
16.65	3.02E-02
16.65	3.02E-02
16.65	3.02E-02
16.65	3.02E-02
16.65	3.02E-02
16.65	3.02E-02
16.65	3.02E-02
16.66	3.02E-02
16.66	3.02E-02
16.66	3.02E-02
16.66	3.02E-02
16.66	3.02E-02
16.66	3.02E-02
16.66	3.02E-02
16.66	3.02E-02
16.66	3.01E-02
16.66	3.01E-02
16.66	3.01E-02
16.66	3.01E-02
16.66	3.01E-02
16.66	3.01E-02
16.66	3.01E-02
16.66	3.01E-02
16.66	3.01E-02
16.66	3.01E-02
16.66	3.01E-02
16.66	3.01E-02
16.67	3.01E-02
16.67	3.01E-02
16.67	3.01E-02
16.67	3.01E-02
16.67	3.01E-02
16.67	3.01E-02
16.67	3.01E-02
16.67	3.01E-02
16.67	3.01E-02
16.67	3.01E-02
16.67	3.01E-02
16.67	3.01E-02
16.67	3.01E-02
16.67	3.01E-02
16.67	3.01E-02
16.67	3.01E-02
16.67	3.01E-02
16.67	3.01E-02
16.67	3.01E-02
16.67	3.01E-02
16.67	3.01E-02
16.68	3.01E-02
16.68	3.01E-02
16.68	3.01E-02
16.68	3.01E-02
16.68	3.01E-02
16.68	3.01E-02
16.68	3.01E-02
16.68	3.01E-02
16.68	3.01E-02
16.68	3.01E-02
16.68	3.01E-02
16.68	3.00E-02
16.68	3.00E-02
16.68	3.00E-02
16.68	3.00E-02
16.68	3.00E-02
16.68	3.00E-02
16.68	3.00E-02
16.68	3.00E-02
16.68	3.00E-02
16.69	3.00E-02
16.69	3.00E-02
16.69	3.00E-02
16.69	3.00E-02
16.69	3.00E-02
16.69	3.00E-02
16.69	3.00E-02
16.69	3.00E-02
16.69	3.00E-02
16.69	3.00E-02
16.69	3.00E-02
16.69	3.00E-02
16.69	3.00E-02
16.69	3.00E-02
16.69	3.00E-02
16.69	3.00E-02
16.69	3.00E-02
16.69	3.00E-02
16.69	3.00E-02
16.69	3.00E-02
16.7	3.00E-02
16.7	3.00E-02
16.7	3.00E-02
16.7	3.00E-02
16.7	3.00E-02
16.7	3.00E-02
16.7	3.00E-02
16.7	3.00E-02
16.7	3.00E-02
16.7	3.00E-02
16.7	3.00E-02
16.7	3.00E-02
16.7	3.00E-02
16.7	3.00E-02
16.7	3.00E-02
16.7	2.99E-02
16.7	2.99E-02
16.7	2.99E-02
16.7	2.99E-02
16.7	2.99E-02
16.71	2.99E-02
16.71	2.99E-02
16.71	2.99E-02
16.71	2.99E-02
16.71	2.99E-02
16.71	2.99E-02
16.71	2.99E-02
16.71	2.99E-02
16.71	2.99E-02
16.71	2.99E-02
16.71	2.99E-02
16.71	2.99E-02
16.71	2.99E-02
16.71	2.99E-02
16.71	2.99E-02
16.71	2.99E-02
16.71	2.99E-02
16.71	2.99E-02
16.71	2.99E-02
16.72	2.99E-02
16.72	2.99E-02
16.72	2.99E-02
16.72	2.99E-02
16.72	2.99E-02
16.72	2.99E-02
16.72	2.99E-02
16.72	2.99E-02
16.72	2.99E-02
16.72	2.99E-02
16.72	2.99E-02
16.72	2.99E-02
16.72	2.99E-02
16.72	2.99E-02
16.72	2.99E-02
16.72	2.99E-02
16.72	2.99E-02
16.72	2.99E-02
16.72	2.99E-02
16.72	2.99E-02
16.73	2.98E-02
16.73	2.98E-02
16.73	2.98E-02
16.73	2.98E-02
16.73	2.98E-02
16.73	2.98E-02
16.73	2.98E-02
16.73	2.98E-02
16.73	2.98E-02
16.73	2.98E-02
16.73	2.98E-02
16.73	2.98E-02
16.73	2.98E-02
16.73	2.98E-02
16.73	2.98E-02
16.73	2.98E-02
16.73	2.98E-02
16.73	2.98E-02
16.73	2.98E-02
16.73	2.98E-02
16.74	2.98E-02
16.74	2.98E-02
16.74	2.98E-02
16.74	2.98E-02
16.74	2.98E-02
16.74	2.98E-02
16.74	2.98E-02
16.74	2.98E-02
16.74	2.98E-02
16.74	2.98E-02
16.74	2.98E-02
16.74	2.98E-02
16.74	2.98E-02
16.74	2.98E-02
16.74	2.98E-02
16.74	2.98E-02
16.74	2.98E-02
16.74	2.98E-02
16.74	2.98E-02
16.74	2.98E-02
16.75	2.98E-02
16.75	2.98E-02
16.75	2.98E-02
16.75	2.98E-02
16.75	2.97E-02
16.75	2.97E-02
16.75	2.97E-02
16.75	2.97E-02
16.75	2.97E-02
16.75	2.97E-02
16.75	2.97E-02
16.75	2.97E-02
16.75	2.97E-02
16.75	2.97E-02
16.75	2.97E-02
16.75	2.97E-02
16.75	2.97E-02
16.75	2.97E-02
16.75	2.97E-02
16.75	2.97E-02
16.75	2.97E-02
16.76	2.97E-02
16.76	2.97E-02
16.76	2.97E-02
16.76	2.97E-02
16.76	2.97E-02
16.76	2.97E-02
16.76	2.97E-02
16.76	2.97E-02
16.76	2.97E-02
16.76	2.97E-02
16.76	2.97E-02
16.76	2.97E-02
16.76	2.97E-02
16.76	2.97E-02
16.76	2.97E-02
16.76	2.97E-02
16.76	2.97E-02
16.76	2.97E-02
16.76	2.97E-02
16.76	2.97E-02
16.77	2.97E-02
16.77	2.97E-02
16.77	2.97E-02
16.77	2.97E-02
16.77	2.97E-02
16.77	2.97E-02
16.77	2.96E-02
16.77	2.96E-02
16.77	2.96E-02
16.77	2.96E-02
16.77	2.96E-02
16.77	2.96E-02
16.77	2.96E-02
16.77	2.96E-02
16.77	2.96E-02
16.77	2.96E-02
16.77	2.96E-02
16.77	2.96E-02
16.77	2.96E-02
16.77	2.96E-02
16.78	2.96E-02
16.78	2.96E-02
16.78	2.96E-02
16.78	2.96E-02
16.78	2.96E-02
16.78	2.96E-02
16.78	2.96E-02
16.78	2.96E-02
16.78	2.96E-02
16.78	2.96E-02
16.78	2.96E-02
16.78	2.96E-02
16.78	2.96E-02
16.78	2.96E-02
16.78	2.96E-02
16.78	2.96E-02
16.78	2.96E-02
16.78	2.96E-02
16.78	2.96E-02
16.78	2.96E-02
16.79	2.96E-02
16.79	2.96E-02
16.79	2.96E-02
16.79	2.96E-02
16.79	2.96E-02
16.79	2.96E-02
16.79	2.96E-02
16.79	2.96E-02
16.79	2.96E-02
16.79	2.96E-02
16.79	2.95E-02
16.79	2.95E-02
16.79	2.95E-02
16.79	2.95E-02
16.79	2.95E-02
16.79	2.95E-02
16.79	2.95E-02
16.79	2.95E-02
16.79	2.95E-02
16.8	2.95E-02
16.8	2.95E-02
16.8	2.95E-02
16.8	2.95E-02
16.8	2.95E-02
16.8	2.95E-02
16.8	2.95E-02
16.8	2.95E-02
16.8	2.95E-02
16.8	2.95E-02
16.8	2.95E-02
16.8	2.95E-02
16.8	2.95E-02
16.8	2.95E-02
16.8	2.95E-02
16.8	2.95E-02
16.8	2.95E-02
16.8	2.95E-02
16.8	2.95E-02
16.8	2.95E-02
16.81	2.95E-02
16.81	2.95E-02
16.81	2.95E-02
16.81	2.95E-02
16.81	2.95E-02
16.81	2.95E-02
16.81	2.95E-02
16.81	2.95E-02
16.81	2.95E-02
16.81	2.95E-02
16.81	2.95E-02
16.81	2.95E-02
16.81	2.95E-02
16.81	2.95E-02
16.81	2.94E-02
16.81	2.94E-02
16.81	2.94E-02
16.81	2.94E-02
16.81	2.94E-02
16.81	2.94E-02
16.82	2.94E-02
16.82	2.94E-02
16.82	2.94E-02
16.82	2.94E-02
16.82	2.94E-02
16.82	2.94E-02
16.82	2.94E-02
16.82	2.94E-02
16.82	2.94E-02
16.82	2.94E-02
16.82	2.94E-02
16.82	2.94E-02
16.82	2.94E-02
16.82	2.94E-02
16.82	2.94E-02
16.82	2.94E-02
16.82	2.94E-02
16.82	2.94E-02
16.82	2.94E-02
16.82	2.94E-02
16.83	2.94E-02
16.83	2.94E-02
16.83	2.94E-02
16.83	2.94E-02
16.83	2.94E-02
16.83	2.94E-02
16.83	2.94E-02
16.83	2.94E-02
16.83	2.94E-02
16.83	2.94E-02
16.83	2.94E-02
16.83	2.94E-02
16.83	2.94E-02
16.83	2.94E-02
16.83	2.94E-02
16.83	2.94E-02
16.83	2.94E-02
16.83	2.94E-02
16.83	2.93E-02
16.83	2.93E-02
16.83	2.93E-02
16.84	2.93E-02
16.84	2.93E-02
16.84	2.93E-02
16.84	2.93E-02
16.84	2.93E-02
16.84	2.93E-02
16.84	2.93E-02
16.84	2.93E-02
16.84	2.93E-02
16.84	2.93E-02
16.84	2.93E-02
16.84	2.93E-02
16.84	2.93E-02
16.84	2.93E-02
16.84	2.93E-02
16.84	2.93E-02
16.84	2.93E-02
16.84	2.93E-02
16.84	2.93E-02
16.84	2.93E-02
16.85	2.93E-02
16.85	2.93E-02
16.85	2.93E-02
16.85	2.93E-02
16.85	2.93E-02
16.85	2.93E-02
16.85	2.93E-02
16.85	2.93E-02
16.85	2.93E-02
16.85	2.93E-02
16.85	2.93E-02
16.85	2.93E-02
16.85	2.93E-02
16.85	2.93E-02
16.85	2.93E-02
16.85	2.93E-02
16.85	2.93E-02
16.85	2.93E-02
16.85	2.93E-02
16.85	2.93E-02
16.86	2.92E-02
16.86	2.92E-02
16.86	2.92E-02
16.86	2.92E-02
16.86	2.92E-02
16.86	2.92E-02
16.86	2.92E-02
16.86	2.92E-02
16.86	2.92E-02
16.86	2.92E-02
16.86	2.92E-02
16.86	2.92E-02
16.86	2.92E-02
16.86	2.92E-02
16.86	2.92E-02
16.86	2.92E-02
16.86	2.92E-02
16.86	2.92E-02
16.86	2.92E-02
16.86	2.92E-02
16.87	2.92E-02
16.87	2.92E-02
16.87	2.92E-02
16.87	2.92E-02
16.87	2.92E-02
16.87	2.92E-02
16.87	2.92E-02
16.87	2.92E-02
16.87	2.92E-02
16.87	2.92E-02
16.87	2.92E-02
16.87	2.92E-02
16.87	2.92E-02
16.87	2.92E-02
16.87	2.92E-02
16.87	2.92E-02
16.87	2.92E-02
16.87	2.92E-02
16.87	2.92E-02
16.88	2.92E-02
16.88	2.92E-02
16.88	2.92E-02
16.88	2.92E-02
16.88	2.91E-02
16.88	2.91E-02
16.88	2.91E-02
16.88	2.91E-02
16.88	2.91E-02
16.88	2.91E-02
16.88	2.91E-02
16.88	2.91E-02
16.88	2.91E-02
16.88	2.91E-02
16.88	2.91E-02
16.88	2.91E-02
16.88	2.91E-02
16.88	2.91E-02
16.88	2.91E-02
16.88	2.91E-02
16.89	2.91E-02
16.89	2.91E-02
16.89	2.91E-02
16.89	2.91E-02
16.89	2.91E-02
16.89	2.91E-02
16.89	2.91E-02
16.89	2.91E-02
16.89	2.91E-02
16.89	2.91E-02
16.89	2.91E-02
16.89	2.91E-02
16.89	2.91E-02
16.89	2.91E-02
16.89	2.91E-02
16.89	2.91E-02
16.89	2.91E-02
16.89	2.91E-02
16.89	2.91E-02
16.89	2.91E-02
16.9	2.91E-02
16.9	2.91E-02
16.9	2.91E-02
16.9	2.91E-02
16.9	2.91E-02
16.9	2.91E-02
16.9	2.91E-02
16.9	2.90E-02
16.9	2.90E-02
16.9	2.90E-02
16.9	2.90E-02
16.9	2.90E-02
16.9	2.90E-02
16.9	2.90E-02
16.9	2.90E-02
16.9	2.90E-02
16.9	2.90E-02
16.9	2.90E-02
16.9	2.90E-02
16.9	2.90E-02
16.91	2.90E-02
16.91	2.90E-02
16.91	2.90E-02
16.91	2.90E-02
16.91	2.90E-02
16.91	2.90E-02
16.91	2.90E-02
16.91	2.90E-02
16.91	2.90E-02
16.91	2.90E-02
16.91	2.90E-02
16.91	2.90E-02
16.91	2.90E-02
16.91	2.90E-02
16.91	2.90E-02
16.91	2.90E-02
16.91	2.90E-02
16.91	2.90E-02
16.91	2.90E-02
16.91	2.90E-02
16.92	2.90E-02
16.92	2.90E-02
16.92	2.90E-02
16.92	2.90E-02
16.92	2.90E-02
16.92	2.90E-02
16.92	2.90E-02
16.92	2.90E-02
16.92	2.90E-02
16.92	2.90E-02
16.92	2.89E-02
16.92	2.89E-02
16.92	2.89E-02
16.92	2.89E-02
16.92	2.89E-02
16.92	2.89E-02
16.92	2.89E-02
16.92	2.89E-02
16.92	2.89E-02
16.92	2.89E-02
16.92	2.89E-02
16.93	2.89E-02
16.93	2.89E-02
16.93	2.89E-02
16.93	2.89E-02
16.93	2.89E-02
16.93	2.89E-02
16.93	2.89E-02
16.93	2.89E-02
16.93	2.89E-02
16.93	2.89E-02
16.93	2.89E-02
16.93	2.89E-02
16.93	2.89E-02
16.93	2.89E-02
16.93	2.89E-02
16.93	2.89E-02
16.93	2.89E-02
16.93	2.89E-02
16.93	2.89E-02
16.93	2.89E-02
16.94	2.89E-02
16.94	2.89E-02
16.94	2.89E-02
16.94	2.89E-02
16.94	2.89E-02
16.94	2.89E-02
16.94	2.89E-02
16.94	2.89E-02
16.94	2.89E-02
16.94	2.89E-02
16.94	2.89E-02
16.94	2.89E-02
16.94	2.88E-02
16.94	2.88E-02
16.94	2.88E-02
16.94	2.88E-02
16.94	2.88E-02
16.94	2.88E-02
16.94	2.88E-02
16.94	2.88E-02
16.95	2.88E-02
16.95	2.88E-02
16.95	2.88E-02
16.95	2.88E-02
16.95	2.88E-02
16.95	2.88E-02
16.95	2.88E-02
16.95	2.88E-02
16.95	2.88E-02
16.95	2.88E-02
16.95	2.88E-02
16.95	2.88E-02
16.95	2.88E-02
16.95	2.88E-02
16.95	2.88E-02
16.95	2.88E-02
16.95	2.88E-02
16.95	2.88E-02
16.95	2.88E-02
16.95	2.88E-02
16.96	2.88E-02
16.96	2.88E-02
16.96	2.88E-02
16.96	2.88E-02
16.96	2.88E-02
16.96	2.88E-02
16.96	2.88E-02
16.96	2.88E-02
16.96	2.88E-02
16.96	2.88E-02
16.96	2.88E-02
16.96	2.88E-02
16.96	2.88E-02
16.96	2.88E-02
16.96	2.88E-02
16.96	2.87E-02
16.96	2.87E-02
16.96	2.87E-02
16.96	2.87E-02
16.97	2.87E-02
16.97	2.87E-02
16.97	2.87E-02
16.97	2.87E-02
16.97	2.87E-02
16.97	2.87E-02
16.97	2.87E-02
16.97	2.87E-02
16.97	2.87E-02
16.97	2.87E-02
16.97	2.87E-02
16.97	2.87E-02
16.97	2.87E-02
16.97	2.87E-02
16.97	2.87E-02
16.97	2.87E-02
16.97	2.87E-02
16.97	2.87E-02
16.97	2.87E-02
16.97	2.87E-02
16.98	2.87E-02
16.98	2.87E-02
16.98	2.87E-02
16.98	2.87E-02
16.98	2.87E-02
16.98	2.87E-02
16.98	2.87E-02
16.98	2.87E-02
16.98	2.87E-02
16.98	2.87E-02
16.98	2.87E-02
16.98	2.87E-02
16.98	2.87E-02
16.98	2.87E-02
16.98	2.87E-02
16.98	2.87E-02
16.98	2.87E-02
16.98	2.87E-02
16.98	2.87E-02
16.98	2.86E-02
16.99	2.86E-02
16.99	2.86E-02
16.99	2.86E-02
16.99	2.86E-02
16.99	2.86E-02
16.99	2.86E-02
16.99	2.86E-02
16.99	2.86E-02
16.99	2.86E-02
16.99	2.86E-02
16.99	2.86E-02
16.99	2.86E-02
16.99	2.86E-02
16.99	2.86E-02
16.99	2.86E-02
16.99	2.86E-02
16.99	2.86E-02
16.99	2.86E-02
16.99	2.86E-02
16.99	2.86E-02
17	2.86E-02
17	2.86E-02
17	2.86E-02
17	2.86E-02
17	2.86E-02
17	2.86E-02
17	2.86E-02
17	2.86E-02
17	2.86E-02
17	2.86E-02
17	2.86E-02
17	2.86E-02
17	2.86E-02
17	2.86E-02
17	2.86E-02
17	2.86E-02
17	2.86E-02
17	2.86E-02
17	2.86E-02
17	2.86E-02
17	2.86E-02
17.01	2.86E-02
17.01	2.85E-02
17.01	2.85E-02
17.01	2.85E-02
17.01	2.85E-02
17.01	2.85E-02
17.01	2.85E-02
17.01	2.85E-02
17.01	2.85E-02
17.01	2.85E-02
17.01	2.85E-02
17.01	2.85E-02
17.01	2.85E-02
17.01	2.85E-02
17.01	2.85E-02
17.01	2.85E-02
17.01	2.85E-02
17.01	2.85E-02
17.01	2.85E-02
17.01	2.85E-02
17.02	2.85E-02
17.02	2.85E-02
17.02	2.85E-02
17.02	2.85E-02
17.02	2.85E-02
17.02	2.85E-02
17.02	2.85E-02
17.02	2.85E-02
17.02	2.85E-02
17.02	2.85E-02
17.02	2.85E-02
17.02	2.85E-02
17.02	2.85E-02
17.02	2.85E-02
17.02	2.85E-02
17.02	2.85E-02
17.02	2.85E-02
17.02	2.85E-02
17.02	2.85E-02
17.02	2.85E-02
17.03	2.85E-02
17.03	2.85E-02
17.03	2.85E-02
17.03	2.85E-02
17.03	2.84E-02
17.03	2.84E-02
17.03	2.84E-02
17.03	2.84E-02
17.03	2.84E-02
17.03	2.84E-02
17.03	2.84E-02
17.03	2.84E-02
17.03	2.84E-02
17.03	2.84E-02
17.03	2.84E-02
17.03	2.84E-02
17.03	2.84E-02
17.03	2.84E-02
17.03	2.84E-02
17.03	2.84E-02
17.04	2.84E-02
17.04	2.84E-02
17.04	2.84E-02
17.04	2.84E-02
17.04	2.84E-02
17.04	2.84E-02
17.04	2.84E-02
17.04	2.84E-02
17.04	2.84E-02
17.04	2.84E-02
17.04	2.84E-02
17.04	2.84E-02
17.04	2.84E-02
17.04	2.84E-02
17.04	2.84E-02
17.04	2.84E-02
17.04	2.84E-02
17.04	2.84E-02
17.04	2.84E-02
17.05	2.84E-02
17.05	2.84E-02
17.05	2.84E-02
17.05	2.84E-02
17.05	2.84E-02
17.05	2.84E-02
17.05	2.84E-02
17.05	2.83E-02
17.05	2.83E-02
17.05	2.83E-02
17.05	2.83E-02
17.05	2.83E-02
17.05	2.83E-02
17.05	2.83E-02
17.05	2.83E-02
17.05	2.83E-02
17.05	2.83E-02
17.05	2.83E-02
17.05	2.83E-02
17.05	2.83E-02
17.06	2.83E-02
17.06	2.83E-02
17.06	2.83E-02
17.06	2.83E-02
17.06	2.83E-02
17.06	2.83E-02
17.06	2.83E-02
17.06	2.83E-02
17.06	2.83E-02
17.06	2.83E-02
17.06	2.83E-02
17.06	2.83E-02
17.06	2.83E-02
17.06	2.83E-02
17.06	2.83E-02
17.06	2.83E-02
17.06	2.83E-02
17.06	2.83E-02
17.06	2.83E-02
17.06	2.83E-02
17.07	2.83E-02
17.07	2.83E-02
17.07	2.83E-02
17.07	2.83E-02
17.07	2.83E-02
17.07	2.83E-02
17.07	2.83E-02
17.07	2.83E-02
17.07	2.83E-02
17.07	2.83E-02
17.07	2.82E-02
17.07	2.82E-02
17.07	2.82E-02
17.07	2.82E-02
17.07	2.82E-02
17.07	2.82E-02
17.07	2.82E-02
17.07	2.82E-02
17.07	2.82E-02
17.07	2.82E-02
17.08	2.82E-02
17.08	2.82E-02
17.08	2.82E-02
17.08	2.82E-02
17.08	2.82E-02
17.08	2.82E-02
17.08	2.82E-02
17.08	2.82E-02
17.08	2.82E-02
17.08	2.82E-02
17.08	2.82E-02
17.08	2.82E-02
17.08	2.82E-02
17.08	2.82E-02
17.08	2.82E-02
17.08	2.82E-02
17.08	2.82E-02
17.08	2.82E-02
17.08	2.82E-02
17.08	2.82E-02
17.08	2.82E-02
17.09	2.82E-02
17.09	2.82E-02
17.09	2.82E-02
17.09	2.82E-02
17.09	2.82E-02
17.09	2.82E-02
17.09	2.82E-02
17.09	2.82E-02
17.09	2.82E-02
17.09	2.82E-02
17.09	2.82E-02
17.09	2.81E-02
17.09	2.81E-02
17.09	2.81E-02
17.09	2.81E-02
17.09	2.81E-02
17.09	2.81E-02
17.09	2.81E-02
17.09	2.81E-02
17.09	2.81E-02
17.1	2.81E-02
17.1	2.81E-02
17.1	2.81E-02
17.1	2.81E-02
17.1	2.81E-02
17.1	2.81E-02
17.1	2.81E-02
17.1	2.81E-02
17.1	2.81E-02
17.1	2.81E-02
17.1	2.81E-02
17.1	2.81E-02
17.1	2.81E-02
17.1	2.81E-02
17.1	2.81E-02
17.1	2.81E-02
17.1	2.81E-02
17.1	2.81E-02
17.1	2.81E-02
17.1	2.81E-02
17.11	2.81E-02
17.11	2.81E-02
17.11	2.81E-02
17.11	2.81E-02
17.11	2.81E-02
17.11	2.81E-02
17.11	2.81E-02
17.11	2.81E-02
17.11	2.81E-02
17.11	2.81E-02
17.11	2.81E-02
17.11	2.81E-02
17.11	2.81E-02
17.11	2.81E-02
17.11	2.80E-02
17.11	2.80E-02
17.11	2.80E-02
17.11	2.80E-02
17.11	2.80E-02
17.11	2.80E-02
17.12	2.80E-02
17.12	2.80E-02
17.12	2.80E-02
17.12	2.80E-02
17.12	2.80E-02
17.12	2.80E-02
17.12	2.80E-02
17.12	2.80E-02
17.12	2.80E-02
17.12	2.80E-02
17.12	2.80E-02
17.12	2.80E-02
17.12	2.80E-02
17.12	2.80E-02
17.12	2.80E-02
17.12	2.80E-02
17.12	2.80E-02
17.12	2.80E-02
17.12	2.80E-02
17.12	2.80E-02
17.13	2.80E-02
17.13	2.80E-02
17.13	2.80E-02
17.13	2.80E-02
17.13	2.80E-02
17.13	2.80E-02
17.13	2.80E-02
17.13	2.80E-02
17.13	2.80E-02
17.13	2.80E-02
17.13	2.80E-02
17.13	2.80E-02
17.13	2.80E-02
17.13	2.80E-02
17.13	2.80E-02
17.13	2.80E-02
17.13	2.79E-02
17.13	2.79E-02
17.13	2.79E-02
17.14	2.79E-02
17.14	2.79E-02
17.14	2.79E-02
17.14	2.79E-02
17.14	2.79E-02
17.14	2.79E-02
17.14	2.79E-02
17.14	2.79E-02
17.14	2.79E-02
17.14	2.79E-02
17.14	2.79E-02
17.14	2.79E-02
17.14	2.79E-02
17.14	2.79E-02
17.14	2.79E-02
17.14	2.79E-02
17.14	2.79E-02
17.14	2.79E-02
17.14	2.79E-02
17.14	2.79E-02
17.15	2.79E-02
17.15	2.79E-02
17.15	2.79E-02
17.15	2.79E-02
17.15	2.79E-02
17.15	2.79E-02
17.15	2.79E-02
17.15	2.79E-02
17.15	2.79E-02
17.15	2.79E-02
17.15	2.79E-02
17.15	2.79E-02
17.15	2.79E-02
17.15	2.79E-02
17.15	2.79E-02
17.15	2.79E-02
17.15	2.79E-02
17.15	2.79E-02
17.15	2.79E-02
17.15	2.78E-02
17.16	2.78E-02
17.16	2.78E-02
17.16	2.78E-02
17.16	2.78E-02
17.16	2.78E-02
17.16	2.78E-02
17.16	2.78E-02
17.16	2.78E-02
17.16	2.78E-02
17.16	2.78E-02
17.16	2.78E-02
17.16	2.78E-02
17.16	2.78E-02
17.16	2.78E-02
17.16	2.78E-02
17.16	2.78E-02
17.16	2.78E-02
17.16	2.78E-02
17.16	2.78E-02
17.16	2.78E-02
17.17	2.78E-02
17.17	2.78E-02
17.17	2.78E-02
17.17	2.78E-02
17.17	2.78E-02
17.17	2.78E-02
17.17	2.78E-02
17.17	2.78E-02
17.17	2.78E-02
17.17	2.78E-02
17.17	2.78E-02
17.17	2.78E-02
17.17	2.78E-02
17.17	2.78E-02
17.17	2.78E-02
17.17	2.78E-02
17.17	2.78E-02
17.17	2.78E-02
17.17	2.78E-02
17.17	2.78E-02
17.17	2.78E-02
17.18	2.78E-02
17.18	2.77E-02
17.18	2.77E-02
17.18	2.77E-02
17.18	2.77E-02
17.18	2.77E-02
17.18	2.77E-02
17.18	2.77E-02
17.18	2.77E-02
17.18	2.77E-02
17.18	2.77E-02
17.18	2.77E-02
17.18	2.77E-02
17.18	2.77E-02
17.18	2.77E-02
17.18	2.77E-02
17.18	2.77E-02
17.18	2.77E-02
17.18	2.77E-02
17.18	2.77E-02
17.19	2.77E-02
17.19	2.77E-02
17.19	2.77E-02
17.19	2.77E-02
17.19	2.77E-02
17.19	2.77E-02
17.19	2.77E-02
17.19	2.77E-02
17.19	2.77E-02
17.19	2.77E-02
17.19	2.77E-02
17.19	2.77E-02
17.19	2.77E-02
17.19	2.77E-02
17.19	2.77E-02
17.19	2.77E-02
17.19	2.77E-02
17.19	2.77E-02
17.19	2.77E-02
17.19	2.77E-02
17.2	2.77E-02
17.2	2.77E-02
17.2	2.77E-02
17.2	2.76E-02
17.2	2.76E-02
17.2	2.76E-02
17.2	2.76E-02
17.2	2.76E-02
17.2	2.76E-02
17.2	2.76E-02
17.2	2.76E-02
17.2	2.76E-02
17.2	2.76E-02
17.2	2.76E-02
17.2	2.76E-02
17.2	2.76E-02
17.2	2.76E-02
17.2	2.76E-02
17.2	2.76E-02
17.2	2.76E-02
17.21	2.76E-02
17.21	2.76E-02
17.21	2.76E-02
17.21	2.76E-02
17.21	2.76E-02
17.21	2.76E-02
17.21	2.76E-02
17.21	2.76E-02
17.21	2.76E-02
17.21	2.76E-02
17.21	2.76E-02
17.21	2.76E-02
17.21	2.76E-02
17.21	2.76E-02
17.21	2.76E-02
17.21	2.76E-02
17.21	2.76E-02
17.21	2.76E-02
17.21	2.76E-02
17.22	2.76E-02
17.22	2.76E-02
17.22	2.76E-02
17.22	2.76E-02
17.22	2.76E-02
17.22	2.76E-02
17.22	2.75E-02
17.22	2.75E-02
17.22	2.75E-02
17.22	2.75E-02
17.22	2.75E-02
17.22	2.75E-02
17.22	2.75E-02
17.22	2.75E-02
17.22	2.75E-02
17.22	2.75E-02
17.22	2.75E-02
17.22	2.75E-02
17.22	2.75E-02
17.22	2.75E-02
17.23	2.75E-02
17.23	2.75E-02
17.23	2.75E-02
17.23	2.75E-02
17.23	2.75E-02
17.23	2.75E-02
17.23	2.75E-02
17.23	2.75E-02
17.23	2.75E-02
17.23	2.75E-02
17.23	2.75E-02
17.23	2.75E-02
17.23	2.75E-02
17.23	2.75E-02
17.23	2.75E-02
17.23	2.75E-02
17.23	2.75E-02
17.23	2.75E-02
17.23	2.75E-02
17.23	2.75E-02
17.24	2.75E-02
17.24	2.75E-02
17.24	2.75E-02
17.24	2.75E-02
17.24	2.75E-02
17.24	2.75E-02
17.24	2.75E-02
17.24	2.75E-02
17.24	2.74E-02
17.24	2.74E-02
17.24	2.74E-02
17.24	2.74E-02
17.24	2.74E-02
17.24	2.74E-02
17.24	2.74E-02
17.24	2.74E-02
17.24	2.74E-02
17.24	2.74E-02
17.24	2.74E-02
17.24	2.74E-02
17.25	2.74E-02
17.25	2.74E-02
17.25	2.74E-02
17.25	2.74E-02
17.25	2.74E-02
17.25	2.74E-02
17.25	2.74E-02
17.25	2.74E-02
17.25	2.74E-02
17.25	2.74E-02
17.25	2.74E-02
17.25	2.74E-02
17.25	2.74E-02
17.25	2.74E-02
17.25	2.74E-02
17.25	2.74E-02
17.25	2.74E-02
17.25	2.74E-02
17.25	2.74E-02
17.25	2.74E-02
17.25	2.74E-02
17.26	2.74E-02
17.26	2.74E-02
17.26	2.74E-02
17.26	2.74E-02
17.26	2.74E-02
17.26	2.74E-02
17.26	2.74E-02
17.26	2.74E-02
17.26	2.74E-02
17.26	2.73E-02
17.26	2.73E-02
17.26	2.73E-02
17.26	2.73E-02
17.26	2.73E-02
17.26	2.73E-02
17.26	2.73E-02
17.26	2.73E-02
17.26	2.73E-02
17.26	2.73E-02
17.26	2.73E-02
17.27	2.73E-02
17.27	2.73E-02
17.27	2.73E-02
17.27	2.73E-02
17.27	2.73E-02
17.27	2.73E-02
17.27	2.73E-02
17.27	2.73E-02
17.27	2.73E-02
17.27	2.73E-02
17.27	2.73E-02
17.27	2.73E-02
17.27	2.73E-02
17.27	2.73E-02
17.27	2.73E-02
17.27	2.73E-02
17.27	2.73E-02
17.27	2.73E-02
17.27	2.73E-02
17.27	2.73E-02
17.28	2.73E-02
17.28	2.73E-02
17.28	2.73E-02
17.28	2.73E-02
17.28	2.73E-02
17.28	2.73E-02
17.28	2.73E-02
17.28	2.73E-02
17.28	2.73E-02
17.28	2.73E-02
17.28	2.73E-02
17.28	2.72E-02
17.28	2.72E-02
17.28	2.72E-02
17.28	2.72E-02
17.28	2.72E-02
17.28	2.72E-02
17.28	2.72E-02
17.28	2.72E-02
17.28	2.72E-02
17.29	2.72E-02
17.29	2.72E-02
17.29	2.72E-02
17.29	2.72E-02
17.29	2.72E-02
17.29	2.72E-02
17.29	2.72E-02
17.29	2.72E-02
17.29	2.72E-02
17.29	2.72E-02
17.29	2.72E-02
17.29	2.72E-02
17.29	2.72E-02
17.29	2.72E-02
17.29	2.72E-02
17.29	2.72E-02
17.29	2.72E-02
17.29	2.72E-02
17.29	2.72E-02
17.3	2.72E-02
17.3	2.72E-02
17.3	2.72E-02
17.3	2.72E-02
17.3	2.72E-02
17.3	2.72E-02
17.3	2.72E-02
17.3	2.72E-02
17.3	2.72E-02
17.3	2.72E-02
17.3	2.72E-02
17.3	2.72E-02
17.3	2.72E-02
17.3	2.72E-02
17.3	2.71E-02
17.3	2.71E-02
17.3	2.71E-02
17.3	2.71E-02
17.3	2.71E-02
17.3	2.71E-02
17.31	2.71E-02
17.31	2.71E-02
17.31	2.71E-02
17.31	2.71E-02
17.31	2.71E-02
17.31	2.71E-02
17.31	2.71E-02
17.31	2.71E-02
17.31	2.71E-02
17.31	2.71E-02
17.31	2.71E-02
17.31	2.71E-02
17.31	2.71E-02
17.31	2.71E-02
17.31	2.71E-02
17.31	2.71E-02
17.31	2.71E-02
17.31	2.71E-02
17.31	2.71E-02
17.31	2.71E-02
17.32	2.71E-02
17.32	2.71E-02
17.32	2.71E-02
17.32	2.71E-02
17.32	2.71E-02
17.32	2.71E-02
17.32	2.71E-02
17.32	2.71E-02
17.32	2.71E-02
17.32	2.71E-02
17.32	2.71E-02
17.32	2.71E-02
17.32	2.71E-02
17.32	2.71E-02
17.32	2.71E-02
17.32	2.71E-02
17.32	2.70E-02
17.32	2.70E-02
17.32	2.70E-02
17.32	2.70E-02
17.33	2.70E-02
17.33	2.70E-02
17.33	2.70E-02
17.33	2.70E-02
17.33	2.70E-02
17.33	2.70E-02
17.33	2.70E-02
17.33	2.70E-02
17.33	2.70E-02
17.33	2.70E-02
17.33	2.70E-02
17.33	2.70E-02
17.33	2.70E-02
17.33	2.70E-02
17.33	2.70E-02
17.33	2.70E-02
17.33	2.70E-02
17.33	2.70E-02
17.33	2.70E-02
17.33	2.70E-02
17.33	2.70E-02
17.34	2.70E-02
17.34	2.70E-02
17.34	2.70E-02
17.34	2.70E-02
17.34	2.70E-02
17.34	2.70E-02
17.34	2.70E-02
17.34	2.70E-02
17.34	2.70E-02
17.34	2.70E-02
17.34	2.70E-02
17.34	2.70E-02
17.34	2.70E-02
17.34	2.70E-02
17.34	2.70E-02
17.34	2.70E-02
17.34	2.70E-02
17.34	2.69E-02
17.34	2.69E-02
17.34	2.69E-02
17.35	2.69E-02
17.35	2.69E-02
17.35	2.69E-02
17.35	2.69E-02
17.35	2.69E-02
17.35	2.69E-02
17.35	2.69E-02
17.35	2.69E-02
17.35	2.69E-02
17.35	2.69E-02
17.35	2.69E-02
17.35	2.69E-02
17.35	2.69E-02
17.35	2.69E-02
17.35	2.69E-02
17.35	2.69E-02
17.35	2.69E-02
17.35	2.69E-02
17.35	2.69E-02
17.35	2.69E-02
17.36	2.69E-02
17.36	2.69E-02
17.36	2.69E-02
17.36	2.69E-02
17.36	2.69E-02
17.36	2.69E-02
17.36	2.69E-02
17.36	2.69E-02
17.36	2.69E-02
17.36	2.69E-02
17.36	2.69E-02
17.36	2.69E-02
17.36	2.69E-02
17.36	2.69E-02
17.36	2.69E-02
17.36	2.69E-02
17.36	2.69E-02
17.36	2.69E-02
17.36	2.69E-02
17.36	2.68E-02
17.37	2.68E-02
17.37	2.68E-02
17.37	2.68E-02
17.37	2.68E-02
17.37	2.68E-02
17.37	2.68E-02
17.37	2.68E-02
17.37	2.68E-02
17.37	2.68E-02
17.37	2.68E-02
17.37	2.68E-02
17.37	2.68E-02
17.37	2.68E-02
17.37	2.68E-02
17.37	2.68E-02
17.37	2.68E-02
17.37	2.68E-02
17.37	2.68E-02
17.37	2.68E-02
17.38	2.68E-02
17.38	2.68E-02
17.38	2.68E-02
17.38	2.68E-02
17.38	2.68E-02
17.38	2.68E-02
17.38	2.68E-02
17.38	2.68E-02
17.38	2.68E-02
17.38	2.68E-02
17.38	2.68E-02
17.38	2.68E-02
17.38	2.68E-02
17.38	2.68E-02
17.38	2.68E-02
17.38	2.68E-02
17.38	2.68E-02
17.38	2.68E-02
17.38	2.68E-02
17.38	2.68E-02
17.39	2.68E-02
17.39	2.68E-02
17.39	2.67E-02
17.39	2.67E-02
17.39	2.67E-02
17.39	2.67E-02
17.39	2.67E-02
17.39	2.67E-02
17.39	2.67E-02
17.39	2.67E-02
17.39	2.67E-02
17.39	2.67E-02
17.39	2.67E-02
17.39	2.67E-02
17.39	2.67E-02
17.39	2.67E-02
17.39	2.67E-02
17.39	2.67E-02
17.39	2.67E-02
17.39	2.67E-02
17.4	2.67E-02
17.4	2.67E-02
17.4	2.67E-02
17.4	2.67E-02
17.4	2.67E-02
17.4	2.67E-02
17.4	2.67E-02
17.4	2.67E-02
17.4	2.67E-02
17.4	2.67E-02
17.4	2.67E-02
17.4	2.67E-02
17.4	2.67E-02
17.4	2.67E-02
17.4	2.67E-02
17.4	2.67E-02
17.4	2.67E-02
17.4	2.67E-02
17.4	2.67E-02
17.4	2.67E-02
17.41	2.67E-02
17.41	2.67E-02
17.41	2.67E-02
17.41	2.66E-02
17.41	2.66E-02
17.41	2.66E-02
17.41	2.66E-02
17.41	2.66E-02
17.41	2.66E-02
17.41	2.66E-02
17.41	2.66E-02
17.41	2.66E-02
17.41	2.66E-02
17.41	2.66E-02
17.41	2.66E-02
17.41	2.66E-02
17.41	2.66E-02
17.41	2.66E-02
17.41	2.66E-02
17.41	2.66E-02
17.42	2.66E-02
17.42	2.66E-02
17.42	2.66E-02
17.42	2.66E-02
17.42	2.66E-02
17.42	2.66E-02
17.42	2.66E-02
17.42	2.66E-02
17.42	2.66E-02
17.42	2.66E-02
17.42	2.66E-02
17.42	2.66E-02
17.42	2.66E-02
17.42	2.66E-02
17.42	2.66E-02
17.42	2.66E-02
17.42	2.66E-02
17.42	2.66E-02
17.42	2.66E-02
17.42	2.66E-02
17.42	2.66E-02
17.43	2.66E-02
17.43	2.66E-02
17.43	2.66E-02
17.43	2.66E-02
17.43	2.65E-02
17.43	2.65E-02
17.43	2.65E-02
17.43	2.65E-02
17.43	2.65E-02
17.43	2.65E-02
17.43	2.65E-02
17.43	2.65E-02
17.43	2.65E-02
17.43	2.65E-02
17.43	2.65E-02
17.43	2.65E-02
17.43	2.65E-02
17.43	2.65E-02
17.43	2.65E-02
17.43	2.65E-02
17.44	2.65E-02
17.44	2.65E-02
17.44	2.65E-02
17.44	2.65E-02
17.44	2.65E-02
17.44	2.65E-02
17.44	2.65E-02
17.44	2.65E-02
17.44	2.65E-02
17.44	2.65E-02
17.44	2.65E-02
17.44	2.65E-02
17.44	2.65E-02
17.44	2.65E-02
17.44	2.65E-02
17.44	2.65E-02
17.44	2.65E-02
17.44	2.65E-02
17.44	2.65E-02
17.44	2.65E-02
17.45	2.65E-02
17.45	2.65E-02
17.45	2.65E-02
17.45	2.65E-02
17.45	2.65E-02
17.45	2.65E-02
17.45	2.64E-02
17.45	2.64E-02
17.45	2.64E-02
17.45	2.64E-02
17.45	2.64E-02
17.45	2.64E-02
17.45	2.64E-02
17.45	2.64E-02
17.45	2.64E-02
17.45	2.64E-02
17.45	2.64E-02
17.45	2.64E-02
17.45	2.64E-02
17.45	2.64E-02
17.46	2.64E-02
17.46	2.64E-02
17.46	2.64E-02
17.46	2.64E-02
17.46	2.64E-02
17.46	2.64E-02
17.46	2.64E-02
17.46	2.64E-02
17.46	2.64E-02
17.46	2.64E-02
17.46	2.64E-02
17.46	2.64E-02
17.46	2.64E-02
17.46	2.64E-02
17.46	2.64E-02
17.46	2.64E-02
17.46	2.64E-02
17.46	2.64E-02
17.46	2.64E-02
17.47	2.64E-02
17.47	2.64E-02
17.47	2.64E-02
17.47	2.64E-02
17.47	2.64E-02
17.47	2.64E-02
17.47	2.64E-02
17.47	2.64E-02
17.47	2.64E-02
17.47	2.63E-02
17.47	2.63E-02
17.47	2.63E-02
17.47	2.63E-02
17.47	2.63E-02
17.47	2.63E-02
17.47	2.63E-02
17.47	2.63E-02
17.47	2.63E-02
17.47	2.63E-02
17.47	2.63E-02
17.48	2.63E-02
17.48	2.63E-02
17.48	2.63E-02
17.48	2.63E-02
17.48	2.63E-02
17.48	2.63E-02
17.48	2.63E-02
17.48	2.63E-02
17.48	2.63E-02
17.48	2.63E-02
17.48	2.63E-02
17.48	2.63E-02
17.48	2.63E-02
17.48	2.63E-02
17.48	2.63E-02
17.48	2.63E-02
17.48	2.63E-02
17.48	2.63E-02
17.48	2.63E-02
17.48	2.63E-02
17.49	2.63E-02
17.49	2.63E-02
17.49	2.63E-02
17.49	2.63E-02
17.49	2.63E-02
17.49	2.63E-02
17.49	2.63E-02
17.49	2.63E-02
17.49	2.63E-02
17.49	2.63E-02
17.49	2.62E-02
17.49	2.62E-02
17.49	2.62E-02
17.49	2.62E-02
17.49	2.62E-02
17.49	2.62E-02
17.49	2.62E-02
17.49	2.62E-02
17.49	2.62E-02
17.49	2.62E-02
17.5	2.62E-02
17.5	2.62E-02
17.5	2.62E-02
17.5	2.62E-02
17.5	2.62E-02
17.5	2.62E-02
17.5	2.62E-02
17.5	2.62E-02
17.5	2.62E-02
17.5	2.62E-02
17.5	2.62E-02
17.5	2.62E-02
17.5	2.62E-02
17.5	2.62E-02
17.5	2.62E-02
17.5	2.62E-02
17.5	2.62E-02
17.5	2.62E-02
17.5	2.62E-02
17.5	2.62E-02
17.5	2.62E-02
17.51	2.62E-02
17.51	2.62E-02
17.51	2.62E-02
17.51	2.62E-02
17.51	2.62E-02
17.51	2.62E-02
17.51	2.62E-02
17.51	2.62E-02
17.51	2.62E-02
17.51	2.62E-02
17.51	2.62E-02
17.51	2.61E-02
17.51	2.61E-02
17.51	2.61E-02
17.51	2.61E-02
17.51	2.61E-02
17.51	2.61E-02
17.51	2.61E-02
17.51	2.61E-02
17.51	2.61E-02
17.52	2.61E-02
17.52	2.61E-02
17.52	2.61E-02
17.52	2.61E-02
17.52	2.61E-02
17.52	2.61E-02
17.52	2.61E-02
17.52	2.61E-02
17.52	2.61E-02
17.52	2.61E-02
17.52	2.61E-02
17.52	2.61E-02
17.52	2.61E-02
17.52	2.61E-02
17.52	2.61E-02
17.52	2.61E-02
17.52	2.61E-02
17.52	2.61E-02
17.52	2.61E-02
17.52	2.61E-02
17.53	2.61E-02
17.53	2.61E-02
17.53	2.61E-02
17.53	2.61E-02
17.53	2.61E-02
17.53	2.61E-02
17.53	2.61E-02
17.53	2.61E-02
17.53	2.61E-02
17.53	2.61E-02
17.53	2.61E-02
17.53	2.61E-02
17.53	2.60E-02
17.53	2.60E-02
17.53	2.60E-02
17.53	2.60E-02
17.53	2.60E-02
17.53	2.60E-02
17.53	2.60E-02
17.53	2.60E-02
17.54	2.60E-02
17.54	2.60E-02
17.54	2.60E-02
17.54	2.60E-02
17.54	2.60E-02
17.54	2.60E-02
17.54	2.60E-02
17.54	2.60E-02
17.54	2.60E-02
17.54	2.60E-02
17.54	2.60E-02
17.54	2.60E-02
17.54	2.60E-02
17.54	2.60E-02
17.54	2.60E-02
17.54	2.60E-02
17.54	2.60E-02
17.54	2.60E-02
17.54	2.60E-02
17.55	2.60E-02
17.55	2.60E-02
17.55	2.60E-02
17.55	2.60E-02
17.55	2.60E-02
17.55	2.60E-02
17.55	2.60E-02
17.55	2.60E-02
17.55	2.60E-02
17.55	2.60E-02
17.55	2.60E-02
17.55	2.60E-02
17.55	2.60E-02
17.55	2.60E-02
17.55	2.60E-02
17.55	2.59E-02
17.55	2.59E-02
17.55	2.59E-02
17.55	2.59E-02
17.55	2.59E-02
17.56	2.59E-02
17.56	2.59E-02
17.56	2.59E-02
17.56	2.59E-02
17.56	2.59E-02
17.56	2.59E-02
17.56	2.59E-02
17.56	2.59E-02
17.56	2.59E-02
17.56	2.59E-02
17.56	2.59E-02
17.56	2.59E-02
17.56	2.59E-02
17.56	2.59E-02
17.56	2.59E-02
17.56	2.59E-02
17.56	2.59E-02
17.56	2.59E-02
17.56	2.59E-02
17.56	2.59E-02
17.57	2.59E-02
17.57	2.59E-02
17.57	2.59E-02
17.57	2.59E-02
17.57	2.59E-02
17.57	2.59E-02
17.57	2.59E-02
17.57	2.59E-02
17.57	2.59E-02
17.57	2.59E-02
17.57	2.59E-02
17.57	2.59E-02
17.57	2.59E-02
17.57	2.59E-02
17.57	2.59E-02
17.57	2.59E-02
17.57	2.59E-02
17.57	2.58E-02
17.57	2.58E-02
17.57	2.58E-02
17.58	2.58E-02
17.58	2.58E-02
17.58	2.58E-02
17.58	2.58E-02
17.58	2.58E-02
17.58	2.58E-02
17.58	2.58E-02
17.58	2.58E-02
17.58	2.58E-02
17.58	2.58E-02
17.58	2.58E-02
17.58	2.58E-02
17.58	2.58E-02
17.58	2.58E-02
17.58	2.58E-02
17.58	2.58E-02
17.58	2.58E-02
17.58	2.58E-02
17.58	2.58E-02
17.58	2.58E-02
17.58	2.58E-02
17.59	2.58E-02
17.59	2.58E-02
17.59	2.58E-02
17.59	2.58E-02
17.59	2.58E-02
17.59	2.58E-02
17.59	2.58E-02
17.59	2.58E-02
17.59	2.58E-02
17.59	2.58E-02
17.59	2.58E-02
17.59	2.58E-02
17.59	2.58E-02
17.59	2.58E-02
17.59	2.58E-02
17.59	2.58E-02
17.59	2.58E-02
17.59	2.57E-02
17.59	2.57E-02
17.59	2.57E-02
17.6	2.57E-02
17.6	2.57E-02
17.6	2.57E-02
17.6	2.57E-02
17.6	2.57E-02
17.6	2.57E-02
17.6	2.57E-02
17.6	2.57E-02
17.6	2.57E-02
17.6	2.57E-02
17.6	2.57E-02
17.6	2.57E-02
17.6	2.57E-02
17.6	2.57E-02
17.6	2.57E-02
17.6	2.57E-02
17.6	2.57E-02
17.6	2.57E-02
17.6	2.57E-02
17.6	2.57E-02
17.61	2.57E-02
17.61	2.57E-02
17.61	2.57E-02
17.61	2.57E-02
17.61	2.57E-02
17.61	2.57E-02
17.61	2.57E-02
17.61	2.57E-02
17.61	2.57E-02
17.61	2.57E-02
17.61	2.57E-02
17.61	2.57E-02
17.61	2.57E-02
17.61	2.57E-02
17.61	2.57E-02
17.61	2.57E-02
17.61	2.57E-02
17.61	2.57E-02
17.61	2.57E-02
17.61	2.56E-02
17.62	2.56E-02
17.62	2.56E-02
17.62	2.56E-02
17.62	2.56E-02
17.62	2.56E-02
17.62	2.56E-02
17.62	2.56E-02
17.62	2.56E-02
17.62	2.56E-02
17.62	2.56E-02
17.62	2.56E-02
17.62	2.56E-02
17.62	2.56E-02
17.62	2.56E-02
17.62	2.56E-02
17.62	2.56E-02
17.62	2.56E-02
17.62	2.56E-02
17.62	2.56E-02
17.62	2.56E-02
17.63	2.56E-02
17.63	2.56E-02
17.63	2.56E-02
17.63	2.56E-02
17.63	2.56E-02
17.63	2.56E-02
17.63	2.56E-02
17.63	2.56E-02
17.63	2.56E-02
17.63	2.56E-02
17.63	2.56E-02
17.63	2.56E-02
17.63	2.56E-02
17.63	2.56E-02
17.63	2.56E-02
17.63	2.56E-02
17.63	2.56E-02
17.63	2.56E-02
17.63	2.56E-02
17.64	2.56E-02
17.64	2.55E-02
17.64	2.55E-02
17.64	2.55E-02
17.64	2.55E-02
17.64	2.55E-02
17.64	2.55E-02
17.64	2.55E-02
17.64	2.55E-02
17.64	2.55E-02
17.64	2.55E-02
17.64	2.55E-02
17.64	2.55E-02
17.64	2.55E-02
17.64	2.55E-02
17.64	2.55E-02
17.64	2.55E-02
17.64	2.55E-02
17.64	2.55E-02
17.64	2.55E-02
17.65	2.55E-02
17.65	2.55E-02
17.65	2.55E-02
17.65	2.55E-02
17.65	2.55E-02
17.65	2.55E-02
17.65	2.55E-02
17.65	2.55E-02
17.65	2.55E-02
17.65	2.55E-02
17.65	2.55E-02
17.65	2.55E-02
17.65	2.55E-02
17.65	2.55E-02
17.65	2.55E-02
17.65	2.55E-02
17.65	2.55E-02
17.65	2.55E-02
17.65	2.55E-02
17.65	2.55E-02
17.66	2.55E-02
17.66	2.55E-02
17.66	2.55E-02
17.66	2.54E-02
17.66	2.54E-02
17.66	2.54E-02
17.66	2.54E-02
17.66	2.54E-02
17.66	2.54E-02
17.66	2.54E-02
17.66	2.54E-02
17.66	2.54E-02
17.66	2.54E-02
17.66	2.54E-02
17.66	2.54E-02
17.66	2.54E-02
17.66	2.54E-02
17.66	2.54E-02
17.66	2.54E-02
17.66	2.54E-02
17.67	2.54E-02
17.67	2.54E-02
17.67	2.54E-02
17.67	2.54E-02
17.67	2.54E-02
17.67	2.54E-02
17.67	2.54E-02
17.67	2.54E-02
17.67	2.54E-02
17.67	2.54E-02
17.67	2.54E-02
17.67	2.54E-02
17.67	2.54E-02
17.67	2.54E-02
17.67	2.54E-02
17.67	2.54E-02
17.67	2.54E-02
17.67	2.54E-02
17.67	2.54E-02
17.67	2.54E-02
17.67	2.54E-02
17.68	2.54E-02
17.68	2.54E-02
17.68	2.54E-02
17.68	2.53E-02
17.68	2.53E-02
17.68	2.53E-02
17.68	2.53E-02
17.68	2.53E-02
17.68	2.53E-02
17.68	2.53E-02
17.68	2.53E-02
17.68	2.53E-02
17.68	2.53E-02
17.68	2.53E-02
17.68	2.53E-02
17.68	2.53E-02
17.68	2.53E-02
17.68	2.53E-02
17.68	2.53E-02
17.68	2.53E-02
17.69	2.53E-02
17.69	2.53E-02
17.69	2.53E-02
17.69	2.53E-02
17.69	2.53E-02
17.69	2.53E-02
17.69	2.53E-02
17.69	2.53E-02
17.69	2.53E-02
17.69	2.53E-02
17.69	2.53E-02
17.69	2.53E-02
17.69	2.53E-02
17.69	2.53E-02
17.69	2.53E-02
17.69	2.53E-02
17.69	2.53E-02
17.69	2.53E-02
17.69	2.53E-02
17.69	2.53E-02
17.7	2.53E-02
17.7	2.53E-02
17.7	2.53E-02
17.7	2.53E-02
17.7	2.53E-02
17.7	2.52E-02
17.7	2.52E-02
17.7	2.52E-02
17.7	2.52E-02
17.7	2.52E-02
17.7	2.52E-02
17.7	2.52E-02
17.7	2.52E-02
17.7	2.52E-02
17.7	2.52E-02
17.7	2.52E-02
17.7	2.52E-02
17.7	2.52E-02
17.7	2.52E-02
17.7	2.52E-02
17.71	2.52E-02
17.71	2.52E-02
17.71	2.52E-02
17.71	2.52E-02
17.71	2.52E-02
17.71	2.52E-02
17.71	2.52E-02
17.71	2.52E-02
17.71	2.52E-02
17.71	2.52E-02
17.71	2.52E-02
17.71	2.52E-02
17.71	2.52E-02
17.71	2.52E-02
17.71	2.52E-02
17.71	2.52E-02
17.71	2.52E-02
17.71	2.52E-02
17.71	2.52E-02
17.72	2.52E-02
17.72	2.52E-02
17.72	2.52E-02
17.72	2.52E-02
17.72	2.52E-02
17.72	2.52E-02
17.72	2.52E-02
17.72	2.51E-02
17.72	2.51E-02
17.72	2.51E-02
17.72	2.51E-02
17.72	2.51E-02
17.72	2.51E-02
17.72	2.51E-02
17.72	2.51E-02
17.72	2.51E-02
17.72	2.51E-02
17.72	2.51E-02
17.72	2.51E-02
17.72	2.51E-02
17.73	2.51E-02
17.73	2.51E-02
17.73	2.51E-02
17.73	2.51E-02
17.73	2.51E-02
17.73	2.51E-02
17.73	2.51E-02
17.73	2.51E-02
17.73	2.51E-02
17.73	2.51E-02
17.73	2.51E-02
17.73	2.51E-02
17.73	2.51E-02
17.73	2.51E-02
17.73	2.51E-02
17.73	2.51E-02
17.73	2.51E-02
17.73	2.51E-02
17.73	2.51E-02
17.73	2.51E-02
17.74	2.51E-02
17.74	2.51E-02
17.74	2.51E-02
17.74	2.51E-02
17.74	2.51E-02
17.74	2.51E-02
17.74	2.51E-02
17.74	2.51E-02
17.74	2.51E-02
17.74	2.50E-02
17.74	2.50E-02
17.74	2.50E-02
17.74	2.50E-02
17.74	2.50E-02
17.74	2.50E-02
17.74	2.50E-02
17.74	2.50E-02
17.74	2.50E-02
17.74	2.50E-02
17.74	2.50E-02
17.75	2.50E-02
17.75	2.50E-02
17.75	2.50E-02
17.75	2.50E-02
17.75	2.50E-02
17.75	2.50E-02
17.75	2.50E-02
17.75	2.50E-02
17.75	2.50E-02
17.75	2.50E-02
17.75	2.50E-02
17.75	2.50E-02
17.75	2.50E-02
17.75	2.50E-02
17.75	2.50E-02
17.75	2.50E-02
17.75	2.50E-02
17.75	2.50E-02
17.75	2.50E-02
17.75	2.50E-02
17.75	2.50E-02
17.76	2.50E-02
17.76	2.50E-02
17.76	2.50E-02
17.76	2.50E-02
17.76	2.50E-02
17.76	2.50E-02
17.76	2.50E-02
17.76	2.50E-02
17.76	2.50E-02
17.76	2.49E-02
17.76	2.49E-02
17.76	2.49E-02
17.76	2.49E-02
17.76	2.49E-02
17.76	2.49E-02
17.76	2.49E-02
17.76	2.49E-02
17.76	2.49E-02
17.76	2.49E-02
17.76	2.49E-02
17.77	2.49E-02
17.77	2.49E-02
17.77	2.49E-02
17.77	2.49E-02
17.77	2.49E-02
17.77	2.49E-02
17.77	2.49E-02
17.77	2.49E-02
17.77	2.49E-02
17.77	2.49E-02
17.77	2.49E-02
17.77	2.49E-02
17.77	2.49E-02
17.77	2.49E-02
17.77	2.49E-02
17.77	2.49E-02
17.77	2.49E-02
17.77	2.49E-02
17.77	2.49E-02
17.77	2.49E-02
17.78	2.49E-02
17.78	2.49E-02
17.78	2.49E-02
17.78	2.49E-02
17.78	2.49E-02
17.78	2.49E-02
17.78	2.49E-02
17.78	2.49E-02
17.78	2.49E-02
17.78	2.49E-02
17.78	2.49E-02
17.78	2.48E-02
17.78	2.48E-02
17.78	2.48E-02
17.78	2.48E-02
17.78	2.48E-02
17.78	2.48E-02
17.78	2.48E-02
17.78	2.48E-02
17.78	2.48E-02
17.79	2.48E-02
17.79	2.48E-02
17.79	2.48E-02
17.79	2.48E-02
17.79	2.48E-02
17.79	2.48E-02
17.79	2.48E-02
17.79	2.48E-02
17.79	2.48E-02
17.79	2.48E-02
17.79	2.48E-02
17.79	2.48E-02
17.79	2.48E-02
17.79	2.48E-02
17.79	2.48E-02
17.79	2.48E-02
17.79	2.48E-02
17.79	2.48E-02
17.79	2.48E-02
17.8	2.48E-02
17.8	2.48E-02
17.8	2.48E-02
17.8	2.48E-02
17.8	2.48E-02
17.8	2.48E-02
17.8	2.48E-02
17.8	2.48E-02
17.8	2.48E-02
17.8	2.48E-02
17.8	2.48E-02
17.8	2.48E-02
17.8	2.48E-02
17.8	2.47E-02
17.8	2.47E-02
17.8	2.47E-02
17.8	2.47E-02
17.8	2.47E-02
17.8	2.47E-02
17.8	2.47E-02
17.81	2.47E-02
17.81	2.47E-02
17.81	2.47E-02
17.81	2.47E-02
17.81	2.47E-02
17.81	2.47E-02
17.81	2.47E-02
17.81	2.47E-02
17.81	2.47E-02
17.81	2.47E-02
17.81	2.47E-02
17.81	2.47E-02
17.81	2.47E-02
17.81	2.47E-02
17.81	2.47E-02
17.81	2.47E-02
17.81	2.47E-02
17.81	2.47E-02
17.81	2.47E-02
17.81	2.47E-02
17.82	2.47E-02
17.82	2.47E-02
17.82	2.47E-02
17.82	2.47E-02
17.82	2.47E-02
17.82	2.47E-02
17.82	2.47E-02
17.82	2.47E-02
17.82	2.47E-02
17.82	2.47E-02
17.82	2.47E-02
17.82	2.47E-02
17.82	2.47E-02
17.82	2.47E-02
17.82	2.47E-02
17.82	2.46E-02
17.82	2.46E-02
17.82	2.46E-02
17.82	2.46E-02
17.82	2.46E-02
17.83	2.46E-02
17.83	2.46E-02
17.83	2.46E-02
17.83	2.46E-02
17.83	2.46E-02
17.83	2.46E-02
17.83	2.46E-02
17.83	2.46E-02
17.83	2.46E-02
17.83	2.46E-02
17.83	2.46E-02
17.83	2.46E-02
17.83	2.46E-02
17.83	2.46E-02
17.83	2.46E-02
17.83	2.46E-02
17.83	2.46E-02
17.83	2.46E-02
17.83	2.46E-02
17.83	2.46E-02
17.83	2.46E-02
17.84	2.46E-02
17.84	2.46E-02
17.84	2.46E-02
17.84	2.46E-02
17.84	2.46E-02
17.84	2.46E-02
17.84	2.46E-02
17.84	2.46E-02
17.84	2.46E-02
17.84	2.46E-02
17.84	2.46E-02
17.84	2.46E-02
17.84	2.46E-02
17.84	2.46E-02
17.84	2.46E-02
17.84	2.45E-02
17.84	2.45E-02
17.84	2.45E-02
17.84	2.45E-02
17.84	2.45E-02
17.85	2.45E-02
17.85	2.45E-02
17.85	2.45E-02
17.85	2.45E-02
17.85	2.45E-02
17.85	2.45E-02
17.85	2.45E-02
17.85	2.45E-02
17.85	2.45E-02
17.85	2.45E-02
17.85	2.45E-02
17.85	2.45E-02
17.85	2.45E-02
17.85	2.45E-02
17.85	2.45E-02
17.85	2.45E-02
17.85	2.45E-02
17.85	2.45E-02
17.85	2.45E-02
17.85	2.45E-02
17.86	2.45E-02
17.86	2.45E-02
17.86	2.45E-02
17.86	2.45E-02
17.86	2.45E-02
17.86	2.45E-02
17.86	2.45E-02
17.86	2.45E-02
17.86	2.45E-02
17.86	2.45E-02
17.86	2.45E-02
17.86	2.45E-02
17.86	2.45E-02
17.86	2.45E-02
17.86	2.45E-02
17.86	2.45E-02
17.86	2.45E-02
17.86	2.44E-02
17.86	2.44E-02
17.86	2.44E-02
17.87	2.44E-02
17.87	2.44E-02
17.87	2.44E-02
17.87	2.44E-02
17.87	2.44E-02
17.87	2.44E-02
17.87	2.44E-02
17.87	2.44E-02
17.87	2.44E-02
17.87	2.44E-02
17.87	2.44E-02
17.87	2.44E-02
17.87	2.44E-02
17.87	2.44E-02
17.87	2.44E-02
17.87	2.44E-02
17.87	2.44E-02
17.87	2.44E-02
17.87	2.44E-02
17.88	2.44E-02
17.88	2.44E-02
17.88	2.44E-02
17.88	2.44E-02
17.88	2.44E-02
17.88	2.44E-02
17.88	2.44E-02
17.88	2.44E-02
17.88	2.44E-02
17.88	2.44E-02
17.88	2.44E-02
17.88	2.44E-02
17.88	2.44E-02
17.88	2.44E-02
17.88	2.44E-02
17.88	2.44E-02
17.88	2.44E-02
17.88	2.44E-02
17.88	2.44E-02
17.88	2.43E-02
17.89	2.43E-02
17.89	2.43E-02
17.89	2.43E-02
17.89	2.43E-02
17.89	2.43E-02
17.89	2.43E-02
17.89	2.43E-02
17.89	2.43E-02
17.89	2.43E-02
17.89	2.43E-02
17.89	2.43E-02
17.89	2.43E-02
17.89	2.43E-02
17.89	2.43E-02
17.89	2.43E-02
17.89	2.43E-02
17.89	2.43E-02
17.89	2.43E-02
17.89	2.43E-02
17.89	2.43E-02
17.9	2.43E-02
17.9	2.43E-02
17.9	2.43E-02
17.9	2.43E-02
17.9	2.43E-02
17.9	2.43E-02
17.9	2.43E-02
17.9	2.43E-02
17.9	2.43E-02
17.9	2.43E-02
17.9	2.43E-02
17.9	2.43E-02
17.9	2.43E-02
17.9	2.43E-02
17.9	2.43E-02
17.9	2.43E-02
17.9	2.43E-02
17.9	2.43E-02
17.9	2.43E-02
17.9	2.43E-02
17.91	2.43E-02
17.91	2.42E-02
17.91	2.42E-02
17.91	2.42E-02
17.91	2.42E-02
17.91	2.42E-02
17.91	2.42E-02
17.91	2.42E-02
17.91	2.42E-02
17.91	2.42E-02
17.91	2.42E-02
17.91	2.42E-02
17.91	2.42E-02
17.91	2.42E-02
17.91	2.42E-02
17.91	2.42E-02
17.91	2.42E-02
17.91	2.42E-02
17.91	2.42E-02
17.91	2.42E-02
17.92	2.42E-02
17.92	2.42E-02
17.92	2.42E-02
17.92	2.42E-02
17.92	2.42E-02
17.92	2.42E-02
17.92	2.42E-02
17.92	2.42E-02
17.92	2.42E-02
17.92	2.42E-02
17.92	2.42E-02
17.92	2.42E-02
17.92	2.42E-02
17.92	2.42E-02
17.92	2.42E-02
17.92	2.42E-02
17.92	2.42E-02
17.92	2.42E-02
17.92	2.42E-02
17.92	2.42E-02
17.92	2.42E-02
17.93	2.42E-02
17.93	2.41E-02
17.93	2.41E-02
17.93	2.41E-02
17.93	2.41E-02
17.93	2.41E-02
17.93	2.41E-02
17.93	2.41E-02
17.93	2.41E-02
17.93	2.41E-02
17.93	2.41E-02
17.93	2.41E-02
17.93	2.41E-02
17.93	2.41E-02
17.93	2.41E-02
17.93	2.41E-02
17.93	2.41E-02
17.93	2.41E-02
17.93	2.41E-02
17.93	2.41E-02
17.94	2.41E-02
17.94	2.41E-02
17.94	2.41E-02
17.94	2.41E-02
17.94	2.41E-02
17.94	2.41E-02
17.94	2.41E-02
17.94	2.41E-02
17.94	2.41E-02
17.94	2.41E-02
17.94	2.41E-02
17.94	2.41E-02
17.94	2.41E-02
17.94	2.41E-02
17.94	2.41E-02
17.94	2.41E-02
17.94	2.41E-02
17.94	2.41E-02
17.94	2.41E-02
17.94	2.41E-02
17.95	2.41E-02
17.95	2.41E-02
17.95	2.41E-02
17.95	2.40E-02
17.95	2.40E-02
17.95	2.40E-02
17.95	2.40E-02
17.95	2.40E-02
17.95	2.40E-02
17.95	2.40E-02
17.95	2.40E-02
17.95	2.40E-02
17.95	2.40E-02
17.95	2.40E-02
17.95	2.40E-02
17.95	2.40E-02
17.95	2.40E-02
17.95	2.40E-02
17.95	2.40E-02
17.95	2.40E-02
17.96	2.40E-02
17.96	2.40E-02
17.96	2.40E-02
17.96	2.40E-02
17.96	2.40E-02
17.96	2.40E-02
17.96	2.40E-02
17.96	2.40E-02
17.96	2.40E-02
17.96	2.40E-02
17.96	2.40E-02
17.96	2.40E-02
17.96	2.40E-02
17.96	2.40E-02
17.96	2.40E-02
17.96	2.40E-02
17.96	2.40E-02
17.96	2.40E-02
17.96	2.40E-02
17.97	2.40E-02
17.97	2.40E-02
17.97	2.40E-02
17.97	2.40E-02
17.97	2.40E-02
17.97	2.39E-02
17.97	2.39E-02
17.97	2.39E-02
17.97	2.39E-02
17.97	2.39E-02
17.97	2.39E-02
17.97	2.39E-02
17.97	2.39E-02
17.97	2.39E-02
17.97	2.39E-02
17.97	2.39E-02
17.97	2.39E-02
17.97	2.39E-02
17.97	2.39E-02
17.97	2.39E-02
17.98	2.39E-02
17.98	2.39E-02
17.98	2.39E-02
17.98	2.39E-02
17.98	2.39E-02
17.98	2.39E-02
17.98	2.39E-02
17.98	2.39E-02
17.98	2.39E-02
17.98	2.39E-02
17.98	2.39E-02
17.98	2.39E-02
17.98	2.39E-02
17.98	2.39E-02
17.98	2.39E-02
17.98	2.39E-02
17.98	2.39E-02
17.98	2.39E-02
17.98	2.39E-02
17.98	2.39E-02
17.99	2.39E-02
17.99	2.39E-02
17.99	2.39E-02
17.99	2.39E-02
17.99	2.39E-02
17.99	2.39E-02
17.99	2.39E-02
17.99	2.38E-02
17.99	2.38E-02
17.99	2.38E-02
17.99	2.38E-02
17.99	2.38E-02
17.99	2.38E-02
17.99	2.38E-02
17.99	2.38E-02
17.99	2.38E-02
17.99	2.38E-02
17.99	2.38E-02
17.99	2.38E-02
17.99	2.38E-02
18	2.38E-02
18	2.38E-02
18	2.38E-02
18	2.38E-02
18	2.38E-02
18	2.38E-02
18	2.38E-02
18	2.38E-02
18	2.38E-02
18	2.38E-02
18	2.38E-02
18	2.38E-02
18	2.38E-02
18	2.38E-02
18	2.38E-02
18	2.38E-02
18	2.38E-02
18	2.38E-02
18	2.38E-02
18	2.38E-02
18	2.38E-02
18.01	2.38E-02
18.01	2.38E-02
18.01	2.38E-02
18.01	2.38E-02
18.01	2.38E-02
18.01	2.38E-02
18.01	2.38E-02
18.01	2.37E-02
18.01	2.37E-02
18.01	2.37E-02
18.01	2.37E-02
18.01	2.37E-02
18.01	2.37E-02
18.01	2.37E-02
18.01	2.37E-02
18.01	2.37E-02
18.01	2.37E-02
18.01	2.37E-02
18.01	2.37E-02
18.01	2.37E-02
18.02	2.37E-02
18.02	2.37E-02
18.02	2.37E-02
18.02	2.37E-02
18.02	2.37E-02
18.02	2.37E-02
18.02	2.37E-02
18.02	2.37E-02
18.02	2.37E-02
18.02	2.37E-02
18.02	2.37E-02
18.02	2.37E-02
18.02	2.37E-02
18.02	2.37E-02
18.02	2.37E-02
18.02	2.37E-02
18.02	2.37E-02
18.02	2.37E-02
18.02	2.37E-02
18.02	2.37E-02
18.03	2.37E-02
18.03	2.37E-02
18.03	2.37E-02
18.03	2.37E-02
18.03	2.37E-02
18.03	2.37E-02
18.03	2.37E-02
18.03	2.37E-02
18.03	2.37E-02
18.03	2.36E-02
18.03	2.36E-02
18.03	2.36E-02
18.03	2.36E-02
18.03	2.36E-02
18.03	2.36E-02
18.03	2.36E-02
18.03	2.36E-02
18.03	2.36E-02
18.03	2.36E-02
18.03	2.36E-02
18.04	2.36E-02
18.04	2.36E-02
18.04	2.36E-02
18.04	2.36E-02
18.04	2.36E-02
18.04	2.36E-02
18.04	2.36E-02
18.04	2.36E-02
18.04	2.36E-02
18.04	2.36E-02
18.04	2.36E-02
18.04	2.36E-02
18.04	2.36E-02
18.04	2.36E-02
18.04	2.36E-02
18.04	2.36E-02
18.04	2.36E-02
18.04	2.36E-02
18.04	2.36E-02
18.05	2.36E-02
18.05	2.36E-02
18.05	2.36E-02
18.05	2.36E-02
18.05	2.36E-02
18.05	2.36E-02
18.05	2.36E-02
18.05	2.36E-02
18.05	2.36E-02
18.05	2.36E-02
18.05	2.36E-02
18.05	2.35E-02
18.05	2.35E-02
18.05	2.35E-02
18.05	2.35E-02
18.05	2.35E-02
18.05	2.35E-02
18.05	2.35E-02
18.05	2.35E-02
18.05	2.35E-02
18.06	2.35E-02
18.06	2.35E-02
18.06	2.35E-02
18.06	2.35E-02
18.06	2.35E-02
18.06	2.35E-02
18.06	2.35E-02
18.06	2.35E-02
18.06	2.35E-02
18.06	2.35E-02
18.06	2.35E-02
18.06	2.35E-02
18.06	2.35E-02
18.06	2.35E-02
18.06	2.35E-02
18.06	2.35E-02
18.06	2.35E-02
18.06	2.35E-02
18.06	2.35E-02
18.06	2.35E-02
18.07	2.35E-02
18.07	2.35E-02
18.07	2.35E-02
18.07	2.35E-02
18.07	2.35E-02
18.07	2.35E-02
18.07	2.35E-02
18.07	2.35E-02
18.07	2.35E-02
18.07	2.35E-02
18.07	2.35E-02
18.07	2.35E-02
18.07	2.35E-02
18.07	2.34E-02
18.07	2.34E-02
18.07	2.34E-02
18.07	2.34E-02
18.07	2.34E-02
18.07	2.34E-02
18.07	2.34E-02
18.08	2.34E-02
18.08	2.34E-02
18.08	2.34E-02
18.08	2.34E-02
18.08	2.34E-02
18.08	2.34E-02
18.08	2.34E-02
18.08	2.34E-02
18.08	2.34E-02
18.08	2.34E-02
18.08	2.34E-02
18.08	2.34E-02
18.08	2.34E-02
18.08	2.34E-02
18.08	2.34E-02
18.08	2.34E-02
18.08	2.34E-02
18.08	2.34E-02
18.08	2.34E-02
18.08	2.34E-02
18.08	2.34E-02
18.09	2.34E-02
18.09	2.34E-02
18.09	2.34E-02
18.09	2.34E-02
18.09	2.34E-02
18.09	2.34E-02
18.09	2.34E-02
18.09	2.34E-02
18.09	2.34E-02
18.09	2.34E-02
18.09	2.34E-02
18.09	2.34E-02
18.09	2.34E-02
18.09	2.34E-02
18.09	2.33E-02
18.09	2.33E-02
18.09	2.33E-02
18.09	2.33E-02
18.09	2.33E-02
18.09	2.33E-02
18.1	2.33E-02
18.1	2.33E-02
18.1	2.33E-02
18.1	2.33E-02
18.1	2.33E-02
18.1	2.33E-02
18.1	2.33E-02
18.1	2.33E-02
18.1	2.33E-02
18.1	2.33E-02
18.1	2.33E-02
18.1	2.33E-02
18.1	2.33E-02
18.1	2.33E-02
18.1	2.33E-02
18.1	2.33E-02
18.1	2.33E-02
18.1	2.33E-02
18.1	2.33E-02
18.1	2.33E-02
18.11	2.33E-02
18.11	2.33E-02
18.11	2.33E-02
18.11	2.33E-02
18.11	2.33E-02
18.11	2.33E-02
18.11	2.33E-02
18.11	2.33E-02
18.11	2.33E-02
18.11	2.33E-02
18.11	2.33E-02
18.11	2.33E-02
18.11	2.33E-02
18.11	2.33E-02
18.11	2.33E-02
18.11	2.32E-02
18.11	2.32E-02
18.11	2.32E-02
18.11	2.32E-02
18.11	2.32E-02
18.12	2.32E-02
18.12	2.32E-02
18.12	2.32E-02
18.12	2.32E-02
18.12	2.32E-02
18.12	2.32E-02
18.12	2.32E-02
18.12	2.32E-02
18.12	2.32E-02
18.12	2.32E-02
18.12	2.32E-02
18.12	2.32E-02
18.12	2.32E-02
18.12	2.32E-02
18.12	2.32E-02
18.12	2.32E-02
18.12	2.32E-02
18.12	2.32E-02
18.12	2.32E-02
18.12	2.32E-02
18.13	2.32E-02
18.13	2.32E-02
18.13	2.32E-02
18.13	2.32E-02
18.13	2.32E-02
18.13	2.32E-02
18.13	2.32E-02
18.13	2.32E-02
18.13	2.32E-02
18.13	2.32E-02
18.13	2.32E-02
18.13	2.32E-02
18.13	2.32E-02
18.13	2.32E-02
18.13	2.32E-02
18.13	2.32E-02
18.13	2.32E-02
18.13	2.31E-02
18.13	2.31E-02
18.14	2.31E-02
18.14	2.31E-02
18.14	2.31E-02
18.14	2.31E-02
18.14	2.31E-02
18.14	2.31E-02
18.14	2.31E-02
18.14	2.31E-02
18.14	2.31E-02
18.14	2.31E-02
18.14	2.31E-02
18.14	2.31E-02
18.14	2.31E-02
18.14	2.31E-02
18.14	2.31E-02
18.14	2.31E-02
18.14	2.31E-02
18.14	2.31E-02
18.14	2.31E-02
18.14	2.31E-02
18.15	2.31E-02
18.15	2.31E-02
18.15	2.31E-02
18.15	2.31E-02
18.15	2.31E-02
18.15	2.31E-02
18.15	2.31E-02
18.15	2.31E-02
18.15	2.31E-02
18.15	2.31E-02
18.15	2.31E-02
18.15	2.31E-02
18.15	2.31E-02
18.15	2.31E-02
18.15	2.31E-02
18.15	2.31E-02
18.15	2.31E-02
18.15	2.31E-02
18.15	2.31E-02
18.15	2.31E-02
18.16	2.30E-02
18.16	2.30E-02
18.16	2.30E-02
18.16	2.30E-02
18.16	2.30E-02
18.16	2.30E-02
18.16	2.30E-02
18.16	2.30E-02
18.16	2.30E-02
18.16	2.30E-02
18.16	2.30E-02
18.16	2.30E-02
18.16	2.30E-02
18.16	2.30E-02
18.16	2.30E-02
18.16	2.30E-02
18.16	2.30E-02
18.16	2.30E-02
18.16	2.30E-02
18.16	2.30E-02
18.17	2.30E-02
18.17	2.30E-02
18.17	2.30E-02
18.17	2.30E-02
18.17	2.30E-02
18.17	2.30E-02
18.17	2.30E-02
18.17	2.30E-02
18.17	2.30E-02
18.17	2.30E-02
18.17	2.30E-02
18.17	2.30E-02
18.17	2.30E-02
18.17	2.30E-02
18.17	2.30E-02
18.17	2.30E-02
18.17	2.30E-02
18.17	2.30E-02
18.17	2.30E-02
18.17	2.30E-02
18.17	2.30E-02
18.18	2.29E-02
18.18	2.29E-02
18.18	2.29E-02
18.18	2.29E-02
18.18	2.29E-02
18.18	2.29E-02
18.18	2.29E-02
18.18	2.29E-02
18.18	2.29E-02
18.18	2.29E-02
18.18	2.29E-02
18.18	2.29E-02
18.18	2.29E-02
18.18	2.29E-02
18.18	2.29E-02
18.18	2.29E-02
18.18	2.29E-02
18.18	2.29E-02
18.18	2.29E-02
18.18	2.29E-02
18.19	2.29E-02
18.19	2.29E-02
18.19	2.29E-02
18.19	2.29E-02
18.19	2.29E-02
18.19	2.29E-02
18.19	2.29E-02
18.19	2.29E-02
18.19	2.29E-02
18.19	2.29E-02
18.19	2.29E-02
18.19	2.29E-02
18.19	2.29E-02
18.19	2.29E-02
18.19	2.29E-02
18.19	2.29E-02
18.19	2.29E-02
18.19	2.29E-02
18.19	2.29E-02
18.19	2.29E-02
18.2	2.29E-02
18.2	2.29E-02
18.2	2.28E-02
18.2	2.28E-02
18.2	2.28E-02
18.2	2.28E-02
18.2	2.28E-02
18.2	2.28E-02
18.2	2.28E-02
18.2	2.28E-02
18.2	2.28E-02
18.2	2.28E-02
18.2	2.28E-02
18.2	2.28E-02
18.2	2.28E-02
18.2	2.28E-02
18.2	2.28E-02
18.2	2.28E-02
18.2	2.28E-02
18.2	2.28E-02
18.21	2.28E-02
18.21	2.28E-02
18.21	2.28E-02
18.21	2.28E-02
18.21	2.28E-02
18.21	2.28E-02
18.21	2.28E-02
18.21	2.28E-02
18.21	2.28E-02
18.21	2.28E-02
18.21	2.28E-02
18.21	2.28E-02
18.21	2.28E-02
18.21	2.28E-02
18.21	2.28E-02
18.21	2.28E-02
18.21	2.28E-02
18.21	2.28E-02
18.21	2.28E-02
18.22	2.28E-02
18.22	2.28E-02
18.22	2.28E-02
18.22	2.28E-02
18.22	2.28E-02
18.22	2.27E-02
18.22	2.27E-02
18.22	2.27E-02
18.22	2.27E-02
18.22	2.27E-02
18.22	2.27E-02
18.22	2.27E-02
18.22	2.27E-02
18.22	2.27E-02
18.22	2.27E-02
18.22	2.27E-02
18.22	2.27E-02
18.22	2.27E-02
18.22	2.27E-02
18.22	2.27E-02
18.23	2.27E-02
18.23	2.27E-02
18.23	2.27E-02
18.23	2.27E-02
18.23	2.27E-02
18.23	2.27E-02
18.23	2.27E-02
18.23	2.27E-02
18.23	2.27E-02
18.23	2.27E-02
18.23	2.27E-02
18.23	2.27E-02
18.23	2.27E-02
18.23	2.27E-02
18.23	2.27E-02
18.23	2.27E-02
18.23	2.27E-02
18.23	2.27E-02
18.23	2.27E-02
18.23	2.27E-02
18.24	2.27E-02
18.24	2.27E-02
18.24	2.27E-02
18.24	2.27E-02
18.24	2.27E-02
18.24	2.27E-02
18.24	2.27E-02
18.24	2.26E-02
18.24	2.26E-02
18.24	2.26E-02
18.24	2.26E-02
18.24	2.26E-02
18.24	2.26E-02
18.24	2.26E-02
18.24	2.26E-02
18.24	2.26E-02
18.24	2.26E-02
18.24	2.26E-02
18.24	2.26E-02
18.24	2.26E-02
18.25	2.26E-02
18.25	2.26E-02
18.25	2.26E-02
18.25	2.26E-02
18.25	2.26E-02
18.25	2.26E-02
18.25	2.26E-02
18.25	2.26E-02
18.25	2.26E-02
18.25	2.26E-02
18.25	2.26E-02
18.25	2.26E-02
18.25	2.26E-02
18.25	2.26E-02
18.25	2.26E-02
18.25	2.26E-02
18.25	2.26E-02
18.25	2.26E-02
18.25	2.26E-02
18.25	2.26E-02
18.25	2.26E-02
18.26	2.26E-02
18.26	2.26E-02
18.26	2.26E-02
18.26	2.26E-02
18.26	2.26E-02
18.26	2.26E-02
18.26	2.26E-02
18.26	2.25E-02
18.26	2.25E-02
18.26	2.25E-02
18.26	2.25E-02
18.26	2.25E-02
18.26	2.25E-02
18.26	2.25E-02
18.26	2.25E-02
18.26	2.25E-02
18.26	2.25E-02
18.26	2.25E-02
18.26	2.25E-02
18.26	2.25E-02
18.27	2.25E-02
18.27	2.25E-02
18.27	2.25E-02
18.27	2.25E-02
18.27	2.25E-02
18.27	2.25E-02
18.27	2.25E-02
18.27	2.25E-02
18.27	2.25E-02
18.27	2.25E-02
18.27	2.25E-02
18.27	2.25E-02
18.27	2.25E-02
18.27	2.25E-02
18.27	2.25E-02
18.27	2.25E-02
18.27	2.25E-02
18.27	2.25E-02
18.27	2.25E-02
18.27	2.25E-02
18.28	2.25E-02
18.28	2.25E-02
18.28	2.25E-02
18.28	2.25E-02
18.28	2.25E-02
18.28	2.25E-02
18.28	2.25E-02
18.28	2.25E-02
18.28	2.25E-02
18.28	2.24E-02
18.28	2.24E-02
18.28	2.24E-02
18.28	2.24E-02
18.28	2.24E-02
18.28	2.24E-02
18.28	2.24E-02
18.28	2.24E-02
18.28	2.24E-02
18.28	2.24E-02
18.28	2.24E-02
18.29	2.24E-02
18.29	2.24E-02
18.29	2.24E-02
18.29	2.24E-02
18.29	2.24E-02
18.29	2.24E-02
18.29	2.24E-02
18.29	2.24E-02
18.29	2.24E-02
18.29	2.24E-02
18.29	2.24E-02
18.29	2.24E-02
18.29	2.24E-02
18.29	2.24E-02
18.29	2.24E-02
18.29	2.24E-02
18.29	2.24E-02
18.29	2.24E-02
18.29	2.24E-02
18.3	2.24E-02
18.3	2.24E-02
18.3	2.24E-02
18.3	2.24E-02
18.3	2.24E-02
18.3	2.24E-02
18.3	2.24E-02
18.3	2.24E-02
18.3	2.24E-02
18.3	2.24E-02
18.3	2.24E-02
18.3	2.24E-02
18.3	2.23E-02
18.3	2.23E-02
18.3	2.23E-02
18.3	2.23E-02
18.3	2.23E-02
18.3	2.23E-02
18.3	2.23E-02
18.3	2.23E-02
18.31	2.23E-02
18.31	2.23E-02
18.31	2.23E-02
18.31	2.23E-02
18.31	2.23E-02
18.31	2.23E-02
18.31	2.23E-02
18.31	2.23E-02
18.31	2.23E-02
18.31	2.23E-02
18.31	2.23E-02
18.31	2.23E-02
18.31	2.23E-02
18.31	2.23E-02
18.31	2.23E-02
18.31	2.23E-02
18.31	2.23E-02
18.31	2.23E-02
18.31	2.23E-02
18.31	2.23E-02
18.32	2.23E-02
18.32	2.23E-02
18.32	2.23E-02
18.32	2.23E-02
18.32	2.23E-02
18.32	2.23E-02
18.32	2.23E-02
18.32	2.23E-02
18.32	2.23E-02
18.32	2.23E-02
18.32	2.23E-02
18.32	2.23E-02
18.32	2.23E-02
18.32	2.23E-02
18.32	2.22E-02
18.32	2.22E-02
18.32	2.22E-02
18.32	2.22E-02
18.32	2.22E-02
18.32	2.22E-02
18.33	2.22E-02
18.33	2.22E-02
18.33	2.22E-02
18.33	2.22E-02
18.33	2.22E-02
18.33	2.22E-02
18.33	2.22E-02
18.33	2.22E-02
18.33	2.22E-02
18.33	2.22E-02
18.33	2.22E-02
18.33	2.22E-02
18.33	2.22E-02
18.33	2.22E-02
18.33	2.22E-02
18.33	2.22E-02
18.33	2.22E-02
18.33	2.22E-02
18.33	2.22E-02
18.33	2.22E-02
18.33	2.22E-02
18.34	2.22E-02
18.34	2.22E-02
18.34	2.22E-02
18.34	2.22E-02
18.34	2.22E-02
18.34	2.22E-02
18.34	2.22E-02
18.34	2.22E-02
18.34	2.22E-02
18.34	2.22E-02
18.34	2.22E-02
18.34	2.22E-02
18.34	2.22E-02
18.34	2.22E-02
18.34	2.22E-02
18.34	2.21E-02
18.34	2.21E-02
18.34	2.21E-02
18.34	2.21E-02
18.34	2.21E-02
18.35	2.21E-02
18.35	2.21E-02
18.35	2.21E-02
18.35	2.21E-02
18.35	2.21E-02
18.35	2.21E-02
18.35	2.21E-02
18.35	2.21E-02
18.35	2.21E-02
18.35	2.21E-02
18.35	2.21E-02
18.35	2.21E-02
18.35	2.21E-02
18.35	2.21E-02
18.35	2.21E-02
18.35	2.21E-02
18.35	2.21E-02
18.35	2.21E-02
18.35	2.21E-02
18.35	2.21E-02
18.36	2.21E-02
18.36	2.21E-02
18.36	2.21E-02
18.36	2.21E-02
18.36	2.21E-02
18.36	2.21E-02
18.36	2.21E-02
18.36	2.21E-02
18.36	2.21E-02
18.36	2.21E-02
18.36	2.21E-02
18.36	2.21E-02
18.36	2.21E-02
18.36	2.21E-02
18.36	2.21E-02
18.36	2.21E-02
18.36	2.21E-02
18.36	2.20E-02
18.36	2.20E-02
18.36	2.20E-02
18.37	2.20E-02
18.37	2.20E-02
18.37	2.20E-02
18.37	2.20E-02
18.37	2.20E-02
18.37	2.20E-02
18.37	2.20E-02
18.37	2.20E-02
18.37	2.20E-02
18.37	2.20E-02
18.37	2.20E-02
18.37	2.20E-02
18.37	2.20E-02
18.37	2.20E-02
18.37	2.20E-02
18.37	2.20E-02
18.37	2.20E-02
18.37	2.20E-02
18.37	2.20E-02
18.38	2.20E-02
18.38	2.20E-02
18.38	2.20E-02
18.38	2.20E-02
18.38	2.20E-02
18.38	2.20E-02
18.38	2.20E-02
18.38	2.20E-02
18.38	2.20E-02
18.38	2.20E-02
18.38	2.20E-02
18.38	2.20E-02
18.38	2.20E-02
18.38	2.20E-02
18.38	2.20E-02
18.38	2.20E-02
18.38	2.20E-02
18.38	2.20E-02
18.38	2.20E-02
18.38	2.20E-02
18.39	2.19E-02
18.39	2.19E-02
18.39	2.19E-02
18.39	2.19E-02
18.39	2.19E-02
18.39	2.19E-02
18.39	2.19E-02
18.39	2.19E-02
18.39	2.19E-02
18.39	2.19E-02
18.39	2.19E-02
18.39	2.19E-02
18.39	2.19E-02
18.39	2.19E-02
18.39	2.19E-02
18.39	2.19E-02
18.39	2.19E-02
18.39	2.19E-02
18.39	2.19E-02
18.39	2.19E-02
18.4	2.19E-02
18.4	2.19E-02
18.4	2.19E-02
18.4	2.19E-02
18.4	2.19E-02
18.4	2.19E-02
18.4	2.19E-02
18.4	2.19E-02
18.4	2.19E-02
18.4	2.19E-02
18.4	2.19E-02
18.4	2.19E-02
18.4	2.19E-02
18.4	2.19E-02
18.4	2.19E-02
18.4	2.19E-02
18.4	2.19E-02
18.4	2.19E-02
18.4	2.19E-02
18.4	2.19E-02
18.41	2.19E-02
18.41	2.19E-02
18.41	2.18E-02
18.41	2.18E-02
18.41	2.18E-02
18.41	2.18E-02
18.41	2.18E-02
18.41	2.18E-02
18.41	2.18E-02
18.41	2.18E-02
18.41	2.18E-02
18.41	2.18E-02
18.41	2.18E-02
18.41	2.18E-02
18.41	2.18E-02
18.41	2.18E-02
18.41	2.18E-02
18.41	2.18E-02
18.41	2.18E-02
18.41	2.18E-02
18.42	2.18E-02
18.42	2.18E-02
18.42	2.18E-02
18.42	2.18E-02
18.42	2.18E-02
18.42	2.18E-02
18.42	2.18E-02
18.42	2.18E-02
18.42	2.18E-02
18.42	2.18E-02
18.42	2.18E-02
18.42	2.18E-02
18.42	2.18E-02
18.42	2.18E-02
18.42	2.18E-02
18.42	2.18E-02
18.42	2.18E-02
18.42	2.18E-02
18.42	2.18E-02
18.42	2.18E-02
18.42	2.18E-02
18.43	2.18E-02
18.43	2.18E-02
18.43	2.18E-02
18.43	2.17E-02
18.43	2.17E-02
18.43	2.17E-02
18.43	2.17E-02
18.43	2.17E-02
18.43	2.17E-02
18.43	2.17E-02
18.43	2.17E-02
18.43	2.17E-02
18.43	2.17E-02
18.43	2.17E-02
18.43	2.17E-02
18.43	2.17E-02
18.43	2.17E-02
18.43	2.17E-02
18.43	2.17E-02
18.43	2.17E-02
18.44	2.17E-02
18.44	2.17E-02
18.44	2.17E-02
18.44	2.17E-02
18.44	2.17E-02
18.44	2.17E-02
18.44	2.17E-02
18.44	2.17E-02
18.44	2.17E-02
18.44	2.17E-02
18.44	2.17E-02
18.44	2.17E-02
18.44	2.17E-02
18.44	2.17E-02
18.44	2.17E-02
18.44	2.17E-02
18.44	2.17E-02
18.44	2.17E-02
18.44	2.17E-02
18.44	2.17E-02
18.45	2.17E-02
18.45	2.17E-02
18.45	2.17E-02
18.45	2.17E-02
18.45	2.17E-02
18.45	2.17E-02
18.45	2.16E-02
18.45	2.16E-02
18.45	2.16E-02
18.45	2.16E-02
18.45	2.16E-02
18.45	2.16E-02
18.45	2.16E-02
18.45	2.16E-02
18.45	2.16E-02
18.45	2.16E-02
18.45	2.16E-02
18.45	2.16E-02
18.45	2.16E-02
18.45	2.16E-02
18.46	2.16E-02
18.46	2.16E-02
18.46	2.16E-02
18.46	2.16E-02
18.46	2.16E-02
18.46	2.16E-02
18.46	2.16E-02
18.46	2.16E-02
18.46	2.16E-02
18.46	2.16E-02
18.46	2.16E-02
18.46	2.16E-02
18.46	2.16E-02
18.46	2.16E-02
18.46	2.16E-02
18.46	2.16E-02
18.46	2.16E-02
18.46	2.16E-02
18.46	2.16E-02
18.47	2.16E-02
18.47	2.16E-02
18.47	2.16E-02
18.47	2.16E-02
18.47	2.16E-02
18.47	2.16E-02
18.47	2.16E-02
18.47	2.16E-02
18.47	2.16E-02
18.47	2.15E-02
18.47	2.15E-02
18.47	2.15E-02
18.47	2.15E-02
18.47	2.15E-02
18.47	2.15E-02
18.47	2.15E-02
18.47	2.15E-02
18.47	2.15E-02
18.47	2.15E-02
18.47	2.15E-02
18.48	2.15E-02
18.48	2.15E-02
18.48	2.15E-02
18.48	2.15E-02
18.48	2.15E-02
18.48	2.15E-02
18.48	2.15E-02
18.48	2.15E-02
18.48	2.15E-02
18.48	2.15E-02
18.48	2.15E-02
18.48	2.15E-02
18.48	2.15E-02
18.48	2.15E-02
18.48	2.15E-02
18.48	2.15E-02
18.48	2.15E-02
18.48	2.15E-02
18.48	2.15E-02
18.48	2.15E-02
18.49	2.15E-02
18.49	2.15E-02
18.49	2.15E-02
18.49	2.15E-02
18.49	2.15E-02
18.49	2.15E-02
18.49	2.15E-02
18.49	2.15E-02
18.49	2.15E-02
18.49	2.15E-02
18.49	2.15E-02
18.49	2.14E-02
18.49	2.14E-02
18.49	2.14E-02
18.49	2.14E-02
18.49	2.14E-02
18.49	2.14E-02
18.49	2.14E-02
18.49	2.14E-02
18.49	2.14E-02
18.5	2.14E-02
18.5	2.14E-02
18.5	2.14E-02
18.5	2.14E-02
18.5	2.14E-02
18.5	2.14E-02
18.5	2.14E-02
18.5	2.14E-02
18.5	2.14E-02
18.5	2.14E-02
18.5	2.14E-02
18.5	2.14E-02
18.5	2.14E-02
18.5	2.14E-02
18.5	2.14E-02
18.5	2.14E-02
18.5	2.14E-02
18.5	2.14E-02
18.5	2.14E-02
18.5	2.14E-02
18.5	2.14E-02
18.51	2.14E-02
18.51	2.14E-02
18.51	2.14E-02
18.51	2.14E-02
18.51	2.14E-02
18.51	2.14E-02
18.51	2.14E-02
18.51	2.14E-02
18.51	2.14E-02
18.51	2.14E-02
18.51	2.14E-02
18.51	2.14E-02
18.51	2.14E-02
18.51	2.13E-02
18.51	2.13E-02
18.51	2.13E-02
18.51	2.13E-02
18.51	2.13E-02
18.51	2.13E-02
18.51	2.13E-02
18.52	2.13E-02
18.52	2.13E-02
18.52	2.13E-02
18.52	2.13E-02
18.52	2.13E-02
18.52	2.13E-02
18.52	2.13E-02
18.52	2.13E-02
18.52	2.13E-02
18.52	2.13E-02
18.52	2.13E-02
18.52	2.13E-02
18.52	2.13E-02
18.52	2.13E-02
18.52	2.13E-02
18.52	2.13E-02
18.52	2.13E-02
18.52	2.13E-02
18.52	2.13E-02
18.52	2.13E-02
18.53	2.13E-02
18.53	2.13E-02
18.53	2.13E-02
18.53	2.13E-02
18.53	2.13E-02
18.53	2.13E-02
18.53	2.13E-02
18.53	2.13E-02
18.53	2.13E-02
18.53	2.13E-02
18.53	2.13E-02
18.53	2.13E-02
18.53	2.13E-02
18.53	2.13E-02
18.53	2.13E-02
18.53	2.12E-02
18.53	2.12E-02
18.53	2.12E-02
18.53	2.12E-02
18.53	2.12E-02
18.54	2.12E-02
18.54	2.12E-02
18.54	2.12E-02
18.54	2.12E-02
18.54	2.12E-02
18.54	2.12E-02
18.54	2.12E-02
18.54	2.12E-02
18.54	2.12E-02
18.54	2.12E-02
18.54	2.12E-02
18.54	2.12E-02
18.54	2.12E-02
18.54	2.12E-02
18.54	2.12E-02
18.54	2.12E-02
18.54	2.12E-02
18.54	2.12E-02
18.54	2.12E-02
18.55	2.12E-02
18.55	2.12E-02
18.55	2.12E-02
18.55	2.12E-02
18.55	2.12E-02
18.55	2.12E-02
18.55	2.12E-02
18.55	2.12E-02
18.55	2.12E-02
18.55	2.12E-02
18.55	2.12E-02
18.55	2.12E-02
18.55	2.12E-02
18.55	2.12E-02
18.55	2.12E-02
18.55	2.12E-02
18.55	2.12E-02
18.55	2.12E-02
18.55	2.11E-02
18.55	2.11E-02
18.56	2.11E-02
18.56	2.11E-02
18.56	2.11E-02
18.56	2.11E-02
18.56	2.11E-02
18.56	2.11E-02
18.56	2.11E-02
18.56	2.11E-02
18.56	2.11E-02
18.56	2.11E-02
18.56	2.11E-02
18.56	2.11E-02
18.56	2.11E-02
18.56	2.11E-02
18.56	2.11E-02
18.56	2.11E-02
18.56	2.11E-02
18.56	2.11E-02
18.56	2.11E-02
18.56	2.11E-02
18.57	2.11E-02
18.57	2.11E-02
18.57	2.11E-02
18.57	2.11E-02
18.57	2.11E-02
18.57	2.11E-02
18.57	2.11E-02
18.57	2.11E-02
18.57	2.11E-02
18.57	2.11E-02
18.57	2.11E-02
18.57	2.11E-02
18.57	2.11E-02
18.57	2.11E-02
18.57	2.11E-02
18.57	2.11E-02
18.57	2.11E-02
18.57	2.11E-02
18.57	2.11E-02
18.57	2.11E-02
18.58	2.11E-02
18.58	2.10E-02
18.58	2.10E-02
18.58	2.10E-02
18.58	2.10E-02
18.58	2.10E-02
18.58	2.10E-02
18.58	2.10E-02
18.58	2.10E-02
18.58	2.10E-02
18.58	2.10E-02
18.58	2.10E-02
18.58	2.10E-02
18.58	2.10E-02
18.58	2.10E-02
18.58	2.10E-02
18.58	2.10E-02
18.58	2.10E-02
18.58	2.10E-02
18.58	2.10E-02
18.58	2.10E-02
18.59	2.10E-02
18.59	2.10E-02
18.59	2.10E-02
18.59	2.10E-02
18.59	2.10E-02
18.59	2.10E-02
18.59	2.10E-02
18.59	2.10E-02
18.59	2.10E-02
18.59	2.10E-02
18.59	2.10E-02
18.59	2.10E-02
18.59	2.10E-02
18.59	2.10E-02
18.59	2.10E-02
18.59	2.10E-02
18.59	2.10E-02
18.59	2.10E-02
18.59	2.10E-02
18.59	2.10E-02
18.6	2.10E-02
18.6	2.10E-02
18.6	2.10E-02
18.6	2.09E-02
18.6	2.09E-02
18.6	2.09E-02
18.6	2.09E-02
18.6	2.09E-02
18.6	2.09E-02
18.6	2.09E-02
18.6	2.09E-02
18.6	2.09E-02
18.6	2.09E-02
18.6	2.09E-02
18.6	2.09E-02
18.6	2.09E-02
18.6	2.09E-02
18.6	2.09E-02
18.6	2.09E-02
18.6	2.09E-02
18.61	2.09E-02
18.61	2.09E-02
18.61	2.09E-02
18.61	2.09E-02
18.61	2.09E-02
18.61	2.09E-02
18.61	2.09E-02
18.61	2.09E-02
18.61	2.09E-02
18.61	2.09E-02
18.61	2.09E-02
18.61	2.09E-02
18.61	2.09E-02
18.61	2.09E-02
18.61	2.09E-02
18.61	2.09E-02
18.61	2.09E-02
18.61	2.09E-02
18.61	2.09E-02
18.61	2.09E-02
18.62	2.09E-02
18.62	2.09E-02
18.62	2.09E-02
18.62	2.09E-02
18.62	2.09E-02
18.62	2.08E-02
18.62	2.08E-02
18.62	2.08E-02
18.62	2.08E-02
18.62	2.08E-02
18.62	2.08E-02
18.62	2.08E-02
18.62	2.08E-02
18.62	2.08E-02
18.62	2.08E-02
18.62	2.08E-02
18.62	2.08E-02
18.62	2.08E-02
18.62	2.08E-02
18.62	2.08E-02
18.63	2.08E-02
18.63	2.08E-02
18.63	2.08E-02
18.63	2.08E-02
18.63	2.08E-02
18.63	2.08E-02
18.63	2.08E-02
18.63	2.08E-02
18.63	2.08E-02
18.63	2.08E-02
18.63	2.08E-02
18.63	2.08E-02
18.63	2.08E-02
18.63	2.08E-02
18.63	2.08E-02
18.63	2.08E-02
18.63	2.08E-02
18.63	2.08E-02
18.63	2.08E-02
18.64	2.08E-02
18.64	2.08E-02
18.64	2.08E-02
18.64	2.08E-02
18.64	2.08E-02
18.64	2.08E-02
18.64	2.08E-02
18.64	2.08E-02
18.64	2.08E-02
18.64	2.07E-02
18.64	2.07E-02
18.64	2.07E-02
18.64	2.07E-02
18.64	2.07E-02
18.64	2.07E-02
18.64	2.07E-02
18.64	2.07E-02
18.64	2.07E-02
18.64	2.07E-02
18.64	2.07E-02
18.65	2.07E-02
18.65	2.07E-02
18.65	2.07E-02
18.65	2.07E-02
18.65	2.07E-02
18.65	2.07E-02
18.65	2.07E-02
18.65	2.07E-02
18.65	2.07E-02
18.65	2.07E-02
18.65	2.07E-02
18.65	2.07E-02
18.65	2.07E-02
18.65	2.07E-02
18.65	2.07E-02
18.65	2.07E-02
18.65	2.07E-02
18.65	2.07E-02
18.65	2.07E-02
18.65	2.07E-02
18.66	2.07E-02
18.66	2.07E-02
18.66	2.07E-02
18.66	2.07E-02
18.66	2.07E-02
18.66	2.07E-02
18.66	2.07E-02
18.66	2.07E-02
18.66	2.07E-02
18.66	2.07E-02
18.66	2.07E-02
18.66	2.07E-02
18.66	2.06E-02
18.66	2.06E-02
18.66	2.06E-02
18.66	2.06E-02
18.66	2.06E-02
18.66	2.06E-02
18.66	2.06E-02
18.66	2.06E-02
18.67	2.06E-02
18.67	2.06E-02
18.67	2.06E-02
18.67	2.06E-02
18.67	2.06E-02
18.67	2.06E-02
18.67	2.06E-02
18.67	2.06E-02
18.67	2.06E-02
18.67	2.06E-02
18.67	2.06E-02
18.67	2.06E-02
18.67	2.06E-02
18.67	2.06E-02
18.67	2.06E-02
18.67	2.06E-02
18.67	2.06E-02
18.67	2.06E-02
18.67	2.06E-02
18.67	2.06E-02
18.67	2.06E-02
18.68	2.06E-02
18.68	2.06E-02
18.68	2.06E-02
18.68	2.06E-02
18.68	2.06E-02
18.68	2.06E-02
18.68	2.06E-02
18.68	2.06E-02
18.68	2.06E-02
18.68	2.06E-02
18.68	2.06E-02
18.68	2.06E-02
18.68	2.06E-02
18.68	2.06E-02
18.68	2.05E-02
18.68	2.05E-02
18.68	2.05E-02
18.68	2.05E-02
18.68	2.05E-02
18.68	2.05E-02
18.69	2.05E-02
18.69	2.05E-02
18.69	2.05E-02
18.69	2.05E-02
18.69	2.05E-02
18.69	2.05E-02
18.69	2.05E-02
18.69	2.05E-02
18.69	2.05E-02
18.69	2.05E-02
18.69	2.05E-02
18.69	2.05E-02
18.69	2.05E-02
18.69	2.05E-02
18.69	2.05E-02
18.69	2.05E-02
18.69	2.05E-02
18.69	2.05E-02
18.69	2.05E-02
18.69	2.05E-02
18.7	2.05E-02
18.7	2.05E-02
18.7	2.05E-02
18.7	2.05E-02
18.7	2.05E-02
18.7	2.05E-02
18.7	2.05E-02
18.7	2.05E-02
18.7	2.05E-02
18.7	2.05E-02
18.7	2.05E-02
18.7	2.05E-02
18.7	2.05E-02
18.7	2.05E-02
18.7	2.05E-02
18.7	2.05E-02
18.7	2.04E-02
18.7	2.04E-02
18.7	2.04E-02
18.7	2.04E-02
18.71	2.04E-02
18.71	2.04E-02
18.71	2.04E-02
18.71	2.04E-02
18.71	2.04E-02
18.71	2.04E-02
18.71	2.04E-02
18.71	2.04E-02
18.71	2.04E-02
18.71	2.04E-02
18.71	2.04E-02
18.71	2.04E-02
18.71	2.04E-02
18.71	2.04E-02
18.71	2.04E-02
18.71	2.04E-02
18.71	2.04E-02
18.71	2.04E-02
18.71	2.04E-02
18.72	2.04E-02
18.72	2.04E-02
18.72	2.04E-02
18.72	2.04E-02
18.72	2.04E-02
18.72	2.04E-02
18.72	2.04E-02
18.72	2.04E-02
18.72	2.04E-02
18.72	2.04E-02
18.72	2.04E-02
18.72	2.04E-02
18.72	2.04E-02
18.72	2.04E-02
18.72	2.04E-02
18.72	2.04E-02
18.72	2.04E-02
18.72	2.04E-02
18.72	2.04E-02
18.72	2.04E-02
18.73	2.03E-02
18.73	2.03E-02
18.73	2.03E-02
18.73	2.03E-02
18.73	2.03E-02
18.73	2.03E-02
18.73	2.03E-02
18.73	2.03E-02
18.73	2.03E-02
18.73	2.03E-02
18.73	2.03E-02
18.73	2.03E-02
18.73	2.03E-02
18.73	2.03E-02
18.73	2.03E-02
18.73	2.03E-02
18.73	2.03E-02
18.73	2.03E-02
18.73	2.03E-02
18.73	2.03E-02
18.74	2.03E-02
18.74	2.03E-02
18.74	2.03E-02
18.74	2.03E-02
18.74	2.03E-02
18.74	2.03E-02
18.74	2.03E-02
18.74	2.03E-02
18.74	2.03E-02
18.74	2.03E-02
18.74	2.03E-02
18.74	2.03E-02
18.74	2.03E-02
18.74	2.03E-02
18.74	2.03E-02
18.74	2.03E-02
18.74	2.03E-02
18.74	2.03E-02
18.74	2.03E-02
18.74	2.03E-02
18.75	2.03E-02
18.75	2.03E-02
18.75	2.03E-02
18.75	2.02E-02
18.75	2.02E-02
18.75	2.02E-02
18.75	2.02E-02
18.75	2.02E-02
18.75	2.02E-02
18.75	2.02E-02
18.75	2.02E-02
18.75	2.02E-02
18.75	2.02E-02
18.75	2.02E-02
18.75	2.02E-02
18.75	2.02E-02
18.75	2.02E-02
18.75	2.02E-02
18.75	2.02E-02
18.75	2.02E-02
18.75	2.02E-02
18.76	2.02E-02
18.76	2.02E-02
18.76	2.02E-02
18.76	2.02E-02
18.76	2.02E-02
18.76	2.02E-02
18.76	2.02E-02
18.76	2.02E-02
18.76	2.02E-02
18.76	2.02E-02
18.76	2.02E-02
18.76	2.02E-02
18.76	2.02E-02
18.76	2.02E-02
18.76	2.02E-02
18.76	2.02E-02
18.76	2.02E-02
18.76	2.02E-02
18.76	2.02E-02
18.76	2.02E-02
18.77	2.02E-02
18.77	2.02E-02
18.77	2.02E-02
18.77	2.02E-02
18.77	2.02E-02
18.77	2.02E-02
18.77	2.01E-02
18.77	2.01E-02
18.77	2.01E-02
18.77	2.01E-02
18.77	2.01E-02
18.77	2.01E-02
18.77	2.01E-02
18.77	2.01E-02
18.77	2.01E-02
18.77	2.01E-02
18.77	2.01E-02
18.77	2.01E-02
18.77	2.01E-02
18.77	2.01E-02
18.78	2.01E-02
18.78	2.01E-02
18.78	2.01E-02
18.78	2.01E-02
18.78	2.01E-02
18.78	2.01E-02
18.78	2.01E-02
18.78	2.01E-02
18.78	2.01E-02
18.78	2.01E-02
18.78	2.01E-02
18.78	2.01E-02
18.78	2.01E-02
18.78	2.01E-02
18.78	2.01E-02
18.78	2.01E-02
18.78	2.01E-02
18.78	2.01E-02
18.78	2.01E-02
18.78	2.01E-02
18.79	2.01E-02
18.79	2.01E-02
18.79	2.01E-02
18.79	2.01E-02
18.79	2.01E-02
18.79	2.01E-02
18.79	2.01E-02
18.79	2.01E-02
18.79	2.01E-02
18.79	2.00E-02
18.79	2.00E-02
18.79	2.00E-02
18.79	2.00E-02
18.79	2.00E-02
18.79	2.00E-02
18.79	2.00E-02
18.79	2.00E-02
18.79	2.00E-02
18.79	2.00E-02
18.8	2.00E-02
18.8	2.00E-02
18.8	2.00E-02
18.8	2.00E-02
18.8	2.00E-02
18.8	2.00E-02
18.8	2.00E-02
18.8	2.00E-02
18.8	2.00E-02
18.8	2.00E-02
18.8	2.00E-02
18.8	2.00E-02
18.8	2.00E-02
18.8	2.00E-02
18.8	2.00E-02
18.8	2.00E-02
18.8	2.00E-02
18.8	2.00E-02
18.8	2.00E-02
18.8	2.00E-02
18.81	2.00E-02
18.81	2.00E-02
18.81	2.00E-02
18.81	2.00E-02
18.81	2.00E-02
18.81	2.00E-02
18.81	2.00E-02
18.81	2.00E-02
18.81	2.00E-02
18.81	2.00E-02
18.81	2.00E-02
18.81	2.00E-02
18.81	2.00E-02
18.81	1.99E-02
18.81	1.99E-02
18.81	1.99E-02
18.81	1.99E-02
18.81	1.99E-02
18.81	1.99E-02
18.81	1.99E-02
18.82	1.99E-02
18.82	1.99E-02
18.82	1.99E-02
18.82	1.99E-02
18.82	1.99E-02
18.82	1.99E-02
18.82	1.99E-02
18.82	1.99E-02
18.82	1.99E-02
18.82	1.99E-02
18.82	1.99E-02
18.82	1.99E-02
18.82	1.99E-02
18.82	1.99E-02
18.82	1.99E-02
18.82	1.99E-02
18.82	1.99E-02
18.82	1.99E-02
18.82	1.99E-02
18.82	1.99E-02
18.83	1.99E-02
18.83	1.99E-02
18.83	1.99E-02
18.83	1.99E-02
18.83	1.99E-02
18.83	1.99E-02
18.83	1.99E-02
18.83	1.99E-02
18.83	1.99E-02
18.83	1.99E-02
18.83	1.99E-02
18.83	1.99E-02
18.83	1.99E-02
18.83	1.99E-02
18.83	1.99E-02
18.83	1.99E-02
18.83	1.98E-02
18.83	1.98E-02
18.83	1.98E-02
18.83	1.98E-02
18.83	1.98E-02
18.84	1.98E-02
18.84	1.98E-02
18.84	1.98E-02
18.84	1.98E-02
18.84	1.98E-02
18.84	1.98E-02
18.84	1.98E-02
18.84	1.98E-02
18.84	1.98E-02
18.84	1.98E-02
18.84	1.98E-02
18.84	1.98E-02
18.84	1.98E-02
18.84	1.98E-02
18.84	1.98E-02
18.84	1.98E-02
18.84	1.98E-02
18.84	1.98E-02
18.84	1.98E-02
18.84	1.98E-02
18.85	1.98E-02
18.85	1.98E-02
18.85	1.98E-02
18.85	1.98E-02
18.85	1.98E-02
18.85	1.98E-02
18.85	1.98E-02
18.85	1.98E-02
18.85	1.98E-02
18.85	1.98E-02
18.85	1.98E-02
18.85	1.98E-02
18.85	1.98E-02
18.85	1.98E-02
18.85	1.98E-02
18.85	1.98E-02
18.85	1.98E-02
18.85	1.98E-02
18.85	1.98E-02
18.85	1.97E-02
18.86	1.97E-02
18.86	1.97E-02
18.86	1.97E-02
18.86	1.97E-02
18.86	1.97E-02
18.86	1.97E-02
18.86	1.97E-02
18.86	1.97E-02
18.86	1.97E-02
18.86	1.97E-02
18.86	1.97E-02
18.86	1.97E-02
18.86	1.97E-02
18.86	1.97E-02
18.86	1.97E-02
18.86	1.97E-02
18.86	1.97E-02
18.86	1.97E-02
18.86	1.97E-02
18.86	1.97E-02
18.87	1.97E-02
18.87	1.97E-02
18.87	1.97E-02
18.87	1.97E-02
18.87	1.97E-02
18.87	1.97E-02
18.87	1.97E-02
18.87	1.97E-02
18.87	1.97E-02
18.87	1.97E-02
18.87	1.97E-02
18.87	1.97E-02
18.87	1.97E-02
18.87	1.97E-02
18.87	1.97E-02
18.87	1.97E-02
18.87	1.97E-02
18.87	1.97E-02
18.87	1.97E-02
18.88	1.97E-02
18.88	1.97E-02
18.88	1.97E-02
18.88	1.96E-02
18.88	1.96E-02
18.88	1.96E-02
18.88	1.96E-02
18.88	1.96E-02
18.88	1.96E-02
18.88	1.96E-02
18.88	1.96E-02
18.88	1.96E-02
18.88	1.96E-02
18.88	1.96E-02
18.88	1.96E-02
18.88	1.96E-02
18.88	1.96E-02
18.88	1.96E-02
18.88	1.96E-02
18.88	1.96E-02
18.89	1.96E-02
18.89	1.96E-02
18.89	1.96E-02
18.89	1.96E-02
18.89	1.96E-02
18.89	1.96E-02
18.89	1.96E-02
18.89	1.96E-02
18.89	1.96E-02
18.89	1.96E-02
18.89	1.96E-02
18.89	1.96E-02
18.89	1.96E-02
18.89	1.96E-02
18.89	1.96E-02
18.89	1.96E-02
18.89	1.96E-02
18.89	1.96E-02
18.89	1.96E-02
18.89	1.96E-02
18.9	1.96E-02
18.9	1.96E-02
18.9	1.96E-02
18.9	1.96E-02
18.9	1.96E-02
18.9	1.96E-02
18.9	1.96E-02
18.9	1.95E-02
18.9	1.95E-02
18.9	1.95E-02
18.9	1.95E-02
18.9	1.95E-02
18.9	1.95E-02
18.9	1.95E-02
18.9	1.95E-02
18.9	1.95E-02
18.9	1.95E-02
18.9	1.95E-02
18.9	1.95E-02
18.9	1.95E-02
18.91	1.95E-02
18.91	1.95E-02
18.91	1.95E-02
18.91	1.95E-02
18.91	1.95E-02
18.91	1.95E-02
18.91	1.95E-02
18.91	1.95E-02
18.91	1.95E-02
18.91	1.95E-02
18.91	1.95E-02
18.91	1.95E-02
18.91	1.95E-02
18.91	1.95E-02
18.91	1.95E-02
18.91	1.95E-02
18.91	1.95E-02
18.91	1.95E-02
18.91	1.95E-02
18.91	1.95E-02
18.92	1.95E-02
18.92	1.95E-02
18.92	1.95E-02
18.92	1.95E-02
18.92	1.95E-02
18.92	1.95E-02
18.92	1.95E-02
18.92	1.95E-02
18.92	1.95E-02
18.92	1.95E-02
18.92	1.95E-02
18.92	1.94E-02
18.92	1.94E-02
18.92	1.94E-02
18.92	1.94E-02
18.92	1.94E-02
18.92	1.94E-02
18.92	1.94E-02
18.92	1.94E-02
18.92	1.94E-02
18.92	1.94E-02
18.93	1.94E-02
18.93	1.94E-02
18.93	1.94E-02
18.93	1.94E-02
18.93	1.94E-02
18.93	1.94E-02
18.93	1.94E-02
18.93	1.94E-02
18.93	1.94E-02
18.93	1.94E-02
18.93	1.94E-02
18.93	1.94E-02
18.93	1.94E-02
18.93	1.94E-02
18.93	1.94E-02
18.93	1.94E-02
18.93	1.94E-02
18.93	1.94E-02
18.93	1.94E-02
18.93	1.94E-02
18.94	1.94E-02
18.94	1.94E-02
18.94	1.94E-02
18.94	1.94E-02
18.94	1.94E-02
18.94	1.94E-02
18.94	1.94E-02
18.94	1.94E-02
18.94	1.94E-02
18.94	1.94E-02
18.94	1.94E-02
18.94	1.94E-02
18.94	1.94E-02
18.94	1.94E-02
18.94	1.93E-02
18.94	1.93E-02
18.94	1.93E-02
18.94	1.93E-02
18.94	1.93E-02
18.94	1.93E-02
18.95	1.93E-02
18.95	1.93E-02
18.95	1.93E-02
18.95	1.93E-02
18.95	1.93E-02
18.95	1.93E-02
18.95	1.93E-02
18.95	1.93E-02
18.95	1.93E-02
18.95	1.93E-02
18.95	1.93E-02
18.95	1.93E-02
18.95	1.93E-02
18.95	1.93E-02
18.95	1.93E-02
18.95	1.93E-02
18.95	1.93E-02
18.95	1.93E-02
18.95	1.93E-02
18.95	1.93E-02
18.96	1.93E-02
18.96	1.93E-02
18.96	1.93E-02
18.96	1.93E-02
18.96	1.93E-02
18.96	1.93E-02
18.96	1.93E-02
18.96	1.93E-02
18.96	1.93E-02
18.96	1.93E-02
18.96	1.93E-02
18.96	1.93E-02
18.96	1.93E-02
18.96	1.93E-02
18.96	1.93E-02
18.96	1.93E-02
18.96	1.93E-02
18.96	1.92E-02
18.96	1.92E-02
18.97	1.92E-02
18.97	1.92E-02
18.97	1.92E-02
18.97	1.92E-02
18.97	1.92E-02
18.97	1.92E-02
18.97	1.92E-02
18.97	1.92E-02
18.97	1.92E-02
18.97	1.92E-02
18.97	1.92E-02
18.97	1.92E-02
18.97	1.92E-02
18.97	1.92E-02
18.97	1.92E-02
18.97	1.92E-02
18.97	1.92E-02
18.97	1.92E-02
18.97	1.92E-02
18.97	1.92E-02
18.98	1.92E-02
18.98	1.92E-02
18.98	1.92E-02
18.98	1.92E-02
18.98	1.92E-02
18.98	1.92E-02
18.98	1.92E-02
18.98	1.92E-02
18.98	1.92E-02
18.98	1.92E-02
18.98	1.92E-02
18.98	1.92E-02
18.98	1.92E-02
18.98	1.92E-02
18.98	1.92E-02
18.98	1.92E-02
18.98	1.92E-02
18.98	1.92E-02
18.98	1.92E-02
18.98	1.92E-02
18.99	1.92E-02
18.99	1.92E-02
18.99	1.91E-02
18.99	1.91E-02
18.99	1.91E-02
18.99	1.91E-02
18.99	1.91E-02
18.99	1.91E-02
18.99	1.91E-02
18.99	1.91E-02
18.99	1.91E-02
18.99	1.91E-02
18.99	1.91E-02
18.99	1.91E-02
18.99	1.91E-02
18.99	1.91E-02
18.99	1.91E-02
18.99	1.91E-02
18.99	1.91E-02
18.99	1.91E-02
19	1.91E-02
19	1.91E-02
19	1.91E-02
19	1.91E-02
19	1.91E-02
19	1.91E-02
19	1.91E-02
19	1.91E-02
19	1.91E-02
19	1.91E-02
19	1.91E-02
19	1.91E-02
19	1.91E-02
19	1.91E-02
19	1.91E-02
19	1.91E-02
19	1.91E-02
19	1.91E-02
19	1.91E-02
19	1.91E-02
19	1.91E-02
19.01	1.91E-02
19.01	1.91E-02
19.01	1.91E-02
19.01	1.91E-02
19.01	1.91E-02
19.01	1.90E-02
19.01	1.90E-02
19.01	1.90E-02
19.01	1.90E-02
19.01	1.90E-02
19.01	1.90E-02
19.01	1.90E-02
19.01	1.90E-02
19.01	1.90E-02
19.01	1.90E-02
19.01	1.90E-02
19.01	1.90E-02
19.01	1.90E-02
19.01	1.90E-02
19.01	1.90E-02
19.02	1.90E-02
19.02	1.90E-02
19.02	1.90E-02
19.02	1.90E-02
19.02	1.90E-02
19.02	1.90E-02
19.02	1.90E-02
19.02	1.90E-02
19.02	1.90E-02
19.02	1.90E-02
19.02	1.90E-02
19.02	1.90E-02
19.02	1.90E-02
19.02	1.90E-02
19.02	1.90E-02
19.02	1.90E-02
19.02	1.90E-02
19.02	1.90E-02
19.02	1.90E-02
19.02	1.90E-02
19.03	1.90E-02
19.03	1.90E-02
19.03	1.90E-02
19.03	1.90E-02
19.03	1.90E-02
19.03	1.90E-02
19.03	1.90E-02
19.03	1.90E-02
19.03	1.90E-02
19.03	1.90E-02
19.03	1.89E-02
19.03	1.89E-02
19.03	1.89E-02
19.03	1.89E-02
19.03	1.89E-02
19.03	1.89E-02
19.03	1.89E-02
19.03	1.89E-02
19.03	1.89E-02
19.03	1.89E-02
19.04	1.89E-02
19.04	1.89E-02
19.04	1.89E-02
19.04	1.89E-02
19.04	1.89E-02
19.04	1.89E-02
19.04	1.89E-02
19.04	1.89E-02
19.04	1.89E-02
19.04	1.89E-02
19.04	1.89E-02
19.04	1.89E-02
19.04	1.89E-02
19.04	1.89E-02
19.04	1.89E-02
19.04	1.89E-02
19.04	1.89E-02
19.04	1.89E-02
19.04	1.89E-02
19.05	1.89E-02
19.05	1.89E-02
19.05	1.89E-02
19.05	1.89E-02
19.05	1.89E-02
19.05	1.89E-02
19.05	1.89E-02
19.05	1.89E-02
19.05	1.89E-02
19.05	1.89E-02
19.05	1.89E-02
19.05	1.89E-02
19.05	1.89E-02
19.05	1.89E-02
19.05	1.89E-02
19.05	1.88E-02
19.05	1.88E-02
19.05	1.88E-02
19.05	1.88E-02
19.05	1.88E-02
19.06	1.88E-02
19.06	1.88E-02
19.06	1.88E-02
19.06	1.88E-02
19.06	1.88E-02
19.06	1.88E-02
19.06	1.88E-02
19.06	1.88E-02
19.06	1.88E-02
19.06	1.88E-02
19.06	1.88E-02
19.06	1.88E-02
19.06	1.88E-02
19.06	1.88E-02
19.06	1.88E-02
19.06	1.88E-02
19.06	1.88E-02
19.06	1.88E-02
19.06	1.88E-02
19.06	1.88E-02
19.07	1.88E-02
19.07	1.88E-02
19.07	1.88E-02
19.07	1.88E-02
19.07	1.88E-02
19.07	1.88E-02
19.07	1.88E-02
19.07	1.88E-02
19.07	1.88E-02
19.07	1.88E-02
19.07	1.88E-02
19.07	1.88E-02
19.07	1.88E-02
19.07	1.88E-02
19.07	1.88E-02
19.07	1.88E-02
19.07	1.88E-02
19.07	1.88E-02
19.07	1.88E-02
19.07	1.87E-02
19.08	1.87E-02
19.08	1.87E-02
19.08	1.87E-02
19.08	1.87E-02
19.08	1.87E-02
19.08	1.87E-02
19.08	1.87E-02
19.08	1.87E-02
19.08	1.87E-02
19.08	1.87E-02
19.08	1.87E-02
19.08	1.87E-02
19.08	1.87E-02
19.08	1.87E-02
19.08	1.87E-02
19.08	1.87E-02
19.08	1.87E-02
19.08	1.87E-02
19.08	1.87E-02
19.08	1.87E-02
19.08	1.87E-02
19.09	1.87E-02
19.09	1.87E-02
19.09	1.87E-02
19.09	1.87E-02
19.09	1.87E-02
19.09	1.87E-02
19.09	1.87E-02
19.09	1.87E-02
19.09	1.87E-02
19.09	1.87E-02
19.09	1.87E-02
19.09	1.87E-02
19.09	1.87E-02
19.09	1.87E-02
19.09	1.87E-02
19.09	1.87E-02
19.09	1.87E-02
19.09	1.87E-02
19.09	1.87E-02
19.09	1.87E-02
19.1	1.87E-02
19.1	1.87E-02
19.1	1.87E-02
19.1	1.86E-02
19.1	1.86E-02
19.1	1.86E-02
19.1	1.86E-02
19.1	1.86E-02
19.1	1.86E-02
19.1	1.86E-02
19.1	1.86E-02
19.1	1.86E-02
19.1	1.86E-02
19.1	1.86E-02
19.1	1.86E-02
19.1	1.86E-02
19.1	1.86E-02
19.1	1.86E-02
19.1	1.86E-02
19.1	1.86E-02
19.11	1.86E-02
19.11	1.86E-02
19.11	1.86E-02
19.11	1.86E-02
19.11	1.86E-02
19.11	1.86E-02
19.11	1.86E-02
19.11	1.86E-02
19.11	1.86E-02
19.11	1.86E-02
19.11	1.86E-02
19.11	1.86E-02
19.11	1.86E-02
19.11	1.86E-02
19.11	1.86E-02
19.11	1.86E-02
19.11	1.86E-02
19.11	1.86E-02
19.11	1.86E-02
19.11	1.86E-02
19.12	1.86E-02
19.12	1.86E-02
19.12	1.86E-02
19.12	1.86E-02
19.12	1.86E-02
19.12	1.86E-02
19.12	1.86E-02
19.12	1.85E-02
19.12	1.85E-02
19.12	1.85E-02
19.12	1.85E-02
19.12	1.85E-02
19.12	1.85E-02
19.12	1.85E-02
19.12	1.85E-02
19.12	1.85E-02
19.12	1.85E-02
19.12	1.85E-02
19.12	1.85E-02
19.12	1.85E-02
19.13	1.85E-02
19.13	1.85E-02
19.13	1.85E-02
19.13	1.85E-02
19.13	1.85E-02
19.13	1.85E-02
19.13	1.85E-02
19.13	1.85E-02
19.13	1.85E-02
19.13	1.85E-02
19.13	1.85E-02
19.13	1.85E-02
19.13	1.85E-02
19.13	1.85E-02
19.13	1.85E-02
19.13	1.85E-02
19.13	1.85E-02
19.13	1.85E-02
19.13	1.85E-02
19.14	1.85E-02
19.14	1.85E-02
19.14	1.85E-02
19.14	1.85E-02
19.14	1.85E-02
19.14	1.85E-02
19.14	1.85E-02
19.14	1.85E-02
19.14	1.85E-02
19.14	1.85E-02
19.14	1.85E-02
19.14	1.85E-02
19.14	1.85E-02
19.14	1.84E-02
19.14	1.84E-02
19.14	1.84E-02
19.14	1.84E-02
19.14	1.84E-02
19.14	1.84E-02
19.14	1.84E-02
19.15	1.84E-02
19.15	1.84E-02
19.15	1.84E-02
19.15	1.84E-02
19.15	1.84E-02
19.15	1.84E-02
19.15	1.84E-02
19.15	1.84E-02
19.15	1.84E-02
19.15	1.84E-02
19.15	1.84E-02
19.15	1.84E-02
19.15	1.84E-02
19.15	1.84E-02
19.15	1.84E-02
19.15	1.84E-02
19.15	1.84E-02
19.15	1.84E-02
19.15	1.84E-02
19.15	1.84E-02
19.16	1.84E-02
19.16	1.84E-02
19.16	1.84E-02
19.16	1.84E-02
19.16	1.84E-02
19.16	1.84E-02
19.16	1.84E-02
19.16	1.84E-02
19.16	1.84E-02
19.16	1.84E-02
19.16	1.84E-02
19.16	1.84E-02
19.16	1.84E-02
19.16	1.84E-02
19.16	1.84E-02
19.16	1.84E-02
19.16	1.84E-02
19.16	1.84E-02
19.16	1.83E-02
19.16	1.83E-02
19.17	1.83E-02
19.17	1.83E-02
19.17	1.83E-02
19.17	1.83E-02
19.17	1.83E-02
19.17	1.83E-02
19.17	1.83E-02
19.17	1.83E-02
19.17	1.83E-02
19.17	1.83E-02
19.17	1.83E-02
19.17	1.83E-02
19.17	1.83E-02
19.17	1.83E-02
19.17	1.83E-02
19.17	1.83E-02
19.17	1.83E-02
19.17	1.83E-02
19.17	1.83E-02
19.17	1.83E-02
19.17	1.83E-02
19.18	1.83E-02
19.18	1.83E-02
19.18	1.83E-02
19.18	1.83E-02
19.18	1.83E-02
19.18	1.83E-02
19.18	1.83E-02
19.18	1.83E-02
19.18	1.83E-02
19.18	1.83E-02
19.18	1.83E-02
19.18	1.83E-02
19.18	1.83E-02
19.18	1.83E-02
19.18	1.83E-02
19.18	1.83E-02
19.18	1.83E-02
19.18	1.83E-02
19.18	1.83E-02
19.18	1.83E-02
19.19	1.83E-02
19.19	1.83E-02
19.19	1.82E-02
19.19	1.82E-02
19.19	1.82E-02
19.19	1.82E-02
19.19	1.82E-02
19.19	1.82E-02
19.19	1.82E-02
19.19	1.82E-02
19.19	1.82E-02
19.19	1.82E-02
19.19	1.82E-02
19.19	1.82E-02
19.19	1.82E-02
19.19	1.82E-02
19.19	1.82E-02
19.19	1.82E-02
19.19	1.82E-02
19.19	1.82E-02
19.2	1.82E-02
19.2	1.82E-02
19.2	1.82E-02
19.2	1.82E-02
19.2	1.82E-02
19.2	1.82E-02
19.2	1.82E-02
19.2	1.82E-02
19.2	1.82E-02
19.2	1.82E-02
19.2	1.82E-02
19.2	1.82E-02
19.2	1.82E-02
19.2	1.82E-02
19.2	1.82E-02
19.2	1.82E-02
19.2	1.82E-02
19.2	1.82E-02
19.2	1.82E-02
19.2	1.82E-02
19.21	1.82E-02
19.21	1.82E-02
19.21	1.82E-02
19.21	1.82E-02
19.21	1.82E-02
19.21	1.82E-02
19.21	1.82E-02
19.21	1.81E-02
19.21	1.81E-02
19.21	1.81E-02
19.21	1.81E-02
19.21	1.81E-02
19.21	1.81E-02
19.21	1.81E-02
19.21	1.81E-02
19.21	1.81E-02
19.21	1.81E-02
19.21	1.81E-02
19.21	1.81E-02
19.22	1.81E-02
19.22	1.81E-02
19.22	1.81E-02
19.22	1.81E-02
19.22	1.81E-02
19.22	1.81E-02
19.22	1.81E-02
19.22	1.81E-02
19.22	1.81E-02
19.22	1.81E-02
19.22	1.81E-02
19.22	1.81E-02
19.22	1.81E-02
19.22	1.81E-02
19.22	1.81E-02
19.22	1.81E-02
19.22	1.81E-02
19.22	1.81E-02
19.22	1.81E-02
19.22	1.81E-02
19.23	1.81E-02
19.23	1.81E-02
19.23	1.81E-02
19.23	1.81E-02
19.23	1.81E-02
19.23	1.81E-02
19.23	1.81E-02
19.23	1.81E-02
19.23	1.81E-02
19.23	1.81E-02
19.23	1.81E-02
19.23	1.81E-02
19.23	1.81E-02
19.23	1.80E-02
19.23	1.80E-02
19.23	1.80E-02
19.23	1.80E-02
19.23	1.80E-02
19.23	1.80E-02
19.23	1.80E-02
19.24	1.80E-02
19.24	1.80E-02
19.24	1.80E-02
19.24	1.80E-02
19.24	1.80E-02
19.24	1.80E-02
19.24	1.80E-02
19.24	1.80E-02
19.24	1.80E-02
19.24	1.80E-02
19.24	1.80E-02
19.24	1.80E-02
19.24	1.80E-02
19.24	1.80E-02
19.24	1.80E-02
19.24	1.80E-02
19.24	1.80E-02
19.24	1.80E-02
19.24	1.80E-02
19.24	1.80E-02
19.25	1.80E-02
19.25	1.80E-02
19.25	1.80E-02
19.25	1.80E-02
19.25	1.80E-02
19.25	1.80E-02
19.25	1.80E-02
19.25	1.80E-02
19.25	1.80E-02
19.25	1.80E-02
19.25	1.80E-02
19.25	1.80E-02
19.25	1.80E-02
19.25	1.80E-02
19.25	1.80E-02
19.25	1.80E-02
19.25	1.80E-02
19.25	1.80E-02
19.25	1.79E-02
19.25	1.79E-02
19.25	1.79E-02
19.26	1.79E-02
19.26	1.79E-02
19.26	1.79E-02
19.26	1.79E-02
19.26	1.79E-02
19.26	1.79E-02
19.26	1.79E-02
19.26	1.79E-02
19.26	1.79E-02
19.26	1.79E-02
19.26	1.79E-02
19.26	1.79E-02
19.26	1.79E-02
19.26	1.79E-02
19.26	1.79E-02
19.26	1.79E-02
19.26	1.79E-02
19.26	1.79E-02
19.26	1.79E-02
19.26	1.79E-02
19.27	1.79E-02
19.27	1.79E-02
19.27	1.79E-02
19.27	1.79E-02
19.27	1.79E-02
19.27	1.79E-02
19.27	1.79E-02
19.27	1.79E-02
19.27	1.79E-02
19.27	1.79E-02
19.27	1.79E-02
19.27	1.79E-02
19.27	1.79E-02
19.27	1.79E-02
19.27	1.79E-02
19.27	1.79E-02
19.27	1.79E-02
19.27	1.79E-02
19.27	1.79E-02
19.27	1.79E-02
19.28	1.79E-02
19.28	1.79E-02
19.28	1.79E-02
19.28	1.78E-02
19.28	1.78E-02
19.28	1.78E-02
19.28	1.78E-02
19.28	1.78E-02
19.28	1.78E-02
19.28	1.78E-02
19.28	1.78E-02
19.28	1.78E-02
19.28	1.78E-02
19.28	1.78E-02
19.28	1.78E-02
19.28	1.78E-02
19.28	1.78E-02
19.28	1.78E-02
19.28	1.78E-02
19.28	1.78E-02
19.29	1.78E-02
19.29	1.78E-02
19.29	1.78E-02
19.29	1.78E-02
19.29	1.78E-02
19.29	1.78E-02
19.29	1.78E-02
19.29	1.78E-02
19.29	1.78E-02
19.29	1.78E-02
19.29	1.78E-02
19.29	1.78E-02
19.29	1.78E-02
19.29	1.78E-02
19.29	1.78E-02
19.29	1.78E-02
19.29	1.78E-02
19.29	1.78E-02
19.29	1.78E-02
19.3	1.78E-02
19.3	1.78E-02
19.3	1.78E-02
19.3	1.78E-02
19.3	1.78E-02
19.3	1.78E-02
19.3	1.78E-02
19.3	1.78E-02
19.3	1.78E-02
19.3	1.77E-02
19.3	1.77E-02
19.3	1.77E-02
19.3	1.77E-02
19.3	1.77E-02
19.3	1.77E-02
19.3	1.77E-02
19.3	1.77E-02
19.3	1.77E-02
19.3	1.77E-02
19.3	1.77E-02
19.31	1.77E-02
19.31	1.77E-02
19.31	1.77E-02
19.31	1.77E-02
19.31	1.77E-02
19.31	1.77E-02
19.31	1.77E-02
19.31	1.77E-02
19.31	1.77E-02
19.31	1.77E-02
19.31	1.77E-02
19.31	1.77E-02
19.31	1.77E-02
19.31	1.77E-02
19.31	1.77E-02
19.31	1.77E-02
19.31	1.77E-02
19.31	1.77E-02
19.31	1.77E-02
19.31	1.77E-02
19.32	1.77E-02
19.32	1.77E-02
19.32	1.77E-02
19.32	1.77E-02
19.32	1.77E-02
19.32	1.77E-02
19.32	1.77E-02
19.32	1.77E-02
19.32	1.77E-02
19.32	1.77E-02
19.32	1.77E-02
19.32	1.77E-02
19.32	1.77E-02
19.32	1.77E-02
19.32	1.77E-02
19.32	1.76E-02
19.32	1.76E-02
19.32	1.76E-02
19.32	1.76E-02
19.32	1.76E-02
19.33	1.76E-02
19.33	1.76E-02
19.33	1.76E-02
19.33	1.76E-02
19.33	1.76E-02
19.33	1.76E-02
19.33	1.76E-02
19.33	1.76E-02
19.33	1.76E-02
19.33	1.76E-02
19.33	1.76E-02
19.33	1.76E-02
19.33	1.76E-02
19.33	1.76E-02
19.33	1.76E-02
19.33	1.76E-02
19.33	1.76E-02
19.33	1.76E-02
19.33	1.76E-02
19.33	1.76E-02
19.33	1.76E-02
19.34	1.76E-02
19.34	1.76E-02
19.34	1.76E-02
19.34	1.76E-02
19.34	1.76E-02
19.34	1.76E-02
19.34	1.76E-02
19.34	1.76E-02
19.34	1.76E-02
19.34	1.76E-02
19.34	1.76E-02
19.34	1.76E-02
19.34	1.76E-02
19.34	1.76E-02
19.34	1.76E-02
19.34	1.76E-02
19.34	1.76E-02
19.34	1.76E-02
19.34	1.76E-02
19.34	1.75E-02
19.35	1.75E-02
19.35	1.75E-02
19.35	1.75E-02
19.35	1.75E-02
19.35	1.75E-02
19.35	1.75E-02
19.35	1.75E-02
19.35	1.75E-02
19.35	1.75E-02
19.35	1.75E-02
19.35	1.75E-02
19.35	1.75E-02
19.35	1.75E-02
19.35	1.75E-02
19.35	1.75E-02
19.35	1.75E-02
19.35	1.75E-02
19.35	1.75E-02
19.35	1.75E-02
19.35	1.75E-02
19.36	1.75E-02
19.36	1.75E-02
19.36	1.75E-02
19.36	1.75E-02
19.36	1.75E-02
19.36	1.75E-02
19.36	1.75E-02
19.36	1.75E-02
19.36	1.75E-02
19.36	1.75E-02
19.36	1.75E-02
19.36	1.75E-02
19.36	1.75E-02
19.36	1.75E-02
19.36	1.75E-02
19.36	1.75E-02
19.36	1.75E-02
19.36	1.75E-02
19.36	1.75E-02
19.36	1.75E-02
19.37	1.75E-02
19.37	1.75E-02
19.37	1.75E-02
19.37	1.75E-02
19.37	1.75E-02
19.37	1.74E-02
19.37	1.74E-02
19.37	1.74E-02
19.37	1.74E-02
19.37	1.74E-02
19.37	1.74E-02
19.37	1.74E-02
19.37	1.74E-02
19.37	1.74E-02
19.37	1.74E-02
19.37	1.74E-02
19.37	1.74E-02
19.37	1.74E-02
19.37	1.74E-02
19.38	1.74E-02
19.38	1.74E-02
19.38	1.74E-02
19.38	1.74E-02
19.38	1.74E-02
19.38	1.74E-02
19.38	1.74E-02
19.38	1.74E-02
19.38	1.74E-02
19.38	1.74E-02
19.38	1.74E-02
19.38	1.74E-02
19.38	1.74E-02
19.38	1.74E-02
19.38	1.74E-02
19.38	1.74E-02
19.38	1.74E-02
19.38	1.74E-02
19.38	1.74E-02
19.38	1.74E-02
19.39	1.74E-02
19.39	1.74E-02
19.39	1.74E-02
19.39	1.74E-02
19.39	1.74E-02
19.39	1.74E-02
19.39	1.74E-02
19.39	1.74E-02
19.39	1.74E-02
19.39	1.74E-02
19.39	1.74E-02
19.39	1.74E-02
19.39	1.73E-02
19.39	1.73E-02
19.39	1.73E-02
19.39	1.73E-02
19.39	1.73E-02
19.39	1.73E-02
19.39	1.73E-02
19.39	1.73E-02
19.4	1.73E-02
19.4	1.73E-02
19.4	1.73E-02
19.4	1.73E-02
19.4	1.73E-02
19.4	1.73E-02
19.4	1.73E-02
19.4	1.73E-02
19.4	1.73E-02
19.4	1.73E-02
19.4	1.73E-02
19.4	1.73E-02
19.4	1.73E-02
19.4	1.73E-02
19.4	1.73E-02
19.4	1.73E-02
19.4	1.73E-02
19.4	1.73E-02
19.4	1.73E-02
19.4	1.73E-02
19.41	1.73E-02
19.41	1.73E-02
19.41	1.73E-02
19.41	1.73E-02
19.41	1.73E-02
19.41	1.73E-02
19.41	1.73E-02
19.41	1.73E-02
19.41	1.73E-02
19.41	1.73E-02
19.41	1.73E-02
19.41	1.73E-02
19.41	1.73E-02
19.41	1.73E-02
19.41	1.73E-02
19.41	1.73E-02
19.41	1.73E-02
19.41	1.73E-02
19.41	1.73E-02
19.41	1.72E-02
19.42	1.72E-02
19.42	1.72E-02
19.42	1.72E-02
19.42	1.72E-02
19.42	1.72E-02
19.42	1.72E-02
19.42	1.72E-02
19.42	1.72E-02
19.42	1.72E-02
19.42	1.72E-02
19.42	1.72E-02
19.42	1.72E-02
19.42	1.72E-02
19.42	1.72E-02
19.42	1.72E-02
19.42	1.72E-02
19.42	1.72E-02
19.42	1.72E-02
19.42	1.72E-02
19.42	1.72E-02
19.42	1.72E-02
19.43	1.72E-02
19.43	1.72E-02
19.43	1.72E-02
19.43	1.72E-02
19.43	1.72E-02
19.43	1.72E-02
19.43	1.72E-02
19.43	1.72E-02
19.43	1.72E-02
19.43	1.72E-02
19.43	1.72E-02
19.43	1.72E-02
19.43	1.72E-02
19.43	1.72E-02
19.43	1.72E-02
19.43	1.72E-02
19.43	1.72E-02
19.43	1.72E-02
19.43	1.72E-02
19.43	1.72E-02
19.44	1.72E-02
19.44	1.72E-02
19.44	1.72E-02
19.44	1.72E-02
19.44	1.71E-02
19.44	1.71E-02
19.44	1.71E-02
19.44	1.71E-02
19.44	1.71E-02
19.44	1.71E-02
19.44	1.71E-02
19.44	1.71E-02
19.44	1.71E-02
19.44	1.71E-02
19.44	1.71E-02
19.44	1.71E-02
19.44	1.71E-02
19.44	1.71E-02
19.44	1.71E-02
19.44	1.71E-02
19.45	1.71E-02
19.45	1.71E-02
19.45	1.71E-02
19.45	1.71E-02
19.45	1.71E-02
19.45	1.71E-02
19.45	1.71E-02
19.45	1.71E-02
19.45	1.71E-02
19.45	1.71E-02
19.45	1.71E-02
19.45	1.71E-02
19.45	1.71E-02
19.45	1.71E-02
19.45	1.71E-02
19.45	1.71E-02
19.45	1.71E-02
19.45	1.71E-02
19.45	1.71E-02
19.45	1.71E-02
19.46	1.71E-02
19.46	1.71E-02
19.46	1.71E-02
19.46	1.71E-02
19.46	1.71E-02
19.46	1.71E-02
19.46	1.71E-02
19.46	1.71E-02
19.46	1.71E-02
19.46	1.71E-02
19.46	1.70E-02
19.46	1.70E-02
19.46	1.70E-02
19.46	1.70E-02
19.46	1.70E-02
19.46	1.70E-02
19.46	1.70E-02
19.46	1.70E-02
19.46	1.70E-02
19.47	1.70E-02
19.47	1.70E-02
19.47	1.70E-02
19.47	1.70E-02
19.47	1.70E-02
19.47	1.70E-02
19.47	1.70E-02
19.47	1.70E-02
19.47	1.70E-02
19.47	1.70E-02
19.47	1.70E-02
19.47	1.70E-02
19.47	1.70E-02
19.47	1.70E-02
19.47	1.70E-02
19.47	1.70E-02
19.47	1.70E-02
19.47	1.70E-02
19.47	1.70E-02
19.47	1.70E-02
19.48	1.70E-02
19.48	1.70E-02
19.48	1.70E-02
19.48	1.70E-02
19.48	1.70E-02
19.48	1.70E-02
19.48	1.70E-02
19.48	1.70E-02
19.48	1.70E-02
19.48	1.70E-02
19.48	1.70E-02
19.48	1.70E-02
19.48	1.70E-02
19.48	1.70E-02
19.48	1.70E-02
19.48	1.70E-02
19.48	1.70E-02
19.48	1.70E-02
19.48	1.69E-02
19.48	1.69E-02
19.49	1.69E-02
19.49	1.69E-02
19.49	1.69E-02
19.49	1.69E-02
19.49	1.69E-02
19.49	1.69E-02
19.49	1.69E-02
19.49	1.69E-02
19.49	1.69E-02
19.49	1.69E-02
19.49	1.69E-02
19.49	1.69E-02
19.49	1.69E-02
19.49	1.69E-02
19.49	1.69E-02
19.49	1.69E-02
19.49	1.69E-02
19.49	1.69E-02
19.49	1.69E-02
19.49	1.69E-02
19.5	1.69E-02
19.5	1.69E-02
19.5	1.69E-02
19.5	1.69E-02
19.5	1.69E-02
19.5	1.69E-02
19.5	1.69E-02
19.5	1.69E-02
19.5	1.69E-02
19.5	1.69E-02
19.5	1.69E-02
19.5	1.69E-02
19.5	1.69E-02
19.5	1.69E-02
19.5	1.69E-02
19.5	1.69E-02
19.5	1.69E-02
19.5	1.69E-02
19.5	1.69E-02
19.5	1.69E-02
19.5	1.69E-02
19.51	1.69E-02
19.51	1.69E-02
19.51	1.69E-02
19.51	1.69E-02
19.51	1.68E-02
19.51	1.68E-02
19.51	1.68E-02
19.51	1.68E-02
19.51	1.68E-02
19.51	1.68E-02
19.51	1.68E-02
19.51	1.68E-02
19.51	1.68E-02
19.51	1.68E-02
19.51	1.68E-02
19.51	1.68E-02
19.51	1.68E-02
19.51	1.68E-02
19.51	1.68E-02
19.51	1.68E-02
19.52	1.68E-02
19.52	1.68E-02
19.52	1.68E-02
19.52	1.68E-02
19.52	1.68E-02
19.52	1.68E-02
19.52	1.68E-02
19.52	1.68E-02
19.52	1.68E-02
19.52	1.68E-02
19.52	1.68E-02
19.52	1.68E-02
19.52	1.68E-02
19.52	1.68E-02
19.52	1.68E-02
19.52	1.68E-02
19.52	1.68E-02
19.52	1.68E-02
19.52	1.68E-02
19.52	1.68E-02
19.53	1.68E-02
19.53	1.68E-02
19.53	1.68E-02
19.53	1.68E-02
19.53	1.68E-02
19.53	1.68E-02
19.53	1.68E-02
19.53	1.68E-02
19.53	1.68E-02
19.53	1.68E-02
19.53	1.68E-02
19.53	1.67E-02
19.53	1.67E-02
19.53	1.67E-02
19.53	1.67E-02
19.53	1.67E-02
19.53	1.67E-02
19.53	1.67E-02
19.53	1.67E-02
19.53	1.67E-02
19.54	1.67E-02
19.54	1.67E-02
19.54	1.67E-02
19.54	1.67E-02
19.54	1.67E-02
19.54	1.67E-02
19.54	1.67E-02
19.54	1.67E-02
19.54	1.67E-02
19.54	1.67E-02
19.54	1.67E-02
19.54	1.67E-02
19.54	1.67E-02
19.54	1.67E-02
19.54	1.67E-02
19.54	1.67E-02
19.54	1.67E-02
19.54	1.67E-02
19.54	1.67E-02
19.55	1.67E-02
19.55	1.67E-02
19.55	1.67E-02
19.55	1.67E-02
19.55	1.67E-02
19.55	1.67E-02
19.55	1.67E-02
19.55	1.67E-02
19.55	1.67E-02
19.55	1.67E-02
19.55	1.67E-02
19.55	1.67E-02
19.55	1.67E-02
19.55	1.67E-02
19.55	1.67E-02
19.55	1.67E-02
19.55	1.67E-02
19.55	1.67E-02
19.55	1.67E-02
19.55	1.66E-02
19.56	1.66E-02
19.56	1.66E-02
19.56	1.66E-02
19.56	1.66E-02
19.56	1.66E-02
19.56	1.66E-02
19.56	1.66E-02
19.56	1.66E-02
19.56	1.66E-02
19.56	1.66E-02
19.56	1.66E-02
19.56	1.66E-02
19.56	1.66E-02
19.56	1.66E-02
19.56	1.66E-02
19.56	1.66E-02
19.56	1.66E-02
19.56	1.66E-02
19.56	1.66E-02
19.56	1.66E-02
19.57	1.66E-02
19.57	1.66E-02
19.57	1.66E-02
19.57	1.66E-02
19.57	1.66E-02
19.57	1.66E-02
19.57	1.66E-02
19.57	1.66E-02
19.57	1.66E-02
19.57	1.66E-02
19.57	1.66E-02
19.57	1.66E-02
19.57	1.66E-02
19.57	1.66E-02
19.57	1.66E-02
19.57	1.66E-02
19.57	1.66E-02
19.57	1.66E-02
19.57	1.66E-02
19.57	1.66E-02
19.58	1.66E-02
19.58	1.66E-02
19.58	1.66E-02
19.58	1.66E-02
19.58	1.66E-02
19.58	1.66E-02
19.58	1.65E-02
19.58	1.65E-02
19.58	1.65E-02
19.58	1.65E-02
19.58	1.65E-02
19.58	1.65E-02
19.58	1.65E-02
19.58	1.65E-02
19.58	1.65E-02
19.58	1.65E-02
19.58	1.65E-02
19.58	1.65E-02
19.58	1.65E-02
19.58	1.65E-02
19.58	1.65E-02
19.59	1.65E-02
19.59	1.65E-02
19.59	1.65E-02
19.59	1.65E-02
19.59	1.65E-02
19.59	1.65E-02
19.59	1.65E-02
19.59	1.65E-02
19.59	1.65E-02
19.59	1.65E-02
19.59	1.65E-02
19.59	1.65E-02
19.59	1.65E-02
19.59	1.65E-02
19.59	1.65E-02
19.59	1.65E-02
19.59	1.65E-02
19.59	1.65E-02
19.59	1.65E-02
19.59	1.65E-02
19.6	1.65E-02
19.6	1.65E-02
19.6	1.65E-02
19.6	1.65E-02
19.6	1.65E-02
19.6	1.65E-02
19.6	1.65E-02
19.6	1.65E-02
19.6	1.65E-02
19.6	1.65E-02
19.6	1.65E-02
19.6	1.65E-02
19.6	1.64E-02
19.6	1.64E-02
19.6	1.64E-02
19.6	1.64E-02
19.6	1.64E-02
19.6	1.64E-02
19.6	1.64E-02
19.6	1.64E-02
19.61	1.64E-02
19.61	1.64E-02
19.61	1.64E-02
19.61	1.64E-02
19.61	1.64E-02
19.61	1.64E-02
19.61	1.64E-02
19.61	1.64E-02
19.61	1.64E-02
19.61	1.64E-02
19.61	1.64E-02
19.61	1.64E-02
19.61	1.64E-02
19.61	1.64E-02
19.61	1.64E-02
19.61	1.64E-02
19.61	1.64E-02
19.61	1.64E-02
19.61	1.64E-02
19.61	1.64E-02
19.62	1.64E-02
19.62	1.64E-02
19.62	1.64E-02
19.62	1.64E-02
19.62	1.64E-02
19.62	1.64E-02
19.62	1.64E-02
19.62	1.64E-02
19.62	1.64E-02
19.62	1.64E-02
19.62	1.64E-02
19.62	1.64E-02
19.62	1.64E-02
19.62	1.64E-02
19.62	1.64E-02
19.62	1.64E-02
19.62	1.64E-02
19.62	1.64E-02
19.62	1.64E-02
19.62	1.64E-02
19.63	1.63E-02
19.63	1.63E-02
19.63	1.63E-02
19.63	1.63E-02
19.63	1.63E-02
19.63	1.63E-02
19.63	1.63E-02
19.63	1.63E-02
19.63	1.63E-02
19.63	1.63E-02
19.63	1.63E-02
19.63	1.63E-02
19.63	1.63E-02
19.63	1.63E-02
19.63	1.63E-02
19.63	1.63E-02
19.63	1.63E-02
19.63	1.63E-02
19.63	1.63E-02
19.64	1.63E-02
19.64	1.63E-02
19.64	1.63E-02
19.64	1.63E-02
19.64	1.63E-02
19.64	1.63E-02
19.64	1.63E-02
19.64	1.63E-02
19.64	1.63E-02
19.64	1.63E-02
19.64	1.63E-02
19.64	1.63E-02
19.64	1.63E-02
19.64	1.63E-02
19.64	1.63E-02
19.64	1.63E-02
19.64	1.63E-02
19.64	1.63E-02
19.64	1.63E-02
19.64	1.63E-02
19.65	1.63E-02
19.65	1.63E-02
19.65	1.63E-02
19.65	1.63E-02
19.65	1.63E-02
19.65	1.63E-02
19.65	1.63E-02
19.65	1.63E-02
19.65	1.63E-02
19.65	1.62E-02
19.65	1.62E-02
19.65	1.62E-02
19.65	1.62E-02
19.65	1.62E-02
19.65	1.62E-02
19.65	1.62E-02
19.65	1.62E-02
19.65	1.62E-02
19.65	1.62E-02
19.65	1.62E-02
19.66	1.62E-02
19.66	1.62E-02
19.66	1.62E-02
19.66	1.62E-02
19.66	1.62E-02
19.66	1.62E-02
19.66	1.62E-02
19.66	1.62E-02
19.66	1.62E-02
19.66	1.62E-02
19.66	1.62E-02
19.66	1.62E-02
19.66	1.62E-02
19.66	1.62E-02
19.66	1.62E-02
19.66	1.62E-02
19.66	1.62E-02
19.66	1.62E-02
19.66	1.62E-02
19.66	1.62E-02
19.67	1.62E-02
19.67	1.62E-02
19.67	1.62E-02
19.67	1.62E-02
19.67	1.62E-02
19.67	1.62E-02
19.67	1.62E-02
19.67	1.62E-02
19.67	1.62E-02
19.67	1.62E-02
19.67	1.62E-02
19.67	1.62E-02
19.67	1.62E-02
19.67	1.62E-02
19.67	1.62E-02
19.67	1.62E-02
19.67	1.62E-02
19.67	1.61E-02
19.67	1.61E-02
19.67	1.61E-02
19.67	1.61E-02
19.68	1.61E-02
19.68	1.61E-02
19.68	1.61E-02
19.68	1.61E-02
19.68	1.61E-02
19.68	1.61E-02
19.68	1.61E-02
19.68	1.61E-02
19.68	1.61E-02
19.68	1.61E-02
19.68	1.61E-02
19.68	1.61E-02
19.68	1.61E-02
19.68	1.61E-02
19.68	1.61E-02
19.68	1.61E-02
19.68	1.61E-02
19.68	1.61E-02
19.68	1.61E-02
19.68	1.61E-02
19.69	1.61E-02
19.69	1.61E-02
19.69	1.61E-02
19.69	1.61E-02
19.69	1.61E-02
19.69	1.61E-02
19.69	1.61E-02
19.69	1.61E-02
19.69	1.61E-02
19.69	1.61E-02
19.69	1.61E-02
19.69	1.61E-02
19.69	1.61E-02
19.69	1.61E-02
19.69	1.61E-02
19.69	1.61E-02
19.69	1.61E-02
19.69	1.61E-02
19.69	1.61E-02
19.69	1.61E-02
19.7	1.61E-02
19.7	1.61E-02
19.7	1.61E-02
19.7	1.61E-02
19.7	1.60E-02
19.7	1.60E-02
19.7	1.60E-02
19.7	1.60E-02
19.7	1.60E-02
19.7	1.60E-02
19.7	1.60E-02
19.7	1.60E-02
19.7	1.60E-02
19.7	1.60E-02
19.7	1.60E-02
19.7	1.60E-02
19.7	1.60E-02
19.7	1.60E-02
19.7	1.60E-02
19.7	1.60E-02
19.71	1.60E-02
19.71	1.60E-02
19.71	1.60E-02
19.71	1.60E-02
19.71	1.60E-02
19.71	1.60E-02
19.71	1.60E-02
19.71	1.60E-02
19.71	1.60E-02
19.71	1.60E-02
19.71	1.60E-02
19.71	1.60E-02
19.71	1.60E-02
19.71	1.60E-02
19.71	1.60E-02
19.71	1.60E-02
19.71	1.60E-02
19.71	1.60E-02
19.71	1.60E-02
19.72	1.60E-02
19.72	1.60E-02
19.72	1.60E-02
19.72	1.60E-02
19.72	1.60E-02
19.72	1.60E-02
19.72	1.60E-02
19.72	1.60E-02
19.72	1.60E-02
19.72	1.60E-02
19.72	1.60E-02
19.72	1.60E-02
19.72	1.60E-02
19.72	1.59E-02
19.72	1.59E-02
19.72	1.59E-02
19.72	1.59E-02
19.72	1.59E-02
19.72	1.59E-02
19.72	1.59E-02
19.73	1.59E-02
19.73	1.59E-02
19.73	1.59E-02
19.73	1.59E-02
19.73	1.59E-02
19.73	1.59E-02
19.73	1.59E-02
19.73	1.59E-02
19.73	1.59E-02
19.73	1.59E-02
19.73	1.59E-02
19.73	1.59E-02
19.73	1.59E-02
19.73	1.59E-02
19.73	1.59E-02
19.73	1.59E-02
19.73	1.59E-02
19.73	1.59E-02
19.73	1.59E-02
19.73	1.59E-02
19.74	1.59E-02
19.74	1.59E-02
19.74	1.59E-02
19.74	1.59E-02
19.74	1.59E-02
19.74	1.59E-02
19.74	1.59E-02
19.74	1.59E-02
19.74	1.59E-02
19.74	1.59E-02
19.74	1.59E-02
19.74	1.59E-02
19.74	1.59E-02
19.74	1.59E-02
19.74	1.59E-02
19.74	1.59E-02
19.74	1.59E-02
19.74	1.59E-02
19.74	1.59E-02
19.74	1.59E-02
19.75	1.59E-02
19.75	1.58E-02
19.75	1.58E-02
19.75	1.58E-02
19.75	1.58E-02
19.75	1.58E-02
19.75	1.58E-02
19.75	1.58E-02
19.75	1.58E-02
19.75	1.58E-02
19.75	1.58E-02
19.75	1.58E-02
19.75	1.58E-02
19.75	1.58E-02
19.75	1.58E-02
19.75	1.58E-02
19.75	1.58E-02
19.75	1.58E-02
19.75	1.58E-02
19.75	1.58E-02
19.75	1.58E-02
19.76	1.58E-02
19.76	1.58E-02
19.76	1.58E-02
19.76	1.58E-02
19.76	1.58E-02
19.76	1.58E-02
19.76	1.58E-02
19.76	1.58E-02
19.76	1.58E-02
19.76	1.58E-02
19.76	1.58E-02
19.76	1.58E-02
19.76	1.58E-02
19.76	1.58E-02
19.76	1.58E-02
19.76	1.58E-02
19.76	1.58E-02
19.76	1.58E-02
19.76	1.58E-02
19.76	1.58E-02
19.77	1.58E-02
19.77	1.58E-02
19.77	1.58E-02
19.77	1.58E-02
19.77	1.58E-02
19.77	1.58E-02
19.77	1.58E-02
19.77	1.58E-02
19.77	1.58E-02
19.77	1.57E-02
19.77	1.57E-02
19.77	1.57E-02
19.77	1.57E-02
19.77	1.57E-02
19.77	1.57E-02
19.77	1.57E-02
19.77	1.57E-02
19.77	1.57E-02
19.77	1.57E-02
19.77	1.57E-02
19.78	1.57E-02
19.78	1.57E-02
19.78	1.57E-02
19.78	1.57E-02
19.78	1.57E-02
19.78	1.57E-02
19.78	1.57E-02
19.78	1.57E-02
19.78	1.57E-02
19.78	1.57E-02
19.78	1.57E-02
19.78	1.57E-02
19.78	1.57E-02
19.78	1.57E-02
19.78	1.57E-02
19.78	1.57E-02
19.78	1.57E-02
19.78	1.57E-02
19.78	1.57E-02
19.78	1.57E-02
19.79	1.57E-02
19.79	1.57E-02
19.79	1.57E-02
19.79	1.57E-02
19.79	1.57E-02
19.79	1.57E-02
19.79	1.57E-02
19.79	1.57E-02
19.79	1.57E-02
19.79	1.57E-02
19.79	1.57E-02
19.79	1.57E-02
19.79	1.57E-02
19.79	1.57E-02
19.79	1.57E-02
19.79	1.57E-02
19.79	1.57E-02
19.79	1.57E-02
19.79	1.56E-02
19.8	1.56E-02
19.8	1.56E-02
19.8	1.56E-02
19.8	1.56E-02
19.8	1.56E-02
19.8	1.56E-02
19.8	1.56E-02
19.8	1.56E-02
19.8	1.56E-02
19.8	1.56E-02
19.8	1.56E-02
19.8	1.56E-02
19.8	1.56E-02
19.8	1.56E-02
19.8	1.56E-02
19.8	1.56E-02
19.8	1.56E-02
19.8	1.56E-02
19.8	1.56E-02
19.8	1.56E-02
19.81	1.56E-02
19.81	1.56E-02
19.81	1.56E-02
19.81	1.56E-02
19.81	1.56E-02
19.81	1.56E-02
19.81	1.56E-02
19.81	1.56E-02
19.81	1.56E-02
19.81	1.56E-02
19.81	1.56E-02
19.81	1.56E-02
19.81	1.56E-02
19.81	1.56E-02
19.81	1.56E-02
19.81	1.56E-02
19.81	1.56E-02
19.81	1.56E-02
19.81	1.56E-02
19.81	1.56E-02
19.82	1.56E-02
19.82	1.56E-02
19.82	1.56E-02
19.82	1.56E-02
19.82	1.56E-02
19.82	1.56E-02
19.82	1.56E-02
19.82	1.56E-02
19.82	1.55E-02
19.82	1.55E-02
19.82	1.55E-02
19.82	1.55E-02
19.82	1.55E-02
19.82	1.55E-02
19.82	1.55E-02
19.82	1.55E-02
19.82	1.55E-02
19.82	1.55E-02
19.82	1.55E-02
19.82	1.55E-02
19.83	1.55E-02
19.83	1.55E-02
19.83	1.55E-02
19.83	1.55E-02
19.83	1.55E-02
19.83	1.55E-02
19.83	1.55E-02
19.83	1.55E-02
19.83	1.55E-02
19.83	1.55E-02
19.83	1.55E-02
19.83	1.55E-02
19.83	1.55E-02
19.83	1.55E-02
19.83	1.55E-02
19.83	1.55E-02
19.83	1.55E-02
19.83	1.55E-02
19.83	1.55E-02
19.83	1.55E-02
19.83	1.55E-02
19.84	1.55E-02
19.84	1.55E-02
19.84	1.55E-02
19.84	1.55E-02
19.84	1.55E-02
19.84	1.55E-02
19.84	1.55E-02
19.84	1.55E-02
19.84	1.55E-02
19.84	1.55E-02
19.84	1.55E-02
19.84	1.55E-02
19.84	1.55E-02
19.84	1.55E-02
19.84	1.55E-02
19.84	1.55E-02
19.84	1.54E-02
19.84	1.54E-02
19.84	1.54E-02
19.84	1.54E-02
19.85	1.54E-02
19.85	1.54E-02
19.85	1.54E-02
19.85	1.54E-02
19.85	1.54E-02
19.85	1.54E-02
19.85	1.54E-02
19.85	1.54E-02
19.85	1.54E-02
19.85	1.54E-02
19.85	1.54E-02
19.85	1.54E-02
19.85	1.54E-02
19.85	1.54E-02
19.85	1.54E-02
19.85	1.54E-02
19.85	1.54E-02
19.85	1.54E-02
19.85	1.54E-02
19.85	1.54E-02
19.86	1.54E-02
19.86	1.54E-02
19.86	1.54E-02
19.86	1.54E-02
19.86	1.54E-02
19.86	1.54E-02
19.86	1.54E-02
19.86	1.54E-02
19.86	1.54E-02
19.86	1.54E-02
19.86	1.54E-02
19.86	1.54E-02
19.86	1.54E-02
19.86	1.54E-02
19.86	1.54E-02
19.86	1.54E-02
19.86	1.54E-02
19.86	1.54E-02
19.86	1.54E-02
19.86	1.54E-02
19.87	1.54E-02
19.87	1.54E-02
19.87	1.54E-02
19.87	1.54E-02
19.87	1.54E-02
19.87	1.53E-02
19.87	1.53E-02
19.87	1.53E-02
19.87	1.53E-02
19.87	1.53E-02
19.87	1.53E-02
19.87	1.53E-02
19.87	1.53E-02
19.87	1.53E-02
19.87	1.53E-02
19.87	1.53E-02
19.87	1.53E-02
19.87	1.53E-02
19.87	1.53E-02
19.88	1.53E-02
19.88	1.53E-02
19.88	1.53E-02
19.88	1.53E-02
19.88	1.53E-02
19.88	1.53E-02
19.88	1.53E-02
19.88	1.53E-02
19.88	1.53E-02
19.88	1.53E-02
19.88	1.53E-02
19.88	1.53E-02
19.88	1.53E-02
19.88	1.53E-02
19.88	1.53E-02
19.88	1.53E-02
19.88	1.53E-02
19.88	1.53E-02
19.88	1.53E-02
19.88	1.53E-02
19.89	1.53E-02
19.89	1.53E-02
19.89	1.53E-02
19.89	1.53E-02
19.89	1.53E-02
19.89	1.53E-02
19.89	1.53E-02
19.89	1.53E-02
19.89	1.53E-02
19.89	1.53E-02
19.89	1.53E-02
19.89	1.53E-02
19.89	1.53E-02
19.89	1.53E-02
19.89	1.53E-02
19.89	1.53E-02
19.89	1.52E-02
19.89	1.52E-02
19.89	1.52E-02
19.89	1.52E-02
19.9	1.52E-02
19.9	1.52E-02
19.9	1.52E-02
19.9	1.52E-02
19.9	1.52E-02
19.9	1.52E-02
19.9	1.52E-02
19.9	1.52E-02
19.9	1.52E-02
19.9	1.52E-02
19.9	1.52E-02
19.9	1.52E-02
19.9	1.52E-02
19.9	1.52E-02
19.9	1.52E-02
19.9	1.52E-02
19.9	1.52E-02
19.9	1.52E-02
19.9	1.52E-02
19.9	1.52E-02
19.91	1.52E-02
19.91	1.52E-02
19.91	1.52E-02
19.91	1.52E-02
19.91	1.52E-02
19.91	1.52E-02
19.91	1.52E-02
19.91	1.52E-02
19.91	1.52E-02
19.91	1.52E-02
19.91	1.52E-02
19.91	1.52E-02
19.91	1.52E-02
19.91	1.52E-02
19.91	1.52E-02
19.91	1.52E-02
19.91	1.52E-02
19.91	1.52E-02
19.91	1.52E-02
19.91	1.52E-02
19.92	1.52E-02
19.92	1.52E-02
19.92	1.52E-02
19.92	1.52E-02
19.92	1.52E-02
19.92	1.52E-02
19.92	1.51E-02
19.92	1.51E-02
19.92	1.51E-02
19.92	1.51E-02
19.92	1.51E-02
19.92	1.51E-02
19.92	1.51E-02
19.92	1.51E-02
19.92	1.51E-02
19.92	1.51E-02
19.92	1.51E-02
19.92	1.51E-02
19.92	1.51E-02
19.92	1.51E-02
19.92	1.51E-02
19.93	1.51E-02
19.93	1.51E-02
19.93	1.51E-02
19.93	1.51E-02
19.93	1.51E-02
19.93	1.51E-02
19.93	1.51E-02
19.93	1.51E-02
19.93	1.51E-02
19.93	1.51E-02
19.93	1.51E-02
19.93	1.51E-02
19.93	1.51E-02
19.93	1.51E-02
19.93	1.51E-02
19.93	1.51E-02
19.93	1.51E-02
19.93	1.51E-02
19.93	1.51E-02
19.93	1.51E-02
19.94	1.51E-02
19.94	1.51E-02
19.94	1.51E-02
19.94	1.51E-02
19.94	1.51E-02
19.94	1.51E-02
19.94	1.51E-02
19.94	1.51E-02
19.94	1.51E-02
19.94	1.51E-02
19.94	1.51E-02
19.94	1.51E-02
19.94	1.51E-02
19.94	1.51E-02
19.94	1.51E-02
19.94	1.50E-02
19.94	1.50E-02
19.94	1.50E-02
19.94	1.50E-02
19.94	1.50E-02
19.95	1.50E-02
19.95	1.50E-02
19.95	1.50E-02
19.95	1.50E-02
19.95	1.50E-02
19.95	1.50E-02
19.95	1.50E-02
19.95	1.50E-02
19.95	1.50E-02
19.95	1.50E-02
19.95	1.50E-02
19.95	1.50E-02
19.95	1.50E-02
19.95	1.50E-02
19.95	1.50E-02
19.95	1.50E-02
19.95	1.50E-02
19.95	1.50E-02
19.95	1.50E-02
19.95	1.50E-02
19.96	1.50E-02
19.96	1.50E-02
19.96	1.50E-02
19.96	1.50E-02
19.96	1.50E-02
19.96	1.50E-02
19.96	1.50E-02
19.96	1.50E-02
19.96	1.50E-02
19.96	1.50E-02
19.96	1.50E-02
19.96	1.50E-02
19.96	1.50E-02
19.96	1.50E-02
19.96	1.50E-02
19.96	1.50E-02
19.96	1.50E-02
19.96	1.50E-02
19.96	1.50E-02
19.97	1.50E-02
19.97	1.50E-02
19.97	1.50E-02
19.97	1.50E-02
19.97	1.50E-02
19.97	1.50E-02
19.97	1.49E-02
19.97	1.49E-02
19.97	1.49E-02
19.97	1.49E-02
19.97	1.49E-02
19.97	1.49E-02
19.97	1.49E-02
19.97	1.49E-02
19.97	1.49E-02
19.97	1.49E-02
19.97	1.49E-02
19.97	1.49E-02
19.97	1.49E-02
19.97	1.49E-02
19.98	1.49E-02
19.98	1.49E-02
19.98	1.49E-02
19.98	1.49E-02
19.98	1.49E-02
19.98	1.49E-02
19.98	1.49E-02
19.98	1.49E-02
19.98	1.49E-02
19.98	1.49E-02
19.98	1.49E-02
19.98	1.49E-02
19.98	1.49E-02
19.98	1.49E-02
19.98	1.49E-02
19.98	1.49E-02
19.98	1.49E-02
19.98	1.49E-02
19.98	1.49E-02
19.98	1.49E-02
19.99	1.49E-02
19.99	1.49E-02
19.99	1.49E-02
19.99	1.49E-02
19.99	1.49E-02
19.99	1.49E-02
19.99	1.49E-02
19.99	1.49E-02
19.99	1.49E-02
19.99	1.49E-02
19.99	1.49E-02
19.99	1.49E-02
19.99	1.49E-02
19.99	1.49E-02
19.99	1.49E-02
19.99	1.49E-02
19.99	1.48E-02
19.99	1.48E-02
19.99	1.48E-02
19.99	1.48E-02
20	1.48E-02
20	1.48E-02
20	1.48E-02
20	1.48E-02
20	1.48E-02
20	1.48E-02
20	1.48E-02
20	1.48E-02
20	1.48E-02
20	1.48E-02
20	1.48E-02
20	1.48E-02
20	1.48E-02
20	1.48E-02
20	1.48E-02
20	1.48E-02
20	1.48E-02
20	1.48E-02
20	1.48E-02
20	1.48E-02
20	1.48E-02
20.01	1.48E-02
20.01	1.48E-02
20.01	1.48E-02
20.01	1.48E-02
20.01	1.48E-02
20.01	1.48E-02
20.01	1.48E-02
20.01	1.48E-02
20.01	1.48E-02
20.01	1.48E-02
20.01	1.48E-02
20.01	1.48E-02
20.01	1.48E-02
20.01	1.48E-02
20.01	1.48E-02
20.01	1.48E-02
20.01	1.48E-02
20.01	1.48E-02
20.01	1.48E-02
20.01	1.48E-02
20.02	1.48E-02
20.02	1.48E-02
20.02	1.48E-02
20.02	1.48E-02
20.02	1.48E-02
20.02	1.48E-02
20.02	1.47E-02
20.02	1.47E-02
20.02	1.47E-02
20.02	1.47E-02
20.02	1.47E-02
20.02	1.47E-02
20.02	1.47E-02
20.02	1.47E-02
20.02	1.47E-02
20.02	1.47E-02
20.02	1.47E-02
20.02	1.47E-02
20.02	1.47E-02
20.02	1.47E-02
20.03	1.47E-02
20.03	1.47E-02
20.03	1.47E-02
20.03	1.47E-02
20.03	1.47E-02
20.03	1.47E-02
20.03	1.47E-02
20.03	1.47E-02
20.03	1.47E-02
20.03	1.47E-02
20.03	1.47E-02
20.03	1.47E-02
20.03	1.47E-02
20.03	1.47E-02
20.03	1.47E-02
20.03	1.47E-02
20.03	1.47E-02
20.03	1.47E-02
20.03	1.47E-02
20.03	1.47E-02
20.04	1.47E-02
20.04	1.47E-02
20.04	1.47E-02
20.04	1.47E-02
20.04	1.47E-02
20.04	1.47E-02
20.04	1.47E-02
20.04	1.47E-02
20.04	1.47E-02
20.04	1.47E-02
20.04	1.47E-02
20.04	1.47E-02
20.04	1.47E-02
20.04	1.47E-02
20.04	1.47E-02
20.04	1.47E-02
20.04	1.47E-02
20.04	1.46E-02
20.04	1.46E-02
20.05	1.46E-02
20.05	1.46E-02
20.05	1.46E-02
20.05	1.46E-02
20.05	1.46E-02
20.05	1.46E-02
20.05	1.46E-02
20.05	1.46E-02
20.05	1.46E-02
20.05	1.46E-02
20.05	1.46E-02
20.05	1.46E-02
20.05	1.46E-02
20.05	1.46E-02
20.05	1.46E-02
20.05	1.46E-02
20.05	1.46E-02
20.05	1.46E-02
20.05	1.46E-02
20.05	1.46E-02
20.06	1.46E-02
20.06	1.46E-02
20.06	1.46E-02
20.06	1.46E-02
20.06	1.46E-02
20.06	1.46E-02
20.06	1.46E-02
20.06	1.46E-02
20.06	1.46E-02
20.06	1.46E-02
20.06	1.46E-02
20.06	1.46E-02
20.06	1.46E-02
20.06	1.46E-02
20.06	1.46E-02
20.06	1.46E-02
20.06	1.46E-02
20.06	1.46E-02
20.06	1.46E-02
20.06	1.46E-02
20.07	1.46E-02
20.07	1.46E-02
20.07	1.46E-02
20.07	1.46E-02
20.07	1.46E-02
20.07	1.46E-02
20.07	1.46E-02
20.07	1.46E-02
20.07	1.46E-02
20.07	1.45E-02
20.07	1.45E-02
20.07	1.45E-02
20.07	1.45E-02
20.07	1.45E-02
20.07	1.45E-02
20.07	1.45E-02
20.07	1.45E-02
20.07	1.45E-02
20.07	1.45E-02
20.07	1.45E-02
20.08	1.45E-02
20.08	1.45E-02
20.08	1.45E-02
20.08	1.45E-02
20.08	1.45E-02
20.08	1.45E-02
20.08	1.45E-02
20.08	1.45E-02
20.08	1.45E-02
20.08	1.45E-02
20.08	1.45E-02
20.08	1.45E-02
20.08	1.45E-02
20.08	1.45E-02
20.08	1.45E-02
20.08	1.45E-02
20.08	1.45E-02
20.08	1.45E-02
20.08	1.45E-02
20.08	1.45E-02
20.08	1.45E-02
20.09	1.45E-02
20.09	1.45E-02
20.09	1.45E-02
20.09	1.45E-02
20.09	1.45E-02
20.09	1.45E-02
20.09	1.45E-02
20.09	1.45E-02
20.09	1.45E-02
20.09	1.45E-02
20.09	1.45E-02
20.09	1.45E-02
20.09	1.45E-02
20.09	1.45E-02
20.09	1.45E-02
20.09	1.45E-02
20.09	1.45E-02
20.09	1.45E-02
20.09	1.45E-02
20.09	1.45E-02
20.1	1.44E-02
20.1	1.44E-02
20.1	1.44E-02
20.1	1.44E-02
20.1	1.44E-02
20.1	1.44E-02
20.1	1.44E-02
20.1	1.44E-02
20.1	1.44E-02
20.1	1.44E-02
20.1	1.44E-02
20.1	1.44E-02
20.1	1.44E-02
20.1	1.44E-02
20.1	1.44E-02
20.1	1.44E-02
20.1	1.44E-02
20.1	1.44E-02
20.1	1.44E-02
20.1	1.44E-02
20.11	1.44E-02
20.11	1.44E-02
20.11	1.44E-02
20.11	1.44E-02
20.11	1.44E-02
20.11	1.44E-02
20.11	1.44E-02
20.11	1.44E-02
20.11	1.44E-02
20.11	1.44E-02
20.11	1.44E-02
20.11	1.44E-02
20.11	1.44E-02
20.11	1.44E-02
20.11	1.44E-02
20.11	1.44E-02
20.11	1.44E-02
20.11	1.44E-02
20.11	1.44E-02
20.11	1.44E-02
20.12	1.44E-02
20.12	1.44E-02
20.12	1.44E-02
20.12	1.44E-02
20.12	1.44E-02
20.12	1.44E-02
20.12	1.44E-02
20.12	1.44E-02
20.12	1.44E-02
20.12	1.44E-02
20.12	1.44E-02
20.12	1.43E-02
20.12	1.43E-02
20.12	1.43E-02
20.12	1.43E-02
20.12	1.43E-02
20.12	1.43E-02
20.12	1.43E-02
20.12	1.43E-02
20.12	1.43E-02
20.13	1.43E-02
20.13	1.43E-02
20.13	1.43E-02
20.13	1.43E-02
20.13	1.43E-02
20.13	1.43E-02
20.13	1.43E-02
20.13	1.43E-02
20.13	1.43E-02
20.13	1.43E-02
20.13	1.43E-02
20.13	1.43E-02
20.13	1.43E-02
20.13	1.43E-02
20.13	1.43E-02
20.13	1.43E-02
20.13	1.43E-02
20.13	1.43E-02
20.13	1.43E-02
20.14	1.43E-02
20.14	1.43E-02
20.14	1.43E-02
20.14	1.43E-02
20.14	1.43E-02
20.14	1.43E-02
20.14	1.43E-02
20.14	1.43E-02
20.14	1.43E-02
20.14	1.43E-02
20.14	1.43E-02
20.14	1.43E-02
20.14	1.43E-02
20.14	1.43E-02
20.14	1.43E-02
20.14	1.43E-02
20.14	1.43E-02
20.14	1.43E-02
20.14	1.43E-02
20.14	1.43E-02
20.15	1.43E-02
20.15	1.43E-02
20.15	1.43E-02
20.15	1.43E-02
20.15	1.42E-02
20.15	1.42E-02
20.15	1.42E-02
20.15	1.42E-02
20.15	1.42E-02
20.15	1.42E-02
20.15	1.42E-02
20.15	1.42E-02
20.15	1.42E-02
20.15	1.42E-02
20.15	1.42E-02
20.15	1.42E-02
20.15	1.42E-02
20.15	1.42E-02
20.15	1.42E-02
20.15	1.42E-02
20.16	1.42E-02
20.16	1.42E-02
20.16	1.42E-02
20.16	1.42E-02
20.16	1.42E-02
20.16	1.42E-02
20.16	1.42E-02
20.16	1.42E-02
20.16	1.42E-02
20.16	1.42E-02
20.16	1.42E-02
20.16	1.42E-02
20.16	1.42E-02
20.16	1.42E-02
20.16	1.42E-02
20.16	1.42E-02
20.16	1.42E-02
20.16	1.42E-02
20.16	1.42E-02
20.16	1.42E-02
20.17	1.42E-02
20.17	1.42E-02
20.17	1.42E-02
20.17	1.42E-02
20.17	1.42E-02
20.17	1.42E-02
20.17	1.42E-02
20.17	1.42E-02
20.17	1.42E-02
20.17	1.42E-02
20.17	1.42E-02
20.17	1.42E-02
20.17	1.42E-02
20.17	1.42E-02
20.17	1.42E-02
20.17	1.42E-02
20.17	1.41E-02
20.17	1.41E-02
20.17	1.41E-02
20.17	1.41E-02
20.17	1.41E-02
20.18	1.41E-02
20.18	1.41E-02
20.18	1.41E-02
20.18	1.41E-02
20.18	1.41E-02
20.18	1.41E-02
20.18	1.41E-02
20.18	1.41E-02
20.18	1.41E-02
20.18	1.41E-02
20.18	1.41E-02
20.18	1.41E-02
20.18	1.41E-02
20.18	1.41E-02
20.18	1.41E-02
20.18	1.41E-02
20.18	1.41E-02
20.18	1.41E-02
20.18	1.41E-02
20.18	1.41E-02
20.19	1.41E-02
20.19	1.41E-02
20.19	1.41E-02
20.19	1.41E-02
20.19	1.41E-02
20.19	1.41E-02
20.19	1.41E-02
20.19	1.41E-02
20.19	1.41E-02
20.19	1.41E-02
20.19	1.41E-02
20.19	1.41E-02
20.19	1.41E-02
20.19	1.41E-02
20.19	1.41E-02
20.19	1.41E-02
20.19	1.41E-02
20.19	1.41E-02
20.19	1.41E-02
20.19	1.41E-02
20.2	1.41E-02
20.2	1.41E-02
20.2	1.41E-02
20.2	1.41E-02
20.2	1.41E-02
20.2	1.41E-02
20.2	1.41E-02
20.2	1.41E-02
20.2	1.40E-02
20.2	1.40E-02
20.2	1.40E-02
20.2	1.40E-02
20.2	1.40E-02
20.2	1.40E-02
20.2	1.40E-02
20.2	1.40E-02
20.2	1.40E-02
20.2	1.40E-02
20.2	1.40E-02
20.2	1.40E-02
20.21	1.40E-02
20.21	1.40E-02
20.21	1.40E-02
20.21	1.40E-02
20.21	1.40E-02
20.21	1.40E-02
20.21	1.40E-02
20.21	1.40E-02
20.21	1.40E-02
20.21	1.40E-02
20.21	1.40E-02
20.21	1.40E-02
20.21	1.40E-02
20.21	1.40E-02
20.21	1.40E-02
20.21	1.40E-02
20.21	1.40E-02
20.21	1.40E-02
20.21	1.40E-02
20.22	1.40E-02
20.22	1.40E-02
20.22	1.40E-02
20.22	1.40E-02
20.22	1.40E-02
20.22	1.40E-02
20.22	1.40E-02
20.22	1.40E-02
20.22	1.40E-02
20.22	1.40E-02
20.22	1.40E-02
20.22	1.40E-02
20.22	1.40E-02
20.22	1.40E-02
20.22	1.40E-02
20.22	1.40E-02
20.22	1.40E-02
20.22	1.40E-02
20.22	1.40E-02
20.22	1.40E-02
20.23	1.40E-02
20.23	1.39E-02
20.23	1.39E-02
20.23	1.39E-02
20.23	1.39E-02
20.23	1.39E-02
20.23	1.39E-02
20.23	1.39E-02
20.23	1.39E-02
20.23	1.39E-02
20.23	1.39E-02
20.23	1.39E-02
20.23	1.39E-02
20.23	1.39E-02
20.23	1.39E-02
20.23	1.39E-02
20.23	1.39E-02
20.23	1.39E-02
20.23	1.39E-02
20.23	1.39E-02
20.24	1.39E-02
20.24	1.39E-02
20.24	1.39E-02
20.24	1.39E-02
20.24	1.39E-02
20.24	1.39E-02
20.24	1.39E-02
20.24	1.39E-02
20.24	1.39E-02
20.24	1.39E-02
20.24	1.39E-02
20.24	1.39E-02
20.24	1.39E-02
20.24	1.39E-02
20.24	1.39E-02
20.24	1.39E-02
20.24	1.39E-02
20.24	1.39E-02
20.24	1.39E-02
20.24	1.39E-02
20.25	1.39E-02
20.25	1.39E-02
20.25	1.39E-02
20.25	1.39E-02
20.25	1.39E-02
20.25	1.39E-02
20.25	1.39E-02
20.25	1.39E-02
20.25	1.39E-02
20.25	1.39E-02
20.25	1.39E-02
20.25	1.39E-02
20.25	1.39E-02
20.25	1.39E-02
20.25	1.38E-02
20.25	1.38E-02
20.25	1.38E-02
20.25	1.38E-02
20.25	1.38E-02
20.25	1.38E-02
20.25	1.38E-02
20.26	1.38E-02
20.26	1.38E-02
20.26	1.38E-02
20.26	1.38E-02
20.26	1.38E-02
20.26	1.38E-02
20.26	1.38E-02
20.26	1.38E-02
20.26	1.38E-02
20.26	1.38E-02
20.26	1.38E-02
20.26	1.38E-02
20.26	1.38E-02
20.26	1.38E-02
20.26	1.38E-02
20.26	1.38E-02
20.26	1.38E-02
20.26	1.38E-02
20.26	1.38E-02
20.26	1.38E-02
20.27	1.38E-02
20.27	1.38E-02
20.27	1.38E-02
20.27	1.38E-02
20.27	1.38E-02
20.27	1.38E-02
20.27	1.38E-02
20.27	1.38E-02
20.27	1.38E-02
20.27	1.38E-02
20.27	1.38E-02
20.27	1.38E-02
20.27	1.38E-02
20.27	1.38E-02
20.27	1.38E-02
20.27	1.38E-02
20.27	1.38E-02
20.27	1.38E-02
20.27	1.38E-02
20.27	1.38E-02
20.28	1.38E-02
20.28	1.38E-02
20.28	1.38E-02
20.28	1.38E-02
20.28	1.38E-02
20.28	1.38E-02
20.28	1.37E-02
20.28	1.37E-02
20.28	1.37E-02
20.28	1.37E-02
20.28	1.37E-02
20.28	1.37E-02
20.28	1.37E-02
20.28	1.37E-02
20.28	1.37E-02
20.28	1.37E-02
20.28	1.37E-02
20.28	1.37E-02
20.28	1.37E-02
20.28	1.37E-02
20.29	1.37E-02
20.29	1.37E-02
20.29	1.37E-02
20.29	1.37E-02
20.29	1.37E-02
20.29	1.37E-02
20.29	1.37E-02
20.29	1.37E-02
20.29	1.37E-02
20.29	1.37E-02
20.29	1.37E-02
20.29	1.37E-02
20.29	1.37E-02
20.29	1.37E-02
20.29	1.37E-02
20.29	1.37E-02
20.29	1.37E-02
20.29	1.37E-02
20.29	1.37E-02
20.3	1.37E-02
20.3	1.37E-02
20.3	1.37E-02
20.3	1.37E-02
20.3	1.37E-02
20.3	1.37E-02
20.3	1.37E-02
20.3	1.37E-02
20.3	1.37E-02
20.3	1.37E-02
20.3	1.37E-02
20.3	1.37E-02
20.3	1.37E-02
20.3	1.37E-02
20.3	1.37E-02
20.3	1.37E-02
20.3	1.37E-02
20.3	1.37E-02
20.3	1.37E-02
20.3	1.37E-02
20.31	1.37E-02
20.31	1.36E-02
20.31	1.36E-02
20.31	1.36E-02
20.31	1.36E-02
20.31	1.36E-02
20.31	1.36E-02
20.31	1.36E-02
20.31	1.36E-02
20.31	1.36E-02
20.31	1.36E-02
20.31	1.36E-02
20.31	1.36E-02
20.31	1.36E-02
20.31	1.36E-02
20.31	1.36E-02
20.31	1.36E-02
20.31	1.36E-02
20.31	1.36E-02
20.31	1.36E-02
20.32	1.36E-02
20.32	1.36E-02
20.32	1.36E-02
20.32	1.36E-02
20.32	1.36E-02
20.32	1.36E-02
20.32	1.36E-02
20.32	1.36E-02
20.32	1.36E-02
20.32	1.36E-02
20.32	1.36E-02
20.32	1.36E-02
20.32	1.36E-02
20.32	1.36E-02
20.32	1.36E-02
20.32	1.36E-02
20.32	1.36E-02
20.32	1.36E-02
20.32	1.36E-02
20.32	1.36E-02
20.33	1.36E-02
20.33	1.36E-02
20.33	1.36E-02
20.33	1.36E-02
20.33	1.36E-02
20.33	1.36E-02
20.33	1.36E-02
20.33	1.36E-02
20.33	1.36E-02
20.33	1.36E-02
20.33	1.36E-02
20.33	1.36E-02
20.33	1.36E-02
20.33	1.36E-02
20.33	1.36E-02
20.33	1.35E-02
20.33	1.35E-02
20.33	1.35E-02
20.33	1.35E-02
20.33	1.35E-02
20.33	1.35E-02
20.34	1.35E-02
20.34	1.35E-02
20.34	1.35E-02
20.34	1.35E-02
20.34	1.35E-02
20.34	1.35E-02
20.34	1.35E-02
20.34	1.35E-02
20.34	1.35E-02
20.34	1.35E-02
20.34	1.35E-02
20.34	1.35E-02
20.34	1.35E-02
20.34	1.35E-02
20.34	1.35E-02
20.34	1.35E-02
20.34	1.35E-02
20.34	1.35E-02
20.34	1.35E-02
20.34	1.35E-02
20.35	1.35E-02
20.35	1.35E-02
20.35	1.35E-02
20.35	1.35E-02
20.35	1.35E-02
20.35	1.35E-02
20.35	1.35E-02
20.35	1.35E-02
20.35	1.35E-02
20.35	1.35E-02
20.35	1.35E-02
20.35	1.35E-02
20.35	1.35E-02
20.35	1.35E-02
20.35	1.35E-02
20.35	1.35E-02
20.35	1.35E-02
20.35	1.35E-02
20.35	1.35E-02
20.35	1.35E-02
20.36	1.35E-02
20.36	1.35E-02
20.36	1.35E-02
20.36	1.35E-02
20.36	1.35E-02
20.36	1.35E-02
20.36	1.35E-02
20.36	1.35E-02
20.36	1.34E-02
20.36	1.34E-02
20.36	1.34E-02
20.36	1.34E-02
20.36	1.34E-02
20.36	1.34E-02
20.36	1.34E-02
20.36	1.34E-02
20.36	1.34E-02
20.36	1.34E-02
20.36	1.34E-02
20.36	1.34E-02
20.37	1.34E-02
20.37	1.34E-02
20.37	1.34E-02
20.37	1.34E-02
20.37	1.34E-02
20.37	1.34E-02
20.37	1.34E-02
20.37	1.34E-02
20.37	1.34E-02
20.37	1.34E-02
20.37	1.34E-02
20.37	1.34E-02
20.37	1.34E-02
20.37	1.34E-02
20.37	1.34E-02
20.37	1.34E-02
20.37	1.34E-02
20.37	1.34E-02
20.37	1.34E-02
20.38	1.34E-02
20.38	1.34E-02
20.38	1.34E-02
20.38	1.34E-02
20.38	1.34E-02
20.38	1.34E-02
20.38	1.34E-02
20.38	1.34E-02
20.38	1.34E-02
20.38	1.34E-02
20.38	1.34E-02
20.38	1.34E-02
20.38	1.34E-02
20.38	1.34E-02
20.38	1.34E-02
20.38	1.34E-02
20.38	1.34E-02
20.38	1.34E-02
20.38	1.34E-02
20.38	1.34E-02
20.39	1.34E-02
20.39	1.34E-02
20.39	1.34E-02
20.39	1.33E-02
20.39	1.33E-02
20.39	1.33E-02
20.39	1.33E-02
20.39	1.33E-02
20.39	1.33E-02
20.39	1.33E-02
20.39	1.33E-02
20.39	1.33E-02
20.39	1.33E-02
20.39	1.33E-02
20.39	1.33E-02
20.39	1.33E-02
20.39	1.33E-02
20.39	1.33E-02
20.39	1.33E-02
20.39	1.33E-02
20.4	1.33E-02
20.4	1.33E-02
20.4	1.33E-02
20.4	1.33E-02
20.4	1.33E-02
20.4	1.33E-02
20.4	1.33E-02
20.4	1.33E-02
20.4	1.33E-02
20.4	1.33E-02
20.4	1.33E-02
20.4	1.33E-02
20.4	1.33E-02
20.4	1.33E-02
20.4	1.33E-02
20.4	1.33E-02
20.4	1.33E-02
20.4	1.33E-02
20.4	1.33E-02
20.4	1.33E-02
20.41	1.33E-02
20.41	1.33E-02
20.41	1.33E-02
20.41	1.33E-02
20.41	1.33E-02
20.41	1.33E-02
20.41	1.33E-02
20.41	1.33E-02
20.41	1.33E-02
20.41	1.33E-02
20.41	1.33E-02
20.41	1.33E-02
20.41	1.33E-02
20.41	1.33E-02
20.41	1.33E-02
20.41	1.33E-02
20.41	1.33E-02
20.41	1.33E-02
20.41	1.32E-02
20.41	1.32E-02
20.42	1.32E-02
20.42	1.32E-02
20.42	1.32E-02
20.42	1.32E-02
20.42	1.32E-02
20.42	1.32E-02
20.42	1.32E-02
20.42	1.32E-02
20.42	1.32E-02
20.42	1.32E-02
20.42	1.32E-02
20.42	1.32E-02
20.42	1.32E-02
20.42	1.32E-02
20.42	1.32E-02
20.42	1.32E-02
20.42	1.32E-02
20.42	1.32E-02
20.42	1.32E-02
20.42	1.32E-02
20.42	1.32E-02
20.43	1.32E-02
20.43	1.32E-02
20.43	1.32E-02
20.43	1.32E-02
20.43	1.32E-02
20.43	1.32E-02
20.43	1.32E-02
20.43	1.32E-02
20.43	1.32E-02
20.43	1.32E-02
20.43	1.32E-02
20.43	1.32E-02
20.43	1.32E-02
20.43	1.32E-02
20.43	1.32E-02
20.43	1.32E-02
20.43	1.32E-02
20.43	1.32E-02
20.43	1.32E-02
20.43	1.32E-02
20.44	1.32E-02
20.44	1.32E-02
20.44	1.32E-02
20.44	1.32E-02
20.44	1.32E-02
20.44	1.32E-02
20.44	1.32E-02
20.44	1.32E-02
20.44	1.32E-02
20.44	1.32E-02
20.44	1.32E-02
20.44	1.32E-02
20.44	1.31E-02
20.44	1.31E-02
20.44	1.31E-02
20.44	1.31E-02
20.44	1.31E-02
20.44	1.31E-02
20.44	1.31E-02
20.44	1.31E-02
20.45	1.31E-02
20.45	1.31E-02
20.45	1.31E-02
20.45	1.31E-02
20.45	1.31E-02
20.45	1.31E-02
20.45	1.31E-02
20.45	1.31E-02
20.45	1.31E-02
20.45	1.31E-02
20.45	1.31E-02
20.45	1.31E-02
20.45	1.31E-02
20.45	1.31E-02
20.45	1.31E-02
20.45	1.31E-02
20.45	1.31E-02
20.45	1.31E-02
20.45	1.31E-02
20.45	1.31E-02
20.46	1.31E-02
20.46	1.31E-02
20.46	1.31E-02
20.46	1.31E-02
20.46	1.31E-02
20.46	1.31E-02
20.46	1.31E-02
20.46	1.31E-02
20.46	1.31E-02
20.46	1.31E-02
20.46	1.31E-02
20.46	1.31E-02
20.46	1.31E-02
20.46	1.31E-02
20.46	1.31E-02
20.46	1.31E-02
20.46	1.31E-02
20.46	1.31E-02
20.46	1.31E-02
20.47	1.31E-02
20.47	1.31E-02
20.47	1.31E-02
20.47	1.31E-02
20.47	1.31E-02
20.47	1.31E-02
20.47	1.31E-02
20.47	1.31E-02
20.47	1.30E-02
20.47	1.30E-02
20.47	1.30E-02
20.47	1.30E-02
20.47	1.30E-02
20.47	1.30E-02
20.47	1.30E-02
20.47	1.30E-02
20.47	1.30E-02
20.47	1.30E-02
20.47	1.30E-02
20.47	1.30E-02
20.48	1.30E-02
20.48	1.30E-02
20.48	1.30E-02
20.48	1.30E-02
20.48	1.30E-02
20.48	1.30E-02
20.48	1.30E-02
20.48	1.30E-02
20.48	1.30E-02
20.48	1.30E-02
20.48	1.30E-02
20.48	1.30E-02
20.48	1.30E-02
20.48	1.30E-02
20.48	1.30E-02
20.48	1.30E-02
20.48	1.30E-02
20.48	1.30E-02
20.48	1.30E-02
20.48	1.30E-02
20.49	1.30E-02
20.49	1.30E-02
20.49	1.30E-02
20.49	1.30E-02
20.49	1.30E-02
20.49	1.30E-02
20.49	1.30E-02
20.49	1.30E-02
20.49	1.30E-02
20.49	1.30E-02
20.49	1.30E-02
20.49	1.30E-02
20.49	1.30E-02
20.49	1.30E-02
20.49	1.30E-02
20.49	1.30E-02
20.49	1.30E-02
20.49	1.30E-02
20.49	1.30E-02
20.49	1.30E-02
20.5	1.30E-02
20.5	1.30E-02
20.5	1.30E-02
20.5	1.29E-02
20.5	1.29E-02
20.5	1.29E-02
20.5	1.29E-02
20.5	1.29E-02
20.5	1.29E-02
20.5	1.29E-02
20.5	1.29E-02
20.5	1.29E-02
20.5	1.29E-02
20.5	1.29E-02
20.5	1.29E-02
20.5	1.29E-02
20.5	1.29E-02
20.5	1.29E-02
20.5	1.29E-02
20.5	1.29E-02
20.5	1.29E-02
20.51	1.29E-02
20.51	1.29E-02
20.51	1.29E-02
20.51	1.29E-02
20.51	1.29E-02
20.51	1.29E-02
20.51	1.29E-02
20.51	1.29E-02
20.51	1.29E-02
20.51	1.29E-02
20.51	1.29E-02
20.51	1.29E-02
20.51	1.29E-02
20.51	1.29E-02
20.51	1.29E-02
20.51	1.29E-02
20.51	1.29E-02
20.51	1.29E-02
20.51	1.29E-02
20.51	1.29E-02
20.52	1.29E-02
20.52	1.29E-02
20.52	1.29E-02
20.52	1.29E-02
20.52	1.29E-02
20.52	1.29E-02
20.52	1.29E-02
20.52	1.29E-02
20.52	1.29E-02
20.52	1.29E-02
20.52	1.29E-02
20.52	1.29E-02
20.52	1.29E-02
20.52	1.29E-02
20.52	1.29E-02
20.52	1.29E-02
20.52	1.29E-02
20.52	1.29E-02
20.52	1.28E-02
20.52	1.28E-02
20.53	1.28E-02
20.53	1.28E-02
20.53	1.28E-02
20.53	1.28E-02
20.53	1.28E-02
20.53	1.28E-02
20.53	1.28E-02
20.53	1.28E-02
20.53	1.28E-02
20.53	1.28E-02
20.53	1.28E-02
20.53	1.28E-02
20.53	1.28E-02
20.53	1.28E-02
20.53	1.28E-02
20.53	1.28E-02
20.53	1.28E-02
20.53	1.28E-02
20.53	1.28E-02
20.53	1.28E-02
20.54	1.28E-02
20.54	1.28E-02
20.54	1.28E-02
20.54	1.28E-02
20.54	1.28E-02
20.54	1.28E-02
20.54	1.28E-02
20.54	1.28E-02
20.54	1.28E-02
20.54	1.28E-02
20.54	1.28E-02
20.54	1.28E-02
20.54	1.28E-02
20.54	1.28E-02
20.54	1.28E-02
20.54	1.28E-02
20.54	1.28E-02
20.54	1.28E-02
20.54	1.28E-02
20.55	1.28E-02
20.55	1.28E-02
20.55	1.28E-02
20.55	1.28E-02
20.55	1.28E-02
20.55	1.28E-02
20.55	1.28E-02
20.55	1.28E-02
20.55	1.28E-02
20.55	1.28E-02
20.55	1.28E-02
20.55	1.28E-02
20.55	1.28E-02
20.55	1.28E-02
20.55	1.28E-02
20.55	1.28E-02
20.55	1.27E-02
20.55	1.27E-02
20.55	1.27E-02
20.55	1.27E-02
20.56	1.27E-02
20.56	1.27E-02
20.56	1.27E-02
20.56	1.27E-02
20.56	1.27E-02
20.56	1.27E-02
20.56	1.27E-02
20.56	1.27E-02
20.56	1.27E-02
20.56	1.27E-02
20.56	1.27E-02
20.56	1.27E-02
20.56	1.27E-02
20.56	1.27E-02
20.56	1.27E-02
20.56	1.27E-02
20.56	1.27E-02
20.56	1.27E-02
20.56	1.27E-02
20.56	1.27E-02
20.57	1.27E-02
20.57	1.27E-02
20.57	1.27E-02
20.57	1.27E-02
20.57	1.27E-02
20.57	1.27E-02
20.57	1.27E-02
20.57	1.27E-02
20.57	1.27E-02
20.57	1.27E-02
20.57	1.27E-02
20.57	1.27E-02
20.57	1.27E-02
20.57	1.27E-02
20.57	1.27E-02
20.57	1.27E-02
20.57	1.27E-02
20.57	1.27E-02
20.57	1.27E-02
20.57	1.27E-02
20.58	1.27E-02
20.58	1.27E-02
20.58	1.27E-02
20.58	1.27E-02
20.58	1.27E-02
20.58	1.27E-02
20.58	1.27E-02
20.58	1.27E-02
20.58	1.27E-02
20.58	1.27E-02
20.58	1.27E-02
20.58	1.27E-02
20.58	1.26E-02
20.58	1.26E-02
20.58	1.26E-02
20.58	1.26E-02
20.58	1.26E-02
20.58	1.26E-02
20.58	1.26E-02
20.58	1.26E-02
20.58	1.26E-02
20.59	1.26E-02
20.59	1.26E-02
20.59	1.26E-02
20.59	1.26E-02
20.59	1.26E-02
20.59	1.26E-02
20.59	1.26E-02
20.59	1.26E-02
20.59	1.26E-02
20.59	1.26E-02
20.59	1.26E-02
20.59	1.26E-02
20.59	1.26E-02
20.59	1.26E-02
20.59	1.26E-02
20.59	1.26E-02
20.59	1.26E-02
20.59	1.26E-02
20.59	1.26E-02
20.59	1.26E-02
20.6	1.26E-02
20.6	1.26E-02
20.6	1.26E-02
20.6	1.26E-02
20.6	1.26E-02
20.6	1.26E-02
20.6	1.26E-02
20.6	1.26E-02
20.6	1.26E-02
20.6	1.26E-02
20.6	1.26E-02
20.6	1.26E-02
20.6	1.26E-02
20.6	1.26E-02
20.6	1.26E-02
20.6	1.26E-02
20.6	1.26E-02
20.6	1.26E-02
20.6	1.26E-02
20.6	1.26E-02
20.61	1.26E-02
20.61	1.26E-02
20.61	1.26E-02
20.61	1.26E-02
20.61	1.26E-02
20.61	1.26E-02
20.61	1.26E-02
20.61	1.26E-02
20.61	1.25E-02
20.61	1.25E-02
20.61	1.25E-02
20.61	1.25E-02
20.61	1.25E-02
20.61	1.25E-02
20.61	1.25E-02
20.61	1.25E-02
20.61	1.25E-02
20.61	1.25E-02
20.61	1.25E-02
20.61	1.25E-02
20.62	1.25E-02
20.62	1.25E-02
20.62	1.25E-02
20.62	1.25E-02
20.62	1.25E-02
20.62	1.25E-02
20.62	1.25E-02
20.62	1.25E-02
20.62	1.25E-02
20.62	1.25E-02
20.62	1.25E-02
20.62	1.25E-02
20.62	1.25E-02
20.62	1.25E-02
20.62	1.25E-02
20.62	1.25E-02
20.62	1.25E-02
20.62	1.25E-02
20.62	1.25E-02
20.62	1.25E-02
20.63	1.25E-02
20.63	1.25E-02
20.63	1.25E-02
20.63	1.25E-02
20.63	1.25E-02
20.63	1.25E-02
20.63	1.25E-02
20.63	1.25E-02
20.63	1.25E-02
20.63	1.25E-02
20.63	1.25E-02
20.63	1.25E-02
20.63	1.25E-02
20.63	1.25E-02
20.63	1.25E-02
20.63	1.25E-02
20.63	1.25E-02
20.63	1.25E-02
20.63	1.25E-02
20.64	1.25E-02
20.64	1.25E-02
20.64	1.25E-02
20.64	1.25E-02
20.64	1.25E-02
20.64	1.25E-02
20.64	1.25E-02
20.64	1.24E-02
20.64	1.24E-02
20.64	1.24E-02
20.64	1.24E-02
20.64	1.24E-02
20.64	1.24E-02
20.64	1.24E-02
20.64	1.24E-02
20.64	1.24E-02
20.64	1.24E-02
20.64	1.24E-02
20.64	1.24E-02
20.64	1.24E-02
20.65	1.24E-02
20.65	1.24E-02
20.65	1.24E-02
20.65	1.24E-02
20.65	1.24E-02
20.65	1.24E-02
20.65	1.24E-02
20.65	1.24E-02
20.65	1.24E-02
20.65	1.24E-02
20.65	1.24E-02
20.65	1.24E-02
20.65	1.24E-02
20.65	1.24E-02
20.65	1.24E-02
20.65	1.24E-02
20.65	1.24E-02
20.65	1.24E-02
20.65	1.24E-02
20.65	1.24E-02
20.66	1.24E-02
20.66	1.24E-02
20.66	1.24E-02
20.66	1.24E-02
20.66	1.24E-02
20.66	1.24E-02
20.66	1.24E-02
20.66	1.24E-02
20.66	1.24E-02
20.66	1.24E-02
20.66	1.24E-02
20.66	1.24E-02
20.66	1.24E-02
20.66	1.24E-02
20.66	1.24E-02
20.66	1.24E-02
20.66	1.24E-02
20.66	1.24E-02
20.66	1.24E-02
20.66	1.24E-02
20.67	1.24E-02
20.67	1.24E-02
20.67	1.24E-02
20.67	1.24E-02
20.67	1.23E-02
20.67	1.23E-02
20.67	1.23E-02
20.67	1.23E-02
20.67	1.23E-02
20.67	1.23E-02
20.67	1.23E-02
20.67	1.23E-02
20.67	1.23E-02
20.67	1.23E-02
20.67	1.23E-02
20.67	1.23E-02
20.67	1.23E-02
20.67	1.23E-02
20.67	1.23E-02
20.67	1.23E-02
20.67	1.23E-02
20.68	1.23E-02
20.68	1.23E-02
20.68	1.23E-02
20.68	1.23E-02
20.68	1.23E-02
20.68	1.23E-02
20.68	1.23E-02
20.68	1.23E-02
20.68	1.23E-02
20.68	1.23E-02
20.68	1.23E-02
20.68	1.23E-02
20.68	1.23E-02
20.68	1.23E-02
20.68	1.23E-02
20.68	1.23E-02
20.68	1.23E-02
20.68	1.23E-02
20.68	1.23E-02
20.68	1.23E-02
20.69	1.23E-02
20.69	1.23E-02
20.69	1.23E-02
20.69	1.23E-02
20.69	1.23E-02
20.69	1.23E-02
20.69	1.23E-02
20.69	1.23E-02
20.69	1.23E-02
20.69	1.23E-02
20.69	1.23E-02
20.69	1.23E-02
20.69	1.23E-02
20.69	1.23E-02
20.69	1.23E-02
20.69	1.23E-02
20.69	1.23E-02
20.69	1.23E-02
20.69	1.23E-02
20.69	1.23E-02
20.7	1.23E-02
20.7	1.22E-02
20.7	1.22E-02
20.7	1.22E-02
20.7	1.22E-02
20.7	1.22E-02
20.7	1.22E-02
20.7	1.22E-02
20.7	1.22E-02
20.7	1.22E-02
20.7	1.22E-02
20.7	1.22E-02
20.7	1.22E-02
20.7	1.22E-02
20.7	1.22E-02
20.7	1.22E-02
20.7	1.22E-02
20.7	1.22E-02
20.7	1.22E-02
20.7	1.22E-02
20.71	1.22E-02
20.71	1.22E-02
20.71	1.22E-02
20.71	1.22E-02
20.71	1.22E-02
20.71	1.22E-02
20.71	1.22E-02
20.71	1.22E-02
20.71	1.22E-02
20.71	1.22E-02
20.71	1.22E-02
20.71	1.22E-02
20.71	1.22E-02
20.71	1.22E-02
20.71	1.22E-02
20.71	1.22E-02
20.71	1.22E-02
20.71	1.22E-02
20.71	1.22E-02
20.72	1.22E-02
20.72	1.22E-02
20.72	1.22E-02
20.72	1.22E-02
20.72	1.22E-02
20.72	1.22E-02
20.72	1.22E-02
20.72	1.22E-02
20.72	1.22E-02
20.72	1.22E-02
20.72	1.22E-02
20.72	1.22E-02
20.72	1.22E-02
20.72	1.22E-02
20.72	1.22E-02
20.72	1.22E-02
20.72	1.22E-02
20.72	1.22E-02
20.72	1.22E-02
20.72	1.22E-02
20.73	1.22E-02
20.73	1.21E-02
20.73	1.21E-02
20.73	1.21E-02
20.73	1.21E-02
20.73	1.21E-02
20.73	1.21E-02
20.73	1.21E-02
20.73	1.21E-02
20.73	1.21E-02
20.73	1.21E-02
20.73	1.21E-02
20.73	1.21E-02
20.73	1.21E-02
20.73	1.21E-02
20.73	1.21E-02
20.73	1.21E-02
20.73	1.21E-02
20.73	1.21E-02
20.73	1.21E-02
20.74	1.21E-02
20.74	1.21E-02
20.74	1.21E-02
20.74	1.21E-02
20.74	1.21E-02
20.74	1.21E-02
20.74	1.21E-02
20.74	1.21E-02
20.74	1.21E-02
20.74	1.21E-02
20.74	1.21E-02
20.74	1.21E-02
20.74	1.21E-02
20.74	1.21E-02
20.74	1.21E-02
20.74	1.21E-02
20.74	1.21E-02
20.74	1.21E-02
20.74	1.21E-02
20.74	1.21E-02
20.75	1.21E-02
20.75	1.21E-02
20.75	1.21E-02
20.75	1.21E-02
20.75	1.21E-02
20.75	1.21E-02
20.75	1.21E-02
20.75	1.21E-02
20.75	1.21E-02
20.75	1.21E-02
20.75	1.21E-02
20.75	1.21E-02
20.75	1.21E-02
20.75	1.21E-02
20.75	1.21E-02
20.75	1.21E-02
20.75	1.21E-02
20.75	1.21E-02
20.75	1.21E-02
20.75	1.21E-02
20.75	1.20E-02
20.76	1.20E-02
20.76	1.20E-02
20.76	1.20E-02
20.76	1.20E-02
20.76	1.20E-02
20.76	1.20E-02
20.76	1.20E-02
20.76	1.20E-02
20.76	1.20E-02
20.76	1.20E-02
20.76	1.20E-02
20.76	1.20E-02
20.76	1.20E-02
20.76	1.20E-02
20.76	1.20E-02
20.76	1.20E-02
20.76	1.20E-02
20.76	1.20E-02
20.76	1.20E-02
20.76	1.20E-02
20.77	1.20E-02
20.77	1.20E-02
20.77	1.20E-02
20.77	1.20E-02
20.77	1.20E-02
20.77	1.20E-02
20.77	1.20E-02
20.77	1.20E-02
20.77	1.20E-02
20.77	1.20E-02
20.77	1.20E-02
20.77	1.20E-02
20.77	1.20E-02
20.77	1.20E-02
20.77	1.20E-02
20.77	1.20E-02
20.77	1.20E-02
20.77	1.20E-02
20.77	1.20E-02
20.77	1.20E-02
20.78	1.20E-02
20.78	1.20E-02
20.78	1.20E-02
20.78	1.20E-02
20.78	1.20E-02
20.78	1.20E-02
20.78	1.20E-02
20.78	1.20E-02
20.78	1.20E-02
20.78	1.20E-02
20.78	1.20E-02
20.78	1.20E-02
20.78	1.20E-02
20.78	1.20E-02
20.78	1.20E-02
20.78	1.20E-02
20.78	1.20E-02
20.78	1.20E-02
20.78	1.19E-02
20.78	1.19E-02
20.79	1.19E-02
20.79	1.19E-02
20.79	1.19E-02
20.79	1.19E-02
20.79	1.19E-02
20.79	1.19E-02
20.79	1.19E-02
20.79	1.19E-02
20.79	1.19E-02
20.79	1.19E-02
20.79	1.19E-02
20.79	1.19E-02
20.79	1.19E-02
20.79	1.19E-02
20.79	1.19E-02
20.79	1.19E-02
20.79	1.19E-02
20.79	1.19E-02
20.79	1.19E-02
20.8	1.19E-02
20.8	1.19E-02
20.8	1.19E-02
20.8	1.19E-02
20.8	1.19E-02
20.8	1.19E-02
20.8	1.19E-02
20.8	1.19E-02
20.8	1.19E-02
20.8	1.19E-02
20.8	1.19E-02
20.8	1.19E-02
20.8	1.19E-02
20.8	1.19E-02
20.8	1.19E-02
20.8	1.19E-02
20.8	1.19E-02
20.8	1.19E-02
20.8	1.19E-02
20.8	1.19E-02
20.81	1.19E-02
20.81	1.19E-02
20.81	1.19E-02
20.81	1.19E-02
20.81	1.19E-02
20.81	1.19E-02
20.81	1.19E-02
20.81	1.19E-02
20.81	1.19E-02
20.81	1.19E-02
20.81	1.19E-02
20.81	1.19E-02
20.81	1.19E-02
20.81	1.19E-02
20.81	1.19E-02
20.81	1.19E-02
20.81	1.19E-02
20.81	1.19E-02
20.81	1.19E-02
20.81	1.18E-02
20.82	1.18E-02
20.82	1.18E-02
20.82	1.18E-02
20.82	1.18E-02
20.82	1.18E-02
20.82	1.18E-02
20.82	1.18E-02
20.82	1.18E-02
20.82	1.18E-02
20.82	1.18E-02
20.82	1.18E-02
20.82	1.18E-02
20.82	1.18E-02
20.82	1.18E-02
20.82	1.18E-02
20.82	1.18E-02
20.82	1.18E-02
20.82	1.18E-02
20.82	1.18E-02
20.82	1.18E-02
20.83	1.18E-02
20.83	1.18E-02
20.83	1.18E-02
20.83	1.18E-02
20.83	1.18E-02
20.83	1.18E-02
20.83	1.18E-02
20.83	1.18E-02
20.83	1.18E-02
20.83	1.18E-02
20.83	1.18E-02
20.83	1.18E-02
20.83	1.18E-02
20.83	1.18E-02
20.83	1.18E-02
20.83	1.18E-02
20.83	1.18E-02
20.83	1.18E-02
20.83	1.18E-02
20.83	1.18E-02
20.83	1.18E-02
20.84	1.18E-02
20.84	1.18E-02
20.84	1.18E-02
20.84	1.18E-02
20.84	1.18E-02
20.84	1.18E-02
20.84	1.18E-02
20.84	1.18E-02
20.84	1.18E-02
20.84	1.18E-02
20.84	1.18E-02
20.84	1.18E-02
20.84	1.18E-02
20.84	1.18E-02
20.84	1.18E-02
20.84	1.18E-02
20.84	1.18E-02
20.84	1.18E-02
20.84	1.17E-02
20.84	1.17E-02
20.85	1.17E-02
20.85	1.17E-02
20.85	1.17E-02
20.85	1.17E-02
20.85	1.17E-02
20.85	1.17E-02
20.85	1.17E-02
20.85	1.17E-02
20.85	1.17E-02
20.85	1.17E-02
20.85	1.17E-02
20.85	1.17E-02
20.85	1.17E-02
20.85	1.17E-02
20.85	1.17E-02
20.85	1.17E-02
20.85	1.17E-02
20.85	1.17E-02
20.85	1.17E-02
20.85	1.17E-02
20.86	1.17E-02
20.86	1.17E-02
20.86	1.17E-02
20.86	1.17E-02
20.86	1.17E-02
20.86	1.17E-02
20.86	1.17E-02
20.86	1.17E-02
20.86	1.17E-02
20.86	1.17E-02
20.86	1.17E-02
20.86	1.17E-02
20.86	1.17E-02
20.86	1.17E-02
20.86	1.17E-02
20.86	1.17E-02
20.86	1.17E-02
20.86	1.17E-02
20.86	1.17E-02
20.86	1.17E-02
20.87	1.17E-02
20.87	1.17E-02
20.87	1.17E-02
20.87	1.17E-02
20.87	1.17E-02
20.87	1.17E-02
20.87	1.17E-02
20.87	1.17E-02
20.87	1.17E-02
20.87	1.17E-02
20.87	1.17E-02
20.87	1.17E-02
20.87	1.17E-02
20.87	1.17E-02
20.87	1.17E-02
20.87	1.17E-02
20.87	1.17E-02
20.87	1.17E-02
20.87	1.16E-02
20.88	1.16E-02
20.88	1.16E-02
20.88	1.16E-02
20.88	1.16E-02
20.88	1.16E-02
20.88	1.16E-02
20.88	1.16E-02
20.88	1.16E-02
20.88	1.16E-02
20.88	1.16E-02
20.88	1.16E-02
20.88	1.16E-02
20.88	1.16E-02
20.88	1.16E-02
20.88	1.16E-02
20.88	1.16E-02
20.88	1.16E-02
20.88	1.16E-02
20.88	1.16E-02
20.88	1.16E-02
20.89	1.16E-02
20.89	1.16E-02
20.89	1.16E-02
20.89	1.16E-02
20.89	1.16E-02
20.89	1.16E-02
20.89	1.16E-02
20.89	1.16E-02
20.89	1.16E-02
20.89	1.16E-02
20.89	1.16E-02
20.89	1.16E-02
20.89	1.16E-02
20.89	1.16E-02
20.89	1.16E-02
20.89	1.16E-02
20.89	1.16E-02
20.89	1.16E-02
20.89	1.16E-02
20.89	1.16E-02
20.9	1.16E-02
20.9	1.16E-02
20.9	1.16E-02
20.9	1.16E-02
20.9	1.16E-02
20.9	1.16E-02
20.9	1.16E-02
20.9	1.16E-02
20.9	1.16E-02
20.9	1.16E-02
20.9	1.16E-02
20.9	1.16E-02
20.9	1.16E-02
20.9	1.16E-02
20.9	1.16E-02
20.9	1.16E-02
20.9	1.16E-02
20.9	1.16E-02
20.9	1.16E-02
20.9	1.16E-02
20.91	1.15E-02
20.91	1.15E-02
20.91	1.15E-02
20.91	1.15E-02
20.91	1.15E-02
20.91	1.15E-02
20.91	1.15E-02
20.91	1.15E-02
20.91	1.15E-02
20.91	1.15E-02
20.91	1.15E-02
20.91	1.15E-02
20.91	1.15E-02
20.91	1.15E-02
20.91	1.15E-02
20.91	1.15E-02
20.91	1.15E-02
20.91	1.15E-02
20.91	1.15E-02
20.91	1.15E-02
20.92	1.15E-02
20.92	1.15E-02
20.92	1.15E-02
20.92	1.15E-02
20.92	1.15E-02
20.92	1.15E-02
20.92	1.15E-02
20.92	1.15E-02
20.92	1.15E-02
20.92	1.15E-02
20.92	1.15E-02
20.92	1.15E-02
20.92	1.15E-02
20.92	1.15E-02
20.92	1.15E-02
20.92	1.15E-02
20.92	1.15E-02
20.92	1.15E-02
20.92	1.15E-02
20.92	1.15E-02
20.92	1.15E-02
20.93	1.15E-02
20.93	1.15E-02
20.93	1.15E-02
20.93	1.15E-02
20.93	1.15E-02
20.93	1.15E-02
20.93	1.15E-02
20.93	1.15E-02
20.93	1.15E-02
20.93	1.15E-02
20.93	1.15E-02
20.93	1.15E-02
20.93	1.15E-02
20.93	1.15E-02
20.93	1.15E-02
20.93	1.15E-02
20.93	1.15E-02
20.93	1.15E-02
20.93	1.15E-02
20.93	1.15E-02
20.94	1.15E-02
20.94	1.14E-02
20.94	1.14E-02
20.94	1.14E-02
20.94	1.14E-02
20.94	1.14E-02
20.94	1.14E-02
20.94	1.14E-02
20.94	1.14E-02
20.94	1.14E-02
20.94	1.14E-02
20.94	1.14E-02
20.94	1.14E-02
20.94	1.14E-02
20.94	1.14E-02
20.94	1.14E-02
20.94	1.14E-02
20.94	1.14E-02
20.94	1.14E-02
20.94	1.14E-02
20.95	1.14E-02
20.95	1.14E-02
20.95	1.14E-02
20.95	1.14E-02
20.95	1.14E-02
20.95	1.14E-02
20.95	1.14E-02
20.95	1.14E-02
20.95	1.14E-02
20.95	1.14E-02
20.95	1.14E-02
20.95	1.14E-02
20.95	1.14E-02
20.95	1.14E-02
20.95	1.14E-02
20.95	1.14E-02
20.95	1.14E-02
20.95	1.14E-02
20.95	1.14E-02
20.95	1.14E-02
20.96	1.14E-02
20.96	1.14E-02
20.96	1.14E-02
20.96	1.14E-02
20.96	1.14E-02
20.96	1.14E-02
20.96	1.14E-02
20.96	1.14E-02
20.96	1.14E-02
20.96	1.14E-02
20.96	1.14E-02
20.96	1.14E-02
20.96	1.14E-02
20.96	1.14E-02
20.96	1.14E-02
20.96	1.14E-02
20.96	1.14E-02
20.96	1.14E-02
20.96	1.14E-02
20.97	1.14E-02
20.97	1.14E-02
20.97	1.14E-02
20.97	1.14E-02
20.97	1.13E-02
20.97	1.13E-02
20.97	1.13E-02
20.97	1.13E-02
20.97	1.13E-02
20.97	1.13E-02
20.97	1.13E-02
20.97	1.13E-02
20.97	1.13E-02
20.97	1.13E-02
20.97	1.13E-02
20.97	1.13E-02
20.97	1.13E-02
20.97	1.13E-02
20.97	1.13E-02
20.97	1.13E-02
20.98	1.13E-02
20.98	1.13E-02
20.98	1.13E-02
20.98	1.13E-02
20.98	1.13E-02
20.98	1.13E-02
20.98	1.13E-02
20.98	1.13E-02
20.98	1.13E-02
20.98	1.13E-02
20.98	1.13E-02
20.98	1.13E-02
20.98	1.13E-02
20.98	1.13E-02
20.98	1.13E-02
20.98	1.13E-02
20.98	1.13E-02
20.98	1.13E-02
20.98	1.13E-02
20.98	1.13E-02
20.99	1.13E-02
20.99	1.13E-02
20.99	1.13E-02
20.99	1.13E-02
20.99	1.13E-02
20.99	1.13E-02
20.99	1.13E-02
20.99	1.13E-02
20.99	1.13E-02
20.99	1.13E-02
20.99	1.13E-02
20.99	1.13E-02
20.99	1.13E-02
20.99	1.13E-02
20.99	1.13E-02
20.99	1.13E-02
20.99	1.13E-02
20.99	1.13E-02
20.99	1.13E-02
20.99	1.13E-02
21	1.13E-02
21	1.13E-02
21	1.13E-02
21	1.13E-02
21	1.13E-02
21	1.13E-02
21	1.12E-02
21	1.12E-02
21	1.12E-02
21	1.12E-02
21	1.12E-02
21	1.12E-02
21	1.12E-02
21	1.12E-02
21	1.12E-02
21	1.12E-02
21	1.12E-02
21	1.12E-02
21	1.12E-02
21	1.12E-02
21	1.12E-02
21.01	1.12E-02
21.01	1.12E-02
21.01	1.12E-02
21.01	1.12E-02
21.01	1.12E-02
21.01	1.12E-02
21.01	1.12E-02
21.01	1.12E-02
21.01	1.12E-02
21.01	1.12E-02
21.01	1.12E-02
21.01	1.12E-02
21.01	1.12E-02
21.01	1.12E-02
21.01	1.12E-02
21.01	1.12E-02
21.01	1.12E-02
21.01	1.12E-02
21.01	1.12E-02
21.01	1.12E-02
21.02	1.12E-02
21.02	1.12E-02
21.02	1.12E-02
21.02	1.12E-02
21.02	1.12E-02
21.02	1.12E-02
21.02	1.12E-02
21.02	1.12E-02
21.02	1.12E-02
21.02	1.12E-02
21.02	1.12E-02
21.02	1.12E-02
21.02	1.12E-02
21.02	1.12E-02
21.02	1.12E-02
21.02	1.12E-02
21.02	1.12E-02
21.02	1.12E-02
21.02	1.12E-02
21.02	1.12E-02
21.03	1.12E-02
21.03	1.12E-02
21.03	1.12E-02
21.03	1.12E-02
21.03	1.12E-02
21.03	1.12E-02
21.03	1.12E-02
21.03	1.12E-02
21.03	1.11E-02
21.03	1.11E-02
21.03	1.11E-02
21.03	1.11E-02
21.03	1.11E-02
21.03	1.11E-02
21.03	1.11E-02
21.03	1.11E-02
21.03	1.11E-02
21.03	1.11E-02
21.03	1.11E-02
21.03	1.11E-02
21.04	1.11E-02
21.04	1.11E-02
21.04	1.11E-02
21.04	1.11E-02
21.04	1.11E-02
21.04	1.11E-02
21.04	1.11E-02
21.04	1.11E-02
21.04	1.11E-02
21.04	1.11E-02
21.04	1.11E-02
21.04	1.11E-02
21.04	1.11E-02
21.04	1.11E-02
21.04	1.11E-02
21.04	1.11E-02
21.04	1.11E-02
21.04	1.11E-02
21.04	1.11E-02
21.05	1.11E-02
21.05	1.11E-02
21.05	1.11E-02
21.05	1.11E-02
21.05	1.11E-02
21.05	1.11E-02
21.05	1.11E-02
21.05	1.11E-02
21.05	1.11E-02
21.05	1.11E-02
21.05	1.11E-02
21.05	1.11E-02
21.05	1.11E-02
21.05	1.11E-02
21.05	1.11E-02
21.05	1.11E-02
21.05	1.11E-02
21.05	1.11E-02
21.05	1.11E-02
21.05	1.11E-02
21.06	1.11E-02
21.06	1.11E-02
21.06	1.11E-02
21.06	1.11E-02
21.06	1.11E-02
21.06	1.11E-02
21.06	1.11E-02
21.06	1.11E-02
21.06	1.11E-02
21.06	1.11E-02
21.06	1.11E-02
21.06	1.11E-02
21.06	1.10E-02
21.06	1.10E-02
21.06	1.10E-02
21.06	1.10E-02
21.06	1.10E-02
21.06	1.10E-02
21.06	1.10E-02
21.06	1.10E-02
21.07	1.10E-02
21.07	1.10E-02
21.07	1.10E-02
21.07	1.10E-02
21.07	1.10E-02
21.07	1.10E-02
21.07	1.10E-02
21.07	1.10E-02
21.07	1.10E-02
21.07	1.10E-02
21.07	1.10E-02
21.07	1.10E-02
21.07	1.10E-02
21.07	1.10E-02
21.07	1.10E-02
21.07	1.10E-02
21.07	1.10E-02
21.07	1.10E-02
21.07	1.10E-02
21.07	1.10E-02
21.08	1.10E-02
21.08	1.10E-02
21.08	1.10E-02
21.08	1.10E-02
21.08	1.10E-02
21.08	1.10E-02
21.08	1.10E-02
21.08	1.10E-02
21.08	1.10E-02
21.08	1.10E-02
21.08	1.10E-02
21.08	1.10E-02
21.08	1.10E-02
21.08	1.10E-02
21.08	1.10E-02
21.08	1.10E-02
21.08	1.10E-02
21.08	1.10E-02
21.08	1.10E-02
21.08	1.10E-02
21.08	1.10E-02
21.09	1.10E-02
21.09	1.10E-02
21.09	1.10E-02
21.09	1.10E-02
21.09	1.10E-02
21.09	1.10E-02
21.09	1.10E-02
21.09	1.10E-02
21.09	1.10E-02
21.09	1.10E-02
21.09	1.10E-02
21.09	1.10E-02
21.09	1.10E-02
21.09	1.10E-02
21.09	1.10E-02
21.09	1.09E-02
21.09	1.09E-02
21.09	1.09E-02
21.09	1.09E-02
21.09	1.09E-02
21.1	1.09E-02
21.1	1.09E-02
21.1	1.09E-02
21.1	1.09E-02
21.1	1.09E-02
21.1	1.09E-02
21.1	1.09E-02
21.1	1.09E-02
21.1	1.09E-02
21.1	1.09E-02
21.1	1.09E-02
21.1	1.09E-02
21.1	1.09E-02
21.1	1.09E-02
21.1	1.09E-02
21.1	1.09E-02
21.1	1.09E-02
21.1	1.09E-02
21.1	1.09E-02
21.1	1.09E-02
21.11	1.09E-02
21.11	1.09E-02
21.11	1.09E-02
21.11	1.09E-02
21.11	1.09E-02
21.11	1.09E-02
21.11	1.09E-02
21.11	1.09E-02
21.11	1.09E-02
21.11	1.09E-02
21.11	1.09E-02
21.11	1.09E-02
21.11	1.09E-02
21.11	1.09E-02
21.11	1.09E-02
21.11	1.09E-02
21.11	1.09E-02
21.11	1.09E-02
21.11	1.09E-02
21.11	1.09E-02
21.12	1.09E-02
21.12	1.09E-02
21.12	1.09E-02
21.12	1.09E-02
21.12	1.09E-02
21.12	1.09E-02
21.12	1.09E-02
21.12	1.09E-02
21.12	1.09E-02
21.12	1.09E-02
21.12	1.09E-02
21.12	1.09E-02
21.12	1.09E-02
21.12	1.09E-02
21.12	1.09E-02
21.12	1.09E-02
21.12	1.09E-02
21.12	1.09E-02
21.12	1.09E-02
21.12	1.08E-02
21.13	1.08E-02
21.13	1.08E-02
21.13	1.08E-02
21.13	1.08E-02
21.13	1.08E-02
21.13	1.08E-02
21.13	1.08E-02
21.13	1.08E-02
21.13	1.08E-02
21.13	1.08E-02
21.13	1.08E-02
21.13	1.08E-02
21.13	1.08E-02
21.13	1.08E-02
21.13	1.08E-02
21.13	1.08E-02
21.13	1.08E-02
21.13	1.08E-02
21.13	1.08E-02
21.14	1.08E-02
21.14	1.08E-02
21.14	1.08E-02
21.14	1.08E-02
21.14	1.08E-02
21.14	1.08E-02
21.14	1.08E-02
21.14	1.08E-02
21.14	1.08E-02
21.14	1.08E-02
21.14	1.08E-02
21.14	1.08E-02
21.14	1.08E-02
21.14	1.08E-02
21.14	1.08E-02
21.14	1.08E-02
21.14	1.08E-02
21.14	1.08E-02
21.14	1.08E-02
21.14	1.08E-02
21.15	1.08E-02
21.15	1.08E-02
21.15	1.08E-02
21.15	1.08E-02
21.15	1.08E-02
21.15	1.08E-02
21.15	1.08E-02
21.15	1.08E-02
21.15	1.08E-02
21.15	1.08E-02
21.15	1.08E-02
21.15	1.08E-02
21.15	1.08E-02
21.15	1.08E-02
21.15	1.08E-02
21.15	1.08E-02
21.15	1.08E-02
21.15	1.08E-02
21.15	1.08E-02
21.15	1.08E-02
21.16	1.08E-02
21.16	1.08E-02
21.16	1.08E-02
21.16	1.08E-02
21.16	1.08E-02
21.16	1.07E-02
21.16	1.07E-02
21.16	1.07E-02
21.16	1.07E-02
21.16	1.07E-02
21.16	1.07E-02
21.16	1.07E-02
21.16	1.07E-02
21.16	1.07E-02
21.16	1.07E-02
21.16	1.07E-02
21.16	1.07E-02
21.16	1.07E-02
21.16	1.07E-02
21.16	1.07E-02
21.17	1.07E-02
21.17	1.07E-02
21.17	1.07E-02
21.17	1.07E-02
21.17	1.07E-02
21.17	1.07E-02
21.17	1.07E-02
21.17	1.07E-02
21.17	1.07E-02
21.17	1.07E-02
21.17	1.07E-02
21.17	1.07E-02
21.17	1.07E-02
21.17	1.07E-02
21.17	1.07E-02
21.17	1.07E-02
21.17	1.07E-02
21.17	1.07E-02
21.17	1.07E-02
21.17	1.07E-02
21.17	1.07E-02
21.18	1.07E-02
21.18	1.07E-02
21.18	1.07E-02
21.18	1.07E-02
21.18	1.07E-02
21.18	1.07E-02
21.18	1.07E-02
21.18	1.07E-02
21.18	1.07E-02
21.18	1.07E-02
21.18	1.07E-02
21.18	1.07E-02
21.18	1.07E-02
21.18	1.07E-02
21.18	1.07E-02
21.18	1.07E-02
21.18	1.07E-02
21.18	1.07E-02
21.18	1.07E-02
21.18	1.07E-02
21.19	1.07E-02
21.19	1.07E-02
21.19	1.07E-02
21.19	1.07E-02
21.19	1.07E-02
21.19	1.07E-02
21.19	1.07E-02
21.19	1.07E-02
21.19	1.07E-02
21.19	1.07E-02
21.19	1.06E-02
21.19	1.06E-02
21.19	1.06E-02
21.19	1.06E-02
21.19	1.06E-02
21.19	1.06E-02
21.19	1.06E-02
21.19	1.06E-02
21.19	1.06E-02
21.19	1.06E-02
21.2	1.06E-02
21.2	1.06E-02
21.2	1.06E-02
21.2	1.06E-02
21.2	1.06E-02
21.2	1.06E-02
21.2	1.06E-02
21.2	1.06E-02
21.2	1.06E-02
21.2	1.06E-02
21.2	1.06E-02
21.2	1.06E-02
21.2	1.06E-02
21.2	1.06E-02
21.2	1.06E-02
21.2	1.06E-02
21.2	1.06E-02
21.2	1.06E-02
21.2	1.06E-02
21.2	1.06E-02
21.21	1.06E-02
21.21	1.06E-02
21.21	1.06E-02
21.21	1.06E-02
21.21	1.06E-02
21.21	1.06E-02
21.21	1.06E-02
21.21	1.06E-02
21.21	1.06E-02
21.21	1.06E-02
21.21	1.06E-02
21.21	1.06E-02
21.21	1.06E-02
21.21	1.06E-02
21.21	1.06E-02
21.21	1.06E-02
21.21	1.06E-02
21.21	1.06E-02
21.21	1.06E-02
21.22	1.06E-02
21.22	1.06E-02
21.22	1.06E-02
21.22	1.06E-02
21.22	1.06E-02
21.22	1.06E-02
21.22	1.06E-02
21.22	1.06E-02
21.22	1.06E-02
21.22	1.06E-02
21.22	1.06E-02
21.22	1.06E-02
21.22	1.06E-02
21.22	1.06E-02
21.22	1.06E-02
21.22	1.06E-02
21.22	1.06E-02
21.22	1.05E-02
21.22	1.05E-02
21.22	1.05E-02
21.23	1.05E-02
21.23	1.05E-02
21.23	1.05E-02
21.23	1.05E-02
21.23	1.05E-02
21.23	1.05E-02
21.23	1.05E-02
21.23	1.05E-02
21.23	1.05E-02
21.23	1.05E-02
21.23	1.05E-02
21.23	1.05E-02
21.23	1.05E-02
21.23	1.05E-02
21.23	1.05E-02
21.23	1.05E-02
21.23	1.05E-02
21.23	1.05E-02
21.23	1.05E-02
21.23	1.05E-02
21.24	1.05E-02
21.24	1.05E-02
21.24	1.05E-02
21.24	1.05E-02
21.24	1.05E-02
21.24	1.05E-02
21.24	1.05E-02
21.24	1.05E-02
21.24	1.05E-02
21.24	1.05E-02
21.24	1.05E-02
21.24	1.05E-02
21.24	1.05E-02
21.24	1.05E-02
21.24	1.05E-02
21.24	1.05E-02
21.24	1.05E-02
21.24	1.05E-02
21.24	1.05E-02
21.24	1.05E-02
21.25	1.05E-02
21.25	1.05E-02
21.25	1.05E-02
21.25	1.05E-02
21.25	1.05E-02
21.25	1.05E-02
21.25	1.05E-02
21.25	1.05E-02
21.25	1.05E-02
21.25	1.05E-02
21.25	1.05E-02
21.25	1.05E-02
21.25	1.05E-02
21.25	1.05E-02
21.25	1.05E-02
21.25	1.05E-02
21.25	1.05E-02
21.25	1.05E-02
21.25	1.05E-02
21.25	1.05E-02
21.25	1.05E-02
21.26	1.05E-02
21.26	1.05E-02
21.26	1.05E-02
21.26	1.04E-02
21.26	1.04E-02
21.26	1.04E-02
21.26	1.04E-02
21.26	1.04E-02
21.26	1.04E-02
21.26	1.04E-02
21.26	1.04E-02
21.26	1.04E-02
21.26	1.04E-02
21.26	1.04E-02
21.26	1.04E-02
21.26	1.04E-02
21.26	1.04E-02
21.26	1.04E-02
21.26	1.04E-02
21.26	1.04E-02
21.27	1.04E-02
21.27	1.04E-02
21.27	1.04E-02
21.27	1.04E-02
21.27	1.04E-02
21.27	1.04E-02
21.27	1.04E-02
21.27	1.04E-02
21.27	1.04E-02
21.27	1.04E-02
21.27	1.04E-02
21.27	1.04E-02
21.27	1.04E-02
21.27	1.04E-02
21.27	1.04E-02
21.27	1.04E-02
21.27	1.04E-02
21.27	1.04E-02
21.27	1.04E-02
21.27	1.04E-02
21.28	1.04E-02
21.28	1.04E-02
21.28	1.04E-02
21.28	1.04E-02
21.28	1.04E-02
21.28	1.04E-02
21.28	1.04E-02
21.28	1.04E-02
21.28	1.04E-02
21.28	1.04E-02
21.28	1.04E-02
21.28	1.04E-02
21.28	1.04E-02
21.28	1.04E-02
21.28	1.04E-02
21.28	1.04E-02
21.28	1.04E-02
21.28	1.04E-02
21.28	1.04E-02
21.28	1.04E-02
21.29	1.04E-02
21.29	1.04E-02
21.29	1.04E-02
21.29	1.04E-02
21.29	1.04E-02
21.29	1.04E-02
21.29	1.04E-02
21.29	1.04E-02
21.29	1.04E-02
21.29	1.04E-02
21.29	1.03E-02
21.29	1.03E-02
21.29	1.03E-02
21.29	1.03E-02
21.29	1.03E-02
21.29	1.03E-02
21.29	1.03E-02
21.29	1.03E-02
21.29	1.03E-02
21.3	1.03E-02
21.3	1.03E-02
21.3	1.03E-02
21.3	1.03E-02
21.3	1.03E-02
21.3	1.03E-02
21.3	1.03E-02
21.3	1.03E-02
21.3	1.03E-02
21.3	1.03E-02
21.3	1.03E-02
21.3	1.03E-02
21.3	1.03E-02
21.3	1.03E-02
21.3	1.03E-02
21.3	1.03E-02
21.3	1.03E-02
21.3	1.03E-02
21.3	1.03E-02
21.3	1.03E-02
21.31	1.03E-02
21.31	1.03E-02
21.31	1.03E-02
21.31	1.03E-02
21.31	1.03E-02
21.31	1.03E-02
21.31	1.03E-02
21.31	1.03E-02
21.31	1.03E-02
21.31	1.03E-02
21.31	1.03E-02
21.31	1.03E-02
21.31	1.03E-02
21.31	1.03E-02
21.31	1.03E-02
21.31	1.03E-02
21.31	1.03E-02
21.31	1.03E-02
21.31	1.03E-02
21.31	1.03E-02
21.32	1.03E-02
21.32	1.03E-02
21.32	1.03E-02
21.32	1.03E-02
21.32	1.03E-02
21.32	1.03E-02
21.32	1.03E-02
21.32	1.03E-02
21.32	1.03E-02
21.32	1.03E-02
21.32	1.03E-02
21.32	1.03E-02
21.32	1.03E-02
21.32	1.03E-02
21.32	1.03E-02
21.32	1.03E-02
21.32	1.03E-02
21.32	1.03E-02
21.32	1.03E-02
21.32	1.02E-02
21.33	1.02E-02
21.33	1.02E-02
21.33	1.02E-02
21.33	1.02E-02
21.33	1.02E-02
21.33	1.02E-02
21.33	1.02E-02
21.33	1.02E-02
21.33	1.02E-02
21.33	1.02E-02
21.33	1.02E-02
21.33	1.02E-02
21.33	1.02E-02
21.33	1.02E-02
21.33	1.02E-02
21.33	1.02E-02
21.33	1.02E-02
21.33	1.02E-02
21.33	1.02E-02
21.33	1.02E-02
21.33	1.02E-02
21.34	1.02E-02
21.34	1.02E-02
21.34	1.02E-02
21.34	1.02E-02
21.34	1.02E-02
21.34	1.02E-02
21.34	1.02E-02
21.34	1.02E-02
21.34	1.02E-02
21.34	1.02E-02
21.34	1.02E-02
21.34	1.02E-02
21.34	1.02E-02
21.34	1.02E-02
21.34	1.02E-02
21.34	1.02E-02
21.34	1.02E-02
21.34	1.02E-02
21.34	1.02E-02
21.34	1.02E-02
21.35	1.02E-02
21.35	1.02E-02
21.35	1.02E-02
21.35	1.02E-02
21.35	1.02E-02
21.35	1.02E-02
21.35	1.02E-02
21.35	1.02E-02
21.35	1.02E-02
21.35	1.02E-02
21.35	1.02E-02
21.35	1.02E-02
21.35	1.02E-02
21.35	1.02E-02
21.35	1.02E-02
21.35	1.02E-02
21.35	1.02E-02
21.35	1.02E-02
21.35	1.02E-02
21.35	1.02E-02
21.36	1.02E-02
21.36	1.02E-02
21.36	1.02E-02
21.36	1.02E-02
21.36	1.02E-02
21.36	1.02E-02
21.36	1.01E-02
21.36	1.01E-02
21.36	1.01E-02
21.36	1.01E-02
21.36	1.01E-02
21.36	1.01E-02
21.36	1.01E-02
21.36	1.01E-02
21.36	1.01E-02
21.36	1.01E-02
21.36	1.01E-02
21.36	1.01E-02
21.36	1.01E-02
21.36	1.01E-02
21.37	1.01E-02
21.37	1.01E-02
21.37	1.01E-02
21.37	1.01E-02
21.37	1.01E-02
21.37	1.01E-02
21.37	1.01E-02
21.37	1.01E-02
21.37	1.01E-02
21.37	1.01E-02
21.37	1.01E-02
21.37	1.01E-02
21.37	1.01E-02
21.37	1.01E-02
21.37	1.01E-02
21.37	1.01E-02
21.37	1.01E-02
21.37	1.01E-02
21.37	1.01E-02
21.38	1.01E-02
21.38	1.01E-02
21.38	1.01E-02
21.38	1.01E-02
21.38	1.01E-02
21.38	1.01E-02
21.38	1.01E-02
21.38	1.01E-02
21.38	1.01E-02
21.38	1.01E-02
21.38	1.01E-02
21.38	1.01E-02
21.38	1.01E-02
21.38	1.01E-02
21.38	1.01E-02
21.38	1.01E-02
21.38	1.01E-02
21.38	1.01E-02
21.38	1.01E-02
21.38	1.01E-02
21.39	1.01E-02
21.39	1.01E-02
21.39	1.01E-02
21.39	1.01E-02
21.39	1.01E-02
21.39	1.01E-02
21.39	1.01E-02
21.39	1.01E-02
21.39	1.01E-02
21.39	1.01E-02
21.39	1.01E-02
21.39	1.01E-02
21.39	1.01E-02
21.39	1.01E-02
21.39	1.01E-02
21.39	1.01E-02
21.39	1.00E-02
21.39	1.00E-02
21.39	1.00E-02
21.39	1.00E-02
21.4	1.00E-02
21.4	1.00E-02
21.4	1.00E-02
21.4	1.00E-02
21.4	1.00E-02
21.4	1.00E-02
21.4	1.00E-02
21.4	1.00E-02
21.4	1.00E-02
21.4	1.00E-02
21.4	1.00E-02
21.4	1.00E-02
21.4	1.00E-02
21.4	1.00E-02
21.4	1.00E-02
21.4	1.00E-02
21.4	1.00E-02
21.4	1.00E-02
21.4	1.00E-02
21.4	1.00E-02
21.41	1.00E-02
21.41	1.00E-02
21.41	1.00E-02
21.41	1.00E-02
21.41	1.00E-02
21.41	1.00E-02
21.41	1.00E-02
21.41	1.00E-02
21.41	1.00E-02
21.41	1.00E-02
21.41	1.00E-02
21.41	1.00E-02
21.41	9.99E-03
21.41	9.99E-03
21.41	9.99E-03
21.41	9.99E-03
21.41	9.99E-03
21.41	9.99E-03
21.41	9.98E-03
21.41	9.98E-03
21.42	9.98E-03
21.42	9.98E-03
21.42	9.98E-03
21.42	9.98E-03
21.42	9.98E-03
21.42	9.97E-03
21.42	9.97E-03
21.42	9.97E-03
21.42	9.97E-03
21.42	9.97E-03
21.42	9.97E-03
21.42	9.97E-03
21.42	9.96E-03
21.42	9.96E-03
21.42	9.96E-03
21.42	9.96E-03
21.42	9.96E-03
21.42	9.96E-03
21.42	9.96E-03
21.42	9.95E-03
21.42	9.95E-03
21.43	9.95E-03
21.43	9.95E-03
21.43	9.95E-03
21.43	9.95E-03
21.43	9.95E-03
21.43	9.94E-03
21.43	9.94E-03
21.43	9.94E-03
21.43	9.94E-03
21.43	9.94E-03
21.43	9.94E-03
21.43	9.94E-03
21.43	9.94E-03
21.43	9.93E-03
21.43	9.93E-03
21.43	9.93E-03
21.43	9.93E-03
21.43	9.93E-03
21.43	9.93E-03
21.43	9.93E-03
21.44	9.92E-03
21.44	9.92E-03
21.44	9.92E-03
21.44	9.92E-03
21.44	9.92E-03
21.44	9.92E-03
21.44	9.92E-03
21.44	9.91E-03
21.44	9.91E-03
21.44	9.91E-03
21.44	9.91E-03
21.44	9.91E-03
21.44	9.91E-03
21.44	9.91E-03
21.44	9.90E-03
21.44	9.90E-03
21.44	9.90E-03
21.44	9.90E-03
21.44	9.90E-03
21.44	9.90E-03
21.45	9.90E-03
21.45	9.89E-03
21.45	9.89E-03
21.45	9.89E-03
21.45	9.89E-03
21.45	9.89E-03
21.45	9.89E-03
21.45	9.89E-03
21.45	9.88E-03
21.45	9.88E-03
21.45	9.88E-03
21.45	9.88E-03
21.45	9.88E-03
21.45	9.88E-03
21.45	9.88E-03
21.45	9.87E-03
21.45	9.87E-03
21.45	9.87E-03
21.45	9.87E-03
21.45	9.87E-03
21.46	9.87E-03
21.46	9.87E-03
21.46	9.86E-03
21.46	9.86E-03
21.46	9.86E-03
21.46	9.86E-03
21.46	9.86E-03
21.46	9.86E-03
21.46	9.86E-03
21.46	9.85E-03
21.46	9.85E-03
21.46	9.85E-03
21.46	9.85E-03
21.46	9.85E-03
21.46	9.85E-03
21.46	9.85E-03
21.46	9.84E-03
21.46	9.84E-03
21.46	9.84E-03
21.47	9.84E-03
21.47	9.84E-03
21.47	9.84E-03
21.47	9.84E-03
21.47	9.83E-03
21.47	9.83E-03
21.47	9.83E-03
21.47	9.83E-03
21.47	9.83E-03
21.47	9.83E-03
21.47	9.83E-03
21.47	9.82E-03
21.47	9.82E-03
21.47	9.82E-03
21.47	9.82E-03
21.47	9.82E-03
21.47	9.82E-03
21.47	9.82E-03
21.47	9.81E-03
21.47	9.81E-03
21.48	9.81E-03
21.48	9.81E-03
21.48	9.81E-03
21.48	9.81E-03
21.48	9.81E-03
21.48	9.80E-03
21.48	9.80E-03
21.48	9.80E-03
21.48	9.80E-03
21.48	9.80E-03
21.48	9.80E-03
21.48	9.80E-03
21.48	9.80E-03
21.48	9.79E-03
21.48	9.79E-03
21.48	9.79E-03
21.48	9.79E-03
21.48	9.79E-03
21.48	9.79E-03
21.48	9.79E-03
21.49	9.78E-03
21.49	9.78E-03
21.49	9.78E-03
21.49	9.78E-03
21.49	9.78E-03
21.49	9.78E-03
21.49	9.78E-03
21.49	9.77E-03
21.49	9.77E-03
21.49	9.77E-03
21.49	9.77E-03
21.49	9.77E-03
21.49	9.77E-03
21.49	9.77E-03
21.49	9.76E-03
21.49	9.76E-03
21.49	9.76E-03
21.49	9.76E-03
21.49	9.76E-03
21.49	9.76E-03
21.5	9.76E-03
21.5	9.75E-03
21.5	9.75E-03
21.5	9.75E-03
21.5	9.75E-03
21.5	9.75E-03
21.5	9.75E-03
21.5	9.75E-03
21.5	9.74E-03
21.5	9.74E-03
21.5	9.74E-03
21.5	9.74E-03
21.5	9.74E-03
21.5	9.74E-03
21.5	9.74E-03
21.5	9.73E-03
21.5	9.73E-03
21.5	9.73E-03
21.5	9.73E-03
21.5	9.73E-03
21.5	9.73E-03
21.51	9.73E-03
21.51	9.73E-03
21.51	9.72E-03
21.51	9.72E-03
21.51	9.72E-03
21.51	9.72E-03
21.51	9.72E-03
21.51	9.72E-03
21.51	9.72E-03
21.51	9.71E-03
21.51	9.71E-03
21.51	9.71E-03
21.51	9.71E-03
21.51	9.71E-03
21.51	9.71E-03
21.51	9.71E-03
21.51	9.70E-03
21.51	9.70E-03
21.51	9.70E-03
21.51	9.70E-03
21.52	9.70E-03
21.52	9.70E-03
21.52	9.70E-03
21.52	9.69E-03
21.52	9.69E-03
21.52	9.69E-03
21.52	9.69E-03
21.52	9.69E-03
21.52	9.69E-03
21.52	9.69E-03
21.52	9.68E-03
21.52	9.68E-03
21.52	9.68E-03
21.52	9.68E-03
21.52	9.68E-03
21.52	9.68E-03
21.52	9.68E-03
21.52	9.67E-03
21.52	9.67E-03
21.52	9.67E-03
21.53	9.67E-03
21.53	9.67E-03
21.53	9.67E-03
21.53	9.67E-03
21.53	9.67E-03
21.53	9.66E-03
21.53	9.66E-03
21.53	9.66E-03
21.53	9.66E-03
21.53	9.66E-03
21.53	9.66E-03
21.53	9.66E-03
21.53	9.65E-03
21.53	9.65E-03
21.53	9.65E-03
21.53	9.65E-03
21.53	9.65E-03
21.53	9.65E-03
21.53	9.65E-03
21.53	9.64E-03
21.54	9.64E-03
21.54	9.64E-03
21.54	9.64E-03
21.54	9.64E-03
21.54	9.64E-03
21.54	9.64E-03
21.54	9.63E-03
21.54	9.63E-03
21.54	9.63E-03
21.54	9.63E-03
21.54	9.63E-03
21.54	9.63E-03
21.54	9.63E-03
21.54	9.63E-03
21.54	9.62E-03
21.54	9.62E-03
21.54	9.62E-03
21.54	9.62E-03
21.54	9.62E-03
21.55	9.62E-03
21.55	9.62E-03
21.55	9.61E-03
21.55	9.61E-03
21.55	9.61E-03
21.55	9.61E-03
21.55	9.61E-03
21.55	9.61E-03
21.55	9.61E-03
21.55	9.60E-03
21.55	9.60E-03
21.55	9.60E-03
21.55	9.60E-03
21.55	9.60E-03
21.55	9.60E-03
21.55	9.60E-03
21.55	9.59E-03
21.55	9.59E-03
21.55	9.59E-03
21.55	9.59E-03
21.56	9.59E-03
21.56	9.59E-03
21.56	9.59E-03
21.56	9.59E-03
21.56	9.58E-03
21.56	9.58E-03
21.56	9.58E-03
21.56	9.58E-03
21.56	9.58E-03
21.56	9.58E-03
21.56	9.58E-03
21.56	9.57E-03
21.56	9.57E-03
21.56	9.57E-03
21.56	9.57E-03
21.56	9.57E-03
21.56	9.57E-03
21.56	9.57E-03
21.56	9.56E-03
21.56	9.56E-03
21.57	9.56E-03
21.57	9.56E-03
21.57	9.56E-03
21.57	9.56E-03
21.57	9.56E-03
21.57	9.56E-03
21.57	9.55E-03
21.57	9.55E-03
21.57	9.55E-03
21.57	9.55E-03
21.57	9.55E-03
21.57	9.55E-03
21.57	9.55E-03
21.57	9.54E-03
21.57	9.54E-03
21.57	9.54E-03
21.57	9.54E-03
21.57	9.54E-03
21.57	9.54E-03
21.57	9.54E-03
21.58	9.53E-03
21.58	9.53E-03
21.58	9.53E-03
21.58	9.53E-03
21.58	9.53E-03
21.58	9.53E-03
21.58	9.53E-03
21.58	9.52E-03
21.58	9.52E-03
21.58	9.52E-03
21.58	9.52E-03
21.58	9.52E-03
21.58	9.52E-03
21.58	9.52E-03
21.58	9.52E-03
21.58	9.51E-03
21.58	9.51E-03
21.58	9.51E-03
21.58	9.51E-03
21.58	9.51E-03
21.58	9.51E-03
21.59	9.51E-03
21.59	9.50E-03
21.59	9.50E-03
21.59	9.50E-03
21.59	9.50E-03
21.59	9.50E-03
21.59	9.50E-03
21.59	9.50E-03
21.59	9.49E-03
21.59	9.49E-03
21.59	9.49E-03
21.59	9.49E-03
21.59	9.49E-03
21.59	9.49E-03
21.59	9.49E-03
21.59	9.49E-03
21.59	9.48E-03
21.59	9.48E-03
21.59	9.48E-03
21.59	9.48E-03
21.6	9.48E-03
21.6	9.48E-03
21.6	9.48E-03
21.6	9.47E-03
21.6	9.47E-03
21.6	9.47E-03
21.6	9.47E-03
21.6	9.47E-03
21.6	9.47E-03
21.6	9.47E-03
21.6	9.47E-03
21.6	9.46E-03
21.6	9.46E-03
21.6	9.46E-03
21.6	9.46E-03
21.6	9.46E-03
21.6	9.46E-03
21.6	9.46E-03
21.6	9.45E-03
21.6	9.45E-03
21.61	9.45E-03
21.61	9.45E-03
21.61	9.45E-03
21.61	9.45E-03
21.61	9.45E-03
21.61	9.44E-03
21.61	9.44E-03
21.61	9.44E-03
21.61	9.44E-03
21.61	9.44E-03
21.61	9.44E-03
21.61	9.44E-03
21.61	9.44E-03
21.61	9.43E-03
21.61	9.43E-03
21.61	9.43E-03
21.61	9.43E-03
21.61	9.43E-03
21.61	9.43E-03
21.61	9.43E-03
21.62	9.42E-03
21.62	9.42E-03
21.62	9.42E-03
21.62	9.42E-03
21.62	9.42E-03
21.62	9.42E-03
21.62	9.42E-03
21.62	9.42E-03
21.62	9.41E-03
21.62	9.41E-03
21.62	9.41E-03
21.62	9.41E-03
21.62	9.41E-03
21.62	9.41E-03
21.62	9.41E-03
21.62	9.40E-03
21.62	9.40E-03
21.62	9.40E-03
21.62	9.40E-03
21.62	9.40E-03
21.63	9.40E-03
21.63	9.40E-03
21.63	9.39E-03
21.63	9.39E-03
21.63	9.39E-03
21.63	9.39E-03
21.63	9.39E-03
21.63	9.39E-03
21.63	9.39E-03
21.63	9.39E-03
21.63	9.38E-03
21.63	9.38E-03
21.63	9.38E-03
21.63	9.38E-03
21.63	9.38E-03
21.63	9.38E-03
21.63	9.38E-03
21.63	9.37E-03
21.63	9.37E-03
21.64	9.37E-03
21.64	9.37E-03
21.64	9.37E-03
21.64	9.37E-03
21.64	9.37E-03
21.64	9.37E-03
21.64	9.36E-03
21.64	9.36E-03
21.64	9.36E-03
21.64	9.36E-03
21.64	9.36E-03
21.64	9.36E-03
21.64	9.36E-03
21.64	9.35E-03
21.64	9.35E-03
21.64	9.35E-03
21.64	9.35E-03
21.64	9.35E-03
21.64	9.35E-03
21.64	9.35E-03
21.65	9.35E-03
21.65	9.34E-03
21.65	9.34E-03
21.65	9.34E-03
21.65	9.34E-03
21.65	9.34E-03
21.65	9.34E-03
21.65	9.34E-03
21.65	9.33E-03
21.65	9.33E-03
21.65	9.33E-03
21.65	9.33E-03
21.65	9.33E-03
21.65	9.33E-03
21.65	9.33E-03
21.65	9.33E-03
21.65	9.32E-03
21.65	9.32E-03
21.65	9.32E-03
21.65	9.32E-03
21.66	9.32E-03
21.66	9.32E-03
21.66	9.32E-03
21.66	9.31E-03
21.66	9.31E-03
21.66	9.31E-03
21.66	9.31E-03
21.66	9.31E-03
21.66	9.31E-03
21.66	9.31E-03
21.66	9.31E-03
21.66	9.30E-03
21.66	9.30E-03
21.66	9.30E-03
21.66	9.30E-03
21.66	9.30E-03
21.66	9.30E-03
21.66	9.30E-03
21.66	9.29E-03
21.66	9.29E-03
21.67	9.29E-03
21.67	9.29E-03
21.67	9.29E-03
21.67	9.29E-03
21.67	9.29E-03
21.67	9.29E-03
21.67	9.28E-03
21.67	9.28E-03
21.67	9.28E-03
21.67	9.28E-03
21.67	9.28E-03
21.67	9.28E-03
21.67	9.28E-03
21.67	9.27E-03
21.67	9.27E-03
21.67	9.27E-03
21.67	9.27E-03
21.67	9.27E-03
21.67	9.27E-03
21.67	9.27E-03
21.67	9.27E-03
21.68	9.26E-03
21.68	9.26E-03
21.68	9.26E-03
21.68	9.26E-03
21.68	9.26E-03
21.68	9.26E-03
21.68	9.26E-03
21.68	9.25E-03
21.68	9.25E-03
21.68	9.25E-03
21.68	9.25E-03
21.68	9.25E-03
21.68	9.25E-03
21.68	9.25E-03
21.68	9.25E-03
21.68	9.24E-03
21.68	9.24E-03
21.68	9.24E-03
21.68	9.24E-03
21.68	9.24E-03
21.69	9.24E-03
21.69	9.24E-03
21.69	9.23E-03
21.69	9.23E-03
21.69	9.23E-03
21.69	9.23E-03
21.69	9.23E-03
21.69	9.23E-03
21.69	9.23E-03
21.69	9.23E-03
21.69	9.22E-03
21.69	9.22E-03
21.69	9.22E-03
21.69	9.22E-03
21.69	9.22E-03
21.69	9.22E-03
21.69	9.22E-03
21.69	9.21E-03
21.69	9.21E-03
21.69	9.21E-03
21.7	9.21E-03
21.7	9.21E-03
21.7	9.21E-03
21.7	9.21E-03
21.7	9.21E-03
21.7	9.20E-03
21.7	9.20E-03
21.7	9.20E-03
21.7	9.20E-03
21.7	9.20E-03
21.7	9.20E-03
21.7	9.20E-03
21.7	9.20E-03
21.7	9.19E-03
21.7	9.19E-03
21.7	9.19E-03
21.7	9.19E-03
21.7	9.19E-03
21.7	9.19E-03
21.7	9.19E-03
21.71	9.18E-03
21.71	9.18E-03
21.71	9.18E-03
21.71	9.18E-03
21.71	9.18E-03
21.71	9.18E-03
21.71	9.18E-03
21.71	9.18E-03
21.71	9.17E-03
21.71	9.17E-03
21.71	9.17E-03
21.71	9.17E-03
21.71	9.17E-03
21.71	9.17E-03
21.71	9.17E-03
21.71	9.16E-03
21.71	9.16E-03
21.71	9.16E-03
21.71	9.16E-03
21.72	9.16E-03
21.72	9.16E-03
21.72	9.16E-03
21.72	9.16E-03
21.72	9.15E-03
21.72	9.15E-03
21.72	9.15E-03
21.72	9.15E-03
21.72	9.15E-03
21.72	9.15E-03
21.72	9.15E-03
21.72	9.15E-03
21.72	9.14E-03
21.72	9.14E-03
21.72	9.14E-03
21.72	9.14E-03
21.72	9.14E-03
21.72	9.14E-03
21.72	9.14E-03
21.72	9.13E-03
21.73	9.13E-03
21.73	9.13E-03
21.73	9.13E-03
21.73	9.13E-03
21.73	9.13E-03
21.73	9.13E-03
21.73	9.13E-03
21.73	9.12E-03
21.73	9.12E-03
21.73	9.12E-03
21.73	9.12E-03
21.73	9.12E-03
21.73	9.12E-03
21.73	9.12E-03
21.73	9.12E-03
21.73	9.11E-03
21.73	9.11E-03
21.73	9.11E-03
21.73	9.11E-03
21.73	9.11E-03
21.74	9.11E-03
21.74	9.11E-03
21.74	9.10E-03
21.74	9.10E-03
21.74	9.10E-03
21.74	9.10E-03
21.74	9.10E-03
21.74	9.10E-03
21.74	9.10E-03
21.74	9.10E-03
21.74	9.09E-03
21.74	9.09E-03
21.74	9.09E-03
21.74	9.09E-03
21.74	9.09E-03
21.74	9.09E-03
21.74	9.09E-03
21.74	9.09E-03
21.74	9.08E-03
21.74	9.08E-03
21.75	9.08E-03
21.75	9.08E-03
21.75	9.08E-03
21.75	9.08E-03
21.75	9.08E-03
21.75	9.07E-03
21.75	9.07E-03
21.75	9.07E-03
21.75	9.07E-03
21.75	9.07E-03
21.75	9.07E-03
21.75	9.07E-03
21.75	9.07E-03
21.75	9.06E-03
21.75	9.06E-03
21.75	9.06E-03
21.75	9.06E-03
21.75	9.06E-03
21.75	9.06E-03
21.75	9.06E-03
21.75	9.06E-03
21.76	9.05E-03
21.76	9.05E-03
21.76	9.05E-03
21.76	9.05E-03
21.76	9.05E-03
21.76	9.05E-03
21.76	9.05E-03
21.76	9.04E-03
21.76	9.04E-03
21.76	9.04E-03
21.76	9.04E-03
21.76	9.04E-03
21.76	9.04E-03
21.76	9.04E-03
21.76	9.04E-03
21.76	9.03E-03
21.76	9.03E-03
21.76	9.03E-03
21.76	9.03E-03
21.76	9.03E-03
21.77	9.03E-03
21.77	9.03E-03
21.77	9.03E-03
21.77	9.02E-03
21.77	9.02E-03
21.77	9.02E-03
21.77	9.02E-03
21.77	9.02E-03
21.77	9.02E-03
21.77	9.02E-03
21.77	9.02E-03
21.77	9.01E-03
21.77	9.01E-03
21.77	9.01E-03
21.77	9.01E-03
21.77	9.01E-03
21.77	9.01E-03
21.77	9.01E-03
21.77	9.00E-03
21.77	9.00E-03
21.78	9.00E-03
21.78	9.00E-03
21.78	9.00E-03
21.78	9.00E-03
21.78	9.00E-03
21.78	9.00E-03
21.78	8.99E-03
21.78	8.99E-03
21.78	8.99E-03
21.78	8.99E-03
21.78	8.99E-03
21.78	8.99E-03
21.78	8.99E-03
21.78	8.99E-03
21.78	8.98E-03
21.78	8.98E-03
21.78	8.98E-03
21.78	8.98E-03
21.78	8.98E-03
21.78	8.98E-03
21.79	8.98E-03
21.79	8.98E-03
21.79	8.97E-03
21.79	8.97E-03
21.79	8.97E-03
21.79	8.97E-03
21.79	8.97E-03
21.79	8.97E-03
21.79	8.97E-03
21.79	8.97E-03
21.79	8.96E-03
21.79	8.96E-03
21.79	8.96E-03
21.79	8.96E-03
21.79	8.96E-03
21.79	8.96E-03
21.79	8.96E-03
21.79	8.95E-03
21.79	8.95E-03
21.8	8.95E-03
21.8	8.95E-03
21.8	8.95E-03
21.8	8.95E-03
21.8	8.95E-03
21.8	8.95E-03
21.8	8.94E-03
21.8	8.94E-03
21.8	8.94E-03
21.8	8.94E-03
21.8	8.94E-03
21.8	8.94E-03
21.8	8.94E-03
21.8	8.94E-03
21.8	8.93E-03
21.8	8.93E-03
21.8	8.93E-03
21.8	8.93E-03
21.8	8.93E-03
21.8	8.93E-03
21.81	8.93E-03
21.81	8.93E-03
21.81	8.92E-03
21.81	8.92E-03
21.81	8.92E-03
21.81	8.92E-03
21.81	8.92E-03
21.81	8.92E-03
21.81	8.92E-03
21.81	8.92E-03
21.81	8.91E-03
21.81	8.91E-03
21.81	8.91E-03
21.81	8.91E-03
21.81	8.91E-03
21.81	8.91E-03
21.81	8.91E-03
21.81	8.90E-03
21.81	8.90E-03
21.81	8.90E-03
21.82	8.90E-03
21.82	8.90E-03
21.82	8.90E-03
21.82	8.90E-03
21.82	8.90E-03
21.82	8.89E-03
21.82	8.89E-03
21.82	8.89E-03
21.82	8.89E-03
21.82	8.89E-03
21.82	8.89E-03
21.82	8.89E-03
21.82	8.89E-03
21.82	8.88E-03
21.82	8.88E-03
21.82	8.88E-03
21.82	8.88E-03
21.82	8.88E-03
21.82	8.88E-03
21.82	8.88E-03
21.83	8.88E-03
21.83	8.87E-03
21.83	8.87E-03
21.83	8.87E-03
21.83	8.87E-03
21.83	8.87E-03
21.83	8.87E-03
21.83	8.87E-03
21.83	8.87E-03
21.83	8.86E-03
21.83	8.86E-03
21.83	8.86E-03
21.83	8.86E-03
21.83	8.86E-03
21.83	8.86E-03
21.83	8.86E-03
21.83	8.86E-03
21.83	8.85E-03
21.83	8.85E-03
21.83	8.85E-03
21.83	8.85E-03
21.84	8.85E-03
21.84	8.85E-03
21.84	8.85E-03
21.84	8.85E-03
21.84	8.84E-03
21.84	8.84E-03
21.84	8.84E-03
21.84	8.84E-03
21.84	8.84E-03
21.84	8.84E-03
21.84	8.84E-03
21.84	8.84E-03
21.84	8.83E-03
21.84	8.83E-03
21.84	8.83E-03
21.84	8.83E-03
21.84	8.83E-03
21.84	8.83E-03
21.84	8.83E-03
21.84	8.83E-03
21.85	8.82E-03
21.85	8.82E-03
21.85	8.82E-03
21.85	8.82E-03
21.85	8.82E-03
21.85	8.82E-03
21.85	8.82E-03
21.85	8.82E-03
21.85	8.81E-03
21.85	8.81E-03
21.85	8.81E-03
21.85	8.81E-03
21.85	8.81E-03
21.85	8.81E-03
21.85	8.81E-03
21.85	8.81E-03
21.85	8.80E-03
21.85	8.80E-03
21.85	8.80E-03
21.85	8.80E-03
21.86	8.80E-03
21.86	8.80E-03
21.86	8.80E-03
21.86	8.79E-03
21.86	8.79E-03
21.86	8.79E-03
21.86	8.79E-03
21.86	8.79E-03
21.86	8.79E-03
21.86	8.79E-03
21.86	8.79E-03
21.86	8.78E-03
21.86	8.78E-03
21.86	8.78E-03
21.86	8.78E-03
21.86	8.78E-03
21.86	8.78E-03
21.86	8.78E-03
21.86	8.78E-03
21.86	8.77E-03
21.87	8.77E-03
21.87	8.77E-03
21.87	8.77E-03
21.87	8.77E-03
21.87	8.77E-03
21.87	8.77E-03
21.87	8.77E-03
21.87	8.76E-03
21.87	8.76E-03
21.87	8.76E-03
21.87	8.76E-03
21.87	8.76E-03
21.87	8.76E-03
21.87	8.76E-03
21.87	8.76E-03
21.87	8.75E-03
21.87	8.75E-03
21.87	8.75E-03
21.87	8.75E-03
21.88	8.75E-03
21.88	8.75E-03
21.88	8.75E-03
21.88	8.75E-03
21.88	8.74E-03
21.88	8.74E-03
21.88	8.74E-03
21.88	8.74E-03
21.88	8.74E-03
21.88	8.74E-03
21.88	8.74E-03
21.88	8.74E-03
21.88	8.73E-03
21.88	8.73E-03
21.88	8.73E-03
21.88	8.73E-03
21.88	8.73E-03
21.88	8.73E-03
21.88	8.73E-03
21.88	8.73E-03
21.89	8.72E-03
21.89	8.72E-03
21.89	8.72E-03
21.89	8.72E-03
21.89	8.72E-03
21.89	8.72E-03
21.89	8.72E-03
21.89	8.72E-03
21.89	8.71E-03
21.89	8.71E-03
21.89	8.71E-03
21.89	8.71E-03
21.89	8.71E-03
21.89	8.71E-03
21.89	8.71E-03
21.89	8.71E-03
21.89	8.71E-03
21.89	8.70E-03
21.89	8.70E-03
21.89	8.70E-03
21.9	8.70E-03
21.9	8.70E-03
21.9	8.70E-03
21.9	8.70E-03
21.9	8.70E-03
21.9	8.69E-03
21.9	8.69E-03
21.9	8.69E-03
21.9	8.69E-03
21.9	8.69E-03
21.9	8.69E-03
21.9	8.69E-03
21.9	8.69E-03
21.9	8.68E-03
21.9	8.68E-03
21.9	8.68E-03
21.9	8.68E-03
21.9	8.68E-03
21.9	8.68E-03
21.9	8.68E-03
21.91	8.68E-03
21.91	8.67E-03
21.91	8.67E-03
21.91	8.67E-03
21.91	8.67E-03
21.91	8.67E-03
21.91	8.67E-03
21.91	8.67E-03
21.91	8.67E-03
21.91	8.66E-03
21.91	8.66E-03
21.91	8.66E-03
21.91	8.66E-03
21.91	8.66E-03
21.91	8.66E-03
21.91	8.66E-03
21.91	8.66E-03
21.91	8.65E-03
21.91	8.65E-03
21.91	8.65E-03
21.92	8.65E-03
21.92	8.65E-03
21.92	8.65E-03
21.92	8.65E-03
21.92	8.65E-03
21.92	8.64E-03
21.92	8.64E-03
21.92	8.64E-03
21.92	8.64E-03
21.92	8.64E-03
21.92	8.64E-03
21.92	8.64E-03
21.92	8.64E-03
21.92	8.63E-03
21.92	8.63E-03
21.92	8.63E-03
21.92	8.63E-03
21.92	8.63E-03
21.92	8.63E-03
21.92	8.63E-03
21.92	8.63E-03
21.93	8.62E-03
21.93	8.62E-03
21.93	8.62E-03
21.93	8.62E-03
21.93	8.62E-03
21.93	8.62E-03
21.93	8.62E-03
21.93	8.62E-03
21.93	8.61E-03
21.93	8.61E-03
21.93	8.61E-03
21.93	8.61E-03
21.93	8.61E-03
21.93	8.61E-03
21.93	8.61E-03
21.93	8.61E-03
21.93	8.61E-03
21.93	8.60E-03
21.93	8.60E-03
21.93	8.60E-03
21.94	8.60E-03
21.94	8.60E-03
21.94	8.60E-03
21.94	8.60E-03
21.94	8.60E-03
21.94	8.59E-03
21.94	8.59E-03
21.94	8.59E-03
21.94	8.59E-03
21.94	8.59E-03
21.94	8.59E-03
21.94	8.59E-03
21.94	8.59E-03
21.94	8.58E-03
21.94	8.58E-03
21.94	8.58E-03
21.94	8.58E-03
21.94	8.58E-03
21.94	8.58E-03
21.94	8.58E-03
21.95	8.58E-03
21.95	8.57E-03
21.95	8.57E-03
21.95	8.57E-03
21.95	8.57E-03
21.95	8.57E-03
21.95	8.57E-03
21.95	8.57E-03
21.95	8.57E-03
21.95	8.56E-03
21.95	8.56E-03
21.95	8.56E-03
21.95	8.56E-03
21.95	8.56E-03
21.95	8.56E-03
21.95	8.56E-03
21.95	8.56E-03
21.95	8.55E-03
21.95	8.55E-03
21.95	8.55E-03
21.96	8.55E-03
21.96	8.55E-03
21.96	8.55E-03
21.96	8.55E-03
21.96	8.55E-03
21.96	8.55E-03
21.96	8.54E-03
21.96	8.54E-03
21.96	8.54E-03
21.96	8.54E-03
21.96	8.54E-03
21.96	8.54E-03
21.96	8.54E-03
21.96	8.54E-03
21.96	8.53E-03
21.96	8.53E-03
21.96	8.53E-03
21.96	8.53E-03
21.96	8.53E-03
21.97	8.53E-03
21.97	8.53E-03
21.97	8.53E-03
21.97	8.52E-03
21.97	8.52E-03
21.97	8.52E-03
21.97	8.52E-03
21.97	8.52E-03
21.97	8.52E-03
21.97	8.52E-03
21.97	8.52E-03
21.97	8.51E-03
21.97	8.51E-03
21.97	8.51E-03
21.97	8.51E-03
21.97	8.51E-03
21.97	8.51E-03
21.97	8.51E-03
21.97	8.51E-03
21.97	8.51E-03
21.98	8.50E-03
21.98	8.50E-03
21.98	8.50E-03
21.98	8.50E-03
21.98	8.50E-03
21.98	8.50E-03
21.98	8.50E-03
21.98	8.50E-03
21.98	8.49E-03
21.98	8.49E-03
21.98	8.49E-03
21.98	8.49E-03
21.98	8.49E-03
21.98	8.49E-03
21.98	8.49E-03
21.98	8.49E-03
21.98	8.48E-03
21.98	8.48E-03
21.98	8.48E-03
21.98	8.48E-03
21.99	8.48E-03
21.99	8.48E-03
21.99	8.48E-03
21.99	8.48E-03
21.99	8.47E-03
21.99	8.47E-03
21.99	8.47E-03
21.99	8.47E-03
21.99	8.47E-03
21.99	8.47E-03
21.99	8.47E-03
21.99	8.47E-03
21.99	8.47E-03
21.99	8.46E-03
21.99	8.46E-03
21.99	8.46E-03
21.99	8.46E-03
21.99	8.46E-03
21.99	8.46E-03
21.99	8.46E-03
22	8.46E-03
22	8.45E-03
22	8.45E-03
22	8.45E-03
22	8.45E-03
22	8.45E-03
22	8.45E-03
22	8.45E-03
22	8.45E-03
22	8.44E-03
22	8.44E-03
22	8.44E-03
22	8.44E-03
22	8.44E-03
22	8.44E-03
22	8.44E-03
22	8.44E-03
22	8.44E-03
22	8.43E-03
22	8.43E-03
22	8.43E-03
22.01	8.43E-03
22.01	8.43E-03
22.01	8.43E-03
22.01	8.43E-03
22.01	8.43E-03
22.01	8.42E-03
22.01	8.42E-03
22.01	8.42E-03
22.01	8.42E-03
22.01	8.42E-03
22.01	8.42E-03
22.01	8.42E-03
22.01	8.42E-03
22.01	8.41E-03
22.01	8.41E-03
22.01	8.41E-03
22.01	8.41E-03
22.01	8.41E-03
22.01	8.41E-03
22.01	8.41E-03
22.02	8.41E-03
22.02	8.41E-03
22.02	8.40E-03
22.02	8.40E-03
22.02	8.40E-03
22.02	8.40E-03
22.02	8.40E-03
22.02	8.40E-03
22.02	8.40E-03
22.02	8.40E-03
22.02	8.39E-03
22.02	8.39E-03
22.02	8.39E-03
22.02	8.39E-03
22.02	8.39E-03
22.02	8.39E-03
22.02	8.39E-03
22.02	8.39E-03
22.02	8.39E-03
22.02	8.38E-03
22.03	8.38E-03
22.03	8.38E-03
22.03	8.38E-03
22.03	8.38E-03
22.03	8.38E-03
22.03	8.38E-03
22.03	8.38E-03
22.03	8.37E-03
22.03	8.37E-03
22.03	8.37E-03
22.03	8.37E-03
22.03	8.37E-03
22.03	8.37E-03
22.03	8.37E-03
22.03	8.37E-03
22.03	8.36E-03
22.03	8.36E-03
22.03	8.36E-03
22.03	8.36E-03
22.03	8.36E-03
22.04	8.36E-03
22.04	8.36E-03
22.04	8.36E-03
22.04	8.36E-03
22.04	8.35E-03
22.04	8.35E-03
22.04	8.35E-03
22.04	8.35E-03
22.04	8.35E-03
22.04	8.35E-03
22.04	8.35E-03
22.04	8.35E-03
22.04	8.34E-03
22.04	8.34E-03
22.04	8.34E-03
22.04	8.34E-03
22.04	8.34E-03
22.04	8.34E-03
22.04	8.34E-03
22.05	8.34E-03
22.05	8.34E-03
22.05	8.33E-03
22.05	8.33E-03
22.05	8.33E-03
22.05	8.33E-03
22.05	8.33E-03
22.05	8.33E-03
22.05	8.33E-03
22.05	8.33E-03
22.05	8.32E-03
22.05	8.32E-03
22.05	8.32E-03
22.05	8.32E-03
22.05	8.32E-03
22.05	8.32E-03
22.05	8.32E-03
22.05	8.32E-03
22.05	8.32E-03
22.05	8.31E-03
22.06	8.31E-03
22.06	8.31E-03
22.06	8.31E-03
22.06	8.31E-03
22.06	8.31E-03
22.06	8.31E-03
22.06	8.31E-03
22.06	8.30E-03
22.06	8.30E-03
22.06	8.30E-03
22.06	8.30E-03
22.06	8.30E-03
22.06	8.30E-03
22.06	8.30E-03
22.06	8.30E-03
22.06	8.30E-03
22.06	8.29E-03
22.06	8.29E-03
22.06	8.29E-03
22.06	8.29E-03
22.07	8.29E-03
22.07	8.29E-03
22.07	8.29E-03
22.07	8.29E-03
22.07	8.28E-03
22.07	8.28E-03
22.07	8.28E-03
22.07	8.28E-03
22.07	8.28E-03
22.07	8.28E-03
22.07	8.28E-03
22.07	8.28E-03
22.07	8.28E-03
22.07	8.27E-03
22.07	8.27E-03
22.07	8.27E-03
22.07	8.27E-03
22.07	8.27E-03
22.07	8.27E-03
22.07	8.27E-03
22.08	8.27E-03
22.08	8.26E-03
22.08	8.26E-03
22.08	8.26E-03
22.08	8.26E-03
22.08	8.26E-03
22.08	8.26E-03
22.08	8.26E-03
22.08	8.26E-03
22.08	8.26E-03
22.08	8.25E-03
22.08	8.25E-03
22.08	8.25E-03
22.08	8.25E-03
22.08	8.25E-03
22.08	8.25E-03
22.08	8.25E-03
22.08	8.25E-03
22.08	8.24E-03
22.08	8.24E-03
22.08	8.24E-03
22.09	8.24E-03
22.09	8.24E-03
22.09	8.24E-03
22.09	8.24E-03
22.09	8.24E-03
22.09	8.24E-03
22.09	8.23E-03
22.09	8.23E-03
22.09	8.23E-03
22.09	8.23E-03
22.09	8.23E-03
22.09	8.23E-03
22.09	8.23E-03
22.09	8.23E-03
22.09	8.22E-03
22.09	8.22E-03
22.09	8.22E-03
22.09	8.22E-03
22.09	8.22E-03
22.09	8.22E-03
22.1	8.22E-03
22.1	8.22E-03
22.1	8.22E-03
22.1	8.21E-03
22.1	8.21E-03
22.1	8.21E-03
22.1	8.21E-03
22.1	8.21E-03
22.1	8.21E-03
22.1	8.21E-03
22.1	8.21E-03
22.1	8.21E-03
22.1	8.20E-03
22.1	8.20E-03
22.1	8.20E-03
22.1	8.20E-03
22.1	8.20E-03
22.1	8.20E-03
22.1	8.20E-03
22.1	8.20E-03
22.11	8.19E-03
22.11	8.19E-03
22.11	8.19E-03
22.11	8.19E-03
22.11	8.19E-03
22.11	8.19E-03
22.11	8.19E-03
22.11	8.19E-03
22.11	8.19E-03
22.11	8.18E-03
22.11	8.18E-03
22.11	8.18E-03
22.11	8.18E-03
22.11	8.18E-03
22.11	8.18E-03
22.11	8.18E-03
22.11	8.18E-03
22.11	8.17E-03
22.11	8.17E-03
22.11	8.17E-03
22.12	8.17E-03
22.12	8.17E-03
22.12	8.17E-03
22.12	8.17E-03
22.12	8.17E-03
22.12	8.17E-03
22.12	8.16E-03
22.12	8.16E-03
22.12	8.16E-03
22.12	8.16E-03
22.12	8.16E-03
22.12	8.16E-03
22.12	8.16E-03
22.12	8.16E-03
22.12	8.16E-03
22.12	8.15E-03
22.12	8.15E-03
22.12	8.15E-03
22.12	8.15E-03
22.12	8.15E-03
22.13	8.15E-03
22.13	8.15E-03
22.13	8.15E-03
22.13	8.14E-03
22.13	8.14E-03
22.13	8.14E-03
22.13	8.14E-03
22.13	8.14E-03
22.13	8.14E-03
22.13	8.14E-03
22.13	8.14E-03
22.13	8.14E-03
22.13	8.13E-03
22.13	8.13E-03
22.13	8.13E-03
22.13	8.13E-03
22.13	8.13E-03
22.13	8.13E-03
22.13	8.13E-03
22.14	8.13E-03
22.14	8.13E-03
22.14	8.12E-03
22.14	8.12E-03
22.14	8.12E-03
22.14	8.12E-03
22.14	8.12E-03
22.14	8.12E-03
22.14	8.12E-03
22.14	8.12E-03
22.14	8.11E-03
22.14	8.11E-03
22.14	8.11E-03
22.14	8.11E-03
22.14	8.11E-03
22.14	8.11E-03
22.14	8.11E-03
22.14	8.11E-03
22.14	8.11E-03
22.14	8.10E-03
22.15	8.10E-03
22.15	8.10E-03
22.15	8.10E-03
22.15	8.10E-03
22.15	8.10E-03
22.15	8.10E-03
22.15	8.10E-03
22.15	8.10E-03
22.15	8.09E-03
22.15	8.09E-03
22.15	8.09E-03
22.15	8.09E-03
22.15	8.09E-03
22.15	8.09E-03
22.15	8.09E-03
22.15	8.09E-03
22.15	8.09E-03
22.15	8.08E-03
22.15	8.08E-03
22.15	8.08E-03
22.16	8.08E-03
22.16	8.08E-03
22.16	8.08E-03
22.16	8.08E-03
22.16	8.08E-03
22.16	8.07E-03
22.16	8.07E-03
22.16	8.07E-03
22.16	8.07E-03
22.16	8.07E-03
22.16	8.07E-03
22.16	8.07E-03
22.16	8.07E-03
22.16	8.07E-03
22.16	8.06E-03
22.16	8.06E-03
22.16	8.06E-03
22.16	8.06E-03
22.16	8.06E-03
22.16	8.06E-03
22.17	8.06E-03
22.17	8.06E-03
22.17	8.06E-03
22.17	8.05E-03
22.17	8.05E-03
22.17	8.05E-03
22.17	8.05E-03
22.17	8.05E-03
22.17	8.05E-03
22.17	8.05E-03
22.17	8.05E-03
22.17	8.05E-03
22.17	8.04E-03
22.17	8.04E-03
22.17	8.04E-03
22.17	8.04E-03
22.17	8.04E-03
22.17	8.04E-03
22.17	8.04E-03
22.17	8.04E-03
22.17	8.04E-03
22.18	8.03E-03
22.18	8.03E-03
22.18	8.03E-03
22.18	8.03E-03
22.18	8.03E-03
22.18	8.03E-03
22.18	8.03E-03
22.18	8.03E-03
22.18	8.02E-03
22.18	8.02E-03
22.18	8.02E-03
22.18	8.02E-03
22.18	8.02E-03
22.18	8.02E-03
22.18	8.02E-03
22.18	8.02E-03
22.18	8.02E-03
22.18	8.01E-03
22.18	8.01E-03
22.18	8.01E-03
22.19	8.01E-03
22.19	8.01E-03
22.19	8.01E-03
22.19	8.01E-03
22.19	8.01E-03
22.19	8.01E-03
22.19	8.00E-03
22.19	8.00E-03
22.19	8.00E-03
22.19	8.00E-03
22.19	8.00E-03
22.19	8.00E-03
22.19	8.00E-03
22.19	8.00E-03
22.19	8.00E-03
22.19	7.99E-03
22.19	7.99E-03
22.19	7.99E-03
22.19	7.99E-03
22.19	7.99E-03
22.2	7.99E-03
22.2	7.99E-03
22.2	7.99E-03
22.2	7.99E-03
22.2	7.98E-03
22.2	7.98E-03
22.2	7.98E-03
22.2	7.98E-03
22.2	7.98E-03
22.2	7.98E-03
22.2	7.98E-03
22.2	7.98E-03
22.2	7.98E-03
22.2	7.97E-03
22.2	7.97E-03
22.2	7.97E-03
22.2	7.97E-03
22.2	7.97E-03
22.2	7.97E-03
22.2	7.97E-03
22.21	7.97E-03
22.21	7.97E-03
22.21	7.96E-03
22.21	7.96E-03
22.21	7.96E-03
22.21	7.96E-03
22.21	7.96E-03
22.21	7.96E-03
22.21	7.96E-03
22.21	7.96E-03
22.21	7.96E-03
22.21	7.95E-03
22.21	7.95E-03
22.21	7.95E-03
22.21	7.95E-03
22.21	7.95E-03
22.21	7.95E-03
22.21	7.95E-03
22.21	7.95E-03
22.22	7.94E-03
22.22	7.94E-03
22.22	7.94E-03
22.22	7.94E-03
22.22	7.94E-03
22.22	7.94E-03
22.22	7.94E-03
22.22	7.94E-03
22.22	7.94E-03
22.22	7.93E-03
22.22	7.93E-03
22.22	7.93E-03
22.22	7.93E-03
22.22	7.93E-03
22.22	7.93E-03
22.22	7.93E-03
22.22	7.93E-03
22.22	7.93E-03
22.22	7.92E-03
22.22	7.92E-03
22.23	7.92E-03
22.23	7.92E-03
22.23	7.92E-03
22.23	7.92E-03
22.23	7.92E-03
22.23	7.92E-03
22.23	7.92E-03
22.23	7.91E-03
22.23	7.91E-03
22.23	7.91E-03
22.23	7.91E-03
22.23	7.91E-03
22.23	7.91E-03
22.23	7.91E-03
22.23	7.91E-03
22.23	7.91E-03
22.23	7.90E-03
22.23	7.90E-03
22.23	7.90E-03
22.23	7.90E-03
22.24	7.90E-03
22.24	7.90E-03
22.24	7.90E-03
22.24	7.90E-03
22.24	7.90E-03
22.24	7.89E-03
22.24	7.89E-03
22.24	7.89E-03
22.24	7.89E-03
22.24	7.89E-03
22.24	7.89E-03
22.24	7.89E-03
22.24	7.89E-03
22.24	7.89E-03
22.24	7.88E-03
22.24	7.88E-03
22.24	7.88E-03
22.24	7.88E-03
22.24	7.88E-03
22.24	7.88E-03
22.25	7.88E-03
22.25	7.88E-03
22.25	7.88E-03
22.25	7.87E-03
22.25	7.87E-03
22.25	7.87E-03
22.25	7.87E-03
22.25	7.87E-03
22.25	7.87E-03
22.25	7.87E-03
22.25	7.87E-03
22.25	7.87E-03
22.25	7.86E-03
22.25	7.86E-03
22.25	7.86E-03
22.25	7.86E-03
22.25	7.86E-03
22.25	7.86E-03
22.25	7.86E-03
22.25	7.86E-03
22.25	7.86E-03
22.26	7.85E-03
22.26	7.85E-03
22.26	7.85E-03
22.26	7.85E-03
22.26	7.85E-03
22.26	7.85E-03
22.26	7.85E-03
22.26	7.85E-03
22.26	7.85E-03
22.26	7.85E-03
22.26	7.84E-03
22.26	7.84E-03
22.26	7.84E-03
22.26	7.84E-03
22.26	7.84E-03
22.26	7.84E-03
22.26	7.84E-03
22.26	7.84E-03
22.26	7.84E-03
22.26	7.83E-03
22.27	7.83E-03
22.27	7.83E-03
22.27	7.83E-03
22.27	7.83E-03
22.27	7.83E-03
22.27	7.83E-03
22.27	7.83E-03
22.27	7.83E-03
22.27	7.82E-03
22.27	7.82E-03
22.27	7.82E-03
22.27	7.82E-03
22.27	7.82E-03
22.27	7.82E-03
22.27	7.82E-03
22.27	7.82E-03
22.27	7.82E-03
22.27	7.81E-03
22.27	7.81E-03
22.27	7.81E-03
22.28	7.81E-03
22.28	7.81E-03
22.28	7.81E-03
22.28	7.81E-03
22.28	7.81E-03
22.28	7.81E-03
22.28	7.80E-03
22.28	7.80E-03
22.28	7.80E-03
22.28	7.80E-03
22.28	7.80E-03
22.28	7.80E-03
22.28	7.80E-03
22.28	7.80E-03
22.28	7.80E-03
22.28	7.79E-03
22.28	7.79E-03
22.28	7.79E-03
22.28	7.79E-03
22.28	7.79E-03
22.29	7.79E-03
22.29	7.79E-03
22.29	7.79E-03
22.29	7.79E-03
22.29	7.78E-03
22.29	7.78E-03
22.29	7.78E-03
22.29	7.78E-03
22.29	7.78E-03
22.29	7.78E-03
22.29	7.78E-03
22.29	7.78E-03
22.29	7.78E-03
22.29	7.77E-03
22.29	7.77E-03
22.29	7.77E-03
22.29	7.77E-03
22.29	7.77E-03
22.29	7.77E-03
22.3	7.77E-03
22.3	7.77E-03
22.3	7.77E-03
22.3	7.77E-03
22.3	7.76E-03
22.3	7.76E-03
22.3	7.76E-03
22.3	7.76E-03
22.3	7.76E-03
22.3	7.76E-03
22.3	7.76E-03
22.3	7.76E-03
22.3	7.76E-03
22.3	7.75E-03
22.3	7.75E-03
22.3	7.75E-03
22.3	7.75E-03
22.3	7.75E-03
22.3	7.75E-03
22.3	7.75E-03
22.31	7.75E-03
22.31	7.75E-03
22.31	7.74E-03
22.31	7.74E-03
22.31	7.74E-03
22.31	7.74E-03
22.31	7.74E-03
22.31	7.74E-03
22.31	7.74E-03
22.31	7.74E-03
22.31	7.74E-03
22.31	7.73E-03
22.31	7.73E-03
22.31	7.73E-03
22.31	7.73E-03
22.31	7.73E-03
22.31	7.73E-03
22.31	7.73E-03
22.31	7.73E-03
22.31	7.73E-03
22.32	7.72E-03
22.32	7.72E-03
22.32	7.72E-03
22.32	7.72E-03
22.32	7.72E-03
22.32	7.72E-03
22.32	7.72E-03
22.32	7.72E-03
22.32	7.72E-03
22.32	7.72E-03
22.32	7.71E-03
22.32	7.71E-03
22.32	7.71E-03
22.32	7.71E-03
22.32	7.71E-03
22.32	7.71E-03
22.32	7.71E-03
22.32	7.71E-03
22.32	7.71E-03
22.32	7.70E-03
22.33	7.70E-03
22.33	7.70E-03
22.33	7.70E-03
22.33	7.70E-03
22.33	7.70E-03
22.33	7.70E-03
22.33	7.70E-03
22.33	7.70E-03
22.33	7.69E-03
22.33	7.69E-03
22.33	7.69E-03
22.33	7.69E-03
22.33	7.69E-03
22.33	7.69E-03
22.33	7.69E-03
22.33	7.69E-03
22.33	7.69E-03
22.33	7.68E-03
22.33	7.68E-03
22.33	7.68E-03
22.33	7.68E-03
22.34	7.68E-03
22.34	7.68E-03
22.34	7.68E-03
22.34	7.68E-03
22.34	7.68E-03
22.34	7.68E-03
22.34	7.67E-03
22.34	7.67E-03
22.34	7.67E-03
22.34	7.67E-03
22.34	7.67E-03
22.34	7.67E-03
22.34	7.67E-03
22.34	7.67E-03
22.34	7.67E-03
22.34	7.66E-03
22.34	7.66E-03
22.34	7.66E-03
22.34	7.66E-03
22.34	7.66E-03
22.35	7.66E-03
22.35	7.66E-03
22.35	7.66E-03
22.35	7.66E-03
22.35	7.65E-03
22.35	7.65E-03
22.35	7.65E-03
22.35	7.65E-03
22.35	7.65E-03
22.35	7.65E-03
22.35	7.65E-03
22.35	7.65E-03
22.35	7.65E-03
22.35	7.65E-03
22.35	7.64E-03
22.35	7.64E-03
22.35	7.64E-03
22.35	7.64E-03
22.35	7.64E-03
22.35	7.64E-03
22.36	7.64E-03
22.36	7.64E-03
22.36	7.64E-03
22.36	7.63E-03
22.36	7.63E-03
22.36	7.63E-03
22.36	7.63E-03
22.36	7.63E-03
22.36	7.63E-03
22.36	7.63E-03
22.36	7.63E-03
22.36	7.63E-03
22.36	7.63E-03
22.36	7.62E-03
22.36	7.62E-03
22.36	7.62E-03
22.36	7.62E-03
22.36	7.62E-03
22.36	7.62E-03
22.36	7.62E-03
22.37	7.62E-03
22.37	7.62E-03
22.37	7.61E-03
22.37	7.61E-03
22.37	7.61E-03
22.37	7.61E-03
22.37	7.61E-03
22.37	7.61E-03
22.37	7.61E-03
22.37	7.61E-03
22.37	7.61E-03
22.37	7.60E-03
22.37	7.60E-03
22.37	7.60E-03
22.37	7.60E-03
22.37	7.60E-03
22.37	7.60E-03
22.37	7.60E-03
22.37	7.60E-03
22.38	7.60E-03
22.38	7.60E-03
22.38	7.59E-03
22.38	7.59E-03
22.38	7.59E-03
22.38	7.59E-03
22.38	7.59E-03
22.38	7.59E-03
22.38	7.59E-03
22.38	7.59E-03
22.38	7.59E-03
22.38	7.58E-03
22.38	7.58E-03
22.38	7.58E-03
22.38	7.58E-03
22.38	7.58E-03
22.38	7.58E-03
22.38	7.58E-03
22.38	7.58E-03
22.38	7.58E-03
22.39	7.58E-03
22.39	7.57E-03
22.39	7.57E-03
22.39	7.57E-03
22.39	7.57E-03
22.39	7.57E-03
22.39	7.57E-03
22.39	7.57E-03
22.39	7.57E-03
22.39	7.57E-03
22.39	7.56E-03
22.39	7.56E-03
22.39	7.56E-03
22.39	7.56E-03
22.39	7.56E-03
22.39	7.56E-03
22.39	7.56E-03
22.39	7.56E-03
22.39	7.56E-03
22.39	7.56E-03
22.4	7.55E-03
22.4	7.55E-03
22.4	7.55E-03
22.4	7.55E-03
22.4	7.55E-03
22.4	7.55E-03
22.4	7.55E-03
22.4	7.55E-03
22.4	7.55E-03
22.4	7.54E-03
22.4	7.54E-03
22.4	7.54E-03
22.4	7.54E-03
22.4	7.54E-03
22.4	7.54E-03
22.4	7.54E-03
22.4	7.54E-03
22.4	7.54E-03
22.4	7.54E-03
22.4	7.53E-03
22.41	7.53E-03
22.41	7.53E-03
22.41	7.53E-03
22.41	7.53E-03
22.41	7.53E-03
22.41	7.53E-03
22.41	7.53E-03
22.41	7.53E-03
22.41	7.52E-03
22.41	7.52E-03
22.41	7.52E-03
22.41	7.52E-03
22.41	7.52E-03
22.41	7.52E-03
22.41	7.52E-03
22.41	7.52E-03
22.41	7.52E-03
22.41	7.52E-03
22.41	7.51E-03
22.41	7.51E-03
22.42	7.51E-03
22.42	7.51E-03
22.42	7.51E-03
22.42	7.51E-03
22.42	7.51E-03
22.42	7.51E-03
22.42	7.51E-03
22.42	7.50E-03
22.42	7.50E-03
22.42	7.50E-03
22.42	7.50E-03
22.42	7.50E-03
22.42	7.50E-03
22.42	7.50E-03
22.42	7.50E-03
22.42	7.50E-03
22.42	7.50E-03
22.42	7.49E-03
22.42	7.49E-03
22.42	7.49E-03
22.42	7.49E-03
22.43	7.49E-03
22.43	7.49E-03
22.43	7.49E-03
22.43	7.49E-03
22.43	7.49E-03
22.43	7.49E-03
22.43	7.48E-03
22.43	7.48E-03
22.43	7.48E-03
22.43	7.48E-03
22.43	7.48E-03
22.43	7.48E-03
22.43	7.48E-03
22.43	7.48E-03
22.43	7.48E-03
22.43	7.47E-03
22.43	7.47E-03
22.43	7.47E-03
22.43	7.47E-03
22.43	7.47E-03