0	26
5.00E-04	27
1.00E-03	27
1.50E-03	27
2.00E-03	27
2.50E-03	27
3.00E-03	27
3.50E-03	27
4.00E-03	27
4.50E-03	27
5.00E-03	27
5.50E-03	27
6.00E-03	27
6.50E-03	27
7.00E-03	27
7.50E-03	27
8.00E-03	27
8.50E-03	27
9.00E-03	27
9.50E-03	27
1.00E-02	27
1.05E-02	27
1.10E-02	27
1.15E-02	27
1.20E-02	27
1.25E-02	27
1.30E-02	27
1.35E-02	27
1.40E-02	27
1.45E-02	27
1.50E-02	27
1.55E-02	27
1.60E-02	27
1.65E-02	27
1.70E-02	27
1.75E-02	27
1.80E-02	27
1.85E-02	27
1.90E-02	27
1.95E-02	27
2.00E-02	27
2.05E-02	27
2.10E-02	27
2.15E-02	27
2.20E-02	27
2.25E-02	27
2.30E-02	27
2.35E-02	27
2.40E-02	27
2.45E-02	27
2.50E-02	27
2.55E-02	27
2.60E-02	27
2.65E-02	27
2.70E-02	27
2.75E-02	27
2.80E-02	27
2.85E-02	27
2.90E-02	27
2.95E-02	27
3.00E-02	27
3.05E-02	27
3.10E-02	27
3.15E-02	27
3.20E-02	27
3.25E-02	27
3.30E-02	27
3.35E-02	27
3.40E-02	27
3.45E-02	27
3.50E-02	27
3.55E-02	27
3.60E-02	27
3.65E-02	27
3.70E-02	27
3.75E-02	27
3.80E-02	27
3.85E-02	27
3.90E-02	27
3.95E-02	27
4.00E-02	27
4.05E-02	27
4.10E-02	27
4.15E-02	27
4.20E-02	27
4.25E-02	27
4.30E-02	27
4.35E-02	27
4.40E-02	27
4.45E-02	27
4.50E-02	27
4.55E-02	27
4.60E-02	27
4.65E-02	27
4.70E-02	27
4.75E-02	27
4.80E-02	27
4.85E-02	27
4.90E-02	27
4.95E-02	27
5.00E-02	27
5.05E-02	27
5.10E-02	27
5.15E-02	27
5.20E-02	27
5.25E-02	27
5.30E-02	27
5.35E-02	27
5.40E-02	27
5.45E-02	27
5.50E-02	27
5.55E-02	27
5.60E-02	27
5.65E-02	27
5.70E-02	27
5.75E-02	27
5.80E-02	27
5.85E-02	27
5.90E-02	27
5.95E-02	27
6.00E-02	27
6.05E-02	27
6.10E-02	27
6.15E-02	27
6.20E-02	27
6.25E-02	27
6.30E-02	27
6.35E-02	27
6.40E-02	27
6.45E-02	27
6.50E-02	27
6.55E-02	27
6.60E-02	27
6.65E-02	27
6.70E-02	27
6.75E-02	27
6.80E-02	27
6.85E-02	27
6.90E-02	27
6.95E-02	27
7.00E-02	27
7.05E-02	27
7.10E-02	27
7.15E-02	27
7.20E-02	27
7.25E-02	27
7.30E-02	27
7.35E-02	27
7.40E-02	27
7.45E-02	27
7.50E-02	27
7.55E-02	27
7.60E-02	27
7.65E-02	27
7.70E-02	27
7.75E-02	27
7.80E-02	27
7.85E-02	27
7.90E-02	27
7.95E-02	27
8.00E-02	27
8.05E-02	27
8.10E-02	27
8.15E-02	27
8.20E-02	27
8.25E-02	27
8.30E-02	27
8.35E-02	27
8.40E-02	27
8.45E-02	27
8.50E-02	27
8.55E-02	27
8.60E-02	27
8.65E-02	27
8.70E-02	27
8.75E-02	27
8.80E-02	27
8.85E-02	27
8.90E-02	27
8.95E-02	27
9.00E-02	27
9.05E-02	27
9.10E-02	27
9.15E-02	27
9.20E-02	27
9.25E-02	27
9.30E-02	27
9.35E-02	27
9.40E-02	27
9.45E-02	27
9.50E-02	27
9.55E-02	27
9.60E-02	27
9.65E-02	27
9.70E-02	27
9.75E-02	27
9.80E-02	27
9.85E-02	27
9.90E-02	27
9.95E-02	27
1.00E-01	27
1.01E-01	27
1.01E-01	27
1.02E-01	27
1.02E-01	27
1.03E-01	27
1.03E-01	27
1.04E-01	27
1.04E-01	27
1.05E-01	27
1.05E-01	27
1.06E-01	27
1.06E-01	27
1.07E-01	27
1.07E-01	27
1.08E-01	27
1.08E-01	27
1.09E-01	27
1.09E-01	27
1.10E-01	27
1.10E-01	27
1.11E-01	27
1.11E-01	27
1.12E-01	27
1.12E-01	27
1.13E-01	27
1.13E-01	27
1.14E-01	27
1.14E-01	27
1.15E-01	27
1.15E-01	27
1.16E-01	27
1.16E-01	27
1.17E-01	27
1.17E-01	27
1.18E-01	27
1.18E-01	27
1.19E-01	27
1.19E-01	27
1.20E-01	27
1.20E-01	27
1.21E-01	27
1.21E-01	27
1.22E-01	27
1.22E-01	27
1.23E-01	27
1.23E-01	27
1.24E-01	27
1.24E-01	27
1.25E-01	27
1.25E-01	27
1.26E-01	27
1.26E-01	27
1.27E-01	27
1.27E-01	27
1.28E-01	27
1.28E-01	27
1.29E-01	27
1.29E-01	27
1.30E-01	27
1.30E-01	27
1.31E-01	27
1.31E-01	27
1.32E-01	27
1.32E-01	27
1.33E-01	27
1.33E-01	27
1.34E-01	27
1.34E-01	27
1.35E-01	27
1.35E-01	27
1.36E-01	27
1.36E-01	27
1.37E-01	27
1.37E-01	27
1.38E-01	27
1.38E-01	27
1.39E-01	27
1.39E-01	27
1.40E-01	27
1.40E-01	27
1.41E-01	27
1.41E-01	27
1.42E-01	27
1.42E-01	27
1.43E-01	27
1.43E-01	27
1.44E-01	27
1.44E-01	27
1.45E-01	27
1.45E-01	27
1.46E-01	27
1.46E-01	27
1.47E-01	27
1.47E-01	27
1.48E-01	27
1.48E-01	27
1.49E-01	27
1.49E-01	27
1.50E-01	27
1.50E-01	27
1.51E-01	27
1.51E-01	27
1.52E-01	27
1.52E-01	27
1.53E-01	27
1.53E-01	27
1.54E-01	27
1.54E-01	27
1.55E-01	27
1.55E-01	27
1.56E-01	27
1.56E-01	27
1.57E-01	27
1.57E-01	27
1.58E-01	27
1.58E-01	27
1.59E-01	27
1.59E-01	27
1.60E-01	27
1.60E-01	27
1.61E-01	27
1.61E-01	27
1.62E-01	27
1.62E-01	27
1.63E-01	27
1.63E-01	27
1.64E-01	27
1.64E-01	27
1.65E-01	27
1.65E-01	27
1.66E-01	27
1.66E-01	27
1.67E-01	27
1.67E-01	27
1.68E-01	27
1.68E-01	27
1.69E-01	27
1.69E-01	27
1.70E-01	27
1.70E-01	27
1.71E-01	27
1.71E-01	27
1.72E-01	27
1.72E-01	27
1.73E-01	27
1.73E-01	27
1.74E-01	27
1.74E-01	27
1.75E-01	27
1.75E-01	27
1.76E-01	27
1.76E-01	27
1.77E-01	27
1.77E-01	27
1.78E-01	27
1.78E-01	27
1.79E-01	27
1.79E-01	27
1.80E-01	27
1.80E-01	27
1.81E-01	27
1.81E-01	27
1.82E-01	27
1.82E-01	27
1.83E-01	27
1.83E-01	27
1.84E-01	27
1.84E-01	27
1.85E-01	27
1.85E-01	27
1.86E-01	27
1.86E-01	27
1.87E-01	27
1.87E-01	27
1.88E-01	27
1.88E-01	27
1.89E-01	27
1.89E-01	27
1.90E-01	27
1.90E-01	27
1.91E-01	27
1.91E-01	27
1.92E-01	27
1.92E-01	27
1.93E-01	27
1.93E-01	27
1.94E-01	27
1.94E-01	27
1.95E-01	27
1.95E-01	27
1.96E-01	27
1.96E-01	27
1.97E-01	27
1.97E-01	27
1.98E-01	27
1.98E-01	27
1.99E-01	27
1.99E-01	27
2.00E-01	27
2.00E-01	27
2.01E-01	27
2.01E-01	27
2.02E-01	27
2.02E-01	27
2.03E-01	27
2.03E-01	27
2.04E-01	27
2.04E-01	27
2.05E-01	27
2.05E-01	27
2.06E-01	27
2.06E-01	27
2.07E-01	27
2.07E-01	27
2.08E-01	27
2.08E-01	27
2.09E-01	27
2.09E-01	27
2.10E-01	27
2.10E-01	27
2.11E-01	27
2.11E-01	27
2.12E-01	27
2.12E-01	27
2.13E-01	27
2.13E-01	27
2.14E-01	27
2.14E-01	27
2.15E-01	27
2.15E-01	27
2.16E-01	27
2.16E-01	27
2.17E-01	27
2.17E-01	27
2.18E-01	27
2.18E-01	27
2.19E-01	27
2.19E-01	27
2.20E-01	27
2.20E-01	27
2.21E-01	27
2.21E-01	27
2.22E-01	27
2.22E-01	27
2.23E-01	27
2.23E-01	27
2.24E-01	27
2.24E-01	27
2.25E-01	27
2.25E-01	27
2.26E-01	27
2.26E-01	27
2.27E-01	27
2.27E-01	27
2.28E-01	27
2.28E-01	27
2.29E-01	27
2.29E-01	27
2.30E-01	27
2.30E-01	27
2.31E-01	27
2.31E-01	27
2.32E-01	27
2.32E-01	27
2.33E-01	27
2.33E-01	27
2.34E-01	27
2.34E-01	27
2.35E-01	27
2.35E-01	27
2.36E-01	27
2.36E-01	27
2.37E-01	27
2.37E-01	27
2.38E-01	27
2.38E-01	27
2.39E-01	27
2.39E-01	27
2.40E-01	27
2.40E-01	27
2.41E-01	27
2.41E-01	27
2.42E-01	27
2.42E-01	27
2.43E-01	27
2.43E-01	27
2.44E-01	27
2.44E-01	27
2.45E-01	27
2.45E-01	27
2.46E-01	27
2.46E-01	27
2.47E-01	27
2.47E-01	27
2.48E-01	27
2.48E-01	27
2.49E-01	27
2.49E-01	27
2.50E-01	27
2.50E-01	27
2.51E-01	27
2.51E-01	27
2.52E-01	27
2.52E-01	27
2.53E-01	27
2.53E-01	27
2.54E-01	27
2.54E-01	27
2.55E-01	27
2.55E-01	27
2.56E-01	27
2.56E-01	27
2.57E-01	27
2.57E-01	27
2.58E-01	27
2.58E-01	27
2.59E-01	27
2.59E-01	27
2.60E-01	27
2.60E-01	27
2.61E-01	27
2.61E-01	27
2.62E-01	27
2.62E-01	27
2.63E-01	27
2.63E-01	27
2.64E-01	27
2.64E-01	27
2.65E-01	27
2.65E-01	27
2.66E-01	27
2.66E-01	27
2.67E-01	27
2.67E-01	27
2.68E-01	27
2.68E-01	27
2.69E-01	27
2.69E-01	27
2.70E-01	27
2.70E-01	27
2.71E-01	27
2.71E-01	27
2.72E-01	27
2.72E-01	27
2.73E-01	27
2.73E-01	27
2.74E-01	27
2.74E-01	27
2.75E-01	27
2.75E-01	27
2.76E-01	27
2.76E-01	27
2.77E-01	27
2.77E-01	27
2.78E-01	27
2.78E-01	27
2.79E-01	27
2.79E-01	27
2.80E-01	27
2.80E-01	27
2.81E-01	27
2.81E-01	27
2.82E-01	27
2.82E-01	27
2.83E-01	27
2.83E-01	27
2.84E-01	27
2.84E-01	27
2.85E-01	27
2.85E-01	27
2.86E-01	27
2.86E-01	27
2.87E-01	27
2.87E-01	27
2.88E-01	27
2.88E-01	27
2.89E-01	27
2.89E-01	27
2.90E-01	27
2.90E-01	27
2.91E-01	27
2.91E-01	27
2.92E-01	27
2.92E-01	27
2.93E-01	27
2.93E-01	27
2.94E-01	27
2.94E-01	27
2.95E-01	27
2.95E-01	27
2.96E-01	27
2.96E-01	27
2.97E-01	27
2.97E-01	27
2.98E-01	27
2.98E-01	27
2.99E-01	27
2.99E-01	27
3.00E-01	27
3.00E-01	27
3.01E-01	27
3.01E-01	27
3.02E-01	27
3.02E-01	27
3.03E-01	27
3.03E-01	27
3.04E-01	27
3.04E-01	27
3.05E-01	27
3.05E-01	27
3.06E-01	27
3.06E-01	27
3.07E-01	27
3.07E-01	27
3.08E-01	27
3.08E-01	27
3.09E-01	27
3.09E-01	27
3.10E-01	27
3.10E-01	27
3.11E-01	27
3.11E-01	27
3.12E-01	27
3.12E-01	27
3.13E-01	27
3.13E-01	27
3.14E-01	27
3.14E-01	27
3.15E-01	27
3.15E-01	27
3.16E-01	27
3.16E-01	27
3.17E-01	27
3.17E-01	27
3.18E-01	27
3.18E-01	27
3.19E-01	27
3.19E-01	27
3.20E-01	27
3.20E-01	27
3.21E-01	27
3.21E-01	27
3.22E-01	27
3.22E-01	27
3.23E-01	27
3.23E-01	27
3.24E-01	27
3.24E-01	27
3.25E-01	27
3.25E-01	27
3.26E-01	27
3.26E-01	27
3.27E-01	27
3.27E-01	27
3.28E-01	27
3.28E-01	27
3.29E-01	27
3.29E-01	27
3.30E-01	27
3.30E-01	27
3.31E-01	27
3.31E-01	27
3.32E-01	27
3.32E-01	27
3.33E-01	27
3.33E-01	27
3.34E-01	27
3.34E-01	27
3.35E-01	27
3.35E-01	27
3.36E-01	27
3.36E-01	27
3.37E-01	27
3.37E-01	27
3.38E-01	27
3.38E-01	27
3.39E-01	27
3.39E-01	27
3.40E-01	27
3.40E-01	27
3.41E-01	27
3.41E-01	27
3.42E-01	27
3.42E-01	27
3.43E-01	27
3.43E-01	27
3.44E-01	27
3.44E-01	27
3.45E-01	27
3.45E-01	27
3.46E-01	27
3.46E-01	27
3.47E-01	27
3.47E-01	27
3.48E-01	27
3.48E-01	27
3.49E-01	27
3.49E-01	27
3.50E-01	27
3.50E-01	27
3.51E-01	27
3.51E-01	27
3.52E-01	27
3.52E-01	27
3.53E-01	27
3.53E-01	27
3.54E-01	27
3.54E-01	27
3.55E-01	27
3.55E-01	27
3.56E-01	27
3.56E-01	27
3.57E-01	27
3.57E-01	27
3.58E-01	27
3.58E-01	27
3.59E-01	27
3.59E-01	27
3.60E-01	27
3.60E-01	27
3.61E-01	27
3.61E-01	27
3.62E-01	27
3.62E-01	27
3.63E-01	27
3.63E-01	27
3.64E-01	27
3.64E-01	27
3.65E-01	27
3.65E-01	27
3.66E-01	27
3.66E-01	27
3.67E-01	27
3.67E-01	27
3.68E-01	27
3.68E-01	27
3.69E-01	27
3.69E-01	27
3.70E-01	27
3.70E-01	27
3.71E-01	27
3.71E-01	27
3.72E-01	27
3.72E-01	27
3.73E-01	27
3.73E-01	27
3.74E-01	27
3.74E-01	27
3.75E-01	27
3.75E-01	27
3.76E-01	27
3.76E-01	27
3.77E-01	27
3.77E-01	27
3.78E-01	27
3.78E-01	27
3.79E-01	27
3.79E-01	27
3.80E-01	27
3.80E-01	27
3.81E-01	27
3.81E-01	27
3.82E-01	27
3.82E-01	27
3.83E-01	27
3.83E-01	27
3.84E-01	27
3.84E-01	27
3.85E-01	27
3.85E-01	27
3.86E-01	27
3.86E-01	27
3.87E-01	27
3.87E-01	27
3.88E-01	27
3.88E-01	27
3.89E-01	27
3.89E-01	27
3.90E-01	27
3.90E-01	27
3.91E-01	27
3.91E-01	27
3.92E-01	27
3.92E-01	27
3.93E-01	27
3.93E-01	27
3.94E-01	27
3.94E-01	27
3.95E-01	27
3.95E-01	27
3.96E-01	27
3.96E-01	27
3.97E-01	27
3.97E-01	27
3.98E-01	27
3.98E-01	27
3.99E-01	27
3.99E-01	27
4.00E-01	27
4.00E-01	27
4.01E-01	27
4.01E-01	27
4.02E-01	27
4.02E-01	27
4.03E-01	27
4.03E-01	27
4.04E-01	27
4.04E-01	27
4.05E-01	27
4.05E-01	27
4.06E-01	27
4.06E-01	27
4.07E-01	27
4.07E-01	27
4.08E-01	27
4.08E-01	27
4.09E-01	27
4.09E-01	27
4.10E-01	27
4.10E-01	27
4.11E-01	27
4.11E-01	27
4.12E-01	27
4.12E-01	27
4.13E-01	27
4.13E-01	27
4.14E-01	27
4.14E-01	27.01
4.15E-01	27.01
4.15E-01	27.01
4.16E-01	27.01
4.16E-01	27.01
4.17E-01	27.01
4.17E-01	27.01
4.18E-01	27.01
4.18E-01	27.01
4.19E-01	27.01
4.19E-01	27.01
4.20E-01	27.01
4.20E-01	27.01
4.21E-01	27.01
4.21E-01	27.01
4.22E-01	27.01
4.22E-01	27.01
4.23E-01	27.01
4.23E-01	27.01
4.24E-01	27.01
4.24E-01	27.01
4.25E-01	27.01
4.25E-01	27.01
4.26E-01	27.01
4.26E-01	27.01
4.27E-01	27.01
4.27E-01	27.01
4.28E-01	27.01
4.28E-01	27.01
4.29E-01	27.01
4.29E-01	27.01
4.30E-01	27.01
4.30E-01	27.02
4.31E-01	27.02
4.31E-01	27.02
4.32E-01	27.02
4.32E-01	27.02
4.33E-01	27.02
4.33E-01	27.02
4.34E-01	27.02
4.34E-01	27.02
4.35E-01	27.02
4.35E-01	27.02
4.36E-01	27.02
4.36E-01	27.02
4.37E-01	27.02
4.37E-01	27.03
4.38E-01	27.03
4.38E-01	27.03
4.39E-01	27.03
4.39E-01	27.03
4.40E-01	27.03
4.40E-01	27.03
4.41E-01	27.03
4.41E-01	27.03
4.42E-01	27.03
4.42E-01	27.04
4.43E-01	27.04
4.43E-01	27.04
4.44E-01	27.04
4.44E-01	27.04
4.45E-01	27.04
4.45E-01	27.04
4.46E-01	27.05
4.46E-01	27.05
4.47E-01	27.05
4.47E-01	27.05
4.48E-01	27.05
4.48E-01	27.05
4.49E-01	27.06
4.49E-01	27.06
4.50E-01	27.06
4.50E-01	27.06
4.51E-01	27.06
4.51E-01	27.07
4.52E-01	27.07
4.52E-01	27.07
4.53E-01	27.07
4.53E-01	27.08
4.54E-01	27.08
4.54E-01	27.08
4.55E-01	27.08
4.55E-01	27.09
4.56E-01	27.09
4.56E-01	27.09
4.57E-01	27.1
4.57E-01	27.1
4.58E-01	27.1
4.58E-01	27.11
4.59E-01	27.11
4.59E-01	27.12
4.60E-01	27.12
4.60E-01	27.12
4.61E-01	27.13
4.61E-01	27.13
4.62E-01	27.14
4.62E-01	27.14
4.63E-01	27.15
4.63E-01	27.15
4.64E-01	27.16
4.64E-01	27.16
4.65E-01	27.17
4.65E-01	27.18
4.66E-01	27.18
4.66E-01	27.19
4.67E-01	27.2
4.67E-01	27.2
4.68E-01	27.21
4.68E-01	27.22
4.69E-01	27.23
4.69E-01	27.23
4.70E-01	27.24
4.70E-01	27.25
4.71E-01	27.26
4.71E-01	27.27
4.72E-01	27.28
4.72E-01	27.29
4.73E-01	27.3
4.73E-01	27.31
4.74E-01	27.32
4.74E-01	27.33
4.75E-01	27.34
4.75E-01	27.36
4.76E-01	27.37
4.76E-01	27.38
4.77E-01	27.39
4.77E-01	27.41
4.78E-01	27.42
4.78E-01	27.44
4.79E-01	27.45
4.79E-01	27.47
4.80E-01	27.49
4.80E-01	27.51
4.81E-01	27.52
4.81E-01	27.54
4.82E-01	27.56
4.82E-01	27.58
4.83E-01	27.6
4.83E-01	27.62
4.84E-01	27.65
4.84E-01	27.67
4.85E-01	27.7
4.85E-01	27.72
4.86E-01	27.75
4.86E-01	27.77
4.87E-01	27.8
4.87E-01	27.83
4.88E-01	27.86
4.88E-01	27.89
4.89E-01	27.93
4.89E-01	27.96
4.90E-01	27.99
4.90E-01	28.03
4.91E-01	28.07
4.91E-01	28.11
4.92E-01	28.15
4.92E-01	28.19
4.93E-01	28.24
4.93E-01	28.28
4.94E-01	28.33
4.94E-01	28.38
4.95E-01	28.43
4.95E-01	28.48
4.96E-01	28.54
4.96E-01	28.59
4.97E-01	28.65
4.97E-01	28.71
4.98E-01	28.78
4.98E-01	28.85
4.99E-01	28.91
4.99E-01	28.99
5.00E-01	29.06
5.00E-01	29.14
5.01E-01	29.22
5.01E-01	29.3
5.02E-01	29.39
5.02E-01	29.48
5.03E-01	29.57
5.03E-01	29.67
5.04E-01	29.77
5.04E-01	29.87
5.05E-01	29.98
5.05E-01	30.1
5.06E-01	30.22
5.06E-01	30.34
5.07E-01	30.47
5.07E-01	30.6
5.08E-01	30.74
5.08E-01	30.88
5.09E-01	31.03
5.09E-01	31.19
5.10E-01	31.35
5.10E-01	31.52
5.11E-01	31.69
5.11E-01	31.87
5.12E-01	32.06
5.12E-01	32.26
5.13E-01	32.47
5.13E-01	32.68
5.14E-01	32.91
5.14E-01	33.14
5.15E-01	33.38
5.15E-01	33.63
5.16E-01	33.9
5.16E-01	34.17
5.17E-01	34.46
5.17E-01	34.75
5.18E-01	35.06
5.18E-01	35.39
5.19E-01	35.72
5.19E-01	36.07
5.20E-01	36.44
5.20E-01	36.82
5.21E-01	37.22
5.21E-01	37.63
5.22E-01	38.07
5.22E-01	38.52
5.23E-01	38.99
5.23E-01	39.48
5.24E-01	39.99
5.24E-01	40.53
5.25E-01	41.08
5.25E-01	41.66
5.26E-01	42.27
5.26E-01	42.9
5.27E-01	43.56
5.27E-01	44.25
5.28E-01	44.97
5.28E-01	45.73
5.29E-01	46.51
5.29E-01	47.33
5.30E-01	48.19
5.30E-01	49.08
5.31E-01	50.02
5.31E-01	50.99
5.32E-01	52.01
5.32E-01	53.08
5.33E-01	54.19
5.33E-01	55.35
5.34E-01	56.56
5.34E-01	57.82
5.35E-01	59.15
5.35E-01	60.53
5.36E-01	61.97
5.36E-01	63.47
5.37E-01	65.05
5.37E-01	66.69
5.38E-01	68.4
5.38E-01	70.19
5.39E-01	72.06
5.39E-01	74.01
5.40E-01	76.05
5.40E-01	78.18
5.41E-01	80.41
5.41E-01	82.73
5.42E-01	85.16
5.42E-01	87.7
5.43E-01	90.35
5.43E-01	93.13
5.44E-01	96.02
5.44E-01	99.04
5.45E-01	102.2
5.45E-01	105.5
5.46E-01	108.9
5.46E-01	112.5
5.47E-01	116.2
5.47E-01	120.1
5.48E-01	124.1
5.48E-01	128.3
5.49E-01	132.6
5.49E-01	137.1
5.50E-01	141.7
5.50E-01	146.6
5.51E-01	151.6
5.51E-01	156.8
5.52E-01	162.3
5.52E-01	167.9
5.53E-01	173.8
5.53E-01	179.9
5.54E-01	186.2
5.54E-01	192.8
5.55E-01	199.7
5.55E-01	206.7
5.56E-01	214
5.56E-01	221.6
5.57E-01	229.4
5.57E-01	237.5
5.58E-01	245.8
5.58E-01	254.3
5.59E-01	263.1
5.59E-01	272.1
5.60E-01	281.3
5.60E-01	290.8
5.61E-01	300.4
5.61E-01	310.3
5.62E-01	320.4
5.62E-01	330.4
5.63E-01	340.6
5.63E-01	351.1
5.64E-01	362
5.64E-01	373.3
5.65E-01	385
5.65E-01	397.3
5.66E-01	409.9
5.66E-01	423
5.67E-01	436.4
5.67E-01	450.2
5.68E-01	464.3
5.68E-01	478.7
5.69E-01	493.4
5.69E-01	508.3
5.70E-01	523.5
5.70E-01	538.9
5.71E-01	554.5
5.71E-01	570.2
5.72E-01	586
5.72E-01	601.9
5.73E-01	617.8
5.73E-01	633.7
5.74E-01	649.7
5.74E-01	665.6
5.75E-01	681.5
5.75E-01	697.4
5.76E-01	713
5.76E-01	728.6
5.77E-01	743.9
5.77E-01	759.1
5.78E-01	774.3
5.78E-01	789.2
5.79E-01	804.1
5.79E-01	818.9
5.80E-01	820.4
5.80E-01	827.6
5.81E-01	839.4
5.81E-01	854.4
5.82E-01	871.1
5.82E-01	889.3
5.83E-01	908.9
5.83E-01	929.6
5.84E-01	950
5.84E-01	969.8
5.85E-01	989.4
5.85E-01	1.01E+03
5.86E-01	1.03E+03
5.86E-01	1.05E+03
5.87E-01	1.06E+03
5.87E-01	1.08E+03
5.88E-01	1.10E+03
5.88E-01	1.11E+03
5.89E-01	1.13E+03
5.89E-01	1.14E+03
5.90E-01	1.16E+03
5.90E-01	1.16E+03
5.91E-01	1.16E+03
5.91E-01	1.17E+03
5.92E-01	1.17E+03
5.92E-01	1.18E+03
5.93E-01	1.19E+03
5.93E-01	1.20E+03
5.94E-01	1.21E+03
5.94E-01	1.21E+03
5.95E-01	1.22E+03
5.95E-01	1.23E+03
5.96E-01	1.24E+03
5.96E-01	1.25E+03
5.97E-01	1.26E+03
5.97E-01	1.27E+03
5.98E-01	1.29E+03
5.98E-01	1.30E+03
5.99E-01	1.31E+03
5.99E-01	1.32E+03
6.00E-01	1.33E+03
6.00E-01	1.34E+03
6.01E-01	1.35E+03
6.01E-01	1.36E+03
6.02E-01	1.37E+03
6.02E-01	1.38E+03
6.03E-01	1.39E+03
6.03E-01	1.40E+03
6.04E-01	1.41E+03
6.04E-01	1.42E+03
6.05E-01	1.43E+03
6.05E-01	1.44E+03
6.06E-01	1.44E+03
6.06E-01	1.45E+03
6.07E-01	1.46E+03
6.07E-01	1.47E+03
6.08E-01	1.48E+03
6.08E-01	1.48E+03
6.09E-01	1.49E+03
6.09E-01	1.49E+03
6.10E-01	1.49E+03
6.10E-01	1.49E+03
6.11E-01	1.49E+03
6.11E-01	1.49E+03
6.12E-01	1.49E+03
6.12E-01	1.49E+03
6.13E-01	1.49E+03
6.13E-01	1.49E+03
6.14E-01	1.49E+03
6.14E-01	1.49E+03
6.15E-01	1.49E+03
6.15E-01	1.49E+03
6.16E-01	1.49E+03
6.16E-01	1.49E+03
6.17E-01	1.49E+03
6.17E-01	1.49E+03
6.18E-01	1.49E+03
6.18E-01	1.50E+03
6.19E-01	1.50E+03
6.19E-01	1.50E+03
6.20E-01	1.50E+03
6.20E-01	1.50E+03
6.21E-01	1.51E+03
6.21E-01	1.51E+03
6.22E-01	1.51E+03
6.22E-01	1.51E+03
6.23E-01	1.51E+03
6.23E-01	1.51E+03
6.24E-01	1.51E+03
6.24E-01	1.50E+03
6.25E-01	1.50E+03
6.25E-01	1.50E+03
6.26E-01	1.50E+03
6.26E-01	1.50E+03
6.27E-01	1.50E+03
6.27E-01	1.50E+03
6.28E-01	1.50E+03
6.28E-01	1.50E+03
6.29E-01	1.49E+03
6.29E-01	1.49E+03
6.30E-01	1.49E+03
6.30E-01	1.49E+03
6.31E-01	1.49E+03
6.31E-01	1.49E+03
6.32E-01	1.49E+03
6.32E-01	1.49E+03
6.33E-01	1.49E+03
6.33E-01	1.48E+03
6.34E-01	1.48E+03
6.34E-01	1.48E+03
6.35E-01	1.48E+03
6.35E-01	1.48E+03
6.36E-01	1.48E+03
6.36E-01	1.48E+03
6.37E-01	1.47E+03
6.37E-01	1.47E+03
6.38E-01	1.47E+03
6.38E-01	1.47E+03
6.39E-01	1.47E+03
6.39E-01	1.46E+03
6.40E-01	1.46E+03
6.40E-01	1.46E+03
6.41E-01	1.46E+03
6.41E-01	1.45E+03
6.42E-01	1.45E+03
6.42E-01	1.45E+03
6.43E-01	1.44E+03
6.43E-01	1.44E+03
6.44E-01	1.44E+03
6.44E-01	1.43E+03
6.45E-01	1.43E+03
6.45E-01	1.43E+03
6.46E-01	1.43E+03
6.46E-01	1.42E+03
6.47E-01	1.42E+03
6.47E-01	1.42E+03
6.48E-01	1.41E+03
6.48E-01	1.41E+03
6.49E-01	1.41E+03
6.49E-01	1.40E+03
6.50E-01	1.40E+03
6.50E-01	1.40E+03
6.51E-01	1.39E+03
6.51E-01	1.39E+03
6.52E-01	1.39E+03
6.52E-01	1.38E+03
6.53E-01	1.38E+03
6.53E-01	1.38E+03
6.54E-01	1.37E+03
6.54E-01	1.37E+03
6.55E-01	1.37E+03
6.55E-01	1.37E+03
6.56E-01	1.36E+03
6.56E-01	1.36E+03
6.57E-01	1.36E+03
6.57E-01	1.35E+03
6.58E-01	1.35E+03
6.58E-01	1.35E+03
6.59E-01	1.34E+03
6.59E-01	1.34E+03
6.60E-01	1.33E+03
6.60E-01	1.33E+03
6.61E-01	1.33E+03
6.61E-01	1.32E+03
6.62E-01	1.32E+03
6.62E-01	1.32E+03
6.63E-01	1.31E+03
6.63E-01	1.31E+03
6.64E-01	1.30E+03
6.64E-01	1.30E+03
6.65E-01	1.30E+03
6.65E-01	1.29E+03
6.66E-01	1.29E+03
6.66E-01	1.29E+03
6.67E-01	1.28E+03
6.67E-01	1.28E+03
6.68E-01	1.27E+03
6.68E-01	1.27E+03
6.69E-01	1.27E+03
6.69E-01	1.26E+03
6.70E-01	1.26E+03
6.70E-01	1.26E+03
6.71E-01	1.25E+03
6.71E-01	1.25E+03
6.72E-01	1.24E+03
6.72E-01	1.24E+03
6.73E-01	1.24E+03
6.73E-01	1.23E+03
6.74E-01	1.23E+03
6.74E-01	1.23E+03
6.75E-01	1.22E+03
6.75E-01	1.22E+03
6.76E-01	1.22E+03
6.76E-01	1.21E+03
6.77E-01	1.21E+03
6.77E-01	1.20E+03
6.78E-01	1.20E+03
6.78E-01	1.20E+03
6.79E-01	1.19E+03
6.79E-01	1.19E+03
6.80E-01	1.19E+03
6.80E-01	1.18E+03
6.81E-01	1.18E+03
6.81E-01	1.18E+03
6.82E-01	1.17E+03
6.82E-01	1.17E+03
6.83E-01	1.16E+03
6.83E-01	1.16E+03
6.84E-01	1.16E+03
6.84E-01	1.15E+03
6.85E-01	1.15E+03
6.85E-01	1.15E+03
6.86E-01	1.14E+03
6.86E-01	1.14E+03
6.87E-01	1.14E+03
6.87E-01	1.13E+03
6.88E-01	1.13E+03
6.88E-01	1.13E+03
6.89E-01	1.12E+03
6.89E-01	1.12E+03
6.90E-01	1.12E+03
6.90E-01	1.11E+03
6.91E-01	1.11E+03
6.91E-01	1.11E+03
6.92E-01	1.10E+03
6.92E-01	1.10E+03
6.93E-01	1.10E+03
6.93E-01	1.10E+03
6.94E-01	1.09E+03
6.94E-01	1.09E+03
6.95E-01	1.09E+03
6.95E-01	1.08E+03
6.96E-01	1.08E+03
6.96E-01	1.08E+03
6.97E-01	1.07E+03
6.97E-01	1.07E+03
6.98E-01	1.07E+03
6.98E-01	1.06E+03
6.99E-01	1.06E+03
6.99E-01	1.06E+03
7.00E-01	1.06E+03
7.00E-01	1.05E+03
7.01E-01	1.05E+03
7.01E-01	1.05E+03
7.02E-01	1.04E+03
7.02E-01	1.04E+03
7.03E-01	1.04E+03
7.03E-01	1.04E+03
7.04E-01	1.03E+03
7.04E-01	1.03E+03
7.05E-01	1.03E+03
7.05E-01	1.03E+03
7.06E-01	1.02E+03
7.06E-01	1.02E+03
7.07E-01	1.02E+03
7.07E-01	1.01E+03
7.08E-01	1.01E+03
7.08E-01	1.01E+03
7.09E-01	1.01E+03
7.09E-01	1.00E+03
7.10E-01	1.00E+03
7.10E-01	998.6
7.11E-01	996
7.11E-01	993.5
7.12E-01	991.1
7.12E-01	988.6
7.13E-01	986.2
7.13E-01	983.7
7.14E-01	981.3
7.14E-01	978.9
7.15E-01	976.5
7.15E-01	974.2
7.16E-01	971.8
7.16E-01	969.5
7.17E-01	967.1
7.17E-01	964.8
7.18E-01	962.5
7.18E-01	960.3
7.19E-01	958
7.19E-01	955.7
7.20E-01	953.5
7.20E-01	951.3
7.21E-01	949.1
7.21E-01	946.9
7.22E-01	944.7
7.22E-01	942.5
7.23E-01	940.3
7.23E-01	938.2
7.24E-01	936.1
7.24E-01	933.9
7.25E-01	931.8
7.25E-01	929.7
7.26E-01	927.6
7.26E-01	925.6
7.27E-01	923.5
7.27E-01	921.5
7.28E-01	919.4
7.28E-01	917.4
7.29E-01	915.4
7.29E-01	913.4
7.30E-01	911.4
7.30E-01	909.4
7.31E-01	907.4
7.31E-01	905.4
7.32E-01	903.5
7.32E-01	901.5
7.33E-01	899.6
7.33E-01	897.7
7.34E-01	895.8
7.34E-01	893.9
7.35E-01	892
7.35E-01	890.1
7.36E-01	888.2
7.36E-01	886.3
7.37E-01	884.5
7.37E-01	882.6
7.38E-01	880.8
7.38E-01	879
7.39E-01	877.2
7.39E-01	875.4
7.40E-01	873.6
7.40E-01	871.8
7.41E-01	870
7.41E-01	868.2
7.42E-01	866.5
7.42E-01	864.7
7.43E-01	863
7.43E-01	861.2
7.44E-01	859.5
7.44E-01	857.8
7.45E-01	856.1
7.45E-01	854.4
7.46E-01	852.7
7.46E-01	851
7.47E-01	849.3
7.47E-01	847.6
7.48E-01	845.9
7.48E-01	844.3
7.49E-01	842.6
7.49E-01	841
7.50E-01	839.3
7.50E-01	837.7
7.51E-01	836.1
7.51E-01	834.5
7.52E-01	832.9
7.52E-01	831.3
7.53E-01	829.7
7.53E-01	828.1
7.54E-01	826.5
7.54E-01	825
7.55E-01	823.4
7.55E-01	821.8
7.56E-01	820.3
7.56E-01	818.8
7.57E-01	817.2
7.57E-01	815.7
7.58E-01	814.2
7.58E-01	812.7
7.59E-01	811.2
7.59E-01	809.7
7.60E-01	808.2
7.60E-01	806.7
7.61E-01	805.2
7.61E-01	803.7
7.62E-01	802.3
7.62E-01	800.8
7.63E-01	799.4
7.63E-01	797.9
7.64E-01	796.5
7.64E-01	795
7.65E-01	793.6
7.65E-01	792.2
7.66E-01	790.8
7.66E-01	789.4
7.67E-01	788
7.67E-01	786.6
7.68E-01	785.2
7.68E-01	783.8
7.69E-01	782.4
7.69E-01	781
7.70E-01	779.7
7.70E-01	778.3
7.71E-01	777
7.71E-01	775.6
7.72E-01	774.3
7.72E-01	772.9
7.73E-01	771.6
7.73E-01	770.3
7.74E-01	768.9
7.74E-01	767.6
7.75E-01	766.3
7.75E-01	765
7.76E-01	763.7
7.76E-01	762.4
7.77E-01	761.1
7.77E-01	759.8
7.78E-01	758.5
7.78E-01	757.3
7.79E-01	756
7.79E-01	754.7
7.80E-01	753.5
7.80E-01	752.2
7.81E-01	751
7.81E-01	749.7
7.82E-01	748.5
7.82E-01	747.2
7.83E-01	746
7.83E-01	744.8
7.84E-01	743.6
7.84E-01	742.3
7.85E-01	741.1
7.85E-01	739.9
7.86E-01	738.7
7.86E-01	737.5
7.87E-01	736.3
7.87E-01	735.1
7.88E-01	733.9
7.88E-01	732.8
7.89E-01	731.6
7.89E-01	730.4
7.90E-01	729.2
7.90E-01	728.1
7.91E-01	726.9
7.91E-01	725.8
7.92E-01	724.6
7.92E-01	723.5
7.93E-01	722.3
7.93E-01	721.2
7.94E-01	720.1
7.94E-01	718.9
7.95E-01	717.8
7.95E-01	716.7
7.96E-01	715.6
7.96E-01	714.5
7.97E-01	713.4
7.97E-01	712.3
7.98E-01	711.2
7.98E-01	710.1
7.99E-01	709
7.99E-01	707.9
8.00E-01	706.8
8.00E-01	705.8
8.01E-01	704.7
8.01E-01	703.6
8.02E-01	702.6
8.02E-01	701.5
8.03E-01	700.5
8.03E-01	699.4
8.04E-01	698.4
8.04E-01	697.3
8.05E-01	696.3
8.05E-01	695.2
8.06E-01	694.2
8.06E-01	693.2
8.07E-01	692.2
8.07E-01	691.2
8.08E-01	690.1
8.08E-01	689.1
8.09E-01	688.1
8.09E-01	687.1
8.10E-01	686.1
8.10E-01	685.1
8.11E-01	684.2
8.11E-01	683.2
8.12E-01	682.2
8.12E-01	681.2
8.13E-01	680.2
8.13E-01	679.3
8.14E-01	678.3
8.14E-01	677.4
8.15E-01	676.4
8.15E-01	675.4
8.16E-01	674.5
8.16E-01	673.5
8.17E-01	672.6
8.17E-01	671.7
8.18E-01	670.7
8.18E-01	669.8
8.19E-01	668.9
8.19E-01	668
8.20E-01	667
8.20E-01	666.1
8.21E-01	665.2
8.21E-01	664.3
8.22E-01	663.4
8.22E-01	662.5
8.23E-01	661.6
8.23E-01	660.7
8.24E-01	659.8
8.24E-01	658.9
8.25E-01	658
8.25E-01	657.1
8.26E-01	656.3
8.26E-01	655.4
8.27E-01	654.5
8.27E-01	653.7
8.28E-01	652.8
8.28E-01	651.9
8.29E-01	651.1
8.29E-01	650.2
8.30E-01	649.4
8.30E-01	648.5
8.31E-01	647.7
8.31E-01	646.8
8.32E-01	646
8.32E-01	645.1
8.33E-01	644.3
8.33E-01	643.5
8.34E-01	642.7
8.34E-01	641.8
8.35E-01	641
8.35E-01	640.2
8.36E-01	639.4
8.36E-01	638.6
8.37E-01	637.8
8.37E-01	637
8.38E-01	636.2
8.38E-01	635.4
8.39E-01	634.6
8.39E-01	633.8
8.40E-01	633
8.40E-01	632.2
8.41E-01	631.4
8.41E-01	630.6
8.42E-01	629.9
8.42E-01	629.1
8.43E-01	628.3
8.43E-01	627.5
8.44E-01	626.8
8.44E-01	626
8.45E-01	625.3
8.45E-01	624.5
8.46E-01	623.7
8.46E-01	623
8.47E-01	622.2
8.47E-01	621.5
8.48E-01	620.7
8.48E-01	620
8.49E-01	619.3
8.49E-01	618.5
8.50E-01	617.8
8.50E-01	617.1
8.51E-01	616.3
8.51E-01	615.6
8.52E-01	614.9
8.52E-01	614.2
8.53E-01	613.5
8.53E-01	612.7
8.54E-01	612
8.54E-01	611.3
8.55E-01	610.6
8.55E-01	609.9
8.56E-01	609.2
8.56E-01	608.5
8.57E-01	607.8
8.57E-01	607.1
8.58E-01	606.4
8.58E-01	605.7
8.59E-01	605
8.59E-01	604.3
8.60E-01	603.7
8.60E-01	603
8.61E-01	602.3
8.61E-01	601.6
8.62E-01	601
8.62E-01	600.3
8.63E-01	599.6
8.63E-01	598.9
8.64E-01	598.3
8.64E-01	597.6
8.65E-01	597
8.65E-01	596.3
8.66E-01	595.6
8.66E-01	595
8.67E-01	594.3
8.67E-01	593.7
8.68E-01	593
8.68E-01	592.4
8.69E-01	591.8
8.69E-01	591.1
8.70E-01	590.5
8.70E-01	589.8
8.71E-01	589.2
8.71E-01	588.6
8.72E-01	587.9
8.72E-01	587.3
8.73E-01	586.7
8.73E-01	586.1
8.74E-01	585.4
8.74E-01	584.8
8.75E-01	584.2
8.75E-01	583.6
8.76E-01	583
8.76E-01	582.4
8.77E-01	581.8
8.77E-01	581.1
8.78E-01	580.5
8.78E-01	579.9
8.79E-01	579.3
8.79E-01	578.7
8.80E-01	578.1
8.80E-01	577.5
8.81E-01	576.9
8.81E-01	576.4
8.82E-01	575.8
8.82E-01	575.2
8.83E-01	574.6
8.83E-01	574
8.84E-01	573.4
8.84E-01	572.8
8.85E-01	572.3
8.85E-01	571.7
8.86E-01	571.1
8.86E-01	570.5
8.87E-01	570
8.87E-01	569.4
8.88E-01	568.8
8.88E-01	568.3
8.89E-01	567.7
8.89E-01	567.1
8.90E-01	566.6
8.90E-01	566
8.91E-01	565.5
8.91E-01	564.9
8.92E-01	564.3
8.92E-01	563.8
8.93E-01	563.2
8.93E-01	562.7
8.94E-01	562.1
8.94E-01	561.6
8.95E-01	561.1
8.95E-01	560.5
8.96E-01	560
8.96E-01	559.4
8.97E-01	558.9
8.97E-01	558.4
8.98E-01	557.8
8.98E-01	557.3
8.99E-01	556.8
8.99E-01	556.2
9.00E-01	555.7
9.00E-01	555.2
9.01E-01	554.7
9.01E-01	554.1
9.02E-01	553.6
9.02E-01	553.1
9.03E-01	552.6
9.03E-01	552.1
9.04E-01	551.5
9.04E-01	551
9.05E-01	550.5
9.05E-01	550
9.06E-01	549.5
9.06E-01	549
9.07E-01	548.5
9.07E-01	548
9.08E-01	547.5
9.08E-01	547
9.09E-01	546.5
9.09E-01	546
9.10E-01	545.5
9.10E-01	545
9.11E-01	544.5
9.11E-01	544
9.12E-01	543.5
9.12E-01	543
9.13E-01	542.5
9.13E-01	542
9.14E-01	541.6
9.14E-01	541.1
9.15E-01	540.6
9.15E-01	540.1
9.16E-01	539.6
9.16E-01	539.1
9.17E-01	538.7
9.17E-01	538.2
9.18E-01	537.7
9.18E-01	537.2
9.19E-01	536.8
9.19E-01	536.3
9.20E-01	535.8
9.20E-01	535.4
9.21E-01	534.9
9.21E-01	534.4
9.22E-01	534
9.22E-01	533.5
9.23E-01	533
9.23E-01	532.6
9.24E-01	532.1
9.24E-01	531.7
9.25E-01	531.2
9.25E-01	530.8
9.26E-01	530.3
9.26E-01	529.9
9.27E-01	529.4
9.27E-01	529
9.28E-01	528.5
9.28E-01	528.1
9.29E-01	527.6
9.29E-01	527.2
9.30E-01	526.7
9.30E-01	526.3
9.31E-01	525.8
9.31E-01	525.4
9.32E-01	525
9.32E-01	524.5
9.33E-01	524.1
9.33E-01	523.7
9.34E-01	523.2
9.34E-01	522.8
9.35E-01	522.4
9.35E-01	521.9
9.36E-01	521.5
9.36E-01	521.1
9.37E-01	520.7
9.37E-01	520.2
9.38E-01	519.8
9.38E-01	519.4
9.39E-01	519
9.39E-01	518.5
9.40E-01	518.1
9.40E-01	517.7
9.41E-01	517.3
9.41E-01	516.9
9.42E-01	516.4
9.42E-01	516
9.43E-01	515.6
9.43E-01	515.2
9.44E-01	514.8
9.44E-01	514.4
9.45E-01	514
9.45E-01	513.6
9.46E-01	513.2
9.46E-01	512.8
9.47E-01	512.4
9.47E-01	511.9
9.48E-01	511.5
9.48E-01	511.1
9.49E-01	510.7
9.49E-01	510.3
9.50E-01	509.9
9.50E-01	509.6
9.51E-01	509.2
9.51E-01	508.8
9.52E-01	508.4
9.52E-01	508
9.53E-01	507.6
9.53E-01	507.2
9.54E-01	506.8
9.54E-01	506.4
9.55E-01	506
9.55E-01	505.6
9.56E-01	505.2
9.56E-01	504.9
9.57E-01	504.5
9.57E-01	504.1
9.58E-01	503.7
9.58E-01	503.3
9.59E-01	503
9.59E-01	502.6
9.60E-01	502.2
9.60E-01	501.8
9.61E-01	501.4
9.61E-01	501.1
9.62E-01	500.7
9.62E-01	500.3
9.63E-01	499.9
9.63E-01	499.6
9.64E-01	499.2
9.64E-01	498.8
9.65E-01	498.5
9.65E-01	498.1
9.66E-01	497.7
9.66E-01	497.4
9.67E-01	497
9.67E-01	496.6
9.68E-01	496.3
9.68E-01	495.9
9.69E-01	495.5
9.69E-01	495.2
9.70E-01	494.8
9.70E-01	494.5
9.71E-01	494.1
9.71E-01	493.8
9.72E-01	493.4
9.72E-01	493
9.73E-01	492.7
9.73E-01	492.3
9.74E-01	492
9.74E-01	491.6
9.75E-01	491.3
9.75E-01	490.9
9.76E-01	490.6
9.76E-01	490.2
9.77E-01	489.9
9.77E-01	489.5
9.78E-01	489.2
9.78E-01	488.8
9.79E-01	488.5
9.79E-01	488.2
9.80E-01	487.8
9.80E-01	487.5
9.81E-01	487.1
9.81E-01	486.8
9.82E-01	486.5
9.82E-01	486.1
9.83E-01	485.8
9.83E-01	485.4
9.84E-01	485.1
9.84E-01	484.8
9.85E-01	484.4
9.85E-01	484.1
9.86E-01	483.8
9.86E-01	483.4
9.87E-01	483.1
9.87E-01	482.8
9.88E-01	482.4
9.88E-01	482.1
9.89E-01	481.8
9.89E-01	481.5
9.90E-01	481.1
9.90E-01	480.8
9.91E-01	480.5
9.91E-01	480.2
9.92E-01	479.8
9.92E-01	479.5
9.93E-01	479.2
9.93E-01	478.9
9.94E-01	478.6
9.94E-01	478.2
9.95E-01	477.9
9.95E-01	477.6
9.96E-01	477.3
9.96E-01	477
9.97E-01	476.6
9.97E-01	476.3
9.98E-01	476
9.98E-01	475.7
9.99E-01	475.4
9.99E-01	475.1
1.00E+00	474.8
1	474.5
1	474.1
1.001	473.8
1.002	473.5
1.002	473.2
1.003	472.9
1.003	472.6
1.003	472.3
1.004	472
1.005	471.7
1.005	471.4
1.005	471.1
1.006	470.8
1.007	470.5
1.007	470.2
1.008	469.9
1.008	469.6
1.008	469.3
1.009	469
1.01	468.7
1.01	468.4
1.01	468.1
1.011	467.8
1.012	467.5
1.012	467.2
1.013	466.9
1.013	466.6
1.013	466.3
1.014	466
1.015	465.7
1.015	465.4
1.015	465.2
1.016	464.9
1.016	464.6
1.017	464.3
1.018	464
1.018	463.7
1.018	463.4
1.019	463.1
1.02	462.9
1.02	462.6
1.02	462.3
1.021	462
1.021	461.7
1.022	461.4
1.023	461.2
1.023	460.9
1.023	460.6
1.024	460.3
1.025	460
1.025	459.8
1.026	459.5
1.026	459.2
1.026	458.9
1.027	458.7
1.028	458.4
1.028	458.1
1.028	457.8
1.029	457.6
1.03	457.3
1.03	457
1.031	456.7
1.031	456.5
1.031	456.2
1.032	455.9
1.033	455.7
1.033	455.4
1.033	455.1
1.034	454.8
1.035	454.6
1.035	454.3
1.036	454
1.036	453.8
1.036	453.5
1.037	453.2
1.038	453
1.038	452.7
1.038	452.5
1.039	452.2
1.039	451.9
1.04	451.7
1.041	451.4
1.041	451.1
1.041	450.9
1.042	450.6
1.043	450.4
1.043	450.1
1.043	449.9
1.044	449.6
1.044	449.3
1.045	449.1
1.046	448.8
1.046	448.6
1.046	448.3
1.047	448.1
1.048	447.8
1.048	447.6
1.048	447.3
1.049	447
1.049	446.8
1.05	446.5
1.051	446.3
1.051	446
1.051	445.8
1.052	445.5
1.053	445.3
1.053	445
1.054	444.8
1.054	444.6
1.054	444.3
1.055	444.1
1.056	443.8
1.056	443.6
1.056	443.3
1.057	443.1
1.058	442.8
1.058	442.6
1.059	442.3
1.059	442.1
1.059	441.9
1.06	441.6
1.061	441.4
1.061	441.1
1.061	440.9
1.062	440.7
1.062	440.4
1.063	440.2
1.064	439.9
1.064	439.7
1.064	439.5
1.065	439.2
1.066	439
1.066	438.8
1.066	438.5
1.067	438.3
1.067	438.1
1.068	437.8
1.069	437.6
1.069	437.3
1.069	437.1
1.07	436.9
1.071	436.6
1.071	436.4
1.071	436.2
1.072	436
1.072	435.7
1.073	435.5
1.074	435.3
1.074	435
1.074	434.8
1.075	434.6
1.076	434.4
1.076	434.1
1.077	433.9
1.077	433.7
1.077	433.4
1.078	433.2
1.079	433
1.079	432.8
1.079	432.5
1.08	432.3
1.081	432.1
1.081	431.9
1.082	431.6
1.082	431.4
1.082	431.2
1.083	431
1.084	430.8
1.084	430.5
1.084	430.3
1.085	430.1
1.086	429.9
1.086	429.7
1.087	429.4
1.087	429.2
1.087	429
1.088	428.8
1.089	428.6
1.089	428.3
1.089	428.1
1.09	427.9
1.09	427.7
1.091	427.5
1.092	427.3
1.092	427.1
1.092	426.8
1.093	426.6
1.094	426.4
1.094	426.2
1.094	426
1.095	425.8
1.095	425.6
1.096	425.3
1.097	425.1
1.097	424.9
1.097	424.7
1.098	424.5
1.099	424.3
1.099	424.1
1.099	423.9
1.1	423.7
1.1	423.5
1.101	423.2
1.102	423
1.102	422.8
1.102	422.6
1.103	422.4
1.104	422.2
1.104	422
1.105	421.8
1.105	421.6
1.105	421.4
1.106	421.2
1.107	421
1.107	420.8
1.107	420.6
1.108	420.4
1.109	420.2
1.109	420
1.11	419.8
1.11	419.6
1.11	419.4
1.111	419.2
1.112	419
1.112	418.8
1.112	418.6
1.113	418.4
1.113	418.2
1.114	418
1.115	417.8
1.115	417.6
1.115	417.4
1.116	417.2
1.117	417
1.117	416.8
1.117	416.6
1.118	416.4
1.118	416.2
1.119	416
1.12	415.8
1.12	415.6
1.12	415.4
1.121	415.2
1.122	415
1.122	414.8
1.122	414.6
1.123	414.4
1.123	414.2
1.124	414
1.125	413.8
1.125	413.7
1.125	413.5
1.126	413.3
1.127	413.1
1.127	412.9
1.128	412.7
1.128	412.5
1.128	412.3
1.129	412.1
1.13	411.9
1.13	411.7
1.13	411.6
1.131	411.4
1.132	411.2
1.132	411
1.133	410.8
1.133	410.6
1.133	410.4
1.134	410.2
1.135	410.1
1.135	409.9
1.135	409.7
1.136	409.5
1.137	409.3
1.137	409.1
1.138	408.9
1.138	408.8
1.138	408.6
1.139	408.4
1.14	408.2
1.14	408
1.14	407.8
1.141	407.7
1.141	407.5
1.142	407.3
1.143	407.1
1.143	406.9
1.143	406.7
1.144	406.6
1.145	406.4
1.145	406.2
1.145	406
1.146	405.8
1.146	405.7
1.147	405.5
1.148	405.3
1.148	405.1
1.148	404.9
1.149	404.8
1.15	404.6
1.15	404.4
1.151	404.2
1.151	404.1
1.151	403.9
1.152	403.7
1.153	403.5
1.153	403.4
1.153	403.2
1.154	403
1.155	402.8
1.155	402.6
1.156	402.5
1.156	402.3
1.156	402.1
1.157	402
1.158	401.8
1.158	401.6
1.158	401.4
1.159	401.3
1.16	401.1
1.16	400.9
1.161	400.7
1.161	400.6
1.161	400.4
1.162	400.2
1.163	400.1
1.163	399.9
1.163	399.7
1.164	399.5
1.164	399.4
1.165	399.2
1.166	399
1.166	398.9
1.166	398.7
1.167	398.5
1.168	398.4
1.168	398.2
1.168	398
1.169	397.8
1.169	397.7
1.17	397.5
1.171	397.3
1.171	397.2
1.171	397
1.172	396.8
1.173	396.7
1.173	396.5
1.173	396.3
1.174	396.2
1.174	396
1.175	395.8
1.176	395.7
1.176	395.5
1.176	395.4
1.177	395.2
1.178	395
1.178	394.9
1.179	394.7
1.179	394.5
1.179	394.4
1.18	394.2
1.181	394
1.181	393.9
1.181	393.7
1.182	393.6
1.183	393.4
1.183	393.2
1.184	393.1
1.184	392.9
1.184	392.7
1.185	392.6
1.186	392.4
1.186	392.3
1.186	392.1
1.187	391.9
1.188	391.8
1.188	391.6
1.189	391.5
1.189	391.3
1.189	391.1
1.19	391
1.191	390.8
1.191	390.7
1.191	390.5
1.192	390.4
1.192	390.2
1.193	390
1.194	389.9
1.194	389.7
1.194	389.6
1.195	389.4
1.196	389.3
1.196	389.1
1.196	388.9
1.197	388.8
1.197	388.6
1.198	388.5
1.199	388.3
1.199	388.2
1.199	388
1.2	387.9
1.201	387.7
1.201	387.6
1.202	387.4
1.202	387.2
1.202	387.1
1.203	386.9
1.204	386.8
1.204	386.6
1.204	386.5
1.205	386.3
1.206	386.2
1.206	386
1.207	385.9
1.207	385.7
1.207	385.6
1.208	385.4
1.209	385.3
1.209	385.1
1.209	385
1.21	384.8
1.211	384.7
1.211	384.5
1.212	384.4
1.212	384.2
1.212	384.1
1.213	383.9
1.214	383.8
1.214	383.6
1.214	383.5
1.215	383.3
1.215	383.2
1.216	383
1.217	382.9
1.217	382.7
1.217	382.6
1.218	382.4
1.219	382.3
1.219	382.1
1.219	382
1.22	381.9
1.22	381.7
1.221	381.6
1.222	381.4
1.222	381.3
1.222	381.1
1.223	381
1.224	380.8
1.224	380.7
1.224	380.5
1.225	380.4
1.225	380.3
1.226	380.1
1.227	380
1.227	379.8
1.227	379.7
1.228	379.5
1.229	379.4
1.229	379.2
1.23	379.1
1.23	379
1.23	378.8
1.231	378.7
1.232	378.5
1.232	378.4
1.232	378.2
1.233	378.1
1.234	378
1.234	377.8
1.235	377.7
1.235	377.5
1.235	377.4
1.236	377.3
1.237	377.1
1.237	377
1.237	376.8
1.238	376.7
1.238	376.6
1.239	376.4
1.24	376.3
1.24	376.1
1.24	376
1.241	375.9
1.242	375.7
1.242	375.6
1.242	375.4
1.243	375.3
1.243	375.2
1.244	375
1.245	374.9
1.245	374.8
1.245	374.6
1.246	374.5
1.247	374.3
1.247	374.2
1.247	374.1
1.248	373.9
1.248	373.8
1.249	373.7
1.25	373.5
1.25	373.4
1.25	373.2
1.251	373.1
1.252	373
1.252	372.8
1.253	372.7
1.253	372.6
1.253	372.4
1.254	372.3
1.255	372.2
1.255	372
1.255	371.9
1.256	371.8
1.257	371.6
1.257	371.5
1.258	371.4
1.258	371.2
1.258	371.1
1.259	371
1.26	370.8
1.26	370.7
1.26	370.6
1.261	370.4
1.262	370.3
1.262	370.2
1.263	370
1.263	369.9
1.263	369.8
1.264	369.6
1.265	369.5
1.265	369.4
1.265	369.2
1.266	369.1
1.266	369
1.267	368.9
1.268	368.7
1.268	368.6
1.268	368.5
1.269	368.3
1.27	368.2
1.27	368.1
1.27	367.9
1.271	367.8
1.271	367.7
1.272	367.5
1.273	367.4
1.273	367.3
1.273	367.2
1.274	367
1.275	366.9
1.275	366.8
1.276	366.6
1.276	366.5
1.276	366.4
1.277	366.3
1.278	366.1
1.278	366
1.278	365.9
1.279	365.8
1.28	365.6
1.28	365.5
1.281	365.4
1.281	365.2
1.281	365.1
1.282	365
1.283	364.9
1.283	364.7
1.283	364.6
1.284	364.5
1.285	364.4
1.285	364.2
1.286	364.1
1.286	364
1.286	363.9
1.287	363.7
1.288	363.6
1.288	363.5
1.288	363.4
1.289	363.2
1.289	363.1
1.29	363
1.291	362.9
1.291	362.7
1.291	362.6
1.292	362.5
1.293	362.4
1.293	362.2
1.293	362.1
1.294	362
1.294	361.9
1.295	361.8
1.296	361.6
1.296	361.5
1.296	361.4
1.297	361.3
1.298	361.1
1.298	361
1.298	360.9
1.299	360.8
1.299	360.6
1.3	360.5
1.301	360.4
1.301	360.3
1.301	360.2
1.302	360
1.303	359.9
1.303	359.8
1.304	359.7
1.304	359.6
1.304	359.4
1.305	359.3
1.306	359.2
1.306	359.1
1.306	359
1.307	358.8
1.308	358.7
1.308	358.6
1.309	358.5
1.309	358.4
1.309	358.2
1.31	358.1
1.311	358
1.311	357.9
1.311	357.8
1.312	357.6
1.312	357.5
1.313	357.4
1.314	357.3
1.314	357.2
1.314	357.1
1.315	356.9
1.316	356.8
1.316	356.7
1.316	356.6
1.317	356.5
1.317	356.3
1.318	356.2
1.319	356.1
1.319	356
1.319	355.9
1.32	355.8
1.321	355.6
1.321	355.5
1.321	355.4
1.322	355.3
1.322	355.2
1.323	355.1
1.324	354.9
1.324	354.8
1.324	354.7
1.325	354.6
1.326	354.5
1.326	354.4
1.327	354.3
1.327	354.1
1.327	354
1.328	353.9
1.329	353.8
1.329	353.7
1.329	353.6
1.33	353.5
1.331	353.3
1.331	353.2
1.332	353.1
1.332	353
1.332	352.9
1.333	352.8
1.334	352.7
1.334	352.5
1.334	352.4
1.335	352.3
1.336	352.2
1.336	352.1
1.337	352
1.337	351.9
1.337	351.8
1.338	351.6
1.339	351.5
1.339	351.4
1.339	351.3
1.34	351.2
1.34	351.1
1.341	351
1.342	350.9
1.342	350.7
1.342	350.6
1.343	350.5
1.344	350.4
1.344	350.3
1.344	350.2
1.345	350.1
1.345	350
1.346	349.9
1.347	349.7
1.347	349.6
1.347	349.5
1.348	349.4
1.349	349.3
1.349	349.2
1.349	349.1
1.35	349
1.35	348.9
1.351	348.7
1.352	348.6
1.352	348.5
1.352	348.4
1.353	348.3
1.354	348.2
1.354	348.1
1.355	348
1.355	347.9
1.355	347.8
1.356	347.7
1.357	347.5
1.357	347.4
1.357	347.3
1.358	347.2
1.359	347.1
1.359	347
1.36	346.9
1.36	346.8
1.36	346.7
1.361	346.6
1.362	346.5
1.362	346.4
1.362	346.2
1.363	346.1
1.363	346
1.364	345.9
1.365	345.8
1.365	345.7
1.365	345.6
1.366	345.5
1.367	345.4
1.367	345.3
1.367	345.2
1.368	345.1
1.368	345
1.369	344.9
1.37	344.8
1.37	344.6
1.37	344.5
1.371	344.4
1.372	344.3
1.372	344.2
1.372	344.1
1.373	344
1.373	343.9
1.374	343.8
1.375	343.7
1.375	343.6
1.375	343.5
1.376	343.4
1.377	343.3
1.377	343.2
1.378	343.1
1.378	343
1.378	342.9
1.379	342.8
1.38	342.7
1.38	342.5
1.38	342.4
1.381	342.3
1.382	342.2
1.382	342.1
1.383	342
1.383	341.9
1.383	341.8
1.384	341.7
1.385	341.6
1.385	341.5
1.385	341.4
1.386	341.3
1.387	341.2
1.387	341.1
1.388	341
1.388	340.9
1.388	340.8
1.389	340.7
1.39	340.6
1.39	340.5
1.39	340.4
1.391	340.3
1.391	340.2
1.392	340.1
1.393	340
1.393	339.9
1.393	339.8
1.394	339.7
1.395	339.6
1.395	339.5
1.395	339.4
1.396	339.3
1.396	339.2
1.397	339.1
1.398	339
1.398	338.9
1.398	338.8
1.399	338.7
1.4	338.6
1.4	338.5
1.401	338.4
1.401	338.3
1.401	338.2
1.402	338.1
1.403	338
1.403	337.9
1.403	337.8
1.404	337.7
1.405	337.6
1.405	337.5
1.406	337.4
1.406	337.3
1.406	337.2
1.407	337.1
1.408	337
1.408	336.9
1.408	336.8
1.409	336.7
1.41	336.6
1.41	336.5
1.411	336.4
1.411	336.3
1.411	336.2
1.412	336.1
1.413	336
1.413	335.9
1.413	335.8
1.414	335.7
1.414	335.6
1.415	335.5
1.416	335.4
1.416	335.3
1.416	335.2
1.417	335.1
1.418	335
1.418	334.9
1.418	334.8
1.419	334.7
1.419	334.6
1.42	334.5
1.421	334.4
1.421	334.3
1.421	334.2
1.422	334.1
1.423	334
1.423	333.9
1.423	333.8
1.424	333.7
1.424	333.6
1.425	333.5
1.426	333.4
1.426	333.3
1.426	333.2
1.427	333.1
1.428	333.1
1.428	333
1.429	332.9
1.429	332.8
1.429	332.7
1.43	332.6
1.431	332.5
1.431	332.4
1.431	332.3
1.432	332.2
1.433	332.1
1.433	332
1.434	331.9
1.434	331.8
1.434	331.7
1.435	331.6
1.436	331.5
1.436	331.4
1.436	331.3
1.437	331.2
1.438	331.1
1.438	331.1
1.439	331
1.439	330.9
1.439	330.8
1.44	330.7
1.441	330.6
1.441	330.5
1.441	330.4
1.442	330.3
1.442	330.2
1.443	330.1
1.444	330
1.444	329.9
1.444	329.8
1.445	329.7
1.446	329.6
1.446	329.6
1.446	329.5
1.447	329.4
1.447	329.3
1.448	329.2
1.449	329.1
1.449	329
1.449	328.9
1.45	328.8
1.451	328.7
1.451	328.6
1.452	328.5
1.452	328.4
1.452	328.3
1.453	328.3
1.454	328.2
1.454	328.1
1.454	328
1.455	327.9
1.456	327.8
1.456	327.7
1.457	327.6
1.457	327.5
1.457	327.4
1.458	327.3
1.459	327.2
1.459	327.2
1.459	327.1
1.46	327
1.461	326.9
1.461	326.8
1.462	326.7
1.462	326.6
1.462	326.5
1.463	326.4
1.464	326.3
1.464	326.2
1.464	326.1
1.465	326.1
1.465	326
1.466	325.9
1.467	325.8
1.467	325.7
1.467	325.6
1.468	325.5
1.469	325.4
1.469	325.3
1.469	325.2
1.47	325.2
1.47	325.1
1.471	325
1.472	324.9
1.472	324.8
1.472	324.7
1.473	324.6
1.474	324.5
1.474	324.4
1.474	324.3
1.475	324.3
1.475	324.2
1.476	324.1
1.477	324
1.477	323.9
1.477	323.8
1.478	323.7
1.479	323.6
1.479	323.5
1.48	323.5
1.48	323.4
1.48	323.3
1.481	323.2
1.482	323.1
1.482	323
1.482	322.9
1.483	322.8
1.484	322.8
1.484	322.7
1.485	322.6
1.485	322.5
1.485	322.4
1.486	322.3
1.487	322.2
1.487	322.1
1.487	322
1.488	322
1.488	321.9
1.489	321.8
1.49	321.7
1.49	321.6
1.49	321.5
1.491	321.4
1.492	321.3
1.492	321.3
1.492	321.2
1.493	321.1
1.493	321
1.494	320.9
1.495	320.8
1.495	320.7
1.495	320.7
1.496	320.6
1.497	320.5
1.497	320.4
1.497	320.3
1.498	320.2
1.498	320.1
1.499	320
1.5	320
1.5	319.9
1.5	319.8
1.501	319.7
1.502	319.6
1.502	319.5
1.503	319.4
1.503	319.4
1.503	319.3
1.504	319.2
1.505	319.1
1.505	319
1.505	318.9
1.506	318.8
1.507	318.8
1.507	318.7
1.508	318.6
1.508	318.5
1.508	318.4
1.509	318.3
1.51	318.3
1.51	318.2
1.51	318.1
1.511	318
1.512	317.9
1.512	317.8
1.513	317.7
1.513	317.7
1.513	317.6
1.514	317.5
1.515	317.4
1.515	317.3
1.515	317.2
1.516	317.2
1.516	317.1
1.517	317
1.518	316.9
1.518	316.8
1.518	316.7
1.519	316.6
1.52	316.6
1.52	316.5
1.52	316.4
1.521	316.3
1.521	316.2
1.522	316.1
1.523	316.1
1.523	316
1.523	315.9
1.524	315.8
1.525	315.7
1.525	315.6
1.526	315.6
1.526	315.5
1.526	315.4
1.527	315.3
1.528	315.2
1.528	315.1
1.528	315.1
1.529	315
1.53	314.9
1.53	314.8
1.531	314.7
1.531	314.6
1.531	314.6
1.532	314.5
1.533	314.4
1.533	314.3
1.533	314.2
1.534	314.2
1.535	314.1
1.535	314
1.536	313.9
1.536	313.8
1.536	313.7
1.537	313.7
1.538	313.6
1.538	313.5
1.538	313.4
1.539	313.3
1.539	313.3
1.54	313.2
1.541	313.1
1.541	313
1.541	312.9
1.542	312.8
1.543	312.8
1.543	312.7
1.543	312.6
1.544	312.5
1.544	312.4
1.545	312.4
1.546	312.3
1.546	312.2
1.546	312.1
1.547	312
1.548	312
1.548	311.9
1.548	311.8
1.549	311.7
1.549	311.6
1.55	311.5
1.551	311.5
1.551	311.4
1.551	311.3
1.552	311.2
1.553	311.1
1.553	311.1
1.554	311
1.554	310.9
1.554	310.8
1.555	310.7
1.556	310.7
1.556	310.6
1.556	310.5
1.557	310.4
1.558	310.3
1.558	310.3
1.559	310.2
1.559	310.1
1.559	310
1.56	309.9
1.561	309.9
1.561	309.8
1.561	309.7
1.562	309.6
1.562	309.5
1.563	309.5
1.564	309.4
1.564	309.3
1.564	309.2
1.565	309.2
1.566	309.1
1.566	309
1.566	308.9
1.567	308.8
1.567	308.8
1.568	308.7
1.569	308.6
1.569	308.5
1.569	308.4
1.57	308.4
1.571	308.3
1.571	308.2
1.571	308.1
1.572	308
1.572	308
1.573	307.9
1.574	307.8
1.574	307.7
1.574	307.7
1.575	307.6
1.576	307.5
1.576	307.4
1.577	307.3
1.577	307.3
1.577	307.2
1.578	307.1
1.579	307
1.579	307
1.579	306.9
1.58	306.8
1.581	306.7
1.581	306.6
1.582	306.6
1.582	306.5
1.582	306.4
1.583	306.3
1.584	306.3
1.584	306.2
1.584	306.1
1.585	306
1.586	305.9
1.586	305.9
1.587	305.8
1.587	305.7
1.587	305.6
1.588	305.6
1.589	305.5
1.589	305.4
1.589	305.3
1.59	305.3
1.59	305.2
1.591	305.1
1.592	305
1.592	304.9
1.592	304.9
1.593	304.8
1.594	304.7
1.594	304.6
1.594	304.6
1.595	304.5
1.595	304.4
1.596	304.3
1.597	304.3
1.597	304.2
1.597	304.1
1.598	304
1.599	304
1.599	303.9
1.599	303.8
1.6	303.7
1.6	303.7
1.601	303.6
1.602	303.5
1.602	303.4
1.602	303.4
1.603	303.3
1.604	303.2
1.604	303.1
1.605	303
1.605	303
1.605	302.9
1.606	302.8
1.607	302.7
1.607	302.7
1.607	302.6
1.608	302.5
1.609	302.4
1.609	302.4
1.61	302.3
1.61	302.2
1.61	302.1
1.611	302.1
1.612	302
1.612	301.9
1.612	301.8
1.613	301.8
1.613	301.7
1.614	301.6
1.615	301.5
1.615	301.5
1.615	301.4
1.616	301.3
1.617	301.2
1.617	301.2
1.617	301.1
1.618	301
1.618	301
1.619	300.9
1.62	300.8
1.62	300.7
1.62	300.7
1.621	300.6
1.622	300.5
1.622	300.4
1.622	300.4
1.623	300.3
1.623	300.2
1.624	300.1
1.625	300.1
1.625	300
1.625	299.9
1.626	299.8
1.627	299.8
1.627	299.7
1.628	299.6
1.628	299.5
1.628	299.5
1.629	299.4
1.63	299.3
1.63	299.3
1.63	299.2
1.631	299.1
1.632	299
1.632	299
1.633	298.9
1.633	298.8
1.633	298.7
1.634	298.7
1.635	298.6
1.635	298.5
1.635	298.4
1.636	298.4
1.637	298.3
1.637	298.2
1.638	298.2
1.638	298.1
1.638	298
1.639	297.9
1.64	297.9
1.64	297.8
1.64	297.7
1.641	297.6
1.641	297.6
1.642	297.5
1.643	297.4
1.643	297.4
1.643	297.3
1.644	297.2
1.645	297.1
1.645	297.1
1.645	297
1.646	296.9
1.646	296.9
1.647	296.8
1.648	296.7
1.648	296.6
1.648	296.6
1.649	296.5
1.65	296.4
1.65	296.3
1.651	296.3
1.651	296.2
1.651	296.1
1.652	296.1
1.653	296
1.653	295.9
1.653	295.8
1.654	295.8
1.655	295.7
1.655	295.6
1.656	295.6
1.656	295.5
1.656	295.4
1.657	295.3
1.658	295.3
1.658	295.2
1.658	295.1
1.659	295.1
1.66	295
1.66	294.9
1.661	294.8
1.661	294.8
1.661	294.7
1.662	294.6
1.663	294.6
1.663	294.5
1.663	294.4
1.664	294.4
1.664	294.3
1.665	294.2
1.666	294.1
1.666	294.1
1.666	294
1.667	293.9
1.668	293.9
1.668	293.8
1.668	293.7
1.669	293.6
1.669	293.6
1.67	293.5
1.671	293.4
1.671	293.4
1.671	293.3
1.672	293.2
1.673	293.2
1.673	293.1
1.673	293
1.674	292.9
1.674	292.9
1.675	292.8
1.676	292.7
1.676	292.7
1.676	292.6
1.677	292.5
1.678	292.5
1.678	292.4
1.679	292.3
1.679	292.2
1.679	292.2
1.68	292.1
1.681	292
1.681	292
1.681	291.9
1.682	291.8
1.683	291.8
1.683	291.7
1.684	291.6
1.684	291.5
1.684	291.5
1.685	291.4
1.686	291.3
1.686	291.3
1.686	291.2
1.687	291.1
1.688	291.1
1.688	291
1.689	290.9
1.689	290.9
1.689	290.8
1.69	290.7
1.691	290.6
1.691	290.6
1.691	290.5
1.692	290.4
1.692	290.4
1.693	290.3
1.694	290.2
1.694	290.2
1.694	290.1
1.695	290
1.696	290
1.696	289.9
1.696	289.8
1.697	289.8
1.697	289.7
1.698	289.6
1.699	289.6
1.699	289.5
1.699	289.4
1.7	289.3
1.701	289.3
1.701	289.2
1.702	289.1
1.702	289.1
1.702	289
1.703	288.9
1.704	288.9
1.704	288.8
1.704	288.7
1.705	288.7
1.706	288.6
1.706	288.5
1.707	288.5
1.707	288.4
1.707	288.3
1.708	288.3
1.709	288.2
1.709	288.1
1.709	288.1
1.71	288
1.711	287.9
1.711	287.8
1.712	287.8
1.712	287.7
1.712	287.6
1.713	287.6
1.714	287.5
1.714	287.4
1.714	287.4
1.715	287.3
1.715	287.2
1.716	287.2
1.717	287.1
1.717	287
1.717	287
1.718	286.9
1.719	286.8
1.719	286.8
1.719	286.7
1.72	286.6
1.72	286.6
1.721	286.5
1.722	286.4
1.722	286.4
1.722	286.3
1.723	286.2
1.724	286.2
1.724	286.1
1.724	286
1.725	286
1.725	285.9
1.726	285.8
1.727	285.8
1.727	285.7
1.727	285.6
1.728	285.6
1.729	285.5
1.729	285.4
1.73	285.4
1.73	285.3
1.73	285.2
1.731	285.2
1.732	285.1
1.732	285
1.732	285
1.733	284.9
1.734	284.8
1.734	284.8
1.735	284.7
1.735	284.6
1.735	284.6
1.736	284.5
1.737	284.4
1.737	284.4
1.737	284.3
1.738	284.2
1.738	284.2
1.739	284.1
1.74	284
1.74	284
1.74	283.9
1.741	283.8
1.742	283.8
1.742	283.7
1.742	283.6
1.743	283.6
1.743	283.5
1.744	283.5
1.745	283.4
1.745	283.3
1.745	283.3
1.746	283.2
1.747	283.1
1.747	283.1
1.747	283
1.748	282.9
1.748	282.9
1.749	282.8
1.75	282.7
1.75	282.7
1.75	282.6
1.751	282.5
1.752	282.5
1.752	282.4
1.753	282.3
1.753	282.3
1.753	282.2
1.754	282.1
1.755	282.1
1.755	282
1.755	281.9
1.756	281.9
1.757	281.8
1.757	281.8
1.758	281.7
1.758	281.6
1.758	281.6
1.759	281.5
1.76	281.4
1.76	281.4
1.76	281.3
1.761	281.2
1.762	281.2
1.762	281.1
1.763	281
1.763	281
1.763	280.9
1.764	280.8
1.765	280.8
1.765	280.7
1.765	280.7
1.766	280.6
1.766	280.5
1.767	280.5
1.768	280.4
1.768	280.3
1.768	280.3
1.769	280.2
1.77	280.1
1.77	280.1
1.77	280
1.771	279.9
1.771	279.9
1.772	279.8
1.773	279.8
1.773	279.7
1.773	279.6
1.774	279.6
1.775	279.5
1.775	279.4
1.776	279.4
1.776	279.3
1.776	279.2
1.777	279.2
1.778	279.1
1.778	279.1
1.778	279
1.779	278.9
1.78	278.9
1.78	278.8
1.781	278.7
1.781	278.7
1.781	278.6
1.782	278.5
1.783	278.5
1.783	278.4
1.783	278.4
1.784	278.3
1.785	278.2
1.785	278.2
1.786	278.1
1.786	278
1.786	278
1.787	277.9
1.788	277.8
1.788	277.8
1.788	277.7
1.789	277.7
1.789	277.6
1.79	277.5
1.791	277.5
1.791	277.4
1.791	277.3
1.792	277.3
1.793	277.2
1.793	277.1
1.793	277.1
1.794	277
1.794	277
1.795	276.9
1.796	276.8
1.796	276.8
1.796	276.7
1.797	276.6
1.798	276.6
1.798	276.5
1.798	276.5
1.799	276.4
1.799	276.3
1.8	276.3
1.801	276.2
1.801	276.1
1.801	276.1
1.802	276
1.803	276
1.803	275.9
1.804	275.8
1.804	275.8
1.804	275.7
1.805	275.6
1.806	275.6
1.806	275.5
1.806	275.5
1.807	275.4
1.808	275.3
1.808	275.3
1.809	275.2
1.809	275.1
1.809	275.1
1.81	275
1.811	275
1.811	274.9
1.811	274.8
1.812	274.8
1.812	274.7
1.813	274.6
1.814	274.6
1.814	274.5
1.814	274.5
1.815	274.4
1.816	274.3
1.816	274.3
1.816	274.2
1.817	274.2
1.817	274.1
1.818	274
1.819	274
1.819	273.9
1.819	273.8
1.82	273.8
1.821	273.7
1.821	273.7
1.821	273.6
1.822	273.5
1.822	273.5
1.823	273.4
1.824	273.4
1.824	273.3
1.824	273.2
1.825	273.2
1.826	273.1
1.826	273
1.827	273
1.827	272.9
1.827	272.9
1.828	272.8
1.829	272.7
1.829	272.7
1.829	272.6
1.83	272.6
1.831	272.5
1.831	272.4
1.832	272.4
1.832	272.3
1.832	272.2
1.833	272.2
1.834	272.1
1.834	272.1
1.834	272
1.835	271.9
1.836	271.9
1.836	271.8
1.837	271.8
1.837	271.7
1.837	271.6
1.838	271.6
1.839	271.5
1.839	271.5
1.839	271.4
1.84	271.3
1.84	271.3
1.841	271.2
1.842	271.2
1.842	271.1
1.842	271
1.843	271
1.844	270.9
1.844	270.9
1.844	270.8
1.845	270.7
1.845	270.7
1.846	270.6
1.847	270.5
1.847	270.5
1.847	270.4
1.848	270.4
1.849	270.3
1.849	270.2
1.849	270.2
1.85	270.1
1.85	270.1
1.851	270
1.852	269.9
1.852	269.9
1.852	269.8
1.853	269.8
1.854	269.7
1.854	269.6
1.855	269.6
1.855	269.5
1.855	269.5
1.856	269.4
1.857	269.3
1.857	269.3
1.857	269.2
1.858	269.2
1.859	269.1
1.859	269
1.86	269
1.86	268.9
1.86	268.9
1.861	268.8
1.862	268.7
1.862	268.7
1.862	268.6
1.863	268.6
1.863	268.5
1.864	268.4
1.865	268.4
1.865	268.3
1.865	268.3
1.866	268.2
1.867	268.1
1.867	268.1
1.867	268
1.868	268
1.868	267.9
1.869	267.9
1.87	267.8
1.87	267.7
1.87	267.7
1.871	267.6
1.872	267.6
1.872	267.5
1.872	267.4
1.873	267.4
1.873	267.3
1.874	267.3
1.875	267.2
1.875	267.1
1.875	267.1
1.876	267
1.877	267
1.877	266.9
1.878	266.8
1.878	266.8
1.878	266.7
1.879	266.7
1.88	266.6
1.88	266.6
1.88	266.5
1.881	266.4
1.882	266.4
1.882	266.3
1.883	266.3
1.883	266.2
1.883	266.1
1.884	266.1
1.885	266
1.885	266
1.885	265.9
1.886	265.8
1.887	265.8
1.887	265.7
1.888	265.7
1.888	265.6
1.888	265.6
1.889	265.5
1.89	265.4
1.89	265.4
1.89	265.3
1.891	265.3
1.891	265.2
1.892	265.1
1.893	265.1
1.893	265
1.893	265
1.894	264.9
1.895	264.9
1.895	264.8
1.895	264.7
1.896	264.7
1.896	264.6
1.897	264.6
1.898	264.5
1.898	264.4
1.898	264.4
1.899	264.3
1.9	264.3
1.9	264.2
1.901	264.2
1.901	264.1
1.901	264
1.902	264
1.903	263.9
1.903	263.9
1.903	263.8
1.904	263.7
1.905	263.7
1.905	263.6
1.906	263.6
1.906	263.5
1.906	263.5
1.907	263.4
1.908	263.3
1.908	263.3
1.908	263.2
1.909	263.2
1.91	263.1
1.91	263.1
1.911	263
1.911	262.9
1.911	262.9
1.912	262.8
1.913	262.8
1.913	262.7
1.913	262.6
1.914	262.6
1.914	262.5
1.915	262.5
1.916	262.4
1.916	262.4
1.916	262.3
1.917	262.2
1.918	262.2
1.918	262.1
1.918	262.1
1.919	262
1.919	262
1.92	261.9
1.921	261.8
1.921	261.8
1.921	261.7
1.922	261.7
1.923	261.6
1.923	261.6
1.923	261.5
1.924	261.4
1.924	261.4
1.925	261.3
1.926	261.3
1.926	261.2
1.926	261.2
1.927	261.1
1.928	261
1.928	261
1.929	260.9
1.929	260.9
1.929	260.8
1.93	260.8
1.931	260.7
1.931	260.6
1.931	260.6
1.932	260.5
1.933	260.5
1.933	260.4
1.934	260.4
1.934	260.3
1.934	260.2
1.935	260.2
1.936	260.1
1.936	260.1
1.936	260
1.937	260
1.938	259.9
1.938	259.9
1.939	259.8
1.939	259.7
1.939	259.7
1.94	259.6
1.941	259.6
1.941	259.5
1.941	259.5
1.942	259.4
1.942	259.3
1.943	259.3
1.944	259.2
1.944	259.2
1.944	259.1
1.945	259.1
1.946	259
1.946	258.9
1.946	258.9
1.947	258.8
1.947	258.8
1.948	258.7
1.949	258.7
1.949	258.6
1.949	258.6
1.95	258.5
1.951	258.4
1.951	258.4
1.952	258.3
1.952	258.3
1.952	258.2
1.953	258.2
1.954	258.1
1.954	258.1
1.954	258
1.955	257.9
1.956	257.9
1.956	257.8
1.957	257.8
1.957	257.7
1.957	257.7
1.958	257.6
1.959	257.5
1.959	257.5
1.959	257.4
1.96	257.4
1.961	257.3
1.961	257.3
1.962	257.2
1.962	257.2
1.962	257.1
1.963	257
1.964	257
1.964	256.9
1.964	256.9
1.965	256.8
1.965	256.8
1.966	256.7
1.967	256.7
1.967	256.6
1.967	256.5
1.968	256.5
1.969	256.4
1.969	256.4
1.969	256.3
1.97	256.3
1.97	256.2
1.971	256.2
1.972	256.1
1.972	256
1.972	256
1.973	255.9
1.974	255.9
1.974	255.8
1.974	255.8
1.975	255.7
1.975	255.7
1.976	255.6
1.977	255.5
1.977	255.5
1.977	255.4
1.978	255.4
1.979	255.3
1.979	255.3
1.98	255.2
1.98	255.2
1.98	255.1
1.981	255.1
1.982	255
1.982	254.9
1.982	254.9
1.983	254.8
1.984	254.8
1.984	254.7
1.985	254.7
1.985	254.6
1.985	254.6
1.986	254.5
1.987	254.5
1.987	254.4
1.987	254.3
1.988	254.3
1.988	254.2
1.989	254.2
1.99	254.1
1.99	254.1
1.99	254
1.991	254
1.992	253.9
1.992	253.8
1.992	253.8
1.993	253.7
1.993	253.7
1.994	253.6
1.995	253.6
1.995	253.5
1.995	253.5
1.996	253.4
1.997	253.4
1.997	253.3
1.997	253.2
1.998	253.2
1.998	253.1
1.999	253.1
2	253
2	253
2	252.9
2.001	252.9
2.001	252.8
2.002	252.8
2.003	252.7
2.003	252.7
2.003	252.6
2.004	252.5
2.004	252.5
2.005	252.4
2.006	252.4
2.006	252.3
2.007	252.3
2.007	252.2
2.007	252.2
2.008	252.1
2.009	252.1
2.009	252
2.01	251.9
2.01	251.9
2.01	251.8
2.011	251.8
2.011	251.7
2.012	251.7
2.013	251.6
2.013	251.6
2.013	251.5
2.014	251.5
2.014	251.4
2.015	251.4
2.016	251.3
2.016	251.2
2.016	251.2
2.017	251.1
2.017	251.1
2.018	251
2.019	251
2.019	250.9
2.02	250.9
2.02	250.8
2.02	250.8
2.021	250.7
2.022	250.7
2.022	250.6
2.023	250.5
2.023	250.5
2.023	250.4
2.024	250.4
2.024	250.3
2.025	250.3
2.026	250.2
2.026	250.2
2.026	250.1
2.027	250.1
2.027	250
2.028	250
2.029	249.9
2.029	249.9
2.03	249.8
2.03	249.7
2.03	249.7
2.031	249.6
2.032	249.6
2.032	249.5
2.033	249.5
2.033	249.4
2.033	249.4
2.034	249.3
2.034	249.3
2.035	249.2
2.036	249.2
2.036	249.1
2.036	249.1
2.037	249
2.037	248.9
2.038	248.9
2.039	248.8
2.039	248.8
2.039	248.7
2.04	248.7
2.04	248.6
2.041	248.6
2.042	248.5
2.042	248.5
2.043	248.4
2.043	248.4
2.043	248.3
2.044	248.3
2.045	248.2
2.045	248.2
2.046	248.1
2.046	248
2.046	248
2.047	247.9
2.047	247.9
2.048	247.8
2.049	247.8
2.049	247.7
2.049	247.7
2.05	247.6
2.05	247.6
2.051	247.5
2.052	247.5
2.052	247.4
2.053	247.4
2.053	247.3
2.053	247.3
2.054	247.2
2.055	247.2
2.055	247.1
2.056	247
2.056	247
2.056	246.9
2.057	246.9
2.057	246.8
2.058	246.8
2.059	246.7
2.059	246.7
2.059	246.6
2.06	246.6
2.06	246.5
2.061	246.5
2.062	246.4
2.062	246.4
2.062	246.3
2.063	246.3
2.063	246.2
2.064	246.2
2.065	246.1
2.065	246.1
2.066	246
2.066	246
2.066	245.9
2.067	245.8
2.068	245.8
2.068	245.7
2.069	245.7
2.069	245.6
2.069	245.6
2.07	245.5
2.07	245.5
2.071	245.4
2.072	245.4
2.072	245.3
2.072	245.3
2.073	245.2
2.073	245.2
2.074	245.1
2.075	245.1
2.075	245
2.076	245
2.076	244.9
2.076	244.9
2.077	244.8
2.078	244.8
2.078	244.7
2.079	244.7
2.079	244.6
2.079	244.5
2.08	244.5
2.08	244.4
2.081	244.4
2.082	244.3
2.082	244.3
2.082	244.2
2.083	244.2
2.083	244.1
2.084	244.1
2.085	244
2.085	244
2.086	243.9
2.086	243.9
2.086	243.8
2.087	243.8
2.088	243.7
2.088	243.7
2.089	243.6
2.089	243.6
2.089	243.5
2.09	243.5
2.091	243.4
2.091	243.4
2.092	243.3
2.092	243.3
2.092	243.2
2.093	243.2
2.093	243.1
2.094	243.1
2.095	243
2.095	243
2.095	242.9
2.096	242.8
2.096	242.8
2.097	242.7
2.098	242.7
2.098	242.6
2.099	242.6
2.099	242.5
2.099	242.5
2.1	242.4
2.101	242.4
2.101	242.3
2.102	242.3
2.102	242.2
2.102	242.2
2.103	242.1
2.103	242.1
2.104	242
2.105	242
2.105	241.9
2.105	241.9
2.106	241.8
2.106	241.8
2.107	241.7
2.108	241.7
2.108	241.6
2.109	241.6
2.109	241.5
2.109	241.5
2.11	241.4
2.111	241.4
2.111	241.3
2.112	241.3
2.112	241.2
2.112	241.2
2.113	241.1
2.114	241.1
2.114	241
2.115	241
2.115	240.9
2.115	240.9
2.116	240.8
2.116	240.8
2.117	240.7
2.118	240.7
2.118	240.6
2.118	240.6
2.119	240.5
2.119	240.5
2.12	240.4
2.121	240.4
2.121	240.3
2.122	240.3
2.122	240.2
2.122	240.2
2.123	240.1
2.124	240.1
2.124	240
2.125	240
2.125	239.9
2.125	239.9
2.126	239.8
2.126	239.8
2.127	239.7
2.128	239.7
2.128	239.6
2.128	239.6
2.129	239.5
2.129	239.5
2.13	239.4
2.131	239.4
2.131	239.3
2.132	239.2
2.132	239.2
2.132	239.1
2.133	239.1
2.134	239
2.134	239
2.135	238.9
2.135	238.9
2.135	238.8
2.136	238.8
2.136	238.7
2.137	238.7
2.138	238.6
2.138	238.6
2.138	238.5
2.139	238.5
2.139	238.4
2.14	238.4
2.141	238.3
2.141	238.3
2.141	238.2
2.142	238.2
2.142	238.1
2.143	238.1
2.144	238
2.144	238
2.145	238
2.145	237.9
2.145	237.9
2.146	237.8
2.147	237.8
2.147	237.7
2.148	237.7
2.148	237.6
2.148	237.6
2.149	237.5
2.149	237.5
2.15	237.4
2.151	237.4
2.151	237.3
2.151	237.3
2.152	237.2
2.152	237.2
2.153	237.1
2.154	237.1
2.154	237
2.155	237
2.155	236.9
2.155	236.9
2.156	236.8
2.157	236.8
2.157	236.7
2.158	236.7
2.158	236.6
2.158	236.6
2.159	236.5
2.159	236.5
2.16	236.4
2.161	236.4
2.161	236.3
2.161	236.3
2.162	236.2
2.162	236.2
2.163	236.1
2.164	236.1
2.164	236
2.164	236
2.165	235.9
2.165	235.9
2.166	235.8
2.167	235.8
2.167	235.7
2.168	235.7
2.168	235.6
2.168	235.6
2.169	235.5
2.17	235.5
2.17	235.4
2.171	235.4
2.171	235.3
2.171	235.3
2.172	235.2
2.172	235.2
2.173	235.1
2.174	235.1
2.174	235
2.174	235
2.175	234.9
2.175	234.9
2.176	234.8
2.177	234.8
2.177	234.7
2.178	234.7
2.178	234.6
2.178	234.6
2.179	234.5
2.18	234.5
2.18	234.5
2.181	234.4
2.181	234.4
2.181	234.3
2.182	234.3
2.182	234.2
2.183	234.2
2.184	234.1
2.184	234.1
2.184	234
2.185	234
2.185	233.9
2.186	233.9
2.187	233.8
2.187	233.8
2.188	233.7
2.188	233.7
2.188	233.6
2.189	233.6
2.19	233.5
2.19	233.5
2.191	233.4
2.191	233.4
2.191	233.3
2.192	233.3
2.193	233.2
2.193	233.2
2.194	233.1
2.194	233.1
2.194	233
2.195	233
2.195	232.9
2.196	232.9
2.197	232.8
2.197	232.8
2.197	232.8
2.198	232.7
2.198	232.7
2.199	232.6
2.2	232.6
2.2	232.5
2.201	232.5
2.201	232.4
2.201	232.4
2.202	232.3
2.203	232.3
2.203	232.2
2.204	232.2
2.204	232.1
2.204	232.1
2.205	232
2.205	232
2.206	231.9
2.207	231.9
2.207	231.8
2.207	231.8
2.208	231.7
2.208	231.7
2.209	231.6
2.21	231.6
2.21	231.5
2.211	231.5
2.211	231.5
2.211	231.4
2.212	231.4
2.213	231.3
2.213	231.3
2.214	231.2
2.214	231.2
2.214	231.1
2.215	231.1
2.216	231
2.216	231
2.217	230.9
2.217	230.9
2.217	230.8
2.218	230.8
2.218	230.7
2.219	230.7
2.22	230.6
2.22	230.6
2.22	230.5
2.221	230.5
2.221	230.4
2.222	230.4
2.223	230.4
2.223	230.3
2.224	230.3
2.224	230.2
2.224	230.2
2.225	230.1
2.226	230.1
2.226	230
2.227	230
2.227	229.9
2.227	229.9
2.228	229.8
2.228	229.8
2.229	229.7
2.23	229.7
2.23	229.6
2.23	229.6
2.231	229.5
2.231	229.5
2.232	229.4
2.233	229.4
2.233	229.4
2.234	229.3
2.234	229.3
2.234	229.2
2.235	229.2
2.236	229.1
2.236	229.1
2.237	229
2.237	229
2.237	228.9
2.238	228.9
2.239	228.8
2.239	228.8
2.24	228.7
2.24	228.7
2.24	228.6
2.241	228.6
2.241	228.5
2.242	228.5
2.243	228.5
2.243	228.4
2.243	228.4
2.244	228.3
2.244	228.3
2.245	228.2
2.246	228.2
2.246	228.1
2.247	228.1
2.247	228
2.247	228
2.248	227.9
2.249	227.9
2.249	227.8
2.25	227.8
2.25	227.7
2.25	227.7
2.251	227.7
2.251	227.6
2.252	227.6
2.253	227.5
2.253	227.5
2.253	227.4
2.254	227.4
2.254	227.3
2.255	227.3
2.256	227.2
2.256	227.2
2.257	227.1
2.257	227.1
2.257	227
2.258	227
2.259	227
2.259	226.9
2.26	226.9
2.26	226.8
2.26	226.8
2.261	226.7
2.261	226.7
2.262	226.6
2.263	226.6
2.263	226.5
2.263	226.5
2.264	226.4
2.264	226.4
2.265	226.3
2.266	226.3
2.266	226.3
2.266	226.2
2.267	226.2
2.267	226.1
2.268	226.1
2.269	226
2.269	226
2.27	225.9
2.27	225.9
2.27	225.8
2.271	225.8
2.272	225.7
2.272	225.7
2.273	225.6
2.273	225.6
2.273	225.6
2.274	225.5
2.274	225.5
2.275	225.4
2.276	225.4
2.276	225.3
2.276	225.3
2.277	225.2
2.277	225.2
2.278	225.1
2.279	225.1
2.279	225
2.28	225
2.28	225
2.28	224.9
2.281	224.9
2.282	224.8
2.282	224.8
2.283	224.7
2.283	224.7
2.283	224.6
2.284	224.6
2.284	224.5
2.285	224.5
2.286	224.4
2.286	224.4
2.286	224.4
2.287	224.3
2.287	224.3
2.288	224.2
2.289	224.2
2.289	224.1
2.289	224.1
2.29	224
2.29	224
2.291	223.9
2.292	223.9
2.292	223.9
2.293	223.8
2.293	223.8
2.293	223.7
2.294	223.7
2.295	223.6
2.295	223.6
2.296	223.5
2.296	223.5
2.296	223.4
2.297	223.4
2.297	223.3
2.298	223.3
2.299	223.3
2.299	223.2
2.299	223.2
2.3	223.1
2.3	223.1
2.301	223
2.302	223
2.302	222.9
2.303	222.9
2.303	222.8
2.303	222.8
2.304	222.8
2.305	222.7
2.305	222.7
2.306	222.6
2.306	222.6
2.306	222.5
2.307	222.5
2.307	222.4
2.308	222.4
2.309	222.3
2.309	222.3
2.309	222.3
2.31	222.2
2.31	222.2
2.311	222.1
2.312	222.1
2.312	222
2.312	222
2.313	221.9
2.313	221.9
2.314	221.8
2.315	221.8
2.315	221.8
2.316	221.7
2.316	221.7
2.316	221.6
2.317	221.6
2.318	221.5
2.318	221.5
2.319	221.4
2.319	221.4
2.319	221.3
2.32	221.3
2.32	221.3
2.321	221.2
2.322	221.2
2.322	221.1
2.322	221.1
2.323	221
2.323	221
2.324	220.9
2.325	220.9
2.325	220.8
2.326	220.8
2.326	220.8
2.326	220.7
2.327	220.7
2.328	220.6
2.328	220.6
2.329	220.5
2.329	220.5
2.329	220.4
2.33	220.4
2.33	220.4
2.331	220.3
2.332	220.3
2.332	220.2
2.332	220.2
2.333	220.1
2.333	220.1
2.334	220
2.335	220
2.335	219.9
2.336	219.9
2.336	219.9
2.336	219.8
2.337	219.8
2.338	219.7
2.338	219.7
2.339	219.6
2.339	219.6
2.339	219.5
2.34	219.5
2.341	219.5
2.341	219.4
2.342	219.4
2.342	219.3
2.342	219.3
2.343	219.2
2.343	219.2
2.344	219.1
2.345	219.1
2.345	219.1
2.345	219
2.346	219
2.346	218.9
2.347	218.9
2.348	218.8
2.348	218.8
2.349	218.7
2.349	218.7
2.349	218.7
2.35	218.6
2.351	218.6
2.351	218.5
2.352	218.5
2.352	218.4
2.352	218.4
2.353	218.3
2.353	218.3
2.354	218.3
2.355	218.2
2.355	218.2
2.355	218.1
2.356	218.1
2.356	218
2.357	218
2.358	217.9
2.358	217.9
2.359	217.9
2.359	217.8
2.359	217.8
2.36	217.7
2.361	217.7
2.361	217.6
2.362	217.6
2.362	217.5
2.362	217.5
2.363	217.5
2.364	217.4
2.364	217.4
2.365	217.3
2.365	217.3
2.365	217.2
2.366	217.2
2.366	217.1
2.367	217.1
2.368	217.1
2.368	217
2.368	217
2.369	216.9
2.369	216.9
2.37	216.8
2.371	216.8
2.371	216.8
2.372	216.7
2.372	216.7
2.372	216.6
2.373	216.6
2.374	216.5
2.374	216.5
2.375	216.4
2.375	216.4
2.375	216.4
2.376	216.3
2.376	216.3
2.377	216.2
2.378	216.2
2.378	216.1
2.378	216.1
2.379	216
2.379	216
2.38	216
2.381	215.9
2.381	215.9
2.382	215.8
2.382	215.8
2.382	215.7
2.383	215.7
2.384	215.7
2.384	215.6
2.385	215.6
2.385	215.5
2.385	215.5
2.386	215.4
2.386	215.4
2.387	215.3
2.388	215.3
2.388	215.3
2.388	215.2
2.389	215.2
2.389	215.1
2.39	215.1
2.391	215
2.391	215
2.391	215
2.392	214.9
2.392	214.9
2.393	214.8
2.394	214.8
2.394	214.7
2.395	214.7
2.395	214.7
2.395	214.6
2.396	214.6
2.397	214.5
2.397	214.5
2.398	214.4
2.398	214.4
2.398	214.3
2.399	214.3
2.399	214.3
2.4	214.2
2.401	214.2
2.401	214.1
2.401	214.1
2.402	214
2.402	214
2.403	214
2.404	213.9
2.404	213.9
2.405	213.8
2.405	213.8
2.405	213.7
2.406	213.7
2.407	213.7
2.407	213.6
2.408	213.6
2.408	213.5
2.408	213.5
2.409	213.4
2.409	213.4
2.41	213.4
2.411	213.3
2.411	213.3
2.411	213.2
2.412	213.2
2.412	213.1
2.413	213.1
2.414	213.1
2.414	213
2.414	213
2.415	212.9
2.415	212.9
2.416	212.8
2.417	212.8
2.417	212.7
2.418	212.7
2.418	212.7
2.418	212.6
2.419	212.6
2.42	212.5
2.42	212.5
2.421	212.4
2.421	212.4
2.421	212.4
2.422	212.3
2.422	212.3
2.423	212.2
2.424	212.2
2.424	212.1
2.424	212.1
2.425	212.1
2.425	212
2.426	212
2.427	211.9
2.427	211.9
2.428	211.8
2.428	211.8
2.428	211.8
2.429	211.7
2.43	211.7
2.43	211.6
2.431	211.6
2.431	211.6
2.431	211.5
2.432	211.5
2.432	211.4
2.433	211.4
2.434	211.3
2.434	211.3
2.434	211.3
2.435	211.2
2.435	211.2
2.436	211.1
2.437	211.1
2.437	211
2.438	211
2.438	211
2.438	210.9
2.439	210.9
2.44	210.8
2.44	210.8
2.441	210.7
2.441	210.7
2.441	210.7
2.442	210.6
2.443	210.6
2.443	210.5
2.444	210.5
2.444	210.4
2.444	210.4
2.445	210.4
2.445	210.3
2.446	210.3
2.447	210.2
2.447	210.2
2.447	210.1
2.448	210.1
2.448	210.1
2.449	210
2.45	210
2.45	209.9
2.451	209.9
2.451	209.9
2.451	209.8
2.452	209.8
2.453	209.7
2.453	209.7
2.454	209.6
2.454	209.6
2.454	209.6
2.455	209.5
2.455	209.5
2.456	209.4
2.457	209.4
2.457	209.3
2.457	209.3
2.458	209.3
2.458	209.2
2.459	209.2
2.46	209.1
2.46	209.1
2.461	209.1
2.461	209
2.461	209
2.462	208.9
2.463	208.9
2.463	208.8
2.464	208.8
2.464	208.8
2.464	208.7
2.465	208.7
2.466	208.6
2.466	208.6
2.467	208.5
2.467	208.5
2.467	208.5
2.468	208.4
2.468	208.4
2.469	208.3
2.47	208.3
2.47	208.3
2.47	208.2
2.471	208.2
2.471	208.1
2.472	208.1
2.473	208
2.473	208
2.474	208
2.474	207.9
2.474	207.9
2.475	207.8
2.476	207.8
2.476	207.8
2.477	207.7
2.477	207.7
2.477	207.6
2.478	207.6
2.478	207.5
2.479	207.5
2.48	207.5
2.48	207.4
2.48	207.4
2.481	207.3
2.481	207.3
2.482	207.3
2.483	207.2
2.483	207.2
2.484	207.1
2.484	207.1
2.484	207
2.485	207
2.486	207
2.486	206.9
2.487	206.9
2.487	206.8
2.487	206.8
2.488	206.8
2.489	206.7
2.489	206.7
2.49	206.6
2.49	206.6
2.49	206.6
2.491	206.5
2.491	206.5
2.492	206.4
2.493	206.4
2.493	206.3
2.493	206.3
2.494	206.3
2.494	206.2
2.495	206.2
2.496	206.1
2.496	206.1
2.497	206.1
2.497	206
2.497	206
2.498	205.9
2.499	205.9
2.499	205.8
2.5	205.8
2.5	205.8
2.5	205.7
2.501	205.7
2.501	205.6
2.502	205.6
2.503	205.6
2.503	205.5
2.503	205.5
2.504	205.4
2.504	205.4
2.505	205.4
2.506	205.3
2.506	205.3
2.507	205.2
2.507	205.2
2.507	205.1
2.508	205.1
2.509	205.1
2.509	205
2.51	205
2.51	204.9
2.51	204.9
2.511	204.9
2.511	204.8
2.512	204.8
2.513	204.7
2.513	204.7
2.513	204.7
2.514	204.6
2.514	204.6
2.515	204.5
2.516	204.5
2.516	204.5
2.516	204.4
2.517	204.4
2.517	204.3
2.518	204.3
2.519	204.2
2.519	204.2
2.52	204.2
2.52	204.1
2.52	204.1
2.521	204
2.522	204
2.522	204
2.523	203.9
2.523	203.9
2.523	203.8
2.524	203.8
2.524	203.8
2.525	203.7
2.526	203.7
2.526	203.6
2.526	203.6
2.527	203.6
2.527	203.5
2.528	203.5
2.529	203.4
2.529	203.4
2.53	203.4
2.53	203.3
2.53	203.3
2.531	203.2
2.532	203.2
2.532	203.2
2.533	203.1
2.533	203.1
2.533	203
2.534	203
2.534	202.9
2.535	202.9
2.536	202.9
2.536	202.8
2.536	202.8
2.537	202.7
2.537	202.7
2.538	202.7
2.539	202.6
2.539	202.6
2.539	202.5
2.54	202.5
2.54	202.5
2.541	202.4
2.542	202.4
2.542	202.3
2.543	202.3
2.543	202.3
2.543	202.2
2.544	202.2
2.545	202.1
2.545	202.1
2.546	202.1
2.546	202
2.546	202
2.547	201.9
2.547	201.9
2.548	201.9
2.549	201.8
2.549	201.8
2.549	201.7
2.55	201.7
2.55	201.7
2.551	201.6
2.552	201.6
2.552	201.5
2.553	201.5
2.553	201.5
2.553	201.4
2.554	201.4
2.555	201.3
2.555	201.3
2.556	201.3
2.556	201.2
2.556	201.2
2.557	201.1
2.557	201.1
2.558	201.1
2.559	201
2.559	201
2.559	200.9
2.56	200.9
2.56	200.9
2.561	200.8
2.562	200.8
2.562	200.7
2.562	200.7
2.563	200.7
2.563	200.6
2.564	200.6
2.565	200.5
2.565	200.5
2.566	200.5
2.566	200.4
2.566	200.4
2.567	200.3
2.568	200.3
2.568	200.3
2.569	200.2
2.569	200.2
2.569	200.1
2.57	200.1
2.57	200.1
2.571	200
2.572	200
2.572	199.9
2.572	199.9
2.573	199.9
2.573	199.8
2.574	199.8
2.575	199.7
2.575	199.7
2.576	199.7
2.576	199.6
2.576	199.6
2.577	199.5
2.578	199.5
2.578	199.5
2.579	199.4
2.579	199.4
2.579	199.3
2.58	199.3
2.58	199.3
2.581	199.2
2.582	199.2
2.582	199.1
2.582	199.1
2.583	199.1
2.583	199
2.584	199
2.585	199
2.585	198.9
2.586	198.9
2.586	198.8
2.586	198.8
2.587	198.8
2.588	198.7
2.588	198.7
2.589	198.6
2.589	198.6
2.589	198.6
2.59	198.5
2.591	198.5
2.591	198.4
2.592	198.4
2.592	198.4
2.592	198.3
2.593	198.3
2.593	198.2
2.594	198.2
2.595	198.2
2.595	198.1
2.595	198.1
2.596	198
2.596	198
2.597	198
2.598	197.9
2.598	197.9
2.599	197.8
2.599	197.8
2.599	197.8
2.6	197.7
2.601	197.7
2.601	197.7
2.602	197.6
2.602	197.6
2.602	197.5
2.603	197.5
2.603	197.5
2.604	197.4
2.605	197.4
2.605	197.3
2.605	197.3
2.606	197.3
2.606	197.2
2.607	197.2
2.608	197.1
2.608	197.1
2.609	197.1
2.609	197
2.609	197
2.61	196.9
2.611	196.9
2.611	196.9
2.612	196.8
2.612	196.8
2.612	196.8
2.613	196.7
2.614	196.7
2.614	196.6
2.615	196.6
2.615	196.6
2.615	196.5
2.616	196.5
2.616	196.4
2.617	196.4
2.618	196.4
2.618	196.3
2.618	196.3
2.619	196.2
2.619	196.2
2.62	196.2
2.621	196.1
2.621	196.1
2.622	196.1
2.622	196
2.622	196
2.623	195.9
2.624	195.9
2.624	195.9
2.625	195.8
2.625	195.8
2.625	195.7
2.626	195.7
2.626	195.7
2.627	195.6
2.628	195.6
2.628	195.6
2.628	195.5
2.629	195.5
2.629	195.4
2.63	195.4
2.631	195.4
2.631	195.3
2.632	195.3
2.632	195.2
2.632	195.2
2.633	195.2
2.634	195.1
2.634	195.1
2.635	195.1
2.635	195
2.635	195
2.636	194.9
2.636	194.9
2.637	194.9
2.638	194.8
2.638	194.8
2.638	194.7
2.639	194.7
2.639	194.7
2.64	194.6
2.641	194.6
2.641	194.6
2.641	194.5
2.642	194.5
2.642	194.4
2.643	194.4
2.644	194.4
2.644	194.3
2.645	194.3
2.645	194.2
2.645	194.2
2.646	194.2
2.647	194.1
2.647	194.1
2.648	194.1
2.648	194
2.648	194
2.649	193.9
2.649	193.9
2.65	193.9
2.651	193.8
2.651	193.8
2.651	193.7
2.652	193.7
2.652	193.7
2.653	193.6
2.654	193.6
2.654	193.6
2.655	193.5
2.655	193.5
2.655	193.4
2.656	193.4
2.657	193.4
2.657	193.3
2.658	193.3
2.658	193.3
2.658	193.2
2.659	193.2
2.659	193.1
2.66	193.1
2.661	193.1
2.661	193
2.661	193
2.662	192.9
2.662	192.9
2.663	192.9
2.664	192.8
2.664	192.8
2.664	192.8
2.665	192.7
2.665	192.7
2.666	192.6
2.667	192.6
2.667	192.6
2.668	192.5
2.668	192.5
2.668	192.5
2.669	192.4
2.67	192.4
2.67	192.3
2.671	192.3
2.671	192.3
2.671	192.2
2.672	192.2
2.672	192.2
2.673	192.1
2.674	192.1
2.674	192
2.674	192
2.675	192
2.675	191.9
2.676	191.9
2.677	191.8
2.677	191.8
2.678	191.8
2.678	191.7
2.678	191.7
2.679	191.7
2.68	191.6
2.68	191.6
2.681	191.5
2.681	191.5
2.681	191.5
2.682	191.4
2.682	191.4
2.683	191.4
2.684	191.3
2.684	191.3
2.684	191.2
2.685	191.2
2.685	191.2
2.686	191.1
2.687	191.1
2.687	191.1
2.688	191
2.688	191
2.688	190.9
2.689	190.9
2.69	190.9
2.69	190.8
2.691	190.8
2.691	190.8
2.691	190.7
2.692	190.7
2.693	190.6
2.693	190.6
2.694	190.6
2.694	190.5
2.694	190.5
2.695	190.5
2.695	190.4
2.696	190.4
2.697	190.3
2.697	190.3
2.697	190.3
2.698	190.2
2.698	190.2
2.699	190.2
2.7	190.1
2.7	190.1
2.701	190
2.701	190
2.701	190
2.702	189.9
2.703	189.9
2.703	189.9
2.704	189.8
2.704	189.8
2.704	189.8
2.705	189.7
2.705	189.7
2.706	189.6
2.707	189.6
2.707	189.6
2.707	189.5
2.708	189.5
2.708	189.5
2.709	189.4
2.71	189.4
2.71	189.3
2.711	189.3
2.711	189.3
2.711	189.2
2.712	189.2
2.713	189.2
2.713	189.1
2.714	189.1
2.714	189
2.714	189
2.715	189
2.716	188.9
2.716	188.9
2.717	188.9
2.717	188.8
2.717	188.8
2.718	188.8
2.718	188.7
2.719	188.7
2.72	188.6
2.72	188.6
2.72	188.6
2.721	188.5
2.721	188.5
2.722	188.5
2.723	188.4
2.723	188.4
2.724	188.3
2.724	188.3
2.724	188.3
2.725	188.2
2.726	188.2
2.726	188.2
2.727	188.1
2.727	188.1
2.727	188
2.728	188
2.728	188
2.729	187.9
2.73	187.9
2.73	187.9
2.73	187.8
2.731	187.8
2.731	187.8
2.732	187.7
2.733	187.7
2.733	187.6
2.734	187.6
2.734	187.6
2.734	187.5
2.735	187.5
2.736	187.5
2.736	187.4
2.737	187.4
2.737	187.4
2.737	187.3
2.738	187.3
2.739	187.2
2.739	187.2
2.74	187.2
2.74	187.1
2.74	187.1
2.741	187.1
2.741	187
2.742	187
2.743	187
2.743	186.9
2.743	186.9
2.744	186.8
2.744	186.8
2.745	186.8
2.746	186.7
2.746	186.7
2.747	186.7
2.747	186.6
2.747	186.6
2.748	186.5
2.749	186.5
2.749	186.5
2.75	186.4
2.75	186.4
2.75	186.4
2.751	186.3
2.751	186.3
2.752	186.3
2.753	186.2
2.753	186.2
2.753	186.1
2.754	186.1
2.754	186.1
2.755	186
2.756	186
2.756	186
2.757	185.9
2.757	185.9
2.757	185.9
2.758	185.8
2.759	185.8
2.759	185.8
2.76	185.7
2.76	185.7
2.76	185.6
2.761	185.6
2.761	185.6
2.762	185.5
2.763	185.5
2.763	185.5
2.763	185.4
2.764	185.4
2.764	185.4
2.765	185.3
2.766	185.3
2.766	185.2
2.766	185.2
2.767	185.2
2.767	185.1
2.768	185.1
2.769	185.1
2.769	185
2.77	185
2.77	185
2.77	184.9
2.771	184.9
2.772	184.8
2.772	184.8
2.773	184.8
2.773	184.7
2.773	184.7
2.774	184.7
2.774	184.6
2.775	184.6
2.776	184.6
2.776	184.5
2.776	184.5
2.777	184.5
2.777	184.4
2.778	184.4
2.779	184.3
2.779	184.3
2.78	184.3
2.78	184.2
2.78	184.2
2.781	184.2
2.782	184.1
2.782	184.1
2.783	184.1
2.783	184
2.783	184
2.784	184
2.784	183.9
2.785	183.9
2.786	183.8
2.786	183.8
2.786	183.8
2.787	183.7
2.787	183.7
2.788	183.7
2.789	183.6
2.789	183.6
2.789	183.6
2.79	183.5
2.79	183.5
2.791	183.5
2.792	183.4
2.792	183.4
2.793	183.3
2.793	183.3
2.793	183.3
2.794	183.2
2.795	183.2
2.795	183.2
2.796	183.1
2.796	183.1
2.796	183.1
2.797	183
2.797	183
2.798	183
2.799	182.9
2.799	182.9
2.799	182.8
2.8	182.8
2.8	182.8
2.801	182.7
2.802	182.7
2.802	182.7
2.803	182.6
2.803	182.6
2.803	182.6
2.804	182.5
2.805	182.5
2.805	182.5
2.806	182.4
2.806	182.4
2.806	182.4
2.807	182.3
2.807	182.3
2.808	182.2
2.809	182.2
2.809	182.2
2.809	182.1
2.81	182.1
2.81	182.1
2.811	182
2.812	182
2.812	182
2.812	181.9
2.813	181.9
2.813	181.9
2.814	181.8
2.815	181.8
2.815	181.8
2.816	181.7
2.816	181.7
2.816	181.6
2.817	181.6
2.818	181.6
2.818	181.5
2.819	181.5
2.819	181.5
2.819	181.4
2.82	181.4
2.82	181.4
2.821	181.3
2.822	181.3
2.822	181.3
2.822	181.2
2.823	181.2
2.823	181.2
2.824	181.1
2.825	181.1
2.825	181
2.826	181
2.826	181
2.826	180.9
2.827	180.9
2.828	180.9
2.828	180.8
2.829	180.8
2.829	180.8
2.829	180.7
2.83	180.7
2.83	180.7
2.831	180.6
2.832	180.6
2.832	180.6
2.832	180.5
2.833	180.5
2.833	180.5
2.834	180.4
2.835	180.4
2.835	180.3
2.836	180.3
2.836	180.3
2.836	180.2
2.837	180.2
2.838	180.2
2.838	180.1
2.839	180.1
2.839	180.1
2.839	180
2.84	180
2.841	180
2.841	179.9
2.842	179.9
2.842	179.9
2.842	179.8
2.843	179.8
2.843	179.8
2.844	179.7
2.845	179.7
2.845	179.7
2.845	179.6
2.846	179.6
2.846	179.5
2.847	179.5
2.848	179.5
2.848	179.4
2.849	179.4
2.849	179.4
2.849	179.3
2.85	179.3
2.851	179.3
2.851	179.2
2.852	179.2
2.852	179.2
2.852	179.1
2.853	179.1
2.853	179.1
2.854	179
2.855	179
2.855	179
2.855	178.9
2.856	178.9
2.856	178.9
2.857	178.8
2.858	178.8
2.858	178.8
2.859	178.7
2.859	178.7
2.859	178.6
2.86	178.6
2.861	178.6
2.861	178.5
2.862	178.5
2.862	178.5
2.862	178.4
2.863	178.4
2.864	178.4
2.864	178.3
2.865	178.3
2.865	178.3
2.865	178.2
2.866	178.2
2.866	178.2
2.867	178.1
2.868	178.1
2.868	178.1
2.868	178
2.869	178
2.869	178
2.87	177.9
2.871	177.9
2.871	177.9
2.872	177.8
2.872	177.8
2.872	177.8
2.873	177.7
2.874	177.7
2.874	177.7
2.875	177.6
2.875	177.6
2.875	177.6
2.876	177.5
2.876	177.5
2.877	177.4
2.878	177.4
2.878	177.4
2.878	177.3
2.879	177.3
2.879	177.3
2.88	177.2
2.881	177.2
2.881	177.2
2.882	177.1
2.882	177.1
2.882	177.1
2.883	177
2.884	177
2.884	177
2.885	176.9
2.885	176.9
2.885	176.9
2.886	176.8
2.886	176.8
2.887	176.8
2.888	176.7
2.888	176.7
2.888	176.7
2.889	176.6
2.889	176.6
2.89	176.6
2.891	176.5
2.891	176.5
2.891	176.5
2.892	176.4
2.892	176.4
2.893	176.4
2.894	176.3
2.894	176.3
2.895	176.3
2.895	176.2
2.895	176.2
2.896	176.2
2.897	176.1
2.897	176.1
2.898	176.1
2.898	176
2.898	176
2.899	176
2.899	175.9
2.9	175.9
2.901	175.9
2.901	175.8
2.901	175.8
2.902	175.7
2.902	175.7
2.903	175.7
2.904	175.6
2.904	175.6
2.905	175.6
2.905	175.5
2.905	175.5
2.906	175.5
2.907	175.4
2.907	175.4
2.908	175.4
2.908	175.3
2.908	175.3
2.909	175.3
2.909	175.2
2.91	175.2
2.911	175.2
2.911	175.1
2.911	175.1
2.912	175.1
2.912	175
2.913	175
2.914	175
2.914	174.9
2.914	174.9
2.915	174.9
2.915	174.8
2.916	174.8
2.917	174.8
2.917	174.7
2.918	174.7
2.918	174.7
2.918	174.6
2.919	174.6
2.92	174.6
2.92	174.5
2.921	174.5
2.921	174.5
2.921	174.4
2.922	174.4
2.922	174.4
2.923	174.3
2.924	174.3
2.924	174.3
2.924	174.2
2.925	174.2
2.925	174.2
2.926	174.1
2.927	174.1
2.927	174.1
2.928	174
2.928	174
2.928	174
2.929	173.9
2.93	173.9
2.93	173.9
2.931	173.8
2.931	173.8
2.931	173.8
2.932	173.7
2.932	173.7
2.933	173.7
2.934	173.6
2.934	173.6
2.934	173.6
2.935	173.5
2.935	173.5
2.936	173.5
2.937	173.4
2.937	173.4
2.938	173.4
2.938	173.3
2.938	173.3
2.939	173.3
2.94	173.2
2.94	173.2
2.941	173.2
2.941	173.1
2.941	173.1
2.942	173.1
2.943	173
2.943	173
2.944	173
2.944	172.9
2.944	172.9
2.945	172.9
2.945	172.8
2.946	172.8
2.947	172.8
2.947	172.7
2.947	172.7
2.948	172.7
2.948	172.6
2.949	172.6
2.95	172.6
2.95	172.5
2.951	172.5
2.951	172.5
2.951	172.4
2.952	172.4
2.953	172.4
2.953	172.3
2.954	172.3
2.954	172.3
2.954	172.2
2.955	172.2
2.955	172.2
2.956	172.2
2.957	172.1
2.957	172.1
2.957	172.1
2.958	172
2.958	172
2.959	172
2.96	171.9
2.96	171.9
2.961	171.9
2.961	171.8
2.961	171.8
2.962	171.8
2.963	171.7
2.963	171.7
2.964	171.7
2.964	171.6
2.964	171.6
2.965	171.6
2.966	171.5
2.966	171.5
2.967	171.5
2.967	171.4
2.967	171.4
2.968	171.4
2.968	171.3
2.969	171.3
2.97	171.3
2.97	171.2
2.97	171.2
2.971	171.2
2.971	171.1
2.972	171.1
2.973	171.1
2.973	171
2.974	171
2.974	171
2.974	170.9
2.975	170.9
2.976	170.9
2.976	170.8
2.977	170.8
2.977	170.8
2.977	170.7
2.978	170.7
2.978	170.7
2.979	170.6
2.98	170.6
2.98	170.6
2.98	170.5
2.981	170.5
2.981	170.5
2.982	170.5
2.983	170.4
2.983	170.4
2.984	170.4
2.984	170.3
2.984	170.3
2.985	170.3
2.986	170.2
2.986	170.2
2.987	170.2
2.987	170.1
2.987	170.1
2.988	170.1
2.989	170
2.989	170
2.99	170
2.99	169.9
2.99	169.9
2.991	169.9
2.991	169.8
2.992	169.8
2.993	169.8
2.993	169.7
2.993	169.7
2.994	169.7
2.994	169.6
2.995	169.6
2.996	169.6
2.996	169.5
2.997	169.5
2.997	169.5
2.997	169.4
2.998	169.4
2.999	169.4
2.999	169.4
3	169.3
3	169.3
3	169.3
3.001	169.2
3.001	169.2
3.002	169.2
3.003	169.1
3.003	169.1
3.003	169.1
3.004	169
3.004	169
3.005	169
3.006	168.9
3.006	168.9
3.007	168.9
3.007	168.8
3.007	168.8
3.008	168.8
3.009	168.7
3.009	168.7
3.01	168.7
3.01	168.6
3.01	168.6
3.011	168.6
3.011	168.5
3.012	168.5
3.013	168.5
3.013	168.5
3.013	168.4
3.014	168.4
3.014	168.4
3.015	168.3
3.016	168.3
3.016	168.3
3.016	168.2
3.017	168.2
3.017	168.2
3.018	168.1
3.019	168.1
3.019	168.1
3.02	168
3.02	168
3.02	168
3.021	167.9
3.022	167.9
3.022	167.9
3.023	167.8
3.023	167.8
3.023	167.8
3.024	167.8
3.024	167.7
3.025	167.7
3.026	167.7
3.026	167.6
3.026	167.6
3.027	167.6
3.027	167.5
3.028	167.5
3.029	167.5
3.029	167.4
3.03	167.4
3.03	167.4
3.03	167.3
3.031	167.3
3.032	167.3
3.032	167.2
3.033	167.2
3.033	167.2
3.033	167.1
3.034	167.1
3.034	167.1
3.035	167.1
3.036	167
3.036	167
3.036	167
3.037	166.9
3.037	166.9
3.038	166.9
3.039	166.8
3.039	166.8
3.039	166.8
3.04	166.7
3.04	166.7
3.041	166.7
3.042	166.6
3.042	166.6
3.043	166.6
3.043	166.5
3.043	166.5
3.044	166.5
3.045	166.5
3.045	166.4
3.046	166.4
3.046	166.4
3.046	166.3
3.047	166.3
3.047	166.3
3.048	166.2
3.049	166.2
3.049	166.2
3.049	166.1
3.05	166.1
3.05	166.1
3.051	166
3.052	166
3.052	166
3.053	166
3.053	165.9
3.053	165.9
3.054	165.9
3.055	165.8
3.055	165.8
3.056	165.8
3.056	165.7
3.056	165.7
3.057	165.7
3.057	165.6
3.058	165.6
3.059	165.6
3.059	165.5
3.059	165.5
3.06	165.5
3.06	165.4
3.061	165.4
3.062	165.4
3.062	165.4
3.062	165.3
3.063	165.3
3.063	165.3
3.064	165.2
3.065	165.2
3.065	165.2
3.066	165.1
3.066	165.1
3.066	165.1
3.067	165
3.068	165
3.068	165
3.069	165
3.069	164.9
3.069	164.9
3.07	164.9
3.07	164.8
3.071	164.8
3.072	164.8
3.072	164.7
3.072	164.7
3.073	164.7
3.073	164.6
3.074	164.6
3.075	164.6
3.075	164.5
3.076	164.5
3.076	164.5
3.076	164.5
3.077	164.4
3.078	164.4
3.078	164.4
3.079	164.3
3.079	164.3
3.079	164.3
3.08	164.2
3.08	164.2
3.081	164.2
3.082	164.1
3.082	164.1
3.082	164.1
3.083	164.1
3.083	164
3.084	164
3.085	164
3.085	163.9
3.086	163.9
3.086	163.9
3.086	163.8
3.087	163.8
3.088	163.8
3.088	163.7
3.089	163.7
3.089	163.7
3.089	163.6
3.09	163.6
3.091	163.6
3.091	163.6
3.092	163.5
3.092	163.5
3.092	163.5
3.093	163.4
3.093	163.4
3.094	163.4
3.095	163.3
3.095	163.3
3.095	163.3
3.096	163.2
3.096	163.2
3.097	163.2
3.098	163.2
3.098	163.1
3.099	163.1
3.099	163.1
3.099	163
3.1	163
3.101	163
3.101	162.9
3.102	162.9
3.102	162.9
3.102	162.9
3.103	162.8
3.103	162.8
3.104	162.8
3.105	162.7
3.105	162.7
3.105	162.7
3.106	162.6
3.106	162.6
3.107	162.6
3.108	162.5
3.108	162.5
3.109	162.5
3.109	162.5
3.109	162.4
3.11	162.4
3.111	162.4
3.111	162.3
3.112	162.3
3.112	162.3
3.112	162.2
3.113	162.2
3.114	162.2
3.114	162.1
3.115	162.1
3.115	162.1
3.115	162.1
3.116	162
3.116	162
3.117	162
3.118	161.9
3.118	161.9
3.118	161.9
3.119	161.8
3.119	161.8
3.12	161.8
3.121	161.8
3.121	161.7
3.122	161.7
3.122	161.7
3.122	161.6
3.123	161.6
3.124	161.6
3.124	161.5
3.125	161.5
3.125	161.5
3.125	161.4
3.126	161.4
3.126	161.4
3.127	161.4
3.128	161.3
3.128	161.3
3.128	161.3
3.129	161.2
3.129	161.2
3.13	161.2
3.131	161.1
3.131	161.1
3.132	161.1
3.132	161.1
3.132	161
3.133	161
3.134	161
3.134	160.9
3.135	160.9
3.135	160.9
3.135	160.8
3.136	160.8
3.136	160.8
3.137	160.8
3.138	160.7
3.138	160.7
3.138	160.7
3.139	160.6
3.139	160.6
3.14	160.6
3.141	160.5
3.141	160.5
3.141	160.5
3.142	160.5
3.142	160.4
3.143	160.4
3.144	160.4
3.144	160.3
3.145	160.3
3.145	160.3
3.145	160.2
3.146	160.2
3.147	160.2
3.147	160.2
3.148	160.1
3.148	160.1
3.148	160.1
3.149	160
3.149	160
3.15	160
3.151	159.9
3.151	159.9
3.151	159.9
3.152	159.9
3.152	159.8
3.153	159.8
3.154	159.8
3.154	159.7
3.155	159.7
3.155	159.7
3.155	159.6
3.156	159.6
3.157	159.6
3.157	159.6
3.158	159.5
3.158	159.5
3.158	159.5
3.159	159.4
3.159	159.4
3.16	159.4
3.161	159.3
3.161	159.3
3.161	159.3
3.162	159.3
3.162	159.2
3.163	159.2
3.164	159.2
3.164	159.1
3.164	159.1
3.165	159.1
3.165	159
3.166	159
3.167	159
3.167	159
3.168	158.9
3.168	158.9
3.168	158.9
3.169	158.8
3.17	158.8
3.17	158.8
3.171	158.8
3.171	158.7
3.171	158.7
3.172	158.7
3.172	158.6
3.173	158.6
3.174	158.6
3.174	158.5
3.174	158.5
3.175	158.5
3.175	158.5
3.176	158.4
3.177	158.4
3.177	158.4
3.178	158.3
3.178	158.3
3.178	158.3
3.179	158.2
3.18	158.2
3.18	158.2
3.181	158.2
3.181	158.1
3.181	158.1
3.182	158.1
3.182	158
3.183	158
3.184	158
3.184	158
3.184	157.9
3.185	157.9
3.185	157.9
3.186	157.8
3.187	157.8
3.187	157.8
3.188	157.7
3.188	157.7
3.188	157.7
3.189	157.7
3.19	157.6
3.19	157.6
3.191	157.6
3.191	157.5
3.191	157.5
3.192	157.5
3.193	157.5
3.193	157.4
3.194	157.4
3.194	157.4
3.194	157.3
3.195	157.3
3.195	157.3
3.196	157.2
3.197	157.2
3.197	157.2
3.197	157.2
3.198	157.1
3.198	157.1
3.199	157.1
3.2	157
3.2	157
3.201	157
3.201	157
3.201	156.9
3.202	156.9
3.203	156.9
3.203	156.8
3.204	156.8
3.204	156.8
3.204	156.8
3.205	156.7
3.205	156.7
3.206	156.7
3.207	156.6
3.207	156.6
3.207	156.6
3.208	156.5
3.208	156.5
3.209	156.5
3.21	156.5
3.21	156.4
3.211	156.4
3.211	156.4
3.211	156.3
3.212	156.3
3.213	156.3
3.213	156.3
3.214	156.2
3.214	156.2
3.214	156.2
3.215	156.1
3.216	156.1
3.216	156.1
3.217	156.1
3.217	156
3.217	156
3.218	156
3.218	155.9
3.219	155.9
3.22	155.9
3.22	155.9
3.22	155.8
3.221	155.8
3.221	155.8
3.222	155.7
3.223	155.7
3.223	155.7
3.224	155.6
3.224	155.6
3.224	155.6
3.225	155.6
3.226	155.5
3.226	155.5
3.227	155.5
3.227	155.4
3.227	155.4
3.228	155.4
3.228	155.4
3.229	155.3
3.23	155.3
3.23	155.3
3.23	155.2
3.231	155.2
3.231	155.2
3.232	155.2
3.233	155.1
3.233	155.1
3.234	155.1
3.234	155
3.234	155
3.235	155
3.236	155
3.236	154.9
3.237	154.9
3.237	154.9
3.237	154.8
3.238	154.8
3.239	154.8
3.239	154.8
3.24	154.7
3.24	154.7
3.24	154.7
3.241	154.6
3.241	154.6
3.242	154.6
3.243	154.6
3.243	154.5
3.243	154.5
3.244	154.5
3.244	154.4
3.245	154.4
3.246	154.4
3.246	154.4
3.247	154.3
3.247	154.3
3.247	154.3
3.248	154.2
3.249	154.2
3.249	154.2
3.25	154.2
3.25	154.1
3.25	154.1
3.251	154.1
3.251	154
3.252	154
3.253	154
3.253	154
3.253	153.9
3.254	153.9
3.254	153.9
3.255	153.8
3.256	153.8
3.256	153.8
3.257	153.8
3.257	153.7
3.257	153.7
3.258	153.7
3.259	153.6
3.259	153.6
3.26	153.6
3.26	153.6
3.26	153.5
3.261	153.5
3.261	153.5
3.262	153.4
3.263	153.4
3.263	153.4
3.263	153.4
3.264	153.3
3.264	153.3
3.265	153.3
3.266	153.2
3.266	153.2
3.266	153.2
3.267	153.2
3.267	153.1
3.268	153.1
3.269	153.1
3.269	153
3.27	153
3.27	153
3.27	153
3.271	152.9
3.272	152.9
3.272	152.9
3.273	152.8
3.273	152.8
3.273	152.8
3.274	152.8
3.274	152.7
3.275	152.7
3.276	152.7
3.276	152.7
3.276	152.6
3.277	152.6
3.277	152.6
3.278	152.5
3.279	152.5
3.279	152.5
3.28	152.5
3.28	152.4
3.28	152.4
3.281	152.4
3.282	152.3
3.282	152.3
3.283	152.3
3.283	152.3
3.283	152.2
3.284	152.2
3.284	152.2
3.285	152.1
3.286	152.1
3.286	152.1
3.286	152.1
3.287	152
3.287	152
3.288	152
3.289	151.9
3.289	151.9
3.289	151.9
3.29	151.9
3.29	151.8
3.291	151.8
3.292	151.8
3.292	151.8
3.293	151.7
3.293	151.7
3.293	151.7
3.294	151.6
3.295	151.6
3.295	151.6
3.296	151.6
3.296	151.5
3.296	151.5
3.297	151.5
3.297	151.4
3.298	151.4
3.299	151.4
3.299	151.4
3.299	151.3
3.3	151.3
3.3	151.3
3.301	151.3
3.302	151.2
3.302	151.2
3.303	151.2
3.303	151.1
3.303	151.1
3.304	151.1
3.305	151.1
3.305	151
3.306	151
3.306	151
3.306	150.9
3.307	150.9
3.307	150.9
3.308	150.9
3.309	150.8
3.309	150.8
3.309	150.8
3.31	150.8
3.31	150.7
3.311	150.7
3.312	150.7
3.312	150.6
3.312	150.6
3.313	150.6
3.313	150.6
3.314	150.5
3.315	150.5
3.315	150.5
3.316	150.4
3.316	150.4
3.316	150.4
3.317	150.4
3.318	150.3
3.318	150.3
3.319	150.3
3.319	150.3
3.319	150.2
3.32	150.2
3.32	150.2
3.321	150.1
3.322	150.1
3.322	150.1
3.322	150.1
3.323	150
3.323	150
3.324	150
3.325	149.9
3.325	149.9
3.326	149.9
3.326	149.9
3.326	149.8
3.327	149.8
3.328	149.8
3.328	149.8
3.329	149.7
3.329	149.7
3.329	149.7
3.33	149.6
3.33	149.6
3.331	149.6
3.332	149.6
3.332	149.5
3.332	149.5
3.333	149.5
3.333	149.5
3.334	149.4
3.335	149.4
3.335	149.4
3.336	149.3
3.336	149.3
3.336	149.3
3.337	149.3
3.338	149.2
3.338	149.2
3.339	149.2
3.339	149.2
3.339	149.1
3.34	149.1
3.341	149.1
3.341	149
3.342	149
3.342	149
3.342	149
3.343	148.9
3.343	148.9
3.344	148.9
3.345	148.9
3.345	148.8
3.345	148.8
3.346	148.8
3.346	148.7
3.347	148.7
3.348	148.7
3.348	148.7
3.349	148.6
3.349	148.6
3.349	148.6
3.35	148.6
3.351	148.5
3.351	148.5
3.352	148.5
3.352	148.4
3.352	148.4
3.353	148.4
3.353	148.4
3.354	148.3
3.355	148.3
3.355	148.3
3.355	148.3
3.356	148.2
3.356	148.2
3.357	148.2
3.358	148.1
3.358	148.1
3.359	148.1
3.359	148.1
3.359	148
3.36	148
3.361	148
3.361	148
3.362	147.9
3.362	147.9
3.362	147.9
3.363	147.8
3.364	147.8
3.364	147.8
3.365	147.8
3.365	147.7
3.365	147.7
3.366	147.7
3.366	147.7
3.367	147.6
3.368	147.6
3.368	147.6
3.368	147.5
3.369	147.5
3.369	147.5
3.37	147.5
3.371	147.4
3.371	147.4
3.372	147.4
3.372	147.4
3.372	147.3
3.373	147.3
3.374	147.3
3.374	147.3
3.375	147.2
3.375	147.2
3.375	147.2
3.376	147.1
3.376	147.1
3.377	147.1
3.378	147.1
3.378	147
3.378	147
3.379	147
3.379	147
3.38	146.9
3.381	146.9
3.381	146.9
3.382	146.9
3.382	146.8
3.382	146.8
3.383	146.8
3.384	146.7
3.384	146.7
3.385	146.7
3.385	146.7
3.385	146.6
3.386	146.6
3.386	146.6
3.387	146.6
3.388	146.5
3.388	146.5
3.388	146.5
3.389	146.4
3.389	146.4
3.39	146.4
3.391	146.4
3.391	146.3
3.391	146.3
3.392	146.3
3.392	146.3
3.393	146.2
3.394	146.2
3.394	146.2
3.395	146.2
3.395	146.1
3.395	146.1
3.396	146.1
3.397	146
3.397	146
3.398	146
3.398	146
3.398	145.9
3.399	145.9
3.399	145.9
3.4	145.9
3.401	145.8
3.401	145.8
3.401	145.8
3.402	145.8
3.402	145.7
3.403	145.7
3.404	145.7
3.404	145.6
3.405	145.6
3.405	145.6
3.405	145.6
3.406	145.5
3.407	145.5
3.407	145.5
3.408	145.5
3.408	145.4
3.408	145.4
3.409	145.4
3.409	145.4
3.41	145.3
3.411	145.3
3.411	145.3
3.411	145.3
3.412	145.2
3.412	145.2
3.413	145.2
3.414	145.1
3.414	145.1
3.414	145.1
3.415	145.1
3.415	145
3.416	145
3.417	145
3.417	145
3.418	144.9
3.418	144.9
3.418	144.9
3.419	144.9
3.42	144.8
3.42	144.8
3.421	144.8
3.421	144.8
3.421	144.7
3.422	144.7
3.422	144.7
3.423	144.6
3.424	144.6
3.424	144.6
3.424	144.6
3.425	144.5
3.425	144.5
3.426	144.5
3.427	144.5
3.427	144.4
3.428	144.4
3.428	144.4
3.428	144.4
3.429	144.3
3.43	144.3
3.43	144.3
3.431	144.3
3.431	144.2
3.431	144.2
3.432	144.2
3.432	144.1
3.433	144.1
3.434	144.1
3.434	144.1
3.434	144
3.435	144
3.435	144
3.436	144
3.437	143.9
3.437	143.9
3.438	143.9
3.438	143.9
3.438	143.8
3.439	143.8
3.44	143.8
3.44	143.8
3.441	143.7
3.441	143.7
3.441	143.7
3.442	143.7
3.443	143.6
3.443	143.6
3.444	143.6
3.444	143.5
3.444	143.5
3.445	143.5
3.445	143.5
3.446	143.4
3.447	143.4
3.447	143.4
3.447	143.4
3.448	143.3
3.448	143.3
3.449	143.3
3.45	143.3
3.45	143.2
3.451	143.2
3.451	143.2
3.451	143.2
3.452	143.1
3.453	143.1
3.453	143.1
3.454	143.1
3.454	143
3.454	143
3.455	143
3.455	142.9
3.456	142.9
3.457	142.9
3.457	142.9
3.457	142.8
3.458	142.8
3.458	142.8
3.459	142.8
3.46	142.7
3.46	142.7
3.461	142.7
3.461	142.7
3.461	142.6
3.462	142.6
3.463	142.6
3.463	142.6
3.464	142.5
3.464	142.5
3.464	142.5
3.465	142.5
3.466	142.4
3.466	142.4
3.467	142.4
3.467	142.4
3.467	142.3
3.468	142.3
3.468	142.3
3.469	142.3
3.47	142.2
3.47	142.2
3.47	142.2
3.471	142.1
3.471	142.1
3.472	142.1
3.473	142.1
3.473	142
3.474	142
3.474	142
3.474	142
3.475	141.9
3.476	141.9
3.476	141.9
3.477	141.9
3.477	141.8
3.477	141.8
3.478	141.8
3.478	141.8
3.479	141.7
3.48	141.7
3.48	141.7
3.48	141.7
3.481	141.6
3.481	141.6
3.482	141.6
3.483	141.6
3.483	141.5
3.484	141.5
3.484	141.5
3.484	141.5
3.485	141.4
3.486	141.4
3.486	141.4
3.487	141.4
3.487	141.3
3.487	141.3
3.488	141.3
3.489	141.3
3.489	141.2
3.49	141.2
3.49	141.2
3.49	141.2
3.491	141.1
3.491	141.1
3.492	141.1
3.493	141
3.493	141
3.493	141
3.494	141
3.494	140.9
3.495	140.9
3.496	140.9
3.496	140.9
3.497	140.8
3.497	140.8
3.497	140.8
3.498	140.8
3.499	140.7
3.499	140.7
3.5	140.7
3.5	140.7
3.5	140.6
3.501	140.6
3.501	140.6
3.502	140.6
3.503	140.5
3.503	140.5
3.503	140.5
3.504	140.5
3.504	140.4
3.505	140.4
3.506	140.4
3.506	140.4
3.507	140.3
3.507	140.3
3.507	140.3
3.508	140.3
3.509	140.2
3.509	140.2
3.51	140.2
3.51	140.2
3.51	140.1
3.511	140.1
3.511	140.1
3.512	140.1
3.513	140
3.513	140
3.513	140
3.514	140
3.514	139.9
3.515	139.9
3.516	139.9
3.516	139.9
3.516	139.8
3.517	139.8
3.517	139.8
3.518	139.8
3.519	139.7
3.519	139.7
3.52	139.7
3.52	139.7
3.52	139.6
3.521	139.6
3.522	139.6
3.522	139.6
3.523	139.5
3.523	139.5
3.523	139.5
3.524	139.5
3.524	139.4
3.525	139.4
3.526	139.4
3.526	139.4
3.526	139.3
3.527	139.3
3.527	139.3
3.528	139.3
3.529	139.2
3.529	139.2
3.53	139.2
3.53	139.2
3.53	139.1
3.531	139.1
3.532	139.1
3.532	139.1
3.533	139
3.533	139
3.533	139
3.534	139
3.534	138.9
3.535	138.9
3.536	138.9
3.536	138.9
3.536	138.8
3.537	138.8
3.537	138.8
3.538	138.8
3.539	138.7
3.539	138.7
3.539	138.7
3.54	138.7
3.54	138.6
3.541	138.6
3.542	138.6
3.542	138.6
3.543	138.5
3.543	138.5
3.543	138.5
3.544	138.5
3.545	138.4
3.545	138.4
3.546	138.4
3.546	138.4
3.546	138.3
3.547	138.3
3.547	138.3
3.548	138.3
3.549	138.2
3.549	138.2
3.549	138.2
3.55	138.2
3.55	138.1
3.551	138.1
3.552	138.1
3.552	138.1
3.553	138
3.553	138
3.553	138
3.554	138
3.555	137.9
3.555	137.9
3.556	137.9
3.556	137.9
3.556	137.8
3.557	137.8
3.557	137.8
3.558	137.8
3.559	137.7
3.559	137.7
3.559	137.7
3.56	137.7
3.56	137.6
3.561	137.6
3.562	137.6
3.562	137.6
3.562	137.5
3.563	137.5
3.563	137.5
3.564	137.5
3.565	137.4
3.565	137.4
3.566	137.4
3.566	137.4
3.566	137.3
3.567	137.3
3.568	137.3
3.568	137.3
3.569	137.2
3.569	137.2
3.569	137.2
3.57	137.2
3.57	137.2
3.571	137.1
3.572	137.1
3.572	137.1
3.572	137.1
3.573	137
3.573	137
3.574	137
3.575	137
3.575	136.9
3.576	136.9
3.576	136.9
3.576	136.9
3.577	136.8
3.578	136.8
3.578	136.8
3.579	136.8
3.579	136.7
3.579	136.7
3.58	136.7
3.58	136.7
3.581	136.6
3.582	136.6
3.582	136.6
3.582	136.6
3.583	136.5
3.583	136.5
3.584	136.5
3.585	136.5
3.585	136.4
3.586	136.4
3.586	136.4
3.586	136.4
3.587	136.3
3.588	136.3
3.588	136.3
3.589	136.3
3.589	136.2
3.589	136.2
3.59	136.2
3.591	136.2
3.591	136.1
3.592	136.1
3.592	136.1
3.592	136.1
3.593	136.1
3.593	136
3.594	136
3.595	136
3.595	136
3.595	135.9
3.596	135.9
3.596	135.9
3.597	135.9
3.598	135.8
3.598	135.8
3.599	135.8
3.599	135.8
3.599	135.7
3.6	135.7
3.601	135.7
3.601	135.7
3.602	135.6
3.602	135.6
3.602	135.6
3.603	135.6
3.603	135.5
3.604	135.5
3.605	135.5
3.605	135.5
3.605	135.4
3.606	135.4
3.606	135.4
3.607	135.4
3.608	135.4
3.608	135.3
3.609	135.3
3.609	135.3
3.609	135.3
3.61	135.2
3.611	135.2
3.611	135.2
3.612	135.2
3.612	135.1
3.612	135.1
3.613	135.1
3.614	135.1
3.614	135
3.615	135
3.615	135
3.615	135
3.616	134.9
3.616	134.9
3.617	134.9
3.618	134.9
3.618	134.8
3.618	134.8
3.619	134.8
3.619	134.8
3.62	134.7
3.621	134.7
3.621	134.7
3.622	134.7
3.622	134.7
3.622	134.6
3.623	134.6
3.624	134.6
3.624	134.6
3.625	134.5
3.625	134.5
3.625	134.5
3.626	134.5
3.626	134.4
3.627	134.4
3.628	134.4
3.628	134.4
3.628	134.3
3.629	134.3
3.629	134.3
3.63	134.3
3.631	134.2
3.631	134.2
3.632	134.2
3.632	134.2
3.632	134.2
3.633	134.1
3.634	134.1
3.634	134.1
3.635	134.1
3.635	134
3.635	134
3.636	134
3.636	134
3.637	133.9
3.638	133.9
3.638	133.9
3.638	133.9
3.639	133.8
3.639	133.8
3.64	133.8
3.641	133.8
3.641	133.7
3.641	133.7
3.642	133.7
3.642	133.7
3.643	133.7
3.644	133.6
3.644	133.6
3.645	133.6
3.645	133.6
3.645	133.5
3.646	133.5
3.647	133.5
3.647	133.5
3.648	133.4
3.648	133.4
3.648	133.4
3.649	133.4
3.649	133.3
3.65	133.3
3.651	133.3
3.651	133.3
3.651	133.2
3.652	133.2
3.652	133.2
3.653	133.2
3.654	133.2
3.654	133.1
3.655	133.1
3.655	133.1
3.655	133.1
3.656	133
3.657	133
3.657	133
3.658	133
3.658	132.9
3.658	132.9
3.659	132.9
3.659	132.9
3.66	132.8
3.661	132.8
3.661	132.8
3.661	132.8
3.662	132.8
3.662	132.7
3.663	132.7
3.664	132.7
3.664	132.7
3.664	132.6
3.665	132.6
3.665	132.6
3.666	132.6
3.667	132.5
3.667	132.5
3.668	132.5
3.668	132.5
3.668	132.4
3.669	132.4
3.67	132.4
3.67	132.4
3.671	132.4
3.671	132.3
3.671	132.3
3.672	132.3
3.672	132.3
3.673	132.2
3.674	132.2
3.674	132.2
3.674	132.2
3.675	132.1
3.675	132.1
3.676	132.1
3.677	132.1
3.677	132.1
3.678	132
3.678	132
3.678	132
3.679	132
3.68	131.9
3.68	131.9
3.681	131.9
3.681	131.9
3.681	131.8
3.682	131.8
3.682	131.8
3.683	131.8
3.684	131.7
3.684	131.7
3.684	131.7
3.685	131.7
3.685	131.7
3.686	131.6
3.687	131.6
3.687	131.6
3.688	131.6
3.688	131.5
3.688	131.5
3.689	131.5
3.69	131.5
3.69	131.4
3.691	131.4
3.691	131.4
3.691	131.4
3.692	131.4
3.693	131.3
3.693	131.3
3.694	131.3
3.694	131.3
3.694	131.2
3.695	131.2
3.695	131.2
3.696	131.2
3.697	131.1
3.697	131.1
3.697	131.1
3.698	131.1
3.698	131.1
3.699	131
3.7	131
3.7	131
3.701	131
3.701	130.9
3.701	130.9
3.702	130.9
3.703	130.9
3.703	130.8
3.704	130.8
3.704	130.8
3.704	130.8
3.705	130.8
3.705	130.7
3.706	130.7
3.707	130.7
3.707	130.7
3.707	130.6
3.708	130.6
3.708	130.6
3.709	130.6
3.71	130.5
3.71	130.5
3.711	130.5
3.711	130.5
3.711	130.5
3.712	130.4
3.713	130.4
3.713	130.4
3.714	130.4
3.714	130.3
3.714	130.3
3.715	130.3
3.716	130.3
3.716	130.2
3.717	130.2
3.717	130.2
3.717	130.2
3.718	130.2
3.718	130.1
3.719	130.1
3.72	130.1
3.72	130.1
3.72	130
3.721	130
3.721	130
3.722	130
3.723	129.9
3.723	129.9
3.724	129.9
3.724	129.9
3.724	129.9
3.725	129.8
3.726	129.8
3.726	129.8
3.727	129.8
3.727	129.7
3.727	129.7
3.728	129.7
3.728	129.7
3.729	129.7
3.73	129.6
3.73	129.6
3.73	129.6
3.731	129.6
3.731	129.5
3.732	129.5
3.733	129.5
3.733	129.5
3.734	129.4
3.734	129.4
3.734	129.4
3.735	129.4
3.736	129.4
3.736	129.3
3.737	129.3
3.737	129.3
3.737	129.3
3.738	129.2
3.739	129.2
3.739	129.2
3.74	129.2
3.74	129.2
3.74	129.1
3.741	129.1
3.741	129.1
3.742	129.1
3.743	129
3.743	129
3.743	129
3.744	129
3.744	128.9
3.745	128.9
3.746	128.9
3.746	128.9
3.747	128.9
3.747	128.8
3.747	128.8
3.748	128.8
3.749	128.8
3.749	128.7
3.75	128.7
3.75	128.7
3.75	128.7
3.751	128.7
3.751	128.6
3.752	128.6
3.753	128.6
3.753	128.6
3.753	128.5
3.754	128.5
3.754	128.5
3.755	128.5
3.756	128.5
3.756	128.4
3.757	128.4
3.757	128.4
3.757	128.4
3.758	128.3
3.759	128.3
3.759	128.3
3.76	128.3
3.76	128.2
3.76	128.2
3.761	128.2
3.761	128.2
3.762	128.2
3.763	128.1
3.763	128.1
3.763	128.1
3.764	128.1
3.764	128
3.765	128
3.766	128
3.766	128
3.766	128
3.767	127.9
3.767	127.9
3.768	127.9
3.769	127.9
3.769	127.8
3.77	127.8
3.77	127.8
3.77	127.8
3.771	127.8
3.772	127.7
3.772	127.7
3.773	127.7
3.773	127.7
3.773	127.6
3.774	127.6
3.774	127.6
3.775	127.6
3.776	127.6
3.776	127.5
3.776	127.5
3.777	127.5
3.777	127.5
3.778	127.4
3.779	127.4
3.779	127.4
3.78	127.4
3.78	127.4
3.78	127.3
3.781	127.3
3.782	127.3
3.782	127.3
3.783	127.2
3.783	127.2
3.783	127.2
3.784	127.2
3.784	127.2
3.785	127.1
3.786	127.1
3.786	127.1
3.786	127.1
3.787	127
3.787	127
3.788	127
3.789	127
3.789	127
3.789	126.9
3.79	126.9
3.79	126.9
3.791	126.9
3.792	126.8
3.792	126.8
3.793	126.8
3.793	126.8
3.793	126.8
3.794	126.7
3.795	126.7
3.795	126.7
3.796	126.7
3.796	126.6
3.796	126.6
3.797	126.6
3.797	126.6
3.798	126.6
3.799	126.5
3.799	126.5
3.799	126.5
3.8	126.5
3.8	126.4
3.801	126.4
3.802	126.4
3.802	126.4
3.803	126.4
3.803	126.3
3.803	126.3
3.804	126.3
3.805	126.3
3.805	126.2
3.806	126.2
3.806	126.2
3.806	126.2
3.807	126.2
3.807	126.1
3.808	126.1
3.809	126.1
3.809	126.1
3.809	126
3.81	126
3.81	126
3.811	126
3.812	126
3.812	125.9
3.812	125.9
3.813	125.9
3.813	125.9
3.814	125.9
3.815	125.8
3.815	125.8
3.816	125.8
3.816	125.8
3.816	125.7
3.817	125.7
3.818	125.7
3.818	125.7
3.819	125.7
3.819	125.6
3.819	125.6
3.82	125.6
3.82	125.6
3.821	125.5
3.822	125.5
3.822	125.5
3.822	125.5
3.823	125.5
3.823	125.4
3.824	125.4
3.825	125.4
3.825	125.4
3.826	125.3
3.826	125.3
3.826	125.3
3.827	125.3
3.828	125.3
3.828	125.2
3.829	125.2
3.829	125.2
3.829	125.2
3.83	125.2
3.83	125.1
3.831	125.1
3.832	125.1
3.832	125.1
3.832	125
3.833	125
3.833	125
3.834	125
3.835	125
3.835	124.9
3.836	124.9
3.836	124.9
3.836	124.9
3.837	124.8
3.838	124.8
3.838	124.8
3.839	124.8
3.839	124.8
3.839	124.7
3.84	124.7
3.841	124.7
3.841	124.7
3.842	124.7
3.842	124.6
3.842	124.6
3.843	124.6
3.843	124.6
3.844	124.5
3.845	124.5
3.845	124.5
3.845	124.5
3.846	124.5
3.846	124.4
3.847	124.4
3.848	124.4
3.848	124.4
3.849	124.4
3.849	124.3
3.849	124.3
3.85	124.3
3.851	124.3
3.851	124.2
3.852	124.2
3.852	124.2
3.852	124.2
3.853	124.2
3.853	124.1
3.854	124.1
3.855	124.1
3.855	124.1
3.855	124
3.856	124
3.856	124
3.857	124
3.858	124
3.858	123.9
3.859	123.9
3.859	123.9
3.859	123.9
3.86	123.9
3.861	123.8
3.861	123.8
3.862	123.8
3.862	123.8
3.862	123.7
3.863	123.7
3.864	123.7
3.864	123.7
3.865	123.7
3.865	123.6
3.865	123.6
3.866	123.6
3.866	123.6
3.867	123.6
3.868	123.5
3.868	123.5
3.868	123.5
3.869	123.5
3.869	123.4
3.87	123.4
3.871	123.4
3.871	123.4
3.872	123.4
3.872	123.3
3.872	123.3
3.873	123.3
3.874	123.3
3.874	123.3
3.875	123.2
3.875	123.2
3.875	123.2
3.876	123.2
3.876	123.2
3.877	123.1
3.878	123.1
3.878	123.1
3.878	123.1
3.879	123
3.879	123
3.88	123
3.881	123
3.881	123
3.882	122.9
3.882	122.9
3.882	122.9
3.883	122.9
3.884	122.9
3.884	122.8
3.885	122.8
3.885	122.8
3.885	122.8
3.886	122.7
3.886	122.7
3.887	122.7
3.888	122.7
3.888	122.7
3.888	122.6
3.889	122.6
3.889	122.6
3.89	122.6
3.891	122.6
3.891	122.5
3.891	122.5
3.892	122.5
3.892	122.5
3.893	122.5
3.894	122.4
3.894	122.4
3.895	122.4
3.895	122.4
3.895	122.3
3.896	122.3
3.897	122.3
3.897	122.3
3.898	122.3
3.898	122.2
3.898	122.2
3.899	122.2
3.899	122.2
3.9	122.2
3.901	122.1
3.901	122.1
3.901	122.1
3.902	122.1
3.902	122.1
3.903	122
3.904	122
3.904	122
3.905	122
3.905	121.9
3.905	121.9
3.906	121.9
3.907	121.9
3.907	121.9
3.908	121.8
3.908	121.8
3.908	121.8
3.909	121.8
3.909	121.8
3.91	121.7
3.911	121.7
3.911	121.7
3.911	121.7
3.912	121.7
3.912	121.6
3.913	121.6
3.914	121.6
3.914	121.6
3.914	121.5
3.915	121.5
3.915	121.5
3.916	121.5
3.917	121.5
3.917	121.4
3.918	121.4
3.918	121.4
3.918	121.4
3.919	121.4
3.92	121.3
3.92	121.3
3.921	121.3
3.921	121.3
3.921	121.3
3.922	121.2
3.922	121.2
3.923	121.2
3.924	121.2
3.924	121.1
3.924	121.1
3.925	121.1
3.925	121.1
3.926	121.1
3.927	121
3.927	121
3.928	121
3.928	121
3.928	121
3.929	120.9
3.93	120.9
3.93	120.9
3.931	120.9
3.931	120.9
3.931	120.8
3.932	120.8
3.932	120.8
3.933	120.8
3.934	120.8
3.934	120.7
3.934	120.7
3.935	120.7
3.935	120.7
3.936	120.7
3.937	120.6
3.937	120.6
3.938	120.6
3.938	120.6
3.938	120.5
3.939	120.5
3.94	120.5
3.94	120.5
3.941	120.5
3.941	120.4
3.941	120.4
3.942	120.4
3.943	120.4
3.943	120.4
3.944	120.3
3.944	120.3
3.944	120.3
3.945	120.3
3.945	120.3
3.946	120.2
3.947	120.2
3.947	120.2
3.947	120.2
3.948	120.2
3.948	120.1
3.949	120.1
3.95	120.1
3.95	120.1
3.951	120.1
3.951	120
3.951	120
3.952	120
3.953	120
3.953	119.9
3.954	119.9
3.954	119.9
3.954	119.9
3.955	119.9
3.955	119.8
3.956	119.8
3.957	119.8
3.957	119.8
3.957	119.8
3.958	119.7
3.958	119.7
3.959	119.7
3.96	119.7
3.96	119.7
3.961	119.6
3.961	119.6
3.961	119.6
3.962	119.6
3.963	119.6
3.963	119.5
3.964	119.5
3.964	119.5
3.964	119.5
3.965	119.5
3.966	119.4
3.966	119.4
3.967	119.4
3.967	119.4
3.967	119.4
3.968	119.3
3.968	119.3
3.969	119.3
3.97	119.3
3.97	119.3
3.97	119.2
3.971	119.2
3.971	119.2
3.972	119.2
3.973	119.1
3.973	119.1
3.974	119.1
3.974	119.1
3.974	119.1
3.975	119
3.976	119
3.976	119
3.977	119
3.977	119
3.977	118.9
3.978	118.9
3.978	118.9
3.979	118.9
3.98	118.9
3.98	118.8
3.98	118.8
3.981	118.8
3.981	118.8
3.982	118.8
3.983	118.7
3.983	118.7
3.984	118.7
3.984	118.7
3.984	118.7
3.985	118.6
3.986	118.6
3.986	118.6
3.987	118.6
3.987	118.6
3.987	118.5
3.988	118.5
3.989	118.5
3.989	118.5
3.99	118.5
3.99	118.4
3.99	118.4
3.991	118.4
3.991	118.4
3.992	118.4
3.993	118.3
3.993	118.3
3.993	118.3
3.994	118.3
3.994	118.3
3.995	118.2
3.996	118.2
3.996	118.2
3.997	118.2
3.997	118.2
3.997	118.1
3.998	118.1
3.999	118.1
3.999	118.1
4	118.1
4	118
4.001	118
4.001	118
4.002	118
4.002	118
4.003	117.9
4.003	117.9
4.003	117.9
4.004	117.9
4.004	117.9
4.005	117.8
4.005	117.8
4.006	117.8
4.006	117.8
4.007	117.8
4.008	117.7
4.008	117.7
4.009	117.7
4.009	117.7
4.01	117.7
4.01	117.6
4.01	117.6
4.011	117.6
4.011	117.6
4.012	117.6
4.012	117.5
4.013	117.5
4.014	117.5
4.014	117.5
4.015	117.5
4.015	117.4
4.016	117.4
4.016	117.4
4.016	117.4
4.017	117.4
4.017	117.3
4.018	117.3
4.018	117.3
4.019	117.3
4.019	117.3
4.02	117.2
4.021	117.2
4.021	117.2
4.022	117.2
4.022	117.2
4.023	117.1
4.023	117.1
4.023	117.1
4.024	117.1
4.024	117.1
4.025	117
4.025	117
4.026	117
4.027	117
4.027	117
4.028	116.9
4.028	116.9
4.029	116.9
4.029	116.9
4.03	116.9
4.03	116.8
4.03	116.8
4.031	116.8
4.031	116.8
4.032	116.8
4.032	116.7
4.033	116.7
4.034	116.7
4.034	116.7
4.035	116.7
4.035	116.6
4.036	116.6
4.036	116.6
4.036	116.6
4.037	116.6
4.037	116.5
4.038	116.5
4.038	116.5
4.039	116.5
4.04	116.5
4.04	116.4
4.041	116.4
4.041	116.4
4.042	116.4
4.042	116.4
4.043	116.3
4.043	116.3
4.043	116.3
4.044	116.3
4.044	116.3
4.045	116.2
4.045	116.2
4.046	116.2
4.047	116.2
4.047	116.2
4.048	116.1
4.048	116.1
4.049	116.1
4.049	116.1
4.049	116.1
4.05	116
4.05	116
4.051	116
4.051	116
4.052	116
4.052	115.9
4.053	115.9
4.054	115.9
4.054	115.9
4.055	115.9
4.055	115.8
4.056	115.8
4.056	115.8
4.056	115.8
4.057	115.8
4.057	115.7
4.058	115.7
4.058	115.7
4.059	115.7
4.06	115.7
4.06	115.7
4.061	115.6
4.061	115.6
4.062	115.6
4.062	115.6
4.062	115.6
4.063	115.5
4.063	115.5
4.064	115.5
4.064	115.5
4.065	115.5
4.065	115.4
4.066	115.4
4.067	115.4
4.067	115.4
4.068	115.4
4.068	115.3
4.069	115.3
4.069	115.3
4.069	115.3
4.07	115.3
4.07	115.2
4.071	115.2
4.071	115.2
4.072	115.2
4.073	115.2
4.073	115.1
4.074	115.1
4.074	115.1
4.075	115.1
4.075	115.1
4.076	115
4.076	115
4.076	115
4.077	115
4.077	115
4.078	114.9
4.078	114.9
4.079	114.9
4.08	114.9
4.08	114.9
4.081	114.9
4.081	114.8
4.082	114.8
4.082	114.8
4.082	114.8
4.083	114.8
4.083	114.7
4.084	114.7
4.084	114.7
4.085	114.7
4.085	114.7
4.086	114.6
4.087	114.6
4.087	114.6
4.088	114.6
4.088	114.6
4.089	114.5
4.089	114.5
4.089	114.5
4.09	114.5
4.09	114.5
4.091	114.4
4.091	114.4
4.092	114.4
4.093	114.4
4.093	114.4
4.094	114.3
4.094	114.3
4.095	114.3
4.095	114.3
4.095	114.3
4.096	114.3
4.096	114.2
4.097	114.2
4.097	114.2
4.098	114.2
4.098	114.2
4.099	114.1
4.1	114.1
4.1	114.1
4.101	114.1
4.101	114.1
4.102	114
4.102	114
4.102	114
4.103	114
4.103	114
4.104	113.9
4.104	113.9
4.105	113.9
4.106	113.9
4.106	113.9
4.107	113.8
4.107	113.8
4.108	113.8
4.108	113.8
4.109	113.8
4.109	113.8
4.109	113.7
4.11	113.7
4.11	113.7
4.111	113.7
4.111	113.7
4.112	113.6
4.113	113.6
4.113	113.6
4.114	113.6
4.114	113.6
4.115	113.5
4.115	113.5
4.115	113.5
4.116	113.5
4.116	113.5
4.117	113.4
4.117	113.4
4.118	113.4
4.119	113.4
4.119	113.4
4.12	113.4
4.12	113.3
4.121	113.3
4.121	113.3
4.122	113.3
4.122	113.3
4.122	113.2
4.123	113.2
4.123	113.2
4.124	113.2
4.124	113.2
4.125	113.1
4.126	113.1
4.126	113.1
4.127	113.1
4.127	113.1
4.128	113
4.128	113
4.128	113
4.129	113
4.129	113
4.13	113
4.13	112.9
4.131	112.9
4.131	112.9
4.132	112.9
4.133	112.9
4.133	112.8
4.134	112.8
4.134	112.8
4.135	112.8
4.135	112.8
4.135	112.7
4.136	112.7
4.136	112.7
4.137	112.7
4.137	112.7
4.138	112.6
4.139	112.6
4.139	112.6
4.14	112.6
4.14	112.6
4.141	112.6
4.141	112.5
4.141	112.5
4.142	112.5
4.142	112.5
4.143	112.5
4.143	112.4
4.144	112.4
4.144	112.4
4.145	112.4
4.146	112.4
4.146	112.3
4.147	112.3
4.147	112.3
4.148	112.3
4.148	112.3
4.148	112.3
4.149	112.2
4.149	112.2
4.15	112.2
4.15	112.2
4.151	112.2
4.152	112.1
4.152	112.1
4.153	112.1
4.153	112.1
4.154	112.1
4.154	112
4.155	112
4.155	112
4.155	112
4.156	112
4.156	112
4.157	111.9
4.157	111.9
4.158	111.9
4.159	111.9
4.159	111.9
4.16	111.8
4.16	111.8
4.161	111.8
4.161	111.8
4.161	111.8
4.162	111.7
4.162	111.7
4.163	111.7
4.163	111.7
4.164	111.7
4.165	111.7
4.165	111.6
4.166	111.6
4.166	111.6
4.167	111.6
4.167	111.6
4.168	111.5
4.168	111.5
4.168	111.5
4.169	111.5
4.169	111.5
4.17	111.4
4.17	111.4
4.171	111.4
4.172	111.4
4.172	111.4
4.173	111.4
4.173	111.3
4.174	111.3
4.174	111.3
4.174	111.3
4.175	111.3
4.175	111.2
4.176	111.2
4.176	111.2
4.177	111.2
4.177	111.2
4.178	111.1
4.179	111.1
4.179	111.1
4.18	111.1
4.18	111.1
4.181	111.1
4.181	111
4.181	111
4.182	111
4.182	111
4.183	111
4.183	110.9
4.184	110.9
4.185	110.9
4.185	110.9
4.186	110.9
4.186	110.9
4.187	110.8
4.187	110.8
4.188	110.8
4.188	110.8
4.188	110.8
4.189	110.7
4.189	110.7
4.19	110.7
4.19	110.7
4.191	110.7
4.192	110.6
4.192	110.6
4.193	110.6
4.193	110.6
4.194	110.6
4.194	110.6
4.194	110.5
4.195	110.5
4.195	110.5
4.196	110.5
4.196	110.5
4.197	110.4
4.198	110.4
4.198	110.4
4.199	110.4
4.199	110.4
4.2	110.4
4.2	110.3
4.201	110.3
4.201	110.3
4.201	110.3
4.202	110.3
4.202	110.2
4.203	110.2
4.203	110.2
4.204	110.2
4.205	110.2
4.205	110.2
4.206	110.1
4.206	110.1
4.207	110.1
4.207	110.1
4.207	110.1
4.208	110
4.208	110
4.209	110
4.209	110
4.21	110
4.21	109.9
4.211	109.9
4.212	109.9
4.212	109.9
4.213	109.9
4.213	109.9
4.214	109.8
4.214	109.8
4.214	109.8
4.215	109.8
4.215	109.8
4.216	109.7
4.216	109.7
4.217	109.7
4.218	109.7
4.218	109.7
4.219	109.7
4.219	109.6
4.22	109.6
4.22	109.6
4.22	109.6
4.221	109.6
4.221	109.5
4.222	109.5
4.222	109.5
4.223	109.5
4.223	109.5
4.224	109.5
4.225	109.4
4.225	109.4
4.226	109.4
4.226	109.4
4.227	109.4
4.227	109.3
4.227	109.3
4.228	109.3
4.228	109.3
4.229	109.3
4.229	109.3
4.23	109.2
4.231	109.2
4.231	109.2
4.232	109.2
4.232	109.2
4.233	109.1
4.233	109.1
4.234	109.1
4.234	109.1
4.234	109.1
4.235	109.1
4.235	109
4.236	109
4.236	109
4.237	109
4.238	109
4.238	108.9
4.239	108.9
4.239	108.9
4.24	108.9
4.24	108.9
4.24	108.9
4.241	108.8
4.241	108.8
4.242	108.8
4.242	108.8
4.243	108.8
4.244	108.7
4.244	108.7
4.245	108.7
4.245	108.7
4.246	108.7
4.246	108.7
4.247	108.6
4.247	108.6
4.247	108.6
4.248	108.6
4.248	108.6
4.249	108.6
4.249	108.5
4.25	108.5
4.251	108.5
4.251	108.5
4.252	108.5
4.252	108.4
4.253	108.4
4.253	108.4
4.253	108.4
4.254	108.4
4.254	108.4
4.255	108.3
4.255	108.3
4.256	108.3
4.256	108.3
4.257	108.3
4.258	108.2
4.258	108.2
4.259	108.2
4.259	108.2
4.26	108.2
4.26	108.2
4.26	108.1
4.261	108.1
4.261	108.1
4.262	108.1
4.262	108.1
4.263	108
4.264	108
4.264	108
4.265	108
4.265	108
4.266	108
4.266	107.9
4.266	107.9
4.267	107.9
4.267	107.9
4.268	107.9
4.268	107.9
4.269	107.8
4.269	107.8
4.27	107.8
4.271	107.8
4.271	107.8
4.272	107.7
4.272	107.7
4.273	107.7
4.273	107.7
4.273	107.7
4.274	107.7
4.274	107.6
4.275	107.6
4.275	107.6
4.276	107.6
4.277	107.6
4.277	107.5
4.278	107.5
4.278	107.5
4.279	107.5
4.279	107.5
4.28	107.5
4.28	107.4
4.28	107.4
4.281	107.4
4.281	107.4
4.282	107.4
4.282	107.4
4.283	107.3
4.284	107.3
4.284	107.3
4.285	107.3
4.285	107.3
4.286	107.2
4.286	107.2
4.286	107.2
4.287	107.2
4.287	107.2
4.288	107.2
4.288	107.1
4.289	107.1
4.29	107.1
4.29	107.1
4.291	107.1
4.291	107.1
4.292	107
4.292	107
4.293	107
4.293	107
4.293	107
4.294	106.9
4.294	106.9
4.295	106.9
4.295	106.9
4.296	106.9
4.297	106.9
4.297	106.8
4.298	106.8
4.298	106.8
4.299	106.8
4.299	106.8
4.299	106.8
4.3	106.7
4.3	106.7
4.301	106.7
4.301	106.7
4.302	106.7
4.302	106.6
4.303	106.6
4.304	106.6
4.304	106.6
4.305	106.6
4.305	106.6
4.306	106.5
4.306	106.5
4.306	106.5
4.307	106.5
4.307	106.5
4.308	106.5
4.308	106.4
4.309	106.4
4.31	106.4
4.31	106.4
4.311	106.4
4.311	106.3
4.312	106.3
4.312	106.3
4.312	106.3
4.313	106.3
4.313	106.3
4.314	106.2
4.314	106.2
4.315	106.2
4.315	106.2
4.316	106.2
4.317	106.2
4.317	106.1
4.318	106.1
4.318	106.1
4.319	106.1
4.319	106.1
4.319	106.1
4.32	106
4.32	106
4.321	106
4.321	106
4.322	106
4.323	105.9
4.323	105.9
4.324	105.9
4.324	105.9
4.325	105.9
4.325	105.9
4.326	105.8
4.326	105.8
4.326	105.8
4.327	105.8
4.327	105.8
4.328	105.8
4.328	105.7
4.329	105.7
4.33	105.7
4.33	105.7
4.331	105.7
4.331	105.7
4.332	105.6
4.332	105.6
4.332	105.6
4.333	105.6
4.333	105.6
4.334	105.5
4.334	105.5
4.335	105.5
4.335	105.5
4.336	105.5
4.337	105.5
4.337	105.4
4.338	105.4
4.338	105.4
4.339	105.4
4.339	105.4
4.339	105.4
4.34	105.3
4.34	105.3
4.341	105.3
4.341	105.3
4.342	105.3
4.343	105.3
4.343	105.2
4.344	105.2
4.344	105.2
4.345	105.2
4.345	105.2
4.345	105.1
4.346	105.1
4.346	105.1
4.347	105.1
4.347	105.1
4.348	105.1
4.348	105
4.349	105
4.35	105
4.35	105
4.351	105
4.351	105
4.352	104.9
4.352	104.9
4.352	104.9
4.353	104.9
4.353	104.9
4.354	104.9
4.354	104.8
4.355	104.8
4.356	104.8
4.356	104.8
4.357	104.8
4.357	104.8
4.358	104.7
4.358	104.7
4.359	104.7
4.359	104.7
4.359	104.7
4.36	104.7
4.36	104.6
4.361	104.6
4.361	104.6
4.362	104.6
4.363	104.6
4.363	104.5
4.364	104.5
4.364	104.5
4.365	104.5
4.365	104.5
4.365	104.5
4.366	104.4
4.366	104.4
4.367	104.4
4.367	104.4
4.368	104.4
4.369	104.4
4.369	104.3
4.37	104.3
4.37	104.3
4.371	104.3
4.371	104.3
4.372	104.3
4.372	104.2
4.372	104.2
4.373	104.2
4.373	104.2
4.374	104.2
4.374	104.2
4.375	104.1
4.376	104.1
4.376	104.1
4.377	104.1
4.377	104.1
4.378	104.1
4.378	104
4.378	104
4.379	104
4.379	104
4.38	104
4.38	104
4.381	103.9
4.381	103.9
4.382	103.9
4.383	103.9
4.383	103.9
4.384	103.8
4.384	103.8
4.385	103.8
4.385	103.8
4.385	103.8
4.386	103.8
4.386	103.7
4.387	103.7
4.387	103.7
4.388	103.7
4.389	103.7
4.389	103.7
4.39	103.6
4.39	103.6
4.391	103.6
4.391	103.6
4.391	103.6
4.392	103.6
4.392	103.5
4.393	103.5
4.393	103.5
4.394	103.5
4.394	103.5
4.395	103.5
4.396	103.4
4.396	103.4
4.397	103.4
4.397	103.4
4.398	103.4
4.398	103.4
4.398	103.3
4.399	103.3
4.399	103.3
4.4	103.3
4.4	103.3
4.401	103.3
4.402	103.2
4.402	103.2
4.403	103.2
4.403	103.2
4.404	103.2
4.404	103.2
4.405	103.1
4.405	103.1
4.405	103.1
4.406	103.1
4.406	103.1
4.407	103.1
4.407	103
4.408	103
4.409	103
4.409	103
4.41	103
4.41	103
4.411	102.9
4.411	102.9
4.411	102.9
4.412	102.9
4.412	102.9
4.413	102.9
4.413	102.8
4.414	102.8
4.415	102.8
4.415	102.8
4.416	102.8
4.416	102.8
4.417	102.7
4.417	102.7
4.418	102.7
4.418	102.7
4.418	102.7
4.419	102.7
4.419	102.6
4.42	102.6
4.42	102.6
4.421	102.6
4.422	102.6
4.422	102.6
4.423	102.5
4.423	102.5
4.424	102.5
4.424	102.5
4.424	102.5
4.425	102.5
4.425	102.4
4.426	102.4
4.426	102.4
4.427	102.4
4.427	102.4
4.428	102.4
4.429	102.3
4.429	102.3
4.43	102.3
4.43	102.3
4.431	102.3
4.431	102.3
4.431	102.2
4.432	102.2
4.432	102.2
4.433	102.2
4.433	102.2
4.434	102.2
4.435	102.1
4.435	102.1
4.436	102.1
4.436	102.1
4.437	102.1
4.437	102.1
4.438	102
4.438	102
4.438	102
4.439	102
4.439	102
4.44	102
4.44	101.9
4.441	101.9
4.442	101.9
4.442	101.9
4.443	101.9
4.443	101.9
4.444	101.8
4.444	101.8
4.444	101.8
4.445	101.8
4.445	101.8
4.446	101.8
4.446	101.7
4.447	101.7
4.448	101.7
4.448	101.7
4.449	101.7
4.449	101.7
4.45	101.6
4.45	101.6
4.451	101.6
4.451	101.6
4.451	101.6
4.452	101.6
4.452	101.5
4.453	101.5
4.453	101.5
4.454	101.5
4.455	101.5
4.455	101.5
4.456	101.4
4.456	101.4
4.457	101.4
4.457	101.4
4.457	101.4
4.458	101.4
4.458	101.3
4.459	101.3
4.459	101.3
4.46	101.3
4.46	101.3
4.461	101.3
4.462	101.2
4.462	101.2
4.463	101.2
4.463	101.2
4.464	101.2
4.464	101.2
4.464	101.1
4.465	101.1
4.465	101.1
4.466	101.1
4.466	101.1
4.467	101.1
4.468	101.1
4.468	101
4.469	101
4.469	101
4.47	101
4.47	101
4.47	101
4.471	100.9
4.471	100.9
4.472	100.9
4.472	100.9
4.473	100.9
4.473	100.9
4.474	100.8
4.475	100.8
4.475	100.8
4.476	100.8
4.476	100.8
4.477	100.8
4.477	100.7
4.477	100.7
4.478	100.7
4.478	100.7
4.479	100.7
4.479	100.7
4.48	100.6
4.481	100.6
4.481	100.6
4.482	100.6
4.482	100.6
4.483	100.6
4.483	100.5
4.484	100.5
4.484	100.5
4.484	100.5
4.485	100.5
4.485	100.5
4.486	100.4
4.486	100.4
4.487	100.4
4.488	100.4
4.488	100.4
4.489	100.4
4.489	100.3
4.49	100.3
4.49	100.3
4.49	100.3
4.491	100.3
4.491	100.3
4.492	100.3
4.492	100.2
4.493	100.2
4.494	100.2
4.494	100.2
4.495	100.2
4.495	100.2
4.496	100.1
4.496	100.1
4.497	100.1
4.497	100.1
4.497	100.1
4.498	100.1
4.498	100
4.499	100
4.499	100
4.5	99.99
4.501	99.98
4.501	99.96
4.502	99.95
4.502	99.93
4.503	99.91
4.503	99.9
4.503	99.88
4.504	99.86
4.504	99.85
4.505	99.83
4.505	99.82
4.506	99.8
4.506	99.78
4.507	99.77
4.508	99.75
4.508	99.74
4.509	99.72
4.509	99.7
4.51	99.69
4.51	99.67
4.51	99.66
4.511	99.64
4.511	99.62
4.512	99.61
4.512	99.59
4.513	99.58
4.514	99.56
4.514	99.54
4.515	99.53
4.515	99.51
4.516	99.5
4.516	99.48
4.516	99.46
4.517	99.45
4.517	99.43
4.518	99.42
4.518	99.4
4.519	99.38
4.519	99.37
4.52	99.35
4.521	99.34
4.521	99.32
4.522	99.3
4.522	99.29
4.523	99.27
4.523	99.26
4.523	99.24
4.524	99.22
4.524	99.21
4.525	99.19
4.525	99.18
4.526	99.16
4.527	99.14
4.527	99.13
4.528	99.11
4.528	99.1
4.529	99.08
4.529	99.06
4.53	99.05
4.53	99.03
4.53	99.02
4.531	99
4.531	98.98
4.532	98.97
4.532	98.95
4.533	98.94
4.534	98.92
4.534	98.9
4.535	98.89
4.535	98.87
4.536	98.86
4.536	98.84
4.536	98.83
4.537	98.81
4.537	98.79
4.538	98.78
4.538	98.76
4.539	98.75
4.54	98.73
4.54	98.71
4.541	98.7
4.541	98.68
4.542	98.67
4.542	98.65
4.543	98.63
4.543	98.62
4.543	98.6
4.544	98.59
4.544	98.57
4.545	98.56
4.545	98.54
4.546	98.52
4.547	98.51
4.547	98.49
4.548	98.48
4.548	98.46
4.549	98.44
4.549	98.43
4.549	98.41
4.55	98.4
4.55	98.38
4.551	98.37
4.551	98.35
4.552	98.33
4.552	98.32
4.553	98.3
4.554	98.29
4.554	98.27
4.555	98.26
4.555	98.24
4.556	98.22
4.556	98.21
4.556	98.19
4.557	98.18
4.557	98.16
4.558	98.15
4.558	98.13
4.559	98.11
4.56	98.1
4.56	98.08
4.561	98.07
4.561	98.05
4.562	98.04
4.562	98.02
4.562	98
4.563	97.99
4.563	97.97
4.564	97.96
4.564	97.94
4.565	97.93
4.565	97.91
4.566	97.89
4.567	97.88
4.567	97.86
4.568	97.85
4.568	97.83
4.569	97.82
4.569	97.8
4.569	97.78
4.57	97.77
4.57	97.75
4.571	97.74
4.571	97.72
4.572	97.71
4.573	97.69
4.573	97.67
4.574	97.66
4.574	97.64
4.575	97.63
4.575	97.61
4.576	97.6
4.576	97.58
4.576	97.57
4.577	97.55
4.577	97.53
4.578	97.52
4.578	97.5
4.579	97.49
4.58	97.47
4.58	97.46
4.581	97.44
4.581	97.42
4.582	97.41
4.582	97.39
4.582	97.38
4.583	97.36
4.583	97.35
4.584	97.33
4.584	97.32
4.585	97.3
4.585	97.28
4.586	97.27
4.587	97.25
4.587	97.24
4.588	97.22
4.588	97.21
4.589	97.19
4.589	97.18
4.589	97.16
4.59	97.14
4.59	97.13
4.591	97.11
4.591	97.1
4.592	97.08
4.593	97.07
4.593	97.05
4.594	97.04
4.594	97.02
4.595	97.01
4.595	96.99
4.595	96.97
4.596	96.96
4.596	96.94
4.597	96.93
4.597	96.91
4.598	96.9
4.598	96.88
4.599	96.87
4.6	96.85
4.6	96.84
4.601	96.82
4.601	96.8
4.602	96.79
4.602	96.77
4.602	96.76
4.603	96.74
4.603	96.73
4.604	96.71
4.604	96.7
4.605	96.68
4.606	96.67
4.606	96.65
4.607	96.63
4.607	96.62
4.608	96.6
4.608	96.59
4.609	96.57
4.609	96.56
4.609	96.54
4.61	96.53
4.61	96.51
4.611	96.5
4.611	96.48
4.612	96.47
4.613	96.45
4.613	96.43
4.614	96.42
4.614	96.4
4.615	96.39
4.615	96.37
4.615	96.36
4.616	96.34
4.616	96.33
4.617	96.31
4.617	96.3
4.618	96.28
4.619	96.27
4.619	96.25
4.62	96.24
4.62	96.22
4.621	96.2
4.621	96.19
4.622	96.17
4.622	96.16
4.622	96.14
4.623	96.13
4.623	96.11
4.624	96.1
4.624	96.08
4.625	96.07
4.626	96.05
4.626	96.04
4.627	96.02
4.627	96.01
4.628	95.99
4.628	95.98
4.628	95.96
4.629	95.94
4.629	95.93
4.63	95.91
4.63	95.9
4.631	95.88
4.631	95.87
4.632	95.85
4.633	95.84
4.633	95.82
4.634	95.81
4.634	95.79
4.635	95.78
4.635	95.76
4.635	95.75
4.636	95.73
4.636	95.72
4.637	95.7
4.637	95.69
4.638	95.67
4.639	95.66
4.639	95.64
4.64	95.63
4.64	95.61
4.641	95.59
4.641	95.58
4.641	95.56
4.642	95.55
4.642	95.53
4.643	95.52
4.643	95.5
4.644	95.49
4.644	95.47
4.645	95.46
4.646	95.44
4.646	95.43
4.647	95.41
4.647	95.4
4.648	95.38
4.648	95.37
4.648	95.35
4.649	95.34
4.649	95.32
4.65	95.31
4.65	95.29
4.651	95.28
4.652	95.26
4.652	95.25
4.653	95.23
4.653	95.22
4.654	95.2
4.654	95.19
4.655	95.17
4.655	95.16
4.655	95.14
4.656	95.13
4.656	95.11
4.657	95.1
4.657	95.08
4.658	95.07
4.659	95.05
4.659	95.04
4.66	95.02
4.66	95.01
4.661	94.99
4.661	94.98
4.661	94.96
4.662	94.95
4.662	94.93
4.663	94.92
4.663	94.9
4.664	94.89
4.665	94.87
4.665	94.86
4.666	94.84
4.666	94.83
4.667	94.81
4.667	94.8
4.668	94.78
4.668	94.77
4.668	94.75
4.669	94.74
4.669	94.72
4.67	94.71
4.67	94.69
4.671	94.68
4.672	94.66
4.672	94.65
4.673	94.63
4.673	94.62
4.674	94.6
4.674	94.59
4.674	94.57
4.675	94.56
4.675	94.54
4.676	94.53
4.676	94.51
4.677	94.5
4.677	94.48
4.678	94.47
4.679	94.45
4.679	94.44
4.68	94.42
4.68	94.41
4.681	94.39
4.681	94.38
4.681	94.36
4.682	94.35
4.682	94.33
4.683	94.32
4.683	94.3
4.684	94.29
4.685	94.27
4.685	94.26
4.686	94.24
4.686	94.23
4.687	94.21
4.687	94.2
4.688	94.18
4.688	94.17
4.688	94.15
4.689	94.14
4.689	94.12
4.69	94.11
4.69	94.09
4.691	94.08
4.692	94.06
4.692	94.05
4.693	94.03
4.693	94.02
4.694	94
4.694	93.99
4.694	93.98
4.695	93.96
4.695	93.95
4.696	93.93
4.696	93.92
4.697	93.9
4.698	93.89
4.698	93.87
4.699	93.86
4.699	93.84
4.7	93.83
4.7	93.81
4.701	93.8
4.701	93.78
4.701	93.77
4.702	93.75
4.702	93.74
4.703	93.72
4.703	93.71
4.704	93.69
4.705	93.68
4.705	93.66
4.706	93.65
4.706	93.64
4.707	93.62
4.707	93.61
4.707	93.59
4.708	93.58
4.708	93.56
4.709	93.55
4.709	93.53
4.71	93.52
4.71	93.5
4.711	93.49
4.712	93.47
4.712	93.46
4.713	93.44
4.713	93.43
4.714	93.41
4.714	93.4
4.714	93.39
4.715	93.37
4.715	93.36
4.716	93.34
4.716	93.33
4.717	93.31
4.718	93.3
4.718	93.28
4.719	93.27
4.719	93.25
4.72	93.24
4.72	93.22
4.72	93.21
4.721	93.19
4.721	93.18
4.722	93.17
4.722	93.15
4.723	93.14
4.723	93.12
4.724	93.11
4.725	93.09
4.725	93.08
4.726	93.06
4.726	93.05
4.727	93.03
4.727	93.02
4.727	93
4.728	92.99
4.728	92.98
4.729	92.96
4.729	92.95
4.73	92.93
4.731	92.92
4.731	92.9
4.732	92.89
4.732	92.87
4.733	92.86
4.733	92.84
4.734	92.83
4.734	92.81
4.734	92.8
4.735	92.79
4.735	92.77
4.736	92.76
4.736	92.74
4.737	92.73
4.738	92.71
4.738	92.7
4.739	92.68
4.739	92.67
4.74	92.65
4.74	92.64
4.74	92.63
4.741	92.61
4.741	92.6
4.742	92.58
4.742	92.57
4.743	92.55
4.744	92.54
4.744	92.52
4.745	92.51
4.745	92.5
4.746	92.48
4.746	92.47
4.747	92.45
4.747	92.44
4.747	92.42
4.748	92.41
4.748	92.39
4.749	92.38
4.749	92.36
4.75	92.35
4.751	92.34
4.751	92.32
4.752	92.31
4.752	92.29
4.753	92.28
4.753	92.26
4.753	92.25
4.754	92.23
4.754	92.22
4.755	92.21
4.755	92.19
4.756	92.18
4.756	92.16
4.757	92.15
4.758	92.13
4.758	92.12
4.759	92.11
4.759	92.09
4.76	92.08
4.76	92.06
4.76	92.05
4.761	92.03
4.761	92.02
4.762	92
4.762	91.99
4.763	91.98
4.764	91.96
4.764	91.95
4.765	91.93
4.765	91.92
4.766	91.9
4.766	91.89
4.766	91.88
4.767	91.86
4.767	91.85
4.768	91.83
4.768	91.82
4.769	91.8
4.769	91.79
4.77	91.77
4.771	91.76
4.771	91.75
4.772	91.73
4.772	91.72
4.773	91.7
4.773	91.69
4.773	91.67
4.774	91.66
4.774	91.65
4.775	91.63
4.775	91.62
4.776	91.6
4.777	91.59
4.777	91.57
4.778	91.56
4.778	91.55
4.779	91.53
4.779	91.52
4.78	91.5
4.78	91.49
4.78	91.47
4.781	91.46
4.781	91.45
4.782	91.43
4.782	91.42
4.783	91.4
4.784	91.39
4.784	91.37
4.785	91.36
4.785	91.35
4.786	91.33
4.786	91.32
4.786	91.3
4.787	91.29
4.787	91.28
4.788	91.26
4.788	91.25
4.789	91.23
4.79	91.22
4.79	91.2
4.791	91.19
4.791	91.18
4.792	91.16
4.792	91.15
4.793	91.13
4.793	91.12
4.793	91.1
4.794	91.09
4.794	91.08
4.795	91.06
4.795	91.05
4.796	91.03
4.797	91.02
4.797	91.01
4.798	90.99
4.798	90.98
4.799	90.96
4.799	90.95
4.799	90.93
4.8	90.92
4.8	90.91
4.801	90.89
4.801	90.88
4.802	90.86
4.802	90.85
4.803	90.84
4.804	90.82
4.804	90.81
4.805	90.79
4.805	90.78
4.806	90.77
4.806	90.75
4.806	90.74
4.807	90.72
4.807	90.71
4.808	90.7
4.808	90.68
4.809	90.67
4.81	90.65
4.81	90.64
4.811	90.62
4.811	90.61
4.812	90.6
4.812	90.58
4.812	90.57
4.813	90.55
4.813	90.54
4.814	90.53
4.814	90.51
4.815	90.5
4.815	90.48
4.816	90.47
4.817	90.46
4.817	90.44
4.818	90.43
4.818	90.41
4.819	90.4
4.819	90.39
4.819	90.37
4.82	90.36
4.82	90.34
4.821	90.33
4.821	90.32
4.822	90.3
4.823	90.29
4.823	90.27
4.824	90.26
4.824	90.25
4.825	90.23
4.825	90.22
4.826	90.2
4.826	90.19
4.826	90.18
4.827	90.16
4.827	90.15
4.828	90.13
4.828	90.12
4.829	90.11
4.83	90.09
4.83	90.08
4.831	90.06
4.831	90.05
4.832	90.04
4.832	90.02
4.832	90.01
4.833	89.99
4.833	89.98
4.834	89.97
4.834	89.95
4.835	89.94
4.835	89.93
4.836	89.91
4.837	89.9
4.837	89.88
4.838	89.87
4.838	89.86
4.839	89.84
4.839	89.83
4.839	89.81
4.84	89.8
4.84	89.79
4.841	89.77
4.841	89.76
4.842	89.74
4.843	89.73
4.843	89.72
4.844	89.7
4.844	89.69
4.845	89.68
4.845	89.66
4.845	89.65
4.846	89.63
4.846	89.62
4.847	89.61
4.847	89.59
4.848	89.58
4.848	89.56
4.849	89.55
4.85	89.54
4.85	89.52
4.851	89.51
4.851	89.5
4.852	89.48
4.852	89.47
4.852	89.45
4.853	89.44
4.853	89.43
4.854	89.41
4.854	89.4
4.855	89.38
4.856	89.37
4.856	89.36
4.857	89.34
4.857	89.33
4.858	89.32
4.858	89.3
4.859	89.29
4.859	89.27
4.859	89.26
4.86	89.25
4.86	89.23
4.861	89.22
4.861	89.21
4.862	89.19
4.863	89.18
4.863	89.16
4.864	89.15
4.864	89.14
4.865	89.12
4.865	89.11
4.865	89.1
4.866	89.08
4.866	89.07
4.867	89.05
4.867	89.04
4.868	89.03
4.869	89.01
4.869	89
4.87	88.99
4.87	88.97
4.871	88.96
4.871	88.94
4.872	88.93
4.872	88.92
4.872	88.9
4.873	88.89
4.873	88.88
4.874	88.86
4.874	88.85
4.875	88.84
4.876	88.82
4.876	88.81
4.877	88.79
4.877	88.78
4.878	88.77
4.878	88.75
4.878	88.74
4.879	88.73
4.879	88.71
4.88	88.7
4.88	88.69
4.881	88.67
4.881	88.66
4.882	88.64
4.883	88.63
4.883	88.62
4.884	88.6
4.884	88.59
4.885	88.58
4.885	88.56
4.885	88.55
4.886	88.54
4.886	88.52
4.887	88.51
4.887	88.49
4.888	88.48
4.889	88.47
4.889	88.45
4.89	88.44
4.89	88.43
4.891	88.41
4.891	88.4
4.891	88.39
4.892	88.37
4.892	88.36
4.893	88.35
4.893	88.33
4.894	88.32
4.894	88.3
4.895	88.29
4.896	88.28
4.896	88.26
4.897	88.25
4.897	88.24
4.898	88.22
4.898	88.21
4.898	88.2
4.899	88.18
4.899	88.17
4.9	88.16
4.9	88.14
4.901	88.13
4.902	88.12
4.902	88.1
4.903	88.09
4.903	88.07
4.904	88.06
4.904	88.05
4.905	88.03
4.905	88.02
4.905	88.01
4.906	87.99
4.906	87.98
4.907	87.97
4.907	87.95
4.908	87.94
4.909	87.93
4.909	87.91
4.91	87.9
4.91	87.89
4.911	87.87
4.911	87.86
4.911	87.85
4.912	87.83
4.912	87.82
4.913	87.81
4.913	87.79
4.914	87.78
4.915	87.76
4.915	87.75
4.916	87.74
4.916	87.72
4.917	87.71
4.917	87.7
4.918	87.68
4.918	87.67
4.918	87.66
4.919	87.64
4.919	87.63
4.92	87.62
4.92	87.6
4.921	87.59
4.922	87.58
4.922	87.56
4.923	87.55
4.923	87.54
4.924	87.52
4.924	87.51
4.924	87.5
4.925	87.48
4.925	87.47
4.926	87.46
4.926	87.44
4.927	87.43
4.927	87.42
4.928	87.4
4.929	87.39
4.929	87.38
4.93	87.36
4.93	87.35
4.931	87.34
4.931	87.32
4.931	87.31
4.932	87.3
4.932	87.28
4.933	87.27
4.933	87.26
4.934	87.24
4.935	87.23
4.935	87.22
4.936	87.2
4.936	87.19
4.937	87.18
4.937	87.16
4.938	87.15
4.938	87.14
4.938	87.12
4.939	87.11
4.939	87.1
4.94	87.08
4.94	87.07
4.941	87.06
4.942	87.04
4.942	87.03
4.943	87.02
4.943	87
4.944	86.99
4.944	86.98
4.944	86.96
4.945	86.95
4.945	86.94
4.946	86.92
4.946	86.91
4.947	86.9
4.948	86.88
4.948	86.87
4.949	86.86
4.949	86.85
4.95	86.83
4.95	86.82
4.951	86.81
4.951	86.79
4.951	86.78
4.952	86.77
4.952	86.75
4.953	86.74
4.953	86.73
4.954	86.71
4.955	86.7
4.955	86.69
4.956	86.67
4.956	86.66
4.957	86.65
4.957	86.63
4.957	86.62
4.958	86.61
4.958	86.59
4.959	86.58
4.959	86.57
4.96	86.56
4.96	86.54
4.961	86.53
4.962	86.52
4.962	86.5
4.963	86.49
4.963	86.48
4.964	86.46
4.964	86.45
4.964	86.44
4.965	86.42
4.965	86.41
4.966	86.4
4.966	86.38
4.967	86.37
4.968	86.36
4.968	86.34
4.969	86.33
4.969	86.32
4.97	86.31
4.97	86.29
4.97	86.28
4.971	86.27
4.971	86.25
4.972	86.24
4.972	86.23
4.973	86.21
4.973	86.2
4.974	86.19
4.975	86.17
4.975	86.16
4.976	86.15
4.976	86.14
4.977	86.12
4.977	86.11
4.977	86.1
4.978	86.08
4.978	86.07
4.979	86.06
4.979	86.04
4.98	86.03
4.981	86.02
4.981	86
4.982	85.99
4.982	85.98
4.983	85.97
4.983	85.95
4.984	85.94
4.984	85.93
4.984	85.91
4.985	85.9
4.985	85.89
4.986	85.87
4.986	85.86
4.987	85.85
4.988	85.84
4.988	85.82
4.989	85.81
4.989	85.8
4.99	85.78
4.99	85.77
4.99	85.76
4.991	85.74
4.991	85.73
4.992	85.72
4.992	85.71
4.993	85.69
4.994	85.68
4.994	85.67
4.995	85.65
4.995	85.64
4.996	85.63
4.996	85.62
4.997	85.6
4.997	85.59
4.997	85.58
4.998	85.56
4.998	85.55
4.999	85.54
4.999	85.52
5	85.51
5.001	85.5
5.001	85.49
5.002	85.47
5.002	85.46
5.003	85.45
5.003	85.43
5.003	85.42
5.004	85.41
5.004	85.4
5.005	85.38
5.005	85.37
5.006	85.36
5.006	85.34
5.007	85.33
5.008	85.32
5.008	85.31
5.009	85.29
5.009	85.28
5.01	85.27
5.01	85.25
5.01	85.24
5.011	85.23
5.011	85.22
5.012	85.2
5.012	85.19
5.013	85.18
5.014	85.16
5.014	85.15
5.015	85.14
5.015	85.13
5.016	85.11
5.016	85.1
5.016	85.09
5.017	85.07
5.017	85.06
5.018	85.05
5.018	85.04
5.019	85.02
5.019	85.01
5.02	85
5.021	84.98
5.021	84.97
5.022	84.96
5.022	84.95
5.023	84.93
5.023	84.92
5.023	84.91
5.024	84.89
5.024	84.88
5.025	84.87
5.025	84.86
5.026	84.84
5.027	84.83
5.027	84.82
5.028	84.81
5.028	84.79
5.029	84.78
5.029	84.77
5.03	84.75
5.03	84.74
5.03	84.73
5.031	84.72
5.031	84.7
5.032	84.69
5.032	84.68
5.033	84.66
5.034	84.65
5.034	84.64
5.035	84.63
5.035	84.61
5.036	84.6
5.036	84.59
5.036	84.58
5.037	84.56
5.037	84.55
5.038	84.54
5.038	84.52
5.039	84.51
5.04	84.5
5.04	84.49
5.041	84.47
5.041	84.46
5.042	84.45
5.042	84.44
5.043	84.42
5.043	84.41
5.043	84.4
5.044	84.39
5.044	84.37
5.045	84.36
5.045	84.35
5.046	84.33
5.047	84.32
5.047	84.31
5.048	84.3
5.048	84.28
5.049	84.27
5.049	84.26
5.049	84.25
5.05	84.23
5.05	84.22
5.051	84.21
5.051	84.2
5.052	84.18
5.052	84.17
5.053	84.16
5.054	84.15
5.054	84.13
5.055	84.12
5.055	84.11
5.056	84.09
5.056	84.08
5.056	84.07
5.057	84.06
5.057	84.04
5.058	84.03
5.058	84.02
5.059	84.01
5.06	83.99
5.06	83.98
5.061	83.97
5.061	83.96
5.062	83.94
5.062	83.93
5.062	83.92
5.063	83.91
5.063	83.89
5.064	83.88
5.064	83.87
5.065	83.86
5.065	83.84
5.066	83.83
5.067	83.82
5.067	83.81
5.068	83.79
5.068	83.78
5.069	83.77
5.069	83.76
5.069	83.74
5.07	83.73
5.07	83.72
5.071	83.71
5.071	83.69
5.072	83.68
5.073	83.67
5.073	83.65
5.074	83.64
5.074	83.63
5.075	83.62
5.075	83.6
5.076	83.59
5.076	83.58
5.076	83.57
5.077	83.56
5.077	83.54
5.078	83.53
5.078	83.52
5.079	83.51
5.08	83.49
5.08	83.48
5.081	83.47
5.081	83.46
5.082	83.44
5.082	83.43
5.082	83.42
5.083	83.41
5.083	83.39
5.084	83.38
5.084	83.37
5.085	83.36
5.085	83.34
5.086	83.33
5.087	83.32
5.087	83.31
5.088	83.29
5.088	83.28
5.089	83.27
5.089	83.26
5.089	83.24
5.09	83.23
5.09	83.22
5.091	83.21
5.091	83.19
5.092	83.18
5.093	83.17
5.093	83.16
5.094	83.14
5.094	83.13
5.095	83.12
5.095	83.11
5.095	83.09
5.096	83.08
5.096	83.07
5.097	83.06
5.097	83.05
5.098	83.03
5.098	83.02
5.099	83.01
5.1	83
5.1	82.98
5.101	82.97
5.101	82.96
5.102	82.95
5.102	82.93
5.102	82.92
5.103	82.91
5.103	82.9
5.104	82.88
5.104	82.87
5.105	82.86
5.106	82.85
5.106	82.84
5.107	82.82
5.107	82.81
5.108	82.8
5.108	82.79
5.109	82.77
5.109	82.76
5.109	82.75
5.11	82.74
5.11	82.72
5.111	82.71
5.111	82.7
5.112	82.69
5.113	82.68
5.113	82.66
5.114	82.65
5.114	82.64
5.115	82.63
5.115	82.61
5.115	82.6
5.116	82.59
5.116	82.58
5.117	82.56
5.117	82.55
5.118	82.54
5.119	82.53
5.119	82.52
5.12	82.5
5.12	82.49
5.121	82.48
5.121	82.47
5.122	82.45
5.122	82.44
5.122	82.43
5.123	82.42
5.123	82.41
5.124	82.39
5.124	82.38
5.125	82.37
5.126	82.36
5.126	82.34
5.127	82.33
5.127	82.32
5.128	82.31
5.128	82.3
5.128	82.28
5.129	82.27
5.129	82.26
5.13	82.25
5.13	82.23
5.131	82.22
5.131	82.21
5.132	82.2
5.133	82.19
5.133	82.17
5.134	82.16
5.134	82.15
5.135	82.14
5.135	82.13
5.135	82.11
5.136	82.1
5.136	82.09
5.137	82.08
5.137	82.06
5.138	82.05
5.139	82.04
5.139	82.03
5.14	82.02
5.14	82
5.141	81.99
5.141	81.98
5.141	81.97
5.142	81.96
5.142	81.94
5.143	81.93
5.143	81.92
5.144	81.91
5.144	81.89
5.145	81.88
5.146	81.87
5.146	81.86
5.147	81.85
5.147	81.83
5.148	81.82
5.148	81.81
5.148	81.8
5.149	81.79
5.149	81.77
5.15	81.76
5.15	81.75
5.151	81.74
5.152	81.73
5.152	81.71
5.153	81.7
5.153	81.69
5.154	81.68
5.154	81.66
5.155	81.65
5.155	81.64
5.155	81.63
5.156	81.62
5.156	81.6
5.157	81.59
5.157	81.58
5.158	81.57
5.159	81.56
5.159	81.54
5.16	81.53
5.16	81.52
5.161	81.51
5.161	81.5
5.161	81.48
5.162	81.47
5.162	81.46
5.163	81.45
5.163	81.44
5.164	81.42
5.165	81.41
5.165	81.4
5.166	81.39
5.166	81.38
5.167	81.36
5.167	81.35
5.168	81.34
5.168	81.33
5.168	81.32
5.169	81.3
5.169	81.29
5.17	81.28
5.17	81.27
5.171	81.26
5.172	81.24
5.172	81.23
5.173	81.22
5.173	81.21
5.174	81.2
5.174	81.18
5.174	81.17
5.175	81.16
5.175	81.15
5.176	81.14
5.176	81.12
5.177	81.11
5.177	81.1
5.178	81.09
5.179	81.08
5.179	81.06
5.18	81.05
5.18	81.04
5.181	81.03
5.181	81.02
5.181	81.01
5.182	80.99
5.182	80.98
5.183	80.97
5.183	80.96
5.184	80.95
5.185	80.93
5.185	80.92
5.186	80.91
5.186	80.9
5.187	80.89
5.187	80.87
5.188	80.86
5.188	80.85
5.188	80.84
5.189	80.83
5.189	80.82
5.19	80.8
5.19	80.79
5.191	80.78
5.192	80.77
5.192	80.76
5.193	80.74
5.193	80.73
5.194	80.72
5.194	80.71
5.194	80.7
5.195	80.68
5.195	80.67
5.196	80.66
5.196	80.65
5.197	80.64
5.198	80.63
5.198	80.61
5.199	80.6
5.199	80.59
5.2	80.58
5.2	80.57
5.201	80.55
5.201	80.54
5.201	80.53
5.202	80.52
5.202	80.51
5.203	80.5
5.203	80.48
5.204	80.47
5.205	80.46
5.205	80.45
5.206	80.44
5.206	80.42
5.207	80.41
5.207	80.4
5.207	80.39
5.208	80.38
5.208	80.37
5.209	80.35
5.209	80.34
5.21	80.33
5.21	80.32
5.211	80.31
5.212	80.3
5.212	80.28
5.213	80.27
5.213	80.26
5.214	80.25
5.214	80.24
5.214	80.22
5.215	80.21
5.215	80.2
5.216	80.19
5.216	80.18
5.217	80.17
5.218	80.15
5.218	80.14
5.219	80.13
5.219	80.12
5.22	80.11
5.22	80.1
5.22	80.08
5.221	80.07
5.221	80.06
5.222	80.05
5.222	80.04
5.223	80.03
5.223	80.01
5.224	80
5.225	79.99
5.225	79.98
5.226	79.97
5.226	79.96
5.227	79.94
5.227	79.93
5.227	79.92
5.228	79.91
5.228	79.9
5.229	79.89
5.229	79.87
5.23	79.86
5.231	79.85
5.231	79.84
5.232	79.83
5.232	79.82
5.233	79.8
5.233	79.79
5.234	79.78
5.234	79.77
5.234	79.76
5.235	79.75
5.235	79.73
5.236	79.72
5.236	79.71
5.237	79.7
5.238	79.69
5.238	79.68
5.239	79.66
5.239	79.65
5.24	79.64
5.24	79.63
5.24	79.62
5.241	79.61
5.241	79.59
5.242	79.58
5.242	79.57
5.243	79.56
5.244	79.55
5.244	79.54
5.245	79.53
5.245	79.51
5.246	79.5
5.246	79.49
5.247	79.48
5.247	79.47
5.247	79.46
5.248	79.44
5.248	79.43
5.249	79.42
5.249	79.41
5.25	79.4
5.251	79.39
5.251	79.37
5.252	79.36
5.252	79.35
5.253	79.34
5.253	79.33
5.253	79.32
5.254	79.31
5.254	79.29
5.255	79.28
5.255	79.27
5.256	79.26
5.256	79.25
5.257	79.24
5.258	79.22
5.258	79.21
5.259	79.2
5.259	79.19
5.26	79.18
5.26	79.17
5.26	79.16
5.261	79.14
5.261	79.13
5.262	79.12
5.262	79.11
5.263	79.1
5.264	79.09
5.264	79.08
5.265	79.06
5.265	79.05
5.266	79.04
5.266	79.03
5.266	79.02
5.267	79.01
5.267	78.99
5.268	78.98
5.268	78.97
5.269	78.96
5.269	78.95
5.27	78.94
5.271	78.93
5.271	78.91
5.272	78.9
5.272	78.89
5.273	78.88
5.273	78.87
5.273	78.86
5.274	78.85
5.274	78.83
5.275	78.82
5.275	78.81
5.276	78.8
5.277	78.79
5.277	78.78
5.278	78.77
5.278	78.75
5.279	78.74
5.279	78.73
5.28	78.72
5.28	78.71
5.28	78.7
5.281	78.69
5.281	78.67
5.282	78.66
5.282	78.65
5.283	78.64
5.284	78.63
5.284	78.62
5.285	78.61
5.285	78.6
5.286	78.58
5.286	78.57
5.286	78.56
5.287	78.55
5.287	78.54
5.288	78.53
5.288	78.52
5.289	78.5
5.29	78.49
5.29	78.48
5.291	78.47
5.291	78.46
5.292	78.45
5.292	78.44
5.293	78.42
5.293	78.41
5.293	78.4
5.294	78.39
5.294	78.38
5.295	78.37
5.295	78.36
5.296	78.35
5.297	78.33
5.297	78.32
5.298	78.31
5.298	78.3
5.299	78.29
5.299	78.28
5.299	78.27
5.3	78.26
5.3	78.24
5.301	78.23
5.301	78.22
5.302	78.21
5.302	78.2
5.303	78.19
5.304	78.18
5.304	78.16
5.305	78.15
5.305	78.14
5.306	78.13
5.306	78.12
5.306	78.11
5.307	78.1
5.307	78.09
5.308	78.07
5.308	78.06
5.309	78.05
5.31	78.04
5.31	78.03
5.311	78.02
5.311	78.01
5.312	78
5.312	77.98
5.312	77.97
5.313	77.96
5.313	77.95
5.314	77.94
5.314	77.93
5.315	77.92
5.315	77.91
5.316	77.89
5.317	77.88
5.317	77.87
5.318	77.86
5.318	77.85
5.319	77.84
5.319	77.83
5.319	77.82
5.32	77.81
5.32	77.79
5.321	77.78
5.321	77.77
5.322	77.76
5.323	77.75
5.323	77.74
5.324	77.73
5.324	77.72
5.325	77.7
5.325	77.69
5.326	77.68
5.326	77.67
5.326	77.66
5.327	77.65
5.327	77.64
5.328	77.63
5.328	77.62
5.329	77.6
5.33	77.59
5.33	77.58
5.331	77.57
5.331	77.56
5.332	77.55
5.332	77.54
5.332	77.53
5.333	77.51
5.333	77.5
5.334	77.49
5.334	77.48
5.335	77.47
5.335	77.46
5.336	77.45
5.337	77.44
5.337	77.43
5.338	77.41
5.338	77.4
5.339	77.39
5.339	77.38
5.339	77.37
5.34	77.36
5.34	77.35
5.341	77.34
5.341	77.33
5.342	77.31
5.343	77.3
5.343	77.29
5.344	77.28
5.344	77.27
5.345	77.26
5.345	77.25
5.345	77.24
5.346	77.23
5.346	77.22
5.347	77.2
5.347	77.19
5.348	77.18
5.348	77.17
5.349	77.16
5.35	77.15
5.35	77.14
5.351	77.13
5.351	77.12
5.352	77.1
5.352	77.09
5.352	77.08
5.353	77.07
5.353	77.06
5.354	77.05
5.354	77.04
5.355	77.03
5.356	77.02
5.356	77.01
5.357	76.99
5.357	76.98
5.358	76.97
5.358	76.96
5.359	76.95
5.359	76.94
5.359	76.93
5.36	76.92
5.36	76.91
5.361	76.9
5.361	76.88
5.362	76.87
5.363	76.86
5.363	76.85
5.364	76.84
5.364	76.83
5.365	76.82
5.365	76.81
5.365	76.8
5.366	76.79
5.366	76.77
5.367	76.76
5.367	76.75
5.368	76.74
5.369	76.73
5.369	76.72
5.37	76.71
5.37	76.7
5.371	76.69
5.371	76.68
5.372	76.66
5.372	76.65
5.372	76.64
5.373	76.63
5.373	76.62
5.374	76.61
5.374	76.6
5.375	76.59
5.376	76.58
5.376	76.57
5.377	76.56
5.377	76.54
5.378	76.53
5.378	76.52
5.378	76.51
5.379	76.5
5.379	76.49
5.38	76.48
5.38	76.47
5.381	76.46
5.381	76.45
5.382	76.44
5.383	76.42
5.383	76.41
5.384	76.4
5.384	76.39
5.385	76.38
5.385	76.37
5.385	76.36
5.386	76.35
5.386	76.34
5.387	76.33
5.387	76.32
5.388	76.31
5.389	76.29
5.389	76.28
5.39	76.27
5.39	76.26
5.391	76.25
5.391	76.24
5.391	76.23
5.392	76.22
5.392	76.21
5.393	76.2
5.393	76.19
5.394	76.17
5.394	76.16
5.395	76.15
5.396	76.14
5.396	76.13
5.397	76.12
5.397	76.11
5.398	76.1
5.398	76.09
5.398	76.08
5.399	76.07
5.399	76.06
5.4	76.05
5.4	76.03
5.401	76.02
5.402	76.01
5.402	76
5.403	75.99
5.403	75.98
5.404	75.97
5.404	75.96
5.405	75.95
5.405	75.94
5.405	75.93
5.406	75.92
5.406	75.9
5.407	75.89
5.407	75.88
5.408	75.87
5.409	75.86
5.409	75.85
5.41	75.84
5.41	75.83
5.411	75.82
5.411	75.81
5.411	75.8
5.412	75.79
5.412	75.78
5.413	75.77
5.413	75.75
5.414	75.74
5.415	75.73
5.415	75.72
5.416	75.71
5.416	75.7
5.417	75.69
5.417	75.68
5.418	75.67
5.418	75.66
5.418	75.65
5.419	75.64
5.419	75.63
5.42	75.61
5.42	75.6
5.421	75.59
5.422	75.58
5.422	75.57
5.423	75.56
5.423	75.55
5.424	75.54
5.424	75.53
5.424	75.52
5.425	75.51
5.425	75.5
5.426	75.49
5.426	75.48
5.427	75.47
5.427	75.45
5.428	75.44
5.429	75.43
5.429	75.42
5.43	75.41
5.43	75.4
5.431	75.39
5.431	75.38
5.431	75.37
5.432	75.36
5.432	75.35
5.433	75.34
5.433	75.33
5.434	75.32
5.435	75.31
5.435	75.29
5.436	75.28
5.436	75.27
5.437	75.26
5.437	75.25
5.438	75.24
5.438	75.23
5.438	75.22
5.439	75.21
5.439	75.2
5.44	75.19
5.44	75.18
5.441	75.17
5.442	75.16
5.442	75.15
5.443	75.14
5.443	75.12
5.444	75.11
5.444	75.1
5.444	75.09
5.445	75.08
5.445	75.07
5.446	75.06
5.446	75.05
5.447	75.04
5.448	75.03
5.448	75.02
5.449	75.01
5.449	75
5.45	74.99
5.45	74.98
5.451	74.97
5.451	74.96
5.451	74.94
5.452	74.93
5.452	74.92
5.453	74.91
5.453	74.9
5.454	74.89
5.455	74.88
5.455	74.87
5.456	74.86
5.456	74.85
5.457	74.84
5.457	74.83
5.457	74.82
5.458	74.81
5.458	74.8
5.459	74.79
5.459	74.78
5.46	74.77
5.46	74.76
5.461	74.74
5.462	74.73
5.462	74.72
5.463	74.71
5.463	74.7
5.464	74.69
5.464	74.68
5.464	74.67
5.465	74.66
5.465	74.65
5.466	74.64
5.466	74.63
5.467	74.62
5.468	74.61
5.468	74.6
5.469	74.59
5.469	74.58
5.47	74.57
5.47	74.56
5.47	74.55
5.471	74.54
5.471	74.52
5.472	74.51
5.472	74.5
5.473	74.49
5.473	74.48
5.474	74.47
5.475	74.46
5.475	74.45
5.476	74.44
5.476	74.43
5.477	74.42
5.477	74.41
5.477	74.4
5.478	74.39
5.478	74.38
5.479	74.37
5.479	74.36
5.48	74.35
5.481	74.34
5.481	74.33
5.482	74.32
5.482	74.31
5.483	74.29
5.483	74.28
5.484	74.27
5.484	74.26
5.484	74.25
5.485	74.24
5.485	74.23
5.486	74.22
5.486	74.21
5.487	74.2
5.488	74.19
5.488	74.18
5.489	74.17
5.489	74.16
5.49	74.15
5.49	74.14
5.49	74.13
5.491	74.12
5.491	74.11
5.492	74.1
5.492	74.09
5.493	74.08
5.494	74.07
5.494	74.06
5.495	74.05
5.495	74.04
5.496	74.02
5.496	74.01
5.497	74
5.497	73.99
5.497	73.98
5.498	73.97
5.498	73.96
5.499	73.95
5.499	73.94
5.5	73.93
5.501	73.92
5.501	73.91
5.502	73.9
5.502	73.89
5.503	73.88
5.503	73.87
5.503	73.86
5.504	73.85
5.504	73.84
5.505	73.83
5.505	73.82
5.506	73.81
5.506	73.8
5.507	73.79
5.508	73.78
5.508	73.77
5.509	73.76
5.509	73.75
5.51	73.74
5.51	73.73
5.51	73.72
5.511	73.71
5.511	73.69
5.512	73.68
5.512	73.67
5.513	73.66
5.514	73.65
5.514	73.64
5.515	73.63
5.515	73.62
5.516	73.61
5.516	73.6
5.516	73.59
5.517	73.58
5.517	73.57
5.518	73.56
5.518	73.55
5.519	73.54
5.519	73.53
5.52	73.52
5.521	73.51
5.521	73.5
5.522	73.49
5.522	73.48
5.523	73.47
5.523	73.46
5.523	73.45
5.524	73.44
5.524	73.43
5.525	73.42
5.525	73.41
5.526	73.4
5.527	73.39
5.527	73.38
5.528	73.37
5.528	73.36
5.529	73.35
5.529	73.34
5.53	73.33
5.53	73.32
5.53	73.31
5.531	73.3
5.531	73.29
5.532	73.28
5.532	73.27
5.533	73.25
5.534	73.24
5.534	73.23
5.535	73.22
5.535	73.21
5.536	73.2
5.536	73.19
5.536	73.18
5.537	73.17
5.537	73.16
5.538	73.15
5.538	73.14
5.539	73.13
5.54	73.12
5.54	73.11
5.541	73.1
5.541	73.09
5.542	73.08
5.542	73.07
5.543	73.06
5.543	73.05
5.543	73.04
5.544	73.03
5.544	73.02
5.545	73.01
5.545	73
5.546	72.99
5.547	72.98
5.547	72.97
5.548	72.96
5.548	72.95
5.549	72.94
5.549	72.93
5.549	72.92
5.55	72.91
5.55	72.9
5.551	72.89
5.551	72.88
5.552	72.87
5.552	72.86
5.553	72.85
5.554	72.84
5.554	72.83
5.555	72.82
5.555	72.81
5.556	72.8
5.556	72.79
5.556	72.78
5.557	72.77
5.557	72.76
5.558	72.75
5.558	72.74
5.559	72.73
5.56	72.72
5.56	72.71
5.561	72.7
5.561	72.69
5.562	72.68
5.562	72.67
5.562	72.66
5.563	72.65
5.563	72.64
5.564	72.63
5.564	72.62
5.565	72.61
5.565	72.6
5.566	72.59
5.567	72.58
5.567	72.57
5.568	72.56
5.568	72.55
5.569	72.54
5.569	72.53
5.569	72.52
5.57	72.51
5.57	72.5
5.571	72.49
5.571	72.48
5.572	72.47
5.573	72.46
5.573	72.45
5.574	72.44
5.574	72.43
5.575	72.42
5.575	72.41
5.576	72.4
5.576	72.39
5.576	72.38
5.577	72.37
5.577	72.36
5.578	72.35
5.578	72.34
5.579	72.33
5.58	72.32
5.58	72.31
5.581	72.3
5.581	72.29
5.582	72.28
5.582	72.27
5.582	72.26
5.583	72.25
5.583	72.24
5.584	72.23
5.584	72.22
5.585	72.21
5.585	72.2
5.586	72.19
5.587	72.18
5.587	72.17
5.588	72.16
5.588	72.15
5.589	72.14
5.589	72.13
5.589	72.12
5.59	72.11
5.59	72.1
5.591	72.09
5.591	72.08
5.592	72.07
5.593	72.06
5.593	72.05
5.594	72.04
5.594	72.03
5.595	72.02
5.595	72.01
5.595	72
5.596	71.99
5.596	71.98
5.597	71.97
5.597	71.96
5.598	71.95
5.598	71.94
5.599	71.93
5.6	71.92
5.6	71.91
5.601	71.9
5.601	71.89
5.602	71.88
5.602	71.87
5.602	71.86
5.603	71.85
5.603	71.84
5.604	71.83
5.604	71.82
5.605	71.81
5.606	71.8
5.606	71.79
5.607	71.78
5.607	71.77
5.608	71.76
5.608	71.75
5.609	71.74
5.609	71.73
5.609	71.72
5.61	71.71
5.61	71.7
5.611	71.69
5.611	71.68
5.612	71.67
5.613	71.66
5.613	71.65
5.614	71.65
5.614	71.64
5.615	71.63
5.615	71.62
5.615	71.61
5.616	71.6
5.616	71.59
5.617	71.58
5.617	71.57
5.618	71.56
5.619	71.55
5.619	71.54
5.62	71.53
5.62	71.52
5.621	71.51
5.621	71.5
5.622	71.49
5.622	71.48
5.622	71.47
5.623	71.46
5.623	71.45
5.624	71.44
5.624	71.43
5.625	71.42
5.626	71.41
5.626	71.4
5.627	71.39
5.627	71.38
5.628	71.37
5.628	71.36
5.628	71.35
5.629	71.34
5.629	71.33
5.63	71.32
5.63	71.31
5.631	71.3
5.631	71.29
5.632	71.28
5.633	71.27
5.633	71.26
5.634	71.25
5.634	71.24
5.635	71.23
5.635	71.22
5.635	71.22
5.636	71.21
5.636	71.2
5.637	71.19
5.637	71.18
5.638	71.17
5.639	71.16
5.639	71.15
5.64	71.14
5.64	71.13
5.641	71.12
5.641	71.11
5.641	71.1
5.642	71.09
5.642	71.08
5.643	71.07
5.643	71.06
5.644	71.05
5.644	71.04
5.645	71.03
5.646	71.02
5.646	71.01
5.647	71
5.647	70.99
5.648	70.98
5.648	70.97
5.648	70.96
5.649	70.95
5.649	70.94
5.65	70.93
5.65	70.92
5.651	70.91
5.652	70.91
5.652	70.9
5.653	70.89
5.653	70.88
5.654	70.87
5.654	70.86
5.655	70.85
5.655	70.84
5.655	70.83
5.656	70.82
5.656	70.81
5.657	70.8
5.657	70.79
5.658	70.78
5.659	70.77
5.659	70.76
5.66	70.75
5.66	70.74
5.661	70.73
5.661	70.72
5.661	70.71
5.662	70.7
5.662	70.69
5.663	70.68
5.663	70.67
5.664	70.66
5.665	70.65
5.665	70.65
5.666	70.64
5.666	70.63
5.667	70.62
5.667	70.61
5.668	70.6
5.668	70.59
5.668	70.58
5.669	70.57
5.669	70.56
5.67	70.55
5.67	70.54
5.671	70.53
5.672	70.52
5.672	70.51
5.673	70.5
5.673	70.49
5.674	70.48
5.674	70.47
5.674	70.46
5.675	70.45
5.675	70.44
5.676	70.43
5.676	70.42
5.677	70.42
5.677	70.41
5.678	70.4
5.679	70.39
5.679	70.38
5.68	70.37
5.68	70.36
5.681	70.35
5.681	70.34
5.681	70.33
5.682	70.32
5.682	70.31
5.683	70.3
5.683	70.29
5.684	70.28
5.685	70.27
5.685	70.26
5.686	70.25
5.686	70.24
5.687	70.23
5.687	70.22
5.688	70.22
5.688	70.21
5.688	70.2
5.689	70.19
5.689	70.18
5.69	70.17
5.69	70.16
5.691	70.15
5.692	70.14
5.692	70.13
5.693	70.12
5.693	70.11
5.694	70.1
5.694	70.09
5.694	70.08
5.695	70.07
5.695	70.06
5.696	70.05
5.696	70.04
5.697	70.04
5.698	70.03
5.698	70.02
5.699	70.01
5.699	70
5.7	69.99
5.7	69.98
5.701	69.97
5.701	69.96
5.701	69.95
5.702	69.94
5.702	69.93
5.703	69.92
5.703	69.91
5.704	69.9
5.705	69.89
5.705	69.88
5.706	69.87
5.706	69.87
5.707	69.86
5.707	69.85
5.707	69.84
5.708	69.83
5.708	69.82
5.709	69.81
5.709	69.8
5.71	69.79
5.71	69.78
5.711	69.77
5.712	69.76
5.712	69.75
5.713	69.74
5.713	69.73
5.714	69.72
5.714	69.71
5.714	69.71
5.715	69.7
5.715	69.69
5.716	69.68
5.716	69.67
5.717	69.66
5.718	69.65
5.718	69.64
5.719	69.63
5.719	69.62
5.72	69.61
5.72	69.6
5.72	69.59
5.721	69.58
5.721	69.57
5.722	69.56
5.722	69.56
5.723	69.55
5.723	69.54
5.724	69.53
5.725	69.52
5.725	69.51
5.726	69.5
5.726	69.49
5.727	69.48
5.727	69.47
5.727	69.46
5.728	69.45
5.728	69.44
5.729	69.43
5.729	69.42
5.73	69.42
5.731	69.41
5.731	69.4
5.732	69.39
5.732	69.38
5.733	69.37
5.733	69.36
5.734	69.35
5.734	69.34
5.734	69.33
5.735	69.32
5.735	69.31
5.736	69.3
5.736	69.29
5.737	69.29
5.738	69.28
5.738	69.27
5.739	69.26
5.739	69.25
5.74	69.24
5.74	69.23
5.74	69.22
5.741	69.21
5.741	69.2
5.742	69.19
5.742	69.18
5.743	69.17
5.744	69.16
5.744	69.16
5.745	69.15
5.745	69.14
5.746	69.13
5.746	69.12
5.747	69.11
5.747	69.1
5.747	69.09
5.748	69.08
5.748	69.07
5.749	69.06
5.749	69.05
5.75	69.04
5.751	69.03
5.751	69.03
5.752	69.02
5.752	69.01
5.753	69
5.753	68.99
5.753	68.98
5.754	68.97
5.754	68.96
5.755	68.95
5.755	68.94
5.756	68.93
5.756	68.92
5.757	68.91
5.758	68.91
5.758	68.9
5.759	68.89
5.759	68.88
5.76	68.87
5.76	68.86
5.76	68.85
5.761	68.84
5.761	68.83
5.762	68.82
5.762	68.81
5.763	68.8
5.764	68.8
5.764	68.79
5.765	68.78
5.765	68.77
5.766	68.76
5.766	68.75
5.766	68.74
5.767	68.73
5.767	68.72
5.768	68.71
5.768	68.7
5.769	68.69
5.769	68.69
5.77	68.68
5.771	68.67
5.771	68.66
5.772	68.65
5.772	68.64
5.773	68.63
5.773	68.62
5.773	68.61
5.774	68.6
5.774	68.59
5.775	68.58
5.775	68.58
5.776	68.57
5.777	68.56
5.777	68.55
5.778	68.54
5.778	68.53
5.779	68.52
5.779	68.51
5.78	68.5
5.78	68.49
5.78	68.48
5.781	68.48
5.781	68.47
5.782	68.46
5.782	68.45
5.783	68.44
5.784	68.43
5.784	68.42
5.785	68.41
5.785	68.4
5.786	68.39
5.786	68.38
5.786	68.37
5.787	68.37
5.787	68.36
5.788	68.35
5.788	68.34
5.789	68.33
5.79	68.32
5.79	68.31
5.791	68.3
5.791	68.29
5.792	68.28
5.792	68.28
5.793	68.27
5.793	68.26
5.793	68.25
5.794	68.24
5.794	68.23
5.795	68.22
5.795	68.21
5.796	68.2
5.797	68.19
5.797	68.18
5.798	68.18
5.798	68.17
5.799	68.16
5.799	68.15
5.799	68.14
5.8	68.13
5.8	68.12
5.801	68.11
5.801	68.1
5.802	68.09
5.802	68.09
5.803	68.08
5.804	68.07
5.804	68.06
5.805	68.05
5.805	68.04
5.806	68.03
5.806	68.02
5.806	68.01
5.807	68
5.807	67.99
5.808	67.99
5.808	67.98
5.809	67.97
5.81	67.96
5.81	67.95
5.811	67.94
5.811	67.93
5.812	67.92
5.812	67.91
5.812	67.9
5.813	67.9
5.813	67.89
5.814	67.88
5.814	67.87
5.815	67.86
5.815	67.85
5.816	67.84
5.817	67.83
5.817	67.82
5.818	67.82
5.818	67.81
5.819	67.8
5.819	67.79
5.819	67.78
5.82	67.77
5.82	67.76
5.821	67.75
5.821	67.74
5.822	67.73
5.823	67.73
5.823	67.72
5.824	67.71
5.824	67.7
5.825	67.69
5.825	67.68
5.826	67.67
5.826	67.66
5.826	67.65
5.827	67.65
5.827	67.64
5.828	67.63
5.828	67.62
5.829	67.61
5.83	67.6
5.83	67.59
5.831	67.58
5.831	67.57
5.832	67.56
5.832	67.56
5.832	67.55
5.833	67.54
5.833	67.53
5.834	67.52
5.834	67.51
5.835	67.5
5.835	67.49
5.836	67.48
5.837	67.48
5.837	67.47
5.838	67.46
5.838	67.45
5.839	67.44
5.839	67.43
5.839	67.42
5.84	67.41
5.84	67.4
5.841	67.4
5.841	67.39
5.842	67.38
5.843	67.37
5.843	67.36
5.844	67.35
5.844	67.34
5.845	67.33
5.845	67.33
5.845	67.32
5.846	67.31
5.846	67.3
5.847	67.29
5.847	67.28
5.848	67.27
5.848	67.26
5.849	67.25
5.85	67.25
5.85	67.24
5.851	67.23
5.851	67.22
5.852	67.21
5.852	67.2
5.852	67.19
5.853	67.18
5.853	67.17
5.854	67.17
5.854	67.16
5.855	67.15
5.856	67.14
5.856	67.13
5.857	67.12
5.857	67.11
5.858	67.1
5.858	67.1
5.859	67.09
5.859	67.08
5.859	67.07
5.86	67.06
5.86	67.05
5.861	67.04
5.861	67.03
5.862	67.03
5.863	67.02
5.863	67.01
5.864	67
5.864	66.99
5.865	66.98
5.865	66.97
5.865	66.96
5.866	66.95
5.866	66.95
5.867	66.94
5.867	66.93
5.868	66.92
5.869	66.91
5.869	66.9
5.87	66.89
5.87	66.88
5.871	66.88
5.871	66.87
5.872	66.86
5.872	66.85
5.872	66.84
5.873	66.83
5.873	66.82
5.874	66.81
5.874	66.81
5.875	66.8
5.876	66.79
5.876	66.78
5.877	66.77
5.877	66.76
5.878	66.75
5.878	66.74
5.878	66.74
5.879	66.73
5.879	66.72
5.88	66.71
5.88	66.7
5.881	66.69
5.881	66.68
5.882	66.67
5.883	66.67
5.883	66.66
5.884	66.65
5.884	66.64
5.885	66.63
5.885	66.62
5.885	66.61
5.886	66.61
5.886	66.6
5.887	66.59
5.887	66.58
5.888	66.57
5.889	66.56
5.889	66.55
5.89	66.54
5.89	66.54
5.891	66.53
5.891	66.52
5.891	66.51
5.892	66.5
5.892	66.49
5.893	66.48
5.893	66.48
5.894	66.47
5.894	66.46
5.895	66.45
5.896	66.44
5.896	66.43
5.897	66.42
5.897	66.41
5.898	66.41
5.898	66.4
5.898	66.39
5.899	66.38
5.899	66.37
5.9	66.36
5.9	66.35
5.901	66.35
5.902	66.34
5.902	66.33
5.903	66.32
5.903	66.31
5.904	66.3
5.904	66.29
5.905	66.28
5.905	66.28
5.905	66.27
5.906	66.26
5.906	66.25
5.907	66.24
5.907	66.23
5.908	66.22
5.909	66.22
5.909	66.21
5.91	66.2
5.91	66.19
5.911	66.18
5.911	66.17
5.911	66.16
5.912	66.16
5.912	66.15
5.913	66.14
5.913	66.13
5.914	66.12
5.915	66.11
5.915	66.1
5.916	66.1
5.916	66.09
5.917	66.08
5.917	66.07
5.918	66.06
5.918	66.05
5.918	66.04
5.919	66.04
5.919	66.03
5.92	66.02
5.92	66.01
5.921	66
5.922	65.99
5.922	65.98
5.923	65.98
5.923	65.97
5.924	65.96
5.924	65.95
5.924	65.94
5.925	65.93
5.925	65.92
5.926	65.92
5.926	65.91
5.927	65.9
5.927	65.89
5.928	65.88
5.929	65.87
5.929	65.86
5.93	65.86
5.93	65.85
5.931	65.84
5.931	65.83
5.931	65.82
5.932	65.81
5.932	65.8
5.933	65.8
5.933	65.79
5.934	65.78
5.935	65.77
5.935	65.76
5.936	65.75
5.936	65.75
5.937	65.74
5.937	65.73
5.938	65.72
5.938	65.71
5.938	65.7
5.939	65.69
5.939	65.69
5.94	65.68
5.94	65.67
5.941	65.66
5.942	65.65
5.942	65.64
5.943	65.63
5.943	65.63
5.944	65.62
5.944	65.61
5.944	65.6
5.945	65.59
5.945	65.58
5.946	65.58
5.946	65.57
5.947	65.56
5.948	65.55
5.948	65.54
5.949	65.53
5.949	65.52
5.95	65.52
5.95	65.51
5.951	65.5
5.951	65.49
5.951	65.48
5.952	65.47
5.952	65.47
5.953	65.46
5.953	65.45
5.954	65.44
5.955	65.43
5.955	65.42
5.956	65.41
5.956	65.41
5.957	65.4
5.957	65.39
5.957	65.38
5.958	65.37
5.958	65.36
5.959	65.36
5.959	65.35
5.96	65.34
5.96	65.33
5.961	65.32
5.962	65.31
5.962	65.31
5.963	65.3
5.963	65.29
5.964	65.28
5.964	65.27
5.964	65.26
5.965	65.26
5.965	65.25
5.966	65.24
5.966	65.23
5.967	65.22
5.968	65.21
5.968	65.2
5.969	65.2
5.969	65.19
5.97	65.18
5.97	65.17
5.97	65.16
5.971	65.15
5.971	65.15
5.972	65.14
5.972	65.13
5.973	65.12
5.973	65.11
5.974	65.1
5.975	65.1
5.975	65.09
5.976	65.08
5.976	65.07
5.977	65.06
5.977	65.05
5.977	65.05
5.978	65.04
5.978	65.03
5.979	65.02
5.979	65.01
5.98	65
5.981	65
5.981	64.99
5.982	64.98
5.982	64.97
5.983	64.96
5.983	64.95
5.984	64.95
5.984	64.94
5.984	64.93
5.985	64.92
5.985	64.91
5.986	64.9
5.986	64.9
5.987	64.89
5.988	64.88
5.988	64.87
5.989	64.86
5.989	64.85
5.99	64.85
5.99	64.84
5.99	64.83
5.991	64.82
5.991	64.81
5.992	64.8
5.992	64.8
5.993	64.79
5.994	64.78
5.994	64.77
5.995	64.76
5.995	64.75
5.996	64.75
5.996	64.74
5.997	64.73
5.997	64.72
5.997	64.71
5.998	64.7
5.998	64.7
5.999	64.69
5.999	64.68
6	64.67
6.001	64.66
6.001	64.66
6.002	64.65
6.002	64.64
6.003	64.63
6.003	64.62
6.003	64.61
6.004	64.61
6.004	64.6
6.005	64.59
6.005	64.58
6.006	64.57
6.006	64.56
6.007	64.56
6.008	64.55
6.008	64.54
6.009	64.53
6.009	64.52
6.01	64.52
6.01	64.51
6.01	64.5
6.011	64.49
6.011	64.48
6.012	64.47
6.012	64.47
6.013	64.46
6.014	64.45
6.014	64.44
6.015	64.43
6.015	64.42
6.016	64.42
6.016	64.41
6.016	64.4
6.017	64.39
6.017	64.38
6.018	64.38
6.018	64.37
6.019	64.36
6.019	64.35
6.02	64.34
6.021	64.33
6.021	64.33
6.022	64.32
6.022	64.31
6.023	64.3
6.023	64.29
6.023	64.29
6.024	64.28
6.024	64.27
6.025	64.26
6.025	64.25
6.026	64.24
6.027	64.24
6.027	64.23
6.028	64.22
6.028	64.21
6.029	64.2
6.029	64.2
6.03	64.19
6.03	64.18
6.03	64.17
6.031	64.16
6.031	64.15
6.032	64.15
6.032	64.14
6.033	64.13
6.034	64.12
6.034	64.11
6.035	64.11
6.035	64.1
6.036	64.09
6.036	64.08
6.036	64.07
6.037	64.07
6.037	64.06
6.038	64.05
6.038	64.04
6.039	64.03
6.04	64.02
6.04	64.02
6.041	64.01
6.041	64
6.042	63.99
6.042	63.98
6.043	63.98
6.043	63.97
6.043	63.96
6.044	63.95
6.044	63.94
6.045	63.94
6.045	63.93
6.046	63.92
6.047	63.91
6.047	63.9
6.048	63.89
6.048	63.89
6.049	63.88
6.049	63.87
6.049	63.86
6.05	63.85
6.05	63.85
6.051	63.84
6.051	63.83
6.052	63.82
6.052	63.81
6.053	63.81
6.054	63.8
6.054	63.79
6.055	63.78
6.055	63.77
6.056	63.77
6.056	63.76
6.056	63.75
6.057	63.74
6.057	63.73
6.058	63.73
6.058	63.72
6.059	63.71
6.06	63.7
6.06	63.69
6.061	63.68
6.061	63.68
6.062	63.67
6.062	63.66
6.062	63.65
6.063	63.64
6.063	63.64
6.064	63.63
6.064	63.62
6.065	63.61
6.065	63.6
6.066	63.6
6.067	63.59
6.067	63.58
6.068	63.57
6.068	63.56
6.069	63.56
6.069	63.55
6.069	63.54
6.07	63.53
6.07	63.52
6.071	63.52
6.071	63.51
6.072	63.5
6.073	63.49
6.073	63.48
6.074	63.48
6.074	63.47
6.075	63.46
6.075	63.45
6.076	63.44
6.076	63.44
6.076	63.43
6.077	63.42
6.077	63.41
6.078	63.4
6.078	63.4
6.079	63.39
6.08	63.38
6.08	63.37
6.081	63.36
6.081	63.36
6.082	63.35
6.082	63.34
6.082	63.33
6.083	63.32
6.083	63.32
6.084	63.31
6.084	63.3
6.085	63.29
6.085	63.28
6.086	63.28
6.087	63.27
6.087	63.26
6.088	63.25
6.088	63.24
6.089	63.24
6.089	63.23
6.089	63.22
6.09	63.21
6.09	63.21
6.091	63.2
6.091	63.19
6.092	63.18
6.093	63.17
6.093	63.17
6.094	63.16
6.094	63.15
6.095	63.14
6.095	63.13
6.095	63.13
6.096	63.12
6.096	63.11
6.097	63.1
6.097	63.09
6.098	63.09
6.098	63.08
6.099	63.07
6.1	63.06
6.1	63.05
6.101	63.05
6.101	63.04
6.102	63.03
6.102	63.02
6.102	63.02
6.103	63.01
6.103	63
6.104	62.99
6.104	62.98
6.105	62.98
6.106	62.97
6.106	62.96
6.107	62.95
6.107	62.94
6.108	62.94
6.108	62.93
6.109	62.92
6.109	62.91
6.109	62.9
6.11	62.9
6.11	62.89
6.111	62.88
6.111	62.87
6.112	62.87
6.113	62.86
6.113	62.85
6.114	62.84
6.114	62.83
6.115	62.83
6.115	62.82
6.115	62.81
6.116	62.8
6.116	62.79
6.117	62.79
6.117	62.78
6.118	62.77
6.119	62.76
6.119	62.76
6.12	62.75
6.12	62.74
6.121	62.73
6.121	62.72
6.122	62.72
6.122	62.71
6.122	62.7
6.123	62.69
6.123	62.68
6.124	62.68
6.124	62.67
6.125	62.66
6.126	62.65
6.126	62.65
6.127	62.64
6.127	62.63
6.128	62.62
6.128	62.61
6.128	62.61
6.129	62.6
6.129	62.59
6.13	62.58
6.13	62.58
6.131	62.57
6.131	62.56
6.132	62.55
6.133	62.54
6.133	62.54
6.134	62.53
6.134	62.52
6.135	62.51
6.135	62.51
6.135	62.5
6.136	62.49
6.136	62.48
6.137	62.47
6.137	62.47
6.138	62.46
6.139	62.45
6.139	62.44
6.14	62.44
6.14	62.43
6.141	62.42
6.141	62.41
6.141	62.4
6.142	62.4
6.142	62.39
6.143	62.38
6.143	62.37
6.144	62.37
6.144	62.36
6.145	62.35
6.146	62.34
6.146	62.33
6.147	62.33
6.147	62.32
6.148	62.31
6.148	62.3
6.148	62.3
6.149	62.29
6.149	62.28
6.15	62.27
6.15	62.26
6.151	62.26
6.152	62.25
6.152	62.24
6.153	62.23
6.153	62.23
6.154	62.22
6.154	62.21
6.155	62.2
6.155	62.2
6.155	62.19
6.156	62.18
6.156	62.17
6.157	62.16
6.157	62.16
6.158	62.15
6.159	62.14
6.159	62.13
6.16	62.13
6.16	62.12
6.161	62.11
6.161	62.1
6.161	62.1
6.162	62.09
6.162	62.08
6.163	62.07
6.163	62.06
6.164	62.06
6.165	62.05
6.165	62.04
6.166	62.03
6.166	62.03
6.167	62.02
6.167	62.01
6.168	62
6.168	62
6.168	61.99
6.169	61.98
6.169	61.97
6.17	61.96
6.17	61.96
6.171	61.95
6.172	61.94
6.172	61.93
6.173	61.93
6.173	61.92
6.174	61.91
6.174	61.9
6.174	61.9
6.175	61.89
6.175	61.88
6.176	61.87
6.176	61.87
6.177	61.86
6.177	61.85
6.178	61.84
6.179	61.83
6.179	61.83
6.18	61.82
6.18	61.81
6.181	61.8
6.181	61.8
6.181	61.79
6.182	61.78
6.182	61.77
6.183	61.77
6.183	61.76
6.184	61.75
6.185	61.74
6.185	61.74
6.186	61.73
6.186	61.72
6.187	61.71
6.187	61.7
6.188	61.7
6.188	61.69
6.188	61.68
6.189	61.67
6.189	61.67
6.19	61.66
6.19	61.65
6.191	61.64
6.192	61.64
6.192	61.63
6.193	61.62
6.193	61.61
6.194	61.61
6.194	61.6
6.194	61.59
6.195	61.58
6.195	61.58
6.196	61.57
6.196	61.56
6.197	61.55
6.198	61.55
6.198	61.54
6.199	61.53
6.199	61.52
6.2	61.52
6.2	61.51
6.201	61.5
6.201	61.49
6.201	61.49
6.202	61.48
6.202	61.47
6.203	61.46
6.203	61.45
6.204	61.45
6.205	61.44
6.205	61.43
6.206	61.42
6.206	61.42
6.207	61.41
6.207	61.4
6.207	61.39
6.208	61.39
6.208	61.38
6.209	61.37
6.209	61.36
6.21	61.36
6.21	61.35
6.211	61.34
6.212	61.33
6.212	61.33
6.213	61.32
6.213	61.31
6.214	61.3
6.214	61.3
6.214	61.29
6.215	61.28
6.215	61.27
6.216	61.27
6.216	61.26
6.217	61.25
6.218	61.24
6.218	61.24
6.219	61.23
6.219	61.22
6.22	61.21
6.22	61.21
6.22	61.2
6.221	61.19
6.221	61.18
6.222	61.18
6.222	61.17
6.223	61.16
6.223	61.15
6.224	61.15
6.225	61.14
6.225	61.13
6.226	61.12
6.226	61.12
6.227	61.11
6.227	61.1
6.227	61.09
6.228	61.09
6.228	61.08
6.229	61.07
6.229	61.06
6.23	61.06
6.231	61.05
6.231	61.04
6.232	61.03
6.232	61.03
6.233	61.02
6.233	61.01
6.234	61
6.234	61
6.234	60.99
6.235	60.98
6.235	60.97
6.236	60.97
6.236	60.96
6.237	60.95
6.238	60.95
6.238	60.94
6.239	60.93
6.239	60.92
6.24	60.92
6.24	60.91
6.24	60.9
6.241	60.89
6.241	60.89
6.242	60.88
6.242	60.87
6.243	60.86
6.244	60.86
6.244	60.85
6.245	60.84
6.245	60.83
6.246	60.83
6.246	60.82
6.247	60.81
6.247	60.8
6.247	60.8
6.248	60.79
6.248	60.78
6.249	60.77
6.249	60.77
6.25	60.76
6.251	60.75
6.251	60.74
6.252	60.74
6.252	60.73
6.253	60.72
6.253	60.72
6.253	60.71
6.254	60.7
6.254	60.69
6.255	60.69
6.255	60.68
6.256	60.67
6.256	60.66
6.257	60.66
6.258	60.65
6.258	60.64
6.259	60.63
6.259	60.63
6.26	60.62
6.26	60.61
6.26	60.6
6.261	60.6
6.261	60.59
6.262	60.58
6.262	60.58
6.263	60.57
6.264	60.56
6.264	60.55
6.265	60.55
6.265	60.54
6.266	60.53
6.266	60.52
6.266	60.52
6.267	60.51
6.267	60.5
6.268	60.49
6.268	60.49
6.269	60.48
6.269	60.47
6.27	60.46
6.271	60.46
6.271	60.45
6.272	60.44
6.272	60.44
6.273	60.43
6.273	60.42
6.273	60.41
6.274	60.41
6.274	60.4
6.275	60.39
6.275	60.38
6.276	60.38
6.277	60.37
6.277	60.36
6.278	60.36
6.278	60.35
6.279	60.34
6.279	60.33
6.28	60.33
6.28	60.32
6.28	60.31
6.281	60.3
6.281	60.3
6.282	60.29
6.282	60.28
6.283	60.27
6.284	60.27
6.284	60.26
6.285	60.25
6.285	60.25
6.286	60.24
6.286	60.23
6.286	60.22
6.287	60.22
6.287	60.21
6.288	60.2
6.288	60.19
6.289	60.19
6.29	60.18
6.29	60.17
6.291	60.17
6.291	60.16
6.292	60.15
6.292	60.14
6.293	60.14
6.293	60.13
6.293	60.12
6.294	60.11
6.294	60.11
6.295	60.1
6.295	60.09
6.296	60.09
6.297	60.08
6.297	60.07
6.298	60.06
6.298	60.06
6.299	60.05
6.299	60.04
6.299	60.04
6.3	60.03
6.3	60.02
6.301	60.01
6.301	60.01
6.302	60
6.302	59.99
6.303	59.98
6.304	59.98
6.304	59.97
6.305	59.96
6.305	59.96
6.306	59.95
6.306	59.94
6.306	59.93
6.307	59.93
6.307	59.92
6.308	59.91
6.308	59.91
6.309	59.9
6.31	59.89
6.31	59.88
6.311	59.88
6.311	59.87
6.312	59.86
6.312	59.85
6.312	59.85
6.313	59.84
6.313	59.83
6.314	59.83
6.314	59.82
6.315	59.81
6.315	59.8
6.316	59.8
6.317	59.79
6.317	59.78
6.318	59.78
6.318	59.77
6.319	59.76
6.319	59.75
6.319	59.75
6.32	59.74
6.32	59.73
6.321	59.73
6.321	59.72
6.322	59.71
6.323	59.7
6.323	59.7
6.324	59.69
6.324	59.68
6.325	59.68
6.325	59.67
6.326	59.66
6.326	59.65
6.326	59.65
6.327	59.64
6.327	59.63
6.328	59.63
6.328	59.62
6.329	59.61
6.33	59.6
6.33	59.6
6.331	59.59
6.331	59.58
6.332	59.58
6.332	59.57
6.332	59.56
6.333	59.55
6.333	59.55
6.334	59.54
6.334	59.53
6.335	59.53
6.335	59.52
6.336	59.51
6.337	59.5
6.337	59.5
6.338	59.49
6.338	59.48
6.339	59.48
6.339	59.47
6.339	59.46
6.34	59.45
6.34	59.45
6.341	59.44
6.341	59.43
6.342	59.43
6.343	59.42
6.343	59.41
6.344	59.4
6.344	59.4
6.345	59.39
6.345	59.38
6.345	59.38
6.346	59.37
6.346	59.36
6.347	59.35
6.347	59.35
6.348	59.34
6.348	59.33
6.349	59.33
6.35	59.32
6.35	59.31
6.351	59.31
6.351	59.3
6.352	59.29
6.352	59.28
6.352	59.28
6.353	59.27
6.353	59.26
6.354	59.26
6.354	59.25
6.355	59.24
6.356	59.23
6.356	59.23
6.357	59.22
6.357	59.21
6.358	59.21
6.358	59.2
6.359	59.19
6.359	59.19
6.359	59.18
6.36	59.17
6.36	59.16
6.361	59.16
6.361	59.15
6.362	59.14
6.363	59.14
6.363	59.13
6.364	59.12
6.364	59.11
6.365	59.11
6.365	59.1
6.365	59.09
6.366	59.09
6.366	59.08
6.367	59.07
6.367	59.07
6.368	59.06
6.369	59.05
6.369	59.04
6.37	59.04
6.37	59.03
6.371	59.02
6.371	59.02
6.372	59.01
6.372	59
6.372	59
6.373	58.99
6.373	58.98
6.374	58.97
6.374	58.97
6.375	58.96
6.376	58.95
6.376	58.95
6.377	58.94
6.377	58.93
6.378	58.93
6.378	58.92
6.378	58.91
6.379	58.9
6.379	58.9
6.38	58.89
6.38	58.88
6.381	58.88
6.381	58.87
6.382	58.86
6.383	58.86
6.383	58.85
6.384	58.84
6.384	58.83
6.385	58.83
6.385	58.82
6.385	58.81
6.386	58.81
6.386	58.8
6.387	58.79
6.387	58.79
6.388	58.78
6.389	58.77
6.389	58.76
6.39	58.76
6.39	58.75
6.391	58.74
6.391	58.74
6.391	58.73
6.392	58.72
6.392	58.72
6.393	58.71
6.393	58.7
6.394	58.7
6.394	58.69
6.395	58.68
6.396	58.67
6.396	58.67
6.397	58.66
6.397	58.65
6.398	58.65
6.398	58.64
6.398	58.63
6.399	58.63
6.399	58.62
6.4	58.61
6.4	58.61
6.401	58.6
6.402	58.59
6.402	58.58
6.403	58.58
6.403	58.57
6.404	58.56
6.404	58.56
6.405	58.55
6.405	58.54
6.405	58.54
6.406	58.53
6.406	58.52
6.407	58.52
6.407	58.51
6.408	58.5
6.409	58.49
6.409	58.49
6.41	58.48
6.41	58.47
6.411	58.47
6.411	58.46
6.411	58.45
6.412	58.45
6.412	58.44
6.413	58.43
6.413	58.43
6.414	58.42
6.415	58.41
6.415	58.41
6.416	58.4
6.416	58.39
6.417	58.38
6.417	58.38
6.418	58.37
6.418	58.36
6.418	58.36
6.419	58.35
6.419	58.34
6.42	58.34
6.42	58.33
6.421	58.32
6.422	58.32
6.422	58.31
6.423	58.3
6.423	58.3
6.424	58.29
6.424	58.28
6.424	58.27
6.425	58.27
6.425	58.26
6.426	58.25
6.426	58.25
6.427	58.24
6.427	58.23
6.428	58.23
6.429	58.22
6.429	58.21
6.43	58.21
6.43	58.2
6.431	58.19
6.431	58.19
6.431	58.18
6.432	58.17
6.432	58.17
6.433	58.16
6.433	58.15
6.434	58.15
6.435	58.14
6.435	58.13
6.436	58.12
6.436	58.12
6.437	58.11
6.437	58.1
6.438	58.1
6.438	58.09
6.438	58.08
6.439	58.08
6.439	58.07
6.44	58.06
6.44	58.06
6.441	58.05
6.442	58.04
6.442	58.04
6.443	58.03
6.443	58.02
6.444	58.02
6.444	58.01
6.444	58
6.445	58
6.445	57.99
6.446	57.98
6.446	57.98
6.447	57.97
6.448	57.96
6.448	57.95
6.449	57.95
6.449	57.94
6.45	57.93
6.45	57.93
6.451	57.92
6.451	57.91
6.451	57.91
6.452	57.9
6.452	57.89
6.453	57.89
6.453	57.88
6.454	57.87
6.455	57.87
6.455	57.86
6.456	57.85
6.456	57.85
6.457	57.84
6.457	57.83
6.457	57.83
6.458	57.82
6.458	57.81
6.459	57.81
6.459	57.8
6.46	57.79
6.46	57.79
6.461	57.78
6.462	57.77
6.462	57.77
6.463	57.76
6.463	57.75
6.464	57.75
6.464	57.74
6.464	57.73
6.465	57.73
6.465	57.72
6.466	57.71
6.466	57.7
6.467	57.7
6.468	57.69
6.468	57.68
6.469	57.68
6.469	57.67
6.47	57.66
6.47	57.66
6.47	57.65
6.471	57.64
6.471	57.64
6.472	57.63
6.472	57.62
6.473	57.62
6.473	57.61
6.474	57.6
6.475	57.6
6.475	57.59
6.476	57.58
6.476	57.58
6.477	57.57
6.477	57.56
6.477	57.56
6.478	57.55
6.478	57.54
6.479	57.54
6.479	57.53
6.48	57.52
6.481	57.52
6.481	57.51
6.482	57.5
6.482	57.5
6.483	57.49
6.483	57.48
6.484	57.48
6.484	57.47
6.484	57.46
6.485	57.46
6.485	57.45
6.486	57.44
6.486	57.44
6.487	57.43
6.488	57.42
6.488	57.42
6.489	57.41
6.489	57.4
6.49	57.4
6.49	57.39
6.49	57.38
6.491	57.38
6.491	57.37
6.492	57.36
6.492	57.36
6.493	57.35
6.494	57.34
6.494	57.34
6.495	57.33
6.495	57.32
6.496	57.32
6.496	57.31
6.497	57.3
6.497	57.3
6.497	57.29
6.498	57.28
6.498	57.28
6.499	57.27
6.499	57.26
6.5	57.26
6.501	57.25
6.501	57.24
6.502	57.24
6.502	57.23
6.503	57.22
6.503	57.22
6.503	57.21
6.504	57.2
6.504	57.2
6.505	57.19
6.505	57.19
6.506	57.18
6.506	57.17
6.507	57.17
6.508	57.16
6.508	57.15
6.509	57.15
6.509	57.14
6.51	57.13
6.51	57.13
6.51	57.12
6.511	57.11
6.511	57.11
6.512	57.1
6.512	57.09
6.513	57.09
6.514	57.08
6.514	57.07
6.515	57.07
6.515	57.06
6.516	57.05
6.516	57.05
6.516	57.04
6.517	57.03
6.517	57.03
6.518	57.02
6.518	57.01
6.519	57.01
6.519	57
6.52	56.99
6.521	56.99
6.521	56.98
6.522	56.97
6.522	56.97
6.523	56.96
6.523	56.95
6.523	56.95
6.524	56.94
6.524	56.94
6.525	56.93
6.525	56.92
6.526	56.92
6.527	56.91
6.527	56.9
6.528	56.9
6.528	56.89
6.529	56.88
6.529	56.88
6.53	56.87
6.53	56.86
6.53	56.86
6.531	56.85
6.531	56.84
6.532	56.84
6.532	56.83
6.533	56.82
6.534	56.82
6.534	56.81
6.535	56.8
6.535	56.8
6.536	56.79
6.536	56.78
6.536	56.78
6.537	56.77
6.537	56.77
6.538	56.76
6.538	56.75
6.539	56.75
6.54	56.74
6.54	56.73
6.541	56.73
6.541	56.72
6.542	56.71
6.542	56.71
6.543	56.7
6.543	56.69
6.543	56.69
6.544	56.68
6.544	56.67
6.545	56.67
6.545	56.66
6.546	56.65
6.547	56.65
6.547	56.64
6.548	56.64
6.548	56.63
6.549	56.62
6.549	56.62
6.549	56.61
6.55	56.6
6.55	56.6
6.551	56.59
6.551	56.58
6.552	56.58
6.552	56.57
6.553	56.56
6.554	56.56
6.554	56.55
6.555	56.54
6.555	56.54
6.556	56.53
6.556	56.53
6.556	56.52
6.557	56.51
6.557	56.51
6.558	56.5
6.558	56.49
6.559	56.49
6.56	56.48
6.56	56.47
6.561	56.47
6.561	56.46
6.562	56.45
6.562	56.45
6.562	56.44
6.563	56.43
6.563	56.43
6.564	56.42
6.564	56.42
6.565	56.41
6.565	56.4
6.566	56.4
6.567	56.39
6.567	56.38
6.568	56.38
6.568	56.37
6.569	56.36
6.569	56.36
6.569	56.35
6.57	56.34
6.57	56.34
6.571	56.33
6.571	56.33
6.572	56.32
6.573	56.31
6.573	56.31
6.574	56.3
6.574	56.29
6.575	56.29
6.575	56.28
6.576	56.27
6.576	56.27
6.576	56.26
6.577	56.26
6.577	56.25
6.578	56.24
6.578	56.24
6.579	56.23
6.58	56.22
6.58	56.22
6.581	56.21
6.581	56.2
6.582	56.2
6.582	56.19
6.582	56.18
6.583	56.18
6.583	56.17
6.584	56.17
6.584	56.16
6.585	56.15
6.585	56.15
6.586	56.14
6.587	56.13
6.587	56.13
6.588	56.12
6.588	56.11
6.589	56.11
6.589	56.1
6.589	56.1
6.59	56.09
6.59	56.08
6.591	56.08
6.591	56.07
6.592	56.06
6.593	56.06
6.593	56.05
6.594	56.04
6.594	56.04
6.595	56.03
6.595	56.03
6.595	56.02
6.596	56.01
6.596	56.01
6.597	56
6.597	55.99
6.598	55.99
6.598	55.98
6.599	55.97
6.6	55.97
6.6	55.96
6.601	55.96
6.601	55.95
6.602	55.94
6.602	55.94
6.602	55.93
6.603	55.92
6.603	55.92
6.604	55.91
6.604	55.91
6.605	55.9
6.606	55.89
6.606	55.89
6.607	55.88
6.607	55.87
6.608	55.87
6.608	55.86
6.609	55.85
6.609	55.85
6.609	55.84
6.61	55.84
6.61	55.83
6.611	55.82
6.611	55.82
6.612	55.81
6.613	55.8
6.613	55.8
6.614	55.79
6.614	55.79
6.615	55.78
6.615	55.77
6.615	55.77
6.616	55.76
6.616	55.75
6.617	55.75
6.617	55.74
6.618	55.73
6.619	55.73
6.619	55.72
6.62	55.72
6.62	55.71
6.621	55.7
6.621	55.7
6.622	55.69
6.622	55.68
6.622	55.68
6.623	55.67
6.623	55.67
6.624	55.66
6.624	55.65
6.625	55.65
6.626	55.64
6.626	55.63
6.627	55.63
6.627	55.62
6.628	55.62
6.628	55.61
6.628	55.6
6.629	55.6
6.629	55.59
6.63	55.58
6.63	55.58
6.631	55.57
6.631	55.57
6.632	55.56
6.633	55.55
6.633	55.55
6.634	55.54
6.634	55.53
6.635	55.53
6.635	55.52
6.635	55.52
6.636	55.51
6.636	55.5
6.637	55.5
6.637	55.49
6.638	55.48
6.639	55.48
6.639	55.47
6.64	55.47
6.64	55.46
6.641	55.45
6.641	55.45
6.641	55.44
6.642	55.43
6.642	55.43
6.643	55.42
6.643	55.42
6.644	55.41
6.644	55.4
6.645	55.4
6.646	55.39
6.646	55.39
6.647	55.38
6.647	55.37
6.648	55.37
6.648	55.36
6.648	55.35
6.649	55.35
6.649	55.34
6.65	55.34
6.65	55.33
6.651	55.32
6.652	55.32
6.652	55.31
6.653	55.3
6.653	55.3
6.654	55.29
6.654	55.29
6.655	55.28
6.655	55.27
6.655	55.27
6.656	55.26
6.656	55.26
6.657	55.25
6.657	55.24
6.658	55.24
6.659	55.23
6.659	55.22
6.66	55.22
6.66	55.21
6.661	55.21
6.661	55.2
6.661	55.19
6.662	55.19
6.662	55.18
6.663	55.17
6.663	55.17
6.664	55.16
6.665	55.16
6.665	55.15
6.666	55.14
6.666	55.14
6.667	55.13
6.667	55.13
6.668	55.12
6.668	55.11
6.668	55.11
6.669	55.1
6.669	55.09
6.67	55.09
6.67	55.08
6.671	55.08
6.672	55.07
6.672	55.06
6.673	55.06
6.673	55.05
6.674	55.05
6.674	55.04
6.674	55.03
6.675	55.03
6.675	55.02
6.676	55.02
6.676	55.01
6.677	55
6.677	55
6.678	54.99
6.679	54.98
6.679	54.98
6.68	54.97
6.68	54.97
6.681	54.96
6.681	54.95
6.681	54.95
6.682	54.94
6.682	54.94
6.683	54.93
6.683	54.92
6.684	54.92
6.685	54.91
6.685	54.9
6.686	54.9
6.686	54.89
6.687	54.89
6.687	54.88
6.688	54.87
6.688	54.87
6.688	54.86
6.689	54.86
6.689	54.85
6.69	54.84
6.69	54.84
6.691	54.83
6.692	54.83
6.692	54.82
6.693	54.81
6.693	54.81
6.694	54.8
6.694	54.8
6.694	54.79
6.695	54.78
6.695	54.78
6.696	54.77
6.696	54.76
6.697	54.76
6.698	54.75
6.698	54.75
6.699	54.74
6.699	54.73
6.7	54.73
6.7	54.72
6.701	54.72
6.701	54.71
6.701	54.7
6.702	54.7
6.702	54.69
6.703	54.69
6.703	54.68
6.704	54.67
6.705	54.67
6.705	54.66
6.706	54.66
6.706	54.65
6.707	54.64
6.707	54.64
6.707	54.63
6.708	54.63
6.708	54.62
6.709	54.61
6.709	54.61
6.71	54.6
6.71	54.6
6.711	54.59
6.712	54.58
6.712	54.58
6.713	54.57
6.713	54.57
6.714	54.56
6.714	54.55
6.714	54.55
6.715	54.54
6.715	54.54
6.716	54.53
6.716	54.52
6.717	54.52
6.718	54.51
6.718	54.51
6.719	54.5
6.719	54.49
6.72	54.49
6.72	54.48
6.72	54.47
6.721	54.47
6.721	54.46
6.722	54.46
6.722	54.45
6.723	54.44
6.723	54.44
6.724	54.43
6.725	54.43
6.725	54.42
6.726	54.41
6.726	54.41
6.727	54.4
6.727	54.4
6.727	54.39
6.728	54.39
6.728	54.38
6.729	54.37
6.729	54.37
6.73	54.36
6.731	54.36
6.731	54.35
6.732	54.34
6.732	54.34
6.733	54.33
6.733	54.33
6.734	54.32
6.734	54.31
6.734	54.31
6.735	54.3
6.735	54.3
6.736	54.29
6.736	54.28
6.737	54.28
6.738	54.27
6.738	54.27
6.739	54.26
6.739	54.25
6.74	54.25
6.74	54.24
6.74	54.24
6.741	54.23
6.741	54.22
6.742	54.22
6.742	54.21
6.743	54.21
6.744	54.2
6.744	54.19
6.745	54.19
6.745	54.18
6.746	54.18
6.746	54.17
6.747	54.16
6.747	54.16
6.747	54.15
6.748	54.15
6.748	54.14
6.749	54.13
6.749	54.13
6.75	54.12
6.751	54.12
6.751	54.11
6.752	54.11
6.752	54.1
6.753	54.09
6.753	54.09
6.753	54.08
6.754	54.08
6.754	54.07
6.755	54.06
6.755	54.06
6.756	54.05
6.756	54.05
6.757	54.04
6.758	54.03
6.758	54.03
6.759	54.02
6.759	54.02
6.76	54.01
6.76	54
6.76	54
6.761	53.99
6.761	53.99
6.762	53.98
6.762	53.97
6.763	53.97
6.764	53.96
6.764	53.96
6.765	53.95
6.765	53.95
6.766	53.94
6.766	53.93
6.766	53.93
6.767	53.92
6.767	53.92
6.768	53.91
6.768	53.9
6.769	53.9
6.769	53.89
6.77	53.89
6.771	53.88
6.771	53.87
6.772	53.87
6.772	53.86
6.773	53.86
6.773	53.85
6.773	53.85
6.774	53.84
6.774	53.83
6.775	53.83
6.775	53.82
6.776	53.82
6.777	53.81
6.777	53.8
6.778	53.8
6.778	53.79
6.779	53.79
6.779	53.78
6.78	53.78
6.78	53.77
6.78	53.76
6.781	53.76
6.781	53.75
6.782	53.75
6.782	53.74
6.783	53.73
6.784	53.73
6.784	53.72
6.785	53.72
6.785	53.71
6.786	53.71
6.786	53.7
6.786	53.69
6.787	53.69
6.787	53.68
6.788	53.68
6.788	53.67
6.789	53.66
6.79	53.66
6.79	53.65
6.791	53.65
6.791	53.64
6.792	53.64
6.792	53.63
6.793	53.62
6.793	53.62
6.793	53.61
6.794	53.61
6.794	53.6
6.795	53.59
6.795	53.59
6.796	53.58
6.797	53.58
6.797	53.57
6.798	53.57
6.798	53.56
6.799	53.55
6.799	53.55
6.799	53.54
6.8	53.54
6.8	53.53
6.801	53.52
6.801	53.52
6.802	53.51
6.802	53.51
6.803	53.5
6.804	53.5
6.804	53.49
6.805	53.48
6.805	53.48
6.806	53.47
6.806	53.47
6.806	53.46
6.807	53.46
6.807	53.45
6.808	53.44
6.808	53.44
6.809	53.43
6.81	53.43
6.81	53.42
6.811	53.41
6.811	53.41
6.812	53.4
6.812	53.4
6.812	53.39
6.813	53.39
6.813	53.38
6.814	53.37
6.814	53.37
6.815	53.36
6.815	53.36
6.816	53.35
6.817	53.35
6.817	53.34
6.818	53.33
6.818	53.33
6.819	53.32
6.819	53.32
6.819	53.31
6.82	53.31
6.82	53.3
6.821	53.29
6.821	53.29
6.822	53.28
6.823	53.28
6.823	53.27
6.824	53.27
6.824	53.26
6.825	53.25
6.825	53.25
6.826	53.24
6.826	53.24
6.826	53.23
6.827	53.22
6.827	53.22
6.828	53.21
6.828	53.21
6.829	53.2
6.83	53.2
6.83	53.19
6.831	53.18
6.831	53.18
6.832	53.17
6.832	53.17
6.832	53.16
6.833	53.16
6.833	53.15
6.834	53.14
6.834	53.14
6.835	53.13
6.835	53.13
6.836	53.12
6.837	53.12
6.837	53.11
6.838	53.1
6.838	53.1
6.839	53.09
6.839	53.09
6.839	53.08
6.84	53.08
6.84	53.07
6.841	53.06
6.841	53.06
6.842	53.05
6.843	53.05
6.843	53.04
6.844	53.04
6.844	53.03
6.845	53.03
6.845	53.02
6.845	53.01
6.846	53.01
6.846	53
6.847	53
6.847	52.99
6.848	52.99
6.848	52.98
6.849	52.97
6.85	52.97
6.85	52.96
6.851	52.96
6.851	52.95
6.852	52.95
6.852	52.94
6.852	52.93
6.853	52.93
6.853	52.92
6.854	52.92
6.854	52.91
6.855	52.91
6.856	52.9
6.856	52.89
6.857	52.89
6.857	52.88
6.858	52.88
6.858	52.87
6.859	52.87
6.859	52.86
6.859	52.85
6.86	52.85
6.86	52.84
6.861	52.84
6.861	52.83
6.862	52.83
6.863	52.82
6.863	52.82
6.864	52.81
6.864	52.8
6.865	52.8
6.865	52.79
6.865	52.79
6.866	52.78
6.866	52.78
6.867	52.77
6.867	52.76
6.868	52.76
6.869	52.75
6.869	52.75
6.87	52.74
6.87	52.74
6.871	52.73
6.871	52.73
6.872	52.72
6.872	52.71
6.872	52.71
6.873	52.7
6.873	52.7
6.874	52.69
6.874	52.69
6.875	52.68
6.876	52.67
6.876	52.67
6.877	52.66
6.877	52.66
6.878	52.65
6.878	52.65
6.878	52.64
6.879	52.64
6.879	52.63
6.88	52.62
6.88	52.62
6.881	52.61
6.881	52.61
6.882	52.6
6.883	52.6
6.883	52.59
6.884	52.59
6.884	52.58
6.885	52.57
6.885	52.57
6.885	52.56
6.886	52.56
6.886	52.55
6.887	52.55
6.887	52.54
6.888	52.53
6.889	52.53
6.889	52.52
6.89	52.52
6.89	52.51
6.891	52.51
6.891	52.5
6.891	52.5
6.892	52.49
6.892	52.48
6.893	52.48
6.893	52.47
6.894	52.47
6.894	52.46
6.895	52.46
6.896	52.45
6.896	52.45
6.897	52.44
6.897	52.43
6.898	52.43
6.898	52.42
6.898	52.42
6.899	52.41
6.899	52.41
6.9	52.4
6.9	52.4
6.901	52.39
6.902	52.38
6.902	52.38
6.903	52.37
6.903	52.37
6.904	52.36
6.904	52.36
6.905	52.35
6.905	52.35
6.905	52.34
6.906	52.33
6.906	52.33
6.907	52.32
6.907	52.32
6.908	52.31
6.909	52.31
6.909	52.3
6.91	52.3
6.91	52.29
6.911	52.29
6.911	52.28
6.911	52.27
6.912	52.27
6.912	52.26
6.913	52.26
6.913	52.25
6.914	52.25
6.915	52.24
6.915	52.24
6.916	52.23
6.916	52.22
6.917	52.22
6.917	52.21
6.918	52.21
6.918	52.2
6.918	52.2
6.919	52.19
6.919	52.19
6.92	52.18
6.92	52.17
6.921	52.17
6.922	52.16
6.922	52.16
6.923	52.15
6.923	52.15
6.924	52.14
6.924	52.14
6.924	52.13
6.925	52.13
6.925	52.12
6.926	52.11
6.926	52.11
6.927	52.1
6.927	52.1
6.928	52.09
6.929	52.09
6.929	52.08
6.93	52.08
6.93	52.07
6.931	52.06
6.931	52.06
6.931	52.05
6.932	52.05
6.932	52.04
6.933	52.04
6.933	52.03
6.934	52.03
6.935	52.02
6.935	52.02
6.936	52.01
6.936	52
6.937	52
6.937	51.99
6.938	51.99
6.938	51.98
6.938	51.98
6.939	51.97
6.939	51.97
6.94	51.96
6.94	51.96
6.941	51.95
6.942	51.94
6.942	51.94
6.943	51.93
6.943	51.93
6.944	51.92
6.944	51.92
6.944	51.91
6.945	51.91
6.945	51.9
6.946	51.9
6.946	51.89
6.947	51.88
6.948	51.88
6.948	51.87
6.949	51.87
6.949	51.86
6.95	51.86
6.95	51.85
6.951	51.85
6.951	51.84
6.951	51.84
6.952	51.83
6.952	51.83
6.953	51.82
6.953	51.81
6.954	51.81
6.955	51.8
6.955	51.8
6.956	51.79
6.956	51.79
6.957	51.78
6.957	51.78
6.957	51.77
6.958	51.77
6.958	51.76
6.959	51.75
6.959	51.75
6.96	51.74
6.96	51.74
6.961	51.73
6.962	51.73
6.962	51.72
6.963	51.72
6.963	51.71
6.964	51.71
6.964	51.7
6.964	51.7
6.965	51.69
6.965	51.68
6.966	51.68
6.966	51.67
6.967	51.67
6.968	51.66
6.968	51.66
6.969	51.65
6.969	51.65
6.97	51.64
6.97	51.64
6.97	51.63
6.971	51.63
6.971	51.62
6.972	51.61
6.972	51.61
6.973	51.6
6.973	51.6
6.974	51.59
6.975	51.59
6.975	51.58
6.976	51.58
6.976	51.57
6.977	51.57
6.977	51.56
6.977	51.56
6.978	51.55
6.978	51.54
6.979	51.54
6.979	51.53
6.98	51.53
6.981	51.52
6.981	51.52
6.982	51.51
6.982	51.51
6.983	51.5
6.983	51.5
6.984	51.49
6.984	51.49
6.984	51.48
6.985	51.48
6.985	51.47
6.986	51.46
6.986	51.46
6.987	51.45
6.988	51.45
6.988	51.44
6.989	51.44
6.989	51.43
6.99	51.43
6.99	51.42
6.99	51.42
6.991	51.41
6.991	51.41
6.992	51.4
6.992	51.4
6.993	51.39
6.994	51.38
6.994	51.38
6.995	51.37
6.995	51.37
6.996	51.36
6.996	51.36
6.997	51.35
6.997	51.35
6.997	51.34
6.998	51.34
6.998	51.33
6.999	51.33
6.999	51.32
7	51.32
7.001	51.31
7.001	51.3
7.002	51.3
7.002	51.29
7.003	51.29
7.003	51.28
7.003	51.28
7.004	51.27
7.004	51.27
7.005	51.26
7.005	51.26
7.006	51.25
7.006	51.25
7.007	51.24
7.008	51.24
7.008	51.23
7.009	51.23
7.009	51.22
7.01	51.21
7.01	51.21
7.01	51.2
7.011	51.2
7.011	51.19
7.012	51.19
7.012	51.18
7.013	51.18
7.014	51.17
7.014	51.17
7.015	51.16
7.015	51.16
7.016	51.15
7.016	51.15
7.016	51.14
7.017	51.14
7.017	51.13
7.018	51.12
7.018	51.12
7.019	51.11
7.019	51.11
7.02	51.1
7.021	51.1
7.021	51.09
7.022	51.09
7.022	51.08
7.023	51.08
7.023	51.07
7.023	51.07
7.024	51.06
7.024	51.06
7.025	51.05
7.025	51.05
7.026	51.04
7.027	51.04
7.027	51.03
7.028	51.02
7.028	51.02
7.029	51.01
7.029	51.01
7.03	51
7.03	51
7.03	50.99
7.031	50.99
7.031	50.98
7.032	50.98
7.032	50.97
7.033	50.97
7.034	50.96
7.034	50.96
7.035	50.95
7.035	50.95
7.036	50.94
7.036	50.94
7.036	50.93
7.037	50.93
7.037	50.92
7.038	50.91
7.038	50.91
7.039	50.9
7.04	50.9
7.04	50.89
7.041	50.89
7.041	50.88
7.042	50.88
7.042	50.87
7.043	50.87
7.043	50.86
7.043	50.86
7.044	50.85
7.044	50.85
7.045	50.84
7.045	50.84
7.046	50.83
7.047	50.83
7.047	50.82
7.048	50.82
7.048	50.81
7.049	50.81
7.049	50.8
7.049	50.8
7.05	50.79
7.05	50.78
7.051	50.78
7.051	50.77
7.052	50.77
7.052	50.76
7.053	50.76
7.054	50.75
7.054	50.75
7.055	50.74
7.055	50.74
7.056	50.73
7.056	50.73
7.056	50.72
7.057	50.72
7.057	50.71
7.058	50.71
7.058	50.7
7.059	50.7
7.06	50.69
7.06	50.69
7.061	50.68
7.061	50.68
7.062	50.67
7.062	50.67
7.062	50.66
7.063	50.66
7.063	50.65
7.064	50.64
7.064	50.64
7.065	50.63
7.065	50.63
7.066	50.62
7.067	50.62
7.067	50.61
7.068	50.61
7.068	50.6
7.069	50.6
7.069	50.59
7.069	50.59
7.07	50.58
7.07	50.58
7.071	50.57
7.071	50.57
7.072	50.56
7.073	50.56
7.073	50.55
7.074	50.55
7.074	50.54
7.075	50.54
7.075	50.53
7.076	50.53
7.076	50.52
7.076	50.52
7.077	50.51
7.077	50.51
7.078	50.5
7.078	50.5
7.079	50.49
7.08	50.49
7.08	50.48
7.081	50.48
7.081	50.47
7.082	50.46
7.082	50.46
7.082	50.45
7.083	50.45
7.083	50.44
7.084	50.44
7.084	50.43
7.085	50.43
7.085	50.42
7.086	50.42
7.087	50.41
7.087	50.41
7.088	50.4
7.088	50.4
7.089	50.39
7.089	50.39
7.089	50.38
7.09	50.38
7.09	50.37
7.091	50.37
7.091	50.36
7.092	50.36
7.093	50.35
7.093	50.35
7.094	50.34
7.094	50.34
7.095	50.33
7.095	50.33
7.095	50.32
7.096	50.32
7.096	50.31
7.097	50.31
7.097	50.3
7.098	50.3
7.098	50.29
7.099	50.29
7.1	50.28
7.1	50.28
7.101	50.27
7.101	50.27
7.102	50.26
7.102	50.26
7.102	50.25
7.103	50.25
7.103	50.24
7.104	50.24
7.104	50.23
7.105	50.23
7.106	50.22
7.106	50.22
7.107	50.21
7.107	50.21
7.108	50.2
7.108	50.19
7.109	50.19
7.109	50.18
7.109	50.18
7.11	50.17
7.11	50.17
7.111	50.16
7.111	50.16
7.112	50.15
7.113	50.15
7.113	50.14
7.114	50.14
7.114	50.13
7.115	50.13
7.115	50.12
7.115	50.12
7.116	50.11
7.116	50.11
7.117	50.1
7.117	50.1
7.118	50.09
7.119	50.09
7.119	50.08
7.12	50.08
7.12	50.07
7.121	50.07
7.121	50.06
7.122	50.06
7.122	50.05
7.122	50.05
7.123	50.04
7.123	50.04
7.124	50.03
7.124	50.03
7.125	50.02
7.126	50.02
7.126	50.01
7.127	50.01
7.127	50
7.128	50
7.128	49.99
7.128	49.99
7.129	49.98
7.129	49.98
7.13	49.97
7.13	49.97
7.131	49.96
7.131	49.96
7.132	49.95
7.133	49.95
7.133	49.94
7.134	49.94
7.134	49.93
7.135	49.93
7.135	49.92
7.135	49.92
7.136	49.91
7.136	49.91
7.137	49.9
7.137	49.9
7.138	49.89
7.139	49.89
7.139	49.88
7.14	49.88
7.14	49.87
7.141	49.87
7.141	49.86
7.141	49.86
7.142	49.85
7.142	49.85
7.143	49.84
7.143	49.84
7.144	49.83
7.144	49.83
7.145	49.82
7.146	49.82
7.146	49.81
7.147	49.81
7.147	49.8
7.148	49.8
7.148	49.79
7.148	49.79
7.149	49.78
7.149	49.78
7.15	49.77
7.15	49.77
7.151	49.76
7.152	49.76
7.152	49.75
7.153	49.75
7.153	49.74
7.154	49.74
7.154	49.73
7.155	49.73
7.155	49.72
7.155	49.72
7.156	49.71
7.156	49.71
7.157	49.7
7.157	49.7
7.158	49.69
7.159	49.69
7.159	49.68
7.16	49.68
7.16	49.67
7.161	49.67
7.161	49.66
7.161	49.66
7.162	49.65
7.162	49.65
7.163	49.64
7.163	49.64
7.164	49.63
7.165	49.63
7.165	49.62
7.166	49.62
7.166	49.61
7.167	49.61
7.167	49.6
7.168	49.6
7.168	49.6
7.168	49.59
7.169	49.59
7.169	49.58
7.17	49.58
7.17	49.57
7.171	49.57
7.172	49.56
7.172	49.56
7.173	49.55
7.173	49.55
7.174	49.54
7.174	49.54
7.174	49.53
7.175	49.53
7.175	49.52
7.176	49.52
7.176	49.51
7.177	49.51
7.177	49.5
7.178	49.5
7.179	49.49
7.179	49.49
7.18	49.48
7.18	49.48
7.181	49.47
7.181	49.47
7.181	49.46
7.182	49.46
7.182	49.45
7.183	49.45
7.183	49.44
7.184	49.44
7.185	49.43
7.185	49.43
7.186	49.42
7.186	49.42
7.187	49.41
7.187	49.41
7.188	49.4
7.188	49.4
7.188	49.39
7.189	49.39
7.189	49.38
7.19	49.38
7.19	49.37
7.191	49.37
7.192	49.36
7.192	49.36
7.193	49.35
7.193	49.35
7.194	49.34
7.194	49.34
7.194	49.34
7.195	49.33
7.195	49.33
7.196	49.32
7.196	49.32
7.197	49.31
7.198	49.31
7.198	49.3
7.199	49.3
7.199	49.29
7.2	49.29
7.2	49.28
7.201	49.28
7.201	49.27
7.201	49.27
7.202	49.26
7.202	49.26
7.203	49.25
7.203	49.25
7.204	49.24
7.205	49.24
7.205	49.23
7.206	49.23
7.206	49.22
7.207	49.22
7.207	49.21
7.207	49.21
7.208	49.2
7.208	49.2
7.209	49.19
7.209	49.19
7.21	49.18
7.21	49.18
7.211	49.17
7.212	49.17
7.212	49.17
7.213	49.16
7.213	49.16
7.214	49.15
7.214	49.15
7.214	49.14
7.215	49.14
7.215	49.13
7.216	49.13
7.216	49.12
7.217	49.12
7.218	49.11
7.218	49.11
7.219	49.1
7.219	49.1
7.22	49.09
7.22	49.09
7.22	49.08
7.221	49.08
7.221	49.07
7.222	49.07
7.222	49.06
7.223	49.06
7.223	49.05
7.224	49.05
7.225	49.04
7.225	49.04
7.226	49.03
7.226	49.03
7.227	49.03
7.227	49.02
7.227	49.02
7.228	49.01
7.228	49.01
7.229	49
7.229	49
7.23	48.99
7.231	48.99
7.231	48.98
7.232	48.98
7.232	48.97
7.233	48.97
7.233	48.96
7.234	48.96
7.234	48.95
7.234	48.95
7.235	48.94
7.235	48.94
7.236	48.93
7.236	48.93
7.237	48.92
7.238	48.92
7.238	48.92
7.239	48.91
7.239	48.91
7.24	48.9
7.24	48.9
7.24	48.89
7.241	48.89
7.241	48.88
7.242	48.88
7.242	48.87
7.243	48.87
7.244	48.86
7.244	48.86
7.245	48.85
7.245	48.85
7.246	48.84
7.246	48.84
7.247	48.83
7.247	48.83
7.247	48.82
7.248	48.82
7.248	48.81
7.249	48.81
7.249	48.81
7.25	48.8
7.251	48.8
7.251	48.79
7.252	48.79
7.252	48.78
7.253	48.78
7.253	48.77
7.253	48.77
7.254	48.76
7.254	48.76
7.255	48.75
7.255	48.75
7.256	48.74
7.256	48.74
7.257	48.73
7.258	48.73
7.258	48.72
7.259	48.72
7.259	48.72
7.26	48.71
7.26	48.71
7.26	48.7
7.261	48.7
7.261	48.69
7.262	48.69
7.262	48.68
7.263	48.68
7.264	48.67
7.264	48.67
7.265	48.66
7.265	48.66
7.266	48.65
7.266	48.65
7.266	48.64
7.267	48.64
7.267	48.63
7.268	48.63
7.268	48.63
7.269	48.62
7.269	48.62
7.27	48.61
7.271	48.61
7.271	48.6
7.272	48.6
7.272	48.59
7.273	48.59
7.273	48.58
7.273	48.58
7.274	48.57
7.274	48.57
7.275	48.56
7.275	48.56
7.276	48.55
7.277	48.55
7.277	48.55
7.278	48.54
7.278	48.54
7.279	48.53
7.279	48.53
7.28	48.52
7.28	48.52
7.28	48.51
7.281	48.51
7.281	48.5
7.282	48.5
7.282	48.49
7.283	48.49
7.284	48.48
7.284	48.48
7.285	48.47
7.285	48.47
7.286	48.47
7.286	48.46
7.286	48.46
7.287	48.45
7.287	48.45
7.288	48.44
7.288	48.44
7.289	48.43
7.29	48.43
7.29	48.42
7.291	48.42
7.291	48.41
7.292	48.41
7.292	48.4
7.293	48.4
7.293	48.4
7.293	48.39
7.294	48.39
7.294	48.38
7.295	48.38
7.295	48.37
7.296	48.37
7.297	48.36
7.297	48.36
7.298	48.35
7.298	48.35
7.299	48.34
7.299	48.34
7.299	48.33
7.3	48.33
7.3	48.33
7.301	48.32
7.301	48.32
7.302	48.31
7.302	48.31
7.303	48.3
7.304	48.3
7.304	48.29
7.305	48.29
7.305	48.28
7.306	48.28
7.306	48.27
7.306	48.27
7.307	48.26
7.307	48.26
7.308	48.26
7.308	48.25
7.309	48.25
7.31	48.24
7.31	48.24
7.311	48.23
7.311	48.23
7.312	48.22
7.312	48.22
7.312	48.21
7.313	48.21
7.313	48.2
7.314	48.2
7.314	48.2
7.315	48.19
7.315	48.19
7.316	48.18
7.317	48.18
7.317	48.17
7.318	48.17
7.318	48.16
7.319	48.16
7.319	48.15
7.319	48.15
7.32	48.14
7.32	48.14
7.321	48.14
7.321	48.13
7.322	48.13
7.323	48.12
7.323	48.12
7.324	48.11
7.324	48.11
7.325	48.1
7.325	48.1
7.326	48.09
7.326	48.09
7.326	48.08
7.327	48.08
7.327	48.08
7.328	48.07
7.328	48.07
7.329	48.06
7.33	48.06
7.33	48.05
7.331	48.05
7.331	48.04
7.332	48.04
7.332	48.03
7.332	48.03
7.333	48.02
7.333	48.02
7.334	48.02
7.334	48.01
7.335	48.01
7.335	48
7.336	48
7.337	47.99
7.337	47.99
7.338	47.98
7.338	47.98
7.339	47.97
7.339	47.97
7.339	47.97
7.34	47.96
7.34	47.96
7.341	47.95
7.341	47.95
7.342	47.94
7.343	47.94
7.343	47.93
7.344	47.93
7.344	47.92
7.345	47.92
7.345	47.92
7.345	47.91
7.346	47.91
7.346	47.9
7.347	47.9
7.347	47.89
7.348	47.89
7.348	47.88
7.349	47.88
7.35	47.87
7.35	47.87
7.351	47.87
7.351	47.86
7.352	47.86
7.352	47.85
7.352	47.85
7.353	47.84
7.353	47.84
7.354	47.83
7.354	47.83
7.355	47.82
7.356	47.82
7.356	47.81
7.357	47.81
7.357	47.81
7.358	47.8
7.358	47.8
7.359	47.79
7.359	47.79
7.359	47.78
7.36	47.78
7.36	47.77
7.361	47.77
7.361	47.77
7.362	47.76
7.363	47.76
7.363	47.75
7.364	47.75
7.364	47.74
7.365	47.74
7.365	47.73
7.365	47.73
7.366	47.72
7.366	47.72
7.367	47.72
7.367	47.71
7.368	47.71
7.369	47.7
7.369	47.7
7.37	47.69
7.37	47.69
7.371	47.68
7.371	47.68
7.372	47.67
7.372	47.67
7.372	47.67
7.373	47.66
7.373	47.66
7.374	47.65
7.374	47.65
7.375	47.64
7.376	47.64
7.376	47.63
7.377	47.63
7.377	47.63
7.378	47.62
7.378	47.62
7.378	47.61
7.379	47.61
7.379	47.6
7.38	47.6
7.38	47.59
7.381	47.59
7.381	47.58
7.382	47.58
7.383	47.58
7.383	47.57
7.384	47.57
7.384	47.56
7.385	47.56
7.385	47.55
7.385	47.55
7.386	47.54
7.386	47.54
7.387	47.54
7.387	47.53
7.388	47.53
7.389	47.52
7.389	47.52
7.39	47.51
7.39	47.51
7.391	47.5
7.391	47.5
7.391	47.5
7.392	47.49
7.392	47.49
7.393	47.48
7.393	47.48
7.394	47.47
7.394	47.47
7.395	47.46
7.396	47.46
7.396	47.45
7.397	47.45
7.397	47.45
7.398	47.44
7.398	47.44
7.398	47.43
7.399	47.43
7.399	47.42
7.4	47.42
7.4	47.41
7.401	47.41
7.402	47.41
7.402	47.4
7.403	47.4
7.403	47.39
7.404	47.39
7.404	47.38
7.405	47.38
7.405	47.37
7.405	47.37
7.406	47.37
7.406	47.36
7.407	47.36
7.407	47.35
7.408	47.35
7.409	47.34
7.409	47.34
7.41	47.33
7.41	47.33
7.411	47.33
7.411	47.32
7.411	47.32
7.412	47.31
7.412	47.31
7.413	47.3
7.413	47.3
7.414	47.29
7.415	47.29
7.415	47.29
7.416	47.28
7.416	47.28
7.417	47.27
7.417	47.27
7.418	47.26
7.418	47.26
7.418	47.26
7.419	47.25
7.419	47.25
7.42	47.24
7.42	47.24
7.421	47.23
7.422	47.23
7.422	47.22
7.423	47.22
7.423	47.22
7.424	47.21
7.424	47.21
7.424	47.2
7.425	47.2
7.425	47.19
7.426	47.19
7.426	47.18
7.427	47.18
7.427	47.18
7.428	47.17
7.429	47.17
7.429	47.16
7.43	47.16
7.43	47.15
7.431	47.15
7.431	47.14
7.431	47.14
7.432	47.14
7.432	47.13
7.433	47.13
7.433	47.12
7.434	47.12
7.435	47.11
7.435	47.11
7.436	47.11
7.436	47.1
7.437	47.1
7.437	47.09
7.438	47.09
7.438	47.08
7.438	47.08
7.439	47.07
7.439	47.07
7.44	47.07
7.44	47.06
7.441	47.06
7.442	47.05
7.442	47.05
7.443	47.04
7.443	47.04
7.444	47.04
7.444	47.03
7.444	47.03
7.445	47.02
7.445	47.02
7.446	47.01
7.446	47.01
7.447	47
7.448	47
7.448	47
7.449	46.99
7.449	46.99
7.45	46.98
7.45	46.98
7.451	46.97
7.451	46.97
7.451	46.97
7.452	46.96
7.452	46.96
7.453	46.95
7.453	46.95
7.454	46.94
7.455	46.94
7.455	46.94
7.456	46.93
7.456	46.93
7.457	46.92
7.457	46.92
7.457	46.91
7.458	46.91
7.458	46.9
7.459	46.9
7.459	46.9
7.46	46.89
7.46	46.89
7.461	46.88
7.462	46.88
7.462	46.87
7.463	46.87
7.463	46.87
7.464	46.86
7.464	46.86
7.464	46.85
7.465	46.85
7.465	46.84
7.466	46.84
7.466	46.84
7.467	46.83
7.468	46.83
7.468	46.82
7.469	46.82
7.469	46.81
7.47	46.81
7.47	46.81
7.47	46.8
7.471	46.8
7.471	46.79
7.472	46.79
7.472	46.78
7.473	46.78
7.473	46.77
7.474	46.77
7.475	46.77
7.475	46.76
7.476	46.76
7.476	46.75
7.477	46.75
7.477	46.74
7.477	46.74
7.478	46.74
7.478	46.73
7.479	46.73
7.479	46.72
7.48	46.72
7.481	46.71
7.481	46.71
7.482	46.71
7.482	46.7
7.483	46.7
7.483	46.69
7.484	46.69
7.484	46.68
7.484	46.68
7.485	46.68
7.485	46.67
7.486	46.67
7.486	46.66
7.487	46.66
7.488	46.65
7.488	46.65
7.489	46.65
7.489	46.64
7.49	46.64
7.49	46.63
7.49	46.63
7.491	46.62
7.491	46.62
7.492	46.62
7.492	46.61
7.493	46.61
7.494	46.6
7.494	46.6
7.495	46.59
7.495	46.59
7.496	46.59
7.496	46.58
7.497	46.58
7.497	46.57
7.497	46.57
7.498	46.56
7.498	46.56
7.499	46.56
7.499	46.55
7.5	46.55
7.501	46.54
7.501	46.54
7.502	46.53
7.502	46.53
7.503	46.53
7.503	46.52
7.503	46.52
7.504	46.51
7.504	46.51
7.505	46.51
7.505	46.5
7.506	46.5
7.506	46.49
7.507	46.49
7.508	46.48
7.508	46.48
7.509	46.48
7.509	46.47
7.51	46.47
7.51	46.46
7.51	46.46
7.511	46.45
7.511	46.45
7.512	46.45
7.512	46.44
7.513	46.44
7.514	46.43
7.514	46.43
7.515	46.42
7.515	46.42
7.516	46.42
7.516	46.41
7.516	46.41
7.517	46.4
7.517	46.4
7.518	46.39
7.518	46.39
7.519	46.39
7.519	46.38
7.52	46.38
7.521	46.37
7.521	46.37
7.522	46.37
7.522	46.36
7.523	46.36
7.523	46.35
7.523	46.35
7.524	46.34
7.524	46.34
7.525	46.34
7.525	46.33
7.526	46.33
7.527	46.32
7.527	46.32
7.528	46.31
7.528	46.31
7.529	46.31
7.529	46.3
7.53	46.3
7.53	46.29
7.53	46.29
7.531	46.29
7.531	46.28
7.532	46.28
7.532	46.27
7.533	46.27
7.534	46.26
7.534	46.26
7.535	46.26
7.535	46.25
7.536	46.25
7.536	46.24
7.536	46.24
7.537	46.23
7.537	46.23
7.538	46.23
7.538	46.22
7.539	46.22
7.54	46.21
7.54	46.21
7.541	46.21
7.541	46.2
7.542	46.2
7.542	46.19
7.543	46.19
7.543	46.18
7.543	46.18
7.544	46.18
7.544	46.17
7.545	46.17
7.545	46.16
7.546	46.16
7.547	46.16
7.547	46.15
7.548	46.15
7.548	46.14
7.549	46.14
7.549	46.13
7.549	46.13
7.55	46.13
7.55	46.12
7.551	46.12
7.551	46.11
7.552	46.11
7.552	46.11
7.553	46.1
7.554	46.1
7.554	46.09
7.555	46.09
7.555	46.08
7.556	46.08
7.556	46.08
7.556	46.07
7.557	46.07
7.557	46.06
7.558	46.06
7.558	46.06
7.559	46.05
7.56	46.05
7.56	46.04
7.561	46.04
7.561	46.03
7.562	46.03
7.562	46.03
7.562	46.02
7.563	46.02
7.563	46.01
7.564	46.01
7.564	46.01
7.565	46
7.565	46
7.566	45.99
7.567	45.99
7.567	45.98
7.568	45.98
7.568	45.98
7.569	45.97
7.569	45.97
7.569	45.96
7.57	45.96
7.57	45.96
7.571	45.95
7.571	45.95
7.572	45.94
7.573	45.94
7.573	45.94
7.574	45.93
7.574	45.93
7.575	45.92
7.575	45.92
7.576	45.91
7.576	45.91
7.576	45.91
7.577	45.9
7.577	45.9
7.578	45.89
7.578	45.89
7.579	45.89
7.58	45.88
7.58	45.88
7.581	45.87
7.581	45.87
7.582	45.87
7.582	45.86
7.582	45.86
7.583	45.85
7.583	45.85
7.584	45.84
7.584	45.84
7.585	45.84
7.585	45.83
7.586	45.83
7.587	45.82
7.587	45.82
7.588	45.82
7.588	45.81
7.589	45.81
7.589	45.8
7.589	45.8
7.59	45.8
7.59	45.79
7.591	45.79
7.591	45.78
7.592	45.78
7.593	45.77
7.593	45.77
7.594	45.77
7.594	45.76
7.595	45.76
7.595	45.75
7.595	45.75
7.596	45.75
7.596	45.74
7.597	45.74
7.597	45.73
7.598	45.73
7.598	45.73
7.599	45.72
7.6	45.72
7.6	45.71
7.601	45.71
7.601	45.71
7.602	45.7
7.602	45.7
7.602	45.69
7.603	45.69
7.603	45.68
7.604	45.68
7.604	45.68
7.605	45.67
7.606	45.67
7.606	45.66
7.607	45.66
7.607	45.66
7.608	45.65
7.608	45.65
7.609	45.64
7.609	45.64
7.609	45.64
7.61	45.63
7.61	45.63
7.611	45.62
7.611	45.62
7.612	45.62
7.613	45.61
7.613	45.61
7.614	45.6
7.614	45.6
7.615	45.6
7.615	45.59
7.615	45.59
7.616	45.58
7.616	45.58
7.617	45.58
7.617	45.57
7.618	45.57
7.619	45.56
7.619	45.56
7.62	45.56
7.62	45.55
7.621	45.55
7.621	45.54
7.622	45.54
7.622	45.53
7.622	45.53
7.623	45.53
7.623	45.52
7.624	45.52
7.624	45.51
7.625	45.51
7.626	45.51
7.626	45.5
7.627	45.5
7.627	45.49
7.628	45.49
7.628	45.49
7.628	45.48
7.629	45.48
7.629	45.47
7.63	45.47
7.63	45.47
7.631	45.46
7.631	45.46
7.632	45.45
7.633	45.45
7.633	45.45
7.634	45.44
7.634	45.44
7.635	45.43
7.635	45.43
7.635	45.43
7.636	45.42
7.636	45.42
7.637	45.41
7.637	45.41
7.638	45.41
7.639	45.4
7.639	45.4
7.64	45.39
7.64	45.39
7.641	45.39
7.641	45.38
7.641	45.38
7.642	45.37
7.642	45.37
7.643	45.37
7.643	45.36
7.644	45.36
7.644	45.35
7.645	45.35
7.646	45.35
7.646	45.34
7.647	45.34
7.647	45.33
7.648	45.33
7.648	45.33
7.648	45.32
7.649	45.32
7.649	45.31
7.65	45.31
7.65	45.31
7.651	45.3
7.652	45.3
7.652	45.29
7.653	45.29
7.653	45.29
7.654	45.28
7.654	45.28
7.655	45.27
7.655	45.27
7.655	45.27
7.656	45.26
7.656	45.26
7.657	45.25
7.657	45.25
7.658	45.25
7.659	45.24
7.659	45.24
7.66	45.23
7.66	45.23
7.661	45.23
7.661	45.22
7.661	45.22
7.662	45.21
7.662	45.21
7.663	45.21
7.663	45.2
7.664	45.2
7.665	45.19
7.665	45.19
7.666	45.19
7.666	45.18
7.667	45.18
7.667	45.17
7.668	45.17
7.668	45.17
7.668	45.16
7.669	45.16
7.669	45.15
7.67	45.15
7.67	45.15
7.671	45.14
7.672	45.14
7.672	45.14
7.673	45.13
7.673	45.13
7.674	45.12
7.674	45.12
7.674	45.12
7.675	45.11
7.675	45.11
7.676	45.1
7.676	45.1
7.677	45.1
7.677	45.09
7.678	45.09
7.679	45.08
7.679	45.08
7.68	45.08
7.68	45.07
7.681	45.07
7.681	45.06
7.681	45.06
7.682	45.06
7.682	45.05
7.683	45.05
7.683	45.04
7.684	45.04
7.685	45.04
7.685	45.03
7.686	45.03
7.686	45.02
7.687	45.02
7.687	45.02
7.688	45.01
7.688	45.01
7.688	45.01
7.689	45
7.689	45
7.69	44.99
7.69	44.99
7.691	44.99
7.692	44.98
7.692	44.98
7.693	44.97
7.693	44.97
7.694	44.97
7.694	44.96
7.694	44.96
7.695	44.95
7.695	44.95
7.696	44.95
7.696	44.94
7.697	44.94
7.698	44.93
7.698	44.93
7.699	44.93
7.699	44.92
7.7	44.92
7.7	44.92
7.701	44.91
7.701	44.91
7.701	44.9
7.702	44.9
7.702	44.9
7.703	44.89
7.703	44.89
7.704	44.88
7.705	44.88
7.705	44.88
7.706	44.87
7.706	44.87
7.707	44.86
7.707	44.86
7.707	44.86
7.708	44.85
7.708	44.85
7.709	44.84
7.709	44.84
7.71	44.84
7.71	44.83
7.711	44.83
7.712	44.83
7.712	44.82
7.713	44.82
7.713	44.81
7.714	44.81
7.714	44.81
7.714	44.8
7.715	44.8
7.715	44.79
7.716	44.79
7.716	44.79
7.717	44.78
7.718	44.78
7.718	44.78
7.719	44.77
7.719	44.77
7.72	44.76
7.72	44.76
7.72	44.76
7.721	44.75
7.721	44.75
7.722	44.74
7.722	44.74
7.723	44.74
7.723	44.73
7.724	44.73
7.725	44.72
7.725	44.72
7.726	44.72
7.726	44.71
7.727	44.71
7.727	44.71
7.727	44.7
7.728	44.7
7.728	44.69
7.729	44.69
7.729	44.69
7.73	44.68
7.731	44.68
7.731	44.67
7.732	44.67
7.732	44.67
7.733	44.66
7.733	44.66
7.734	44.66
7.734	44.65
7.734	44.65
7.735	44.64
7.735	44.64
7.736	44.64
7.736	44.63
7.737	44.63
7.738	44.62
7.738	44.62
7.739	44.62
7.739	44.61
7.74	44.61
7.74	44.61
7.74	44.6
7.741	44.6
7.741	44.59
7.742	44.59
7.742	44.59
7.743	44.58
7.744	44.58
7.744	44.57
7.745	44.57
7.745	44.57
7.746	44.56
7.746	44.56
7.747	44.56
7.747	44.55
7.747	44.55
7.748	44.54
7.748	44.54
7.749	44.54
7.749	44.53
7.75	44.53
7.751	44.53
7.751	44.52
7.752	44.52
7.752	44.51
7.753	44.51
7.753	44.51
7.753	44.5
7.754	44.5
7.754	44.49
7.755	44.49
7.755	44.49
7.756	44.48
7.756	44.48
7.757	44.48
7.758	44.47
7.758	44.47
7.759	44.46
7.759	44.46
7.76	44.46
7.76	44.45
7.76	44.45
7.761	44.45
7.761	44.44
7.762	44.44
7.762	44.43
7.763	44.43
7.764	44.43
7.764	44.42
7.765	44.42
7.765	44.41
7.766	44.41
7.766	44.41
7.766	44.4
7.767	44.4
7.767	44.4
7.768	44.39
7.768	44.39
7.769	44.38
7.769	44.38
7.77	44.38
7.771	44.37
7.771	44.37
7.772	44.37
7.772	44.36
7.773	44.36
7.773	44.35
7.773	44.35
7.774	44.35
7.774	44.34
7.775	44.34
7.775	44.34
7.776	44.33
7.777	44.33
7.777	44.32
7.778	44.32
7.778	44.32
7.779	44.31
7.779	44.31
7.78	44.3
7.78	44.3
7.78	44.3
7.781	44.29
7.781	44.29
7.782	44.29
7.782	44.28
7.783	44.28
7.784	44.27
7.784	44.27
7.785	44.27
7.785	44.26
7.786	44.26
7.786	44.26
7.786	44.25
7.787	44.25
7.787	44.24
7.788	44.24
7.788	44.24
7.789	44.23
7.79	44.23
7.79	44.23
7.791	44.22
7.791	44.22
7.792	44.21
7.792	44.21
7.793	44.21
7.793	44.2
7.793	44.2
7.794	44.2
7.794	44.19
7.795	44.19
7.795	44.18
7.796	44.18
7.797	44.18
7.797	44.17
7.798	44.17
7.798	44.17
7.799	44.16
7.799	44.16
7.799	44.15
7.8	44.15
7.8	44.15
7.801	44.14
7.801	44.14
7.802	44.14
7.802	44.13
7.803	44.13
7.804	44.12
7.804	44.12
7.805	44.12
7.805	44.11
7.806	44.11
7.806	44.11
7.806	44.1
7.807	44.1
7.807	44.1
7.808	44.09
7.808	44.09
7.809	44.08
7.81	44.08
7.81	44.08
7.811	44.07
7.811	44.07
7.812	44.07
7.812	44.06
7.812	44.06
7.813	44.05
7.813	44.05
7.814	44.05
7.814	44.04
7.815	44.04
7.815	44.04
7.816	44.03
7.817	44.03
7.817	44.02
7.818	44.02
7.818	44.02
7.819	44.01
7.819	44.01
7.819	44.01
7.82	44
7.82	44
7.821	43.99
7.821	43.99
7.822	43.99
7.823	43.98
7.823	43.98
7.824	43.98
7.824	43.97
7.825	43.97
7.825	43.97
7.826	43.96
7.826	43.96
7.826	43.95
7.827	43.95
7.827	43.95
7.828	43.94
7.828	43.94
7.829	43.94
7.83	43.93
7.83	43.93
7.831	43.92
7.831	43.92
7.832	43.92
7.832	43.91
7.832	43.91
7.833	43.91
7.833	43.9
7.834	43.9
7.834	43.9
7.835	43.89
7.835	43.89
7.836	43.88
7.837	43.88
7.837	43.88
7.838	43.87
7.838	43.87
7.839	43.87
7.839	43.86
7.839	43.86
7.84	43.85
7.84	43.85
7.841	43.85
7.841	43.84
7.842	43.84
7.843	43.84
7.843	43.83
7.844	43.83
7.844	43.83
7.845	43.82
7.845	43.82
7.845	43.81
7.846	43.81
7.846	43.81
7.847	43.8
7.847	43.8
7.848	43.8
7.848	43.79
7.849	43.79
7.85	43.78
7.85	43.78
7.851	43.78
7.851	43.77
7.852	43.77
7.852	43.77
7.852	43.76
7.853	43.76
7.853	43.76
7.854	43.75
7.854	43.75
7.855	43.74
7.856	43.74
7.856	43.74
7.857	43.73
7.857	43.73
7.858	43.73
7.858	43.72
7.859	43.72
7.859	43.72
7.859	43.71
7.86	43.71
7.86	43.7
7.861	43.7
7.861	43.7
7.862	43.69
7.863	43.69
7.863	43.69
7.864	43.68
7.864	43.68
7.865	43.68
7.865	43.67
7.865	43.67
7.866	43.66
7.866	43.66
7.867	43.66
7.867	43.65
7.868	43.65
7.869	43.65
7.869	43.64
7.87	43.64
7.87	43.64
7.871	43.63
7.871	43.63
7.872	43.62
7.872	43.62
7.872	43.62
7.873	43.61
7.873	43.61
7.874	43.61
7.874	43.6
7.875	43.6
7.876	43.6
7.876	43.59
7.877	43.59
7.877	43.59
7.878	43.58
7.878	43.58
7.878	43.57
7.879	43.57
7.879	43.57
7.88	43.56
7.88	43.56
7.881	43.56
7.881	43.55
7.882	43.55
7.883	43.55
7.883	43.54
7.884	43.54
7.884	43.53
7.885	43.53
7.885	43.53
7.885	43.52
7.886	43.52
7.886	43.52
7.887	43.51
7.887	43.51
7.888	43.51
7.889	43.5
7.889	43.5
7.89	43.49
7.89	43.49
7.891	43.49
7.891	43.48
7.891	43.48
7.892	43.48
7.892	43.47
7.893	43.47
7.893	43.47
7.894	43.46
7.894	43.46
7.895	43.46
7.896	43.45
7.896	43.45
7.897	43.44
7.897	43.44
7.898	43.44
7.898	43.43
7.898	43.43
7.899	43.43
7.899	43.42
7.9	43.42
7.9	43.42
7.901	43.41
7.902	43.41
7.902	43.41
7.903	43.4
7.903	43.4
7.904	43.39
7.904	43.39
7.905	43.39
7.905	43.38
7.905	43.38
7.906	43.38
7.906	43.37
7.907	43.37
7.907	43.37
7.908	43.36
7.909	43.36
7.909	43.36
7.91	43.35
7.91	43.35
7.911	43.34
7.911	43.34
7.911	43.34
7.912	43.33
7.912	43.33
7.913	43.33
7.913	43.32
7.914	43.32
7.915	43.32
7.915	43.31
7.916	43.31
7.916	43.31
7.917	43.3
7.917	43.3
7.918	43.29
7.918	43.29
7.918	43.29
7.919	43.28
7.919	43.28
7.92	43.28
7.92	43.27
7.921	43.27
7.922	43.27
7.922	43.26
7.923	43.26
7.923	43.26
7.924	43.25
7.924	43.25
7.924	43.25
7.925	43.24
7.925	43.24
7.926	43.23
7.926	43.23
7.927	43.23
7.927	43.22
7.928	43.22
7.929	43.22
7.929	43.21
7.93	43.21
7.93	43.21
7.931	43.2
7.931	43.2
7.931	43.2
7.932	43.19
7.932	43.19
7.933	43.19
7.933	43.18
7.934	43.18
7.935	43.17
7.935	43.17
7.936	43.17
7.936	43.16
7.937	43.16
7.937	43.16
7.938	43.15
7.938	43.15
7.938	43.15
7.939	43.14
7.939	43.14
7.94	43.14
7.94	43.13
7.941	43.13
7.942	43.13
7.942	43.12
7.943	43.12
7.943	43.11
7.944	43.11
7.944	43.11
7.944	43.1
7.945	43.1
7.945	43.1
7.946	43.09
7.946	43.09
7.947	43.09
7.948	43.08
7.948	43.08
7.949	43.08
7.949	43.07
7.95	43.07
7.95	43.07
7.951	43.06
7.951	43.06
7.951	43.06
7.952	43.05
7.952	43.05
7.953	43.04
7.953	43.04
7.954	43.04
7.955	43.03
7.955	43.03
7.956	43.03
7.956	43.02
7.957	43.02
7.957	43.02
7.957	43.01
7.958	43.01
7.958	43.01
7.959	43
7.959	43
7.96	43
7.96	42.99
7.961	42.99
7.962	42.99
7.962	42.98
7.963	42.98
7.963	42.98
7.964	42.97
7.964	42.97
7.964	42.96
7.965	42.96
7.965	42.96
7.966	42.95
7.966	42.95
7.967	42.95
7.968	42.94
7.968	42.94
7.969	42.94
7.969	42.93
7.97	42.93
7.97	42.93
7.97	42.92
7.971	42.92
7.971	42.92
7.972	42.91
7.972	42.91
7.973	42.91
7.973	42.9
7.974	42.9
7.975	42.9
7.975	42.89
7.976	42.89
7.976	42.88
7.977	42.88
7.977	42.88
7.977	42.87
7.978	42.87
7.978	42.87
7.979	42.86
7.979	42.86
7.98	42.86
7.981	42.85
7.981	42.85
7.982	42.85
7.982	42.84
7.983	42.84
7.983	42.84
7.984	42.83
7.984	42.83
7.984	42.83
7.985	42.82
7.985	42.82
7.986	42.82
7.986	42.81
7.987	42.81
7.988	42.81
7.988	42.8
7.989	42.8
7.989	42.8
7.99	42.79
7.99	42.79
7.99	42.78
7.991	42.78
7.991	42.78
7.992	42.77
7.992	42.77
7.993	42.77
7.994	42.76
7.994	42.76
7.995	42.76
7.995	42.75
7.996	42.75
7.996	42.75
7.997	42.74
7.997	42.74
7.997	42.74
7.998	42.73
7.998	42.73
7.999	42.73
7.999	42.72
8	42.72
8	42.72
8.001	42.71
8.002	42.71
8.002	42.71
8.002	42.7
8.003	42.7
8.003	42.7
8.004	42.69
8.005	42.69
8.005	42.69
8.005	42.68
8.006	42.68
8.007	42.68
8.007	42.67
8.007	42.67
8.008	42.67
8.009	42.66
8.009	42.66
8.009	42.65
8.01	42.65
8.01	42.65
8.011	42.64
8.012	42.64
8.012	42.64
8.012	42.63
8.013	42.63
8.014	42.63
8.014	42.62
8.014	42.62
8.015	42.62
8.016	42.61
8.016	42.61
8.017	42.61
8.017	42.6
8.017	42.6
8.018	42.6
8.019	42.59
8.019	42.59
8.019	42.59
8.02	42.58
8.021	42.58
8.021	42.58
8.021	42.57
8.022	42.57
8.023	42.57
8.023	42.56
8.024	42.56
8.024	42.56
8.024	42.55
8.025	42.55
8.026	42.55
8.026	42.54
8.026	42.54
8.027	42.54
8.028	42.53
8.028	42.53
8.028	42.53
8.029	42.52
8.03	42.52
8.03	42.52
8.031	42.51
8.031	42.51
8.031	42.51
8.032	42.5
8.033	42.5
8.033	42.5
8.033	42.49
8.034	42.49
8.035	42.49
8.035	42.48
8.035	42.48
8.036	42.48
8.036	42.47
8.037	42.47
8.038	42.47
8.038	42.46
8.038	42.46
8.039	42.45
8.04	42.45
8.04	42.45
8.04	42.44
8.041	42.44
8.042	42.44
8.042	42.43
8.042	42.43
8.043	42.43
8.043	42.42
8.044	42.42
8.045	42.42
8.045	42.41
8.045	42.41
8.046	42.41
8.047	42.4
8.047	42.4
8.047	42.4
8.048	42.39
8.049	42.39
8.049	42.39
8.05	42.38
8.05	42.38
8.05	42.38
8.051	42.37
8.052	42.37
8.052	42.37
8.052	42.36
8.053	42.36
8.054	42.36
8.054	42.35
8.054	42.35
8.055	42.35
8.056	42.34
8.056	42.34
8.057	42.34
8.057	42.33
8.057	42.33
8.058	42.33
8.059	42.32
8.059	42.32
8.059	42.32
8.06	42.31
8.061	42.31
8.061	42.31
8.061	42.3
8.062	42.3
8.062	42.3
8.063	42.29
8.064	42.29
8.064	42.29
8.064	42.28
8.065	42.28
8.066	42.28
8.066	42.27
8.066	42.27
8.067	42.27
8.068	42.26
8.068	42.26
8.068	42.26
8.069	42.25
8.069	42.25
8.07	42.25
8.071	42.24
8.071	42.24
8.071	42.24
8.072	42.23
8.073	42.23
8.073	42.23
8.073	42.22
8.074	42.22
8.075	42.22
8.075	42.21
8.075	42.21
8.076	42.21
8.076	42.2
8.077	42.2
8.078	42.2
8.078	42.19
8.078	42.19
8.079	42.19
8.08	42.18
8.08	42.18
8.08	42.18
8.081	42.17
8.082	42.17
8.082	42.17
8.083	42.16
8.083	42.16
8.083	42.16
8.084	42.15
8.085	42.15
8.085	42.15
8.085	42.15
8.086	42.14
8.087	42.14
8.087	42.14
8.087	42.13
8.088	42.13
8.089	42.13
8.089	42.12
8.09	42.12
8.09	42.12
8.09	42.11
8.091	42.11
8.092	42.11
8.092	42.1
8.092	42.1
8.093	42.1
8.094	42.09
8.094	42.09
8.094	42.09
8.095	42.08
8.095	42.08
8.096	42.08
8.097	42.07
8.097	42.07
8.097	42.07
8.098	42.06
8.099	42.06
8.099	42.06
8.099	42.05
8.1	42.05
8.101	42.05
8.101	42.04
8.101	42.04
8.102	42.04
8.102	42.03
8.103	42.03
8.104	42.03
8.104	42.02
8.104	42.02
8.105	42.02
8.106	42.01
8.106	42.01
8.106	42.01
8.107	42
8.108	42
8.108	42
8.108	41.99
8.109	41.99
8.109	41.99
8.11	41.98
8.111	41.98
8.111	41.98
8.111	41.97
8.112	41.97
8.113	41.97
8.113	41.96
8.113	41.96
8.114	41.96
8.115	41.95
8.115	41.95
8.116	41.95
8.116	41.95
8.116	41.94
8.117	41.94
8.118	41.94
8.118	41.93
8.118	41.93
8.119	41.93
8.12	41.92
8.12	41.92
8.12	41.92
8.121	41.91
8.122	41.91
8.122	41.91
8.123	41.9
8.123	41.9
8.123	41.9
8.124	41.89
8.125	41.89
8.125	41.89
8.125	41.88
8.126	41.88
8.127	41.88
8.127	41.87
8.127	41.87
8.128	41.87
8.128	41.86
8.129	41.86
8.13	41.86
8.13	41.85
8.13	41.85
8.131	41.85
8.132	41.84
8.132	41.84
8.132	41.84
8.133	41.83
8.134	41.83
8.134	41.83
8.134	41.83
8.135	41.82
8.135	41.82
8.136	41.82
8.137	41.81
8.137	41.81
8.137	41.81
8.138	41.8
8.139	41.8
8.139	41.8
8.139	41.79
8.14	41.79
8.141	41.79
8.141	41.78
8.142	41.78
8.142	41.78
8.142	41.77
8.143	41.77
8.144	41.77
8.144	41.76
8.144	41.76
8.145	41.76
8.146	41.75
8.146	41.75
8.146	41.75
8.147	41.74
8.148	41.74
8.148	41.74
8.149	41.74
8.149	41.73
8.149	41.73
8.15	41.73
8.151	41.72
8.151	41.72
8.151	41.72
8.152	41.71
8.153	41.71
8.153	41.71
8.153	41.7
8.154	41.7
8.155	41.7
8.155	41.69
8.156	41.69
8.156	41.69
8.156	41.68
8.157	41.68
8.158	41.68
8.158	41.67
8.158	41.67
8.159	41.67
8.16	41.66
8.16	41.66
8.16	41.66
8.161	41.66
8.161	41.65
8.162	41.65
8.163	41.65
8.163	41.64
8.163	41.64
8.164	41.64
8.165	41.63
8.165	41.63
8.165	41.63
8.166	41.62
8.167	41.62
8.167	41.62
8.167	41.61
8.168	41.61
8.168	41.61
8.169	41.6
8.17	41.6
8.17	41.6
8.17	41.59
8.171	41.59
8.172	41.59
8.172	41.59
8.172	41.58
8.173	41.58
8.174	41.58
8.174	41.57
8.175	41.57
8.175	41.57
8.175	41.56
8.176	41.56
8.177	41.56
8.177	41.55
8.177	41.55
8.178	41.55
8.179	41.54
8.179	41.54
8.179	41.54
8.18	41.53
8.181	41.53
8.181	41.53
8.182	41.52
8.182	41.52
8.182	41.52
8.183	41.52
8.184	41.51
8.184	41.51
8.184	41.51
8.185	41.5
8.186	41.5
8.186	41.5
8.186	41.49
8.187	41.49
8.188	41.49
8.188	41.48
8.189	41.48
8.189	41.48
8.189	41.47
8.19	41.47
8.191	41.47
8.191	41.46
8.191	41.46
8.192	41.46
8.193	41.46
8.193	41.45
8.193	41.45
8.194	41.45
8.194	41.44
8.195	41.44
8.196	41.44
8.196	41.43
8.196	41.43
8.197	41.43
8.198	41.42
8.198	41.42
8.198	41.42
8.199	41.41
8.2	41.41
8.2	41.41
8.2	41.41
8.201	41.4
8.201	41.4
8.202	41.4
8.203	41.39
8.203	41.39
8.203	41.39
8.204	41.38
8.205	41.38
8.205	41.38
8.205	41.37
8.206	41.37
8.207	41.37
8.207	41.36
8.208	41.36
8.208	41.36
8.208	41.36
8.209	41.35
8.21	41.35
8.21	41.35
8.21	41.34
8.211	41.34
8.212	41.34
8.212	41.33
8.212	41.33
8.213	41.33
8.214	41.32
8.214	41.32
8.215	41.32
8.215	41.31
8.215	41.31
8.216	41.31
8.217	41.31
8.217	41.3
8.217	41.3
8.218	41.3
8.219	41.29
8.219	41.29
8.219	41.29
8.22	41.28
8.22	41.28
8.221	41.28
8.222	41.27
8.222	41.27
8.222	41.27
8.223	41.26
8.224	41.26
8.224	41.26
8.224	41.26
8.225	41.25
8.226	41.25
8.226	41.25
8.226	41.24
8.227	41.24
8.227	41.24
8.228	41.23
8.229	41.23
8.229	41.23
8.229	41.22
8.23	41.22
8.231	41.22
8.231	41.22
8.231	41.21
8.232	41.21
8.233	41.21
8.233	41.2
8.233	41.2
8.234	41.2
8.234	41.19
8.235	41.19
8.236	41.19
8.236	41.18
8.236	41.18
8.237	41.18
8.238	41.18
8.238	41.17
8.238	41.17
8.239	41.17
8.24	41.16
8.24	41.16
8.241	41.16
8.241	41.15
8.241	41.15
8.242	41.15
8.243	41.14
8.243	41.14
8.243	41.14
8.244	41.14
8.245	41.13
8.245	41.13
8.245	41.13
8.246	41.12
8.247	41.12
8.247	41.12
8.248	41.11
8.248	41.11
8.248	41.11
8.249	41.1
8.25	41.1
8.25	41.1
8.25	41.1
8.251	41.09
8.252	41.09
8.252	41.09
8.252	41.08
8.253	41.08
8.253	41.08
8.254	41.07
8.255	41.07
8.255	41.07
8.255	41.06
8.256	41.06
8.257	41.06
8.257	41.06
8.257	41.05
8.258	41.05
8.259	41.05
8.259	41.04
8.259	41.04
8.26	41.04
8.26	41.03
8.261	41.03
8.262	41.03
8.262	41.02
8.262	41.02
8.263	41.02
8.264	41.02
8.264	41.01
8.264	41.01
8.265	41.01
8.266	41
8.266	41
8.267	41
8.267	40.99
8.267	40.99
8.268	40.99
8.269	40.99
8.269	40.98
8.269	40.98
8.27	40.98
8.271	40.97
8.271	40.97
8.271	40.97
8.272	40.96
8.273	40.96
8.273	40.96
8.274	40.95
8.274	40.95
8.274	40.95
8.275	40.95
8.276	40.94
8.276	40.94
8.276	40.94
8.277	40.93
8.278	40.93
8.278	40.93
8.278	40.92
8.279	40.92
8.28	40.92
8.28	40.92
8.281	40.91
8.281	40.91
8.281	40.91
8.282	40.9
8.283	40.9
8.283	40.9
8.283	40.89
8.284	40.89
8.285	40.89
8.285	40.88
8.285	40.88
8.286	40.88
8.286	40.88
8.287	40.87
8.288	40.87
8.288	40.87
8.288	40.86
8.289	40.86
8.29	40.86
8.29	40.85
8.29	40.85
8.291	40.85
8.292	40.85
8.292	40.84
8.292	40.84
8.293	40.84
8.293	40.83
8.294	40.83
8.295	40.83
8.295	40.82
8.295	40.82
8.296	40.82
8.297	40.82
8.297	40.81
8.297	40.81
8.298	40.81
8.299	40.8
8.299	40.8
8.3	40.8
8.3	40.79
8.3	40.79
8.301	40.79
8.302	40.79
8.302	40.78
8.302	40.78
8.303	40.78
8.304	40.77
8.304	40.77
8.304	40.77
8.305	40.76
8.306	40.76
8.306	40.76
8.307	40.76
8.307	40.75
8.307	40.75
8.308	40.75
8.309	40.74
8.309	40.74
8.309	40.74
8.31	40.73
8.311	40.73
8.311	40.73
8.311	40.73
8.312	40.72
8.312	40.72
8.313	40.72
8.314	40.71
8.314	40.71
8.314	40.71
8.315	40.7
8.316	40.7
8.316	40.7
8.316	40.7
8.317	40.69
8.318	40.69
8.318	40.69
8.318	40.68
8.319	40.68
8.319	40.68
8.32	40.67
8.321	40.67
8.321	40.67
8.321	40.67
8.322	40.66
8.323	40.66
8.323	40.66
8.323	40.65
8.324	40.65
8.325	40.65
8.325	40.65
8.325	40.64
8.326	40.64
8.326	40.64
8.327	40.63
8.328	40.63
8.328	40.63
8.328	40.62
8.329	40.62
8.33	40.62
8.33	40.62
8.33	40.61
8.331	40.61
8.332	40.61
8.332	40.6
8.333	40.6
8.333	40.6
8.333	40.59
8.334	40.59
8.335	40.59
8.335	40.59
8.335	40.58
8.336	40.58
8.337	40.58
8.337	40.57
8.337	40.57
8.338	40.57
8.339	40.57
8.339	40.56
8.34	40.56
8.34	40.56
8.34	40.55
8.341	40.55
8.342	40.55
8.342	40.54
8.342	40.54
8.343	40.54
8.344	40.54
8.344	40.53
8.344	40.53
8.345	40.53
8.345	40.52
8.346	40.52
8.347	40.52
8.347	40.52
8.347	40.51
8.348	40.51
8.349	40.51
8.349	40.5
8.349	40.5
8.35	40.5
8.351	40.49
8.351	40.49
8.351	40.49
8.352	40.49
8.352	40.48
8.353	40.48
8.354	40.48
8.354	40.47
8.354	40.47
8.355	40.47
8.356	40.47
8.356	40.46
8.356	40.46
8.357	40.46
8.358	40.45
8.358	40.45
8.358	40.45
8.359	40.44
8.359	40.44
8.36	40.44
8.361	40.44
8.361	40.43
8.361	40.43
8.362	40.43
8.363	40.42
8.363	40.42
8.363	40.42
8.364	40.42
8.365	40.41
8.365	40.41
8.366	40.41
8.366	40.4
8.366	40.4
8.367	40.4
8.368	40.4
8.368	40.39
8.368	40.39
8.369	40.39
8.37	40.38
8.37	40.38
8.37	40.38
8.371	40.37
8.372	40.37
8.372	40.37
8.373	40.37
8.373	40.36
8.373	40.36
8.374	40.36
8.375	40.35
8.375	40.35
8.375	40.35
8.376	40.35
8.377	40.34
8.377	40.34
8.377	40.34
8.378	40.33
8.378	40.33
8.379	40.33
8.38	40.33
8.38	40.32
8.38	40.32
8.381	40.32
8.382	40.31
8.382	40.31
8.382	40.31
8.383	40.31
8.384	40.3
8.384	40.3
8.384	40.3
8.385	40.29
8.385	40.29
8.386	40.29
8.387	40.28
8.387	40.28
8.387	40.28
8.388	40.28
8.389	40.27
8.389	40.27
8.389	40.27
8.39	40.26
8.391	40.26
8.391	40.26
8.392	40.26
8.392	40.25
8.392	40.25
8.393	40.25
8.394	40.24
8.394	40.24
8.394	40.24
8.395	40.24
8.396	40.23
8.396	40.23
8.396	40.23
8.397	40.22
8.398	40.22
8.398	40.22
8.399	40.22
8.399	40.21
8.399	40.21
8.4	40.21
8.401	40.2
8.401	40.2
8.401	40.2
8.402	40.2
8.403	40.19
8.403	40.19
8.403	40.19
8.404	40.18
8.405	40.18
8.405	40.18
8.406	40.18
8.406	40.17
8.406	40.17
8.407	40.17
8.408	40.16
8.408	40.16
8.408	40.16
8.409	40.16
8.41	40.15
8.41	40.15
8.41	40.15
8.411	40.14
8.411	40.14
8.412	40.14
8.413	40.14
8.413	40.13
8.413	40.13
8.414	40.13
8.415	40.12
8.415	40.12
8.415	40.12
8.416	40.12
8.417	40.11
8.417	40.11
8.417	40.11
8.418	40.1
8.418	40.1
8.419	40.1
8.42	40.1
8.42	40.09
8.42	40.09
8.421	40.09
8.422	40.08
8.422	40.08
8.422	40.08
8.423	40.08
8.424	40.07
8.424	40.07
8.425	40.07
8.425	40.06
8.425	40.06
8.426	40.06
8.427	40.06
8.427	40.05
8.427	40.05
8.428	40.05
8.429	40.04
8.429	40.04
8.429	40.04
8.43	40.04
8.431	40.03
8.431	40.03
8.432	40.03
8.432	40.02
8.432	40.02
8.433	40.02
8.434	40.02
8.434	40.01
8.434	40.01
8.435	40.01
8.436	40
8.436	40
8.436	40
8.437	40
8.438	39.99
8.438	39.99
8.439	39.99
8.439	39.98
8.439	39.98
8.44	39.98
8.441	39.98
8.441	39.97
8.441	39.97
8.442	39.97
8.443	39.96
8.443	39.96
8.443	39.96
8.444	39.96
8.444	39.95
8.445	39.95
8.446	39.95
8.446	39.95
8.446	39.94
8.447	39.94
8.448	39.94
8.448	39.93
8.448	39.93
8.449	39.93
8.45	39.93
8.45	39.92
8.45	39.92
8.451	39.92
8.451	39.91
8.452	39.91
8.453	39.91
8.453	39.91
8.453	39.9
8.454	39.9
8.455	39.9
8.455	39.89
8.455	39.89
8.456	39.89
8.457	39.89
8.457	39.88
8.458	39.88
8.458	39.88
8.458	39.87
8.459	39.87
8.46	39.87
8.46	39.87
8.46	39.86
8.461	39.86
8.462	39.86
8.462	39.86
8.462	39.85
8.463	39.85
8.464	39.85
8.464	39.84
8.465	39.84
8.465	39.84
8.465	39.84
8.466	39.83
8.467	39.83
8.467	39.83
8.467	39.82
8.468	39.82
8.469	39.82
8.469	39.82
8.469	39.81
8.47	39.81
8.47	39.81
8.471	39.81
8.472	39.8
8.472	39.8
8.472	39.8
8.473	39.79
8.474	39.79
8.474	39.79
8.474	39.79
8.475	39.78
8.476	39.78
8.476	39.78
8.476	39.77
8.477	39.77
8.477	39.77
8.478	39.77
8.479	39.76
8.479	39.76
8.479	39.76
8.48	39.76
8.481	39.75
8.481	39.75
8.481	39.75
8.482	39.74
8.483	39.74
8.483	39.74
8.483	39.74
8.484	39.73
8.484	39.73
8.485	39.73
8.486	39.72
8.486	39.72
8.486	39.72
8.487	39.72
8.488	39.71
8.488	39.71
8.488	39.71
8.489	39.71
8.49	39.7
8.49	39.7
8.491	39.7
8.491	39.69
8.491	39.69
8.492	39.69
8.493	39.69
8.493	39.68
8.493	39.68
8.494	39.68
8.495	39.67
8.495	39.67
8.495	39.67
8.496	39.67
8.497	39.66
8.497	39.66
8.498	39.66
8.498	39.66
8.498	39.65
8.499	39.65
8.5	39.65
8.5	39.64
8.5	39.64
8.501	39.64
8.502	39.64
8.502	39.63
8.502	39.63
8.503	39.63
8.503	39.63
8.504	39.62
8.505	39.62
8.505	39.62
8.505	39.61
8.506	39.61
8.507	39.61
8.507	39.61
8.507	39.6
8.508	39.6
8.509	39.6
8.509	39.6
8.509	39.59
8.51	39.59
8.51	39.59
8.511	39.58
8.512	39.58
8.512	39.58
8.512	39.58
8.513	39.57
8.514	39.57
8.514	39.57
8.514	39.57
8.515	39.56
8.516	39.56
8.516	39.56
8.517	39.55
8.517	39.55
8.517	39.55
8.518	39.55
8.519	39.54
8.519	39.54
8.519	39.54
8.52	39.53
8.521	39.53
8.521	39.53
8.521	39.53
8.522	39.52
8.523	39.52
8.523	39.52
8.524	39.52
8.524	39.51
8.524	39.51
8.525	39.51
8.526	39.51
8.526	39.5
8.526	39.5
8.527	39.5
8.528	39.49
8.528	39.49
8.528	39.49
8.529	39.49
8.53	39.48
8.53	39.48
8.531	39.48
8.531	39.48
8.531	39.47
8.532	39.47
8.533	39.47
8.533	39.46
8.533	39.46
8.534	39.46
8.535	39.46
8.535	39.45
8.535	39.45
8.536	39.45
8.536	39.45
8.537	39.44
8.538	39.44
8.538	39.44
8.538	39.43
8.539	39.43
8.54	39.43
8.54	39.43
8.54	39.42
8.541	39.42
8.542	39.42
8.542	39.42
8.542	39.41
8.543	39.41
8.543	39.41
8.544	39.4
8.545	39.4
8.545	39.4
8.545	39.4
8.546	39.39
8.547	39.39
8.547	39.39
8.547	39.39
8.548	39.38
8.549	39.38
8.549	39.38
8.55	39.38
8.55	39.37
8.55	39.37
8.551	39.37
8.552	39.36
8.552	39.36
8.552	39.36
8.553	39.36
8.554	39.35
8.554	39.35
8.554	39.35
8.555	39.35
8.556	39.34
8.556	39.34
8.557	39.34
8.557	39.33
8.557	39.33
8.558	39.33
8.559	39.33
8.559	39.32
8.559	39.32
8.56	39.32
8.561	39.32
8.561	39.31
8.561	39.31
8.562	39.31
8.562	39.31
8.563	39.3
8.564	39.3
8.564	39.3
8.564	39.29
8.565	39.29
8.566	39.29
8.566	39.29
8.566	39.28
8.567	39.28
8.568	39.28
8.568	39.28
8.568	39.27
8.569	39.27
8.569	39.27
8.57	39.27
8.571	39.26
8.571	39.26
8.571	39.26
8.572	39.25
8.573	39.25
8.573	39.25
8.573	39.25
8.574	39.24
8.575	39.24
8.575	39.24
8.575	39.24
8.576	39.23
8.576	39.23
8.577	39.23
8.578	39.23
8.578	39.22
8.578	39.22
8.579	39.22
8.58	39.21
8.58	39.21
8.58	39.21
8.581	39.21
8.582	39.2
8.582	39.2
8.583	39.2
8.583	39.2
8.583	39.19
8.584	39.19
8.585	39.19
8.585	39.19
8.585	39.18
8.586	39.18
8.587	39.18
8.587	39.17
8.587	39.17
8.588	39.17
8.589	39.17
8.589	39.16
8.59	39.16
8.59	39.16
8.59	39.16
8.591	39.15
8.592	39.15
8.592	39.15
8.592	39.15
8.593	39.14
8.594	39.14
8.594	39.14
8.594	39.14
8.595	39.13
8.595	39.13
8.596	39.13
8.597	39.12
8.597	39.12
8.597	39.12
8.598	39.12
8.599	39.11
8.599	39.11
8.599	39.11
8.6	39.11
8.601	39.1
8.601	39.1
8.601	39.1
8.602	39.1
8.602	39.09
8.603	39.09
8.604	39.09
8.604	39.09
8.604	39.08
8.605	39.08
8.606	39.08
8.606	39.07
8.606	39.07
8.607	39.07
8.608	39.07
8.608	39.06
8.608	39.06
8.609	39.06
8.609	39.06
8.61	39.05
8.611	39.05
8.611	39.05
8.611	39.05
8.612	39.04
8.613	39.04
8.613	39.04
8.613	39.04
8.614	39.03
8.615	39.03
8.615	39.03
8.616	39.02
8.616	39.02
8.616	39.02
8.617	39.02
8.618	39.01
8.618	39.01
8.618	39.01
8.619	39.01
8.62	39
8.62	39
8.62	39
8.621	39
8.622	38.99
8.622	38.99
8.623	38.99
8.623	38.99
8.623	38.98
8.624	38.98
8.625	38.98
8.625	38.98
8.625	38.97
8.626	38.97
8.627	38.97
8.627	38.96
8.627	38.96
8.628	38.96
8.628	38.96
8.629	38.95
8.63	38.95
8.63	38.95
8.63	38.95
8.631	38.94
8.632	38.94
8.632	38.94
8.632	38.94
8.633	38.93
8.634	38.93
8.634	38.93
8.634	38.93
8.635	38.92
8.635	38.92
8.636	38.92
8.637	38.92
8.637	38.91
8.637	38.91
8.638	38.91
8.639	38.91
8.639	38.9
8.639	38.9
8.64	38.9
8.641	38.89
8.641	38.89
8.642	38.89
8.642	38.89
8.642	38.88
8.643	38.88
8.644	38.88
8.644	38.88
8.644	38.87
8.645	38.87
8.646	38.87
8.646	38.87
8.646	38.86
8.647	38.86
8.648	38.86
8.648	38.86
8.649	38.85
8.649	38.85
8.649	38.85
8.65	38.85
8.651	38.84
8.651	38.84
8.651	38.84
8.652	38.84
8.653	38.83
8.653	38.83
8.653	38.83
8.654	38.83
8.655	38.82
8.655	38.82
8.656	38.82
8.656	38.81
8.656	38.81
8.657	38.81
8.658	38.81
8.658	38.8
8.658	38.8
8.659	38.8
8.66	38.8
8.66	38.79
8.66	38.79
8.661	38.79
8.661	38.79
8.662	38.78
8.663	38.78
8.663	38.78
8.663	38.78
8.664	38.77
8.665	38.77
8.665	38.77
8.665	38.77
8.666	38.76
8.667	38.76
8.667	38.76
8.667	38.76
8.668	38.75
8.668	38.75
8.669	38.75
8.67	38.75
8.67	38.74
8.67	38.74
8.671	38.74
8.672	38.74
8.672	38.73
8.672	38.73
8.673	38.73
8.674	38.73
8.674	38.72
8.675	38.72
8.675	38.72
8.675	38.71
8.676	38.71
8.677	38.71
8.677	38.71
8.677	38.7
8.678	38.7
8.679	38.7
8.679	38.7
8.679	38.69
8.68	38.69
8.681	38.69
8.681	38.69
8.682	38.68
8.682	38.68
8.682	38.68
8.683	38.68
8.684	38.67
8.684	38.67
8.684	38.67
8.685	38.67
8.686	38.66
8.686	38.66
8.686	38.66
8.687	38.66
8.688	38.65
8.688	38.65
8.689	38.65
8.689	38.65
8.689	38.64
8.69	38.64
8.691	38.64
8.691	38.64
8.691	38.63
8.692	38.63
8.693	38.63
8.693	38.63
8.693	38.62
8.694	38.62
8.694	38.62
8.695	38.62
8.696	38.61
8.696	38.61
8.696	38.61
8.697	38.61
8.698	38.6
8.698	38.6
8.698	38.6
8.699	38.6
8.7	38.59
8.7	38.59
8.7	38.59
8.701	38.59
8.701	38.58
8.702	38.58
8.703	38.58
8.703	38.58
8.703	38.57
8.704	38.57
8.705	38.57
8.705	38.57
8.705	38.56
8.706	38.56
8.707	38.56
8.707	38.56
8.708	38.55
8.708	38.55
8.708	38.55
8.709	38.55
8.71	38.54
8.71	38.54
8.71	38.54
8.711	38.54
8.712	38.53
8.712	38.53
8.712	38.53
8.713	38.53
8.714	38.52
8.714	38.52
8.715	38.52
8.715	38.52
8.715	38.51
8.716	38.51
8.717	38.51
8.717	38.51
8.717	38.5
8.718	38.5
8.719	38.5
8.719	38.5
8.719	38.49
8.72	38.49
8.72	38.49
8.721	38.49
8.722	38.48
8.722	38.48
8.722	38.48
8.723	38.48
8.724	38.47
8.724	38.47
8.724	38.47
8.725	38.47
8.726	38.46
8.726	38.46
8.726	38.46
8.727	38.46
8.727	38.45
8.728	38.45
8.729	38.45
8.729	38.45
8.729	38.44
8.73	38.44
8.731	38.44
8.731	38.44
8.731	38.43
8.732	38.43
8.733	38.43
8.733	38.43
8.733	38.42
8.734	38.42
8.734	38.42
8.735	38.42
8.736	38.41
8.736	38.41
8.736	38.41
8.737	38.41
8.738	38.4
8.738	38.4
8.738	38.4
8.739	38.4
8.74	38.39
8.74	38.39
8.741	38.39
8.741	38.39
8.741	38.38
8.742	38.38
8.743	38.38
8.743	38.38
8.743	38.37
8.744	38.37
8.745	38.37
8.745	38.37
8.745	38.36
8.746	38.36
8.747	38.36
8.747	38.36
8.748	38.35
8.748	38.35
8.748	38.35
8.749	38.35
8.75	38.34
8.75	38.34
8.75	38.34
8.751	38.34
8.752	38.33
8.752	38.33
8.752	38.33
8.753	38.33
8.753	38.32
8.754	38.32
8.755	38.32
8.755	38.32
8.755	38.31
8.756	38.31
8.757	38.31
8.757	38.31
8.757	38.3
8.758	38.3
8.759	38.3
8.759	38.3
8.759	38.29
8.76	38.29
8.76	38.29
8.761	38.29
8.762	38.28
8.762	38.28
8.762	38.28
8.763	38.28
8.764	38.27
8.764	38.27
8.764	38.27
8.765	38.27
8.766	38.27
8.766	38.26
8.767	38.26
8.767	38.26
8.767	38.26
8.768	38.25
8.769	38.25
8.769	38.25
8.769	38.25
8.77	38.24
8.771	38.24
8.771	38.24
8.771	38.24
8.772	38.23
8.773	38.23
8.773	38.23
8.774	38.23
8.774	38.22
8.774	38.22
8.775	38.22
8.776	38.22
8.776	38.21
8.776	38.21
8.777	38.21
8.778	38.21
8.778	38.2
8.778	38.2
8.779	38.2
8.78	38.2
8.78	38.19
8.781	38.19
8.781	38.19
8.781	38.19
8.782	38.18
8.783	38.18
8.783	38.18
8.783	38.18
8.784	38.17
8.785	38.17
8.785	38.17
8.785	38.17
8.786	38.17
8.786	38.16
8.787	38.16
8.788	38.16
8.788	38.16
8.788	38.15
8.789	38.15
8.79	38.15
8.79	38.15
8.79	38.14
8.791	38.14
8.792	38.14
8.792	38.14
8.792	38.13
8.793	38.13
8.793	38.13
8.794	38.13
8.795	38.12
8.795	38.12
8.795	38.12
8.796	38.12
8.797	38.11
8.797	38.11
8.797	38.11
8.798	38.11
8.799	38.1
8.799	38.1
8.8	38.1
8.8	38.1
8.8	38.09
8.801	38.09
8.802	38.09
8.802	38.09
8.802	38.09
8.803	38.08
8.804	38.08
8.804	38.08
8.804	38.08
8.805	38.07
8.806	38.07
8.806	38.07
8.807	38.07
8.807	38.06
8.807	38.06
8.808	38.06
8.809	38.06
8.809	38.05
8.809	38.05
8.81	38.05
8.811	38.05
8.811	38.04
8.811	38.04
8.812	38.04
8.812	38.04
8.813	38.03
8.814	38.03
8.814	38.03
8.814	38.03
8.815	38.03
8.816	38.02
8.816	38.02
8.816	38.02
8.817	38.02
8.818	38.01
8.818	38.01
8.818	38.01
8.819	38.01
8.819	38
8.82	38
8.821	38
8.821	38
8.821	37.99
8.822	37.99
8.823	37.99
8.823	37.99
8.823	37.98
8.824	37.98
8.825	37.98
8.825	37.98
8.825	37.97
8.826	37.97
8.826	37.97
8.827	37.97
8.828	37.97
8.828	37.96
8.828	37.96
8.829	37.96
8.83	37.96
8.83	37.95
8.83	37.95
8.831	37.95
8.832	37.95
8.832	37.94
8.833	37.94
8.833	37.94
8.833	37.94
8.834	37.93
8.835	37.93
8.835	37.93
8.835	37.93
8.836	37.92
8.837	37.92
8.837	37.92
8.837	37.92
8.838	37.92
8.839	37.91
8.839	37.91
8.84	37.91
8.84	37.91
8.84	37.9
8.841	37.9
8.842	37.9
8.842	37.9
8.842	37.89
8.843	37.89
8.844	37.89
8.844	37.89
8.844	37.88
8.845	37.88
8.845	37.88
8.846	37.88
8.847	37.88
8.847	37.87
8.847	37.87
8.848	37.87
8.849	37.87
8.849	37.86
8.849	37.86
8.85	37.86
8.851	37.86
8.851	37.85
8.851	37.85
8.852	37.85
8.852	37.85
8.853	37.84
8.854	37.84
8.854	37.84
8.854	37.84
8.855	37.84
8.856	37.83
8.856	37.83
8.856	37.83
8.857	37.83
8.858	37.82
8.858	37.82
8.858	37.82
8.859	37.82
8.859	37.81
8.86	37.81
8.861	37.81
8.861	37.81
8.861	37.8
8.862	37.8
8.863	37.8
8.863	37.8
8.863	37.8
8.864	37.79
8.865	37.79
8.865	37.79
8.866	37.79
8.866	37.78
8.866	37.78
8.867	37.78
8.868	37.78
8.868	37.77
8.868	37.77
8.869	37.77
8.87	37.77
8.87	37.76
8.87	37.76
8.871	37.76
8.872	37.76
8.872	37.76
8.873	37.75
8.873	37.75
8.873	37.75
8.874	37.75
8.875	37.74
8.875	37.74
8.875	37.74
8.876	37.74
8.877	37.73
8.877	37.73
8.877	37.73
8.878	37.73
8.878	37.72
8.879	37.72
8.88	37.72
8.88	37.72
8.88	37.72
8.881	37.71
8.882	37.71
8.882	37.71
8.882	37.71
8.883	37.7
8.884	37.7
8.884	37.7
8.884	37.7
8.885	37.69
8.885	37.69
8.886	37.69
8.887	37.69
8.887	37.69
8.887	37.68
8.888	37.68
8.889	37.68
8.889	37.68
8.889	37.67
8.89	37.67
8.891	37.67
8.891	37.67
8.892	37.66
8.892	37.66
8.892	37.66
8.893	37.66
8.894	37.66
8.894	37.65
8.894	37.65
8.895	37.65
8.896	37.65
8.896	37.64
8.896	37.64
8.897	37.64
8.898	37.64
8.898	37.63
8.899	37.63
8.899	37.63
8.899	37.63
8.9	37.63
8.901	37.62
8.901	37.62
8.901	37.62
8.902	37.62
8.903	37.61
8.903	37.61
8.903	37.61
8.904	37.61
8.905	37.6
8.905	37.6
8.906	37.6
8.906	37.6
8.906	37.6
8.907	37.59
8.908	37.59
8.908	37.59
8.908	37.59
8.909	37.58
8.91	37.58
8.91	37.58
8.91	37.58
8.911	37.57
8.911	37.57
8.912	37.57
8.913	37.57
8.913	37.57
8.913	37.56
8.914	37.56
8.915	37.56
8.915	37.56
8.915	37.55
8.916	37.55
8.917	37.55
8.917	37.55
8.917	37.54
8.918	37.54
8.918	37.54
8.919	37.54
8.92	37.54
8.92	37.53
8.92	37.53
8.921	37.53
8.922	37.53
8.922	37.52
8.922	37.52
8.923	37.52
8.924	37.52
8.924	37.51
8.925	37.51
8.925	37.51
8.925	37.51
8.926	37.51
8.927	37.5
8.927	37.5
8.927	37.5
8.928	37.5
8.929	37.49
8.929	37.49
8.929	37.49
8.93	37.49
8.931	37.49
8.931	37.48
8.932	37.48
8.932	37.48
8.932	37.48
8.933	37.47
8.934	37.47
8.934	37.47
8.934	37.47
8.935	37.46
8.936	37.46
8.936	37.46
8.936	37.46
8.937	37.46
8.938	37.45
8.938	37.45
8.939	37.45
8.939	37.45
8.939	37.44
8.94	37.44
8.941	37.44
8.941	37.44
8.941	37.44
8.942	37.43
8.943	37.43
8.943	37.43
8.943	37.43
8.944	37.42
8.944	37.42
8.945	37.42
8.946	37.42
8.946	37.41
8.946	37.41
8.947	37.41
8.948	37.41
8.948	37.41
8.948	37.4
8.949	37.4
8.95	37.4
8.95	37.4
8.95	37.39
8.951	37.39
8.951	37.39
8.952	37.39
8.953	37.39
8.953	37.38
8.953	37.38
8.954	37.38
8.955	37.38
8.955	37.37
8.955	37.37
8.956	37.37
8.957	37.37
8.957	37.36
8.958	37.36
8.958	37.36
8.958	37.36
8.959	37.36
8.96	37.35
8.96	37.35
8.96	37.35
8.961	37.35
8.962	37.34
8.962	37.34
8.962	37.34
8.963	37.34
8.964	37.34
8.964	37.33
8.965	37.33
8.965	37.33
8.965	37.33
8.966	37.32
8.967	37.32
8.967	37.32
8.967	37.32
8.968	37.32
8.969	37.31
8.969	37.31
8.969	37.31
8.97	37.31
8.97	37.3
8.971	37.3
8.972	37.3
8.972	37.3
8.972	37.3
8.973	37.29
8.974	37.29
8.974	37.29
8.974	37.29
8.975	37.28
8.976	37.28
8.976	37.28
8.976	37.28
8.977	37.28
8.977	37.27
8.978	37.27
8.979	37.27
8.979	37.27
8.979	37.26
8.98	37.26
8.981	37.26
8.981	37.26
8.981	37.26
8.982	37.25
8.983	37.25
8.983	37.25
8.983	37.25
8.984	37.24
8.984	37.24
8.985	37.24
8.986	37.24
8.986	37.24
8.986	37.23
8.987	37.23
8.988	37.23
8.988	37.23
8.988	37.22
8.989	37.22
8.99	37.22
8.99	37.22
8.991	37.22
8.991	37.21
8.991	37.21
8.992	37.21
8.993	37.21
8.993	37.2
8.993	37.2
8.994	37.2
8.995	37.2
8.995	37.2
8.995	37.19
8.996	37.19
8.997	37.19
8.997	37.19
8.998	37.18
8.998	37.18
8.998	37.18
8.999	37.18
9	37.18
9	37.17
9	37.17
9.001	37.17
9.002	37.17
9.002	37.16
9.002	37.16
9.003	37.16
9.003	37.16
9.004	37.16
9.005	37.15
9.005	37.15
9.005	37.15
9.006	37.15
9.007	37.14
9.007	37.14
9.007	37.14
9.008	37.14
9.009	37.14
9.009	37.13
9.009	37.13
9.01	37.13
9.01	37.13
9.011	37.12
9.012	37.12
9.012	37.12
9.012	37.12
9.013	37.12
9.014	37.11
9.014	37.11
9.014	37.11
9.015	37.11
9.016	37.1
9.016	37.1
9.017	37.1
9.017	37.1
9.017	37.1
9.018	37.09
9.019	37.09
9.019	37.09
9.019	37.09
9.02	37.08
9.021	37.08
9.021	37.08
9.021	37.08
9.022	37.08
9.023	37.07
9.023	37.07
9.024	37.07
9.024	37.07
9.024	37.07
9.025	37.06
9.026	37.06
9.026	37.06
9.026	37.06
9.027	37.05
9.028	37.05
9.028	37.05
9.028	37.05
9.029	37.05
9.03	37.04
9.03	37.04
9.031	37.04
9.031	37.04
9.031	37.03
9.032	37.03
9.033	37.03
9.033	37.03
9.033	37.03
9.034	37.02
9.035	37.02
9.035	37.02
9.035	37.02
9.036	37.01
9.036	37.01
9.037	37.01
9.038	37.01
9.038	37.01
9.038	37
9.039	37
9.04	37
9.04	37
9.04	37
9.041	36.99
9.042	36.99
9.042	36.99
9.042	36.99
9.043	36.98
9.043	36.98
9.044	36.98
9.045	36.98
9.045	36.98
9.045	36.97
9.046	36.97
9.047	36.97
9.047	36.97
9.047	36.97
9.048	36.96
9.049	36.96
9.049	36.96
9.05	36.96
9.05	36.95
9.05	36.95
9.051	36.95
9.052	36.95
9.052	36.95
9.052	36.94
9.053	36.94
9.054	36.94
9.054	36.94
9.054	36.93
9.055	36.93
9.056	36.93
9.056	36.93
9.057	36.93
9.057	36.92
9.057	36.92
9.058	36.92
9.059	36.92
9.059	36.92
9.059	36.91
9.06	36.91
9.061	36.91
9.061	36.91
9.061	36.9
9.062	36.9
9.062	36.9
9.063	36.9
9.064	36.9
9.064	36.89
9.064	36.89
9.065	36.89
9.066	36.89
9.066	36.89
9.066	36.88
9.067	36.88
9.068	36.88
9.068	36.88
9.068	36.87
9.069	36.87
9.069	36.87
9.07	36.87
9.071	36.87
9.071	36.86
9.071	36.86
9.072	36.86
9.073	36.86
9.073	36.86
9.073	36.85
9.074	36.85
9.075	36.85
9.075	36.85
9.075	36.84
9.076	36.84
9.076	36.84
9.077	36.84
9.078	36.84
9.078	36.83
9.078	36.83
9.079	36.83
9.08	36.83
9.08	36.83
9.08	36.82
9.081	36.82
9.082	36.82
9.082	36.82
9.083	36.81
9.083	36.81
9.083	36.81
9.084	36.81
9.085	36.81
9.085	36.8
9.085	36.8
9.086	36.8
9.087	36.8
9.087	36.8
9.087	36.79
9.088	36.79
9.089	36.79
9.089	36.79
9.09	36.78
9.09	36.78
9.09	36.78
9.091	36.78
9.092	36.78
9.092	36.77
9.092	36.77
9.093	36.77
9.094	36.77
9.094	36.77
9.094	36.76
9.095	36.76
9.095	36.76
9.096	36.76
9.097	36.75
9.097	36.75
9.097	36.75
9.098	36.75
9.099	36.75
9.099	36.74
9.099	36.74
9.1	36.74
9.101	36.74
9.101	36.74
9.101	36.73
9.102	36.73
9.102	36.73
9.103	36.73
9.104	36.73
9.104	36.72
9.104	36.72
9.105	36.72
9.106	36.72
9.106	36.71
9.106	36.71
9.107	36.71
9.108	36.71
9.108	36.71
9.108	36.7
9.109	36.7
9.109	36.7
9.11	36.7
9.111	36.7
9.111	36.69
9.111	36.69
9.112	36.69
9.113	36.69
9.113	36.69
9.113	36.68
9.114	36.68
9.115	36.68
9.115	36.68
9.116	36.67
9.116	36.67
9.116	36.67
9.117	36.67
9.118	36.67
9.118	36.66
9.118	36.66
9.119	36.66
9.12	36.66
9.12	36.66
9.12	36.65
9.121	36.65
9.122	36.65
9.122	36.65
9.123	36.65
9.123	36.64
9.123	36.64
9.124	36.64
9.125	36.64
9.125	36.63
9.125	36.63
9.126	36.63
9.127	36.63
9.127	36.63
9.127	36.62
9.128	36.62
9.128	36.62
9.129	36.62
9.13	36.62
9.13	36.61
9.13	36.61
9.131	36.61
9.132	36.61
9.132	36.61
9.132	36.6
9.133	36.6
9.134	36.6
9.134	36.6
9.134	36.6
9.135	36.59
9.135	36.59
9.136	36.59
9.137	36.59
9.137	36.58
9.137	36.58
9.138	36.58
9.139	36.58
9.139	36.58
9.139	36.57
9.14	36.57
9.141	36.57
9.141	36.57
9.142	36.57
9.142	36.56
9.142	36.56
9.143	36.56
9.144	36.56
9.144	36.56
9.144	36.55
9.145	36.55
9.146	36.55
9.146	36.55
9.146	36.55
9.147	36.54
9.148	36.54
9.148	36.54
9.149	36.54
9.149	36.53
9.149	36.53
9.15	36.53
9.151	36.53
9.151	36.53
9.151	36.52
9.152	36.52
9.153	36.52
9.153	36.52
9.153	36.52
9.154	36.51
9.155	36.51
9.155	36.51
9.156	36.51
9.156	36.51
9.156	36.5
9.157	36.5
9.158	36.5
9.158	36.5
9.158	36.5
9.159	36.49
9.16	36.49
9.16	36.49
9.16	36.49
9.161	36.49
9.161	36.48
9.162	36.48
9.163	36.48
9.163	36.48
9.163	36.47
9.164	36.47
9.165	36.47
9.165	36.47
9.165	36.47
9.166	36.46
9.167	36.46
9.167	36.46
9.167	36.46
9.168	36.46
9.168	36.45
9.169	36.45
9.17	36.45
9.17	36.45
9.17	36.45
9.171	36.44
9.172	36.44
9.172	36.44
9.172	36.44
9.173	36.44
9.174	36.43
9.174	36.43
9.175	36.43
9.175	36.43
9.175	36.43
9.176	36.42
9.177	36.42
9.177	36.42
9.177	36.42
9.178	36.42
9.179	36.41
9.179	36.41
9.179	36.41
9.18	36.41
9.181	36.41
9.181	36.4
9.182	36.4
9.182	36.4
9.182	36.4
9.183	36.39
9.184	36.39
9.184	36.39
9.184	36.39
9.185	36.39
9.186	36.38
9.186	36.38
9.186	36.38
9.187	36.38
9.188	36.38
9.188	36.37
9.189	36.37
9.189	36.37
9.189	36.37
9.19	36.37
9.191	36.36
9.191	36.36
9.191	36.36
9.192	36.36
9.193	36.36
9.193	36.35
9.193	36.35
9.194	36.35
9.194	36.35
9.195	36.35
9.196	36.34
9.196	36.34
9.196	36.34
9.197	36.34
9.198	36.34
9.198	36.33
9.198	36.33
9.199	36.33
9.2	36.33
9.2	36.33
9.2	36.32
9.201	36.32
9.201	36.32
9.202	36.32
9.203	36.32
9.203	36.31
9.203	36.31
9.204	36.31
9.205	36.31
9.205	36.31
9.205	36.3
9.206	36.3
9.207	36.3
9.207	36.3
9.208	36.3
9.208	36.29
9.208	36.29
9.209	36.29
9.21	36.29
9.21	36.29
9.21	36.28
9.211	36.28
9.212	36.28
9.212	36.28
9.212	36.28
9.213	36.27
9.214	36.27
9.214	36.27
9.215	36.27
9.215	36.27
9.215	36.26
9.216	36.26
9.217	36.26
9.217	36.26
9.217	36.26
9.218	36.25
9.219	36.25
9.219	36.25
9.219	36.25
9.22	36.25
9.22	36.24
9.221	36.24
9.222	36.24
9.222	36.24
9.222	36.23
9.223	36.23
9.224	36.23
9.224	36.23
9.224	36.23
9.225	36.22
9.226	36.22
9.226	36.22
9.226	36.22
9.227	36.22
9.227	36.21
9.228	36.21
9.229	36.21
9.229	36.21
9.229	36.21
9.23	36.2
9.231	36.2
9.231	36.2
9.231	36.2
9.232	36.2
9.233	36.19
9.233	36.19
9.233	36.19
9.234	36.19
9.234	36.19
9.235	36.18
9.236	36.18
9.236	36.18
9.236	36.18
9.237	36.18
9.238	36.17
9.238	36.17
9.238	36.17
9.239	36.17
9.24	36.17
9.24	36.17
9.241	36.16
9.241	36.16
9.241	36.16
9.242	36.16
9.243	36.16
9.243	36.15
9.243	36.15
9.244	36.15
9.245	36.15
9.245	36.15
9.245	36.14
9.246	36.14
9.247	36.14
9.247	36.14
9.248	36.14
9.248	36.13
9.248	36.13
9.249	36.13
9.25	36.13
9.25	36.13
9.25	36.12
9.251	36.12
9.252	36.12
9.252	36.12
9.252	36.12
9.253	36.11
9.253	36.11
9.254	36.11
9.255	36.11
9.255	36.11
9.255	36.1
9.256	36.1
9.257	36.1
9.257	36.1
9.257	36.1
9.258	36.09
9.259	36.09
9.259	36.09
9.259	36.09
9.26	36.09
9.26	36.08
9.261	36.08
9.262	36.08
9.262	36.08
9.262	36.08
9.263	36.07
9.264	36.07
9.264	36.07
9.264	36.07
9.265	36.07
9.266	36.06
9.266	36.06
9.267	36.06
9.267	36.06
9.267	36.06
9.268	36.05
9.269	36.05
9.269	36.05
9.269	36.05
9.27	36.05
9.271	36.04
9.271	36.04
9.271	36.04
9.272	36.04
9.273	36.04
9.273	36.03
9.274	36.03
9.274	36.03
9.274	36.03
9.275	36.03
9.276	36.02
9.276	36.02
9.276	36.02
9.277	36.02
9.278	36.02
9.278	36.01
9.278	36.01
9.279	36.01
9.28	36.01
9.28	36.01
9.281	36.01
9.281	36
9.281	36
9.282	36
9.283	36
9.283	36
9.283	35.99
9.284	35.99
9.285	35.99
9.285	35.99
9.285	35.99
9.286	35.98
9.286	35.98
9.287	35.98
9.288	35.98
9.288	35.98
9.288	35.97
9.289	35.97
9.29	35.97
9.29	35.97
9.29	35.97
9.291	35.96
9.292	35.96
9.292	35.96
9.292	35.96
9.293	35.96
9.293	35.95
9.294	35.95
9.295	35.95
9.295	35.95
9.295	35.95
9.296	35.94
9.297	35.94
9.297	35.94
9.297	35.94
9.298	35.94
9.299	35.93
9.299	35.93
9.3	35.93
9.3	35.93
9.3	35.93
9.301	35.93
9.302	35.92
9.302	35.92
9.302	35.92
9.303	35.92
9.304	35.92
9.304	35.91
9.304	35.91
9.305	35.91
9.306	35.91
9.306	35.91
9.307	35.9
9.307	35.9
9.307	35.9
9.308	35.9
9.309	35.9
9.309	35.89
9.309	35.89
9.31	35.89
9.311	35.89
9.311	35.89
9.311	35.88
9.312	35.88
9.312	35.88
9.313	35.88
9.314	35.88
9.314	35.87
9.314	35.87
9.315	35.87
9.316	35.87
9.316	35.87
9.316	35.87
9.317	35.86
9.318	35.86
9.318	35.86
9.318	35.86
9.319	35.86
9.319	35.85
9.32	35.85
9.321	35.85
9.321	35.85
9.321	35.85
9.322	35.84
9.323	35.84
9.323	35.84
9.323	35.84
9.324	35.84
9.325	35.83
9.325	35.83
9.325	35.83
9.326	35.83
9.326	35.83
9.327	35.82
9.328	35.82
9.328	35.82
9.328	35.82
9.329	35.82
9.33	35.82
9.33	35.81
9.33	35.81
9.331	35.81
9.332	35.81
9.332	35.81
9.333	35.8
9.333	35.8
9.333	35.8
9.334	35.8
9.335	35.8
9.335	35.79
9.335	35.79
9.336	35.79
9.337	35.79
9.337	35.79
9.337	35.78
9.338	35.78
9.339	35.78
9.339	35.78
9.34	35.78
9.34	35.78
9.34	35.77
9.341	35.77
9.342	35.77
9.342	35.77
9.342	35.77
9.343	35.76
9.344	35.76
9.344	35.76
9.344	35.76
9.345	35.76
9.345	35.75
9.346	35.75
9.347	35.75
9.347	35.75
9.347	35.75
9.348	35.74
9.349	35.74
9.349	35.74
9.349	35.74
9.35	35.74
9.351	35.74
9.351	35.73
9.351	35.73
9.352	35.73
9.352	35.73
9.353	35.73
9.354	35.72
9.354	35.72
9.354	35.72
9.355	35.72
9.356	35.72
9.356	35.71
9.356	35.71
9.357	35.71
9.358	35.71
9.358	35.71
9.358	35.7
9.359	35.7
9.359	35.7
9.36	35.7
9.361	35.7
9.361	35.7
9.361	35.69
9.362	35.69
9.363	35.69
9.363	35.69
9.363	35.69
9.364	35.68
9.365	35.68
9.365	35.68
9.366	35.68
9.366	35.68
9.366	35.67
9.367	35.67
9.368	35.67
9.368	35.67
9.368	35.67
9.369	35.67
9.37	35.66
9.37	35.66
9.37	35.66
9.371	35.66
9.372	35.66
9.372	35.65
9.373	35.65
9.373	35.65
9.373	35.65
9.374	35.65
9.375	35.64
9.375	35.64
9.375	35.64
9.376	35.64
9.377	35.64
9.377	35.64
9.377	35.63
9.378	35.63
9.378	35.63
9.379	35.63
9.38	35.63
9.38	35.62
9.38	35.62
9.381	35.62
9.382	35.62
9.382	35.62
9.382	35.61
9.383	35.61
9.384	35.61
9.384	35.61
9.384	35.61
9.385	35.61
9.385	35.6
9.386	35.6
9.387	35.6
9.387	35.6
9.387	35.6
9.388	35.59
9.389	35.59
9.389	35.59
9.389	35.59
9.39	35.59
9.391	35.58
9.391	35.58
9.392	35.58
9.392	35.58
9.392	35.58
9.393	35.58
9.394	35.57
9.394	35.57
9.394	35.57
9.395	35.57
9.396	35.57
9.396	35.56
9.396	35.56
9.397	35.56
9.398	35.56
9.398	35.56
9.399	35.55
9.399	35.55
9.399	35.55
9.4	35.55
9.401	35.55
9.401	35.55
9.401	35.54
9.402	35.54
9.403	35.54
9.403	35.54
9.403	35.54
9.404	35.53
9.405	35.53
9.405	35.53
9.406	35.53
9.406	35.53
9.406	35.53
9.407	35.52
9.408	35.52
9.408	35.52
9.408	35.52
9.409	35.52
9.41	35.51
9.41	35.51
9.41	35.51
9.411	35.51
9.411	35.51
9.412	35.5
9.413	35.5
9.413	35.5
9.413	35.5
9.414	35.5
9.415	35.5
9.415	35.49
9.415	35.49
9.416	35.49
9.417	35.49
9.417	35.49
9.417	35.48
9.418	35.48
9.418	35.48
9.419	35.48
9.42	35.48
9.42	35.48
9.42	35.47
9.421	35.47
9.422	35.47
9.422	35.47
9.422	35.47
9.423	35.46
9.424	35.46
9.424	35.46
9.425	35.46
9.425	35.46
9.425	35.46
9.426	35.45
9.427	35.45
9.427	35.45
9.427	35.45
9.428	35.45
9.429	35.44
9.429	35.44
9.429	35.44
9.43	35.44
9.431	35.44
9.431	35.43
9.432	35.43
9.432	35.43
9.432	35.43
9.433	35.43
9.434	35.43
9.434	35.42
9.434	35.42
9.435	35.42
9.436	35.42
9.436	35.42
9.436	35.41
9.437	35.41
9.438	35.41
9.438	35.41
9.439	35.41
9.439	35.41
9.439	35.4
9.44	35.4
9.441	35.4
9.441	35.4
9.441	35.4
9.442	35.39
9.443	35.39
9.443	35.39
9.443	35.39
9.444	35.39
9.444	35.39
9.445	35.38
9.446	35.38
9.446	35.38
9.446	35.38
9.447	35.38
9.448	35.37
9.448	35.37
9.448	35.37
9.449	35.37
9.45	35.37
9.45	35.37
9.45	35.36
9.451	35.36
9.451	35.36
9.452	35.36
9.453	35.36
9.453	35.35
9.453	35.35
9.454	35.35
9.455	35.35
9.455	35.35
9.455	35.35
9.456	35.34
9.457	35.34
9.457	35.34
9.458	35.34
9.458	35.34
9.458	35.33
9.459	35.33
9.46	35.33
9.46	35.33
9.46	35.33
9.461	35.33
9.462	35.32
9.462	35.32
9.462	35.32
9.463	35.32
9.464	35.32
9.464	35.31
9.465	35.31
9.465	35.31
9.465	35.31
9.466	35.31
9.467	35.31
9.467	35.3
9.467	35.3
9.468	35.3
9.469	35.3
9.469	35.3
9.469	35.29
9.47	35.29
9.47	35.29
9.471	35.29
9.472	35.29
9.472	35.29
9.472	35.28
9.473	35.28
9.474	35.28
9.474	35.28
9.474	35.28
9.475	35.28
9.476	35.27
9.476	35.27
9.476	35.27
9.477	35.27
9.477	35.27
9.478	35.26
9.479	35.26
9.479	35.26
9.479	35.26
9.48	35.26
9.481	35.26
9.481	35.25
9.481	35.25
9.482	35.25
9.483	35.25
9.483	35.25
9.483	35.24
9.484	35.24
9.484	35.24
9.485	35.24
9.486	35.24
9.486	35.24
9.486	35.23
9.487	35.23
9.488	35.23
9.488	35.23
9.488	35.23
9.489	35.22
9.49	35.22
9.49	35.22
9.491	35.22
9.491	35.22
9.491	35.22
9.492	35.21
9.493	35.21
9.493	35.21
9.493	35.21
9.494	35.21
9.495	35.21
9.495	35.2
9.495	35.2
9.496	35.2
9.497	35.2
9.497	35.2
9.498	35.19
9.498	35.19
9.498	35.19
9.499	35.19
9.5	35.19
9.5	35.19
9.5	35.18
9.501	35.18
9.502	35.18
9.502	35.18
9.502	35.18
9.503	35.18
9.503	35.17
9.504	35.17
9.505	35.17
9.505	35.17
9.505	35.17
9.506	35.16
9.507	35.16
9.507	35.16
9.507	35.16
9.508	35.16
9.509	35.16
9.509	35.15
9.509	35.15
9.51	35.15
9.51	35.15
9.511	35.15
9.512	35.14
9.512	35.14
9.512	35.14
9.513	35.14
9.514	35.14
9.514	35.14
9.514	35.13
9.515	35.13
9.516	35.13
9.516	35.13
9.517	35.13
9.517	35.13
9.517	35.12
9.518	35.12
9.519	35.12
9.519	35.12
9.519	35.12
9.52	35.11
9.521	35.11
9.521	35.11
9.521	35.11
9.522	35.11
9.523	35.11
9.523	35.1
9.524	35.1
9.524	35.1
9.524	35.1
9.525	35.1
9.526	35.1
9.526	35.09
9.526	35.09
9.527	35.09
9.528	35.09
9.528	35.09
9.528	35.08
9.529	35.08
9.53	35.08
9.53	35.08
9.531	35.08
9.531	35.08
9.531	35.07
9.532	35.07
9.533	35.07
9.533	35.07
9.533	35.07
9.534	35.07
9.535	35.06
9.535	35.06
9.535	35.06
9.536	35.06
9.536	35.06
9.537	35.06
9.538	35.05
9.538	35.05
9.538	35.05
9.539	35.05
9.54	35.05
9.54	35.04
9.54	35.04
9.541	35.04
9.542	35.04
9.542	35.04
9.542	35.04
9.543	35.03
9.543	35.03
9.544	35.03
9.545	35.03
9.545	35.03
9.545	35.03
9.546	35.02
9.547	35.02
9.547	35.02
9.547	35.02
9.548	35.02
9.549	35.02
9.549	35.01
9.55	35.01
9.55	35.01
9.55	35.01
9.551	35.01
9.552	35
9.552	35
9.552	35
9.553	35
9.554	35
9.554	35
9.554	34.99
9.555	34.99
9.556	34.99
9.556	34.99
9.557	34.99
9.557	34.99
9.557	34.98
9.558	34.98
9.559	34.98
9.559	34.98
9.559	34.98
9.56	34.98
9.561	34.97
9.561	34.97
9.561	34.97
9.562	34.97
9.562	34.97
9.563	34.96
9.564	34.96
9.564	34.96
9.564	34.96
9.565	34.96
9.566	34.96
9.566	34.95
9.566	34.95
9.567	34.95
9.568	34.95
9.568	34.95
9.568	34.95
9.569	34.94
9.569	34.94
9.57	34.94
9.571	34.94
9.571	34.94
9.571	34.94
9.572	34.93
9.573	34.93
9.573	34.93
9.573	34.93
9.574	34.93
9.575	34.92
9.575	34.92
9.575	34.92
9.576	34.92
9.576	34.92
9.577	34.92
9.578	34.91
9.578	34.91
9.578	34.91
9.579	34.91
9.58	34.91
9.58	34.91
9.58	34.9
9.581	34.9
9.582	34.9
9.582	34.9
9.583	34.9
9.583	34.9
9.583	34.89
9.584	34.89
9.585	34.89
9.585	34.89
9.585	34.89
9.586	34.89
9.587	34.88
9.587	34.88
9.587	34.88
9.588	34.88
9.589	34.88
9.589	34.88
9.59	34.87
9.59	34.87
9.59	34.87
9.591	34.87
9.592	34.87
9.592	34.86
9.592	34.86
9.593	34.86
9.594	34.86
9.594	34.86
9.594	34.86
9.595	34.85
9.595	34.85
9.596	34.85
9.597	34.85
9.597	34.85
9.597	34.85
9.598	34.84
9.599	34.84
9.599	34.84
9.599	34.84
9.6	34.84
9.601	34.84
9.601	34.83
9.601	34.83
9.602	34.83
9.602	34.83
9.603	34.83
9.604	34.83
9.604	34.82
9.604	34.82
9.605	34.82
9.606	34.82
9.606	34.82
9.606	34.82
9.607	34.81
9.608	34.81
9.608	34.81
9.608	34.81
9.609	34.81
9.609	34.81
9.61	34.8
9.611	34.8
9.611	34.8
9.611	34.8
9.612	34.8
9.613	34.8
9.613	34.79
9.613	34.79
9.614	34.79
9.615	34.79
9.615	34.79
9.616	34.79
9.616	34.78
9.616	34.78
9.617	34.78
9.618	34.78
9.618	34.78
9.618	34.77
9.619	34.77
9.62	34.77
9.62	34.77
9.62	34.77
9.621	34.77
9.622	34.76
9.622	34.76
9.623	34.76
9.623	34.76
9.623	34.76
9.624	34.76
9.625	34.75
9.625	34.75
9.625	34.75
9.626	34.75
9.627	34.75
9.627	34.75
9.627	34.74
9.628	34.74
9.628	34.74
9.629	34.74
9.63	34.74
9.63	34.74
9.63	34.73
9.631	34.73
9.632	34.73
9.632	34.73
9.632	34.73
9.633	34.73
9.634	34.72
9.634	34.72
9.634	34.72
9.635	34.72
9.635	34.72
9.636	34.72
9.637	34.71
9.637	34.71
9.637	34.71
9.638	34.71
9.639	34.71
9.639	34.71
9.639	34.7
9.64	34.7
9.641	34.7
9.641	34.7
9.642	34.7
9.642	34.7
9.642	34.69
9.643	34.69
9.644	34.69
9.644	34.69
9.644	34.69
9.645	34.69
9.646	34.68
9.646	34.68
9.646	34.68
9.647	34.68
9.648	34.68
9.648	34.68
9.649	34.67
9.649	34.67
9.649	34.67
9.65	34.67
9.651	34.67
9.651	34.67
9.651	34.66
9.652	34.66
9.653	34.66
9.653	34.66
9.653	34.66
9.654	34.66
9.655	34.65
9.655	34.65
9.656	34.65
9.656	34.65
9.656	34.65
9.657	34.65
9.658	34.64
9.658	34.64
9.658	34.64
9.659	34.64
9.66	34.64
9.66	34.64
9.66	34.63
9.661	34.63
9.661	34.63
9.662	34.63
9.663	34.63
9.663	34.63
9.663	34.62
9.664	34.62
9.665	34.62
9.665	34.62
9.665	34.62
9.666	34.62
9.667	34.61
9.667	34.61
9.667	34.61
9.668	34.61
9.668	34.61
9.669	34.61
9.67	34.6
9.67	34.6
9.67	34.6
9.671	34.6
9.672	34.6
9.672	34.6
9.672	34.59
9.673	34.59
9.674	34.59
9.674	34.59
9.675	34.59
9.675	34.59
9.675	34.58
9.676	34.58
9.677	34.58
9.677	34.58
9.677	34.58
9.678	34.58
9.679	34.57
9.679	34.57
9.679	34.57
9.68	34.57
9.681	34.57
9.681	34.57
9.682	34.57
9.682	34.56
9.682	34.56
9.683	34.56
9.684	34.56
9.684	34.56
9.684	34.56
9.685	34.55
9.686	34.55
9.686	34.55
9.686	34.55
9.687	34.55
9.688	34.55
9.688	34.54
9.689	34.54
9.689	34.54
9.689	34.54
9.69	34.54
9.691	34.54
9.691	34.53
9.691	34.53
9.692	34.53
9.693	34.53
9.693	34.53
9.693	34.53
9.694	34.52
9.694	34.52
9.695	34.52
9.696	34.52
9.696	34.52
9.696	34.52
9.697	34.51
9.698	34.51
9.698	34.51
9.698	34.51
9.699	34.51
9.7	34.51
9.7	34.5
9.7	34.5
9.701	34.5
9.701	34.5
9.702	34.5
9.703	34.5
9.703	34.49
9.703	34.49
9.704	34.49
9.705	34.49
9.705	34.49
9.705	34.49
9.706	34.48
9.707	34.48
9.707	34.48
9.708	34.48
9.708	34.48
9.708	34.48
9.709	34.48
9.71	34.47
9.71	34.47
9.71	34.47
9.711	34.47
9.712	34.47
9.712	34.47
9.712	34.46
9.713	34.46
9.714	34.46
9.714	34.46
9.715	34.46
9.715	34.46
9.715	34.45
9.716	34.45
9.717	34.45
9.717	34.45
9.717	34.45
9.718	34.45
9.719	34.44
9.719	34.44
9.719	34.44
9.72	34.44
9.72	34.44
9.721	34.44
9.722	34.43
9.722	34.43
9.722	34.43
9.723	34.43
9.724	34.43
9.724	34.43
9.724	34.42
9.725	34.42
9.726	34.42
9.726	34.42
9.726	34.42
9.727	34.42
9.727	34.42
9.728	34.41
9.729	34.41
9.729	34.41
9.729	34.41
9.73	34.41
9.731	34.41
9.731	34.4
9.731	34.4
9.732	34.4
9.733	34.4
9.733	34.4
9.733	34.4
9.734	34.39
9.734	34.39
9.735	34.39
9.736	34.39
9.736	34.39
9.736	34.39
9.737	34.38
9.738	34.38
9.738	34.38
9.738	34.38
9.739	34.38
9.74	34.38
9.74	34.38
9.741	34.37
9.741	34.37
9.741	34.37
9.742	34.37
9.743	34.37
9.743	34.37
9.743	34.36
9.744	34.36
9.745	34.36
9.745	34.36
9.745	34.36
9.746	34.36
9.747	34.35
9.747	34.35
9.748	34.35
9.748	34.35
9.748	34.35
9.749	34.35
9.75	34.34
9.75	34.34
9.75	34.34
9.751	34.34
9.752	34.34
9.752	34.34
9.752	34.34
9.753	34.33
9.753	34.33
9.754	34.33
9.755	34.33
9.755	34.33
9.755	34.33
9.756	34.32
9.757	34.32
9.757	34.32
9.757	34.32
9.758	34.32
9.759	34.32
9.759	34.31
9.759	34.31
9.76	34.31
9.76	34.31
9.761	34.31
9.762	34.31
9.762	34.31
9.762	34.3
9.763	34.3
9.764	34.3
9.764	34.3
9.764	34.3
9.765	34.3
9.766	34.29
9.766	34.29
9.767	34.29
9.767	34.29
9.767	34.29
9.768	34.29
9.769	34.28
9.769	34.28
9.769	34.28
9.77	34.28
9.771	34.28
9.771	34.28
9.771	34.27
9.772	34.27
9.773	34.27
9.773	34.27
9.774	34.27
9.774	34.27
9.774	34.27
9.775	34.26
9.776	34.26
9.776	34.26
9.776	34.26
9.777	34.26
9.778	34.26
9.778	34.25
9.778	34.25
9.779	34.25
9.78	34.25
9.78	34.25
9.781	34.25
9.781	34.24
9.781	34.24
9.782	34.24
9.783	34.24
9.783	34.24
9.783	34.24
9.784	34.24
9.785	34.23
9.785	34.23
9.785	34.23
9.786	34.23
9.786	34.23
9.787	34.23
9.788	34.22
9.788	34.22
9.788	34.22
9.789	34.22
9.79	34.22
9.79	34.22
9.79	34.22
9.791	34.21
9.792	34.21
9.792	34.21
9.792	34.21
9.793	34.21
9.793	34.21
9.794	34.2
9.795	34.2
9.795	34.2
9.795	34.2
9.796	34.2
9.797	34.2
9.797	34.19
9.797	34.19
9.798	34.19
9.799	34.19
9.799	34.19
9.8	34.19
9.8	34.19
9.8	34.18
9.801	34.18
9.802	34.18
9.802	34.18
9.802	34.18
9.803	34.18
9.804	34.17
9.804	34.17
9.804	34.17
9.805	34.17
9.806	34.17
9.806	34.17
9.807	34.17
9.807	34.16
9.807	34.16
9.808	34.16
9.809	34.16
9.809	34.16
9.809	34.16
9.81	34.15
9.811	34.15
9.811	34.15
9.811	34.15
9.812	34.15
9.812	34.15
9.813	34.14
9.814	34.14
9.814	34.14
9.814	34.14
9.815	34.14
9.816	34.14
9.816	34.14
9.816	34.13
9.817	34.13
9.818	34.13
9.818	34.13
9.818	34.13
9.819	34.13
9.819	34.12
9.82	34.12
9.821	34.12
9.821	34.12
9.821	34.12
9.822	34.12
9.823	34.12
9.823	34.11
9.823	34.11
9.824	34.11
9.825	34.11
9.825	34.11
9.825	34.11
9.826	34.1
9.826	34.1
9.827	34.1
9.828	34.1
9.828	34.1
9.828	34.1
9.829	34.1
9.83	34.09
9.83	34.09
9.83	34.09
9.831	34.09
9.832	34.09
9.832	34.09
9.833	34.08
9.833	34.08
9.833	34.08
9.834	34.08
9.835	34.08
9.835	34.08
9.835	34.08
9.836	34.07
9.837	34.07
9.837	34.07
9.837	34.07
9.838	34.07
9.839	34.07
9.839	34.06
9.84	34.06
9.84	34.06
9.84	34.06
9.841	34.06
9.842	34.06
9.842	34.06
9.842	34.05
9.843	34.05
9.844	34.05
9.844	34.05
9.844	34.05
9.845	34.05
9.845	34.04
9.846	34.04
9.847	34.04
9.847	34.04
9.847	34.04
9.848	34.04
9.849	34.04
9.849	34.03
9.849	34.03
9.85	34.03
9.851	34.03
9.851	34.03
9.851	34.03
9.852	34.02
9.852	34.02
9.853	34.02
9.854	34.02
9.854	34.02
9.854	34.02
9.855	34.02
9.856	34.01
9.856	34.01
9.856	34.01
9.857	34.01
9.858	34.01
9.858	34.01
9.858	34.01
9.859	34
9.859	34
9.86	34
9.861	34
9.861	34
9.861	34
9.862	33.99
9.863	33.99
9.863	33.99
9.863	33.99
9.864	33.99
9.865	33.99
9.865	33.99
9.866	33.98
9.866	33.98
9.866	33.98
9.867	33.98
9.868	33.98
9.868	33.98
9.868	33.97
9.869	33.97
9.87	33.97
9.87	33.97
9.87	33.97
9.871	33.97
9.872	33.97
9.872	33.96
9.873	33.96
9.873	33.96
9.873	33.96
9.874	33.96
9.875	33.96
9.875	33.96
9.875	33.95
9.876	33.95
9.877	33.95
9.877	33.95
9.877	33.95
9.878	33.95
9.878	33.94
9.879	33.94
9.88	33.94
9.88	33.94
9.88	33.94
9.881	33.94
9.882	33.94
9.882	33.93
9.882	33.93
9.883	33.93
9.884	33.93
9.884	33.93
9.884	33.93
9.885	33.92
9.885	33.92
9.886	33.92
9.887	33.92
9.887	33.92
9.887	33.92
9.888	33.92
9.889	33.91
9.889	33.91
9.889	33.91
9.89	33.91
9.891	33.91
9.891	33.91
9.892	33.91
9.892	33.9
9.892	33.9
9.893	33.9
9.894	33.9
9.894	33.9
9.894	33.9
9.895	33.89
9.896	33.89
9.896	33.89
9.896	33.89
9.897	33.89
9.898	33.89
9.898	33.89
9.899	33.88
9.899	33.88
9.899	33.88
9.9	33.88
9.901	33.88
9.901	33.88
9.901	33.88
9.902	33.87
9.903	33.87
9.903	33.87
9.903	33.87
9.904	33.87
9.905	33.87
9.905	33.87
9.906	33.86
9.906	33.86
9.906	33.86
9.907	33.86
9.908	33.86
9.908	33.86
9.908	33.85
9.909	33.85
9.91	33.85
9.91	33.85
9.91	33.85
9.911	33.85
9.911	33.85
9.912	33.84
9.913	33.84
9.913	33.84
9.913	33.84
9.914	33.84
9.915	33.84
9.915	33.84
9.915	33.83
9.916	33.83
9.917	33.83
9.917	33.83
9.917	33.83
9.918	33.83
9.918	33.82
9.919	33.82
9.92	33.82
9.92	33.82
9.92	33.82
9.921	33.82
9.922	33.82
9.922	33.81
9.922	33.81
9.923	33.81
9.924	33.81
9.924	33.81
9.925	33.81
9.925	33.81
9.925	33.8
9.926	33.8
9.927	33.8
9.927	33.8
9.927	33.8
9.928	33.8
9.929	33.8
9.929	33.79
9.929	33.79
9.93	33.79
9.931	33.79
9.931	33.79
9.932	33.79
9.932	33.78
9.932	33.78
9.933	33.78
9.934	33.78
9.934	33.78
9.934	33.78
9.935	33.78
9.936	33.77
9.936	33.77
9.936	33.77
9.937	33.77
9.938	33.77
9.938	33.77
9.939	33.77
9.939	33.76
9.939	33.76
9.94	33.76
9.941	33.76
9.941	33.76
9.941	33.76
9.942	33.76
9.943	33.75
9.943	33.75
9.943	33.75
9.944	33.75
9.944	33.75
9.945	33.75
9.946	33.75
9.946	33.74
9.946	33.74
9.947	33.74
9.948	33.74
9.948	33.74
9.948	33.74
9.949	33.74
9.95	33.73
9.95	33.73
9.95	33.73
9.951	33.73
9.951	33.73
9.952	33.73
9.953	33.72
9.953	33.72
9.953	33.72
9.954	33.72
9.955	33.72
9.955	33.72
9.955	33.72
9.956	33.71
9.957	33.71
9.957	33.71
9.958	33.71
9.958	33.71
9.958	33.71
9.959	33.71
9.96	33.7
9.96	33.7
9.96	33.7
9.961	33.7
9.962	33.7
9.962	33.7
9.962	33.7
9.963	33.69
9.964	33.69
9.964	33.69
9.965	33.69
9.965	33.69
9.965	33.69
9.966	33.69
9.967	33.68
9.967	33.68
9.967	33.68
9.968	33.68
9.969	33.68
9.969	33.68
9.969	33.68
9.97	33.67
9.97	33.67
9.971	33.67
9.972	33.67
9.972	33.67
9.972	33.67
9.973	33.67
9.974	33.66
9.974	33.66
9.974	33.66
9.975	33.66
9.976	33.66
9.976	33.66
9.976	33.66
9.977	33.65
9.977	33.65
9.978	33.65
9.979	33.65
9.979	33.65
9.979	33.65
9.98	33.65
9.981	33.64
9.981	33.64
9.981	33.64
9.982	33.64
9.983	33.64
9.983	33.64
9.983	33.63
9.984	33.63
9.984	33.63
9.985	33.63
9.986	33.63
9.986	33.63
9.986	33.63
9.987	33.62
9.988	33.62
9.988	33.62
9.988	33.62
9.989	33.62
9.99	33.62
9.99	33.62
9.991	33.61
9.991	33.61
9.991	33.61
9.992	33.61
9.993	33.61
9.993	33.61
9.993	33.61
9.994	33.6
9.995	33.6
9.995	33.6
9.995	33.6
9.996	33.6
9.997	33.6
9.997	33.6
9.998	33.59
9.998	33.59
9.998	33.59
9.999	33.59
10	33.59
10	33.59
10	33.59
10	33.58
10	33.58
10	33.58
10	33.58
10	33.58
10	33.58
10	33.58
10	33.57
10.01	33.57
10.01	33.57
10.01	33.57
10.01	33.57
10.01	33.57
10.01	33.57
10.01	33.56
10.01	33.56
10.01	33.56
10.01	33.56
10.01	33.56
10.01	33.56
10.01	33.56
10.01	33.55
10.01	33.55
10.01	33.55
10.01	33.55
10.01	33.55
10.01	33.55
10.01	33.55
10.02	33.54
10.02	33.54
10.02	33.54
10.02	33.54
10.02	33.54
10.02	33.54
10.02	33.54
10.02	33.53
10.02	33.53
10.02	33.53
10.02	33.53
10.02	33.53
10.02	33.53
10.02	33.53
10.02	33.52
10.02	33.52
10.02	33.52
10.02	33.52
10.02	33.52
10.02	33.52
10.02	33.52
10.03	33.51
10.03	33.51
10.03	33.51
10.03	33.51
10.03	33.51
10.03	33.51
10.03	33.51
10.03	33.51
10.03	33.5
10.03	33.5
10.03	33.5
10.03	33.5
10.03	33.5
10.03	33.5
10.03	33.5
10.03	33.49
10.03	33.49
10.03	33.49
10.03	33.49
10.03	33.49
10.04	33.49
10.04	33.49
10.04	33.48
10.04	33.48
10.04	33.48
10.04	33.48
10.04	33.48
10.04	33.48
10.04	33.48
10.04	33.47
10.04	33.47
10.04	33.47
10.04	33.47
10.04	33.47
10.04	33.47
10.04	33.47
10.04	33.46
10.04	33.46
10.04	33.46
10.05	33.46
10.05	33.46
10.05	33.46
10.05	33.46
10.05	33.45
10.05	33.45
10.05	33.45
10.05	33.45
10.05	33.45
10.05	33.45
10.05	33.45
10.05	33.44
10.05	33.44
10.05	33.44
10.05	33.44
10.05	33.44
10.05	33.44
10.05	33.44
10.05	33.43
10.05	33.43
10.06	33.43
10.06	33.43
10.06	33.43
10.06	33.43
10.06	33.43
10.06	33.43
10.06	33.42
10.06	33.42
10.06	33.42
10.06	33.42
10.06	33.42
10.06	33.42
10.06	33.42
10.06	33.41
10.06	33.41
10.06	33.41
10.06	33.41
10.06	33.41
10.06	33.41
10.06	33.41
10.06	33.4
10.07	33.4
10.07	33.4
10.07	33.4
10.07	33.4
10.07	33.4
10.07	33.4
10.07	33.39
10.07	33.39
10.07	33.39
10.07	33.39
10.07	33.39
10.07	33.39
10.07	33.39
10.07	33.38
10.07	33.38
10.07	33.38
10.07	33.38
10.07	33.38
10.07	33.38
10.07	33.38
10.08	33.38
10.08	33.37
10.08	33.37
10.08	33.37
10.08	33.37
10.08	33.37
10.08	33.37
10.08	33.37
10.08	33.36
10.08	33.36
10.08	33.36
10.08	33.36
10.08	33.36
10.08	33.36
10.08	33.36
10.08	33.35
10.08	33.35
10.08	33.35
10.08	33.35
10.09	33.35
10.09	33.35
10.09	33.35
10.09	33.34
10.09	33.34
10.09	33.34
10.09	33.34
10.09	33.34
10.09	33.34
10.09	33.34
10.09	33.34
10.09	33.33
10.09	33.33
10.09	33.33
10.09	33.33
10.09	33.33
10.09	33.33
10.09	33.33
10.09	33.32
10.09	33.32
10.1	33.32
10.1	33.32
10.1	33.32
10.1	33.32
10.1	33.32
10.1	33.31
10.1	33.31
10.1	33.31
10.1	33.31
10.1	33.31
10.1	33.31
10.1	33.31
10.1	33.3
10.1	33.3
10.1	33.3
10.1	33.3
10.1	33.3
10.1	33.3
10.1	33.3
10.1	33.3
10.1	33.29
10.11	33.29
10.11	33.29
10.11	33.29
10.11	33.29
10.11	33.29
10.11	33.29
10.11	33.28
10.11	33.28
10.11	33.28
10.11	33.28
10.11	33.28
10.11	33.28
10.11	33.28
10.11	33.27
10.11	33.27
10.11	33.27
10.11	33.27
10.11	33.27
10.11	33.27
10.11	33.27
10.12	33.27
10.12	33.26
10.12	33.26
10.12	33.26
10.12	33.26
10.12	33.26
10.12	33.26
10.12	33.26
10.12	33.25
10.12	33.25
10.12	33.25
10.12	33.25
10.12	33.25
10.12	33.25
10.12	33.25
10.12	33.24
10.12	33.24
10.12	33.24
10.12	33.24
10.12	33.24
10.13	33.24
10.13	33.24
10.13	33.24
10.13	33.23
10.13	33.23
10.13	33.23
10.13	33.23
10.13	33.23
10.13	33.23
10.13	33.23
10.13	33.22
10.13	33.22
10.13	33.22
10.13	33.22
10.13	33.22
10.13	33.22
10.13	33.22
10.13	33.22
10.13	33.21
10.14	33.21
10.14	33.21
10.14	33.21
10.14	33.21
10.14	33.21
10.14	33.21
10.14	33.2
10.14	33.2
10.14	33.2
10.14	33.2
10.14	33.2
10.14	33.2
10.14	33.2
10.14	33.19
10.14	33.19
10.14	33.19
10.14	33.19
10.14	33.19
10.14	33.19
10.14	33.19
10.15	33.19
10.15	33.18
10.15	33.18
10.15	33.18
10.15	33.18
10.15	33.18
10.15	33.18
10.15	33.18
10.15	33.17
10.15	33.17
10.15	33.17
10.15	33.17
10.15	33.17
10.15	33.17
10.15	33.17
10.15	33.17
10.15	33.16
10.15	33.16
10.15	33.16
10.15	33.16
10.15	33.16
10.16	33.16
10.16	33.16
10.16	33.15
10.16	33.15
10.16	33.15
10.16	33.15
10.16	33.15
10.16	33.15
10.16	33.15
10.16	33.15
10.16	33.14
10.16	33.14
10.16	33.14
10.16	33.14
10.16	33.14
10.16	33.14
10.16	33.14
10.16	33.13
10.16	33.13
10.16	33.13
10.17	33.13
10.17	33.13
10.17	33.13
10.17	33.13
10.17	33.13
10.17	33.12
10.17	33.12
10.17	33.12
10.17	33.12
10.17	33.12
10.17	33.12
10.17	33.12
10.17	33.11
10.17	33.11
10.17	33.11
10.17	33.11
10.17	33.11
10.17	33.11
10.17	33.11
10.18	33.11
10.18	33.1
10.18	33.1
10.18	33.1
10.18	33.1
10.18	33.1
10.18	33.1
10.18	33.1
10.18	33.09
10.18	33.09
10.18	33.09
10.18	33.09
10.18	33.09
10.18	33.09
10.18	33.09
10.18	33.09
10.18	33.08
10.18	33.08
10.18	33.08
10.18	33.08
10.19	33.08
10.19	33.08
10.19	33.08
10.19	33.08
10.19	33.07
10.19	33.07
10.19	33.07
10.19	33.07
10.19	33.07
10.19	33.07
10.19	33.07
10.19	33.06
10.19	33.06
10.19	33.06
10.19	33.06
10.19	33.06
10.19	33.06
10.19	33.06
10.19	33.06
10.19	33.05
10.19	33.05
10.2	33.05
10.2	33.05
10.2	33.05
10.2	33.05
10.2	33.05
10.2	33.04
10.2	33.04
10.2	33.04
10.2	33.04
10.2	33.04
10.2	33.04
10.2	33.04
10.2	33.04
10.2	33.03
10.2	33.03
10.2	33.03
10.2	33.03
10.2	33.03
10.2	33.03
10.2	33.03
10.21	33.03
10.21	33.02
10.21	33.02
10.21	33.02
10.21	33.02
10.21	33.02
10.21	33.02
10.21	33.02
10.21	33.01
10.21	33.01
10.21	33.01
10.21	33.01
10.21	33.01
10.21	33.01
10.21	33.01
10.21	33.01
10.21	33
10.21	33
10.21	33
10.22	33
10.22	33
10.22	33
10.22	33
10.22	33
10.22	32.99
10.22	32.99
10.22	32.99
10.22	32.99
10.22	32.99
10.22	32.99
10.22	32.99
10.22	32.98
10.22	32.98
10.22	32.98
10.22	32.98
10.22	32.98
10.22	32.98
10.22	32.98
10.22	32.98
10.23	32.97
10.23	32.97
10.23	32.97
10.23	32.97
10.23	32.97
10.23	32.97
10.23	32.97
10.23	32.97
10.23	32.96
10.23	32.96
10.23	32.96
10.23	32.96
10.23	32.96
10.23	32.96
10.23	32.96
10.23	32.95
10.23	32.95
10.23	32.95
10.23	32.95
10.23	32.95
10.23	32.95
10.24	32.95
10.24	32.95
10.24	32.94
10.24	32.94
10.24	32.94
10.24	32.94
10.24	32.94
10.24	32.94
10.24	32.94
10.24	32.94
10.24	32.93
10.24	32.93
10.24	32.93
10.24	32.93
10.24	32.93
10.24	32.93
10.24	32.93
10.24	32.93
10.24	32.92
10.24	32.92
10.25	32.92
10.25	32.92
10.25	32.92
10.25	32.92
10.25	32.92
10.25	32.91
10.25	32.91
10.25	32.91
10.25	32.91
10.25	32.91
10.25	32.91
10.25	32.91
10.25	32.91
10.25	32.9
10.25	32.9
10.25	32.9
10.25	32.9
10.25	32.9
10.25	32.9
10.26	32.9
10.26	32.9
10.26	32.89
10.26	32.89
10.26	32.89
10.26	32.89
10.26	32.89
10.26	32.89
10.26	32.89
10.26	32.89
10.26	32.88
10.26	32.88
10.26	32.88
10.26	32.88
10.26	32.88
10.26	32.88
10.26	32.88
10.26	32.88
10.26	32.87
10.26	32.87
10.27	32.87
10.27	32.87
10.27	32.87
10.27	32.87
10.27	32.87
10.27	32.87
10.27	32.86
10.27	32.86
10.27	32.86
10.27	32.86
10.27	32.86
10.27	32.86
10.27	32.86
10.27	32.85
10.27	32.85
10.27	32.85
10.27	32.85
10.27	32.85
10.27	32.85
10.27	32.85
10.27	32.85
10.28	32.84
10.28	32.84
10.28	32.84
10.28	32.84
10.28	32.84
10.28	32.84
10.28	32.84
10.28	32.84
10.28	32.83
10.28	32.83
10.28	32.83
10.28	32.83
10.28	32.83
10.28	32.83
10.28	32.83
10.28	32.83
10.28	32.82
10.28	32.82
10.28	32.82
10.28	32.82
10.29	32.82
10.29	32.82
10.29	32.82
10.29	32.82
10.29	32.81
10.29	32.81
10.29	32.81
10.29	32.81
10.29	32.81
10.29	32.81
10.29	32.81
10.29	32.81
10.29	32.8
10.29	32.8
10.29	32.8
10.29	32.8
10.29	32.8
10.29	32.8
10.29	32.8
10.3	32.8
10.3	32.79
10.3	32.79
10.3	32.79
10.3	32.79
10.3	32.79
10.3	32.79
10.3	32.79
10.3	32.79
10.3	32.78
10.3	32.78
10.3	32.78
10.3	32.78
10.3	32.78
10.3	32.78
10.3	32.78
10.3	32.78
10.3	32.77
10.3	32.77
10.3	32.77
10.31	32.77
10.31	32.77
10.31	32.77
10.31	32.77
10.31	32.77
10.31	32.76
10.31	32.76
10.31	32.76
10.31	32.76
10.31	32.76
10.31	32.76
10.31	32.76
10.31	32.76
10.31	32.75
10.31	32.75
10.31	32.75
10.31	32.75
10.31	32.75
10.31	32.75
10.31	32.75
10.31	32.75
10.32	32.74
10.32	32.74
10.32	32.74
10.32	32.74
10.32	32.74
10.32	32.74
10.32	32.74
10.32	32.74
10.32	32.73
10.32	32.73
10.32	32.73
10.32	32.73
10.32	32.73
10.32	32.73
10.32	32.73
10.32	32.73
10.32	32.72
10.32	32.72
10.32	32.72
10.32	32.72
10.33	32.72
10.33	32.72
10.33	32.72
10.33	32.72
10.33	32.71
10.33	32.71
10.33	32.71
10.33	32.71
10.33	32.71
10.33	32.71
10.33	32.71
10.33	32.71
10.33	32.7
10.33	32.7
10.33	32.7
10.33	32.7
10.33	32.7
10.33	32.7
10.33	32.7
10.34	32.7
10.34	32.69
10.34	32.69
10.34	32.69
10.34	32.69
10.34	32.69
10.34	32.69
10.34	32.69
10.34	32.69
10.34	32.68
10.34	32.68
10.34	32.68
10.34	32.68
10.34	32.68
10.34	32.68
10.34	32.68
10.34	32.68
10.34	32.67
10.34	32.67
10.34	32.67
10.35	32.67
10.35	32.67
10.35	32.67
10.35	32.67
10.35	32.67
10.35	32.66
10.35	32.66
10.35	32.66
10.35	32.66
10.35	32.66
10.35	32.66
10.35	32.66
10.35	32.66
10.35	32.65
10.35	32.65
10.35	32.65
10.35	32.65
10.35	32.65
10.35	32.65
10.35	32.65
10.35	32.65
10.36	32.65
10.36	32.64
10.36	32.64
10.36	32.64
10.36	32.64
10.36	32.64
10.36	32.64
10.36	32.64
10.36	32.64
10.36	32.63
10.36	32.63
10.36	32.63
10.36	32.63
10.36	32.63
10.36	32.63
10.36	32.63
10.36	32.63
10.36	32.62
10.36	32.62
10.36	32.62
10.37	32.62
10.37	32.62
10.37	32.62
10.37	32.62
10.37	32.62
10.37	32.61
10.37	32.61
10.37	32.61
10.37	32.61
10.37	32.61
10.37	32.61
10.37	32.61
10.37	32.61
10.37	32.6
10.37	32.6
10.37	32.6
10.37	32.6
10.37	32.6
10.37	32.6
10.38	32.6
10.38	32.6
10.38	32.6
10.38	32.59
10.38	32.59
10.38	32.59
10.38	32.59
10.38	32.59
10.38	32.59
10.38	32.59
10.38	32.59
10.38	32.58
10.38	32.58
10.38	32.58
10.38	32.58
10.38	32.58
10.38	32.58
10.38	32.58
10.38	32.58
10.38	32.57
10.39	32.57
10.39	32.57
10.39	32.57
10.39	32.57
10.39	32.57
10.39	32.57
10.39	32.57
10.39	32.56
10.39	32.56
10.39	32.56
10.39	32.56
10.39	32.56
10.39	32.56
10.39	32.56
10.39	32.56
10.39	32.56
10.39	32.55
10.39	32.55
10.39	32.55
10.39	32.55
10.4	32.55
10.4	32.55
10.4	32.55
10.4	32.55
10.4	32.54
10.4	32.54
10.4	32.54
10.4	32.54
10.4	32.54
10.4	32.54
10.4	32.54
10.4	32.54
10.4	32.53
10.4	32.53
10.4	32.53
10.4	32.53
10.4	32.53
10.4	32.53
10.4	32.53
10.4	32.53
10.4	32.53
10.41	32.52
10.41	32.52
10.41	32.52
10.41	32.52
10.41	32.52
10.41	32.52
10.41	32.52
10.41	32.52
10.41	32.51
10.41	32.51
10.41	32.51
10.41	32.51
10.41	32.51
10.41	32.51
10.41	32.51
10.41	32.51
10.41	32.5
10.41	32.5
10.41	32.5
10.41	32.5
10.42	32.5
10.42	32.5
10.42	32.5
10.42	32.5
10.42	32.5
10.42	32.49
10.42	32.49
10.42	32.49
10.42	32.49
10.42	32.49
10.42	32.49
10.42	32.49
10.42	32.49
10.42	32.48
10.42	32.48
10.42	32.48
10.42	32.48
10.42	32.48
10.42	32.48
10.43	32.48
10.43	32.48
10.43	32.47
10.43	32.47
10.43	32.47
10.43	32.47
10.43	32.47
10.43	32.47
10.43	32.47
10.43	32.47
10.43	32.47
10.43	32.46
10.43	32.46
10.43	32.46
10.43	32.46
10.43	32.46
10.43	32.46
10.43	32.46
10.43	32.46
10.43	32.45
10.44	32.45
10.44	32.45
10.44	32.45
10.44	32.45
10.44	32.45
10.44	32.45
10.44	32.45
10.44	32.45
10.44	32.44
10.44	32.44
10.44	32.44
10.44	32.44
10.44	32.44
10.44	32.44
10.44	32.44
10.44	32.44
10.44	32.43
10.44	32.43
10.44	32.43
10.44	32.43
10.44	32.43
10.45	32.43
10.45	32.43
10.45	32.43
10.45	32.43
10.45	32.42
10.45	32.42
10.45	32.42
10.45	32.42
10.45	32.42
10.45	32.42
10.45	32.42
10.45	32.42
10.45	32.41
10.45	32.41
10.45	32.41
10.45	32.41
10.45	32.41
10.45	32.41
10.45	32.41
10.45	32.41
10.46	32.41
10.46	32.4
10.46	32.4
10.46	32.4
10.46	32.4
10.46	32.4
10.46	32.4
10.46	32.4
10.46	32.4
10.46	32.39
10.46	32.39
10.46	32.39
10.46	32.39
10.46	32.39
10.46	32.39
10.46	32.39
10.46	32.39
10.46	32.39
10.46	32.38
10.47	32.38
10.47	32.38
10.47	32.38
10.47	32.38
10.47	32.38
10.47	32.38
10.47	32.38
10.47	32.37
10.47	32.37
10.47	32.37
10.47	32.37
10.47	32.37
10.47	32.37
10.47	32.37
10.47	32.37
10.47	32.37
10.47	32.36
10.47	32.36
10.47	32.36
10.47	32.36
10.48	32.36
10.48	32.36
10.48	32.36
10.48	32.36
10.48	32.36
10.48	32.35
10.48	32.35
10.48	32.35
10.48	32.35
10.48	32.35
10.48	32.35
10.48	32.35
10.48	32.35
10.48	32.34
10.48	32.34
10.48	32.34
10.48	32.34
10.48	32.34
10.48	32.34
10.48	32.34
10.48	32.34
10.49	32.34
10.49	32.33
10.49	32.33
10.49	32.33
10.49	32.33
10.49	32.33
10.49	32.33
10.49	32.33
10.49	32.33
10.49	32.32
10.49	32.32
10.49	32.32
10.49	32.32
10.49	32.32
10.49	32.32
10.49	32.32
10.49	32.32
10.49	32.32
10.49	32.31
10.49	32.31
10.5	32.31
10.5	32.31
10.5	32.31
10.5	32.31
10.5	32.31
10.5	32.31
10.5	32.31
10.5	32.3
10.5	32.3
10.5	32.3
10.5	32.3
10.5	32.3
10.5	32.3
10.5	32.3
10.5	32.3
10.5	32.29
10.5	32.29
10.5	32.29
10.5	32.29
10.51	32.29
10.51	32.29
10.51	32.29
10.51	32.29
10.51	32.29
10.51	32.28
10.51	32.28
10.51	32.28
10.51	32.28
10.51	32.28
10.51	32.28
10.51	32.28
10.51	32.28
10.51	32.28
10.51	32.27
10.51	32.27
10.51	32.27
10.51	32.27
10.51	32.27
10.51	32.27
10.52	32.27
10.52	32.27
10.52	32.27
10.52	32.26
10.52	32.26
10.52	32.26
10.52	32.26
10.52	32.26
10.52	32.26
10.52	32.26
10.52	32.26
10.52	32.25
10.52	32.25
10.52	32.25
10.52	32.25
10.52	32.25
10.52	32.25
10.52	32.25
10.52	32.25
10.52	32.25
10.52	32.24
10.53	32.24
10.53	32.24
10.53	32.24
10.53	32.24
10.53	32.24
10.53	32.24
10.53	32.24
10.53	32.24
10.53	32.23
10.53	32.23
10.53	32.23
10.53	32.23
10.53	32.23
10.53	32.23
10.53	32.23
10.53	32.23
10.53	32.23
10.53	32.22
10.53	32.22
10.53	32.22
10.54	32.22
10.54	32.22
10.54	32.22
10.54	32.22
10.54	32.22
10.54	32.22
10.54	32.21
10.54	32.21
10.54	32.21
10.54	32.21
10.54	32.21
10.54	32.21
10.54	32.21
10.54	32.21
10.54	32.2
10.54	32.2
10.54	32.2
10.54	32.2
10.54	32.2
10.55	32.2
10.55	32.2
10.55	32.2
10.55	32.2
10.55	32.19
10.55	32.19
10.55	32.19
10.55	32.19
10.55	32.19
10.55	32.19
10.55	32.19
10.55	32.19
10.55	32.19
10.55	32.18
10.55	32.18
10.55	32.18
10.55	32.18
10.55	32.18
10.55	32.18
10.55	32.18
10.56	32.18
10.56	32.18
10.56	32.17
10.56	32.17
10.56	32.17
10.56	32.17
10.56	32.17
10.56	32.17
10.56	32.17
10.56	32.17
10.56	32.17
10.56	32.16
10.56	32.16
10.56	32.16
10.56	32.16
10.56	32.16
10.56	32.16
10.56	32.16
10.56	32.16
10.56	32.16
10.56	32.15
10.57	32.15
10.57	32.15
10.57	32.15
10.57	32.15
10.57	32.15
10.57	32.15
10.57	32.15
10.57	32.15
10.57	32.14
10.57	32.14
10.57	32.14
10.57	32.14
10.57	32.14
10.57	32.14
10.57	32.14
10.57	32.14
10.57	32.14
10.57	32.13
10.57	32.13
10.57	32.13
10.58	32.13
10.58	32.13
10.58	32.13
10.58	32.13
10.58	32.13
10.58	32.13
10.58	32.12
10.58	32.12
10.58	32.12
10.58	32.12
10.58	32.12
10.58	32.12
10.58	32.12
10.58	32.12
10.58	32.12
10.58	32.11
10.58	32.11
10.58	32.11
10.58	32.11
10.59	32.11
10.59	32.11
10.59	32.11
10.59	32.11
10.59	32.11
10.59	32.1
10.59	32.1
10.59	32.1
10.59	32.1
10.59	32.1
10.59	32.1
10.59	32.1
10.59	32.1
10.59	32.1
10.59	32.09
10.59	32.09
10.59	32.09
10.59	32.09
10.59	32.09
10.59	32.09
10.6	32.09
10.6	32.09
10.6	32.09
10.6	32.08
10.6	32.08
10.6	32.08
10.6	32.08
10.6	32.08
10.6	32.08
10.6	32.08
10.6	32.08
10.6	32.08
10.6	32.07
10.6	32.07
10.6	32.07
10.6	32.07
10.6	32.07
10.6	32.07
10.6	32.07
10.6	32.07
10.6	32.07
10.61	32.06
10.61	32.06
10.61	32.06
10.61	32.06
10.61	32.06
10.61	32.06
10.61	32.06
10.61	32.06
10.61	32.06
10.61	32.05
10.61	32.05
10.61	32.05
10.61	32.05
10.61	32.05
10.61	32.05
10.61	32.05
10.61	32.05
10.61	32.05
10.61	32.04
10.61	32.04
10.62	32.04
10.62	32.04
10.62	32.04
10.62	32.04
10.62	32.04
10.62	32.04
10.62	32.04
10.62	32.03
10.62	32.03
10.62	32.03
10.62	32.03
10.62	32.03
10.62	32.03
10.62	32.03
10.62	32.03
10.62	32.03
10.62	32.03
10.62	32.02
10.62	32.02
10.62	32.02
10.63	32.02
10.63	32.02
10.63	32.02
10.63	32.02
10.63	32.02
10.63	32.02
10.63	32.01
10.63	32.01
10.63	32.01
10.63	32.01
10.63	32.01
10.63	32.01
10.63	32.01
10.63	32.01
10.63	32.01
10.63	32
10.63	32
10.63	32
10.63	32
10.64	32
10.64	32
10.64	32
10.64	32
10.64	32
10.64	31.99
10.64	31.99
10.64	31.99
10.64	31.99
10.64	31.99
10.64	31.99
10.64	31.99
10.64	31.99
10.64	31.99
10.64	31.98
10.64	31.98
10.64	31.98
10.64	31.98
10.64	31.98
10.64	31.98
10.65	31.98
10.65	31.98
10.65	31.98
10.65	31.98
10.65	31.97
10.65	31.97
10.65	31.97
10.65	31.97
10.65	31.97
10.65	31.97
10.65	31.97
10.65	31.97
10.65	31.97
10.65	31.96
10.65	31.96
10.65	31.96
10.65	31.96
10.65	31.96
10.65	31.96
10.65	31.96
10.65	31.96
10.66	31.96
10.66	31.95
10.66	31.95
10.66	31.95
10.66	31.95
10.66	31.95
10.66	31.95
10.66	31.95
10.66	31.95
10.66	31.95
10.66	31.95
10.66	31.94
10.66	31.94
10.66	31.94
10.66	31.94
10.66	31.94
10.66	31.94
10.66	31.94
10.66	31.94
10.66	31.94
10.67	31.93
10.67	31.93
10.67	31.93
10.67	31.93
10.67	31.93
10.67	31.93
10.67	31.93
10.67	31.93
10.67	31.93
10.67	31.92
10.67	31.92
10.67	31.92
10.67	31.92
10.67	31.92
10.67	31.92
10.67	31.92
10.67	31.92
10.67	31.92
10.67	31.92
10.68	31.91
10.68	31.91
10.68	31.91
10.68	31.91
10.68	31.91
10.68	31.91
10.68	31.91
10.68	31.91
10.68	31.91
10.68	31.9
10.68	31.9
10.68	31.9
10.68	31.9
10.68	31.9
10.68	31.9
10.68	31.9
10.68	31.9
10.68	31.9
10.68	31.89
10.68	31.89
10.69	31.89
10.69	31.89
10.69	31.89
10.69	31.89
10.69	31.89
10.69	31.89
10.69	31.89
10.69	31.89
10.69	31.88
10.69	31.88
10.69	31.88
10.69	31.88
10.69	31.88
10.69	31.88
10.69	31.88
10.69	31.88
10.69	31.88
10.69	31.87
10.69	31.87
10.69	31.87
10.69	31.87
10.7	31.87
10.7	31.87
10.7	31.87
10.7	31.87
10.7	31.87
10.7	31.87
10.7	31.86
10.7	31.86
10.7	31.86
10.7	31.86
10.7	31.86
10.7	31.86
10.7	31.86
10.7	31.86
10.7	31.86
10.7	31.85
10.7	31.85
10.7	31.85
10.7	31.85
10.7	31.85
10.71	31.85
10.71	31.85
10.71	31.85
10.71	31.85
10.71	31.85
10.71	31.84
10.71	31.84
10.71	31.84
10.71	31.84
10.71	31.84
10.71	31.84
10.71	31.84
10.71	31.84
10.71	31.84
10.71	31.83
10.71	31.83
10.71	31.83
10.71	31.83
10.71	31.83
10.72	31.83
10.72	31.83
10.72	31.83
10.72	31.83
10.72	31.83
10.72	31.82
10.72	31.82
10.72	31.82
10.72	31.82
10.72	31.82
10.72	31.82
10.72	31.82
10.72	31.82
10.72	31.82
10.72	31.81
10.72	31.81
10.72	31.81
10.72	31.81
10.72	31.81
10.72	31.81
10.73	31.81
10.73	31.81
10.73	31.81
10.73	31.81
10.73	31.8
10.73	31.8
10.73	31.8
10.73	31.8
10.73	31.8
10.73	31.8
10.73	31.8
10.73	31.8
10.73	31.8
10.73	31.79
10.73	31.79
10.73	31.79
10.73	31.79
10.73	31.79
10.73	31.79
10.73	31.79
10.73	31.79
10.74	31.79
10.74	31.79
10.74	31.78
10.74	31.78
10.74	31.78
10.74	31.78
10.74	31.78
10.74	31.78
10.74	31.78
10.74	31.78
10.74	31.78
10.74	31.78
10.74	31.77
10.74	31.77
10.74	31.77
10.74	31.77
10.74	31.77
10.74	31.77
10.74	31.77
10.74	31.77
10.75	31.77
10.75	31.76
10.75	31.76
10.75	31.76
10.75	31.76
10.75	31.76
10.75	31.76
10.75	31.76
10.75	31.76
10.75	31.76
10.75	31.76
10.75	31.75
10.75	31.75
10.75	31.75
10.75	31.75
10.75	31.75
10.75	31.75
10.75	31.75
10.75	31.75
10.76	31.75
10.76	31.75
10.76	31.74
10.76	31.74
10.76	31.74
10.76	31.74
10.76	31.74
10.76	31.74
10.76	31.74
10.76	31.74
10.76	31.74
10.76	31.73
10.76	31.73
10.76	31.73
10.76	31.73
10.76	31.73
10.76	31.73
10.76	31.73
10.76	31.73
10.76	31.73
10.77	31.73
10.77	31.72
10.77	31.72
10.77	31.72
10.77	31.72
10.77	31.72
10.77	31.72
10.77	31.72
10.77	31.72
10.77	31.72
10.77	31.72
10.77	31.71
10.77	31.71
10.77	31.71
10.77	31.71
10.77	31.71
10.77	31.71
10.77	31.71
10.77	31.71
10.77	31.71
10.77	31.71
10.78	31.7
10.78	31.7
10.78	31.7
10.78	31.7
10.78	31.7
10.78	31.7
10.78	31.7
10.78	31.7
10.78	31.7
10.78	31.7
10.78	31.69
10.78	31.69
10.78	31.69
10.78	31.69
10.78	31.69
10.78	31.69
10.78	31.69
10.78	31.69
10.78	31.69
10.78	31.68
10.79	31.68
10.79	31.68
10.79	31.68
10.79	31.68
10.79	31.68
10.79	31.68
10.79	31.68
10.79	31.68
10.79	31.68
10.79	31.67
10.79	31.67
10.79	31.67
10.79	31.67
10.79	31.67
10.79	31.67
10.79	31.67
10.79	31.67
10.79	31.67
10.79	31.67
10.8	31.66
10.8	31.66
10.8	31.66
10.8	31.66
10.8	31.66
10.8	31.66
10.8	31.66
10.8	31.66
10.8	31.66
10.8	31.66
10.8	31.65
10.8	31.65
10.8	31.65
10.8	31.65
10.8	31.65
10.8	31.65
10.8	31.65
10.8	31.65
10.8	31.65
10.8	31.65
10.81	31.64
10.81	31.64
10.81	31.64
10.81	31.64
10.81	31.64
10.81	31.64
10.81	31.64
10.81	31.64
10.81	31.64
10.81	31.64
10.81	31.63
10.81	31.63
10.81	31.63
10.81	31.63
10.81	31.63
10.81	31.63
10.81	31.63
10.81	31.63
10.81	31.63
10.81	31.63
10.81	31.62
10.82	31.62
10.82	31.62
10.82	31.62
10.82	31.62
10.82	31.62
10.82	31.62
10.82	31.62
10.82	31.62
10.82	31.62
10.82	31.61
10.82	31.61
10.82	31.61
10.82	31.61
10.82	31.61
10.82	31.61
10.82	31.61
10.82	31.61
10.82	31.61
10.82	31.61
10.82	31.6
10.83	31.6
10.83	31.6
10.83	31.6
10.83	31.6
10.83	31.6
10.83	31.6
10.83	31.6
10.83	31.6
10.83	31.6
10.83	31.59
10.83	31.59
10.83	31.59
10.83	31.59
10.83	31.59
10.83	31.59
10.83	31.59
10.83	31.59
10.83	31.59
10.83	31.59
10.84	31.58
10.84	31.58
10.84	31.58
10.84	31.58
10.84	31.58
10.84	31.58
10.84	31.58
10.84	31.58
10.84	31.58
10.84	31.58
10.84	31.57
10.84	31.57
10.84	31.57
10.84	31.57
10.84	31.57
10.84	31.57
10.84	31.57
10.84	31.57
10.84	31.57
10.84	31.57
10.85	31.56
10.85	31.56
10.85	31.56
10.85	31.56
10.85	31.56
10.85	31.56
10.85	31.56
10.85	31.56
10.85	31.56
10.85	31.56
10.85	31.55
10.85	31.55
10.85	31.55
10.85	31.55
10.85	31.55
10.85	31.55
10.85	31.55
10.85	31.55
10.85	31.55
10.85	31.55
10.85	31.54
10.86	31.54
10.86	31.54
10.86	31.54
10.86	31.54
10.86	31.54
10.86	31.54
10.86	31.54
10.86	31.54
10.86	31.54
10.86	31.53
10.86	31.53
10.86	31.53
10.86	31.53
10.86	31.53
10.86	31.53
10.86	31.53
10.86	31.53
10.86	31.53
10.86	31.53
10.86	31.52
10.87	31.52
10.87	31.52
10.87	31.52
10.87	31.52
10.87	31.52
10.87	31.52
10.87	31.52
10.87	31.52
10.87	31.52
10.87	31.52
10.87	31.51
10.87	31.51
10.87	31.51
10.87	31.51
10.87	31.51
10.87	31.51
10.87	31.51
10.87	31.51
10.87	31.51
10.88	31.51
10.88	31.5
10.88	31.5
10.88	31.5
10.88	31.5
10.88	31.5
10.88	31.5
10.88	31.5
10.88	31.5
10.88	31.5
10.88	31.5
10.88	31.49
10.88	31.49
10.88	31.49
10.88	31.49
10.88	31.49
10.88	31.49
10.88	31.49
10.88	31.49
10.88	31.49
10.89	31.49
10.89	31.48
10.89	31.48
10.89	31.48
10.89	31.48
10.89	31.48
10.89	31.48
10.89	31.48
10.89	31.48
10.89	31.48
10.89	31.48
10.89	31.48
10.89	31.47
10.89	31.47
10.89	31.47
10.89	31.47
10.89	31.47
10.89	31.47
10.89	31.47
10.89	31.47
10.9	31.47
10.9	31.47
10.9	31.46
10.9	31.46
10.9	31.46
10.9	31.46
10.9	31.46
10.9	31.46
10.9	31.46
10.9	31.46
10.9	31.46
10.9	31.46
10.9	31.45
10.9	31.45
10.9	31.45
10.9	31.45
10.9	31.45
10.9	31.45
10.9	31.45
10.9	31.45
10.9	31.45
10.91	31.45
10.91	31.45
10.91	31.44
10.91	31.44
10.91	31.44
10.91	31.44
10.91	31.44
10.91	31.44
10.91	31.44
10.91	31.44
10.91	31.44
10.91	31.44
10.91	31.43
10.91	31.43
10.91	31.43
10.91	31.43
10.91	31.43
10.91	31.43
10.91	31.43
10.91	31.43
10.92	31.43
10.92	31.43
10.92	31.42
10.92	31.42
10.92	31.42
10.92	31.42
10.92	31.42
10.92	31.42
10.92	31.42
10.92	31.42
10.92	31.42
10.92	31.42
10.92	31.42
10.92	31.41
10.92	31.41
10.92	31.41
10.92	31.41
10.92	31.41
10.92	31.41
10.93	31.41
10.93	31.41
10.93	31.41
10.93	31.41
10.93	31.4
10.93	31.4
10.93	31.4
10.93	31.4
10.93	31.4
10.93	31.4
10.93	31.4
10.93	31.4
10.93	31.4
10.93	31.4
10.93	31.4
10.93	31.39
10.93	31.39
10.93	31.39
10.93	31.39
10.93	31.39
10.94	31.39
10.94	31.39
10.94	31.39
10.94	31.39
10.94	31.39
10.94	31.38
10.94	31.38
10.94	31.38
10.94	31.38
10.94	31.38
10.94	31.38
10.94	31.38
10.94	31.38
10.94	31.38
10.94	31.38
10.94	31.38
10.94	31.37
10.94	31.37
10.94	31.37
10.94	31.37
10.94	31.37
10.95	31.37
10.95	31.37
10.95	31.37
10.95	31.37
10.95	31.37
10.95	31.36
10.95	31.36
10.95	31.36
10.95	31.36
10.95	31.36
10.95	31.36
10.95	31.36
10.95	31.36
10.95	31.36
10.95	31.36
10.95	31.36
10.95	31.35
10.95	31.35
10.95	31.35
10.95	31.35
10.96	31.35
10.96	31.35
10.96	31.35
10.96	31.35
10.96	31.35
10.96	31.35
10.96	31.35
10.96	31.34
10.96	31.34
10.96	31.34
10.96	31.34
10.96	31.34
10.96	31.34
10.96	31.34
10.96	31.34
10.96	31.34
10.96	31.34
10.96	31.33
10.96	31.33
10.97	31.33
10.97	31.33
10.97	31.33
10.97	31.33
10.97	31.33
10.97	31.33
10.97	31.33
10.97	31.33
10.97	31.33
10.97	31.32
10.97	31.32
10.97	31.32
10.97	31.32
10.97	31.32
10.97	31.32
10.97	31.32
10.97	31.32
10.97	31.32
10.97	31.32
10.97	31.31
10.98	31.31
10.98	31.31
10.98	31.31
10.98	31.31
10.98	31.31
10.98	31.31
10.98	31.31
10.98	31.31
10.98	31.31
10.98	31.31
10.98	31.3
10.98	31.3
10.98	31.3
10.98	31.3
10.98	31.3
10.98	31.3
10.98	31.3
10.98	31.3
10.98	31.3
10.98	31.3
10.98	31.3
10.99	31.29
10.99	31.29
10.99	31.29
10.99	31.29
10.99	31.29
10.99	31.29
10.99	31.29
10.99	31.29
10.99	31.29
10.99	31.29
10.99	31.29
10.99	31.28
10.99	31.28
10.99	31.28
10.99	31.28
10.99	31.28
10.99	31.28
10.99	31.28
10.99	31.28
10.99	31.28
11	31.28
11	31.27
11	31.27
11	31.27
11	31.27
11	31.27
11	31.27
11	31.27
11	31.27
11	31.27
11	31.27
11	31.27
11	31.26
11	31.26
11	31.26
11	31.26
11	31.26
11	31.26
11	31.26
11.01	31.26
11.01	31.26
11.01	31.26
11.01	31.26
11.01	31.25
11.01	31.25
11.01	31.25
11.01	31.25
11.01	31.25
11.01	31.25
11.01	31.25
11.01	31.25
11.01	31.25
11.01	31.25
11.01	31.25
11.01	31.24
11.01	31.24
11.01	31.24
11.01	31.24
11.01	31.24
11.02	31.24
11.02	31.24
11.02	31.24
11.02	31.24
11.02	31.24
11.02	31.24
11.02	31.23
11.02	31.23
11.02	31.23
11.02	31.23
11.02	31.23
11.02	31.23
11.02	31.23
11.02	31.23
11.02	31.23
11.02	31.23
11.02	31.23
11.02	31.22
11.02	31.22
11.02	31.22
11.02	31.22
11.03	31.22
11.03	31.22
11.03	31.22
11.03	31.22
11.03	31.22
11.03	31.22
11.03	31.21
11.03	31.21
11.03	31.21
11.03	31.21
11.03	31.21
11.03	31.21
11.03	31.21
11.03	31.21
11.03	31.21
11.03	31.21
11.03	31.21
11.03	31.2
11.03	31.2
11.03	31.2
11.04	31.2
11.04	31.2
11.04	31.2
11.04	31.2
11.04	31.2
11.04	31.2
11.04	31.2
11.04	31.2
11.04	31.19
11.04	31.19
11.04	31.19
11.04	31.19
11.04	31.19
11.04	31.19
11.04	31.19
11.04	31.19
11.04	31.19
11.04	31.19
11.04	31.19
11.05	31.18
11.05	31.18
11.05	31.18
11.05	31.18
11.05	31.18
11.05	31.18
11.05	31.18
11.05	31.18
11.05	31.18
11.05	31.18
11.05	31.18
11.05	31.17
11.05	31.17
11.05	31.17
11.05	31.17
11.05	31.17
11.05	31.17
11.05	31.17
11.05	31.17
11.05	31.17
11.06	31.17
11.06	31.17
11.06	31.16
11.06	31.16
11.06	31.16
11.06	31.16
11.06	31.16
11.06	31.16
11.06	31.16
11.06	31.16
11.06	31.16
11.06	31.16
11.06	31.16
11.06	31.16
11.06	31.15
11.06	31.15
11.06	31.15
11.06	31.15
11.06	31.15
11.06	31.15
11.06	31.15
11.07	31.15
11.07	31.15
11.07	31.15
11.07	31.15
11.07	31.14
11.07	31.14
11.07	31.14
11.07	31.14
11.07	31.14
11.07	31.14
11.07	31.14
11.07	31.14
11.07	31.14
11.07	31.14
11.07	31.14
11.07	31.13
11.07	31.13
11.07	31.13
11.07	31.13
11.07	31.13
11.08	31.13
11.08	31.13
11.08	31.13
11.08	31.13
11.08	31.13
11.08	31.13
11.08	31.12
11.08	31.12
11.08	31.12
11.08	31.12
11.08	31.12
11.08	31.12
11.08	31.12
11.08	31.12
11.08	31.12
11.08	31.12
11.08	31.12
11.08	31.11
11.08	31.11
11.09	31.11
11.09	31.11
11.09	31.11
11.09	31.11
11.09	31.11
11.09	31.11
11.09	31.11
11.09	31.11
11.09	31.11
11.09	31.1
11.09	31.1
11.09	31.1
11.09	31.1
11.09	31.1
11.09	31.1
11.09	31.1
11.09	31.1
11.09	31.1
11.09	31.1
11.09	31.1
11.1	31.1
11.1	31.09
11.1	31.09
11.1	31.09
11.1	31.09
11.1	31.09
11.1	31.09
11.1	31.09
11.1	31.09
11.1	31.09
11.1	31.09
11.1	31.09
11.1	31.08
11.1	31.08
11.1	31.08
11.1	31.08
11.1	31.08
11.1	31.08
11.1	31.08
11.1	31.08
11.1	31.08
11.11	31.08
11.11	31.08
11.11	31.07
11.11	31.07
11.11	31.07
11.11	31.07
11.11	31.07
11.11	31.07
11.11	31.07
11.11	31.07
11.11	31.07
11.11	31.07
11.11	31.07
11.11	31.06
11.11	31.06
11.11	31.06
11.11	31.06
11.11	31.06
11.11	31.06
11.11	31.06
11.12	31.06
11.12	31.06
11.12	31.06
11.12	31.06
11.12	31.06
11.12	31.05
11.12	31.05
11.12	31.05
11.12	31.05
11.12	31.05
11.12	31.05
11.12	31.05
11.12	31.05
11.12	31.05
11.12	31.05
11.12	31.05
11.12	31.04
11.12	31.04
11.12	31.04
11.12	31.04
11.13	31.04
11.13	31.04
11.13	31.04
11.13	31.04
11.13	31.04
11.13	31.04
11.13	31.04
11.13	31.04
11.13	31.03
11.13	31.03
11.13	31.03
11.13	31.03
11.13	31.03
11.13	31.03
11.13	31.03
11.13	31.03
11.13	31.03
11.13	31.03
11.13	31.03
11.14	31.02
11.14	31.02
11.14	31.02
11.14	31.02
11.14	31.02
11.14	31.02
11.14	31.02
11.14	31.02
11.14	31.02
11.14	31.02
11.14	31.02
11.14	31.02
11.14	31.01
11.14	31.01
11.14	31.01
11.14	31.01
11.14	31.01
11.14	31.01
11.14	31.01
11.14	31.01
11.15	31.01
11.15	31.01
11.15	31.01
11.15	31
11.15	31
11.15	31
11.15	31
11.15	31
11.15	31
11.15	31
11.15	31
11.15	31
11.15	31
11.15	31
11.15	31
11.15	30.99
11.15	30.99
11.15	30.99
11.15	30.99
11.15	30.99
11.15	30.99
11.16	30.99
11.16	30.99
11.16	30.99
11.16	30.99
11.16	30.99
11.16	30.98
11.16	30.98
11.16	30.98
11.16	30.98
11.16	30.98
11.16	30.98
11.16	30.98
11.16	30.98
11.16	30.98
11.16	30.98
11.16	30.98
11.16	30.98
11.16	30.97
11.16	30.97
11.16	30.97
11.17	30.97
11.17	30.97
11.17	30.97
11.17	30.97
11.17	30.97
11.17	30.97
11.17	30.97
11.17	30.97
11.17	30.96
11.17	30.96
11.17	30.96
11.17	30.96
11.17	30.96
11.17	30.96
11.17	30.96
11.17	30.96
11.17	30.96
11.17	30.96
11.17	30.96
11.18	30.96
11.18	30.95
11.18	30.95
11.18	30.95
11.18	30.95
11.18	30.95
11.18	30.95
11.18	30.95
11.18	30.95
11.18	30.95
11.18	30.95
11.18	30.95
11.18	30.95
11.18	30.94
11.18	30.94
11.18	30.94
11.18	30.94
11.18	30.94
11.18	30.94
11.18	30.94
11.19	30.94
11.19	30.94
11.19	30.94
11.19	30.94
11.19	30.93
11.19	30.93
11.19	30.93
11.19	30.93
11.19	30.93
11.19	30.93
11.19	30.93
11.19	30.93
11.19	30.93
11.19	30.93
11.19	30.93
11.19	30.93
11.19	30.92
11.19	30.92
11.19	30.92
11.19	30.92
11.19	30.92
11.2	30.92
11.2	30.92
11.2	30.92
11.2	30.92
11.2	30.92
11.2	30.92
11.2	30.92
11.2	30.91
11.2	30.91
11.2	30.91
11.2	30.91
11.2	30.91
11.2	30.91
11.2	30.91
11.2	30.91
11.2	30.91
11.2	30.91
11.2	30.91
11.2	30.91
11.2	30.9
11.21	30.9
11.21	30.9
11.21	30.9
11.21	30.9
11.21	30.9
11.21	30.9
11.21	30.9
11.21	30.9
11.21	30.9
11.21	30.9
11.21	30.89
11.21	30.89
11.21	30.89
11.21	30.89
11.21	30.89
11.21	30.89
11.21	30.89
11.21	30.89
11.21	30.89
11.22	30.89
11.22	30.89
11.22	30.89
11.22	30.88
11.22	30.88
11.22	30.88
11.22	30.88
11.22	30.88
11.22	30.88
11.22	30.88
11.22	30.88
11.22	30.88
11.22	30.88
11.22	30.88
11.22	30.88
11.22	30.87
11.22	30.87
11.22	30.87
11.22	30.87
11.22	30.87
11.23	30.87
11.23	30.87
11.23	30.87
11.23	30.87
11.23	30.87
11.23	30.87
11.23	30.87
11.23	30.86
11.23	30.86
11.23	30.86
11.23	30.86
11.23	30.86
11.23	30.86
11.23	30.86
11.23	30.86
11.23	30.86
11.23	30.86
11.23	30.86
11.23	30.86
11.23	30.85
11.23	30.85
11.24	30.85
11.24	30.85
11.24	30.85
11.24	30.85
11.24	30.85
11.24	30.85
11.24	30.85
11.24	30.85
11.24	30.85
11.24	30.85
11.24	30.84
11.24	30.84
11.24	30.84
11.24	30.84
11.24	30.84
11.24	30.84
11.24	30.84
11.24	30.84
11.24	30.84
11.24	30.84
11.25	30.84
11.25	30.84
11.25	30.83
11.25	30.83
11.25	30.83
11.25	30.83
11.25	30.83
11.25	30.83
11.25	30.83
11.25	30.83
11.25	30.83
11.25	30.83
11.25	30.83
11.25	30.83
11.25	30.82
11.25	30.82
11.25	30.82
11.25	30.82
11.25	30.82
11.26	30.82
11.26	30.82
11.26	30.82
11.26	30.82
11.26	30.82
11.26	30.82
11.26	30.82
11.26	30.81
11.26	30.81
11.26	30.81
11.26	30.81
11.26	30.81
11.26	30.81
11.26	30.81
11.26	30.81
11.26	30.81
11.26	30.81
11.26	30.81
11.26	30.81
11.26	30.8
11.27	30.8
11.27	30.8
11.27	30.8
11.27	30.8
11.27	30.8
11.27	30.8
11.27	30.8
11.27	30.8
11.27	30.8
11.27	30.8
11.27	30.8
11.27	30.79
11.27	30.79
11.27	30.79
11.27	30.79
11.27	30.79
11.27	30.79
11.27	30.79
11.27	30.79
11.27	30.79
11.27	30.79
11.28	30.79
11.28	30.79
11.28	30.78
11.28	30.78
11.28	30.78
11.28	30.78
11.28	30.78
11.28	30.78
11.28	30.78
11.28	30.78
11.28	30.78
11.28	30.78
11.28	30.78
11.28	30.78
11.28	30.78
11.28	30.77
11.28	30.77
11.28	30.77
11.28	30.77
11.28	30.77
11.29	30.77
11.29	30.77
11.29	30.77
11.29	30.77
11.29	30.77
11.29	30.77
11.29	30.77
11.29	30.76
11.29	30.76
11.29	30.76
11.29	30.76
11.29	30.76
11.29	30.76
11.29	30.76
11.29	30.76
11.29	30.76
11.29	30.76
11.29	30.76
11.29	30.76
11.3	30.75
11.3	30.75
11.3	30.75
11.3	30.75
11.3	30.75
11.3	30.75
11.3	30.75
11.3	30.75
11.3	30.75
11.3	30.75
11.3	30.75
11.3	30.75
11.3	30.74
11.3	30.74
11.3	30.74
11.3	30.74
11.3	30.74
11.3	30.74
11.3	30.74
11.3	30.74
11.31	30.74
11.31	30.74
11.31	30.74
11.31	30.74
11.31	30.74
11.31	30.73
11.31	30.73
11.31	30.73
11.31	30.73
11.31	30.73
11.31	30.73
11.31	30.73
11.31	30.73
11.31	30.73
11.31	30.73
11.31	30.73
11.31	30.73
11.31	30.72
11.31	30.72
11.31	30.72
11.31	30.72
11.32	30.72
11.32	30.72
11.32	30.72
11.32	30.72
11.32	30.72
11.32	30.72
11.32	30.72
11.32	30.72
11.32	30.71
11.32	30.71
11.32	30.71
11.32	30.71
11.32	30.71
11.32	30.71
11.32	30.71
11.32	30.71
11.32	30.71
11.32	30.71
11.32	30.71
11.32	30.71
11.33	30.71
11.33	30.7
11.33	30.7
11.33	30.7
11.33	30.7
11.33	30.7
11.33	30.7
11.33	30.7
11.33	30.7
11.33	30.7
11.33	30.7
11.33	30.7
11.33	30.7
11.33	30.69
11.33	30.69
11.33	30.69
11.33	30.69
11.33	30.69
11.33	30.69
11.34	30.69
11.34	30.69
11.34	30.69
11.34	30.69
11.34	30.69
11.34	30.69
11.34	30.69
11.34	30.68
11.34	30.68
11.34	30.68
11.34	30.68
11.34	30.68
11.34	30.68
11.34	30.68
11.34	30.68
11.34	30.68
11.34	30.68
11.34	30.68
11.34	30.68
11.34	30.67
11.35	30.67
11.35	30.67
11.35	30.67
11.35	30.67
11.35	30.67
11.35	30.67
11.35	30.67
11.35	30.67
11.35	30.67
11.35	30.67
11.35	30.67
11.35	30.67
11.35	30.66
11.35	30.66
11.35	30.66
11.35	30.66
11.35	30.66
11.35	30.66
11.35	30.66
11.35	30.66
11.35	30.66
11.36	30.66
11.36	30.66
11.36	30.66
11.36	30.66
11.36	30.65
11.36	30.65
11.36	30.65
11.36	30.65
11.36	30.65
11.36	30.65
11.36	30.65
11.36	30.65
11.36	30.65
11.36	30.65
11.36	30.65
11.36	30.65
11.36	30.64
11.36	30.64
11.36	30.64
11.36	30.64
11.37	30.64
11.37	30.64
11.37	30.64
11.37	30.64
11.37	30.64
11.37	30.64
11.37	30.64
11.37	30.64
11.37	30.64
11.37	30.63
11.37	30.63
11.37	30.63
11.37	30.63
11.37	30.63
11.37	30.63
11.37	30.63
11.37	30.63
11.37	30.63
11.37	30.63
11.38	30.63
11.38	30.63
11.38	30.63
11.38	30.62
11.38	30.62
11.38	30.62
11.38	30.62
11.38	30.62
11.38	30.62
11.38	30.62
11.38	30.62
11.38	30.62
11.38	30.62
11.38	30.62
11.38	30.62
11.38	30.62
11.38	30.61
11.38	30.61
11.38	30.61
11.38	30.61
11.39	30.61
11.39	30.61
11.39	30.61
11.39	30.61
11.39	30.61
11.39	30.61
11.39	30.61
11.39	30.61
11.39	30.61
11.39	30.6
11.39	30.6
11.39	30.6
11.39	30.6
11.39	30.6
11.39	30.6
11.39	30.6
11.39	30.6
11.39	30.6
11.39	30.6
11.39	30.6
11.4	30.6
11.4	30.6
11.4	30.6
11.4	30.59
11.4	30.59
11.4	30.59
11.4	30.59
11.4	30.59
11.4	30.59
11.4	30.59
11.4	30.59
11.4	30.59
11.4	30.59
11.4	30.59
11.4	30.59
11.4	30.59
11.4	30.59
11.4	30.59
11.4	30.58
11.4	30.58
11.4	30.58
11.41	30.58
11.41	30.58
11.41	30.58
11.41	30.58
11.41	30.58
11.41	30.58
11.41	30.58
11.41	30.58
11.41	30.58
11.41	30.58
11.41	30.58
11.41	30.58
11.41	30.58
11.41	30.57
11.41	30.57
11.41	30.57
11.41	30.57
11.41	30.57
11.41	30.57
11.41	30.57
11.42	30.57
11.42	30.57
11.42	30.57
11.42	30.57
11.42	30.57
11.42	30.57
11.42	30.57
11.42	30.57
11.42	30.57
11.42	30.57
11.42	30.57
11.42	30.57
11.42	30.57
11.42	30.57
11.42	30.57
11.42	30.57
11.42	30.57
11.42	30.56
11.42	30.56
11.43	30.56
11.43	30.56
11.43	30.56
11.43	30.56
11.43	30.56
11.43	30.56
11.43	30.56
11.43	30.56
11.43	30.56
11.43	30.56
11.43	30.56
11.43	30.56
11.43	30.56
11.43	30.56
11.43	30.56
11.43	30.56
11.43	30.56
11.43	30.56
11.43	30.56
11.43	30.56
11.44	30.57
11.44	30.57
11.44	30.57
11.44	30.57
11.44	30.57
11.44	30.57
11.44	30.57
11.44	30.57
11.44	30.57
11.44	30.57
11.44	30.57
11.44	30.57
11.44	30.57
11.44	30.57
11.44	30.58
11.44	30.58
11.44	30.58
11.44	30.58
11.44	30.58
11.44	30.58
11.44	30.58
11.45	30.58
11.45	30.59
11.45	30.59
11.45	30.59
11.45	30.59
11.45	30.59
11.45	30.6
11.45	30.6
11.45	30.6
11.45	30.6
11.45	30.61
11.45	30.61
11.45	30.61
11.45	30.61
11.45	30.62
11.45	30.62
11.45	30.62
11.45	30.63
11.45	30.63
11.45	30.63
11.46	30.64
11.46	30.64
11.46	30.65
11.46	30.65
11.46	30.66
11.46	30.66
11.46	30.67
11.46	30.67
11.46	30.68
11.46	30.68
11.46	30.69
11.46	30.7
11.46	30.7
11.46	30.71
11.46	30.72
11.46	30.72
11.46	30.73
11.46	30.74
11.46	30.75
11.47	30.76
11.47	30.77
11.47	30.77
11.47	30.78
11.47	30.79
11.47	30.8
11.47	30.82
11.47	30.83
11.47	30.84
11.47	30.85
11.47	30.86
11.47	30.88
11.47	30.89
11.47	30.9
11.47	30.92
11.47	30.93
11.47	30.95
11.47	30.97
11.47	30.98
11.47	31
11.48	31.02
11.48	31.04
11.48	31.06
11.48	31.08
11.48	31.1
11.48	31.12
11.48	31.14
11.48	31.17
11.48	31.19
11.48	31.22
11.48	31.24
11.48	31.27
11.48	31.3
11.48	31.33
11.48	31.36
11.48	31.39
11.48	31.43
11.48	31.46
11.48	31.5
11.48	31.53
11.48	31.57
11.49	31.61
11.49	31.65
11.49	31.69
11.49	31.74
11.49	31.78
11.49	31.83
11.49	31.88
11.49	31.93
11.49	31.98
11.49	32.04
11.49	32.1
11.49	32.16
11.49	32.22
11.49	32.28
11.49	32.35
11.49	32.41
11.49	32.48
11.49	32.56
11.49	32.63
11.49	32.71
11.5	32.79
11.5	32.88
11.5	32.96
11.5	33.05
11.5	33.15
11.5	33.24
11.5	33.34
11.5	33.45
11.5	33.56
11.5	33.67
11.5	33.78
11.5	33.9
11.5	34.03
11.5	34.15
11.5	34.29
11.5	34.42
11.5	34.57
11.5	34.71
11.5	34.87
11.51	35.02
11.51	35.19
11.51	35.36
11.51	35.53
11.51	35.71
11.51	35.9
11.51	36.09
11.51	36.29
11.51	36.5
11.51	36.71
11.51	36.94
11.51	37.17
11.51	37.41
11.51	37.65
11.51	37.91
11.51	38.17
11.51	38.44
11.51	38.73
11.51	39.02
11.51	39.32
11.52	39.63
11.52	39.96
11.52	40.29
11.52	40.64
11.52	41
11.52	41.37
11.52	41.75
11.52	42.15
11.52	42.56
11.52	42.98
11.52	43.42
11.52	43.87
11.52	44.34
11.52	44.83
11.52	45.33
11.52	45.85
11.52	46.38
11.52	46.94
11.52	47.51
11.52	48.11
11.52	48.72
11.53	49.36
11.53	50.01
11.53	50.69
11.53	51.39
11.53	52.12
11.53	52.86
11.53	53.64
11.53	54.44
11.53	55.26
11.53	56.11
11.53	56.99
11.53	57.9
11.53	58.84
11.53	59.81
11.53	60.81
11.53	61.85
11.53	62.92
11.53	64.02
11.53	65.17
11.53	66.34
11.54	67.56
11.54	68.82
11.54	70.12
11.54	71.46
11.54	72.84
11.54	74.27
11.54	75.75
11.54	77.27
11.54	78.84
11.54	80.46
11.54	82.12
11.54	83.84
11.54	85.61
11.54	87.43
11.54	89.31
11.54	91.24
11.54	93.23
11.54	95.28
11.54	97.39
11.55	99.57
11.55	101.8
11.55	104.1
11.55	106.5
11.55	108.9
11.55	111.5
11.55	114
11.55	116.7
11.55	119.5
11.55	122.3
11.55	125.2
11.55	128.1
11.55	131.2
11.55	134.3
11.55	137.5
11.55	140.8
11.55	144.2
11.55	147.6
11.55	151.1
11.55	154.7
11.56	158.3
11.56	162
11.56	165.8
11.56	169.7
11.56	173.7
11.56	177.8
11.56	182
11.56	186.3
11.56	190.6
11.56	195.1
11.56	199.7
11.56	204.3
11.56	209.1
11.56	214
11.56	218.9
11.56	224
11.56	229.1
11.56	234.4
11.56	239.7
11.56	245.1
11.56	250.6
11.57	256.2
11.57	261.9
11.57	267.6
11.57	273.4
11.57	279.3
11.57	285.1
11.57	291
11.57	296.9
11.57	302.9
11.57	308.9
11.57	314.9
11.57	321.1
11.57	327.4
11.57	333.7
11.57	340.1
11.57	346.6
11.57	353.3
11.57	359.9
11.57	366.7
11.57	373.6
11.58	380.5
11.58	387.5
11.58	394.6
11.58	401.8
11.58	409
11.58	416.3
11.58	423.6
11.58	431
11.58	438.5
11.58	446
11.58	453.6
11.58	461.1
11.58	468.7
11.58	476.1
11.58	483.4
11.58	490.7
11.58	497.8
11.58	504.9
11.58	512
11.59	519.1
11.59	526.3
11.59	533.5
11.59	540.7
11.59	548
11.59	555.3
11.59	562.7
11.59	570.2
11.59	577.6
11.59	585.1
11.59	592.7
11.59	600.2
11.59	607.8
11.59	615.4
11.59	623
11.59	630.6
11.59	638.2
11.59	645.8
11.59	653.4
11.59	661
11.6	668.5
11.6	675.9
11.6	683.1
11.6	690.1
11.6	696.9
11.6	703.5
11.6	710.1
11.6	716.5
11.6	722.9
11.6	729.2
11.6	735.5
11.6	741.7
11.6	747.9
11.6	754.1
11.6	760.3
11.6	766.4
11.6	772.5
11.6	778.6
11.6	784.6
11.6	790.6
11.6	796.6
11.61	802.6
11.61	808.5
11.61	814.5
11.61	820.4
11.61	826.2
11.61	832
11.61	837.8
11.61	843.6
11.61	849.2
11.61	854.7
11.61	860.1
11.61	865.3
11.61	870.4
11.61	875.3
11.61	880
11.61	884.7
11.61	889.2
11.61	893.6
11.61	897.9
11.61	902.1
11.62	906.2
11.62	910.2
11.62	914.2
11.62	918.1
11.62	921.9
11.62	925.7
11.62	929.4
11.62	933.1
11.62	936.8
11.62	940.4
11.62	944
11.62	947.6
11.62	951.1
11.62	954.6
11.62	958.1
11.62	961.5
11.62	964.9
11.62	968.3
11.62	971.5
11.62	974.7
11.63	977.9
11.63	980.9
11.63	983.9
11.63	986.7
11.63	989.5
11.63	992.2
11.63	994.8
11.63	997.3
11.63	999.7
11.63	1.00E+03
11.63	1.00E+03
11.63	1.01E+03
11.63	1.01E+03
11.63	1.01E+03
11.63	1.01E+03
11.63	1.02E+03
11.63	1.02E+03
11.63	1.02E+03
11.63	1.02E+03
11.64	1.02E+03
11.64	1.02E+03
11.64	1.03E+03
11.64	1.03E+03
11.64	1.03E+03
11.64	1.03E+03
11.64	1.03E+03
11.64	1.03E+03
11.64	1.04E+03
11.64	1.04E+03
11.64	1.04E+03
11.64	1.04E+03
11.64	1.04E+03
11.64	1.04E+03
11.64	1.05E+03
11.64	1.05E+03
11.64	1.05E+03
11.64	1.05E+03
11.64	1.05E+03
11.64	1.05E+03
11.65	1.05E+03
11.65	1.05E+03
11.65	1.05E+03
11.65	1.05E+03
11.65	1.06E+03
11.65	1.06E+03
11.65	1.06E+03
11.65	1.06E+03
11.65	1.06E+03
11.65	1.06E+03
11.65	1.06E+03
11.65	1.06E+03
11.65	1.06E+03
11.65	1.06E+03
11.65	1.06E+03
11.65	1.06E+03
11.65	1.06E+03
11.65	1.06E+03
11.65	1.06E+03
11.65	1.06E+03
11.65	1.06E+03
11.66	1.06E+03
11.66	1.06E+03
11.66	1.06E+03
11.66	1.06E+03
11.66	1.06E+03
11.66	1.06E+03
11.66	1.07E+03
11.66	1.07E+03
11.66	1.07E+03
11.66	1.07E+03
11.66	1.07E+03
11.66	1.07E+03
11.66	1.06E+03
11.66	1.06E+03
11.66	1.06E+03
11.66	1.06E+03
11.66	1.06E+03
11.66	1.06E+03
11.66	1.06E+03
11.66	1.06E+03
11.67	1.06E+03
11.67	1.06E+03
11.67	1.06E+03
11.67	1.06E+03
11.67	1.06E+03
11.67	1.06E+03
11.67	1.06E+03
11.67	1.06E+03
11.67	1.06E+03
11.67	1.06E+03
11.67	1.06E+03
11.67	1.06E+03
11.67	1.06E+03
11.67	1.06E+03
11.67	1.06E+03
11.67	1.06E+03
11.67	1.06E+03
11.67	1.05E+03
11.67	1.05E+03
11.68	1.05E+03
11.68	1.05E+03
11.68	1.05E+03
11.68	1.05E+03
11.68	1.05E+03
11.68	1.05E+03
11.68	1.05E+03
11.68	1.05E+03
11.68	1.05E+03
11.68	1.05E+03
11.68	1.05E+03
11.68	1.04E+03
11.68	1.04E+03
11.68	1.04E+03
11.68	1.04E+03
11.68	1.04E+03
11.68	1.04E+03
11.68	1.04E+03
11.68	1.04E+03
11.68	1.04E+03
11.69	1.04E+03
11.69	1.04E+03
11.69	1.03E+03
11.69	1.03E+03
11.69	1.03E+03
11.69	1.03E+03
11.69	1.03E+03
11.69	1.03E+03
11.69	1.03E+03
11.69	1.03E+03
11.69	1.03E+03
11.69	1.03E+03
11.69	1.02E+03
11.69	1.02E+03
11.69	1.02E+03
11.69	1.02E+03
11.69	1.02E+03
11.69	1.02E+03
11.69	1.02E+03
11.69	1.02E+03
11.69	1.02E+03
11.7	1.01E+03
11.7	1.01E+03
11.7	1.01E+03
11.7	1.01E+03
11.7	1.01E+03
11.7	1.01E+03
11.7	1.01E+03
11.7	1.01E+03
11.7	1.01E+03
11.7	1.00E+03
11.7	1.00E+03
11.7	1.00E+03
11.7	1.00E+03
11.7	999.1
11.7	998
11.7	996.8
11.7	995.6
11.7	994.4
11.7	993.1
11.7	991.9
11.71	990.7
11.71	989.5
11.71	988.3
11.71	987.1
11.71	985.8
11.71	984.6
11.71	983.4
11.71	982.1
11.71	980.9
11.71	979.7
11.71	978.4
11.71	977.2
11.71	975.9
11.71	974.7
11.71	973.4
11.71	972.2
11.71	970.9
11.71	969.7
11.71	968.4
11.72	967.1
11.72	965.9
11.72	964.6
11.72	963.4
11.72	962.1
11.72	960.8
11.72	959.6
11.72	958.3
11.72	957
11.72	955.8
11.72	954.5
11.72	953.3
11.72	952
11.72	950.7
11.72	949.5
11.72	948.2
11.72	946.9
11.72	945.7
11.72	944.4
11.72	943.1
11.73	941.9
11.73	940.6
11.73	939.3
11.73	938.1
11.73	936.8
11.73	935.6
11.73	934.3
11.73	933
11.73	931.8
11.73	930.5
11.73	929.3
11.73	928
11.73	926.8
11.73	925.5
11.73	924.2
11.73	923
11.73	921.8
11.73	920.5
11.73	919.3
11.73	918
11.73	916.8
11.74	915.5
11.74	914.3
11.74	913.1
11.74	911.8
11.74	910.6
11.74	909.3
11.74	908.1
11.74	906.9
11.74	905.7
11.74	904.4
11.74	903.2
11.74	902
11.74	900.8
11.74	899.5
11.74	898.3
11.74	897.1
11.74	895.9
11.74	894.7
11.74	893.5
11.74	892.3
11.75	891.1
11.75	889.9
11.75	888.7
11.75	887.5
11.75	886.3
11.75	885.1
11.75	883.9
11.75	882.7
11.75	881.5
11.75	880.3
11.75	879.1
11.75	877.9
11.75	876.8
11.75	875.6
11.75	874.4
11.75	873.2
11.75	872
11.75	870.9
11.75	869.7
11.76	868.5
11.76	867.4
11.76	866.2
11.76	865
11.76	863.9
11.76	862.7
11.76	861.6
11.76	860.4
11.76	859.2
11.76	858.1
11.76	856.9
11.76	855.8
11.76	854.7
11.76	853.5
11.76	852.4
11.76	851.2
11.76	850.1
11.76	849
11.76	847.8
11.76	846.7
11.77	845.6
11.77	844.4
11.77	843.3
11.77	842.2
11.77	841.1
11.77	840
11.77	838.9
11.77	837.7
11.77	836.6
11.77	835.5
11.77	834.4
11.77	833.3
11.77	832.2
11.77	831.1
11.77	830
11.77	828.9
11.77	827.8
11.77	826.8
11.77	825.7
11.77	824.6
11.77	823.5
11.78	822.4
11.78	821.4
11.78	820.3
11.78	819.2
11.78	818.1
11.78	817.1
11.78	816
11.78	814.9
11.78	813.9
11.78	812.8
11.78	811.8
11.78	810.7
11.78	809.7
11.78	808.6
11.78	807.6
11.78	806.5
11.78	805.5
11.78	804.5
11.78	803.4
11.78	802.4
11.79	801.4
11.79	800.3
11.79	799.3
11.79	798.3
11.79	797.3
11.79	796.3
11.79	795.2
11.79	794.2
11.79	793.2
11.79	792.2
11.79	791.2
11.79	790.2
11.79	789.2
11.79	788.2
11.79	787.2
11.79	786.2
11.79	785.2
11.79	784.2
11.79	783.3
11.8	782.3
11.8	781.3
11.8	780.3
11.8	779.3
11.8	778.4
11.8	777.4
11.8	776.4
11.8	775.4
11.8	774.5
11.8	773.5
11.8	772.6
11.8	771.6
11.8	770.6
11.8	769.7
11.8	768.7
11.8	767.8
11.8	766.8
11.8	765.9
11.8	764.9
11.8	764
11.81	763.1
11.81	762.1
11.81	761.2
11.81	760.3
11.81	759.3
11.81	758.4
11.81	757.5
11.81	756.6
11.81	755.6
11.81	754.7
11.81	753.8
11.81	752.9
11.81	752
11.81	751
11.81	750.1
11.81	749.2
11.81	748.3
11.81	747.4
11.81	746.5
11.81	745.6
11.81	744.7
11.82	743.8
11.82	742.9
11.82	742
11.82	741.2
11.82	740.3
11.82	739.4
11.82	738.5
11.82	737.6
11.82	736.8
11.82	735.9
11.82	735
11.82	734.1
11.82	733.3
11.82	732.4
11.82	731.5
11.82	730.7
11.82	729.8
11.82	729
11.82	728.1
11.82	727.3
11.83	726.4
11.83	725.6
11.83	724.7
11.83	723.9
11.83	723
11.83	722.2
11.83	721.3
11.83	720.5
11.83	719.7
11.83	718.8
11.83	718
11.83	717.2
11.83	716.4
11.83	715.5
11.83	714.7
11.83	713.9
11.83	713.1
11.83	712.3
11.83	711.5
11.84	710.6
11.84	709.8
11.84	709
11.84	708.2
11.84	707.4
11.84	706.6
11.84	705.8
11.84	705
11.84	704.2
11.84	703.5
11.84	702.7
11.84	701.9
11.84	701.1
11.84	700.3
11.84	699.5
11.84	698.7
11.84	698
11.84	697.2
11.84	696.4
11.84	695.6
11.85	694.9
11.85	694.1
11.85	693.3
11.85	692.6
11.85	691.8
11.85	691.1
11.85	690.3
11.85	689.6
11.85	688.8
11.85	688
11.85	687.3
11.85	686.6
11.85	685.8
11.85	685.1
11.85	684.3
11.85	683.6
11.85	682.8
11.85	682.1
11.85	681.4
11.85	680.6
11.85	679.9
11.86	679.2
11.86	678.5
11.86	677.7
11.86	677
11.86	676.3
11.86	675.6
11.86	674.9
11.86	674.2
11.86	673.4
11.86	672.7
11.86	672
11.86	671.3
11.86	670.6
11.86	669.9
11.86	669.2
11.86	668.5
11.86	667.8
11.86	667.1
11.86	666.4
11.86	665.7
11.87	665.1
11.87	664.4
11.87	663.7
11.87	663
11.87	662.3
11.87	661.6
11.87	661
11.87	660.3
11.87	659.6
11.87	658.9
11.87	658.3
11.87	657.6
11.87	656.9
11.87	656.3
11.87	655.6
11.87	654.9
11.87	654.3
11.87	653.6
11.87	653
11.88	652.3
11.88	651.7
11.88	651
11.88	650.4
11.88	649.7
11.88	649.1
11.88	648.4
11.88	647.8
11.88	647.1
11.88	646.5
11.88	645.9
11.88	645.2
11.88	644.6
11.88	644
11.88	643.3
11.88	642.7
11.88	642.1
11.88	641.4
11.88	640.8
11.88	640.2
11.89	639.6
11.89	639
11.89	638.3
11.89	637.7
11.89	637.1
11.89	636.5
11.89	635.9
11.89	635.3
11.89	634.7
11.89	634
11.89	633.4
11.89	632.8
11.89	632.2
11.89	631.6
11.89	631
11.89	630.4
11.89	629.8
11.89	629.2
11.89	628.7
11.89	628.1
11.9	627.5
11.9	626.9
11.9	626.3
11.9	625.7
11.9	625.1
11.9	624.5
11.9	624
11.9	623.4
11.9	622.8
11.9	622.2
11.9	621.6
11.9	621.1
11.9	620.5
11.9	619.9
11.9	619.4
11.9	618.8
11.9	618.2
11.9	617.7
11.9	617.1
11.9	616.5
11.9	616
11.91	615.4
11.91	614.8
11.91	614.3
11.91	613.7
11.91	613.2
11.91	612.6
11.91	612.1
11.91	611.5
11.91	611
11.91	610.4
11.91	609.9
11.91	609.3
11.91	608.8
11.91	608.2
11.91	607.7
11.91	607.2
11.91	606.6
11.91	606.1
11.91	605.5
11.91	605
11.92	604.5
11.92	603.9
11.92	603.4
11.92	602.9
11.92	602.3
11.92	601.8
11.92	601.3
11.92	600.8
11.92	600.2
11.92	599.7
11.92	599.2
11.92	598.7
11.92	598.2
11.92	597.6
11.92	597.1
11.92	596.6
11.92	596.1
11.92	595.6
11.92	595.1
11.93	594.6
11.93	594
11.93	593.5
11.93	593
11.93	592.5
11.93	592
11.93	591.5
11.93	591
11.93	590.5
11.93	590
11.93	589.5
11.93	589
11.93	588.5
11.93	588
11.93	587.5
11.93	587
11.93	586.5
11.93	586
11.93	585.5
11.93	585.1
11.94	584.6
11.94	584.1
11.94	583.6
11.94	583.1
11.94	582.6
11.94	582.1
11.94	581.7
11.94	581.2
11.94	580.7
11.94	580.2
11.94	579.7
11.94	579.3
11.94	578.8
11.94	578.3
11.94	577.8
11.94	577.4
11.94	576.9
11.94	576.4
11.94	576
11.94	575.5
11.94	575
11.95	574.6
11.95	574.1
11.95	573.6
11.95	573.2
11.95	572.7
11.95	572.2
11.95	571.8
11.95	571.3
11.95	570.9
11.95	570.4
11.95	570
11.95	569.5
11.95	569
11.95	568.6
11.95	568.1
11.95	567.7
11.95	567.2
11.95	566.8
11.95	566.3
11.95	565.9
11.96	565.4
11.96	565
11.96	564.6
11.96	564.1
11.96	563.7
11.96	563.2
11.96	562.8
11.96	562.3
11.96	561.9
11.96	561.5
11.96	561
11.96	560.6
11.96	560.2
11.96	559.7
11.96	559.3
11.96	558.9
11.96	558.4
11.96	558
11.96	557.6
11.97	557.1
11.97	556.7
11.97	556.3
11.97	555.9
11.97	555.4
11.97	555
11.97	554.6
11.97	554.2
11.97	553.7
11.97	553.3
11.97	552.9
11.97	552.5
11.97	552.1
11.97	551.6
11.97	551.2
11.97	550.8
11.97	550.4
11.97	550
11.97	549.6
11.97	549.2
11.98	548.7
11.98	548.3
11.98	547.9
11.98	547.5
11.98	547.1
11.98	546.7
11.98	546.3
11.98	545.9
11.98	545.5
11.98	545.1
11.98	544.7
11.98	544.3
11.98	543.9
11.98	543.5
11.98	543.1
11.98	542.7
11.98	542.3
11.98	541.9
11.98	541.5
11.98	541.1
11.98	540.7
11.99	540.3
11.99	539.9
11.99	539.5
11.99	539.1
11.99	538.7
11.99	538.3
11.99	537.9
11.99	537.6
11.99	537.2
11.99	536.8
11.99	536.4
11.99	536
11.99	535.6
11.99	535.2
11.99	534.9
11.99	534.5
11.99	534.1
11.99	533.7
11.99	533.3
11.99	533
12	532.6
12	532.2
12	531.8
12	531.4
12	531.1
12	530.7
12	530.3
12	529.9
12	529.6
12	529.2
12	528.8
12	528.5
12	528.1
12	527.7
12	527.3
12	527
12	526.6
12	526.2
12	525.9
12.01	525.5
12.01	525.2
12.01	524.8
12.01	524.4
12.01	524.1
12.01	523.7
12.01	523.3
12.01	523
12.01	522.6
12.01	522.3
12.01	521.9
12.01	521.5
12.01	521.2
12.01	520.8
12.01	520.5
12.01	520.1
12.01	519.8
12.01	519.4
12.01	519.1
12.01	518.7
12.02	518.4
12.02	518
12.02	517.7
12.02	517.3
12.02	517
12.02	516.6
12.02	516.3
12.02	515.9
12.02	515.6
12.02	515.2
12.02	514.9
12.02	514.5
12.02	514.2
12.02	513.8
12.02	513.5
12.02	513.2
12.02	512.8
12.02	512.5
12.02	512.1
12.02	511.8
12.02	511.5
12.03	511.1
12.03	510.8
12.03	510.5
12.03	510.1
12.03	509.8
12.03	509.4
12.03	509.1
12.03	508.8
12.03	508.4
12.03	508.1
12.03	507.8
12.03	507.5
12.03	507.1
12.03	506.8
12.03	506.5
12.03	506.1
12.03	505.8
12.03	505.5
12.03	505.2
12.03	504.8
12.04	504.5
12.04	504.2
12.04	503.9
12.04	503.5
12.04	503.2
12.04	502.9
12.04	502.6
12.04	502.2
12.04	501.9
12.04	501.6
12.04	501.3
12.04	501
12.04	500.6
12.04	500.3
12.04	500
12.04	499.7
12.04	499.4
12.04	499.1
12.04	498.7
12.05	498.4
12.05	498.1
12.05	497.8
12.05	497.5
12.05	497.2
12.05	496.9
12.05	496.6
12.05	496.3
12.05	495.9
12.05	495.6
12.05	495.3
12.05	495
12.05	494.7
12.05	494.4
12.05	494.1
12.05	493.8
12.05	493.5
12.05	493.2
12.05	492.9
12.05	492.6
12.06	492.3
12.06	492
12.06	491.7
12.06	491.4
12.06	491.1
12.06	490.8
12.06	490.5
12.06	490.2
12.06	489.9
12.06	489.6
12.06	489.3
12.06	489
12.06	488.7
12.06	488.4
12.06	488.1
12.06	487.8
12.06	487.5
12.06	487.2
12.06	486.9
12.06	486.6
12.06	486.3
12.07	486
12.07	485.7
12.07	485.5
12.07	485.2
12.07	484.9
12.07	484.6
12.07	484.3
12.07	484
12.07	483.7
12.07	483.4
12.07	483.2
12.07	482.9
12.07	482.6
12.07	482.3
12.07	482
12.07	481.7
12.07	481.4
12.07	481.2
12.07	480.9
12.07	480.6
12.08	480.3
12.08	480
12.08	479.8
12.08	479.5
12.08	479.2
12.08	478.9
12.08	478.6
12.08	478.4
12.08	478.1
12.08	477.8
12.08	477.5
12.08	477.3
12.08	477
12.08	476.7
12.08	476.4
12.08	476.2
12.08	475.9
12.08	475.6
12.08	475.3
12.09	475.1
12.09	474.8
12.09	474.5
12.09	474.3
12.09	474
12.09	473.7
12.09	473.4
12.09	473.2
12.09	472.9
12.09	472.6
12.09	472.4
12.09	472.1
12.09	471.8
12.09	471.6
12.09	471.3
12.09	471
12.09	470.8
12.09	470.5
12.09	470.2
12.09	470
12.1	469.7
12.1	469.5
12.1	469.2
12.1	468.9
12.1	468.7
12.1	468.4
12.1	468.2
12.1	467.9
12.1	467.6
12.1	467.4
12.1	467.1
12.1	466.9
12.1	466.6
12.1	466.3
12.1	466.1
12.1	465.8
12.1	465.6
12.1	465.3
12.1	465.1
12.1	464.8
12.1	464.6
12.11	464.3
12.11	464
12.11	463.8
12.11	463.5
12.11	463.3
12.11	463
12.11	462.8
12.11	462.5
12.11	462.3
12.11	462
12.11	461.8
12.11	461.5
12.11	461.3
12.11	461
12.11	460.8
12.11	460.5
12.11	460.3
12.11	460.1
12.11	459.8
12.11	459.6
12.12	459.3
12.12	459.1
12.12	458.8
12.12	458.6
12.12	458.3
12.12	458.1
12.12	457.8
12.12	457.6
12.12	457.4
12.12	457.1
12.12	456.9
12.12	456.6
12.12	456.4
12.12	456.2
12.12	455.9
12.12	455.7
12.12	455.4
12.12	455.2
12.12	455
12.12	454.7
12.13	454.5
12.13	454.2
12.13	454
12.13	453.8
12.13	453.5
12.13	453.3
12.13	453.1
12.13	452.8
12.13	452.6
12.13	452.4
12.13	452.1
12.13	451.9
12.13	451.7
12.13	451.4
12.13	451.2
12.13	451
12.13	450.7
12.13	450.5
12.13	450.3
12.14	450
12.14	449.8
12.14	449.6
12.14	449.3
12.14	449.1
12.14	448.9
12.14	448.7
12.14	448.4
12.14	448.2
12.14	448
12.14	447.8
12.14	447.5
12.14	447.3
12.14	447.1
12.14	446.8
12.14	446.6
12.14	446.4
12.14	446.2
12.14	445.9
12.14	445.7
12.15	445.5
12.15	445.3
12.15	445.1
12.15	444.8
12.15	444.6
12.15	444.4
12.15	444.2
12.15	443.9
12.15	443.7
12.15	443.5
12.15	443.3
12.15	443.1
12.15	442.8
12.15	442.6
12.15	442.4
12.15	442.2
12.15	442
12.15	441.8
12.15	441.5
12.15	441.3
12.15	441.1
12.16	440.9
12.16	440.7
12.16	440.5
12.16	440.2
12.16	440
12.16	439.8
12.16	439.6
12.16	439.4
12.16	439.2
12.16	439
12.16	438.7
12.16	438.5
12.16	438.3
12.16	438.1
12.16	437.9
12.16	437.7
12.16	437.5
12.16	437.3
12.16	437
12.16	436.8
12.17	436.6
12.17	436.4
12.17	436.2
12.17	436
12.17	435.8
12.17	435.6
12.17	435.4
12.17	435.2
12.17	435
12.17	434.7
12.17	434.5
12.17	434.3
12.17	434.1
12.17	433.9
12.17	433.7
12.17	433.5
12.17	433.3
12.17	433.1
12.17	432.9
12.18	432.7
12.18	432.5
12.18	432.3
12.18	432.1
12.18	431.9
12.18	431.7
12.18	431.5
12.18	431.3
12.18	431.1
12.18	430.9
12.18	430.7
12.18	430.5
12.18	430.3
12.18	430.1
12.18	429.9
12.18	429.7
12.18	429.5
12.18	429.3
12.18	429.1
12.18	428.9
12.19	428.7
12.19	428.5
12.19	428.3
12.19	428.1
12.19	427.9
12.19	427.7
12.19	427.5
12.19	427.3
12.19	427.1
12.19	426.9
12.19	426.7
12.19	426.5
12.19	426.3
12.19	426.1
12.19	425.9
12.19	425.7
12.19	425.5
12.19	425.3
12.19	425.1
12.19	424.9
12.19	424.8
12.2	424.6
12.2	424.4
12.2	424.2
12.2	424
12.2	423.8
12.2	423.6
12.2	423.4
12.2	423.2
12.2	423
12.2	422.8
12.2	422.7
12.2	422.5
12.2	422.3
12.2	422.1
12.2	421.9
12.2	421.7
12.2	421.5
12.2	421.3
12.2	421.1
12.2	421
12.21	420.8
12.21	420.6
12.21	420.4
12.21	420.2
12.21	420
12.21	419.8
12.21	419.6
12.21	419.5
12.21	419.3
12.21	419.1
12.21	418.9
12.21	418.7
12.21	418.5
12.21	418.4
12.21	418.2
12.21	418
12.21	417.8
12.21	417.6
12.21	417.4
12.22	417.3
12.22	417.1
12.22	416.9
12.22	416.7
12.22	416.5
12.22	416.3
12.22	416.2
12.22	416
12.22	415.8
12.22	415.6
12.22	415.4
12.22	415.3
12.22	415.1
12.22	414.9
12.22	414.7
12.22	414.5
12.22	414.4
12.22	414.2
12.22	414
12.22	413.8
12.23	413.7
12.23	413.5
12.23	413.3
12.23	413.1
12.23	412.9
12.23	412.8
12.23	412.6
12.23	412.4
12.23	412.2
12.23	412.1
12.23	411.9
12.23	411.7
12.23	411.5
12.23	411.4
12.23	411.2
12.23	411
12.23	410.8
12.23	410.7
12.23	410.5
12.23	410.3
12.23	410.2
12.24	410
12.24	409.8
12.24	409.6
12.24	409.5
12.24	409.3
12.24	409.1
12.24	408.9
12.24	408.8
12.24	408.6
12.24	408.4
12.24	408.3
12.24	408.1
12.24	407.9
12.24	407.8
12.24	407.6
12.24	407.4
12.24	407.2
12.24	407.1
12.24	406.9
12.24	406.7
12.25	406.6
12.25	406.4
12.25	406.2
12.25	406.1
12.25	405.9
12.25	405.7
12.25	405.6
12.25	405.4
12.25	405.2
12.25	405.1
12.25	404.9
12.25	404.7
12.25	404.6
12.25	404.4
12.25	404.2
12.25	404.1
12.25	403.9
12.25	403.7
12.25	403.6
12.26	403.4
12.26	403.2
12.26	403.1
12.26	402.9
12.26	402.8
12.26	402.6
12.26	402.4
12.26	402.3
12.26	402.1
12.26	401.9
12.26	401.8
12.26	401.6
12.26	401.5
12.26	401.3
12.26	401.1
12.26	401
12.26	400.8
12.26	400.7
12.26	400.5
12.26	400.3
12.27	400.2
12.27	400
12.27	399.8
12.27	399.7
12.27	399.5
12.27	399.4
12.27	399.2
12.27	399.1
12.27	398.9
12.27	398.7
12.27	398.6
12.27	398.4
12.27	398.3
12.27	398.1
12.27	397.9
12.27	397.8
12.27	397.6
12.27	397.5
12.27	397.3
12.27	397.2
12.27	397
12.28	396.9
12.28	396.7
12.28	396.5
12.28	396.4
12.28	396.2
12.28	396.1
12.28	395.9
12.28	395.8
12.28	395.6
12.28	395.5
12.28	395.3
12.28	395.1
12.28	395
12.28	394.8
12.28	394.7
12.28	394.5
12.28	394.4
12.28	394.2
12.28	394.1
12.28	393.9
12.29	393.8
12.29	393.6
12.29	393.5
12.29	393.3
12.29	393.2
12.29	393
12.29	392.9
12.29	392.7
12.29	392.6
12.29	392.4
12.29	392.3
12.29	392.1
12.29	392
12.29	391.8
12.29	391.7
12.29	391.5
12.29	391.4
12.29	391.2
12.29	391.1
12.3	390.9
12.3	390.8
12.3	390.6
12.3	390.5
12.3	390.3
12.3	390.2
12.3	390
12.3	389.9
12.3	389.7
12.3	389.6
12.3	389.4
12.3	389.3
12.3	389.1
12.3	389
12.3	388.8
12.3	388.7
12.3	388.5
12.3	388.4
12.3	388.3
12.3	388.1
12.31	388
12.31	387.8
12.31	387.7
12.31	387.5
12.31	387.4
12.31	387.2
12.31	387.1
12.31	386.9
12.31	386.8
12.31	386.7
12.31	386.5
12.31	386.4
12.31	386.2
12.31	386.1
12.31	385.9
12.31	385.8
12.31	385.7
12.31	385.5
12.31	385.4
12.31	385.2
12.31	385.1
12.32	384.9
12.32	384.8
12.32	384.7
12.32	384.5
12.32	384.4
12.32	384.2
12.32	384.1
12.32	384
12.32	383.8
12.32	383.7
12.32	383.5
12.32	383.4
12.32	383.3
12.32	383.1
12.32	383
12.32	382.8
12.32	382.7
12.32	382.6
12.32	382.4
12.32	382.3
12.33	382.1
12.33	382
12.33	381.9
12.33	381.7
12.33	381.6
12.33	381.4
12.33	381.3
12.33	381.2
12.33	381
12.33	380.9
12.33	380.8
12.33	380.6
12.33	380.5
12.33	380.3
12.33	380.2
12.33	380.1
12.33	379.9
12.33	379.8
12.33	379.7
12.34	379.5
12.34	379.4
12.34	379.3
12.34	379.1
12.34	379
12.34	378.9
12.34	378.7
12.34	378.6
12.34	378.4
12.34	378.3
12.34	378.2
12.34	378
12.34	377.9
12.34	377.8
12.34	377.6
12.34	377.5
12.34	377.4
12.34	377.2
12.34	377.1
12.34	377
12.35	376.8
12.35	376.7
12.35	376.6
12.35	376.4
12.35	376.3
12.35	376.2
12.35	376
12.35	375.9
12.35	375.8
12.35	375.7
12.35	375.5
12.35	375.4
12.35	375.3
12.35	375.1
12.35	375
12.35	374.9
12.35	374.7
12.35	374.6
12.35	374.5
12.35	374.3
12.35	374.2
12.36	374.1
12.36	374
12.36	373.8
12.36	373.7
12.36	373.6
12.36	373.4
12.36	373.3
12.36	373.2
12.36	373
12.36	372.9
12.36	372.8
12.36	372.7
12.36	372.5
12.36	372.4
12.36	372.3
12.36	372.1
12.36	372
12.36	371.9
12.36	371.8
12.36	371.6
12.37	371.5
12.37	371.4
12.37	371.3
12.37	371.1
12.37	371
12.37	370.9
12.37	370.8
12.37	370.6
12.37	370.5
12.37	370.4
12.37	370.2
12.37	370.1
12.37	370
12.37	369.9
12.37	369.7
12.37	369.6
12.37	369.5
12.37	369.4
12.37	369.2
12.38	369.1
12.38	369
12.38	368.9
12.38	368.7
12.38	368.6
12.38	368.5
12.38	368.4
12.38	368.2
12.38	368.1
12.38	368
12.38	367.9
12.38	367.8
12.38	367.6
12.38	367.5
12.38	367.4
12.38	367.3
12.38	367.1
12.38	367
12.38	366.9
12.38	366.8
12.39	366.6
12.39	366.5
12.39	366.4
12.39	366.3
12.39	366.2
12.39	366
12.39	365.9
12.39	365.8
12.39	365.7
12.39	365.6
12.39	365.4
12.39	365.3
12.39	365.2
12.39	365.1
12.39	364.9
12.39	364.8
12.39	364.7
12.39	364.6
12.39	364.5
12.39	364.3
12.4	364.2
12.4	364.1
12.4	364
12.4	363.9
12.4	363.7
12.4	363.6
12.4	363.5
12.4	363.4
12.4	363.3
12.4	363.2
12.4	363
12.4	362.9
12.4	362.8
12.4	362.7
12.4	362.6
12.4	362.4
12.4	362.3
12.4	362.2
12.4	362.1
12.4	362
12.4	361.9
12.41	361.7
12.41	361.6
12.41	361.5
12.41	361.4
12.41	361.3
12.41	361.2
12.41	361
12.41	360.9
12.41	360.8
12.41	360.7
12.41	360.6
12.41	360.5
12.41	360.3
12.41	360.2
12.41	360.1
12.41	360
12.41	359.9
12.41	359.8
12.41	359.6
12.41	359.5
12.42	359.4
12.42	359.3
12.42	359.2
12.42	359.1
12.42	359
12.42	358.8
12.42	358.7
12.42	358.6
12.42	358.5
12.42	358.4
12.42	358.3
12.42	358.2
12.42	358
12.42	357.9
12.42	357.8
12.42	357.7
12.42	357.6
12.42	357.5
12.42	357.4
12.43	357.2
12.43	357.1
12.43	357
12.43	356.9
12.43	356.8
12.43	356.7
12.43	356.6
12.43	356.5
12.43	356.3
12.43	356.2
12.43	356.1
12.43	356
12.43	355.9
12.43	355.8
12.43	355.7
12.43	355.6
12.43	355.4
12.43	355.3
12.43	355.2
12.43	355.1
12.44	355
12.44	354.9
12.44	354.8
12.44	354.7
12.44	354.6
12.44	354.5
12.44	354.3
12.44	354.2
12.44	354.1
12.44	354
12.44	353.9
12.44	353.8
12.44	353.7
12.44	353.6
12.44	353.5
12.44	353.4
12.44	353.2
12.44	353.1
12.44	353
12.44	352.9
12.44	352.8
12.45	352.7
12.45	352.6
12.45	352.5
12.45	352.4
12.45	352.3
12.45	352.2
12.45	352
12.45	351.9
12.45	351.8
12.45	351.7
12.45	351.6
12.45	351.5
12.45	351.4
12.45	351.3
12.45	351.2
12.45	351.1
12.45	351
12.45	350.9
12.45	350.8
12.45	350.6
12.46	350.5
12.46	350.4
12.46	350.3
12.46	350.2
12.46	350.1
12.46	350
12.46	349.9
12.46	349.8
12.46	349.7
12.46	349.6
12.46	349.5
12.46	349.4
12.46	349.3
12.46	349.2
12.46	349.1
12.46	348.9
12.46	348.8
12.46	348.7
12.46	348.6
12.47	348.5
12.47	348.4
12.47	348.3
12.47	348.2
12.47	348.1
12.47	348
12.47	347.9
12.47	347.8
12.47	347.7
12.47	347.6
12.47	347.5
12.47	347.4
12.47	347.3
12.47	347.2
12.47	347.1
12.47	347
12.47	346.9
12.47	346.7
12.47	346.6
12.47	346.5
12.48	346.4
12.48	346.3
12.48	346.2
12.48	346.1
12.48	346
12.48	345.9
12.48	345.8
12.48	345.7
12.48	345.6
12.48	345.5
12.48	345.4
12.48	345.3
12.48	345.2
12.48	345.1
12.48	345
12.48	344.9
12.48	344.8
12.48	344.7
12.48	344.6
12.48	344.5
12.48	344.4
12.49	344.3
12.49	344.2
12.49	344.1
12.49	344
12.49	343.9
12.49	343.8
12.49	343.7
12.49	343.6
12.49	343.5
12.49	343.4
12.49	343.3
12.49	343.2
12.49	343.1
12.49	343
12.49	342.9
12.49	342.8
12.49	342.7
12.49	342.6
12.49	342.5
12.49	342.4
12.5	342.3
12.5	342.2
12.5	342.1
12.5	342
12.5	341.9
12.5	341.8
12.5	341.7
12.5	341.6
12.5	341.5
12.5	341.4
12.5	341.3
12.5	341.2
12.5	341.1
12.5	341
12.5	340.9
12.5	340.8
12.5	340.7
12.5	340.6
12.5	340.5
12.51	340.4
12.51	340.3
12.51	340.2
12.51	340.1
12.51	340
12.51	339.9
12.51	339.8
12.51	339.7
12.51	339.6
12.51	339.5
12.51	339.4
12.51	339.3
12.51	339.2
12.51	339.1
12.51	339
12.51	338.9
12.51	338.8
12.51	338.7
12.51	338.6
12.51	338.5
12.52	338.4
12.52	338.3
12.52	338.2
12.52	338.2
12.52	338.1
12.52	338
12.52	337.9
12.52	337.8
12.52	337.7
12.52	337.6
12.52	337.5
12.52	337.4
12.52	337.3
12.52	337.2
12.52	337.1
12.52	337
12.52	336.9
12.52	336.8
12.52	336.7
12.52	336.6
12.52	336.5
12.53	336.4
12.53	336.3
12.53	336.2
12.53	336.1
12.53	336
12.53	336
12.53	335.9
12.53	335.8
12.53	335.7
12.53	335.6
12.53	335.5
12.53	335.4
12.53	335.3
12.53	335.2
12.53	335.1
12.53	335
12.53	334.9
12.53	334.8
12.53	334.7
12.53	334.6
12.54	334.5
12.54	334.4
12.54	334.4
12.54	334.3
12.54	334.2
12.54	334.1
12.54	334
12.54	333.9
12.54	333.8
12.54	333.7
12.54	333.6
12.54	333.5
12.54	333.4
12.54	333.3
12.54	333.2
12.54	333.1
12.54	333
12.54	333
12.54	332.9
12.55	332.8
12.55	332.7
12.55	332.6
12.55	332.5
12.55	332.4
12.55	332.3
12.55	332.2
12.55	332.1
12.55	332
12.55	331.9
12.55	331.9
12.55	331.8
12.55	331.7
12.55	331.6
12.55	331.5
12.55	331.4
12.55	331.3
12.55	331.2
12.55	331.1
12.55	331
12.56	330.9
12.56	330.8
12.56	330.8
12.56	330.7
12.56	330.6
12.56	330.5
12.56	330.4
12.56	330.3
12.56	330.2
12.56	330.1
12.56	330
12.56	329.9
12.56	329.9
12.56	329.8
12.56	329.7
12.56	329.6
12.56	329.5
12.56	329.4
12.56	329.3
12.56	329.2
12.56	329.1
12.57	329
12.57	329
12.57	328.9
12.57	328.8
12.57	328.7
12.57	328.6
12.57	328.5
12.57	328.4
12.57	328.3
12.57	328.2
12.57	328.2
12.57	328.1
12.57	328
12.57	327.9
12.57	327.8
12.57	327.7
12.57	327.6
12.57	327.5
12.57	327.4
12.57	327.4
12.58	327.3
12.58	327.2
12.58	327.1
12.58	327
12.58	326.9
12.58	326.8
12.58	326.7
12.58	326.6
12.58	326.6
12.58	326.5
12.58	326.4
12.58	326.3
12.58	326.2
12.58	326.1
12.58	326
12.58	325.9
12.58	325.9
12.58	325.8
12.58	325.7
12.59	325.6
12.59	325.5
12.59	325.4
12.59	325.3
12.59	325.3
12.59	325.2
12.59	325.1
12.59	325
12.59	324.9
12.59	324.8
12.59	324.7
12.59	324.6
12.59	324.6
12.59	324.5
12.59	324.4
12.59	324.3
12.59	324.2
12.59	324.1
12.59	324
12.59	324
12.6	323.9
12.6	323.8
12.6	323.7
12.6	323.6
12.6	323.5
12.6	323.4
12.6	323.4
12.6	323.3
12.6	323.2
12.6	323.1
12.6	323
12.6	322.9
12.6	322.8
12.6	322.8
12.6	322.7
12.6	322.6
12.6	322.5
12.6	322.4
12.6	322.3
12.6	322.2
12.6	322.2
12.61	322.1
12.61	322
12.61	321.9
12.61	321.8
12.61	321.7
12.61	321.7
12.61	321.6
12.61	321.5
12.61	321.4
12.61	321.3
12.61	321.2
12.61	321.2
12.61	321.1
12.61	321
12.61	320.9
12.61	320.8
12.61	320.7
12.61	320.6
12.61	320.6
12.61	320.5
12.62	320.4
12.62	320.3
12.62	320.2
12.62	320.1
12.62	320.1
12.62	320
12.62	319.9
12.62	319.8
12.62	319.7
12.62	319.6
12.62	319.6
12.62	319.5
12.62	319.4
12.62	319.3
12.62	319.2
12.62	319.1
12.62	319.1
12.62	319
12.62	318.9
12.62	318.8
12.63	318.7
12.63	318.7
12.63	318.6
12.63	318.5
12.63	318.4
12.63	318.3
12.63	318.2
12.63	318.2
12.63	318.1
12.63	318
12.63	317.9
12.63	317.8
12.63	317.8
12.63	317.7
12.63	317.6
12.63	317.5
12.63	317.4
12.63	317.3
12.63	317.3
12.64	317.2
12.64	317.1
12.64	317
12.64	316.9
12.64	316.9
12.64	316.8
12.64	316.7
12.64	316.6
12.64	316.5
12.64	316.5
12.64	316.4
12.64	316.3
12.64	316.2
12.64	316.1
12.64	316
12.64	316
12.64	315.9
12.64	315.8
12.64	315.7
12.64	315.6
12.65	315.6
12.65	315.5
12.65	315.4
12.65	315.3
12.65	315.2
12.65	315.2
12.65	315.1
12.65	315
12.65	314.9
12.65	314.8
12.65	314.8
12.65	314.7
12.65	314.6
12.65	314.5
12.65	314.4
12.65	314.4
12.65	314.3
12.65	314.2
12.65	314.1
12.65	314
12.65	314
12.66	313.9
12.66	313.8
12.66	313.7
12.66	313.6
12.66	313.6
12.66	313.5
12.66	313.4
12.66	313.3
12.66	313.3
12.66	313.2
12.66	313.1
12.66	313
12.66	312.9
12.66	312.9
12.66	312.8
12.66	312.7
12.66	312.6
12.66	312.5
12.66	312.5
12.66	312.4
12.67	312.3
12.67	312.2
12.67	312.2
12.67	312.1
12.67	312
12.67	311.9
12.67	311.8
12.67	311.8
12.67	311.7
12.67	311.6
12.67	311.5
12.67	311.5
12.67	311.4
12.67	311.3
12.67	311.2
12.67	311.1
12.67	311.1
12.67	311
12.67	310.9
12.68	310.8
12.68	310.8
12.68	310.7
12.68	310.6
12.68	310.5
12.68	310.4
12.68	310.4
12.68	310.3
12.68	310.2
12.68	310.1
12.68	310.1
12.68	310
12.68	309.9
12.68	309.8
12.68	309.8
12.68	309.7
12.68	309.6
12.68	309.5
12.68	309.4
12.68	309.4
12.69	309.3
12.69	309.2
12.69	309.1
12.69	309.1
12.69	309
12.69	308.9
12.69	308.8
12.69	308.8
12.69	308.7
12.69	308.6
12.69	308.5
12.69	308.5
12.69	308.4
12.69	308.3
12.69	308.2
12.69	308.1
12.69	308.1
12.69	308
12.69	307.9
12.69	307.8
12.69	307.8
12.7	307.7
12.7	307.6
12.7	307.5
12.7	307.5
12.7	307.4
12.7	307.3
12.7	307.2
12.7	307.2
12.7	307.1
12.7	307
12.7	306.9
12.7	306.9
12.7	306.8
12.7	306.7
12.7	306.6
12.7	306.6
12.7	306.5
12.7	306.4
12.7	306.3
12.7	306.3
12.71	306.2
12.71	306.1
12.71	306
12.71	306
12.71	305.9
12.71	305.8
12.71	305.7
12.71	305.7
12.71	305.6
12.71	305.5
12.71	305.4
12.71	305.4
12.71	305.3
12.71	305.2
12.71	305.1
12.71	305.1
12.71	305
12.71	304.9
12.71	304.9
12.72	304.8
12.72	304.7
12.72	304.6
12.72	304.6
12.72	304.5
12.72	304.4
12.72	304.3
12.72	304.3
12.72	304.2
12.72	304.1
12.72	304
12.72	304
12.72	303.9
12.72	303.8
12.72	303.7
12.72	303.7
12.72	303.6
12.72	303.5
12.72	303.5
12.72	303.4
12.73	303.3
12.73	303.2
12.73	303.2
12.73	303.1
12.73	303
12.73	302.9
12.73	302.9
12.73	302.8
12.73	302.7
12.73	302.7
12.73	302.6
12.73	302.5
12.73	302.4
12.73	302.4
12.73	302.3
12.73	302.2
12.73	302.1
12.73	302.1
12.73	302
12.73	301.9
12.73	301.9
12.74	301.8
12.74	301.7
12.74	301.6
12.74	301.6
12.74	301.5
12.74	301.4
12.74	301.4
12.74	301.3
12.74	301.2
12.74	301.1
12.74	301.1
12.74	301
12.74	300.9
12.74	300.8
12.74	300.8
12.74	300.7
12.74	300.6
12.74	300.6
12.74	300.5
12.74	300.4
12.75	300.3
12.75	300.3
12.75	300.2
12.75	300.1
12.75	300.1
12.75	300
12.75	299.9
12.75	299.8
12.75	299.8
12.75	299.7
12.75	299.6
12.75	299.6
12.75	299.5
12.75	299.4
12.75	299.4
12.75	299.3
12.75	299.2
12.75	299.1
12.75	299.1
12.76	299
12.76	298.9
12.76	298.9
12.76	298.8
12.76	298.7
12.76	298.6
12.76	298.6
12.76	298.5
12.76	298.4
12.76	298.4
12.76	298.3
12.76	298.2
12.76	298.2
12.76	298.1
12.76	298
12.76	297.9
12.76	297.9
12.76	297.8
12.76	297.7
12.76	297.7
12.77	297.6
12.77	297.5
12.77	297.4
12.77	297.4
12.77	297.3
12.77	297.2
12.77	297.2
12.77	297.1
12.77	297
12.77	297
12.77	296.9
12.77	296.8
12.77	296.8
12.77	296.7
12.77	296.6
12.77	296.5
12.77	296.5
12.77	296.4
12.77	296.3
12.77	296.3
12.77	296.2
12.78	296.1
12.78	296.1
12.78	296
12.78	295.9
12.78	295.9
12.78	295.8
12.78	295.7
12.78	295.6
12.78	295.6
12.78	295.5
12.78	295.4
12.78	295.4
12.78	295.3
12.78	295.2
12.78	295.2
12.78	295.1
12.78	295
12.78	295
12.78	294.9
12.78	294.8
12.79	294.7
12.79	294.7
12.79	294.6
12.79	294.5
12.79	294.5
12.79	294.4
12.79	294.3
12.79	294.3
12.79	294.2
12.79	294.1
12.79	294.1
12.79	294
12.79	293.9
12.79	293.9
12.79	293.8
12.79	293.7
12.79	293.7
12.79	293.6
12.79	293.5
12.8	293.5
12.8	293.4
12.8	293.3
12.8	293.2
12.8	293.2
12.8	293.1
12.8	293
12.8	293
12.8	292.9
12.8	292.8
12.8	292.8
12.8	292.7
12.8	292.6
12.8	292.6
12.8	292.5
12.8	292.4
12.8	292.4
12.8	292.3
12.8	292.2
12.8	292.2
12.81	292.1
12.81	292
12.81	292
12.81	291.9
12.81	291.8
12.81	291.8
12.81	291.7
12.81	291.6
12.81	291.6
12.81	291.5
12.81	291.4
12.81	291.4
12.81	291.3
12.81	291.2
12.81	291.2
12.81	291.1
12.81	291
12.81	291
12.81	290.9
12.81	290.8
12.81	290.8
12.82	290.7
12.82	290.6
12.82	290.6
12.82	290.5
12.82	290.4
12.82	290.4
12.82	290.3
12.82	290.2
12.82	290.2
12.82	290.1
12.82	290
12.82	290
12.82	289.9
12.82	289.8
12.82	289.8
12.82	289.7
12.82	289.6
12.82	289.6
12.82	289.5
12.82	289.4
12.83	289.4
12.83	289.3
12.83	289.2
12.83	289.2
12.83	289.1
12.83	289
12.83	289
12.83	288.9
12.83	288.8
12.83	288.8
12.83	288.7
12.83	288.6
12.83	288.6
12.83	288.5
12.83	288.4
12.83	288.4
12.83	288.3
12.83	288.3
12.83	288.2
12.84	288.1
12.84	288.1
12.84	288
12.84	287.9
12.84	287.9
12.84	287.8
12.84	287.7
12.84	287.7
12.84	287.6
12.84	287.5
12.84	287.5
12.84	287.4
12.84	287.3
12.84	287.3
12.84	287.2
12.84	287.1
12.84	287.1
12.84	287
12.84	286.9
12.84	286.9
12.85	286.8
12.85	286.8
12.85	286.7
12.85	286.6
12.85	286.6
12.85	286.5
12.85	286.4
12.85	286.4
12.85	286.3
12.85	286.2
12.85	286.2
12.85	286.1
12.85	286
12.85	286
12.85	285.9
12.85	285.8
12.85	285.8
12.85	285.7
12.85	285.7
12.85	285.6
12.85	285.5
12.86	285.5
12.86	285.4
12.86	285.3
12.86	285.3
12.86	285.2
12.86	285.1
12.86	285.1
12.86	285
12.86	284.9
12.86	284.9
12.86	284.8
12.86	284.8
12.86	284.7
12.86	284.6
12.86	284.6
12.86	284.5
12.86	284.4
12.86	284.4
12.86	284.3
12.86	284.2
12.87	284.2
12.87	284.1
12.87	284.1
12.87	284
12.87	283.9
12.87	283.9
12.87	283.8
12.87	283.7
12.87	283.7
12.87	283.6
12.87	283.5
12.87	283.5
12.87	283.4
12.87	283.4
12.87	283.3
12.87	283.2
12.87	283.2
12.87	283.1
12.87	283
12.88	283
12.88	282.9
12.88	282.9
12.88	282.8
12.88	282.7
12.88	282.7
12.88	282.6
12.88	282.5
12.88	282.5
12.88	282.4
12.88	282.4
12.88	282.3
12.88	282.2
12.88	282.2
12.88	282.1
12.88	282
12.88	282
12.88	281.9
12.88	281.8
12.88	281.8
12.89	281.7
12.89	281.7
12.89	281.6
12.89	281.5
12.89	281.5
12.89	281.4
12.89	281.3
12.89	281.3
12.89	281.2
12.89	281.2
12.89	281.1
12.89	281
12.89	281
12.89	280.9
12.89	280.9
12.89	280.8
12.89	280.7
12.89	280.7
12.89	280.6
12.89	280.5
12.9	280.5
12.9	280.4
12.9	280.4
12.9	280.3
12.9	280.2
12.9	280.2
12.9	280.1
12.9	280
12.9	280
12.9	279.9
12.9	279.9
12.9	279.8
12.9	279.7
12.9	279.7
12.9	279.6
12.9	279.5
12.9	279.5
12.9	279.4
12.9	279.4
12.9	279.3
12.9	279.2
12.91	279.2
12.91	279.1
12.91	279.1
12.91	279
12.91	278.9
12.91	278.9
12.91	278.8
12.91	278.8
12.91	278.7
12.91	278.6
12.91	278.6
12.91	278.5
12.91	278.4
12.91	278.4
12.91	278.3
12.91	278.3
12.91	278.2
12.91	278.1
12.91	278.1
12.91	278
12.92	278
12.92	277.9
12.92	277.8
12.92	277.8
12.92	277.7
12.92	277.7
12.92	277.6
12.92	277.5
12.92	277.5
12.92	277.4
12.92	277.3
12.92	277.3
12.92	277.2
12.92	277.2
12.92	277.1
12.92	277
12.92	277
12.92	276.9
12.92	276.9
12.93	276.8
12.93	276.7
12.93	276.7
12.93	276.6
12.93	276.6
12.93	276.5
12.93	276.4
12.93	276.4
12.93	276.3
12.93	276.3
12.93	276.2
12.93	276.1
12.93	276.1
12.93	276
12.93	276
12.93	275.9
12.93	275.8
12.93	275.8
12.93	275.7
12.93	275.7
12.94	275.6
12.94	275.5
12.94	275.5
12.94	275.4
12.94	275.4
12.94	275.3
12.94	275.2
12.94	275.2
12.94	275.1
12.94	275.1
12.94	275
12.94	274.9
12.94	274.9
12.94	274.8
12.94	274.8
12.94	274.7
12.94	274.6
12.94	274.6
12.94	274.5
12.94	274.5
12.94	274.4
12.95	274.3
12.95	274.3
12.95	274.2
12.95	274.2
12.95	274.1
12.95	274
12.95	274
12.95	273.9
12.95	273.9
12.95	273.8
12.95	273.7
12.95	273.7
12.95	273.6
12.95	273.6
12.95	273.5
12.95	273.4
12.95	273.4
12.95	273.3
12.95	273.3
12.95	273.2
12.96	273.2
12.96	273.1
12.96	273
12.96	273
12.96	272.9
12.96	272.9
12.96	272.8
12.96	272.7
12.96	272.7
12.96	272.6
12.96	272.6
12.96	272.5
12.96	272.4
12.96	272.4
12.96	272.3
12.96	272.3
12.96	272.2
12.96	272.2
12.96	272.1
12.97	272
12.97	272
12.97	271.9
12.97	271.9
12.97	271.8
12.97	271.7
12.97	271.7
12.97	271.6
12.97	271.6
12.97	271.5
12.97	271.5
12.97	271.4
12.97	271.3
12.97	271.3
12.97	271.2
12.97	271.2
12.97	271.1
12.97	271
12.97	271
12.97	270.9
12.98	270.9
12.98	270.8
12.98	270.8
12.98	270.7
12.98	270.6
12.98	270.6
12.98	270.5
12.98	270.5
12.98	270.4
12.98	270.3
12.98	270.3
12.98	270.2
12.98	270.2
12.98	270.1
12.98	270.1
12.98	270
12.98	269.9
12.98	269.9
12.98	269.8
12.98	269.8
12.98	269.7
12.99	269.7
12.99	269.6
12.99	269.5
12.99	269.5
12.99	269.4
12.99	269.4
12.99	269.3
12.99	269.2
12.99	269.2
12.99	269.1
12.99	269.1
12.99	269
12.99	269
12.99	268.9
12.99	268.8
12.99	268.8
12.99	268.7
12.99	268.7
12.99	268.6
12.99	268.6
13	268.5
13	268.4
13	268.4
13	268.3
13	268.3
13	268.2
13	268.2
13	268.1
13	268
13	268
13	267.9
13	267.9
13	267.8
13	267.8
13	267.7
13	267.6
13	267.6
13	267.5
13	267.5
13.01	267.4
13.01	267.4
13.01	267.3
13.01	267.2
13.01	267.2
13.01	267.1
13.01	267.1
13.01	267
13.01	267
13.01	266.9
13.01	266.8
13.01	266.8
13.01	266.7
13.01	266.7
13.01	266.6
13.01	266.6
13.01	266.5
13.01	266.5
13.01	266.4
13.01	266.3
13.02	266.3
13.02	266.2
13.02	266.2
13.02	266.1
13.02	266.1
13.02	266
13.02	265.9
13.02	265.9
13.02	265.8
13.02	265.8
13.02	265.7
13.02	265.7
13.02	265.6
13.02	265.5
13.02	265.5
13.02	265.4
13.02	265.4
13.02	265.3
13.02	265.3
13.02	265.2
13.02	265.2
13.03	265.1
13.03	265
13.03	265
13.03	264.9
13.03	264.9
13.03	264.8
13.03	264.8
13.03	264.7
13.03	264.7
13.03	264.6
13.03	264.5
13.03	264.5
13.03	264.4
13.03	264.4
13.03	264.3
13.03	264.3
13.03	264.2
13.03	264.1
13.03	264.1
13.03	264
13.04	264
13.04	263.9
13.04	263.9
13.04	263.8
13.04	263.8
13.04	263.7
13.04	263.6
13.04	263.6
13.04	263.5
13.04	263.5
13.04	263.4
13.04	263.4
13.04	263.3
13.04	263.3
13.04	263.2
13.04	263.1
13.04	263.1
13.04	263
13.04	263
13.05	262.9
13.05	262.9
13.05	262.8
13.05	262.8
13.05	262.7
13.05	262.7
13.05	262.6
13.05	262.5
13.05	262.5
13.05	262.4
13.05	262.4
13.05	262.3
13.05	262.3
13.05	262.2
13.05	262.2
13.05	262.1
13.05	262
13.05	262
13.05	261.9
13.05	261.9
13.06	261.8
13.06	261.8
13.06	261.7
13.06	261.7
13.06	261.6
13.06	261.6
13.06	261.5
13.06	261.4
13.06	261.4
13.06	261.3
13.06	261.3
13.06	261.2
13.06	261.2
13.06	261.1
13.06	261.1
13.06	261
13.06	261
13.06	260.9
13.06	260.8
13.06	260.8
13.06	260.7
13.07	260.7
13.07	260.6
13.07	260.6
13.07	260.5
13.07	260.5
13.07	260.4
13.07	260.4
13.07	260.3
13.07	260.2
13.07	260.2
13.07	260.1
13.07	260.1
13.07	260
13.07	260
13.07	259.9
13.07	259.9
13.07	259.8
13.07	259.8
13.07	259.7
13.07	259.6
13.08	259.6
13.08	259.5
13.08	259.5
13.08	259.4
13.08	259.4
13.08	259.3
13.08	259.3
13.08	259.2
13.08	259.2
13.08	259.1
13.08	259.1
13.08	259
13.08	258.9
13.08	258.9
13.08	258.8
13.08	258.8
13.08	258.7
13.08	258.7
13.08	258.6
13.09	258.6
13.09	258.5
13.09	258.5
13.09	258.4
13.09	258.4
13.09	258.3
13.09	258.2
13.09	258.2
13.09	258.1
13.09	258.1
13.09	258
13.09	258
13.09	257.9
13.09	257.9
13.09	257.8
13.09	257.8
13.09	257.7
13.09	257.7
13.09	257.6
13.09	257.5
13.1	257.5
13.1	257.4
13.1	257.4
13.1	257.3
13.1	257.3
13.1	257.2
13.1	257.2
13.1	257.1
13.1	257.1
13.1	257
13.1	257
13.1	256.9
13.1	256.9
13.1	256.8
13.1	256.7
13.1	256.7
13.1	256.6
13.1	256.6
13.1	256.5
13.1	256.5
13.1	256.4
13.11	256.4
13.11	256.3
13.11	256.3
13.11	256.2
13.11	256.2
13.11	256.1
13.11	256.1
13.11	256
13.11	256
13.11	255.9
13.11	255.8
13.11	255.8
13.11	255.7
13.11	255.7
13.11	255.6
13.11	255.6
13.11	255.5
13.11	255.5
13.11	255.4
13.11	255.4
13.12	255.3
13.12	255.3
13.12	255.2
13.12	255.2
13.12	255.1
13.12	255.1
13.12	255
13.12	254.9
13.12	254.9
13.12	254.8
13.12	254.8
13.12	254.7
13.12	254.7
13.12	254.6
13.12	254.6
13.12	254.5
13.12	254.5
13.12	254.4
13.12	254.4
13.12	254.3
13.13	254.3
13.13	254.2
13.13	254.2
13.13	254.1
13.13	254.1
13.13	254
13.13	254
13.13	253.9
13.13	253.8
13.13	253.8
13.13	253.7
13.13	253.7
13.13	253.6
13.13	253.6
13.13	253.5
13.13	253.5
13.13	253.4
13.13	253.4
13.13	253.3
13.14	253.3
13.14	253.2
13.14	253.2
13.14	253.1
13.14	253.1
13.14	253
13.14	253
13.14	252.9
13.14	252.9
13.14	252.8
13.14	252.8
13.14	252.7
13.14	252.7
13.14	252.6
13.14	252.5
13.14	252.5
13.14	252.4
13.14	252.4
13.14	252.3
13.14	252.3
13.15	252.2
13.15	252.2
13.15	252.1
13.15	252.1
13.15	252
13.15	252
13.15	251.9
13.15	251.9
13.15	251.8
13.15	251.8
13.15	251.7
13.15	251.7
13.15	251.6
13.15	251.6
13.15	251.5
13.15	251.5
13.15	251.4
13.15	251.4
13.15	251.3
13.15	251.3
13.15	251.2
13.16	251.2
13.16	251.1
13.16	251.1
13.16	251
13.16	250.9
13.16	250.9
13.16	250.8
13.16	250.8
13.16	250.7
13.16	250.7
13.16	250.6
13.16	250.6
13.16	250.5
13.16	250.5
13.16	250.4
13.16	250.4
13.16	250.3
13.16	250.3
13.16	250.2
13.16	250.2
13.17	250.1
13.17	250.1
13.17	250
13.17	250
13.17	249.9
13.17	249.9
13.17	249.8
13.17	249.8
13.17	249.7
13.17	249.7
13.17	249.6
13.17	249.6
13.17	249.5
13.17	249.5
13.17	249.4
13.17	249.4
13.17	249.3
13.17	249.3
13.17	249.2
13.18	249.2
13.18	249.1
13.18	249.1
13.18	249
13.18	249
13.18	248.9
13.18	248.9
13.18	248.8
13.18	248.8
13.18	248.7
13.18	248.7
13.18	248.6
13.18	248.6
13.18	248.5
13.18	248.5
13.18	248.4
13.18	248.4
13.18	248.3
13.18	248.3
13.18	248.2
13.19	248.2
13.19	248.1
13.19	248.1
13.19	248
13.19	247.9
13.19	247.9
13.19	247.8
13.19	247.8
13.19	247.7
13.19	247.7
13.19	247.6
13.19	247.6
13.19	247.5
13.19	247.5
13.19	247.4
13.19	247.4
13.19	247.3
13.19	247.3
13.19	247.2
13.19	247.2
13.19	247.1
13.2	247.1
13.2	247
13.2	247
13.2	246.9
13.2	246.9
13.2	246.8
13.2	246.8
13.2	246.7
13.2	246.7
13.2	246.6
13.2	246.6
13.2	246.5
13.2	246.5
13.2	246.4
13.2	246.4
13.2	246.3
13.2	246.3
13.2	246.2
13.2	246.2
13.2	246.1
13.21	246.1
13.21	246
13.21	246
13.21	245.9
13.21	245.9
13.21	245.8
13.21	245.8
13.21	245.7
13.21	245.7
13.21	245.6
13.21	245.6
13.21	245.5
13.21	245.5
13.21	245.5
13.21	245.4
13.21	245.4
13.21	245.3
13.21	245.3
13.21	245.2
13.22	245.2
13.22	245.1
13.22	245.1
13.22	245
13.22	245
13.22	244.9
13.22	244.9
13.22	244.8
13.22	244.8
13.22	244.7
13.22	244.7
13.22	244.6
13.22	244.6
13.22	244.5
13.22	244.5
13.22	244.4
13.22	244.4
13.22	244.3
13.22	244.3
13.22	244.2
13.23	244.2
13.23	244.1
13.23	244.1
13.23	244
13.23	244
13.23	243.9
13.23	243.9
13.23	243.8
13.23	243.8
13.23	243.7
13.23	243.7
13.23	243.6
13.23	243.6
13.23	243.5
13.23	243.5
13.23	243.4
13.23	243.4
13.23	243.3
13.23	243.3
13.23	243.2
13.23	243.2
13.24	243.1
13.24	243.1
13.24	243
13.24	243
13.24	242.9
13.24	242.9
13.24	242.8
13.24	242.8
13.24	242.7
13.24	242.7
13.24	242.6
13.24	242.6
13.24	242.5
13.24	242.5
13.24	242.5
13.24	242.4
13.24	242.4
13.24	242.3
13.24	242.3
13.24	242.2
13.25	242.2
13.25	242.1
13.25	242.1
13.25	242
13.25	242
13.25	241.9
13.25	241.9
13.25	241.8
13.25	241.8
13.25	241.7
13.25	241.7
13.25	241.6
13.25	241.6
13.25	241.5
13.25	241.5
13.25	241.4
13.25	241.4
13.25	241.3
13.25	241.3
13.26	241.2
13.26	241.2
13.26	241.1
13.26	241.1
13.26	241
13.26	241
13.26	240.9
13.26	240.9
13.26	240.9
13.26	240.8
13.26	240.8
13.26	240.7
13.26	240.7
13.26	240.6
13.26	240.6
13.26	240.5
13.26	240.5
13.26	240.4
13.26	240.4
13.26	240.3
13.27	240.3
13.27	240.2
13.27	240.2
13.27	240.1
13.27	240.1
13.27	240
13.27	240
13.27	239.9
13.27	239.9
13.27	239.8
13.27	239.8
13.27	239.7
13.27	239.7
13.27	239.6
13.27	239.6
13.27	239.6
13.27	239.5
13.27	239.5
13.27	239.4
13.27	239.4
13.27	239.3
13.28	239.3
13.28	239.2
13.28	239.2
13.28	239.1
13.28	239.1
13.28	239
13.28	239
13.28	238.9
13.28	238.9
13.28	238.8
13.28	238.8
13.28	238.7
13.28	238.7
13.28	238.6
13.28	238.6
13.28	238.6
13.28	238.5
13.28	238.5
13.28	238.4
13.28	238.4
13.29	238.3
13.29	238.3
13.29	238.2
13.29	238.2
13.29	238.1
13.29	238.1
13.29	238
13.29	238
13.29	237.9
13.29	237.9
13.29	237.8
13.29	237.8
13.29	237.7
13.29	237.7
13.29	237.6
13.29	237.6
13.29	237.6
13.29	237.5
13.29	237.5
13.3	237.4
13.3	237.4
13.3	237.3
13.3	237.3
13.3	237.2
13.3	237.2
13.3	237.1
13.3	237.1
13.3	237
13.3	237
13.3	236.9
13.3	236.9
13.3	236.8
13.3	236.8
13.3	236.8
13.3	236.7
13.3	236.7
13.3	236.6
13.3	236.6
13.3	236.5
13.31	236.5
13.31	236.4
13.31	236.4
13.31	236.3
13.31	236.3
13.31	236.2
13.31	236.2
13.31	236.1
13.31	236.1
13.31	236
13.31	236
13.31	236
13.31	235.9
13.31	235.9
13.31	235.8
13.31	235.8
13.31	235.7
13.31	235.7
13.31	235.6
13.31	235.6
13.31	235.5
13.32	235.5
13.32	235.4
13.32	235.4
13.32	235.3
13.32	235.3
13.32	235.3
13.32	235.2
13.32	235.2
13.32	235.1
13.32	235.1
13.32	235
13.32	235
13.32	234.9
13.32	234.9
13.32	234.8
13.32	234.8
13.32	234.7
13.32	234.7
13.32	234.6
13.32	234.6
13.33	234.6
13.33	234.5
13.33	234.5
13.33	234.4
13.33	234.4
13.33	234.3
13.33	234.3
13.33	234.2
13.33	234.2
13.33	234.1
13.33	234.1
13.33	234
13.33	234
13.33	234
13.33	233.9
13.33	233.9
13.33	233.8
13.33	233.8
13.33	233.7
13.34	233.7
13.34	233.6
13.34	233.6
13.34	233.5
13.34	233.5
13.34	233.4
13.34	233.4
13.34	233.4
13.34	233.3
13.34	233.3
13.34	233.2
13.34	233.2
13.34	233.1
13.34	233.1
13.34	233
13.34	233
13.34	232.9
13.34	232.9
13.34	232.8
13.34	232.8
13.35	232.8
13.35	232.7
13.35	232.7
13.35	232.6
13.35	232.6
13.35	232.5
13.35	232.5
13.35	232.4
13.35	232.4
13.35	232.3
13.35	232.3
13.35	232.2
13.35	232.2
13.35	232.2
13.35	232.1
13.35	232.1
13.35	232
13.35	232
13.35	231.9
13.35	231.9
13.35	231.8
13.36	231.8
13.36	231.7
13.36	231.7
13.36	231.7
13.36	231.6
13.36	231.6
13.36	231.5
13.36	231.5
13.36	231.4
13.36	231.4
13.36	231.3
13.36	231.3
13.36	231.2
13.36	231.2
13.36	231.2
13.36	231.1
13.36	231.1
13.36	231
13.36	231
13.36	230.9
13.37	230.9
13.37	230.8
13.37	230.8
13.37	230.7
13.37	230.7
13.37	230.7
13.37	230.6
13.37	230.6
13.37	230.5
13.37	230.5
13.37	230.4
13.37	230.4
13.37	230.3
13.37	230.3
13.37	230.2
13.37	230.2
13.37	230.2
13.37	230.1
13.37	230.1
13.38	230
13.38	230
13.38	229.9
13.38	229.9
13.38	229.8
13.38	229.8
13.38	229.7
13.38	229.7
13.38	229.7
13.38	229.6
13.38	229.6
13.38	229.5
13.38	229.5
13.38	229.4
13.38	229.4
13.38	229.3
13.38	229.3
13.38	229.3
13.38	229.2
13.38	229.2
13.39	229.1
13.39	229.1
13.39	229
13.39	229
13.39	228.9
13.39	228.9
13.39	228.8
13.39	228.8
13.39	228.8
13.39	228.7
13.39	228.7
13.39	228.6
13.39	228.6
13.39	228.5
13.39	228.5
13.39	228.4
13.39	228.4
13.39	228.4
13.39	228.3
13.39	228.3
13.4	228.2
13.4	228.2
13.4	228.1
13.4	228.1
13.4	228
13.4	228
13.4	228
13.4	227.9
13.4	227.9
13.4	227.8
13.4	227.8
13.4	227.7
13.4	227.7
13.4	227.6
13.4	227.6
13.4	227.6
13.4	227.5
13.4	227.5
13.4	227.4
13.4	227.4
13.4	227.3
13.41	227.3
13.41	227.2
13.41	227.2
13.41	227.2
13.41	227.1
13.41	227.1
13.41	227
13.41	227
13.41	226.9
13.41	226.9
13.41	226.8
13.41	226.8
13.41	226.8
13.41	226.7
13.41	226.7
13.41	226.6
13.41	226.6
13.41	226.5
13.41	226.5
13.41	226.4
13.42	226.4
13.42	226.4
13.42	226.3
13.42	226.3
13.42	226.2
13.42	226.2
13.42	226.1
13.42	226.1
13.42	226
13.42	226
13.42	226
13.42	225.9
13.42	225.9
13.42	225.8
13.42	225.8
13.42	225.7
13.42	225.7
13.42	225.7
13.42	225.6
13.43	225.6
13.43	225.5
13.43	225.5
13.43	225.4
13.43	225.4
13.43	225.3
13.43	225.3
13.43	225.3
13.43	225.2
13.43	225.2
13.43	225.1
13.43	225.1
13.43	225
13.43	225
13.43	224.9
13.43	224.9
13.43	224.9
13.43	224.8
13.43	224.8
13.43	224.7
13.44	224.7
13.44	224.6
13.44	224.6
13.44	224.6
13.44	224.5
13.44	224.5
13.44	224.4
13.44	224.4
13.44	224.3
13.44	224.3
13.44	224.2
13.44	224.2
13.44	224.2
13.44	224.1
13.44	224.1
13.44	224
13.44	224
13.44	223.9
13.44	223.9
13.44	223.9
13.44	223.8
13.45	223.8
13.45	223.7
13.45	223.7
13.45	223.6
13.45	223.6
13.45	223.6
13.45	223.5
13.45	223.5
13.45	223.4
13.45	223.4
13.45	223.3
13.45	223.3
13.45	223.2
13.45	223.2
13.45	223.2
13.45	223.1
13.45	223.1
13.45	223
13.45	223
13.45	222.9
13.46	222.9
13.46	222.9
13.46	222.8
13.46	222.8
13.46	222.7
13.46	222.7
13.46	222.6
13.46	222.6
13.46	222.6
13.46	222.5
13.46	222.5
13.46	222.4
13.46	222.4
13.46	222.3
13.46	222.3
13.46	222.3
13.46	222.2
13.46	222.2
13.46	222.1
13.47	222.1
13.47	222
13.47	222
13.47	222
13.47	221.9
13.47	221.9
13.47	221.8
13.47	221.8
13.47	221.7
13.47	221.7
13.47	221.7
13.47	221.6
13.47	221.6
13.47	221.5
13.47	221.5
13.47	221.4
13.47	221.4
13.47	221.3
13.47	221.3
13.47	221.3
13.48	221.2
13.48	221.2
13.48	221.1
13.48	221.1
13.48	221.1
13.48	221
13.48	221
13.48	220.9
13.48	220.9
13.48	220.8
13.48	220.8
13.48	220.8
13.48	220.7
13.48	220.7
13.48	220.6
13.48	220.6
13.48	220.5
13.48	220.5
13.48	220.5
13.48	220.4
13.48	220.4
13.49	220.3
13.49	220.3
13.49	220.2
13.49	220.2
13.49	220.2
13.49	220.1
13.49	220.1
13.49	220
13.49	220
13.49	219.9
13.49	219.9
13.49	219.9
13.49	219.8
13.49	219.8
13.49	219.7
13.49	219.7
13.49	219.6
13.49	219.6
13.49	219.6
13.49	219.5
13.5	219.5
13.5	219.4
13.5	219.4
13.5	219.3
13.5	219.3
13.5	219.3
13.5	219.2
13.5	219.2
13.5	219.1
13.5	219.1
13.5	219.1
13.5	219
13.5	219
13.5	218.9
13.5	218.9
13.5	218.8
13.5	218.8
13.5	218.8
13.5	218.7
13.51	218.7
13.51	218.6
13.51	218.6
13.51	218.5
13.51	218.5
13.51	218.5
13.51	218.4
13.51	218.4
13.51	218.3
13.51	218.3
13.51	218.2
13.51	218.2
13.51	218.2
13.51	218.1
13.51	218.1
13.51	218
13.51	218
13.51	218
13.51	217.9
13.51	217.9
13.52	217.8
13.52	217.8
13.52	217.7
13.52	217.7
13.52	217.7
13.52	217.6
13.52	217.6
13.52	217.5
13.52	217.5
13.52	217.5
13.52	217.4
13.52	217.4
13.52	217.3
13.52	217.3
13.52	217.2
13.52	217.2
13.52	217.2
13.52	217.1
13.52	217.1
13.52	217
13.52	217
13.53	217
13.53	216.9
13.53	216.9
13.53	216.8
13.53	216.8
13.53	216.7
13.53	216.7
13.53	216.7
13.53	216.6
13.53	216.6
13.53	216.5
13.53	216.5
13.53	216.5
13.53	216.4
13.53	216.4
13.53	216.3
13.53	216.3
13.53	216.2
13.53	216.2
13.53	216.2
13.54	216.1
13.54	216.1
13.54	216
13.54	216
13.54	216
13.54	215.9
13.54	215.9
13.54	215.8
13.54	215.8
13.54	215.7
13.54	215.7
13.54	215.7
13.54	215.6
13.54	215.6
13.54	215.5
13.54	215.5
13.54	215.5
13.54	215.4
13.54	215.4
13.55	215.3
13.55	215.3
13.55	215.2
13.55	215.2
13.55	215.2
13.55	215.1
13.55	215.1
13.55	215
13.55	215
13.55	215
13.55	214.9
13.55	214.9
13.55	214.8
13.55	214.8
13.55	214.8
13.55	214.7
13.55	214.7
13.55	214.6
13.55	214.6
13.55	214.5
13.56	214.5
13.56	214.5
13.56	214.4
13.56	214.4
13.56	214.3
13.56	214.3
13.56	214.3
13.56	214.2
13.56	214.2
13.56	214.1
13.56	214.1
13.56	214.1
13.56	214
13.56	214
13.56	213.9
13.56	213.9
13.56	213.9
13.56	213.8
13.56	213.8
13.56	213.7
13.56	213.7
13.57	213.6
13.57	213.6
13.57	213.6
13.57	213.5
13.57	213.5
13.57	213.4
13.57	213.4
13.57	213.4
13.57	213.3
13.57	213.3
13.57	213.2
13.57	213.2
13.57	213.2
13.57	213.1
13.57	213.1
13.57	213
13.57	213
13.57	213
13.57	212.9
13.57	212.9
13.58	212.8
13.58	212.8
13.58	212.7
13.58	212.7
13.58	212.7
13.58	212.6
13.58	212.6
13.58	212.5
13.58	212.5
13.58	212.5
13.58	212.4
13.58	212.4
13.58	212.3
13.58	212.3
13.58	212.3
13.58	212.2
13.58	212.2
13.58	212.1
13.58	212.1
13.59	212.1
13.59	212
13.59	212
13.59	211.9
13.59	211.9
13.59	211.9
13.59	211.8
13.59	211.8
13.59	211.7
13.59	211.7
13.59	211.7
13.59	211.6
13.59	211.6
13.59	211.5
13.59	211.5
13.59	211.5
13.59	211.4
13.59	211.4
13.59	211.3
13.59	211.3
13.6	211.3
13.6	211.2
13.6	211.2
13.6	211.1
13.6	211.1
13.6	211
13.6	211
13.6	211
13.6	210.9
13.6	210.9
13.6	210.8
13.6	210.8
13.6	210.8
13.6	210.7
13.6	210.7
13.6	210.6
13.6	210.6
13.6	210.6
13.6	210.5
13.6	210.5
13.6	210.4
13.61	210.4
13.61	210.4
13.61	210.3
13.61	210.3
13.61	210.2
13.61	210.2
13.61	210.2
13.61	210.1
13.61	210.1
13.61	210
13.61	210
13.61	210
13.61	209.9
13.61	209.9
13.61	209.8
13.61	209.8
13.61	209.8
13.61	209.7
13.61	209.7
13.61	209.6
13.62	209.6
13.62	209.6
13.62	209.5
13.62	209.5
13.62	209.4
13.62	209.4
13.62	209.4
13.62	209.3
13.62	209.3
13.62	209.2
13.62	209.2
13.62	209.2
13.62	209.1
13.62	209.1
13.62	209.1
13.62	209
13.62	209
13.62	208.9
13.62	208.9
13.62	208.9
13.63	208.8
13.63	208.8
13.63	208.7
13.63	208.7
13.63	208.7
13.63	208.6
13.63	208.6
13.63	208.5
13.63	208.5
13.63	208.5
13.63	208.4
13.63	208.4
13.63	208.3
13.63	208.3
13.63	208.3
13.63	208.2
13.63	208.2
13.63	208.1
13.63	208.1
13.64	208.1
13.64	208
13.64	208
13.64	207.9
13.64	207.9
13.64	207.9
13.64	207.8
13.64	207.8
13.64	207.7
13.64	207.7
13.64	207.7
13.64	207.6
13.64	207.6
13.64	207.5
13.64	207.5
13.64	207.5
13.64	207.4
13.64	207.4
13.64	207.4
13.64	207.3
13.65	207.3
13.65	207.2
13.65	207.2
13.65	207.2
13.65	207.1
13.65	207.1
13.65	207
13.65	207
13.65	207
13.65	206.9
13.65	206.9
13.65	206.8
13.65	206.8
13.65	206.8
13.65	206.7
13.65	206.7
13.65	206.6
13.65	206.6
13.65	206.6
13.65	206.5
13.65	206.5
13.66	206.4
13.66	206.4
13.66	206.4
13.66	206.3
13.66	206.3
13.66	206.3
13.66	206.2
13.66	206.2
13.66	206.1
13.66	206.1
13.66	206.1
13.66	206
13.66	206
13.66	205.9
13.66	205.9
13.66	205.9
13.66	205.8
13.66	205.8
13.66	205.7
13.66	205.7
13.67	205.7
13.67	205.6
13.67	205.6
13.67	205.6
13.67	205.5
13.67	205.5
13.67	205.4
13.67	205.4
13.67	205.4
13.67	205.3
13.67	205.3
13.67	205.2
13.67	205.2
13.67	205.2
13.67	205.1
13.67	205.1
13.67	205
13.67	205
13.67	205
13.68	204.9
13.68	204.9
13.68	204.9
13.68	204.8
13.68	204.8
13.68	204.7
13.68	204.7
13.68	204.7
13.68	204.6
13.68	204.6
13.68	204.5
13.68	204.5
13.68	204.5
13.68	204.4
13.68	204.4
13.68	204.4
13.68	204.3
13.68	204.3
13.68	204.2
13.68	204.2
13.69	204.2
13.69	204.1
13.69	204.1
13.69	204
13.69	204
13.69	204
13.69	203.9
13.69	203.9
13.69	203.9
13.69	203.8
13.69	203.8
13.69	203.7
13.69	203.7
13.69	203.7
13.69	203.6
13.69	203.6
13.69	203.5
13.69	203.5
13.69	203.5
13.69	203.4
13.69	203.4
13.7	203.4
13.7	203.3
13.7	203.3
13.7	203.2
13.7	203.2
13.7	203.2
13.7	203.1
13.7	203.1
13.7	203
13.7	203
13.7	203
13.7	202.9
13.7	202.9
13.7	202.9
13.7	202.8
13.7	202.8
13.7	202.7
13.7	202.7
13.7	202.7
13.7	202.6
13.71	202.6
13.71	202.5
13.71	202.5
13.71	202.5
13.71	202.4
13.71	202.4
13.71	202.4
13.71	202.3
13.71	202.3
13.71	202.2
13.71	202.2
13.71	202.2
13.71	202.1
13.71	202.1
13.71	202.1
13.71	202
13.71	202
13.71	201.9
13.71	201.9
13.72	201.9
13.72	201.8
13.72	201.8
13.72	201.7
13.72	201.7
13.72	201.7
13.72	201.6
13.72	201.6
13.72	201.6
13.72	201.5
13.72	201.5
13.72	201.4
13.72	201.4
13.72	201.4
13.72	201.3
13.72	201.3
13.72	201.3
13.72	201.2
13.72	201.2
13.72	201.1
13.73	201.1
13.73	201.1
13.73	201
13.73	201
13.73	201
13.73	200.9
13.73	200.9
13.73	200.8
13.73	200.8
13.73	200.8
13.73	200.7
13.73	200.7
13.73	200.7
13.73	200.6
13.73	200.6
13.73	200.5
13.73	200.5
13.73	200.5
13.73	200.4
13.73	200.4
13.73	200.4
13.74	200.3
13.74	200.3
13.74	200.2
13.74	200.2
13.74	200.2
13.74	200.1
13.74	200.1
13.74	200.1
13.74	200
13.74	200
13.74	199.9
13.74	199.9
13.74	199.9
13.74	199.8
13.74	199.8
13.74	199.8
13.74	199.7
13.74	199.7
13.74	199.6
13.74	199.6
13.75	199.6
13.75	199.5
13.75	199.5
13.75	199.5
13.75	199.4
13.75	199.4
13.75	199.3
13.75	199.3
13.75	199.3
13.75	199.2
13.75	199.2
13.75	199.2
13.75	199.1
13.75	199.1
13.75	199
13.75	199
13.75	199
13.75	198.9
13.75	198.9
13.76	198.9
13.76	198.8
13.76	198.8
13.76	198.7
13.76	198.7
13.76	198.7
13.76	198.6
13.76	198.6
13.76	198.6
13.76	198.5
13.76	198.5
13.76	198.4
13.76	198.4
13.76	198.4
13.76	198.3
13.76	198.3
13.76	198.3
13.76	198.2
13.76	198.2
13.76	198.1
13.77	198.1
13.77	198.1
13.77	198
13.77	198
13.77	198
13.77	197.9
13.77	197.9
13.77	197.9
13.77	197.8
13.77	197.8
13.77	197.7
13.77	197.7
13.77	197.7
13.77	197.6
13.77	197.6
13.77	197.6
13.77	197.5
13.77	197.5
13.77	197.4
13.77	197.4
13.77	197.4
13.78	197.3
13.78	197.3
13.78	197.3
13.78	197.2
13.78	197.2
13.78	197.1
13.78	197.1
13.78	197.1
13.78	197
13.78	197
13.78	197
13.78	196.9
13.78	196.9
13.78	196.9
13.78	196.8
13.78	196.8
13.78	196.7
13.78	196.7
13.78	196.7
13.78	196.6
13.79	196.6
13.79	196.6
13.79	196.5
13.79	196.5
13.79	196.5
13.79	196.4
13.79	196.4
13.79	196.3
13.79	196.3
13.79	196.3
13.79	196.2
13.79	196.2
13.79	196.2
13.79	196.1
13.79	196.1
13.79	196
13.79	196
13.79	196
13.79	195.9
13.8	195.9
13.8	195.9
13.8	195.8
13.8	195.8
13.8	195.8
13.8	195.7
13.8	195.7
13.8	195.6
13.8	195.6
13.8	195.6
13.8	195.5
13.8	195.5
13.8	195.5
13.8	195.4
13.8	195.4
13.8	195.4
13.8	195.3
13.8	195.3
13.8	195.2
13.8	195.2
13.81	195.2
13.81	195.1
13.81	195.1
13.81	195.1
13.81	195
13.81	195
13.81	195
13.81	194.9
13.81	194.9
13.81	194.8
13.81	194.8
13.81	194.8
13.81	194.7
13.81	194.7
13.81	194.7
13.81	194.6
13.81	194.6
13.81	194.6
13.81	194.5
13.81	194.5
13.81	194.4
13.82	194.4
13.82	194.4
13.82	194.3
13.82	194.3
13.82	194.3
13.82	194.2
13.82	194.2
13.82	194.2
13.82	194.1
13.82	194.1
13.82	194
13.82	194
13.82	194
13.82	193.9
13.82	193.9
13.82	193.9
13.82	193.8
13.82	193.8
13.82	193.8
13.82	193.7
13.83	193.7
13.83	193.7
13.83	193.6
13.83	193.6
13.83	193.5
13.83	193.5
13.83	193.5
13.83	193.4
13.83	193.4
13.83	193.4
13.83	193.3
13.83	193.3
13.83	193.3
13.83	193.2
13.83	193.2
13.83	193.2
13.83	193.1
13.83	193.1
13.83	193
13.84	193
13.84	193
13.84	192.9
13.84	192.9
13.84	192.9
13.84	192.8
13.84	192.8
13.84	192.8
13.84	192.7
13.84	192.7
13.84	192.6
13.84	192.6
13.84	192.6
13.84	192.5
13.84	192.5
13.84	192.5
13.84	192.4
13.84	192.4
13.84	192.4
13.84	192.3
13.85	192.3
13.85	192.3
13.85	192.2
13.85	192.2
13.85	192.1
13.85	192.1
13.85	192.1
13.85	192
13.85	192
13.85	192
13.85	191.9
13.85	191.9
13.85	191.9
13.85	191.8
13.85	191.8
13.85	191.8
13.85	191.7
13.85	191.7
13.85	191.7
13.85	191.6
13.85	191.6
13.86	191.5
13.86	191.5
13.86	191.5
13.86	191.4
13.86	191.4
13.86	191.4
13.86	191.3
13.86	191.3
13.86	191.3
13.86	191.2
13.86	191.2
13.86	191.2
13.86	191.1
13.86	191.1
13.86	191
13.86	191
13.86	191
13.86	190.9
13.86	190.9
13.86	190.9
13.87	190.8
13.87	190.8
13.87	190.8
13.87	190.7
13.87	190.7
13.87	190.7
13.87	190.6
13.87	190.6
13.87	190.6
13.87	190.5
13.87	190.5
13.87	190.4
13.87	190.4
13.87	190.4
13.87	190.3
13.87	190.3
13.87	190.3
13.87	190.2
13.87	190.2
13.88	190.2
13.88	190.1
13.88	190.1
13.88	190.1
13.88	190
13.88	190
13.88	190
13.88	189.9
13.88	189.9
13.88	189.9
13.88	189.8
13.88	189.8
13.88	189.7
13.88	189.7
13.88	189.7
13.88	189.6
13.88	189.6
13.88	189.6
13.88	189.5
13.88	189.5
13.89	189.5
13.89	189.4
13.89	189.4
13.89	189.4
13.89	189.3
13.89	189.3
13.89	189.3
13.89	189.2
13.89	189.2
13.89	189.2
13.89	189.1
13.89	189.1
13.89	189
13.89	189
13.89	189
13.89	188.9
13.89	188.9
13.89	188.9
13.89	188.8
13.89	188.8
13.9	188.8
13.9	188.7
13.9	188.7
13.9	188.7
13.9	188.6
13.9	188.6
13.9	188.6
13.9	188.5
13.9	188.5
13.9	188.5
13.9	188.4
13.9	188.4
13.9	188.3
13.9	188.3
13.9	188.3
13.9	188.2
13.9	188.2
13.9	188.2
13.9	188.1
13.9	188.1
13.9	188.1
13.91	188
13.91	188
13.91	188
13.91	187.9
13.91	187.9
13.91	187.9
13.91	187.8
13.91	187.8
13.91	187.8
13.91	187.7
13.91	187.7
13.91	187.7
13.91	187.6
13.91	187.6
13.91	187.6
13.91	187.5
13.91	187.5
13.91	187.4
13.91	187.4
13.91	187.4
13.92	187.3
13.92	187.3
13.92	187.3
13.92	187.2
13.92	187.2
13.92	187.2
13.92	187.1
13.92	187.1
13.92	187.1
13.92	187
13.92	187
13.92	187
13.92	186.9
13.92	186.9
13.92	186.9
13.92	186.8
13.92	186.8
13.92	186.8
13.92	186.7
13.93	186.7
13.93	186.7
13.93	186.6
13.93	186.6
13.93	186.6
13.93	186.5
13.93	186.5
13.93	186.5
13.93	186.4
13.93	186.4
13.93	186.3
13.93	186.3
13.93	186.3
13.93	186.2
13.93	186.2
13.93	186.2
13.93	186.1
13.93	186.1
13.93	186.1
13.93	186
13.94	186
13.94	186
13.94	185.9
13.94	185.9
13.94	185.9
13.94	185.8
13.94	185.8
13.94	185.8
13.94	185.7
13.94	185.7
13.94	185.7
13.94	185.6
13.94	185.6
13.94	185.6
13.94	185.5
13.94	185.5
13.94	185.5
13.94	185.4
13.94	185.4
13.94	185.4
13.94	185.3
13.95	185.3
13.95	185.3
13.95	185.2
13.95	185.2
13.95	185.2
13.95	185.1
13.95	185.1
13.95	185.1
13.95	185
13.95	185
13.95	185
13.95	184.9
13.95	184.9
13.95	184.8
13.95	184.8
13.95	184.8
13.95	184.7
13.95	184.7
13.95	184.7
13.95	184.6
13.96	184.6
13.96	184.6
13.96	184.5
13.96	184.5
13.96	184.5
13.96	184.4
13.96	184.4
13.96	184.4
13.96	184.3
13.96	184.3
13.96	184.3
13.96	184.2
13.96	184.2
13.96	184.2
13.96	184.1
13.96	184.1
13.96	184.1
13.96	184
13.96	184
13.97	184
13.97	183.9
13.97	183.9
13.97	183.9
13.97	183.8
13.97	183.8
13.97	183.8
13.97	183.7
13.97	183.7
13.97	183.7
13.97	183.6
13.97	183.6
13.97	183.6
13.97	183.5
13.97	183.5
13.97	183.5
13.97	183.4
13.97	183.4
13.97	183.4
13.97	183.3
13.98	183.3
13.98	183.3
13.98	183.2
13.98	183.2
13.98	183.2
13.98	183.1
13.98	183.1
13.98	183.1
13.98	183
13.98	183
13.98	183
13.98	182.9
13.98	182.9
13.98	182.9
13.98	182.8
13.98	182.8
13.98	182.8
13.98	182.7
13.98	182.7
13.98	182.7
13.98	182.6
13.99	182.6
13.99	182.6
13.99	182.5
13.99	182.5
13.99	182.5
13.99	182.4
13.99	182.4
13.99	182.4
13.99	182.3
13.99	182.3
13.99	182.3
13.99	182.2
13.99	182.2
13.99	182.2
13.99	182.1
13.99	182.1
13.99	182.1
13.99	182
13.99	182
13.99	182
14	181.9
14	181.9
14	181.9
14	181.8
14	181.8
14	181.8
14	181.7
14	181.7
14	181.7
14	181.6
14	181.6
14	181.6
14	181.5
14	181.5
14	181.5
14	181.4
14	181.4
14	181.4
14	181.3
14.01	181.3
14.01	181.3
14.01	181.2
14.01	181.2
14.01	181.2
14.01	181.1
14.01	181.1
14.01	181.1
14.01	181
14.01	181
14.01	181
14.01	180.9
14.01	180.9
14.01	180.9
14.01	180.8
14.01	180.8
14.01	180.8
14.01	180.7
14.01	180.7
14.01	180.7
14.02	180.6
14.02	180.6
14.02	180.6
14.02	180.5
14.02	180.5
14.02	180.5
14.02	180.4
14.02	180.4
14.02	180.4
14.02	180.3
14.02	180.3
14.02	180.3
14.02	180.2
14.02	180.2
14.02	180.2
14.02	180.1
14.02	180.1
14.02	180.1
14.02	180
14.02	180
14.02	180
14.03	179.9
14.03	179.9
14.03	179.9
14.03	179.9
14.03	179.8
14.03	179.8
14.03	179.8
14.03	179.7
14.03	179.7
14.03	179.7
14.03	179.6
14.03	179.6
14.03	179.6
14.03	179.5
14.03	179.5
14.03	179.5
14.03	179.4
14.03	179.4
14.03	179.4
14.03	179.3
14.04	179.3
14.04	179.3
14.04	179.2
14.04	179.2
14.04	179.2
14.04	179.1
14.04	179.1
14.04	179.1
14.04	179
14.04	179
14.04	179
14.04	178.9
14.04	178.9
14.04	178.9
14.04	178.8
14.04	178.8
14.04	178.8
14.04	178.7
14.04	178.7
14.05	178.7
14.05	178.6
14.05	178.6
14.05	178.6
14.05	178.5
14.05	178.5
14.05	178.5
14.05	178.5
14.05	178.4
14.05	178.4
14.05	178.4
14.05	178.3
14.05	178.3
14.05	178.3
14.05	178.2
14.05	178.2
14.05	178.2
14.05	178.1
14.05	178.1
14.05	178.1
14.06	178
14.06	178
14.06	178
14.06	177.9
14.06	177.9
14.06	177.9
14.06	177.8
14.06	177.8
14.06	177.8
14.06	177.7
14.06	177.7
14.06	177.7
14.06	177.6
14.06	177.6
14.06	177.6
14.06	177.5
14.06	177.5
14.06	177.5
14.06	177.4
14.06	177.4
14.06	177.4
14.07	177.4
14.07	177.3
14.07	177.3
14.07	177.3
14.07	177.2
14.07	177.2
14.07	177.2
14.07	177.1
14.07	177.1
14.07	177.1
14.07	177
14.07	177
14.07	177
14.07	176.9
14.07	176.9
14.07	176.9
14.07	176.8
14.07	176.8
14.07	176.8
14.07	176.7
14.08	176.7
14.08	176.7
14.08	176.6
14.08	176.6
14.08	176.6
14.08	176.6
14.08	176.5
14.08	176.5
14.08	176.5
14.08	176.4
14.08	176.4
14.08	176.4
14.08	176.3
14.08	176.3
14.08	176.3
14.08	176.2
14.08	176.2
14.08	176.2
14.08	176.1
14.09	176.1
14.09	176.1
14.09	176
14.09	176
14.09	176
14.09	175.9
14.09	175.9
14.09	175.9
14.09	175.9
14.09	175.8
14.09	175.8
14.09	175.8
14.09	175.7
14.09	175.7
14.09	175.7
14.09	175.6
14.09	175.6
14.09	175.6
14.09	175.5
14.09	175.5
14.1	175.5
14.1	175.4
14.1	175.4
14.1	175.4
14.1	175.3
14.1	175.3
14.1	175.3
14.1	175.2
14.1	175.2
14.1	175.2
14.1	175.2
14.1	175.1
14.1	175.1
14.1	175.1
14.1	175
14.1	175
14.1	175
14.1	174.9
14.1	174.9
14.1	174.9
14.1	174.8
14.11	174.8
14.11	174.8
14.11	174.7
14.11	174.7
14.11	174.7
14.11	174.6
14.11	174.6
14.11	174.6
14.11	174.6
14.11	174.5
14.11	174.5
14.11	174.5
14.11	174.4
14.11	174.4
14.11	174.4
14.11	174.3
14.11	174.3
14.11	174.3
14.11	174.2
14.11	174.2
14.12	174.2
14.12	174.1
14.12	174.1
14.12	174.1
14.12	174
14.12	174
14.12	174
14.12	174
14.12	173.9
14.12	173.9
14.12	173.9
14.12	173.8
14.12	173.8
14.12	173.8
14.12	173.7
14.12	173.7
14.12	173.7
14.12	173.6
14.12	173.6
14.12	173.6
14.13	173.5
14.13	173.5
14.13	173.5
14.13	173.5
14.13	173.4
14.13	173.4
14.13	173.4
14.13	173.3
14.13	173.3
14.13	173.3
14.13	173.2
14.13	173.2
14.13	173.2
14.13	173.1
14.13	173.1
14.13	173.1
14.13	173
14.13	173
14.13	173
14.14	173
14.14	172.9
14.14	172.9
14.14	172.9
14.14	172.8
14.14	172.8
14.14	172.8
14.14	172.7
14.14	172.7
14.14	172.7
14.14	172.6
14.14	172.6
14.14	172.6
14.14	172.6
14.14	172.5
14.14	172.5
14.14	172.5
14.14	172.4
14.14	172.4
14.14	172.4
14.15	172.3
14.15	172.3
14.15	172.3
14.15	172.2
14.15	172.2
14.15	172.2
14.15	172.1
14.15	172.1
14.15	172.1
14.15	172.1
14.15	172
14.15	172
14.15	172
14.15	171.9
14.15	171.9
14.15	171.9
14.15	171.8
14.15	171.8
14.15	171.8
14.15	171.7
14.15	171.7
14.16	171.7
14.16	171.7
14.16	171.6
14.16	171.6
14.16	171.6
14.16	171.5
14.16	171.5
14.16	171.5
14.16	171.4
14.16	171.4
14.16	171.4
14.16	171.3
14.16	171.3
14.16	171.3
14.16	171.3
14.16	171.2
14.16	171.2
14.16	171.2
14.16	171.1
14.16	171.1
14.17	171.1
14.17	171
14.17	171
14.17	171
14.17	170.9
14.17	170.9
14.17	170.9
14.17	170.9
14.17	170.8
14.17	170.8
14.17	170.8
14.17	170.7
14.17	170.7
14.17	170.7
14.17	170.6
14.17	170.6
14.17	170.6
14.17	170.5
14.17	170.5
14.18	170.5
14.18	170.5
14.18	170.4
14.18	170.4
14.18	170.4
14.18	170.3
14.18	170.3
14.18	170.3
14.18	170.2
14.18	170.2
14.18	170.2
14.18	170.2
14.18	170.1
14.18	170.1
14.18	170.1
14.18	170
14.18	170
14.18	170
14.18	169.9
14.18	169.9
14.19	169.9
14.19	169.8
14.19	169.8
14.19	169.8
14.19	169.8
14.19	169.7
14.19	169.7
14.19	169.7
14.19	169.6
14.19	169.6
14.19	169.6
14.19	169.5
14.19	169.5
14.19	169.5
14.19	169.5
14.19	169.4
14.19	169.4
14.19	169.4
14.19	169.3
14.19	169.3
14.19	169.3
14.2	169.2
14.2	169.2
14.2	169.2
14.2	169.2
14.2	169.1
14.2	169.1
14.2	169.1
14.2	169
14.2	169
14.2	169
14.2	168.9
14.2	168.9
14.2	168.9
14.2	168.8
14.2	168.8
14.2	168.8
14.2	168.8
14.2	168.7
14.2	168.7
14.2	168.7
14.21	168.6
14.21	168.6
14.21	168.6
14.21	168.5
14.21	168.5
14.21	168.5
14.21	168.5
14.21	168.4
14.21	168.4
14.21	168.4
14.21	168.3
14.21	168.3
14.21	168.3
14.21	168.2
14.21	168.2
14.21	168.2
14.21	168.2
14.21	168.1
14.21	168.1
14.22	168.1
14.22	168
14.22	168
14.22	168
14.22	167.9
14.22	167.9
14.22	167.9
14.22	167.9
14.22	167.8
14.22	167.8
14.22	167.8
14.22	167.7
14.22	167.7
14.22	167.7
14.22	167.6
14.22	167.6
14.22	167.6
14.22	167.6
14.22	167.5
14.22	167.5
14.23	167.5
14.23	167.4
14.23	167.4
14.23	167.4
14.23	167.3
14.23	167.3
14.23	167.3
14.23	167.3
14.23	167.2
14.23	167.2
14.23	167.2
14.23	167.1
14.23	167.1
14.23	167.1
14.23	167.1
14.23	167
14.23	167
14.23	167
14.23	166.9
14.23	166.9
14.23	166.9
14.24	166.8
14.24	166.8
14.24	166.8
14.24	166.8
14.24	166.7
14.24	166.7
14.24	166.7
14.24	166.6
14.24	166.6
14.24	166.6
14.24	166.5
14.24	166.5
14.24	166.5
14.24	166.5
14.24	166.4
14.24	166.4
14.24	166.4
14.24	166.3
14.24	166.3
14.24	166.3
14.25	166.2
14.25	166.2
14.25	166.2
14.25	166.2
14.25	166.1
14.25	166.1
14.25	166.1
14.25	166
14.25	166
14.25	166
14.25	166
14.25	165.9
14.25	165.9
14.25	165.9
14.25	165.8
14.25	165.8
14.25	165.8
14.25	165.7
14.25	165.7
14.26	165.7
14.26	165.7
14.26	165.6
14.26	165.6
14.26	165.6
14.26	165.5
14.26	165.5
14.26	165.5
14.26	165.5
14.26	165.4
14.26	165.4
14.26	165.4
14.26	165.3
14.26	165.3
14.26	165.3
14.26	165.2
14.26	165.2
14.26	165.2
14.26	165.2
14.26	165.1
14.27	165.1
14.27	165.1
14.27	165
14.27	165
14.27	165
14.27	165
14.27	164.9
14.27	164.9
14.27	164.9
14.27	164.8
14.27	164.8
14.27	164.8
14.27	164.7
14.27	164.7
14.27	164.7
14.27	164.7
14.27	164.6
14.27	164.6
14.27	164.6
14.27	164.5
14.27	164.5
14.28	164.5
14.28	164.5
14.28	164.4
14.28	164.4
14.28	164.4
14.28	164.3
14.28	164.3
14.28	164.3
14.28	164.3
14.28	164.2
14.28	164.2
14.28	164.2
14.28	164.1
14.28	164.1
14.28	164.1
14.28	164
14.28	164
14.28	164
14.28	164
14.28	163.9
14.29	163.9
14.29	163.9
14.29	163.8
14.29	163.8
14.29	163.8
14.29	163.8
14.29	163.7
14.29	163.7
14.29	163.7
14.29	163.6
14.29	163.6
14.29	163.6
14.29	163.6
14.29	163.5
14.29	163.5
14.29	163.5
14.29	163.4
14.29	163.4
14.29	163.4
14.3	163.4
14.3	163.3
14.3	163.3
14.3	163.3
14.3	163.2
14.3	163.2
14.3	163.2
14.3	163.2
14.3	163.1
14.3	163.1
14.3	163.1
14.3	163
14.3	163
14.3	163
14.3	162.9
14.3	162.9
14.3	162.9
14.3	162.9
14.3	162.8
14.3	162.8
14.31	162.8
14.31	162.7
14.31	162.7
14.31	162.7
14.31	162.7
14.31	162.6
14.31	162.6
14.31	162.6
14.31	162.5
14.31	162.5
14.31	162.5
14.31	162.5
14.31	162.4
14.31	162.4
14.31	162.4
14.31	162.3
14.31	162.3
14.31	162.3
14.31	162.3
14.31	162.2
14.31	162.2
14.32	162.2
14.32	162.1
14.32	162.1
14.32	162.1
14.32	162.1
14.32	162
14.32	162
14.32	162
14.32	161.9
14.32	161.9
14.32	161.9
14.32	161.9
14.32	161.8
14.32	161.8
14.32	161.8
14.32	161.7
14.32	161.7
14.32	161.7
14.32	161.7
14.32	161.6
14.33	161.6
14.33	161.6
14.33	161.5
14.33	161.5
14.33	161.5
14.33	161.5
14.33	161.4
14.33	161.4
14.33	161.4
14.33	161.3
14.33	161.3
14.33	161.3
14.33	161.3
14.33	161.2
14.33	161.2
14.33	161.2
14.33	161.1
14.33	161.1
14.33	161.1
14.34	161.1
14.34	161
14.34	161
14.34	161
14.34	160.9
14.34	160.9
14.34	160.9
14.34	160.9
14.34	160.8
14.34	160.8
14.34	160.8
14.34	160.7
14.34	160.7
14.34	160.7
14.34	160.7
14.34	160.6
14.34	160.6
14.34	160.6
14.34	160.6
14.34	160.5
14.35	160.5
14.35	160.5
14.35	160.4
14.35	160.4
14.35	160.4
14.35	160.4
14.35	160.3
14.35	160.3
14.35	160.3
14.35	160.2
14.35	160.2
14.35	160.2
14.35	160.2
14.35	160.1
14.35	160.1
14.35	160.1
14.35	160
14.35	160
14.35	160
14.35	160
14.35	159.9
14.36	159.9
14.36	159.9
14.36	159.8
14.36	159.8
14.36	159.8
14.36	159.8
14.36	159.7
14.36	159.7
14.36	159.7
14.36	159.6
14.36	159.6
14.36	159.6
14.36	159.6
14.36	159.5
14.36	159.5
14.36	159.5
14.36	159.5
14.36	159.4
14.36	159.4
14.36	159.4
14.37	159.3
14.37	159.3
14.37	159.3
14.37	159.3
14.37	159.2
14.37	159.2
14.37	159.2
14.37	159.1
14.37	159.1
14.37	159.1
14.37	159.1
14.37	159
14.37	159
14.37	159
14.37	158.9
14.37	158.9
14.37	158.9
14.37	158.9
14.37	158.8
14.38	158.8
14.38	158.8
14.38	158.8
14.38	158.7
14.38	158.7
14.38	158.7
14.38	158.6
14.38	158.6
14.38	158.6
14.38	158.6
14.38	158.5
14.38	158.5
14.38	158.5
14.38	158.4
14.38	158.4
14.38	158.4
14.38	158.4
14.38	158.3
14.38	158.3
14.38	158.3
14.39	158.3
14.39	158.2
14.39	158.2
14.39	158.2
14.39	158.1
14.39	158.1
14.39	158.1
14.39	158.1
14.39	158
14.39	158
14.39	158
14.39	157.9
14.39	157.9
14.39	157.9
14.39	157.9
14.39	157.8
14.39	157.8
14.39	157.8
14.39	157.8
14.39	157.7
14.4	157.7
14.4	157.7
14.4	157.6
14.4	157.6
14.4	157.6
14.4	157.6
14.4	157.5
14.4	157.5
14.4	157.5
14.4	157.5
14.4	157.4
14.4	157.4
14.4	157.4
14.4	157.3
14.4	157.3
14.4	157.3
14.4	157.3
14.4	157.2
14.4	157.2
14.4	157.2
14.4	157.1
14.41	157.1
14.41	157.1
14.41	157.1
14.41	157
14.41	157
14.41	157
14.41	157
14.41	156.9
14.41	156.9
14.41	156.9
14.41	156.8
14.41	156.8
14.41	156.8
14.41	156.8
14.41	156.7
14.41	156.7
14.41	156.7
14.41	156.7
14.41	156.6
14.41	156.6
14.42	156.6
14.42	156.5
14.42	156.5
14.42	156.5
14.42	156.5
14.42	156.4
14.42	156.4
14.42	156.4
14.42	156.4
14.42	156.3
14.42	156.3
14.42	156.3
14.42	156.2
14.42	156.2
14.42	156.2
14.42	156.2
14.42	156.1
14.42	156.1
14.42	156.1
14.43	156.1
14.43	156
14.43	156
14.43	156
14.43	155.9
14.43	155.9
14.43	155.9
14.43	155.9
14.43	155.8
14.43	155.8
14.43	155.8
14.43	155.8
14.43	155.7
14.43	155.7
14.43	155.7
14.43	155.6
14.43	155.6
14.43	155.6
14.43	155.6
14.43	155.5
14.44	155.5
14.44	155.5
14.44	155.5
14.44	155.4
14.44	155.4
14.44	155.4
14.44	155.3
14.44	155.3
14.44	155.3
14.44	155.3
14.44	155.2
14.44	155.2
14.44	155.2
14.44	155.2
14.44	155.1
14.44	155.1
14.44	155.1
14.44	155
14.44	155
14.44	155
14.44	155
14.45	154.9
14.45	154.9
14.45	154.9
14.45	154.9
14.45	154.8
14.45	154.8
14.45	154.8
14.45	154.8
14.45	154.7
14.45	154.7
14.45	154.7
14.45	154.6
14.45	154.6
14.45	154.6
14.45	154.6
14.45	154.5
14.45	154.5
14.45	154.5
14.45	154.5
14.45	154.4
14.46	154.4
14.46	154.4
14.46	154.3
14.46	154.3
14.46	154.3
14.46	154.3
14.46	154.2
14.46	154.2
14.46	154.2
14.46	154.2
14.46	154.1
14.46	154.1
14.46	154.1
14.46	154.1
14.46	154
14.46	154
14.46	154
14.46	153.9
14.46	153.9
14.47	153.9
14.47	153.9
14.47	153.8
14.47	153.8
14.47	153.8
14.47	153.8
14.47	153.7
14.47	153.7
14.47	153.7
14.47	153.6
14.47	153.6
14.47	153.6
14.47	153.6
14.47	153.5
14.47	153.5
14.47	153.5
14.47	153.5
14.47	153.4
14.47	153.4
14.47	153.4
14.48	153.4
14.48	153.3
14.48	153.3
14.48	153.3
14.48	153.2
14.48	153.2
14.48	153.2
14.48	153.2
14.48	153.1
14.48	153.1
14.48	153.1
14.48	153.1
14.48	153
14.48	153
14.48	153
14.48	153
14.48	152.9
14.48	152.9
14.48	152.9
14.48	152.9
14.48	152.8
14.49	152.8
14.49	152.8
14.49	152.7
14.49	152.7
14.49	152.7
14.49	152.7
14.49	152.6
14.49	152.6
14.49	152.6
14.49	152.6
14.49	152.5
14.49	152.5
14.49	152.5
14.49	152.5
14.49	152.4
14.49	152.4
14.49	152.4
14.49	152.3
14.49	152.3
14.49	152.3
14.5	152.3
14.5	152.2
14.5	152.2
14.5	152.2
14.5	152.2
14.5	152.1
14.5	152.1
14.5	152.1
14.5	152.1
14.5	152
14.5	152
14.5	152
14.5	152
14.5	151.9
14.5	151.9
14.5	151.9
14.5	151.8
14.5	151.8
14.5	151.8
14.51	151.8
14.51	151.7
14.51	151.7
14.51	151.7
14.51	151.7
14.51	151.6
14.51	151.6
14.51	151.6
14.51	151.6
14.51	151.5
14.51	151.5
14.51	151.5
14.51	151.5
14.51	151.4
14.51	151.4
14.51	151.4
14.51	151.3
14.51	151.3
14.51	151.3
14.51	151.3
14.52	151.2
14.52	151.2
14.52	151.2
14.52	151.2
14.52	151.1
14.52	151.1
14.52	151.1
14.52	151.1
14.52	151
14.52	151
14.52	151
14.52	151
14.52	150.9
14.52	150.9
14.52	150.9
14.52	150.9
14.52	150.8
14.52	150.8
14.52	150.8
14.52	150.7
14.52	150.7
14.53	150.7
14.53	150.7
14.53	150.6
14.53	150.6
14.53	150.6
14.53	150.6
14.53	150.5
14.53	150.5
14.53	150.5
14.53	150.5
14.53	150.4
14.53	150.4
14.53	150.4
14.53	150.4
14.53	150.3
14.53	150.3
14.53	150.3
14.53	150.3
14.53	150.2
14.53	150.2
14.54	150.2
14.54	150.1
14.54	150.1
14.54	150.1
14.54	150.1
14.54	150
14.54	150
14.54	150
14.54	150
14.54	149.9
14.54	149.9
14.54	149.9
14.54	149.9
14.54	149.8
14.54	149.8
14.54	149.8
14.54	149.8
14.54	149.7
14.54	149.7
14.55	149.7
14.55	149.7
14.55	149.6
14.55	149.6
14.55	149.6
14.55	149.6
14.55	149.5
14.55	149.5
14.55	149.5
14.55	149.4
14.55	149.4
14.55	149.4
14.55	149.4
14.55	149.3
14.55	149.3
14.55	149.3
14.55	149.3
14.55	149.2
14.55	149.2
14.55	149.2
14.56	149.2
14.56	149.1
14.56	149.1
14.56	149.1
14.56	149.1
14.56	149
14.56	149
14.56	149
14.56	149
14.56	148.9
14.56	148.9
14.56	148.9
14.56	148.9
14.56	148.8
14.56	148.8
14.56	148.8
14.56	148.8
14.56	148.7
14.56	148.7
14.56	148.7
14.56	148.7
14.57	148.6
14.57	148.6
14.57	148.6
14.57	148.6
14.57	148.5
14.57	148.5
14.57	148.5
14.57	148.4
14.57	148.4
14.57	148.4
14.57	148.4
14.57	148.3
14.57	148.3
14.57	148.3
14.57	148.3
14.57	148.2
14.57	148.2
14.57	148.2
14.57	148.2
14.57	148.1
14.58	148.1
14.58	148.1
14.58	148.1
14.58	148
14.58	148
14.58	148
14.58	148
14.58	147.9
14.58	147.9
14.58	147.9
14.58	147.9
14.58	147.8
14.58	147.8
14.58	147.8
14.58	147.8
14.58	147.7
14.58	147.7
14.58	147.7
14.58	147.7
14.59	147.6
14.59	147.6
14.59	147.6
14.59	147.6
14.59	147.5
14.59	147.5
14.59	147.5
14.59	147.5
14.59	147.4
14.59	147.4
14.59	147.4
14.59	147.4
14.59	147.3
14.59	147.3
14.59	147.3
14.59	147.3
14.59	147.2
14.59	147.2
14.59	147.2
14.59	147.2
14.6	147.1
14.6	147.1
14.6	147.1
14.6	147.1
14.6	147
14.6	147
14.6	147
14.6	147
14.6	146.9
14.6	146.9
14.6	146.9
14.6	146.8
14.6	146.8
14.6	146.8
14.6	146.8
14.6	146.7
14.6	146.7
14.6	146.7
14.6	146.7
14.6	146.6
14.6	146.6
14.61	146.6
14.61	146.6
14.61	146.5
14.61	146.5
14.61	146.5
14.61	146.5
14.61	146.4
14.61	146.4
14.61	146.4
14.61	146.4
14.61	146.3
14.61	146.3
14.61	146.3
14.61	146.3
14.61	146.2
14.61	146.2
14.61	146.2
14.61	146.2
14.61	146.1
14.61	146.1
14.62	146.1
14.62	146.1
14.62	146
14.62	146
14.62	146
14.62	146
14.62	145.9
14.62	145.9
14.62	145.9
14.62	145.9
14.62	145.8
14.62	145.8
14.62	145.8
14.62	145.8
14.62	145.7
14.62	145.7
14.62	145.7
14.62	145.7
14.62	145.6
14.62	145.6
14.63	145.6
14.63	145.6
14.63	145.5
14.63	145.5
14.63	145.5
14.63	145.5
14.63	145.4
14.63	145.4
14.63	145.4
14.63	145.4
14.63	145.3
14.63	145.3
14.63	145.3
14.63	145.3
14.63	145.2
14.63	145.2
14.63	145.2
14.63	145.2
14.63	145.1
14.64	145.1
14.64	145.1
14.64	145.1
14.64	145
14.64	145
14.64	145
14.64	145
14.64	145
14.64	144.9
14.64	144.9
14.64	144.9
14.64	144.9
14.64	144.8
14.64	144.8
14.64	144.8
14.64	144.8
14.64	144.7
14.64	144.7
14.64	144.7
14.64	144.7
14.65	144.6
14.65	144.6
14.65	144.6
14.65	144.6
14.65	144.5
14.65	144.5
14.65	144.5
14.65	144.5
14.65	144.4
14.65	144.4
14.65	144.4
14.65	144.4
14.65	144.3
14.65	144.3
14.65	144.3
14.65	144.3
14.65	144.2
14.65	144.2
14.65	144.2
14.65	144.2
14.65	144.1
14.66	144.1
14.66	144.1
14.66	144.1
14.66	144
14.66	144
14.66	144
14.66	144
14.66	143.9
14.66	143.9
14.66	143.9
14.66	143.9
14.66	143.8
14.66	143.8
14.66	143.8
14.66	143.8
14.66	143.7
14.66	143.7
14.66	143.7
14.66	143.7
14.66	143.6
14.67	143.6
14.67	143.6
14.67	143.6
14.67	143.5
14.67	143.5
14.67	143.5
14.67	143.5
14.67	143.4
14.67	143.4
14.67	143.4
14.67	143.4
14.67	143.4
14.67	143.3
14.67	143.3
14.67	143.3
14.67	143.3
14.67	143.2
14.67	143.2
14.67	143.2
14.68	143.2
14.68	143.1
14.68	143.1
14.68	143.1
14.68	143.1
14.68	143
14.68	143
14.68	143
14.68	143
14.68	142.9
14.68	142.9
14.68	142.9
14.68	142.9
14.68	142.8
14.68	142.8
14.68	142.8
14.68	142.8
14.68	142.7
14.68	142.7
14.68	142.7
14.69	142.7
14.69	142.6
14.69	142.6
14.69	142.6
14.69	142.6
14.69	142.5
14.69	142.5
14.69	142.5
14.69	142.5
14.69	142.5
14.69	142.4
14.69	142.4
14.69	142.4
14.69	142.4
14.69	142.3
14.69	142.3
14.69	142.3
14.69	142.3
14.69	142.2
14.69	142.2
14.69	142.2
14.7	142.2
14.7	142.1
14.7	142.1
14.7	142.1
14.7	142.1
14.7	142
14.7	142
14.7	142
14.7	142
14.7	141.9
14.7	141.9
14.7	141.9
14.7	141.9
14.7	141.8
14.7	141.8
14.7	141.8
14.7	141.8
14.7	141.8
14.7	141.7
14.7	141.7
14.71	141.7
14.71	141.7
14.71	141.6
14.71	141.6
14.71	141.6
14.71	141.6
14.71	141.5
14.71	141.5
14.71	141.5
14.71	141.5
14.71	141.4
14.71	141.4
14.71	141.4
14.71	141.4
14.71	141.3
14.71	141.3
14.71	141.3
14.71	141.3
14.71	141.2
14.72	141.2
14.72	141.2
14.72	141.2
14.72	141.2
14.72	141.1
14.72	141.1
14.72	141.1
14.72	141.1
14.72	141
14.72	141
14.72	141
14.72	141
14.72	140.9
14.72	140.9
14.72	140.9
14.72	140.9
14.72	140.8
14.72	140.8
14.72	140.8
14.72	140.8
14.73	140.7
14.73	140.7
14.73	140.7
14.73	140.7
14.73	140.7
14.73	140.6
14.73	140.6
14.73	140.6
14.73	140.6
14.73	140.5
14.73	140.5
14.73	140.5
14.73	140.5
14.73	140.4
14.73	140.4
14.73	140.4
14.73	140.4
14.73	140.3
14.73	140.3
14.73	140.3
14.73	140.3
14.74	140.2
14.74	140.2
14.74	140.2
14.74	140.2
14.74	140.2
14.74	140.1
14.74	140.1
14.74	140.1
14.74	140.1
14.74	140
14.74	140
14.74	140
14.74	140
14.74	139.9
14.74	139.9
14.74	139.9
14.74	139.9
14.74	139.8
14.74	139.8
14.74	139.8
14.75	139.8
14.75	139.7
14.75	139.7
14.75	139.7
14.75	139.7
14.75	139.7
14.75	139.6
14.75	139.6
14.75	139.6
14.75	139.6
14.75	139.5
14.75	139.5
14.75	139.5
14.75	139.5
14.75	139.4
14.75	139.4
14.75	139.4
14.75	139.4
14.75	139.3
14.76	139.3
14.76	139.3
14.76	139.3
14.76	139.3
14.76	139.2
14.76	139.2
14.76	139.2
14.76	139.2
14.76	139.1
14.76	139.1
14.76	139.1
14.76	139.1
14.76	139
14.76	139
14.76	139
14.76	139
14.76	138.9
14.76	138.9
14.76	138.9
14.76	138.9
14.77	138.9
14.77	138.8
14.77	138.8
14.77	138.8
14.77	138.8
14.77	138.7
14.77	138.7
14.77	138.7
14.77	138.7
14.77	138.6
14.77	138.6
14.77	138.6
14.77	138.6
14.77	138.6
14.77	138.5
14.77	138.5
14.77	138.5
14.77	138.5
14.77	138.4
14.77	138.4
14.77	138.4
14.78	138.4
14.78	138.3
14.78	138.3
14.78	138.3
14.78	138.3
14.78	138.2
14.78	138.2
14.78	138.2
14.78	138.2
14.78	138.2
14.78	138.1
14.78	138.1
14.78	138.1
14.78	138.1
14.78	138
14.78	138
14.78	138
14.78	138
14.78	137.9
14.78	137.9
14.79	137.9
14.79	137.9
14.79	137.9
14.79	137.8
14.79	137.8
14.79	137.8
14.79	137.8
14.79	137.7
14.79	137.7
14.79	137.7
14.79	137.7
14.79	137.6
14.79	137.6
14.79	137.6
14.79	137.6
14.79	137.6
14.79	137.5
14.79	137.5
14.79	137.5
14.8	137.5
14.8	137.4
14.8	137.4
14.8	137.4
14.8	137.4
14.8	137.3
14.8	137.3
14.8	137.3
14.8	137.3
14.8	137.3
14.8	137.2
14.8	137.2
14.8	137.2
14.8	137.2
14.8	137.1
14.8	137.1
14.8	137.1
14.8	137.1
14.8	137
14.8	137
14.81	137
14.81	137
14.81	137
14.81	136.9
14.81	136.9
14.81	136.9
14.81	136.9
14.81	136.8
14.81	136.8
14.81	136.8
14.81	136.8
14.81	136.7
14.81	136.7
14.81	136.7
14.81	136.7
14.81	136.7
14.81	136.6
14.81	136.6
14.81	136.6
14.81	136.6
14.81	136.5
14.82	136.5
14.82	136.5
14.82	136.5
14.82	136.4
14.82	136.4
14.82	136.4
14.82	136.4
14.82	136.4
14.82	136.3
14.82	136.3
14.82	136.3
14.82	136.3
14.82	136.2
14.82	136.2
14.82	136.2
14.82	136.2
14.82	136.1
14.82	136.1
14.82	136.1
14.82	136.1
14.83	136.1
14.83	136
14.83	136
14.83	136
14.83	136
14.83	135.9
14.83	135.9
14.83	135.9
14.83	135.9
14.83	135.9
14.83	135.8
14.83	135.8
14.83	135.8
14.83	135.8
14.83	135.7
14.83	135.7
14.83	135.7
14.83	135.7
14.83	135.6
14.84	135.6
14.84	135.6
14.84	135.6
14.84	135.6
14.84	135.5
14.84	135.5
14.84	135.5
14.84	135.5
14.84	135.4
14.84	135.4
14.84	135.4
14.84	135.4
14.84	135.4
14.84	135.3
14.84	135.3
14.84	135.3
14.84	135.3
14.84	135.2
14.84	135.2
14.84	135.2
14.85	135.2
14.85	135.1
14.85	135.1
14.85	135.1
14.85	135.1
14.85	135.1
14.85	135
14.85	135
14.85	135
14.85	135
14.85	134.9
14.85	134.9
14.85	134.9
14.85	134.9
14.85	134.9
14.85	134.8
14.85	134.8
14.85	134.8
14.85	134.8
14.85	134.7
14.85	134.7
14.86	134.7
14.86	134.7
14.86	134.7
14.86	134.6
14.86	134.6
14.86	134.6
14.86	134.6
14.86	134.5
14.86	134.5
14.86	134.5
14.86	134.5
14.86	134.5
14.86	134.4
14.86	134.4
14.86	134.4
14.86	134.4
14.86	134.3
14.86	134.3
14.86	134.3
14.86	134.3
14.87	134.2
14.87	134.2
14.87	134.2
14.87	134.2
14.87	134.2
14.87	134.1
14.87	134.1
14.87	134.1
14.87	134.1
14.87	134
14.87	134
14.87	134
14.87	134
14.87	134
14.87	133.9
14.87	133.9
14.87	133.9
14.87	133.9
14.87	133.8
14.88	133.8
14.88	133.8
14.88	133.8
14.88	133.8
14.88	133.7
14.88	133.7
14.88	133.7
14.88	133.7
14.88	133.6
14.88	133.6
14.88	133.6
14.88	133.6
14.88	133.6
14.88	133.5
14.88	133.5
14.88	133.5
14.88	133.5
14.88	133.4
14.88	133.4
14.88	133.4
14.89	133.4
14.89	133.4
14.89	133.3
14.89	133.3
14.89	133.3
14.89	133.3
14.89	133.2
14.89	133.2
14.89	133.2
14.89	133.2
14.89	133.2
14.89	133.1
14.89	133.1
14.89	133.1
14.89	133.1
14.89	133
14.89	133
14.89	133
14.89	133
14.89	133
14.9	132.9
14.9	132.9
14.9	132.9
14.9	132.9
14.9	132.8
14.9	132.8
14.9	132.8
14.9	132.8
14.9	132.8
14.9	132.7
14.9	132.7
14.9	132.7
14.9	132.7
14.9	132.6
14.9	132.6
14.9	132.6
14.9	132.6
14.9	132.6
14.9	132.5
14.9	132.5
14.9	132.5
14.91	132.5
14.91	132.4
14.91	132.4
14.91	132.4
14.91	132.4
14.91	132.4
14.91	132.3
14.91	132.3
14.91	132.3
14.91	132.3
14.91	132.3
14.91	132.2
14.91	132.2
14.91	132.2
14.91	132.2
14.91	132.1
14.91	132.1
14.91	132.1
14.91	132.1
14.91	132.1
14.92	132
14.92	132
14.92	132
14.92	132
14.92	131.9
14.92	131.9
14.92	131.9
14.92	131.9
14.92	131.9
14.92	131.8
14.92	131.8
14.92	131.8
14.92	131.8
14.92	131.7
14.92	131.7
14.92	131.7
14.92	131.7
14.92	131.7
14.92	131.6
14.93	131.6
14.93	131.6
14.93	131.6
14.93	131.5
14.93	131.5
14.93	131.5
14.93	131.5
14.93	131.5
14.93	131.4
14.93	131.4
14.93	131.4
14.93	131.4
14.93	131.4
14.93	131.3
14.93	131.3
14.93	131.3
14.93	131.3
14.93	131.2
14.93	131.2
14.93	131.2
14.94	131.2
14.94	131.2
14.94	131.1
14.94	131.1
14.94	131.1
14.94	131.1
14.94	131
14.94	131
14.94	131
14.94	131
14.94	131
14.94	130.9
14.94	130.9
14.94	130.9
14.94	130.9
14.94	130.9
14.94	130.8
14.94	130.8
14.94	130.8
14.94	130.8
14.94	130.7
14.95	130.7
14.95	130.7
14.95	130.7
14.95	130.7
14.95	130.6
14.95	130.6
14.95	130.6
14.95	130.6
14.95	130.6
14.95	130.5
14.95	130.5
14.95	130.5
14.95	130.5
14.95	130.4
14.95	130.4
14.95	130.4
14.95	130.4
14.95	130.4
14.95	130.3
14.95	130.3
14.96	130.3
14.96	130.3
14.96	130.2
14.96	130.2
14.96	130.2
14.96	130.2
14.96	130.2
14.96	130.1
14.96	130.1
14.96	130.1
14.96	130.1
14.96	130.1
14.96	130
14.96	130
14.96	130
14.96	130
14.96	129.9
14.96	129.9
14.96	129.9
14.97	129.9
14.97	129.9
14.97	129.8
14.97	129.8
14.97	129.8
14.97	129.8
14.97	129.8
14.97	129.7
14.97	129.7
14.97	129.7
14.97	129.7
14.97	129.6
14.97	129.6
14.97	129.6
14.97	129.6
14.97	129.6
14.97	129.5
14.97	129.5
14.97	129.5
14.97	129.5
14.98	129.5
14.98	129.4
14.98	129.4
14.98	129.4
14.98	129.4
14.98	129.3
14.98	129.3
14.98	129.3
14.98	129.3
14.98	129.3
14.98	129.2
14.98	129.2
14.98	129.2
14.98	129.2
14.98	129.2
14.98	129.1
14.98	129.1
14.98	129.1
14.98	129.1
14.98	129
14.98	129
14.99	129
14.99	129
14.99	129
14.99	128.9
14.99	128.9
14.99	128.9
14.99	128.9
14.99	128.9
14.99	128.8
14.99	128.8
14.99	128.8
14.99	128.8
14.99	128.8
14.99	128.7
14.99	128.7
14.99	128.7
14.99	128.7
14.99	128.6
14.99	128.6
14.99	128.6
15	128.6
15	128.6
15	128.5
15	128.5
15	128.5
15	128.5
15	128.5
15	128.4
15	128.4
15	128.4
15	128.4
15	128.4
15	128.3
15	128.3
15	128.3
15	128.3
15	128.2
15	128.2
15	128.2
15.01	128.2
15.01	128.2
15.01	128.1
15.01	128.1
15.01	128.1
15.01	128.1
15.01	128.1
15.01	128
15.01	128
15.01	128
15.01	128
15.01	127.9
15.01	127.9
15.01	127.9
15.01	127.9
15.01	127.9
15.01	127.8
15.01	127.8
15.01	127.8
15.01	127.8
15.02	127.8
15.02	127.7
15.02	127.7
15.02	127.7
15.02	127.7
15.02	127.7
15.02	127.6
15.02	127.6
15.02	127.6
15.02	127.6
15.02	127.6
15.02	127.5
15.02	127.5
15.02	127.5
15.02	127.5
15.02	127.4
15.02	127.4
15.02	127.4
15.02	127.4
15.02	127.4
15.02	127.3
15.03	127.3
15.03	127.3
15.03	127.3
15.03	127.3
15.03	127.2
15.03	127.2
15.03	127.2
15.03	127.2
15.03	127.2
15.03	127.1
15.03	127.1
15.03	127.1
15.03	127.1
15.03	127
15.03	127
15.03	127
15.03	127
15.03	127
15.03	126.9
15.03	126.9
15.04	126.9
15.04	126.9
15.04	126.9
15.04	126.8
15.04	126.8
15.04	126.8
15.04	126.8
15.04	126.8
15.04	126.7
15.04	126.7
15.04	126.7
15.04	126.7
15.04	126.7
15.04	126.6
15.04	126.6
15.04	126.6
15.04	126.6
15.04	126.5
15.04	126.5
15.05	126.5
15.05	126.5
15.05	126.5
15.05	126.4
15.05	126.4
15.05	126.4
15.05	126.4
15.05	126.4
15.05	126.3
15.05	126.3
15.05	126.3
15.05	126.3
15.05	126.3
15.05	126.2
15.05	126.2
15.05	126.2
15.05	126.2
15.05	126.2
15.05	126.1
15.05	126.1
15.06	126.1
15.06	126.1
15.06	126.1
15.06	126
15.06	126
15.06	126
15.06	126
15.06	126
15.06	125.9
15.06	125.9
15.06	125.9
15.06	125.9
15.06	125.8
15.06	125.8
15.06	125.8
15.06	125.8
15.06	125.8
15.06	125.7
15.06	125.7
15.06	125.7
15.06	125.7
15.07	125.7
15.07	125.6
15.07	125.6
15.07	125.6
15.07	125.6
15.07	125.6
15.07	125.5
15.07	125.5
15.07	125.5
15.07	125.5
15.07	125.5
15.07	125.4
15.07	125.4
15.07	125.4
15.07	125.4
15.07	125.4
15.07	125.3
15.07	125.3
15.07	125.3
15.07	125.3
15.08	125.3
15.08	125.2
15.08	125.2
15.08	125.2
15.08	125.2
15.08	125.1
15.08	125.1
15.08	125.1
15.08	125.1
15.08	125.1
15.08	125
15.08	125
15.08	125
15.08	125
15.08	125
15.08	124.9
15.08	124.9
15.08	124.9
15.08	124.9
15.09	124.9
15.09	124.8
15.09	124.8
15.09	124.8
15.09	124.8
15.09	124.8
15.09	124.7
15.09	124.7
15.09	124.7
15.09	124.7
15.09	124.7
15.09	124.6
15.09	124.6
15.09	124.6
15.09	124.6
15.09	124.6
15.09	124.5
15.09	124.5
15.09	124.5
15.09	124.5
15.1	124.5
15.1	124.4
15.1	124.4
15.1	124.4
15.1	124.4
15.1	124.4
15.1	124.3
15.1	124.3
15.1	124.3
15.1	124.3
15.1	124.3
15.1	124.2
15.1	124.2
15.1	124.2
15.1	124.2
15.1	124.2
15.1	124.1
15.1	124.1
15.1	124.1
15.1	124.1
15.1	124.1
15.11	124
15.11	124
15.11	124
15.11	124
15.11	124
15.11	123.9
15.11	123.9
15.11	123.9
15.11	123.9
15.11	123.9
15.11	123.8
15.11	123.8
15.11	123.8
15.11	123.8
15.11	123.8
15.11	123.7
15.11	123.7
15.11	123.7
15.11	123.7
15.11	123.6
15.12	123.6
15.12	123.6
15.12	123.6
15.12	123.6
15.12	123.5
15.12	123.5
15.12	123.5
15.12	123.5
15.12	123.5
15.12	123.4
15.12	123.4
15.12	123.4
15.12	123.4
15.12	123.4
15.12	123.3
15.12	123.3
15.12	123.3
15.12	123.3
15.12	123.3
15.12	123.2
15.13	123.2
15.13	123.2
15.13	123.2
15.13	123.2
15.13	123.1
15.13	123.1
15.13	123.1
15.13	123.1
15.13	123.1
15.13	123
15.13	123
15.13	123
15.13	123
15.13	123
15.13	122.9
15.13	122.9
15.13	122.9
15.13	122.9
15.13	122.9
15.14	122.8
15.14	122.8
15.14	122.8
15.14	122.8
15.14	122.8
15.14	122.7
15.14	122.7
15.14	122.7
15.14	122.7
15.14	122.7
15.14	122.6
15.14	122.6
15.14	122.6
15.14	122.6
15.14	122.6
15.14	122.5
15.14	122.5
15.14	122.5
15.14	122.5
15.14	122.5
15.15	122.5
15.15	122.4
15.15	122.4
15.15	122.4
15.15	122.4
15.15	122.4
15.15	122.3
15.15	122.3
15.15	122.3
15.15	122.3
15.15	122.3
15.15	122.2
15.15	122.2
15.15	122.2
15.15	122.2
15.15	122.2
15.15	122.1
15.15	122.1
15.15	122.1
15.15	122.1
15.15	122.1
15.16	122
15.16	122
15.16	122
15.16	122
15.16	122
15.16	121.9
15.16	121.9
15.16	121.9
15.16	121.9
15.16	121.9
15.16	121.8
15.16	121.8
15.16	121.8
15.16	121.8
15.16	121.8
15.16	121.7
15.16	121.7
15.16	121.7
15.16	121.7
15.16	121.7
15.17	121.6
15.17	121.6
15.17	121.6
15.17	121.6
15.17	121.6
15.17	121.5
15.17	121.5
15.17	121.5
15.17	121.5
15.17	121.5
15.17	121.4
15.17	121.4
15.17	121.4
15.17	121.4
15.17	121.4
15.17	121.3
15.17	121.3
15.17	121.3
15.17	121.3
15.18	121.3
15.18	121.2
15.18	121.2
15.18	121.2
15.18	121.2
15.18	121.2
15.18	121.1
15.18	121.1
15.18	121.1
15.18	121.1
15.18	121.1
15.18	121.1
15.18	121
15.18	121
15.18	121
15.18	121
15.18	121
15.18	120.9
15.18	120.9
15.18	120.9
15.19	120.9
15.19	120.9
15.19	120.8
15.19	120.8
15.19	120.8
15.19	120.8
15.19	120.8
15.19	120.7
15.19	120.7
15.19	120.7
15.19	120.7
15.19	120.7
15.19	120.6
15.19	120.6
15.19	120.6
15.19	120.6
15.19	120.6
15.19	120.5
15.19	120.5
15.19	120.5
15.19	120.5
15.2	120.5
15.2	120.4
15.2	120.4
15.2	120.4
15.2	120.4
15.2	120.4
15.2	120.3
15.2	120.3
15.2	120.3
15.2	120.3
15.2	120.3
15.2	120.3
15.2	120.2
15.2	120.2
15.2	120.2
15.2	120.2
15.2	120.2
15.2	120.1
15.2	120.1
15.2	120.1
15.21	120.1
15.21	120.1
15.21	120
15.21	120
15.21	120
15.21	120
15.21	120
15.21	119.9
15.21	119.9
15.21	119.9
15.21	119.9
15.21	119.9
15.21	119.8
15.21	119.8
15.21	119.8
15.21	119.8
15.21	119.8
15.21	119.8
15.21	119.7
15.22	119.7
15.22	119.7
15.22	119.7
15.22	119.7
15.22	119.6
15.22	119.6
15.22	119.6
15.22	119.6
15.22	119.6
15.22	119.5
15.22	119.5
15.22	119.5
15.22	119.5
15.22	119.5
15.22	119.4
15.22	119.4
15.22	119.4
15.22	119.4
15.22	119.4
15.22	119.3
15.23	119.3
15.23	119.3
15.23	119.3
15.23	119.3
15.23	119.3
15.23	119.2
15.23	119.2
15.23	119.2
15.23	119.2
15.23	119.2
15.23	119.1
15.23	119.1
15.23	119.1
15.23	119.1
15.23	119.1
15.23	119
15.23	119
15.23	119
15.23	119
15.23	119
15.23	118.9
15.24	118.9
15.24	118.9
15.24	118.9
15.24	118.9
15.24	118.8
15.24	118.8
15.24	118.8
15.24	118.8
15.24	118.8
15.24	118.8
15.24	118.7
15.24	118.7
15.24	118.7
15.24	118.7
15.24	118.7
15.24	118.6
15.24	118.6
15.24	118.6
15.24	118.6
15.24	118.6
15.25	118.5
15.25	118.5
15.25	118.5
15.25	118.5
15.25	118.5
15.25	118.4
15.25	118.4
15.25	118.4
15.25	118.4
15.25	118.4
15.25	118.4
15.25	118.3
15.25	118.3
15.25	118.3
15.25	118.3
15.25	118.3
15.25	118.2
15.25	118.2
15.25	118.2
15.26	118.2
15.26	118.2
15.26	118.1
15.26	118.1
15.26	118.1
15.26	118.1
15.26	118.1
15.26	118.1
15.26	118
15.26	118
15.26	118
15.26	118
15.26	118
15.26	117.9
15.26	117.9
15.26	117.9
15.26	117.9
15.26	117.9
15.26	117.8
15.26	117.8
15.27	117.8
15.27	117.8
15.27	117.8
15.27	117.7
15.27	117.7
15.27	117.7
15.27	117.7
15.27	117.7
15.27	117.7
15.27	117.6
15.27	117.6
15.27	117.6
15.27	117.6
15.27	117.6
15.27	117.5
15.27	117.5
15.27	117.5
15.27	117.5
15.27	117.5
15.27	117.4
15.27	117.4
15.28	117.4
15.28	117.4
15.28	117.4
15.28	117.4
15.28	117.3
15.28	117.3
15.28	117.3
15.28	117.3
15.28	117.3
15.28	117.2
15.28	117.2
15.28	117.2
15.28	117.2
15.28	117.2
15.28	117.1
15.28	117.1
15.28	117.1
15.28	117.1
15.28	117.1
15.28	117.1
15.29	117
15.29	117
15.29	117
15.29	117
15.29	117
15.29	116.9
15.29	116.9
15.29	116.9
15.29	116.9
15.29	116.9
15.29	116.8
15.29	116.8
15.29	116.8
15.29	116.8
15.29	116.8
15.29	116.8
15.29	116.7
15.29	116.7
15.29	116.7
15.3	116.7
15.3	116.7
15.3	116.6
15.3	116.6
15.3	116.6
15.3	116.6
15.3	116.6
15.3	116.6
15.3	116.5
15.3	116.5
15.3	116.5
15.3	116.5
15.3	116.5
15.3	116.4
15.3	116.4
15.3	116.4
15.3	116.4
15.3	116.4
15.3	116.3
15.3	116.3
15.31	116.3
15.31	116.3
15.31	116.3
15.31	116.3
15.31	116.2
15.31	116.2
15.31	116.2
15.31	116.2
15.31	116.2
15.31	116.1
15.31	116.1
15.31	116.1
15.31	116.1
15.31	116.1
15.31	116
15.31	116
15.31	116
15.31	116
15.31	116
15.31	116
15.31	115.9
15.32	115.9
15.32	115.9
15.32	115.9
15.32	115.9
15.32	115.8
15.32	115.8
15.32	115.8
15.32	115.8
15.32	115.8
15.32	115.8
15.32	115.7
15.32	115.7
15.32	115.7
15.32	115.7
15.32	115.7
15.32	115.6
15.32	115.6
15.32	115.6
15.32	115.6
15.32	115.6
15.33	115.6
15.33	115.5
15.33	115.5
15.33	115.5
15.33	115.5
15.33	115.5
15.33	115.4
15.33	115.4
15.33	115.4
15.33	115.4
15.33	115.4
15.33	115.3
15.33	115.3
15.33	115.3
15.33	115.3
15.33	115.3
15.33	115.3
15.33	115.2
15.33	115.2
15.34	115.2
15.34	115.2
15.34	115.2
15.34	115.1
15.34	115.1
15.34	115.1
15.34	115.1
15.34	115.1
15.34	115.1
15.34	115
15.34	115
15.34	115
15.34	115
15.34	115
15.34	114.9
15.34	114.9
15.34	114.9
15.34	114.9
15.34	114.9
15.34	114.9
15.35	114.8
15.35	114.8
15.35	114.8
15.35	114.8
15.35	114.8
15.35	114.7
15.35	114.7
15.35	114.7
15.35	114.7
15.35	114.7
15.35	114.7
15.35	114.6
15.35	114.6
15.35	114.6
15.35	114.6
15.35	114.6
15.35	114.5
15.35	114.5
15.35	114.5
15.35	114.5
15.35	114.5
15.36	114.5
15.36	114.4
15.36	114.4
15.36	114.4
15.36	114.4
15.36	114.4
15.36	114.3
15.36	114.3
15.36	114.3
15.36	114.3
15.36	114.3
15.36	114.3
15.36	114.2
15.36	114.2
15.36	114.2
15.36	114.2
15.36	114.2
15.36	114.1
15.36	114.1
15.36	114.1
15.37	114.1
15.37	114.1
15.37	114.1
15.37	114
15.37	114
15.37	114
15.37	114
15.37	114
15.37	113.9
15.37	113.9
15.37	113.9
15.37	113.9
15.37	113.9
15.37	113.9
15.37	113.8
15.37	113.8
15.37	113.8
15.37	113.8
15.37	113.8
15.38	113.8
15.38	113.7
15.38	113.7
15.38	113.7
15.38	113.7
15.38	113.7
15.38	113.6
15.38	113.6
15.38	113.6
15.38	113.6
15.38	113.6
15.38	113.6
15.38	113.5
15.38	113.5
15.38	113.5
15.38	113.5
15.38	113.5
15.38	113.4
15.38	113.4
15.38	113.4
15.39	113.4
15.39	113.4
15.39	113.4
15.39	113.3
15.39	113.3
15.39	113.3
15.39	113.3
15.39	113.3
15.39	113.2
15.39	113.2
15.39	113.2
15.39	113.2
15.39	113.2
15.39	113.2
15.39	113.1
15.39	113.1
15.39	113.1
15.39	113.1
15.39	113.1
15.39	113.1
15.4	113
15.4	113
15.4	113
15.4	113
15.4	113
15.4	112.9
15.4	112.9
15.4	112.9
15.4	112.9
15.4	112.9
15.4	112.9
15.4	112.8
15.4	112.8
15.4	112.8
15.4	112.8
15.4	112.8
15.4	112.7
15.4	112.7
15.4	112.7
15.4	112.7
15.4	112.7
15.41	112.7
15.41	112.6
15.41	112.6
15.41	112.6
15.41	112.6
15.41	112.6
15.41	112.6
15.41	112.5
15.41	112.5
15.41	112.5
15.41	112.5
15.41	112.5
15.41	112.4
15.41	112.4
15.41	112.4
15.41	112.4
15.41	112.4
15.41	112.4
15.41	112.3
15.41	112.3
15.42	112.3
15.42	112.3
15.42	112.3
15.42	112.3
15.42	112.2
15.42	112.2
15.42	112.2
15.42	112.2
15.42	112.2
15.42	112.1
15.42	112.1
15.42	112.1
15.42	112.1
15.42	112.1
15.42	112.1
15.42	112
15.42	112
15.42	112
15.42	112
15.43	112
15.43	112
15.43	111.9
15.43	111.9
15.43	111.9
15.43	111.9
15.43	111.9
15.43	111.8
15.43	111.8
15.43	111.8
15.43	111.8
15.43	111.8
15.43	111.8
15.43	111.7
15.43	111.7
15.43	111.7
15.43	111.7
15.43	111.7
15.43	111.7
15.43	111.6
15.44	111.6
15.44	111.6
15.44	111.6
15.44	111.6
15.44	111.5
15.44	111.5
15.44	111.5
15.44	111.5
15.44	111.5
15.44	111.5
15.44	111.4
15.44	111.4
15.44	111.4
15.44	111.4
15.44	111.4
15.44	111.4
15.44	111.3
15.44	111.3
15.44	111.3
15.44	111.3
15.44	111.3
15.45	111.2
15.45	111.2
15.45	111.2
15.45	111.2
15.45	111.2
15.45	111.2
15.45	111.1
15.45	111.1
15.45	111.1
15.45	111.1
15.45	111.1
15.45	111.1
15.45	111
15.45	111
15.45	111
15.45	111
15.45	111
15.45	111
15.45	110.9
15.45	110.9
15.46	110.9
15.46	110.9
15.46	110.9
15.46	110.8
15.46	110.8
15.46	110.8
15.46	110.8
15.46	110.8
15.46	110.8
15.46	110.7
15.46	110.7
15.46	110.7
15.46	110.7
15.46	110.7
15.46	110.7
15.46	110.6
15.46	110.6
15.46	110.6
15.46	110.6
15.47	110.6
15.47	110.6
15.47	110.5
15.47	110.5
15.47	110.5
15.47	110.5
15.47	110.5
15.47	110.4
15.47	110.4
15.47	110.4
15.47	110.4
15.47	110.4
15.47	110.4
15.47	110.3
15.47	110.3
15.47	110.3
15.47	110.3
15.47	110.3
15.47	110.3
15.47	110.2
15.48	110.2
15.48	110.2
15.48	110.2
15.48	110.2
15.48	110.2
15.48	110.1
15.48	110.1
15.48	110.1
15.48	110.1
15.48	110.1
15.48	110.1
15.48	110
15.48	110
15.48	110
15.48	110
15.48	110
15.48	109.9
15.48	109.9
15.48	109.9
15.48	109.9
15.48	109.9
15.49	109.9
15.49	109.8
15.49	109.8
15.49	109.8
15.49	109.8
15.49	109.8
15.49	109.8
15.49	109.7
15.49	109.7
15.49	109.7
15.49	109.7
15.49	109.7
15.49	109.7
15.49	109.6
15.49	109.6
15.49	109.6
15.49	109.6
15.49	109.6
15.49	109.6
15.49	109.5
15.5	109.5
15.5	109.5
15.5	109.5
15.5	109.5
15.5	109.5
15.5	109.4
15.5	109.4
15.5	109.4
15.5	109.4
15.5	109.4
15.5	109.3
15.5	109.3
15.5	109.3
15.5	109.3
15.5	109.3
15.5	109.3
15.5	109.2
15.5	109.2
15.5	109.2
15.51	109.2
15.51	109.2
15.51	109.2
15.51	109.1
15.51	109.1
15.51	109.1
15.51	109.1
15.51	109.1
15.51	109.1
15.51	109
15.51	109
15.51	109
15.51	109
15.51	109
15.51	109
15.51	108.9
15.51	108.9
15.51	108.9
15.51	108.9
15.51	108.9
15.52	108.9
15.52	108.8
15.52	108.8
15.52	108.8
15.52	108.8
15.52	108.8
15.52	108.8
15.52	108.7
15.52	108.7
15.52	108.7
15.52	108.7
15.52	108.7
15.52	108.7
15.52	108.6
15.52	108.6
15.52	108.6
15.52	108.6
15.52	108.6
15.52	108.6
15.52	108.5
15.52	108.5
15.53	108.5
15.53	108.5
15.53	108.5
15.53	108.4
15.53	108.4
15.53	108.4
15.53	108.4
15.53	108.4
15.53	108.4
15.53	108.3
15.53	108.3
15.53	108.3
15.53	108.3
15.53	108.3
15.53	108.3
15.53	108.2
15.53	108.2
15.53	108.2
15.53	108.2
15.53	108.2
15.54	108.2
15.54	108.1
15.54	108.1
15.54	108.1
15.54	108.1
15.54	108.1
15.54	108.1
15.54	108
15.54	108
15.54	108
15.54	108
15.54	108
15.54	108
15.54	107.9
15.54	107.9
15.54	107.9
15.54	107.9
15.54	107.9
15.54	107.9
15.55	107.8
15.55	107.8
15.55	107.8
15.55	107.8
15.55	107.8
15.55	107.8
15.55	107.7
15.55	107.7
15.55	107.7
15.55	107.7
15.55	107.7
15.55	107.7
15.55	107.6
15.55	107.6
15.55	107.6
15.55	107.6
15.55	107.6
15.55	107.6
15.55	107.5
15.55	107.5
15.56	107.5
15.56	107.5
15.56	107.5
15.56	107.5
15.56	107.4
15.56	107.4
15.56	107.4
15.56	107.4
15.56	107.4
15.56	107.4
15.56	107.3
15.56	107.3
15.56	107.3
15.56	107.3
15.56	107.3
15.56	107.3
15.56	107.2
15.56	107.2
15.56	107.2
15.56	107.2
15.56	107.2
15.57	107.2
15.57	107.1
15.57	107.1
15.57	107.1
15.57	107.1
15.57	107.1
15.57	107.1
15.57	107
15.57	107
15.57	107
15.57	107
15.57	107
15.57	107
15.57	106.9
15.57	106.9
15.57	106.9
15.57	106.9
15.57	106.9
15.57	106.9
15.57	106.8
15.58	106.8
15.58	106.8
15.58	106.8
15.58	106.8
15.58	106.8
15.58	106.7
15.58	106.7
15.58	106.7
15.58	106.7
15.58	106.7
15.58	106.7
15.58	106.6
15.58	106.6
15.58	106.6
15.58	106.6
15.58	106.6
15.58	106.6
15.58	106.5
15.58	106.5
15.59	106.5
15.59	106.5
15.59	106.5
15.59	106.5
15.59	106.4
15.59	106.4
15.59	106.4
15.59	106.4
15.59	106.4
15.59	106.4
15.59	106.3
15.59	106.3
15.59	106.3
15.59	106.3
15.59	106.3
15.59	106.3
15.59	106.3
15.59	106.2
15.59	106.2
15.59	106.2
15.6	106.2
15.6	106.2
15.6	106.2
15.6	106.1
15.6	106.1
15.6	106.1
15.6	106.1
15.6	106.1
15.6	106.1
15.6	106
15.6	106
15.6	106
15.6	106
15.6	106
15.6	106
15.6	105.9
15.6	105.9
15.6	105.9
15.6	105.9
15.6	105.9
15.6	105.9
15.61	105.8
15.61	105.8
15.61	105.8
15.61	105.8
15.61	105.8
15.61	105.8
15.61	105.7
15.61	105.7
15.61	105.7
15.61	105.7
15.61	105.7
15.61	105.7
15.61	105.6
15.61	105.6
15.61	105.6
15.61	105.6
15.61	105.6
15.61	105.6
15.61	105.5
15.61	105.5
15.62	105.5
15.62	105.5
15.62	105.5
15.62	105.5
15.62	105.4
15.62	105.4
15.62	105.4
15.62	105.4
15.62	105.4
15.62	105.4
15.62	105.4
15.62	105.3
15.62	105.3
15.62	105.3
15.62	105.3
15.62	105.3
15.62	105.3
15.62	105.2
15.62	105.2
15.62	105.2
15.63	105.2
15.63	105.2
15.63	105.2
15.63	105.1
15.63	105.1
15.63	105.1
15.63	105.1
15.63	105.1
15.63	105.1
15.63	105
15.63	105
15.63	105
15.63	105
15.63	105
15.63	105
15.63	104.9
15.63	104.9
15.63	104.9
15.63	104.9
15.64	104.9
15.64	104.9
15.64	104.8
15.64	104.8
15.64	104.8
15.64	104.8
15.64	104.8
15.64	104.8
15.64	104.8
15.64	104.7
15.64	104.7
15.64	104.7
15.64	104.7
15.64	104.7
15.64	104.7
15.64	104.6
15.64	104.6
15.64	104.6
15.64	104.6
15.64	104.6
15.65	104.6
15.65	104.5
15.65	104.5
15.65	104.5
15.65	104.5
15.65	104.5
15.65	104.5
15.65	104.4
15.65	104.4
15.65	104.4
15.65	104.4
15.65	104.4
15.65	104.4
15.65	104.4
15.65	104.3
15.65	104.3
15.65	104.3
15.65	104.3
15.65	104.3
15.65	104.3
15.65	104.2
15.66	104.2
15.66	104.2
15.66	104.2
15.66	104.2
15.66	104.2
15.66	104.1
15.66	104.1
15.66	104.1
15.66	104.1
15.66	104.1
15.66	104.1
15.66	104
15.66	104
15.66	104
15.66	104
15.66	104
15.66	104
15.66	104
15.66	103.9
15.66	103.9
15.67	103.9
15.67	103.9
15.67	103.9
15.67	103.9
15.67	103.8
15.67	103.8
15.67	103.8
15.67	103.8
15.67	103.8
15.67	103.8
15.67	103.7
15.67	103.7
15.67	103.7
15.67	103.7
15.67	103.7
15.67	103.7
15.67	103.6
15.67	103.6
15.67	103.6
15.68	103.6
15.68	103.6
15.68	103.6
15.68	103.6
15.68	103.5
15.68	103.5
15.68	103.5
15.68	103.5
15.68	103.5
15.68	103.5
15.68	103.4
15.68	103.4
15.68	103.4
15.68	103.4
15.68	103.4
15.68	103.4
15.68	103.3
15.68	103.3
15.68	103.3
15.68	103.3
15.69	103.3
15.69	103.3
15.69	103.3
15.69	103.2
15.69	103.2
15.69	103.2
15.69	103.2
15.69	103.2
15.69	103.2
15.69	103.1
15.69	103.1
15.69	103.1
15.69	103.1
15.69	103.1
15.69	103.1
15.69	103
15.69	103
15.69	103
15.69	103
15.69	103
15.69	103
15.7	103
15.7	102.9
15.7	102.9
15.7	102.9
15.7	102.9
15.7	102.9
15.7	102.9
15.7	102.8
15.7	102.8
15.7	102.8
15.7	102.8
15.7	102.8
15.7	102.8
15.7	102.7
15.7	102.7
15.7	102.7
15.7	102.7
15.7	102.7
15.7	102.7
15.7	102.7
15.71	102.6
15.71	102.6
15.71	102.6
15.71	102.6
15.71	102.6
15.71	102.6
15.71	102.5
15.71	102.5
15.71	102.5
15.71	102.5
15.71	102.5
15.71	102.5
15.71	102.4
15.71	102.4
15.71	102.4
15.71	102.4
15.71	102.4
15.71	102.4
15.71	102.4
15.72	102.3
15.72	102.3
15.72	102.3
15.72	102.3
15.72	102.3
15.72	102.3
15.72	102.2
15.72	102.2
15.72	102.2
15.72	102.2
15.72	102.2
15.72	102.2
15.72	102.2
15.72	102.1
15.72	102.1
15.72	102.1
15.72	102.1
15.72	102.1
15.72	102.1
15.72	102
15.73	102
15.73	102
15.73	102
15.73	102
15.73	102
15.73	101.9
15.73	101.9
15.73	101.9
15.73	101.9
15.73	101.9
15.73	101.9
15.73	101.9
15.73	101.8
15.73	101.8
15.73	101.8
15.73	101.8
15.73	101.8
15.73	101.8
15.73	101.7
15.73	101.7
15.73	101.7
15.74	101.7
15.74	101.7
15.74	101.7
15.74	101.7
15.74	101.6
15.74	101.6
15.74	101.6
15.74	101.6
15.74	101.6
15.74	101.6
15.74	101.5
15.74	101.5
15.74	101.5
15.74	101.5
15.74	101.5
15.74	101.5
15.74	101.5
15.74	101.4
15.74	101.4
15.74	101.4
15.75	101.4
15.75	101.4
15.75	101.4
15.75	101.3
15.75	101.3
15.75	101.3
15.75	101.3
15.75	101.3
15.75	101.3
15.75	101.3
15.75	101.2
15.75	101.2
15.75	101.2
15.75	101.2
15.75	101.2
15.75	101.2
15.75	101.1
15.75	101.1
15.75	101.1
15.76	101.1
15.76	101.1
15.76	101.1
15.76	101.1
15.76	101
15.76	101
15.76	101
15.76	101
15.76	101
15.76	101
15.76	100.9
15.76	100.9
15.76	100.9
15.76	100.9
15.76	100.9
15.76	100.9
15.76	100.9
15.76	100.8
15.76	100.8
15.76	100.8
15.77	100.8
15.77	100.8
15.77	100.8
15.77	100.7
15.77	100.7
15.77	100.7
15.77	100.7
15.77	100.7
15.77	100.7
15.77	100.7
15.77	100.6
15.77	100.6
15.77	100.6
15.77	100.6
15.77	100.6
15.77	100.6
15.77	100.5
15.77	100.5
15.77	100.5
15.77	100.5
15.77	100.5
15.78	100.5
15.78	100.5
15.78	100.4
15.78	100.4
15.78	100.4
15.78	100.4
15.78	100.4
15.78	100.4
15.78	100.3
15.78	100.3
15.78	100.3
15.78	100.3
15.78	100.3
15.78	100.3
15.78	100.3
15.78	100.2
15.78	100.2
15.78	100.2
15.78	100.2
15.78	100.2
15.79	100.2
15.79	100.2
15.79	100.1
15.79	100.1
15.79	100.1
15.79	100.1
15.79	100.1
15.79	100.1
15.79	100
15.79	100
15.79	100
15.79	100
15.79	99.98
15.79	99.97
15.79	99.95
15.79	99.94
15.79	99.92
15.79	99.91
15.79	99.89
15.8	99.88
15.8	99.86
15.8	99.85
15.8	99.83
15.8	99.82
15.8	99.8
15.8	99.79
15.8	99.77
15.8	99.76
15.8	99.74
15.8	99.73
15.8	99.71
15.8	99.7
15.8	99.68
15.8	99.67
15.8	99.65
15.8	99.64
15.8	99.62
15.8	99.61
15.8	99.59
15.81	99.58
15.81	99.56
15.81	99.55
15.81	99.53
15.81	99.52
15.81	99.5
15.81	99.49
15.81	99.47
15.81	99.45
15.81	99.44
15.81	99.42
15.81	99.41
15.81	99.39
15.81	99.38
15.81	99.36
15.81	99.35
15.81	99.33
15.81	99.32
15.81	99.3
15.81	99.29
15.81	99.27
15.82	99.26
15.82	99.24
15.82	99.23
15.82	99.21
15.82	99.2
15.82	99.18
15.82	99.17
15.82	99.15
15.82	99.14
15.82	99.12
15.82	99.11
15.82	99.09
15.82	99.08
15.82	99.06
15.82	99.05
15.82	99.03
15.82	99.02
15.82	99
15.82	98.99
15.82	98.97
15.83	98.96
15.83	98.94
15.83	98.93
15.83	98.91
15.83	98.9
15.83	98.89
15.83	98.87
15.83	98.86
15.83	98.84
15.83	98.83
15.83	98.81
15.83	98.8
15.83	98.78
15.83	98.77
15.83	98.75
15.83	98.74
15.83	98.72
15.83	98.71
15.83	98.69
15.84	98.68
15.84	98.66
15.84	98.65
15.84	98.63
15.84	98.62
15.84	98.6
15.84	98.59
15.84	98.57
15.84	98.56
15.84	98.54
15.84	98.53
15.84	98.51
15.84	98.5
15.84	98.48
15.84	98.47
15.84	98.45
15.84	98.44
15.84	98.42
15.84	98.41
15.84	98.39
15.85	98.38
15.85	98.36
15.85	98.35
15.85	98.33
15.85	98.32
15.85	98.31
15.85	98.29
15.85	98.28
15.85	98.26
15.85	98.25
15.85	98.23
15.85	98.22
15.85	98.2
15.85	98.19
15.85	98.17
15.85	98.16
15.85	98.14
15.85	98.13
15.85	98.11
15.85	98.1
15.85	98.08
15.86	98.07
15.86	98.05
15.86	98.04
15.86	98.02
15.86	98.01
15.86	97.99
15.86	97.98
15.86	97.97
15.86	97.95
15.86	97.94
15.86	97.92
15.86	97.91
15.86	97.89
15.86	97.88
15.86	97.86
15.86	97.85
15.86	97.83
15.86	97.82
15.86	97.8
15.86	97.79
15.87	97.77
15.87	97.76
15.87	97.74
15.87	97.73
15.87	97.71
15.87	97.7
15.87	97.69
15.87	97.67
15.87	97.66
15.87	97.64
15.87	97.63
15.87	97.61
15.87	97.6
15.87	97.58
15.87	97.57
15.87	97.55
15.87	97.54
15.87	97.52
15.87	97.51
15.88	97.49
15.88	97.48
15.88	97.47
15.88	97.45
15.88	97.44
15.88	97.42
15.88	97.41
15.88	97.39
15.88	97.38
15.88	97.36
15.88	97.35
15.88	97.33
15.88	97.32
15.88	97.3
15.88	97.29
15.88	97.28
15.88	97.26
15.88	97.25
15.88	97.23
15.88	97.22
15.89	97.2
15.89	97.19
15.89	97.17
15.89	97.16
15.89	97.14
15.89	97.13
15.89	97.12
15.89	97.1
15.89	97.09
15.89	97.07
15.89	97.06
15.89	97.04
15.89	97.03
15.89	97.01
15.89	97
15.89	96.98
15.89	96.97
15.89	96.96
15.89	96.94
15.89	96.93
15.9	96.91
15.9	96.9
15.9	96.88
15.9	96.87
15.9	96.85
15.9	96.84
15.9	96.82
15.9	96.81
15.9	96.8
15.9	96.78
15.9	96.77
15.9	96.75
15.9	96.74
15.9	96.72
15.9	96.71
15.9	96.69
15.9	96.68
15.9	96.67
15.9	96.65
15.9	96.64
15.9	96.62
15.91	96.61
15.91	96.59
15.91	96.58
15.91	96.56
15.91	96.55
15.91	96.53
15.91	96.52
15.91	96.51
15.91	96.49
15.91	96.48
15.91	96.46
15.91	96.45
15.91	96.43
15.91	96.42
15.91	96.41
15.91	96.39
15.91	96.38
15.91	96.36
15.91	96.35
15.91	96.33
15.92	96.32
15.92	96.3
15.92	96.29
15.92	96.28
15.92	96.26
15.92	96.25
15.92	96.23
15.92	96.22
15.92	96.2
15.92	96.19
15.92	96.17
15.92	96.16
15.92	96.15
15.92	96.13
15.92	96.12
15.92	96.1
15.92	96.09
15.92	96.07
15.92	96.06
15.93	96.05
15.93	96.03
15.93	96.02
15.93	96
15.93	95.99
15.93	95.97
15.93	95.96
15.93	95.95
15.93	95.93
15.93	95.92
15.93	95.9
15.93	95.89
15.93	95.87
15.93	95.86
15.93	95.84
15.93	95.83
15.93	95.82
15.93	95.8
15.93	95.79
15.93	95.77
15.94	95.76
15.94	95.74
15.94	95.73
15.94	95.72
15.94	95.7
15.94	95.69
15.94	95.67
15.94	95.66
15.94	95.65
15.94	95.63
15.94	95.62
15.94	95.6
15.94	95.59
15.94	95.57
15.94	95.56
15.94	95.55
15.94	95.53
15.94	95.52
15.94	95.5
15.94	95.49
15.94	95.47
15.95	95.46
15.95	95.45
15.95	95.43
15.95	95.42
15.95	95.4
15.95	95.39
15.95	95.37
15.95	95.36
15.95	95.35
15.95	95.33
15.95	95.32
15.95	95.3
15.95	95.29
15.95	95.28
15.95	95.26
15.95	95.25
15.95	95.23
15.95	95.22
15.95	95.2
15.95	95.19
15.96	95.18
15.96	95.16
15.96	95.15
15.96	95.13
15.96	95.12
15.96	95.11
15.96	95.09
15.96	95.08
15.96	95.06
15.96	95.05
15.96	95.03
15.96	95.02
15.96	95.01
15.96	94.99
15.96	94.98
15.96	94.96
15.96	94.95
15.96	94.94
15.96	94.92
15.97	94.91
15.97	94.89
15.97	94.88
15.97	94.87
15.97	94.85
15.97	94.84
15.97	94.82
15.97	94.81
15.97	94.79
15.97	94.78
15.97	94.77
15.97	94.75
15.97	94.74
15.97	94.72
15.97	94.71
15.97	94.7
15.97	94.68
15.97	94.67
15.97	94.65
15.97	94.64
15.98	94.63
15.98	94.61
15.98	94.6
15.98	94.58
15.98	94.57
15.98	94.56
15.98	94.54
15.98	94.53
15.98	94.51
15.98	94.5
15.98	94.49
15.98	94.47
15.98	94.46
15.98	94.44
15.98	94.43
15.98	94.42
15.98	94.4
15.98	94.39
15.98	94.37
15.98	94.36
15.98	94.35
15.99	94.33
15.99	94.32
15.99	94.3
15.99	94.29
15.99	94.28
15.99	94.26
15.99	94.25
15.99	94.23
15.99	94.22
15.99	94.21
15.99	94.19
15.99	94.18
15.99	94.16
15.99	94.15
15.99	94.14
15.99	94.12
15.99	94.11
15.99	94.09
15.99	94.08
15.99	94.07
16	94.05
16	94.04
16	94.02
16	94.01
16	94
16	93.98
16	93.97
16	93.95
16	93.94
16	93.93
16	93.91
16	93.9
16	93.89
16	93.87
16	93.86
16	93.84
16	93.83
16	93.82
16	93.8
16	93.79
16.01	93.77
16.01	93.76
16.01	93.75
16.01	93.73
16.01	93.72
16.01	93.7
16.01	93.69
16.01	93.68
16.01	93.66
16.01	93.65
16.01	93.64
16.01	93.62
16.01	93.61
16.01	93.59
16.01	93.58
16.01	93.57
16.01	93.55
16.01	93.54
16.01	93.52
16.01	93.51
16.02	93.5
16.02	93.48
16.02	93.47
16.02	93.46
16.02	93.44
16.02	93.43
16.02	93.41
16.02	93.4
16.02	93.39
16.02	93.37
16.02	93.36
16.02	93.35
16.02	93.33
16.02	93.32
16.02	93.3
16.02	93.29
16.02	93.28
16.02	93.26
16.02	93.25
16.02	93.24
16.03	93.22
16.03	93.21
16.03	93.19
16.03	93.18
16.03	93.17
16.03	93.15
16.03	93.14
16.03	93.13
16.03	93.11
16.03	93.1
16.03	93.08
16.03	93.07
16.03	93.06
16.03	93.04
16.03	93.03
16.03	93.02
16.03	93
16.03	92.99
16.03	92.97
16.03	92.96
16.04	92.95
16.04	92.93
16.04	92.92
16.04	92.91
16.04	92.89
16.04	92.88
16.04	92.86
16.04	92.85
16.04	92.84
16.04	92.82
16.04	92.81
16.04	92.8
16.04	92.78
16.04	92.77
16.04	92.76
16.04	92.74
16.04	92.73
16.04	92.71
16.04	92.7
16.05	92.69
16.05	92.67
16.05	92.66
16.05	92.65
16.05	92.63
16.05	92.62
16.05	92.61
16.05	92.59
16.05	92.58
16.05	92.56
16.05	92.55
16.05	92.54
16.05	92.52
16.05	92.51
16.05	92.5
16.05	92.48
16.05	92.47
16.05	92.46
16.05	92.44
16.05	92.43
16.06	92.41
16.06	92.4
16.06	92.39
16.06	92.37
16.06	92.36
16.06	92.35
16.06	92.33
16.06	92.32
16.06	92.31
16.06	92.29
16.06	92.28
16.06	92.27
16.06	92.25
16.06	92.24
16.06	92.22
16.06	92.21
16.06	92.2
16.06	92.18
16.06	92.17
16.06	92.16
16.07	92.14
16.07	92.13
16.07	92.12
16.07	92.1
16.07	92.09
16.07	92.08
16.07	92.06
16.07	92.05
16.07	92.04
16.07	92.02
16.07	92.01
16.07	91.99
16.07	91.98
16.07	91.97
16.07	91.95
16.07	91.94
16.07	91.93
16.07	91.91
16.07	91.9
16.07	91.89
16.08	91.87
16.08	91.86
16.08	91.85
16.08	91.83
16.08	91.82
16.08	91.81
16.08	91.79
16.08	91.78
16.08	91.77
16.08	91.75
16.08	91.74
16.08	91.73
16.08	91.71
16.08	91.7
16.08	91.69
16.08	91.67
16.08	91.66
16.08	91.64
16.08	91.63
16.08	91.62
16.08	91.6
16.09	91.59
16.09	91.58
16.09	91.56
16.09	91.55
16.09	91.54
16.09	91.52
16.09	91.51
16.09	91.5
16.09	91.48
16.09	91.47
16.09	91.46
16.09	91.44
16.09	91.43
16.09	91.42
16.09	91.4
16.09	91.39
16.09	91.38
16.09	91.36
16.09	91.35
16.09	91.34
16.1	91.32
16.1	91.31
16.1	91.3
16.1	91.28
16.1	91.27
16.1	91.26
16.1	91.24
16.1	91.23
16.1	91.22
16.1	91.2
16.1	91.19
16.1	91.18
16.1	91.16
16.1	91.15
16.1	91.14
16.1	91.12
16.1	91.11
16.1	91.1
16.1	91.08
16.1	91.07
16.11	91.06
16.11	91.04
16.11	91.03
16.11	91.02
16.11	91
16.11	90.99
16.11	90.98
16.11	90.96
16.11	90.95
16.11	90.94
16.11	90.92
16.11	90.91
16.11	90.9
16.11	90.88
16.11	90.87
16.11	90.86
16.11	90.84
16.11	90.83
16.11	90.82
16.11	90.8
16.12	90.79
16.12	90.78
16.12	90.76
16.12	90.75
16.12	90.74
16.12	90.72
16.12	90.71
16.12	90.7
16.12	90.69
16.12	90.67
16.12	90.66
16.12	90.65
16.12	90.63
16.12	90.62
16.12	90.61
16.12	90.59
16.12	90.58
16.12	90.57
16.12	90.55
16.12	90.54
16.13	90.53
16.13	90.51
16.13	90.5
16.13	90.49
16.13	90.47
16.13	90.46
16.13	90.45
16.13	90.43
16.13	90.42
16.13	90.41
16.13	90.39
16.13	90.38
16.13	90.37
16.13	90.36
16.13	90.34
16.13	90.33
16.13	90.32
16.13	90.3
16.13	90.29
16.14	90.28
16.14	90.26
16.14	90.25
16.14	90.24
16.14	90.22
16.14	90.21
16.14	90.2
16.14	90.18
16.14	90.17
16.14	90.16
16.14	90.15
16.14	90.13
16.14	90.12
16.14	90.11
16.14	90.09
16.14	90.08
16.14	90.07
16.14	90.05
16.14	90.04
16.14	90.03
16.15	90.01
16.15	90
16.15	89.99
16.15	89.97
16.15	89.96
16.15	89.95
16.15	89.94
16.15	89.92
16.15	89.91
16.15	89.9
16.15	89.88
16.15	89.87
16.15	89.86
16.15	89.84
16.15	89.83
16.15	89.82
16.15	89.81
16.15	89.79
16.15	89.78
16.15	89.77
16.16	89.75
16.16	89.74
16.16	89.73
16.16	89.71
16.16	89.7
16.16	89.69
16.16	89.67
16.16	89.66
16.16	89.65
16.16	89.64
16.16	89.62
16.16	89.61
16.16	89.6
16.16	89.58
16.16	89.57
16.16	89.56
16.16	89.54
16.16	89.53
16.16	89.52
16.16	89.51
16.17	89.49
16.17	89.48
16.17	89.47
16.17	89.45
16.17	89.44
16.17	89.43
16.17	89.41
16.17	89.4
16.17	89.39
16.17	89.38
16.17	89.36
16.17	89.35
16.17	89.34
16.17	89.32
16.17	89.31
16.17	89.3
16.17	89.29
16.17	89.27
16.17	89.26
16.17	89.25
16.17	89.23
16.18	89.22
16.18	89.21
16.18	89.19
16.18	89.18
16.18	89.17
16.18	89.16
16.18	89.14
16.18	89.13
16.18	89.12
16.18	89.1
16.18	89.09
16.18	89.08
16.18	89.07
16.18	89.05
16.18	89.04
16.18	89.03
16.18	89.01
16.18	89
16.18	88.99
16.18	88.98
16.19	88.96
16.19	88.95
16.19	88.94
16.19	88.92
16.19	88.91
16.19	88.9
16.19	88.89
16.19	88.87
16.19	88.86
16.19	88.85
16.19	88.83
16.19	88.82
16.19	88.81
16.19	88.8
16.19	88.78
16.19	88.77
16.19	88.76
16.19	88.74
16.19	88.73
16.19	88.72
16.2	88.71
16.2	88.69
16.2	88.68
16.2	88.67
16.2	88.65
16.2	88.64
16.2	88.63
16.2	88.62
16.2	88.6
16.2	88.59
16.2	88.58
16.2	88.57
16.2	88.55
16.2	88.54
16.2	88.53
16.2	88.51
16.2	88.5
16.2	88.49
16.2	88.48
16.2	88.46
16.21	88.45
16.21	88.44
16.21	88.42
16.21	88.41
16.21	88.4
16.21	88.39
16.21	88.37
16.21	88.36
16.21	88.35
16.21	88.34
16.21	88.32
16.21	88.31
16.21	88.3
16.21	88.28
16.21	88.27
16.21	88.26
16.21	88.25
16.21	88.23
16.21	88.22
16.22	88.21
16.22	88.2
16.22	88.18
16.22	88.17
16.22	88.16
16.22	88.14
16.22	88.13
16.22	88.12
16.22	88.11
16.22	88.09
16.22	88.08
16.22	88.07
16.22	88.06
16.22	88.04
16.22	88.03
16.22	88.02
16.22	88.01
16.22	87.99
16.22	87.98
16.22	87.97
16.23	87.95
16.23	87.94
16.23	87.93
16.23	87.92
16.23	87.9
16.23	87.89
16.23	87.88
16.23	87.87
16.23	87.85
16.23	87.84
16.23	87.83
16.23	87.82
16.23	87.8
16.23	87.79
16.23	87.78
16.23	87.77
16.23	87.75
16.23	87.74
16.23	87.73
16.23	87.71
16.24	87.7
16.24	87.69
16.24	87.68
16.24	87.66
16.24	87.65
16.24	87.64
16.24	87.63
16.24	87.61
16.24	87.6
16.24	87.59
16.24	87.58
16.24	87.56
16.24	87.55
16.24	87.54
16.24	87.53
16.24	87.51
16.24	87.5
16.24	87.49
16.24	87.48
16.24	87.46
16.25	87.45
16.25	87.44
16.25	87.43
16.25	87.41
16.25	87.4
16.25	87.39
16.25	87.38
16.25	87.36
16.25	87.35
16.25	87.34
16.25	87.33
16.25	87.31
16.25	87.3
16.25	87.29
16.25	87.28
16.25	87.26
16.25	87.25
16.25	87.24
16.25	87.23
16.25	87.21
16.25	87.2
16.26	87.19
16.26	87.18
16.26	87.16
16.26	87.15
16.26	87.14
16.26	87.13
16.26	87.11
16.26	87.1
16.26	87.09
16.26	87.08
16.26	87.06
16.26	87.05
16.26	87.04
16.26	87.03
16.26	87.01
16.26	87
16.26	86.99
16.26	86.98
16.26	86.96
16.26	86.95
16.27	86.94
16.27	86.93
16.27	86.91
16.27	86.9
16.27	86.89
16.27	86.88
16.27	86.86
16.27	86.85
16.27	86.84
16.27	86.83
16.27	86.81
16.27	86.8
16.27	86.79
16.27	86.78
16.27	86.76
16.27	86.75
16.27	86.74
16.27	86.73
16.27	86.71
16.27	86.7
16.28	86.69
16.28	86.68
16.28	86.67
16.28	86.65
16.28	86.64
16.28	86.63
16.28	86.62
16.28	86.6
16.28	86.59
16.28	86.58
16.28	86.57
16.28	86.55
16.28	86.54
16.28	86.53
16.28	86.52
16.28	86.5
16.28	86.49
16.28	86.48
16.28	86.47
16.28	86.45
16.29	86.44
16.29	86.43
16.29	86.42
16.29	86.41
16.29	86.39
16.29	86.38
16.29	86.37
16.29	86.36
16.29	86.34
16.29	86.33
16.29	86.32
16.29	86.31
16.29	86.29
16.29	86.28
16.29	86.27
16.29	86.26
16.29	86.25
16.29	86.23
16.29	86.22
16.3	86.21
16.3	86.2
16.3	86.18
16.3	86.17
16.3	86.16
16.3	86.15
16.3	86.13
16.3	86.12
16.3	86.11
16.3	86.1
16.3	86.09
16.3	86.07
16.3	86.06
16.3	86.05
16.3	86.04
16.3	86.02
16.3	86.01
16.3	86
16.3	85.99
16.3	85.98
16.31	85.96
16.31	85.95
16.31	85.94
16.31	85.93
16.31	85.91
16.31	85.9
16.31	85.89
16.31	85.88
16.31	85.87
16.31	85.85
16.31	85.84
16.31	85.83
16.31	85.82
16.31	85.8
16.31	85.79
16.31	85.78
16.31	85.77
16.31	85.76
16.31	85.74
16.31	85.73
16.32	85.72
16.32	85.71
16.32	85.69
16.32	85.68
16.32	85.67
16.32	85.66
16.32	85.65
16.32	85.63
16.32	85.62
16.32	85.61
16.32	85.6
16.32	85.59
16.32	85.57
16.32	85.56
16.32	85.55
16.32	85.54
16.32	85.52
16.32	85.51
16.32	85.5
16.32	85.49
16.33	85.48
16.33	85.46
16.33	85.45
16.33	85.44
16.33	85.43
16.33	85.42
16.33	85.4
16.33	85.39
16.33	85.38
16.33	85.37
16.33	85.35
16.33	85.34
16.33	85.33
16.33	85.32
16.33	85.31
16.33	85.29
16.33	85.28
16.33	85.27
16.33	85.26
16.33	85.25
16.33	85.23
16.34	85.22
16.34	85.21
16.34	85.2
16.34	85.19
16.34	85.17
16.34	85.16
16.34	85.15
16.34	85.14
16.34	85.12
16.34	85.11
16.34	85.1
16.34	85.09
16.34	85.08
16.34	85.06
16.34	85.05
16.34	85.04
16.34	85.03
16.34	85.02
16.34	85
16.34	84.99
16.35	84.98
16.35	84.97
16.35	84.96
16.35	84.94
16.35	84.93
16.35	84.92
16.35	84.91
16.35	84.9
16.35	84.88
16.35	84.87
16.35	84.86
16.35	84.85
16.35	84.84
16.35	84.82
16.35	84.81
16.35	84.8
16.35	84.79
16.35	84.78
16.35	84.76
16.35	84.75
16.36	84.74
16.36	84.73
16.36	84.72
16.36	84.7
16.36	84.69
16.36	84.68
16.36	84.67
16.36	84.66
16.36	84.64
16.36	84.63
16.36	84.62
16.36	84.61
16.36	84.6
16.36	84.58
16.36	84.57
16.36	84.56
16.36	84.55
16.36	84.54
16.36	84.52
16.36	84.51
16.37	84.5
16.37	84.49
16.37	84.48
16.37	84.47
16.37	84.45
16.37	84.44
16.37	84.43
16.37	84.42
16.37	84.41
16.37	84.39
16.37	84.38
16.37	84.37
16.37	84.36
16.37	84.35
16.37	84.33
16.37	84.32
16.37	84.31
16.37	84.3
16.37	84.29
16.38	84.27
16.38	84.26
16.38	84.25
16.38	84.24
16.38	84.23
16.38	84.22
16.38	84.2
16.38	84.19
16.38	84.18
16.38	84.17
16.38	84.16
16.38	84.14
16.38	84.13
16.38	84.12
16.38	84.11
16.38	84.1
16.38	84.08
16.38	84.07
16.38	84.06
16.38	84.05
16.39	84.04
16.39	84.03
16.39	84.01
16.39	84
16.39	83.99
16.39	83.98
16.39	83.97
16.39	83.95
16.39	83.94
16.39	83.93
16.39	83.92
16.39	83.91
16.39	83.9
16.39	83.88
16.39	83.87
16.39	83.86
16.39	83.85
16.39	83.84
16.39	83.82
16.39	83.81
16.4	83.8
16.4	83.79
16.4	83.78
16.4	83.77
16.4	83.75
16.4	83.74
16.4	83.73
16.4	83.72
16.4	83.71
16.4	83.7
16.4	83.68
16.4	83.67
16.4	83.66
16.4	83.65
16.4	83.64
16.4	83.62
16.4	83.61
16.4	83.6
16.4	83.59
16.4	83.58
16.41	83.57
16.41	83.55
16.41	83.54
16.41	83.53
16.41	83.52
16.41	83.51
16.41	83.5
16.41	83.48
16.41	83.47
16.41	83.46
16.41	83.45
16.41	83.44
16.41	83.43
16.41	83.41
16.41	83.4
16.41	83.39
16.41	83.38
16.41	83.37
16.41	83.36
16.41	83.34
16.42	83.33
16.42	83.32
16.42	83.31
16.42	83.3
16.42	83.29
16.42	83.27
16.42	83.26
16.42	83.25
16.42	83.24
16.42	83.23
16.42	83.22
16.42	83.2
16.42	83.19
16.42	83.18
16.42	83.17
16.42	83.16
16.42	83.15
16.42	83.13
16.42	83.12
16.42	83.11
16.42	83.1
16.43	83.09
16.43	83.08
16.43	83.06
16.43	83.05
16.43	83.04
16.43	83.03
16.43	83.02
16.43	83.01
16.43	82.99
16.43	82.98
16.43	82.97
16.43	82.96
16.43	82.95
16.43	82.94
16.43	82.92
16.43	82.91
16.43	82.9
16.43	82.89
16.43	82.88
16.43	82.87
16.44	82.85
16.44	82.84
16.44	82.83
16.44	82.82
16.44	82.81
16.44	82.8
16.44	82.79
16.44	82.77
16.44	82.76
16.44	82.75
16.44	82.74
16.44	82.73
16.44	82.72
16.44	82.7
16.44	82.69
16.44	82.68
16.44	82.67
16.44	82.66
16.44	82.65
16.44	82.64
16.45	82.62
16.45	82.61
16.45	82.6
16.45	82.59
16.45	82.58
16.45	82.57
16.45	82.55
16.45	82.54
16.45	82.53
16.45	82.52
16.45	82.51
16.45	82.5
16.45	82.49
16.45	82.47
16.45	82.46
16.45	82.45
16.45	82.44
16.45	82.43
16.45	82.42
16.45	82.4
16.46	82.39
16.46	82.38
16.46	82.37
16.46	82.36
16.46	82.35
16.46	82.34
16.46	82.32
16.46	82.31
16.46	82.3
16.46	82.29
16.46	82.28
16.46	82.27
16.46	82.26
16.46	82.24
16.46	82.23
16.46	82.22
16.46	82.21
16.46	82.2
16.46	82.19
16.47	82.18
16.47	82.16
16.47	82.15
16.47	82.14
16.47	82.13
16.47	82.12
16.47	82.11
16.47	82.1
16.47	82.08
16.47	82.07
16.47	82.06
16.47	82.05
16.47	82.04
16.47	82.03
16.47	82.02
16.47	82
16.47	81.99
16.47	81.98
16.47	81.97
16.47	81.96
16.48	81.95
16.48	81.94
16.48	81.92
16.48	81.91
16.48	81.9
16.48	81.89
16.48	81.88
16.48	81.87
16.48	81.86
16.48	81.84
16.48	81.83
16.48	81.82
16.48	81.81
16.48	81.8
16.48	81.79
16.48	81.78
16.48	81.76
16.48	81.75
16.48	81.74
16.48	81.73
16.49	81.72
16.49	81.71
16.49	81.7
16.49	81.69
16.49	81.67
16.49	81.66
16.49	81.65
16.49	81.64
16.49	81.63
16.49	81.62
16.49	81.61
16.49	81.59
16.49	81.58
16.49	81.57
16.49	81.56
16.49	81.55
16.49	81.54
16.49	81.53
16.49	81.52
16.49	81.5
16.5	81.49
16.5	81.48
16.5	81.47
16.5	81.46
16.5	81.45
16.5	81.44
16.5	81.43
16.5	81.41
16.5	81.4
16.5	81.39
16.5	81.38
16.5	81.37
16.5	81.36
16.5	81.35
16.5	81.34
16.5	81.32
16.5	81.31
16.5	81.3
16.5	81.29
16.5	81.28
16.5	81.27
16.51	81.26
16.51	81.24
16.51	81.23
16.51	81.22
16.51	81.21
16.51	81.2
16.51	81.19
16.51	81.18
16.51	81.17
16.51	81.16
16.51	81.14
16.51	81.13
16.51	81.12
16.51	81.11
16.51	81.1
16.51	81.09
16.51	81.08
16.51	81.07
16.51	81.05
16.51	81.04
16.52	81.03
16.52	81.02
16.52	81.01
16.52	81
16.52	80.99
16.52	80.98
16.52	80.96
16.52	80.95
16.52	80.94
16.52	80.93
16.52	80.92
16.52	80.91
16.52	80.9
16.52	80.89
16.52	80.88
16.52	80.86
16.52	80.85
16.52	80.84
16.52	80.83
16.52	80.82
16.53	80.81
16.53	80.8
16.53	80.79
16.53	80.77
16.53	80.76
16.53	80.75
16.53	80.74
16.53	80.73
16.53	80.72
16.53	80.71
16.53	80.7
16.53	80.69
16.53	80.67
16.53	80.66
16.53	80.65
16.53	80.64
16.53	80.63
16.53	80.62
16.53	80.61
16.53	80.6
16.54	80.59
16.54	80.57
16.54	80.56
16.54	80.55
16.54	80.54
16.54	80.53
16.54	80.52
16.54	80.51
16.54	80.5
16.54	80.49
16.54	80.47
16.54	80.46
16.54	80.45
16.54	80.44
16.54	80.43
16.54	80.42
16.54	80.41
16.54	80.4
16.54	80.39
16.55	80.37
16.55	80.36
16.55	80.35
16.55	80.34
16.55	80.33
16.55	80.32
16.55	80.31
16.55	80.3
16.55	80.29
16.55	80.28
16.55	80.26
16.55	80.25
16.55	80.24
16.55	80.23
16.55	80.22
16.55	80.21
16.55	80.2
16.55	80.19
16.55	80.18
16.55	80.16
16.56	80.15
16.56	80.14
16.56	80.13
16.56	80.12
16.56	80.11
16.56	80.1
16.56	80.09
16.56	80.08
16.56	80.07
16.56	80.05
16.56	80.04
16.56	80.03
16.56	80.02
16.56	80.01
16.56	80
16.56	79.99
16.56	79.98
16.56	79.97
16.56	79.96
16.56	79.94
16.57	79.93
16.57	79.92
16.57	79.91
16.57	79.9
16.57	79.89
16.57	79.88
16.57	79.87
16.57	79.86
16.57	79.85
16.57	79.84
16.57	79.82
16.57	79.81
16.57	79.8
16.57	79.79
16.57	79.78
16.57	79.77
16.57	79.76
16.57	79.75
16.57	79.74
16.57	79.73
16.58	79.71
16.58	79.7
16.58	79.69
16.58	79.68
16.58	79.67
16.58	79.66
16.58	79.65
16.58	79.64
16.58	79.63
16.58	79.62
16.58	79.61
16.58	79.59
16.58	79.58
16.58	79.57
16.58	79.56
16.58	79.55
16.58	79.54
16.58	79.53
16.58	79.52
16.58	79.51
16.58	79.5
16.59	79.49
16.59	79.48
16.59	79.46
16.59	79.45
16.59	79.44
16.59	79.43
16.59	79.42
16.59	79.41
16.59	79.4
16.59	79.39
16.59	79.38
16.59	79.37
16.59	79.36
16.59	79.34
16.59	79.33
16.59	79.32
16.59	79.31
16.59	79.3
16.59	79.29
16.59	79.28
16.6	79.27
16.6	79.26
16.6	79.25
16.6	79.24
16.6	79.23
16.6	79.21
16.6	79.2
16.6	79.19
16.6	79.18
16.6	79.17
16.6	79.16
16.6	79.15
16.6	79.14
16.6	79.13
16.6	79.12
16.6	79.11
16.6	79.1
16.6	79.09
16.6	79.07
16.6	79.06
16.61	79.05
16.61	79.04
16.61	79.03
16.61	79.02
16.61	79.01
16.61	79
16.61	78.99
16.61	78.98
16.61	78.97
16.61	78.96
16.61	78.94
16.61	78.93
16.61	78.92
16.61	78.91
16.61	78.9
16.61	78.89
16.61	78.88
16.61	78.87
16.61	78.86
16.61	78.85
16.62	78.84
16.62	78.83
16.62	78.82
16.62	78.81
16.62	78.79
16.62	78.78
16.62	78.77
16.62	78.76
16.62	78.75
16.62	78.74
16.62	78.73
16.62	78.72
16.62	78.71
16.62	78.7
16.62	78.69
16.62	78.68
16.62	78.67
16.62	78.66
16.62	78.64
16.62	78.63
16.63	78.62
16.63	78.61
16.63	78.6
16.63	78.59
16.63	78.58
16.63	78.57
16.63	78.56
16.63	78.55
16.63	78.54
16.63	78.53
16.63	78.52
16.63	78.51
16.63	78.49
16.63	78.48
16.63	78.47
16.63	78.46
16.63	78.45
16.63	78.44
16.63	78.43
16.64	78.42
16.64	78.41
16.64	78.4
16.64	78.39
16.64	78.38
16.64	78.37
16.64	78.36
16.64	78.35
16.64	78.33
16.64	78.32
16.64	78.31
16.64	78.3
16.64	78.29
16.64	78.28
16.64	78.27
16.64	78.26
16.64	78.25
16.64	78.24
16.64	78.23
16.64	78.22
16.65	78.21
16.65	78.2
16.65	78.19
16.65	78.18
16.65	78.17
16.65	78.15
16.65	78.14
16.65	78.13
16.65	78.12
16.65	78.11
16.65	78.1
16.65	78.09
16.65	78.08
16.65	78.07
16.65	78.06
16.65	78.05
16.65	78.04
16.65	78.03
16.65	78.02
16.65	78.01
16.66	78
16.66	77.99
16.66	77.97
16.66	77.96
16.66	77.95
16.66	77.94
16.66	77.93
16.66	77.92
16.66	77.91
16.66	77.9
16.66	77.89
16.66	77.88
16.66	77.87
16.66	77.86
16.66	77.85
16.66	77.84
16.66	77.83
16.66	77.82
16.66	77.81
16.66	77.8
16.67	77.78
16.67	77.77
16.67	77.76
16.67	77.75
16.67	77.74
16.67	77.73
16.67	77.72
16.67	77.71
16.67	77.7
16.67	77.69
16.67	77.68
16.67	77.67
16.67	77.66
16.67	77.65
16.67	77.64
16.67	77.63
16.67	77.62
16.67	77.61
16.67	77.6
16.67	77.59
16.67	77.57
16.68	77.56
16.68	77.55
16.68	77.54
16.68	77.53
16.68	77.52
16.68	77.51
16.68	77.5
16.68	77.49
16.68	77.48
16.68	77.47
16.68	77.46
16.68	77.45
16.68	77.44
16.68	77.43
16.68	77.42
16.68	77.41
16.68	77.4
16.68	77.39
16.68	77.38
16.68	77.37
16.69	77.36
16.69	77.34
16.69	77.33
16.69	77.32
16.69	77.31
16.69	77.3
16.69	77.29
16.69	77.28
16.69	77.27
16.69	77.26
16.69	77.25
16.69	77.24
16.69	77.23
16.69	77.22
16.69	77.21
16.69	77.2
16.69	77.19
16.69	77.18
16.69	77.17
16.69	77.16
16.7	77.15
16.7	77.14
16.7	77.13
16.7	77.12
16.7	77.11
16.7	77.1
16.7	77.08
16.7	77.07
16.7	77.06
16.7	77.05
16.7	77.04
16.7	77.03
16.7	77.02
16.7	77.01
16.7	77
16.7	76.99
16.7	76.98
16.7	76.97
16.7	76.96
16.7	76.95
16.71	76.94
16.71	76.93
16.71	76.92
16.71	76.91
16.71	76.9
16.71	76.89
16.71	76.88
16.71	76.87
16.71	76.86
16.71	76.85
16.71	76.84
16.71	76.83
16.71	76.82
16.71	76.81
16.71	76.8
16.71	76.78
16.71	76.77
16.71	76.76
16.71	76.75
16.72	76.74
16.72	76.73
16.72	76.72
16.72	76.71
16.72	76.7
16.72	76.69
16.72	76.68
16.72	76.67
16.72	76.66
16.72	76.65
16.72	76.64
16.72	76.63
16.72	76.62
16.72	76.61
16.72	76.6
16.72	76.59
16.72	76.58
16.72	76.57
16.72	76.56
16.72	76.55
16.73	76.54
16.73	76.53
16.73	76.52
16.73	76.51
16.73	76.5
16.73	76.49
16.73	76.48
16.73	76.47
16.73	76.46
16.73	76.45
16.73	76.44
16.73	76.43
16.73	76.42
16.73	76.4
16.73	76.39
16.73	76.38
16.73	76.37
16.73	76.36
16.73	76.35
16.73	76.34
16.74	76.33
16.74	76.32
16.74	76.31
16.74	76.3
16.74	76.29
16.74	76.28
16.74	76.27
16.74	76.26
16.74	76.25
16.74	76.24
16.74	76.23
16.74	76.22
16.74	76.21
16.74	76.2
16.74	76.19
16.74	76.18
16.74	76.17
16.74	76.16
16.74	76.15
16.74	76.14
16.75	76.13
16.75	76.12
16.75	76.11
16.75	76.1
16.75	76.09
16.75	76.08
16.75	76.07
16.75	76.06
16.75	76.05
16.75	76.04
16.75	76.03
16.75	76.02
16.75	76.01
16.75	76
16.75	75.99
16.75	75.98
16.75	75.97
16.75	75.96
16.75	75.95
16.75	75.94
16.75	75.93
16.76	75.92
16.76	75.91
16.76	75.9
16.76	75.89
16.76	75.88
16.76	75.87
16.76	75.86
16.76	75.85
16.76	75.84
16.76	75.83
16.76	75.81
16.76	75.8
16.76	75.79
16.76	75.78
16.76	75.77
16.76	75.76
16.76	75.75
16.76	75.74
16.76	75.73
16.76	75.72
16.77	75.71
16.77	75.7
16.77	75.69
16.77	75.68
16.77	75.67
16.77	75.66
16.77	75.65
16.77	75.64
16.77	75.63
16.77	75.62
16.77	75.61
16.77	75.6
16.77	75.59
16.77	75.58
16.77	75.57
16.77	75.56
16.77	75.55
16.77	75.54
16.77	75.53
16.77	75.52
16.78	75.51
16.78	75.5
16.78	75.49
16.78	75.48
16.78	75.47
16.78	75.46
16.78	75.45
16.78	75.44
16.78	75.43
16.78	75.42
16.78	75.41
16.78	75.4
16.78	75.39
16.78	75.38
16.78	75.37
16.78	75.36
16.78	75.35
16.78	75.34
16.78	75.33
16.78	75.32
16.79	75.31
16.79	75.3
16.79	75.29
16.79	75.28
16.79	75.27
16.79	75.26
16.79	75.25
16.79	75.24
16.79	75.23
16.79	75.22
16.79	75.21
16.79	75.2
16.79	75.19
16.79	75.18
16.79	75.17
16.79	75.16
16.79	75.15
16.79	75.14
16.79	75.13
16.8	75.12
16.8	75.11
16.8	75.1
16.8	75.09
16.8	75.08
16.8	75.07
16.8	75.06
16.8	75.05
16.8	75.04
16.8	75.03
16.8	75.02
16.8	75.01
16.8	75
16.8	74.99
16.8	74.98
16.8	74.97
16.8	74.96
16.8	74.95
16.8	74.94
16.8	74.93
16.81	74.92
16.81	74.91
16.81	74.9
16.81	74.89
16.81	74.88
16.81	74.87
16.81	74.86
16.81	74.85
16.81	74.84
16.81	74.83
16.81	74.82
16.81	74.81
16.81	74.8
16.81	74.79
16.81	74.78
16.81	74.78
16.81	74.77
16.81	74.76
16.81	74.75
16.81	74.74
16.82	74.73
16.82	74.72
16.82	74.71
16.82	74.7
16.82	74.69
16.82	74.68
16.82	74.67
16.82	74.66
16.82	74.65
16.82	74.64
16.82	74.63
16.82	74.62
16.82	74.61
16.82	74.6
16.82	74.59
16.82	74.58
16.82	74.57
16.82	74.56
16.82	74.55
16.82	74.54
16.83	74.53
16.83	74.52
16.83	74.51
16.83	74.5
16.83	74.49
16.83	74.48
16.83	74.47
16.83	74.46
16.83	74.45
16.83	74.44
16.83	74.43
16.83	74.42
16.83	74.41
16.83	74.4
16.83	74.39
16.83	74.38
16.83	74.37
16.83	74.36
16.83	74.35
16.83	74.34
16.83	74.33
16.84	74.32
16.84	74.31
16.84	74.3
16.84	74.29
16.84	74.28
16.84	74.27
16.84	74.26
16.84	74.25
16.84	74.24
16.84	74.23
16.84	74.22
16.84	74.21
16.84	74.2
16.84	74.2
16.84	74.19
16.84	74.18
16.84	74.17
16.84	74.16
16.84	74.15
16.84	74.14
16.85	74.13
16.85	74.12
16.85	74.11
16.85	74.1
16.85	74.09
16.85	74.08
16.85	74.07
16.85	74.06
16.85	74.05
16.85	74.04
16.85	74.03
16.85	74.02
16.85	74.01
16.85	74
16.85	73.99
16.85	73.98
16.85	73.97
16.85	73.96
16.85	73.95
16.85	73.94
16.86	73.93
16.86	73.92
16.86	73.91
16.86	73.9
16.86	73.89
16.86	73.88
16.86	73.87
16.86	73.86
16.86	73.85
16.86	73.84
16.86	73.84
16.86	73.83
16.86	73.82
16.86	73.81
16.86	73.8
16.86	73.79
16.86	73.78
16.86	73.77
16.86	73.76
16.86	73.75
16.87	73.74
16.87	73.73
16.87	73.72
16.87	73.71
16.87	73.7
16.87	73.69
16.87	73.68
16.87	73.67
16.87	73.66
16.87	73.65
16.87	73.64
16.87	73.63
16.87	73.62
16.87	73.61
16.87	73.6
16.87	73.59
16.87	73.58
16.87	73.57
16.87	73.56
16.88	73.55
16.88	73.55
16.88	73.54
16.88	73.53
16.88	73.52
16.88	73.51
16.88	73.5
16.88	73.49
16.88	73.48
16.88	73.47
16.88	73.46
16.88	73.45
16.88	73.44
16.88	73.43
16.88	73.42
16.88	73.41
16.88	73.4
16.88	73.39
16.88	73.38
16.88	73.37
16.89	73.36
16.89	73.35
16.89	73.34
16.89	73.33
16.89	73.32
16.89	73.31
16.89	73.31
16.89	73.3
16.89	73.29
16.89	73.28
16.89	73.27
16.89	73.26
16.89	73.25
16.89	73.24
16.89	73.23
16.89	73.22
16.89	73.21
16.89	73.2
16.89	73.19
16.89	73.18
16.9	73.17
16.9	73.16
16.9	73.15
16.9	73.14
16.9	73.13
16.9	73.12
16.9	73.11
16.9	73.1
16.9	73.09
16.9	73.09
16.9	73.08
16.9	73.07
16.9	73.06
16.9	73.05
16.9	73.04
16.9	73.03
16.9	73.02
16.9	73.01
16.9	73
16.9	72.99
16.91	72.98
16.91	72.97
16.91	72.96
16.91	72.95
16.91	72.94
16.91	72.93
16.91	72.92
16.91	72.91
16.91	72.9
16.91	72.89
16.91	72.89
16.91	72.88
16.91	72.87
16.91	72.86
16.91	72.85
16.91	72.84
16.91	72.83
16.91	72.82
16.91	72.81
16.91	72.8
16.92	72.79
16.92	72.78
16.92	72.77
16.92	72.76
16.92	72.75
16.92	72.74
16.92	72.73
16.92	72.72
16.92	72.71
16.92	72.71
16.92	72.7
16.92	72.69
16.92	72.68
16.92	72.67
16.92	72.66
16.92	72.65
16.92	72.64
16.92	72.63
16.92	72.62
16.92	72.61
16.92	72.6
16.93	72.59
16.93	72.58
16.93	72.57
16.93	72.56
16.93	72.55
16.93	72.54
16.93	72.54
16.93	72.53
16.93	72.52
16.93	72.51
16.93	72.5
16.93	72.49
16.93	72.48
16.93	72.47
16.93	72.46
16.93	72.45
16.93	72.44
16.93	72.43
16.93	72.42
16.93	72.41
16.94	72.4
16.94	72.39
16.94	72.38
16.94	72.38
16.94	72.37
16.94	72.36
16.94	72.35
16.94	72.34
16.94	72.33
16.94	72.32
16.94	72.31
16.94	72.3
16.94	72.29
16.94	72.28
16.94	72.27
16.94	72.26
16.94	72.25
16.94	72.24
16.94	72.24
16.94	72.23
16.95	72.22
16.95	72.21
16.95	72.2
16.95	72.19
16.95	72.18
16.95	72.17
16.95	72.16
16.95	72.15
16.95	72.14
16.95	72.13
16.95	72.12
16.95	72.11
16.95	72.1
16.95	72.09
16.95	72.09
16.95	72.08
16.95	72.07
16.95	72.06
16.95	72.05
16.95	72.04
16.96	72.03
16.96	72.02
16.96	72.01
16.96	72
16.96	71.99
16.96	71.98
16.96	71.97
16.96	71.96
16.96	71.96
16.96	71.95
16.96	71.94
16.96	71.93
16.96	71.92
16.96	71.91
16.96	71.9
16.96	71.89
16.96	71.88
16.96	71.87
16.96	71.86
16.97	71.85
16.97	71.84
16.97	71.83
16.97	71.83
16.97	71.82
16.97	71.81
16.97	71.8
16.97	71.79
16.97	71.78
16.97	71.77
16.97	71.76
16.97	71.75
16.97	71.74
16.97	71.73
16.97	71.72
16.97	71.71
16.97	71.7
16.97	71.7
16.97	71.69
16.97	71.68
16.98	71.67
16.98	71.66
16.98	71.65
16.98	71.64
16.98	71.63
16.98	71.62
16.98	71.61
16.98	71.6
16.98	71.59
16.98	71.58
16.98	71.58
16.98	71.57
16.98	71.56
16.98	71.55
16.98	71.54
16.98	71.53
16.98	71.52
16.98	71.51
16.98	71.5
16.98	71.49
16.99	71.48
16.99	71.47
16.99	71.47
16.99	71.46
16.99	71.45
16.99	71.44
16.99	71.43
16.99	71.42
16.99	71.41
16.99	71.4
16.99	71.39
16.99	71.38
16.99	71.37
16.99	71.36
16.99	71.35
16.99	71.35
16.99	71.34
16.99	71.33
16.99	71.32
16.99	71.31
17	71.3
17	71.29
17	71.28
17	71.27
17	71.26
17	71.25
17	71.24
17	71.24
17	71.23
17	71.22
17	71.21
17	71.2
17	71.19
17	71.18
17	71.17
17	71.16
17	71.15
17	71.14
17	71.14
17	71.13
17	71.12
17.01	71.11
17.01	71.1
17.01	71.09
17.01	71.08
17.01	71.07
17.01	71.06
17.01	71.05
17.01	71.04
17.01	71.03
17.01	71.03
17.01	71.02
17.01	71.01
17.01	71
17.01	70.99
17.01	70.98
17.01	70.97
17.01	70.96
17.01	70.95
17.01	70.94
17.01	70.93
17.02	70.93
17.02	70.92
17.02	70.91
17.02	70.9
17.02	70.89
17.02	70.88
17.02	70.87
17.02	70.86
17.02	70.85
17.02	70.84
17.02	70.84
17.02	70.83
17.02	70.82
17.02	70.81
17.02	70.8
17.02	70.79
17.02	70.78
17.02	70.77
17.02	70.76
17.02	70.75
17.03	70.74
17.03	70.74
17.03	70.73
17.03	70.72
17.03	70.71
17.03	70.7
17.03	70.69
17.03	70.68
17.03	70.67
17.03	70.66
17.03	70.65
17.03	70.65
17.03	70.64
17.03	70.63
17.03	70.62
17.03	70.61
17.03	70.6
17.03	70.59
17.03	70.58
17.03	70.57
17.04	70.56
17.04	70.55
17.04	70.55
17.04	70.54
17.04	70.53
17.04	70.52
17.04	70.51
17.04	70.5
17.04	70.49
17.04	70.48
17.04	70.47
17.04	70.46
17.04	70.46
17.04	70.45
17.04	70.44
17.04	70.43
17.04	70.42
17.04	70.41
17.04	70.4
17.05	70.39
17.05	70.38
17.05	70.38
17.05	70.37
17.05	70.36
17.05	70.35
17.05	70.34
17.05	70.33
17.05	70.32
17.05	70.31
17.05	70.3
17.05	70.29
17.05	70.29
17.05	70.28
17.05	70.27
17.05	70.26
17.05	70.25
17.05	70.24
17.05	70.23
17.05	70.22
17.06	70.21
17.06	70.21
17.06	70.2
17.06	70.19
17.06	70.18
17.06	70.17
17.06	70.16
17.06	70.15
17.06	70.14
17.06	70.13
17.06	70.12
17.06	70.12
17.06	70.11
17.06	70.1
17.06	70.09
17.06	70.08
17.06	70.07
17.06	70.06
17.06	70.05
17.06	70.04
17.07	70.04
17.07	70.03
17.07	70.02
17.07	70.01
17.07	70
17.07	69.99
17.07	69.98
17.07	69.97
17.07	69.96
17.07	69.96
17.07	69.95
17.07	69.94
17.07	69.93
17.07	69.92
17.07	69.91
17.07	69.9
17.07	69.89
17.07	69.88
17.07	69.88
17.07	69.87
17.08	69.86
17.08	69.85
17.08	69.84
17.08	69.83
17.08	69.82
17.08	69.81
17.08	69.81
17.08	69.8
17.08	69.79
17.08	69.78
17.08	69.77
17.08	69.76
17.08	69.75
17.08	69.74
17.08	69.73
17.08	69.73
17.08	69.72
17.08	69.71
17.08	69.7
17.08	69.69
17.08	69.68
17.09	69.67
17.09	69.66
17.09	69.65
17.09	69.65
17.09	69.64
17.09	69.63
17.09	69.62
17.09	69.61
17.09	69.6
17.09	69.59
17.09	69.58
17.09	69.58
17.09	69.57
17.09	69.56
17.09	69.55
17.09	69.54
17.09	69.53
17.09	69.52
17.09	69.51
17.09	69.51
17.1	69.5
17.1	69.49
17.1	69.48
17.1	69.47
17.1	69.46
17.1	69.45
17.1	69.44
17.1	69.44
17.1	69.43
17.1	69.42
17.1	69.41
17.1	69.4
17.1	69.39
17.1	69.38
17.1	69.37
17.1	69.36
17.1	69.36
17.1	69.35
17.1	69.34
17.1	69.33
17.11	69.32
17.11	69.31
17.11	69.3
17.11	69.29
17.11	69.29
17.11	69.28
17.11	69.27
17.11	69.26
17.11	69.25
17.11	69.24
17.11	69.23
17.11	69.23
17.11	69.22
17.11	69.21
17.11	69.2
17.11	69.19
17.11	69.18
17.11	69.17
17.11	69.16
17.11	69.16
17.12	69.15
17.12	69.14
17.12	69.13
17.12	69.12
17.12	69.11
17.12	69.1
17.12	69.09
17.12	69.09
17.12	69.08
17.12	69.07
17.12	69.06
17.12	69.05
17.12	69.04
17.12	69.03
17.12	69.02
17.12	69.02
17.12	69.01
17.12	69
17.12	68.99
17.12	68.98
17.13	68.97
17.13	68.96
17.13	68.96
17.13	68.95
17.13	68.94
17.13	68.93
17.13	68.92
17.13	68.91
17.13	68.9
17.13	68.89
17.13	68.89
17.13	68.88
17.13	68.87
17.13	68.86
17.13	68.85
17.13	68.84
17.13	68.83
17.13	68.83
17.13	68.82
17.14	68.81
17.14	68.8
17.14	68.79
17.14	68.78
17.14	68.77
17.14	68.77
17.14	68.76
17.14	68.75
17.14	68.74
17.14	68.73
17.14	68.72
17.14	68.71
17.14	68.7
17.14	68.7
17.14	68.69
17.14	68.68
17.14	68.67
17.14	68.66
17.14	68.65
17.14	68.64
17.15	68.64
17.15	68.63
17.15	68.62
17.15	68.61
17.15	68.6
17.15	68.59
17.15	68.58
17.15	68.58
17.15	68.57
17.15	68.56
17.15	68.55
17.15	68.54
17.15	68.53
17.15	68.52
17.15	68.52
17.15	68.51
17.15	68.5
17.15	68.49
17.15	68.48
17.15	68.47
17.16	68.46
17.16	68.46
17.16	68.45
17.16	68.44
17.16	68.43
17.16	68.42
17.16	68.41
17.16	68.4
17.16	68.4
17.16	68.39
17.16	68.38
17.16	68.37
17.16	68.36
17.16	68.35
17.16	68.34
17.16	68.34
17.16	68.33
17.16	68.32
17.16	68.31
17.16	68.3
17.17	68.29
17.17	68.28
17.17	68.28
17.17	68.27
17.17	68.26
17.17	68.25
17.17	68.24
17.17	68.23
17.17	68.22
17.17	68.22
17.17	68.21
17.17	68.2
17.17	68.19
17.17	68.18
17.17	68.17
17.17	68.17
17.17	68.16
17.17	68.15
17.17	68.14
17.17	68.13
17.17	68.12
17.18	68.11
17.18	68.11
17.18	68.1
17.18	68.09
17.18	68.08
17.18	68.07
17.18	68.06
17.18	68.05
17.18	68.05
17.18	68.04
17.18	68.03
17.18	68.02
17.18	68.01
17.18	68
17.18	68
17.18	67.99
17.18	67.98
17.18	67.97
17.18	67.96
17.18	67.95
17.19	67.94
17.19	67.94
17.19	67.93
17.19	67.92
17.19	67.91
17.19	67.9
17.19	67.89
17.19	67.89
17.19	67.88
17.19	67.87
17.19	67.86
17.19	67.85
17.19	67.84
17.19	67.83
17.19	67.83
17.19	67.82
17.19	67.81
17.19	67.8
17.19	67.79
17.19	67.78
17.2	67.78
17.2	67.77
17.2	67.76
17.2	67.75
17.2	67.74
17.2	67.73
17.2	67.73
17.2	67.72
17.2	67.71
17.2	67.7
17.2	67.69
17.2	67.68
17.2	67.67
17.2	67.67
17.2	67.66
17.2	67.65
17.2	67.64
17.2	67.63
17.2	67.62
17.2	67.62
17.21	67.61
17.21	67.6
17.21	67.59
17.21	67.58
17.21	67.57
17.21	67.57
17.21	67.56
17.21	67.55
17.21	67.54
17.21	67.53
17.21	67.52
17.21	67.52
17.21	67.51
17.21	67.5
17.21	67.49
17.21	67.48
17.21	67.47
17.21	67.47
17.21	67.46
17.22	67.45
17.22	67.44
17.22	67.43
17.22	67.42
17.22	67.42
17.22	67.41
17.22	67.4
17.22	67.39
17.22	67.38
17.22	67.37
17.22	67.37
17.22	67.36
17.22	67.35
17.22	67.34
17.22	67.33
17.22	67.32
17.22	67.32
17.22	67.31
17.22	67.3
17.22	67.29
17.23	67.28
17.23	67.27
17.23	67.27
17.23	67.26
17.23	67.25
17.23	67.24
17.23	67.23
17.23	67.22
17.23	67.22
17.23	67.21
17.23	67.2
17.23	67.19
17.23	67.18
17.23	67.17
17.23	67.17
17.23	67.16
17.23	67.15
17.23	67.14
17.23	67.13
17.23	67.12
17.24	67.12
17.24	67.11
17.24	67.1
17.24	67.09
17.24	67.08
17.24	67.07
17.24	67.07
17.24	67.06
17.24	67.05
17.24	67.04
17.24	67.03
17.24	67.02
17.24	67.02
17.24	67.01
17.24	67
17.24	66.99
17.24	66.98
17.24	66.98
17.24	66.97
17.24	66.96
17.25	66.95
17.25	66.94
17.25	66.93
17.25	66.93
17.25	66.92
17.25	66.91
17.25	66.9
17.25	66.89
17.25	66.88
17.25	66.88
17.25	66.87
17.25	66.86
17.25	66.85
17.25	66.84
17.25	66.84
17.25	66.83
17.25	66.82
17.25	66.81
17.25	66.8
17.25	66.79
17.25	66.79
17.26	66.78
17.26	66.77
17.26	66.76
17.26	66.75
17.26	66.74
17.26	66.74
17.26	66.73
17.26	66.72
17.26	66.71
17.26	66.7
17.26	66.7
17.26	66.69
17.26	66.68
17.26	66.67
17.26	66.66
17.26	66.65
17.26	66.65
17.26	66.64
17.26	66.63
17.26	66.62
17.27	66.61
17.27	66.61
17.27	66.6
17.27	66.59
17.27	66.58
17.27	66.57
17.27	66.56
17.27	66.56
17.27	66.55
17.27	66.54
17.27	66.53
17.27	66.52
17.27	66.52
17.27	66.51
17.27	66.5
17.27	66.49
17.27	66.48
17.27	66.47
17.27	66.47
17.27	66.46
17.28	66.45
17.28	66.44
17.28	66.43
17.28	66.43
17.28	66.42
17.28	66.41
17.28	66.4
17.28	66.39
17.28	66.39
17.28	66.38
17.28	66.37
17.28	66.36
17.28	66.35
17.28	66.34
17.28	66.34
17.28	66.33
17.28	66.32
17.28	66.31
17.28	66.3
17.28	66.3
17.29	66.29
17.29	66.28
17.29	66.27
17.29	66.26
17.29	66.26
17.29	66.25
17.29	66.24
17.29	66.23
17.29	66.22
17.29	66.21
17.29	66.21
17.29	66.2
17.29	66.19
17.29	66.18
17.29	66.17
17.29	66.17
17.29	66.16
17.29	66.15
17.29	66.14
17.3	66.13
17.3	66.13
17.3	66.12
17.3	66.11
17.3	66.1
17.3	66.09
17.3	66.09
17.3	66.08
17.3	66.07
17.3	66.06
17.3	66.05
17.3	66.04
17.3	66.04
17.3	66.03
17.3	66.02
17.3	66.01
17.3	66
17.3	66
17.3	65.99
17.3	65.98
17.31	65.97
17.31	65.96
17.31	65.96
17.31	65.95
17.31	65.94
17.31	65.93
17.31	65.92
17.31	65.92
17.31	65.91
17.31	65.9
17.31	65.89
17.31	65.88
17.31	65.88
17.31	65.87
17.31	65.86
17.31	65.85
17.31	65.84
17.31	65.84
17.31	65.83
17.31	65.82
17.32	65.81
17.32	65.8
17.32	65.8
17.32	65.79
17.32	65.78
17.32	65.77
17.32	65.76
17.32	65.76
17.32	65.75
17.32	65.74
17.32	65.73
17.32	65.72
17.32	65.72
17.32	65.71
17.32	65.7
17.32	65.69
17.32	65.68
17.32	65.68
17.32	65.67
17.32	65.66
17.33	65.65
17.33	65.64
17.33	65.64
17.33	65.63
17.33	65.62
17.33	65.61
17.33	65.6
17.33	65.6
17.33	65.59
17.33	65.58
17.33	65.57
17.33	65.56
17.33	65.56
17.33	65.55
17.33	65.54
17.33	65.53
17.33	65.52
17.33	65.52
17.33	65.51
17.33	65.5
17.33	65.49
17.34	65.48
17.34	65.48
17.34	65.47
17.34	65.46
17.34	65.45
17.34	65.44
17.34	65.44
17.34	65.43
17.34	65.42
17.34	65.41
17.34	65.41
17.34	65.4
17.34	65.39
17.34	65.38
17.34	65.37
17.34	65.37
17.34	65.36
17.34	65.35
17.34	65.34
17.34	65.33
17.35	65.33
17.35	65.32
17.35	65.31
17.35	65.3
17.35	65.29
17.35	65.29
17.35	65.28
17.35	65.27
17.35	65.26
17.35	65.25
17.35	65.25
17.35	65.24
17.35	65.23
17.35	65.22
17.35	65.22
17.35	65.21
17.35	65.2
17.35	65.19
17.35	65.18
17.35	65.18
17.36	65.17
17.36	65.16
17.36	65.15
17.36	65.14
17.36	65.14
17.36	65.13
17.36	65.12
17.36	65.11
17.36	65.11
17.36	65.1
17.36	65.09
17.36	65.08
17.36	65.07
17.36	65.07
17.36	65.06
17.36	65.05
17.36	65.04
17.36	65.03
17.36	65.03
17.36	65.02
17.37	65.01
17.37	65
17.37	65
17.37	64.99
17.37	64.98
17.37	64.97
17.37	64.96
17.37	64.96
17.37	64.95
17.37	64.94
17.37	64.93
17.37	64.92
17.37	64.92
17.37	64.91
17.37	64.9
17.37	64.89
17.37	64.89
17.37	64.88
17.37	64.87
17.38	64.86
17.38	64.85
17.38	64.85
17.38	64.84
17.38	64.83
17.38	64.82
17.38	64.82
17.38	64.81
17.38	64.8
17.38	64.79
17.38	64.78
17.38	64.78
17.38	64.77
17.38	64.76
17.38	64.75
17.38	64.75
17.38	64.74
17.38	64.73
17.38	64.72
17.38	64.71
17.39	64.71
17.39	64.7
17.39	64.69
17.39	64.68
17.39	64.67
17.39	64.67
17.39	64.66
17.39	64.65
17.39	64.64
17.39	64.64
17.39	64.63
17.39	64.62
17.39	64.61
17.39	64.61
17.39	64.6
17.39	64.59
17.39	64.58
17.39	64.57
17.39	64.57
17.39	64.56
17.4	64.55
17.4	64.54
17.4	64.54
17.4	64.53
17.4	64.52
17.4	64.51
17.4	64.5
17.4	64.5
17.4	64.49
17.4	64.48
17.4	64.47
17.4	64.47
17.4	64.46
17.4	64.45
17.4	64.44
17.4	64.43
17.4	64.43
17.4	64.42
17.4	64.41
17.4	64.4
17.41	64.4
17.41	64.39
17.41	64.38
17.41	64.37
17.41	64.37
17.41	64.36
17.41	64.35
17.41	64.34
17.41	64.33
17.41	64.33
17.41	64.32
17.41	64.31
17.41	64.3
17.41	64.3
17.41	64.29
17.41	64.28
17.41	64.27
17.41	64.27
17.41	64.26
17.41	64.25
17.42	64.24
17.42	64.23
17.42	64.23
17.42	64.22
17.42	64.21
17.42	64.2
17.42	64.2
17.42	64.19
17.42	64.18
17.42	64.17
17.42	64.17
17.42	64.16
17.42	64.15
17.42	64.14
17.42	64.13
17.42	64.13
17.42	64.12
17.42	64.11
17.42	64.1
17.42	64.1
17.42	64.09
17.43	64.08
17.43	64.07
17.43	64.07
17.43	64.06
17.43	64.05
17.43	64.04
17.43	64.04
17.43	64.03
17.43	64.02
17.43	64.01
17.43	64
17.43	64
17.43	63.99
17.43	63.98
17.43	63.97
17.43	63.97
17.43	63.96
17.43	63.95
17.43	63.94
17.43	63.94
17.44	63.93
17.44	63.92
17.44	63.91
17.44	63.91
17.44	63.9
17.44	63.89
17.44	63.88
17.44	63.87
17.44	63.87
17.44	63.86
17.44	63.85
17.44	63.84
17.44	63.84
17.44	63.83
17.44	63.82
17.44	63.81
17.44	63.81
17.44	63.8
17.44	63.79
17.44	63.78
17.45	63.78
17.45	63.77
17.45	63.76
17.45	63.75
17.45	63.75
17.45	63.74
17.45	63.73
17.45	63.72
17.45	63.72
17.45	63.71
17.45	63.7
17.45	63.69
17.45	63.69
17.45	63.68
17.45	63.67
17.45	63.66
17.45	63.65
17.45	63.65
17.45	63.64
17.45	63.63
17.46	63.62
17.46	63.62
17.46	63.61
17.46	63.6
17.46	63.59
17.46	63.59
17.46	63.58
17.46	63.57
17.46	63.56
17.46	63.56
17.46	63.55
17.46	63.54
17.46	63.53
17.46	63.53
17.46	63.52
17.46	63.51
17.46	63.5
17.46	63.5
17.46	63.49
17.47	63.48
17.47	63.47
17.47	63.47
17.47	63.46
17.47	63.45
17.47	63.44
17.47	63.44
17.47	63.43
17.47	63.42
17.47	63.41
17.47	63.41
17.47	63.4
17.47	63.39
17.47	63.38
17.47	63.38
17.47	63.37
17.47	63.36
17.47	63.35
17.47	63.35
17.47	63.34
17.48	63.33
17.48	63.32
17.48	63.32
17.48	63.31
17.48	63.3
17.48	63.29
17.48	63.29
17.48	63.28
17.48	63.27
17.48	63.26
17.48	63.26
17.48	63.25
17.48	63.24
17.48	63.23
17.48	63.23
17.48	63.22
17.48	63.21
17.48	63.2
17.48	63.2
17.48	63.19
17.49	63.18
17.49	63.17
17.49	63.17
17.49	63.16
17.49	63.15
17.49	63.14
17.49	63.14
17.49	63.13
17.49	63.12
17.49	63.11
17.49	63.11
17.49	63.1
17.49	63.09
17.49	63.08
17.49	63.08
17.49	63.07
17.49	63.06
17.49	63.05
17.49	63.05
17.49	63.04
17.5	63.03
17.5	63.02
17.5	63.02
17.5	63.01
17.5	63
17.5	63
17.5	62.99
17.5	62.98
17.5	62.97
17.5	62.97
17.5	62.96
17.5	62.95
17.5	62.94
17.5	62.94
17.5	62.93
17.5	62.92
17.5	62.91
17.5	62.91
17.5	62.9
17.5	62.89
17.5	62.88
17.51	62.88
17.51	62.87
17.51	62.86
17.51	62.85
17.51	62.85
17.51	62.84
17.51	62.83
17.51	62.82
17.51	62.82
17.51	62.81
17.51	62.8
17.51	62.8
17.51	62.79
17.51	62.78
17.51	62.77
17.51	62.77
17.51	62.76
17.51	62.75
17.51	62.74
17.51	62.74
17.52	62.73
17.52	62.72
17.52	62.71
17.52	62.71
17.52	62.7
17.52	62.69
17.52	62.68
17.52	62.68
17.52	62.67
17.52	62.66
17.52	62.66
17.52	62.65
17.52	62.64
17.52	62.63
17.52	62.63
17.52	62.62
17.52	62.61
17.52	62.6
17.52	62.6
17.52	62.59
17.53	62.58
17.53	62.57
17.53	62.57
17.53	62.56
17.53	62.55
17.53	62.55
17.53	62.54
17.53	62.53
17.53	62.52
17.53	62.52
17.53	62.51
17.53	62.5
17.53	62.49
17.53	62.49
17.53	62.48
17.53	62.47
17.53	62.46
17.53	62.46
17.53	62.45
17.53	62.44
17.54	62.44
17.54	62.43
17.54	62.42
17.54	62.41
17.54	62.41
17.54	62.4
17.54	62.39
17.54	62.38
17.54	62.38
17.54	62.37
17.54	62.36
17.54	62.35
17.54	62.35
17.54	62.34
17.54	62.33
17.54	62.33
17.54	62.32
17.54	62.31
17.54	62.3
17.55	62.3
17.55	62.29
17.55	62.28
17.55	62.27
17.55	62.27
17.55	62.26
17.55	62.25
17.55	62.25
17.55	62.24
17.55	62.23
17.55	62.22
17.55	62.22
17.55	62.21
17.55	62.2
17.55	62.19
17.55	62.19
17.55	62.18
17.55	62.17
17.55	62.17
17.55	62.16
17.56	62.15
17.56	62.14
17.56	62.14
17.56	62.13
17.56	62.12
17.56	62.12
17.56	62.11
17.56	62.1
17.56	62.09
17.56	62.09
17.56	62.08
17.56	62.07
17.56	62.06
17.56	62.06
17.56	62.05
17.56	62.04
17.56	62.04
17.56	62.03
17.56	62.02
17.56	62.01
17.57	62.01
17.57	62
17.57	61.99
17.57	61.98
17.57	61.98
17.57	61.97
17.57	61.96
17.57	61.96
17.57	61.95
17.57	61.94
17.57	61.93
17.57	61.93
17.57	61.92
17.57	61.91
17.57	61.91
17.57	61.9
17.57	61.89
17.57	61.88
17.57	61.88
17.57	61.87
17.58	61.86
17.58	61.86
17.58	61.85
17.58	61.84
17.58	61.83
17.58	61.83
17.58	61.82
17.58	61.81
17.58	61.81
17.58	61.8
17.58	61.79
17.58	61.78
17.58	61.78
17.58	61.77
17.58	61.76
17.58	61.75
17.58	61.75
17.58	61.74
17.58	61.73
17.58	61.73
17.58	61.72
17.59	61.71
17.59	61.7
17.59	61.7
17.59	61.69
17.59	61.68
17.59	61.68
17.59	61.67
17.59	61.66
17.59	61.65
17.59	61.65
17.59	61.64
17.59	61.63
17.59	61.63
17.59	61.62
17.59	61.61
17.59	61.6
17.59	61.6
17.59	61.59
17.59	61.58
17.59	61.58
17.6	61.57
17.6	61.56
17.6	61.55
17.6	61.55
17.6	61.54
17.6	61.53
17.6	61.53
17.6	61.52
17.6	61.51
17.6	61.5
17.6	61.5
17.6	61.49
17.6	61.48
17.6	61.48
17.6	61.47
17.6	61.46
17.6	61.46
17.6	61.45
17.6	61.44
17.6	61.43
17.61	61.43
17.61	61.42
17.61	61.41
17.61	61.41
17.61	61.4
17.61	61.39
17.61	61.38
17.61	61.38
17.61	61.37
17.61	61.36
17.61	61.36
17.61	61.35
17.61	61.34
17.61	61.33
17.61	61.33
17.61	61.32
17.61	61.31
17.61	61.31
17.61	61.3
17.61	61.29
17.62	61.28
17.62	61.28
17.62	61.27
17.62	61.26
17.62	61.26
17.62	61.25
17.62	61.24
17.62	61.24
17.62	61.23
17.62	61.22
17.62	61.21
17.62	61.21
17.62	61.2
17.62	61.19
17.62	61.19
17.62	61.18
17.62	61.17
17.62	61.16
17.62	61.16
17.62	61.15
17.63	61.14
17.63	61.14
17.63	61.13
17.63	61.12
17.63	61.12
17.63	61.11
17.63	61.1
17.63	61.09
17.63	61.09
17.63	61.08
17.63	61.07
17.63	61.07
17.63	61.06
17.63	61.05
17.63	61.05
17.63	61.04
17.63	61.03
17.63	61.02
17.63	61.02
17.64	61.01
17.64	61
17.64	61
17.64	60.99
17.64	60.98
17.64	60.98
17.64	60.97
17.64	60.96
17.64	60.95
17.64	60.95
17.64	60.94
17.64	60.93
17.64	60.93
17.64	60.92
17.64	60.91
17.64	60.91
17.64	60.9
17.64	60.89
17.64	60.88
17.64	60.88
17.65	60.87
17.65	60.86
17.65	60.86
17.65	60.85
17.65	60.84
17.65	60.84
17.65	60.83
17.65	60.82
17.65	60.81
17.65	60.81
17.65	60.8
17.65	60.79
17.65	60.79
17.65	60.78
17.65	60.77
17.65	60.77
17.65	60.76
17.65	60.75
17.65	60.74
17.65	60.74
17.66	60.73
17.66	60.72
17.66	60.72
17.66	60.71
17.66	60.7
17.66	60.7
17.66	60.69
17.66	60.68
17.66	60.68
17.66	60.67
17.66	60.66
17.66	60.65
17.66	60.65
17.66	60.64
17.66	60.63
17.66	60.63
17.66	60.62
17.66	60.61
17.66	60.61
17.66	60.6
17.67	60.59
17.67	60.59
17.67	60.58
17.67	60.57
17.67	60.56
17.67	60.56
17.67	60.55
17.67	60.54
17.67	60.54
17.67	60.53
17.67	60.52
17.67	60.52
17.67	60.51
17.67	60.5
17.67	60.5
17.67	60.49
17.67	60.48
17.67	60.47
17.67	60.47
17.67	60.46
17.67	60.45
17.68	60.45
17.68	60.44
17.68	60.43
17.68	60.43
17.68	60.42
17.68	60.41
17.68	60.41
17.68	60.4
17.68	60.39
17.68	60.39
17.68	60.38
17.68	60.37
17.68	60.36
17.68	60.36
17.68	60.35
17.68	60.34
17.68	60.34
17.68	60.33
17.68	60.32
17.68	60.32
17.69	60.31
17.69	60.3
17.69	60.3
17.69	60.29
17.69	60.28
17.69	60.28
17.69	60.27
17.69	60.26
17.69	60.25
17.69	60.25
17.69	60.24
17.69	60.23
17.69	60.23
17.69	60.22
17.69	60.21
17.69	60.21
17.69	60.2
17.69	60.19
17.69	60.19
17.69	60.18
17.7	60.17
17.7	60.17
17.7	60.16
17.7	60.15
17.7	60.15
17.7	60.14
17.7	60.13
17.7	60.12
17.7	60.12
17.7	60.11
17.7	60.1
17.7	60.1
17.7	60.09
17.7	60.08
17.7	60.08
17.7	60.07
17.7	60.06
17.7	60.06
17.7	60.05
17.7	60.04
17.71	60.04
17.71	60.03
17.71	60.02
17.71	60.02
17.71	60.01
17.71	60
17.71	60
17.71	59.99
17.71	59.98
17.71	59.97
17.71	59.97
17.71	59.96
17.71	59.95
17.71	59.95
17.71	59.94
17.71	59.93
17.71	59.93
17.71	59.92
17.71	59.91
17.72	59.91
17.72	59.9
17.72	59.89
17.72	59.89
17.72	59.88
17.72	59.87
17.72	59.87
17.72	59.86
17.72	59.85
17.72	59.85
17.72	59.84
17.72	59.83
17.72	59.83
17.72	59.82
17.72	59.81
17.72	59.81
17.72	59.8
17.72	59.79
17.72	59.78
17.72	59.78
17.73	59.77
17.73	59.76
17.73	59.76
17.73	59.75
17.73	59.74
17.73	59.74
17.73	59.73
17.73	59.72
17.73	59.72
17.73	59.71
17.73	59.7
17.73	59.7
17.73	59.69
17.73	59.68
17.73	59.68
17.73	59.67
17.73	59.66
17.73	59.66
17.73	59.65
17.73	59.64
17.74	59.64
17.74	59.63
17.74	59.62
17.74	59.62
17.74	59.61
17.74	59.6
17.74	59.6
17.74	59.59
17.74	59.58
17.74	59.58
17.74	59.57
17.74	59.56
17.74	59.56
17.74	59.55
17.74	59.54
17.74	59.54
17.74	59.53
17.74	59.52
17.74	59.52
17.74	59.51
17.75	59.5
17.75	59.5
17.75	59.49
17.75	59.48
17.75	59.48
17.75	59.47
17.75	59.46
17.75	59.46
17.75	59.45
17.75	59.44
17.75	59.44
17.75	59.43
17.75	59.42
17.75	59.42
17.75	59.41
17.75	59.4
17.75	59.4
17.75	59.39
17.75	59.38
17.75	59.38
17.75	59.37
17.76	59.36
17.76	59.36
17.76	59.35
17.76	59.34
17.76	59.34
17.76	59.33
17.76	59.32
17.76	59.32
17.76	59.31
17.76	59.3
17.76	59.3
17.76	59.29
17.76	59.28
17.76	59.28
17.76	59.27
17.76	59.26
17.76	59.26
17.76	59.25
17.76	59.24
17.76	59.24
17.77	59.23
17.77	59.22
17.77	59.22
17.77	59.21
17.77	59.2
17.77	59.2
17.77	59.19
17.77	59.18
17.77	59.18
17.77	59.17
17.77	59.16
17.77	59.16
17.77	59.15
17.77	59.14
17.77	59.14
17.77	59.13
17.77	59.12
17.77	59.12
17.77	59.11
17.77	59.1
17.78	59.1
17.78	59.09
17.78	59.08
17.78	59.08
17.78	59.07
17.78	59.06
17.78	59.06
17.78	59.05
17.78	59.04
17.78	59.04
17.78	59.03
17.78	59.02
17.78	59.02
17.78	59.01
17.78	59
17.78	59
17.78	58.99
17.78	58.98
17.78	58.98
17.78	58.97
17.79	58.96
17.79	58.96
17.79	58.95
17.79	58.94
17.79	58.94
17.79	58.93
17.79	58.92
17.79	58.92
17.79	58.91
17.79	58.9
17.79	58.9
17.79	58.89
17.79	58.89
17.79	58.88
17.79	58.87
17.79	58.87
17.79	58.86
17.79	58.85
17.79	58.85
17.8	58.84
17.8	58.83
17.8	58.83
17.8	58.82
17.8	58.81
17.8	58.81
17.8	58.8
17.8	58.79
17.8	58.79
17.8	58.78
17.8	58.77
17.8	58.77
17.8	58.76
17.8	58.75
17.8	58.75
17.8	58.74
17.8	58.73
17.8	58.73
17.8	58.72
17.8	58.71
17.81	58.71
17.81	58.7
17.81	58.7
17.81	58.69
17.81	58.68
17.81	58.68
17.81	58.67
17.81	58.66
17.81	58.66
17.81	58.65
17.81	58.64
17.81	58.64
17.81	58.63
17.81	58.62
17.81	58.62
17.81	58.61
17.81	58.6
17.81	58.6
17.81	58.59
17.81	58.58
17.82	58.58
17.82	58.57
17.82	58.56
17.82	58.56
17.82	58.55
17.82	58.55
17.82	58.54
17.82	58.53
17.82	58.53
17.82	58.52
17.82	58.51
17.82	58.51
17.82	58.5
17.82	58.49
17.82	58.49
17.82	58.48
17.82	58.47
17.82	58.47
17.82	58.46
17.82	58.45
17.83	58.45
17.83	58.44
17.83	58.44
17.83	58.43
17.83	58.42
17.83	58.42
17.83	58.41
17.83	58.4
17.83	58.4
17.83	58.39
17.83	58.38
17.83	58.38
17.83	58.37
17.83	58.36
17.83	58.36
17.83	58.35
17.83	58.34
17.83	58.34
17.83	58.33
17.83	58.33
17.83	58.32
17.84	58.31
17.84	58.31
17.84	58.3
17.84	58.29
17.84	58.29
17.84	58.28
17.84	58.27
17.84	58.27
17.84	58.26
17.84	58.25
17.84	58.25
17.84	58.24
17.84	58.23
17.84	58.23
17.84	58.22
17.84	58.22
17.84	58.21
17.84	58.2
17.84	58.2
17.84	58.19
17.85	58.18
17.85	58.18
17.85	58.17
17.85	58.16
17.85	58.16
17.85	58.15
17.85	58.14
17.85	58.14
17.85	58.13
17.85	58.13
17.85	58.12
17.85	58.11
17.85	58.11
17.85	58.1
17.85	58.09
17.85	58.09
17.85	58.08
17.85	58.07
17.85	58.07
17.85	58.06
17.86	58.06
17.86	58.05
17.86	58.04
17.86	58.04
17.86	58.03
17.86	58.02
17.86	58.02
17.86	58.01
17.86	58
17.86	58
17.86	57.99
17.86	57.98
17.86	57.98
17.86	57.97
17.86	57.97
17.86	57.96
17.86	57.95
17.86	57.95
17.86	57.94
17.86	57.93
17.87	57.93
17.87	57.92
17.87	57.91
17.87	57.91
17.87	57.9
17.87	57.9
17.87	57.89
17.87	57.88
17.87	57.88
17.87	57.87
17.87	57.86
17.87	57.86
17.87	57.85
17.87	57.84
17.87	57.84
17.87	57.83
17.87	57.83
17.87	57.82
17.87	57.81
17.88	57.81
17.88	57.8
17.88	57.79
17.88	57.79
17.88	57.78
17.88	57.77
17.88	57.77
17.88	57.76
17.88	57.76
17.88	57.75
17.88	57.74
17.88	57.74
17.88	57.73
17.88	57.72
17.88	57.72
17.88	57.71
17.88	57.71
17.88	57.7
17.88	57.69
17.88	57.69
17.89	57.68
17.89	57.67
17.89	57.67
17.89	57.66
17.89	57.65
17.89	57.65
17.89	57.64
17.89	57.64
17.89	57.63
17.89	57.62
17.89	57.62
17.89	57.61
17.89	57.6
17.89	57.6
17.89	57.59
17.89	57.59
17.89	57.58
17.89	57.57
17.89	57.57
17.89	57.56
17.9	57.55
17.9	57.55
17.9	57.54
17.9	57.53
17.9	57.53
17.9	57.52
17.9	57.52
17.9	57.51
17.9	57.5
17.9	57.5
17.9	57.49
17.9	57.48
17.9	57.48
17.9	57.47
17.9	57.47
17.9	57.46
17.9	57.45
17.9	57.45
17.9	57.44
17.9	57.43
17.91	57.43
17.91	57.42
17.91	57.42
17.91	57.41
17.91	57.4
17.91	57.4
17.91	57.39
17.91	57.38
17.91	57.38
17.91	57.37
17.91	57.37
17.91	57.36
17.91	57.35
17.91	57.35
17.91	57.34
17.91	57.33
17.91	57.33
17.91	57.32
17.91	57.32
17.91	57.31
17.92	57.3
17.92	57.3
17.92	57.29
17.92	57.28
17.92	57.28
17.92	57.27
17.92	57.27
17.92	57.26
17.92	57.25
17.92	57.25
17.92	57.24
17.92	57.23
17.92	57.23
17.92	57.22
17.92	57.22
17.92	57.21
17.92	57.2
17.92	57.2
17.92	57.19
17.92	57.18
17.92	57.18
17.93	57.17
17.93	57.17
17.93	57.16
17.93	57.15
17.93	57.15
17.93	57.14
17.93	57.14
17.93	57.13
17.93	57.12
17.93	57.12
17.93	57.11
17.93	57.1
17.93	57.1
17.93	57.09
17.93	57.09
17.93	57.08
17.93	57.07
17.93	57.07
17.93	57.06
17.93	57.05
17.94	57.05
17.94	57.04
17.94	57.04
17.94	57.03
17.94	57.02
17.94	57.02
17.94	57.01
17.94	57
17.94	57
17.94	56.99
17.94	56.99
17.94	56.98
17.94	56.97
17.94	56.97
17.94	56.96
17.94	56.96
17.94	56.95
17.94	56.94
17.94	56.94
17.94	56.93
17.95	56.92
17.95	56.92
17.95	56.91
17.95	56.91
17.95	56.9
17.95	56.89
17.95	56.89
17.95	56.88
17.95	56.88
17.95	56.87
17.95	56.86
17.95	56.86
17.95	56.85
17.95	56.84
17.95	56.84
17.95	56.83
17.95	56.83
17.95	56.82
17.95	56.81
17.95	56.81
17.96	56.8
17.96	56.8
17.96	56.79
17.96	56.78
17.96	56.78
17.96	56.77
17.96	56.76
17.96	56.76
17.96	56.75
17.96	56.75
17.96	56.74
17.96	56.73
17.96	56.73
17.96	56.72
17.96	56.72
17.96	56.71
17.96	56.7
17.96	56.7
17.96	56.69
17.97	56.69
17.97	56.68
17.97	56.67
17.97	56.67
17.97	56.66
17.97	56.65
17.97	56.65
17.97	56.64
17.97	56.64
17.97	56.63
17.97	56.62
17.97	56.62
17.97	56.61
17.97	56.61
17.97	56.6
17.97	56.59
17.97	56.59
17.97	56.58
17.97	56.58
17.97	56.57
17.98	56.56
17.98	56.56
17.98	56.55
17.98	56.55
17.98	56.54
17.98	56.53
17.98	56.53
17.98	56.52
17.98	56.51
17.98	56.51
17.98	56.5
17.98	56.5
17.98	56.49
17.98	56.48
17.98	56.48
17.98	56.47
17.98	56.47
17.98	56.46
17.98	56.45
17.98	56.45
17.99	56.44
17.99	56.44
17.99	56.43
17.99	56.42
17.99	56.42
17.99	56.41
17.99	56.41
17.99	56.4
17.99	56.39
17.99	56.39
17.99	56.38
17.99	56.38
17.99	56.37
17.99	56.36
17.99	56.36
17.99	56.35
17.99	56.34
17.99	56.34
17.99	56.33
17.99	56.33
18	56.32
18	56.31
18	56.31
18	56.3
18	56.3
18	56.29
18	56.28
18	56.28
18	56.27
18	56.27
18	56.26
18	56.25
18	56.25
18	56.24
18	56.24
18	56.23
18	56.22
18	56.22
18	56.21
18	56.21
18	56.2
18.01	56.19
18.01	56.19
18.01	56.18
18.01	56.18
18.01	56.17
18.01	56.16
18.01	56.16
18.01	56.15
18.01	56.15
18.01	56.14
18.01	56.13
18.01	56.13
18.01	56.12
18.01	56.12
18.01	56.11
18.01	56.1
18.01	56.1
18.01	56.09
18.01	56.09
18.01	56.08
18.02	56.07
18.02	56.07
18.02	56.06
18.02	56.06
18.02	56.05
18.02	56.04
18.02	56.04
18.02	56.03
18.02	56.03
18.02	56.02
18.02	56.01
18.02	56.01
18.02	56
18.02	56
18.02	55.99
18.02	55.98
18.02	55.98
18.02	55.97
18.02	55.97
18.02	55.96
18.03	55.95
18.03	55.95
18.03	55.94
18.03	55.94
18.03	55.93
18.03	55.92
18.03	55.92
18.03	55.91
18.03	55.91
18.03	55.9
18.03	55.9
18.03	55.89
18.03	55.88
18.03	55.88
18.03	55.87
18.03	55.87
18.03	55.86
18.03	55.85
18.03	55.85
18.03	55.84
18.04	55.84
18.04	55.83
18.04	55.82
18.04	55.82
18.04	55.81
18.04	55.81
18.04	55.8
18.04	55.79
18.04	55.79
18.04	55.78
18.04	55.78
18.04	55.77
18.04	55.76
18.04	55.76
18.04	55.75
18.04	55.75
18.04	55.74
18.04	55.74
18.04	55.73
18.05	55.72
18.05	55.72
18.05	55.71
18.05	55.71
18.05	55.7
18.05	55.69
18.05	55.69
18.05	55.68
18.05	55.68
18.05	55.67
18.05	55.66
18.05	55.66
18.05	55.65
18.05	55.65
18.05	55.64
18.05	55.63
18.05	55.63
18.05	55.62
18.05	55.62
18.05	55.61
18.06	55.61
18.06	55.6
18.06	55.59
18.06	55.59
18.06	55.58
18.06	55.58
18.06	55.57
18.06	55.56
18.06	55.56
18.06	55.55
18.06	55.55
18.06	55.54
18.06	55.53
18.06	55.53
18.06	55.52
18.06	55.52
18.06	55.51
18.06	55.51
18.06	55.5
18.06	55.49
18.07	55.49
18.07	55.48
18.07	55.48
18.07	55.47
18.07	55.46
18.07	55.46
18.07	55.45
18.07	55.45
18.07	55.44
18.07	55.43
18.07	55.43
18.07	55.42
18.07	55.42
18.07	55.41
18.07	55.41
18.07	55.4
18.07	55.39
18.07	55.39
18.07	55.38
18.07	55.38
18.08	55.37
18.08	55.36
18.08	55.36
18.08	55.35
18.08	55.35
18.08	55.34
18.08	55.34
18.08	55.33
18.08	55.32
18.08	55.32
18.08	55.31
18.08	55.31
18.08	55.3
18.08	55.29
18.08	55.29
18.08	55.28
18.08	55.28
18.08	55.27
18.08	55.27
18.08	55.26
18.08	55.25
18.09	55.25
18.09	55.24
18.09	55.24
18.09	55.23
18.09	55.22
18.09	55.22
18.09	55.21
18.09	55.21
18.09	55.2
18.09	55.2
18.09	55.19
18.09	55.18
18.09	55.18
18.09	55.17
18.09	55.17
18.09	55.16
18.09	55.16
18.09	55.15
18.09	55.14
18.09	55.14
18.1	55.13
18.1	55.13
18.1	55.12
18.1	55.11
18.1	55.11
18.1	55.1
18.1	55.1
18.1	55.09
18.1	55.09
18.1	55.08
18.1	55.07
18.1	55.07
18.1	55.06
18.1	55.06
18.1	55.05
18.1	55.05
18.1	55.04
18.1	55.03
18.1	55.03
18.1	55.02
18.11	55.02
18.11	55.01
18.11	55
18.11	55
18.11	54.99
18.11	54.99
18.11	54.98
18.11	54.98
18.11	54.97
18.11	54.96
18.11	54.96
18.11	54.95
18.11	54.95
18.11	54.94
18.11	54.94
18.11	54.93
18.11	54.92
18.11	54.92
18.11	54.91
18.11	54.91
18.12	54.9
18.12	54.9
18.12	54.89
18.12	54.88
18.12	54.88
18.12	54.87
18.12	54.87
18.12	54.86
18.12	54.86
18.12	54.85
18.12	54.84
18.12	54.84
18.12	54.83
18.12	54.83
18.12	54.82
18.12	54.82
18.12	54.81
18.12	54.8
18.12	54.8
18.12	54.79
18.13	54.79
18.13	54.78
18.13	54.78
18.13	54.77
18.13	54.76
18.13	54.76
18.13	54.75
18.13	54.75
18.13	54.74
18.13	54.74
18.13	54.73
18.13	54.72
18.13	54.72
18.13	54.71
18.13	54.71
18.13	54.7
18.13	54.7
18.13	54.69
18.13	54.68
18.14	54.68
18.14	54.67
18.14	54.67
18.14	54.66
18.14	54.66
18.14	54.65
18.14	54.64
18.14	54.64
18.14	54.63
18.14	54.63
18.14	54.62
18.14	54.62
18.14	54.61
18.14	54.6
18.14	54.6
18.14	54.59
18.14	54.59
18.14	54.58
18.14	54.58
18.14	54.57
18.15	54.56
18.15	54.56
18.15	54.55
18.15	54.55
18.15	54.54
18.15	54.54
18.15	54.53
18.15	54.52
18.15	54.52
18.15	54.51
18.15	54.51
18.15	54.5
18.15	54.5
18.15	54.49
18.15	54.49
18.15	54.48
18.15	54.47
18.15	54.47
18.15	54.46
18.15	54.46
18.16	54.45
18.16	54.45
18.16	54.44
18.16	54.43
18.16	54.43
18.16	54.42
18.16	54.42
18.16	54.41
18.16	54.41
18.16	54.4
18.16	54.39
18.16	54.39
18.16	54.38
18.16	54.38
18.16	54.37
18.16	54.37
18.16	54.36
18.16	54.36
18.16	54.35
18.16	54.34
18.17	54.34
18.17	54.33
18.17	54.33
18.17	54.32
18.17	54.32
18.17	54.31
18.17	54.3
18.17	54.3
18.17	54.29
18.17	54.29
18.17	54.28
18.17	54.28
18.17	54.27
18.17	54.27
18.17	54.26
18.17	54.25
18.17	54.25
18.17	54.24
18.17	54.24
18.17	54.23
18.17	54.23
18.18	54.22
18.18	54.22
18.18	54.21
18.18	54.2
18.18	54.2
18.18	54.19
18.18	54.19
18.18	54.18
18.18	54.18
18.18	54.17
18.18	54.16
18.18	54.16
18.18	54.15
18.18	54.15
18.18	54.14
18.18	54.14
18.18	54.13
18.18	54.13
18.18	54.12
18.18	54.11
18.19	54.11
18.19	54.1
18.19	54.1
18.19	54.09
18.19	54.09
18.19	54.08
18.19	54.08
18.19	54.07
18.19	54.06
18.19	54.06
18.19	54.05
18.19	54.05
18.19	54.04
18.19	54.04
18.19	54.03
18.19	54.03
18.19	54.02
18.19	54.01
18.19	54.01
18.19	54
18.2	54
18.2	53.99
18.2	53.99
18.2	53.98
18.2	53.98
18.2	53.97
18.2	53.96
18.2	53.96
18.2	53.95
18.2	53.95
18.2	53.94
18.2	53.94
18.2	53.93
18.2	53.93
18.2	53.92
18.2	53.91
18.2	53.91
18.2	53.9
18.2	53.9
18.2	53.89
18.21	53.89
18.21	53.88
18.21	53.88
18.21	53.87
18.21	53.86
18.21	53.86
18.21	53.85
18.21	53.85
18.21	53.84
18.21	53.84
18.21	53.83
18.21	53.83
18.21	53.82
18.21	53.81
18.21	53.81
18.21	53.8
18.21	53.8
18.21	53.79
18.21	53.79
18.22	53.78
18.22	53.78
18.22	53.77
18.22	53.77
18.22	53.76
18.22	53.75
18.22	53.75
18.22	53.74
18.22	53.74
18.22	53.73
18.22	53.73
18.22	53.72
18.22	53.72
18.22	53.71
18.22	53.7
18.22	53.7
18.22	53.69
18.22	53.69
18.22	53.68
18.22	53.68
18.23	53.67
18.23	53.67
18.23	53.66
18.23	53.66
18.23	53.65
18.23	53.64
18.23	53.64
18.23	53.63
18.23	53.63
18.23	53.62
18.23	53.62
18.23	53.61
18.23	53.61
18.23	53.6
18.23	53.59
18.23	53.59
18.23	53.58
18.23	53.58
18.23	53.57
18.23	53.57
18.24	53.56
18.24	53.56
18.24	53.55
18.24	53.55
18.24	53.54
18.24	53.53
18.24	53.53
18.24	53.52
18.24	53.52
18.24	53.51
18.24	53.51
18.24	53.5
18.24	53.5
18.24	53.49
18.24	53.49
18.24	53.48
18.24	53.47
18.24	53.47
18.24	53.46
18.24	53.46
18.25	53.45
18.25	53.45
18.25	53.44
18.25	53.44
18.25	53.43
18.25	53.43
18.25	53.42
18.25	53.41
18.25	53.41
18.25	53.4
18.25	53.4
18.25	53.39
18.25	53.39
18.25	53.38
18.25	53.38
18.25	53.37
18.25	53.37
18.25	53.36
18.25	53.36
18.25	53.35
18.25	53.34
18.26	53.34
18.26	53.33
18.26	53.33
18.26	53.32
18.26	53.32
18.26	53.31
18.26	53.31
18.26	53.3
18.26	53.3
18.26	53.29
18.26	53.28
18.26	53.28
18.26	53.27
18.26	53.27
18.26	53.26
18.26	53.26
18.26	53.25
18.26	53.25
18.26	53.24
18.26	53.24
18.27	53.23
18.27	53.23
18.27	53.22
18.27	53.21
18.27	53.21
18.27	53.2
18.27	53.2
18.27	53.19
18.27	53.19
18.27	53.18
18.27	53.18
18.27	53.17
18.27	53.17
18.27	53.16
18.27	53.16
18.27	53.15
18.27	53.14
18.27	53.14
18.27	53.13
18.27	53.13
18.28	53.12
18.28	53.12
18.28	53.11
18.28	53.11
18.28	53.1
18.28	53.1
18.28	53.09
18.28	53.09
18.28	53.08
18.28	53.07
18.28	53.07
18.28	53.06
18.28	53.06
18.28	53.05
18.28	53.05
18.28	53.04
18.28	53.04
18.28	53.03
18.28	53.03
18.28	53.02
18.29	53.02
18.29	53.01
18.29	53.01
18.29	53
18.29	52.99
18.29	52.99
18.29	52.98
18.29	52.98
18.29	52.97
18.29	52.97
18.29	52.96
18.29	52.96
18.29	52.95
18.29	52.95
18.29	52.94
18.29	52.94
18.29	52.93
18.29	52.92
18.29	52.92
18.3	52.91
18.3	52.91
18.3	52.9
18.3	52.9
18.3	52.89
18.3	52.89
18.3	52.88
18.3	52.88
18.3	52.87
18.3	52.87
18.3	52.86
18.3	52.86
18.3	52.85
18.3	52.85
18.3	52.84
18.3	52.83
18.3	52.83
18.3	52.82
18.3	52.82
18.3	52.81
18.31	52.81
18.31	52.8
18.31	52.8
18.31	52.79
18.31	52.79
18.31	52.78
18.31	52.78
18.31	52.77
18.31	52.77
18.31	52.76
18.31	52.75
18.31	52.75
18.31	52.74
18.31	52.74
18.31	52.73
18.31	52.73
18.31	52.72
18.31	52.72
18.31	52.71
18.31	52.71
18.32	52.7
18.32	52.7
18.32	52.69
18.32	52.69
18.32	52.68
18.32	52.68
18.32	52.67
18.32	52.66
18.32	52.66
18.32	52.65
18.32	52.65
18.32	52.64
18.32	52.64
18.32	52.63
18.32	52.63
18.32	52.62
18.32	52.62
18.32	52.61
18.32	52.61
18.32	52.6
18.33	52.6
18.33	52.59
18.33	52.59
18.33	52.58
18.33	52.58
18.33	52.57
18.33	52.56
18.33	52.56
18.33	52.55
18.33	52.55
18.33	52.54
18.33	52.54
18.33	52.53
18.33	52.53
18.33	52.52
18.33	52.52
18.33	52.51
18.33	52.51
18.33	52.5
18.33	52.5
18.33	52.49
18.34	52.49
18.34	52.48
18.34	52.48
18.34	52.47
18.34	52.47
18.34	52.46
18.34	52.45
18.34	52.45
18.34	52.44
18.34	52.44
18.34	52.43
18.34	52.43
18.34	52.42
18.34	52.42
18.34	52.41
18.34	52.41
18.34	52.4
18.34	52.4
18.34	52.39
18.34	52.39
18.35	52.38
18.35	52.38
18.35	52.37
18.35	52.37
18.35	52.36
18.35	52.36
18.35	52.35
18.35	52.34
18.35	52.34
18.35	52.33
18.35	52.33
18.35	52.32
18.35	52.32
18.35	52.31
18.35	52.31
18.35	52.3
18.35	52.3
18.35	52.29
18.35	52.29
18.35	52.28
18.36	52.28
18.36	52.27
18.36	52.27
18.36	52.26
18.36	52.26
18.36	52.25
18.36	52.25
18.36	52.24
18.36	52.24
18.36	52.23
18.36	52.23
18.36	52.22
18.36	52.21
18.36	52.21
18.36	52.2
18.36	52.2
18.36	52.19
18.36	52.19
18.36	52.18
18.36	52.18
18.37	52.17
18.37	52.17
18.37	52.16
18.37	52.16
18.37	52.15
18.37	52.15
18.37	52.14
18.37	52.14
18.37	52.13
18.37	52.13
18.37	52.12
18.37	52.12
18.37	52.11
18.37	52.11
18.37	52.1
18.37	52.1
18.37	52.09
18.37	52.09
18.37	52.08
18.38	52.08
18.38	52.07
18.38	52.06
18.38	52.06
18.38	52.05
18.38	52.05
18.38	52.04
18.38	52.04
18.38	52.03
18.38	52.03
18.38	52.02
18.38	52.02
18.38	52.01
18.38	52.01
18.38	52
18.38	52
18.38	51.99
18.38	51.99
18.38	51.98
18.38	51.98
18.39	51.97
18.39	51.97
18.39	51.96
18.39	51.96
18.39	51.95
18.39	51.95
18.39	51.94
18.39	51.94
18.39	51.93
18.39	51.93
18.39	51.92
18.39	51.92
18.39	51.91
18.39	51.91
18.39	51.9
18.39	51.9
18.39	51.89
18.39	51.89
18.39	51.88
18.39	51.87
18.4	51.87
18.4	51.86
18.4	51.86
18.4	51.85
18.4	51.85
18.4	51.84
18.4	51.84
18.4	51.83
18.4	51.83
18.4	51.82
18.4	51.82
18.4	51.81
18.4	51.81
18.4	51.8
18.4	51.8
18.4	51.79
18.4	51.79
18.4	51.78
18.4	51.78
18.4	51.77
18.41	51.77
18.41	51.76
18.41	51.76
18.41	51.75
18.41	51.75
18.41	51.74
18.41	51.74
18.41	51.73
18.41	51.73
18.41	51.72
18.41	51.72
18.41	51.71
18.41	51.71
18.41	51.7
18.41	51.7
18.41	51.69
18.41	51.69
18.41	51.68
18.41	51.68
18.41	51.67
18.42	51.67
18.42	51.66
18.42	51.66
18.42	51.65
18.42	51.65
18.42	51.64
18.42	51.64
18.42	51.63
18.42	51.63
18.42	51.62
18.42	51.62
18.42	51.61
18.42	51.61
18.42	51.6
18.42	51.6
18.42	51.59
18.42	51.58
18.42	51.58
18.42	51.57
18.42	51.57
18.42	51.56
18.43	51.56
18.43	51.55
18.43	51.55
18.43	51.54
18.43	51.54
18.43	51.53
18.43	51.53
18.43	51.52
18.43	51.52
18.43	51.51
18.43	51.51
18.43	51.5
18.43	51.5
18.43	51.49
18.43	51.49
18.43	51.48
18.43	51.48
18.43	51.47
18.43	51.47
18.43	51.46
18.44	51.46
18.44	51.45
18.44	51.45
18.44	51.44
18.44	51.44
18.44	51.43
18.44	51.43
18.44	51.42
18.44	51.42
18.44	51.41
18.44	51.41
18.44	51.4
18.44	51.4
18.44	51.39
18.44	51.39
18.44	51.38
18.44	51.38
18.44	51.37
18.44	51.37
18.44	51.36
18.45	51.36
18.45	51.35
18.45	51.35
18.45	51.34
18.45	51.34
18.45	51.33
18.45	51.33
18.45	51.32
18.45	51.32
18.45	51.31
18.45	51.31
18.45	51.3
18.45	51.3
18.45	51.29
18.45	51.29
18.45	51.28
18.45	51.28
18.45	51.27
18.45	51.27
18.45	51.26
18.46	51.26
18.46	51.25
18.46	51.25
18.46	51.24
18.46	51.24
18.46	51.23
18.46	51.23
18.46	51.22
18.46	51.22
18.46	51.21
18.46	51.21
18.46	51.2
18.46	51.2
18.46	51.19
18.46	51.19
18.46	51.18
18.46	51.18
18.46	51.17
18.46	51.17
18.47	51.16
18.47	51.16
18.47	51.15
18.47	51.15
18.47	51.14
18.47	51.14
18.47	51.13
18.47	51.13
18.47	51.12
18.47	51.12
18.47	51.11
18.47	51.11
18.47	51.1
18.47	51.1
18.47	51.09
18.47	51.09
18.47	51.08
18.47	51.08
18.47	51.07
18.47	51.07
18.48	51.06
18.48	51.06
18.48	51.05
18.48	51.05
18.48	51.04
18.48	51.04
18.48	51.04
18.48	51.03
18.48	51.03
18.48	51.02
18.48	51.02
18.48	51.01
18.48	51.01
18.48	51
18.48	51
18.48	50.99
18.48	50.99
18.48	50.98
18.48	50.98
18.48	50.97
18.49	50.97
18.49	50.96
18.49	50.96
18.49	50.95
18.49	50.95
18.49	50.94
18.49	50.94
18.49	50.93
18.49	50.93
18.49	50.92
18.49	50.92
18.49	50.91
18.49	50.91
18.49	50.9
18.49	50.9
18.49	50.89
18.49	50.89
18.49	50.88
18.49	50.88
18.49	50.87
18.5	50.87
18.5	50.86
18.5	50.86
18.5	50.85
18.5	50.85
18.5	50.84
18.5	50.84
18.5	50.83
18.5	50.83
18.5	50.82
18.5	50.82
18.5	50.81
18.5	50.81
18.5	50.8
18.5	50.8
18.5	50.79
18.5	50.79
18.5	50.78
18.5	50.78
18.5	50.77
18.5	50.77
18.51	50.76
18.51	50.76
18.51	50.76
18.51	50.75
18.51	50.75
18.51	50.74
18.51	50.74
18.51	50.73
18.51	50.73
18.51	50.72
18.51	50.72
18.51	50.71
18.51	50.71
18.51	50.7
18.51	50.7
18.51	50.69
18.51	50.69
18.51	50.68
18.51	50.68
18.51	50.67
18.52	50.67
18.52	50.66
18.52	50.66
18.52	50.65
18.52	50.65
18.52	50.64
18.52	50.64
18.52	50.63
18.52	50.63
18.52	50.62
18.52	50.62
18.52	50.61
18.52	50.61
18.52	50.6
18.52	50.6
18.52	50.59
18.52	50.59
18.52	50.58
18.52	50.58
18.52	50.57
18.53	50.57
18.53	50.57
18.53	50.56
18.53	50.56
18.53	50.55
18.53	50.55
18.53	50.54
18.53	50.54
18.53	50.53
18.53	50.53
18.53	50.52
18.53	50.52
18.53	50.51
18.53	50.51
18.53	50.5
18.53	50.5
18.53	50.49
18.53	50.49
18.53	50.48
18.53	50.48
18.54	50.47
18.54	50.47
18.54	50.46
18.54	50.46
18.54	50.45
18.54	50.45
18.54	50.44
18.54	50.44
18.54	50.43
18.54	50.43
18.54	50.43
18.54	50.42
18.54	50.42
18.54	50.41
18.54	50.41
18.54	50.4
18.54	50.4
18.54	50.39
18.54	50.39
18.55	50.38
18.55	50.38
18.55	50.37
18.55	50.37
18.55	50.36
18.55	50.36
18.55	50.35
18.55	50.35
18.55	50.34
18.55	50.34
18.55	50.33
18.55	50.33
18.55	50.32
18.55	50.32
18.55	50.31
18.55	50.31
18.55	50.31
18.55	50.3
18.55	50.3
18.55	50.29
18.56	50.29
18.56	50.28
18.56	50.28
18.56	50.27
18.56	50.27
18.56	50.26
18.56	50.26
18.56	50.25
18.56	50.25
18.56	50.24
18.56	50.24
18.56	50.23
18.56	50.23
18.56	50.22
18.56	50.22
18.56	50.21
18.56	50.21
18.56	50.2
18.56	50.2
18.56	50.2
18.57	50.19
18.57	50.19
18.57	50.18
18.57	50.18
18.57	50.17
18.57	50.17
18.57	50.16
18.57	50.16
18.57	50.15
18.57	50.15
18.57	50.14
18.57	50.14
18.57	50.13
18.57	50.13
18.57	50.12
18.57	50.12
18.57	50.11
18.57	50.11
18.57	50.1
18.57	50.1
18.58	50.1
18.58	50.09
18.58	50.09
18.58	50.08
18.58	50.08
18.58	50.07
18.58	50.07
18.58	50.06
18.58	50.06
18.58	50.05
18.58	50.05
18.58	50.04
18.58	50.04
18.58	50.03
18.58	50.03
18.58	50.02
18.58	50.02
18.58	50.01
18.58	50.01
18.58	50.01
18.58	50
18.59	50
18.59	49.99
18.59	49.99
18.59	49.98
18.59	49.98
18.59	49.97
18.59	49.97
18.59	49.96
18.59	49.96
18.59	49.95
18.59	49.95
18.59	49.94
18.59	49.94
18.59	49.93
18.59	49.93
18.59	49.92
18.59	49.92
18.59	49.92
18.59	49.91
18.59	49.91
18.6	49.9
18.6	49.9
18.6	49.89
18.6	49.89
18.6	49.88
18.6	49.88
18.6	49.87
18.6	49.87
18.6	49.86
18.6	49.86
18.6	49.85
18.6	49.85
18.6	49.84
18.6	49.84
18.6	49.84
18.6	49.83
18.6	49.83
18.6	49.82
18.6	49.82
18.6	49.81
18.61	49.81
18.61	49.8
18.61	49.8
18.61	49.79
18.61	49.79
18.61	49.78
18.61	49.78
18.61	49.77
18.61	49.77
18.61	49.77
18.61	49.76
18.61	49.76
18.61	49.75
18.61	49.75
18.61	49.74
18.61	49.74
18.61	49.73
18.61	49.73
18.61	49.72
18.61	49.72
18.62	49.71
18.62	49.71
18.62	49.7
18.62	49.7
18.62	49.7
18.62	49.69
18.62	49.69
18.62	49.68
18.62	49.68
18.62	49.67
18.62	49.67
18.62	49.66
18.62	49.66
18.62	49.65
18.62	49.65
18.62	49.64
18.62	49.64
18.62	49.63
18.62	49.63
18.62	49.63
18.63	49.62
18.63	49.62
18.63	49.61
18.63	49.61
18.63	49.6
18.63	49.6
18.63	49.59
18.63	49.59
18.63	49.58
18.63	49.58
18.63	49.57
18.63	49.57
18.63	49.56
18.63	49.56
18.63	49.56
18.63	49.55
18.63	49.55
18.63	49.54
18.63	49.54
18.64	49.53
18.64	49.53
18.64	49.52
18.64	49.52
18.64	49.51
18.64	49.51
18.64	49.5
18.64	49.5
18.64	49.5
18.64	49.49
18.64	49.49
18.64	49.48
18.64	49.48
18.64	49.47
18.64	49.47
18.64	49.46
18.64	49.46
18.64	49.45
18.64	49.45
18.64	49.44
18.65	49.44
18.65	49.44
18.65	49.43
18.65	49.43
18.65	49.42
18.65	49.42
18.65	49.41
18.65	49.41
18.65	49.4
18.65	49.4
18.65	49.39
18.65	49.39
18.65	49.38
18.65	49.38
18.65	49.38
18.65	49.37
18.65	49.37
18.65	49.36
18.65	49.36
18.65	49.35
18.66	49.35
18.66	49.34
18.66	49.34
18.66	49.33
18.66	49.33
18.66	49.33
18.66	49.32
18.66	49.32
18.66	49.31
18.66	49.31
18.66	49.3
18.66	49.3
18.66	49.29
18.66	49.29
18.66	49.28
18.66	49.28
18.66	49.27
18.66	49.27
18.66	49.27
18.66	49.26
18.67	49.26
18.67	49.25
18.67	49.25
18.67	49.24
18.67	49.24
18.67	49.23
18.67	49.23
18.67	49.22
18.67	49.22
18.67	49.22
18.67	49.21
18.67	49.21
18.67	49.2
18.67	49.2
18.67	49.19
18.67	49.19
18.67	49.18
18.67	49.18
18.67	49.17
18.67	49.17
18.67	49.16
18.68	49.16
18.68	49.16
18.68	49.15
18.68	49.15
18.68	49.14
18.68	49.14
18.68	49.13
18.68	49.13
18.68	49.12
18.68	49.12
18.68	49.11
18.68	49.11
18.68	49.11
18.68	49.1
18.68	49.1
18.68	49.09
18.68	49.09
18.68	49.08
18.68	49.08
18.68	49.07
18.69	49.07
18.69	49.06
18.69	49.06
18.69	49.06
18.69	49.05
18.69	49.05
18.69	49.04
18.69	49.04
18.69	49.03
18.69	49.03
18.69	49.02
18.69	49.02
18.69	49.02
18.69	49.01
18.69	49.01
18.69	49
18.69	49
18.69	48.99
18.69	48.99
18.69	48.98
18.7	48.98
18.7	48.97
18.7	48.97
18.7	48.97
18.7	48.96
18.7	48.96
18.7	48.95
18.7	48.95
18.7	48.94
18.7	48.94
18.7	48.93
18.7	48.93
18.7	48.92
18.7	48.92
18.7	48.92
18.7	48.91
18.7	48.91
18.7	48.9
18.7	48.9
18.7	48.89
18.71	48.89
18.71	48.88
18.71	48.88
18.71	48.88
18.71	48.87
18.71	48.87
18.71	48.86
18.71	48.86
18.71	48.85
18.71	48.85
18.71	48.84
18.71	48.84
18.71	48.83
18.71	48.83
18.71	48.83
18.71	48.82
18.71	48.82
18.71	48.81
18.71	48.81
18.72	48.8
18.72	48.8
18.72	48.79
18.72	48.79
18.72	48.79
18.72	48.78
18.72	48.78
18.72	48.77
18.72	48.77
18.72	48.76
18.72	48.76
18.72	48.75
18.72	48.75
18.72	48.75
18.72	48.74
18.72	48.74
18.72	48.73
18.72	48.73
18.72	48.72
18.72	48.72
18.73	48.71
18.73	48.71
18.73	48.71
18.73	48.7
18.73	48.7
18.73	48.69
18.73	48.69
18.73	48.68
18.73	48.68
18.73	48.67
18.73	48.67
18.73	48.67
18.73	48.66
18.73	48.66
18.73	48.65
18.73	48.65
18.73	48.64
18.73	48.64
18.73	48.63
18.73	48.63
18.74	48.63
18.74	48.62
18.74	48.62
18.74	48.61
18.74	48.61
18.74	48.6
18.74	48.6
18.74	48.59
18.74	48.59
18.74	48.59
18.74	48.58
18.74	48.58
18.74	48.57
18.74	48.57
18.74	48.56
18.74	48.56
18.74	48.55
18.74	48.55
18.74	48.55
18.74	48.54
18.75	48.54
18.75	48.53
18.75	48.53
18.75	48.52
18.75	48.52
18.75	48.51
18.75	48.51
18.75	48.51
18.75	48.5
18.75	48.5
18.75	48.49
18.75	48.49
18.75	48.48
18.75	48.48
18.75	48.47
18.75	48.47
18.75	48.47
18.75	48.46
18.75	48.46
18.75	48.45
18.75	48.45
18.76	48.44
18.76	48.44
18.76	48.43
18.76	48.43
18.76	48.43
18.76	48.42
18.76	48.42
18.76	48.41
18.76	48.41
18.76	48.4
18.76	48.4
18.76	48.4
18.76	48.39
18.76	48.39
18.76	48.38
18.76	48.38
18.76	48.37
18.76	48.37
18.76	48.36
18.76	48.36
18.77	48.36
18.77	48.35
18.77	48.35
18.77	48.34
18.77	48.34
18.77	48.33
18.77	48.33
18.77	48.32
18.77	48.32
18.77	48.32
18.77	48.31
18.77	48.31
18.77	48.3
18.77	48.3
18.77	48.29
18.77	48.29
18.77	48.29
18.77	48.28
18.77	48.28
18.77	48.27
18.78	48.27
18.78	48.26
18.78	48.26
18.78	48.25
18.78	48.25
18.78	48.25
18.78	48.24
18.78	48.24
18.78	48.23
18.78	48.23
18.78	48.22
18.78	48.22
18.78	48.22
18.78	48.21
18.78	48.21
18.78	48.2
18.78	48.2
18.78	48.19
18.78	48.19
18.78	48.19
18.79	48.18
18.79	48.18
18.79	48.17
18.79	48.17
18.79	48.16
18.79	48.16
18.79	48.15
18.79	48.15
18.79	48.15
18.79	48.14
18.79	48.14
18.79	48.13
18.79	48.13
18.79	48.12
18.79	48.12
18.79	48.12
18.79	48.11
18.79	48.11
18.79	48.1
18.8	48.1
18.8	48.09
18.8	48.09
18.8	48.09
18.8	48.08
18.8	48.08
18.8	48.07
18.8	48.07
18.8	48.06
18.8	48.06
18.8	48.06
18.8	48.05
18.8	48.05
18.8	48.04
18.8	48.04
18.8	48.03
18.8	48.03
18.8	48.02
18.8	48.02
18.8	48.02
18.81	48.01
18.81	48.01
18.81	48
18.81	48
18.81	47.99
18.81	47.99
18.81	47.99
18.81	47.98
18.81	47.98
18.81	47.97
18.81	47.97
18.81	47.96
18.81	47.96
18.81	47.96
18.81	47.95
18.81	47.95
18.81	47.94
18.81	47.94
18.81	47.93
18.81	47.93
18.82	47.93
18.82	47.92
18.82	47.92
18.82	47.91
18.82	47.91
18.82	47.9
18.82	47.9
18.82	47.9
18.82	47.89
18.82	47.89
18.82	47.88
18.82	47.88
18.82	47.87
18.82	47.87
18.82	47.87
18.82	47.86
18.82	47.86
18.82	47.85
18.82	47.85
18.82	47.84
18.83	47.84
18.83	47.84
18.83	47.83
18.83	47.83
18.83	47.82
18.83	47.82
18.83	47.81
18.83	47.81
18.83	47.81
18.83	47.8
18.83	47.8
18.83	47.79
18.83	47.79
18.83	47.78
18.83	47.78
18.83	47.78
18.83	47.77
18.83	47.77
18.83	47.76
18.83	47.76
18.83	47.75
18.84	47.75
18.84	47.75
18.84	47.74
18.84	47.74
18.84	47.73
18.84	47.73
18.84	47.72
18.84	47.72
18.84	47.72
18.84	47.71
18.84	47.71
18.84	47.7
18.84	47.7
18.84	47.69
18.84	47.69
18.84	47.69
18.84	47.68
18.84	47.68
18.84	47.67
18.84	47.67
18.85	47.66
18.85	47.66
18.85	47.66
18.85	47.65
18.85	47.65
18.85	47.64
18.85	47.64
18.85	47.64
18.85	47.63
18.85	47.63
18.85	47.62
18.85	47.62
18.85	47.61
18.85	47.61
18.85	47.61
18.85	47.6
18.85	47.6
18.85	47.59
18.85	47.59
18.85	47.58
18.86	47.58
18.86	47.58
18.86	47.57
18.86	47.57
18.86	47.56
18.86	47.56
18.86	47.55
18.86	47.55
18.86	47.55
18.86	47.54
18.86	47.54
18.86	47.53
18.86	47.53
18.86	47.53
18.86	47.52
18.86	47.52
18.86	47.51
18.86	47.51
18.86	47.5
18.86	47.5
18.87	47.5
18.87	47.49
18.87	47.49
18.87	47.48
18.87	47.48
18.87	47.47
18.87	47.47
18.87	47.47
18.87	47.46
18.87	47.46
18.87	47.45
18.87	47.45
18.87	47.45
18.87	47.44
18.87	47.44
18.87	47.43
18.87	47.43
18.87	47.42
18.87	47.42
18.88	47.42
18.88	47.41
18.88	47.41
18.88	47.4
18.88	47.4
18.88	47.4
18.88	47.39
18.88	47.39
18.88	47.38
18.88	47.38
18.88	47.37
18.88	47.37
18.88	47.37
18.88	47.36
18.88	47.36
18.88	47.35
18.88	47.35
18.88	47.34
18.88	47.34
18.88	47.34
18.89	47.33
18.89	47.33
18.89	47.32
18.89	47.32
18.89	47.32
18.89	47.31
18.89	47.31
18.89	47.3
18.89	47.3
18.89	47.29
18.89	47.29
18.89	47.29
18.89	47.28
18.89	47.28
18.89	47.27
18.89	47.27
18.89	47.27
18.89	47.26
18.89	47.26
18.89	47.25
18.9	47.25
18.9	47.24
18.9	47.24
18.9	47.24
18.9	47.23
18.9	47.23
18.9	47.22
18.9	47.22
18.9	47.22
18.9	47.21
18.9	47.21
18.9	47.2
18.9	47.2
18.9	47.19
18.9	47.19
18.9	47.19
18.9	47.18
18.9	47.18
18.9	47.17
18.9	47.17
18.91	47.17
18.91	47.16
18.91	47.16
18.91	47.15
18.91	47.15
18.91	47.15
18.91	47.14
18.91	47.14
18.91	47.13
18.91	47.13
18.91	47.12
18.91	47.12
18.91	47.12
18.91	47.11
18.91	47.11
18.91	47.1
18.91	47.1
18.91	47.1
18.91	47.09
18.91	47.09
18.92	47.08
18.92	47.08
18.92	47.07
18.92	47.07
18.92	47.07
18.92	47.06
18.92	47.06
18.92	47.05
18.92	47.05
18.92	47.05
18.92	47.04
18.92	47.04
18.92	47.03
18.92	47.03
18.92	47.03
18.92	47.02
18.92	47.02
18.92	47.01
18.92	47.01
18.92	47
18.92	47
18.93	47
18.93	46.99
18.93	46.99
18.93	46.98
18.93	46.98
18.93	46.98
18.93	46.97
18.93	46.97
18.93	46.96
18.93	46.96
18.93	46.96
18.93	46.95
18.93	46.95
18.93	46.94
18.93	46.94
18.93	46.94
18.93	46.93
18.93	46.93
18.93	46.92
18.93	46.92
18.94	46.91
18.94	46.91
18.94	46.91
18.94	46.9
18.94	46.9
18.94	46.89
18.94	46.89
18.94	46.89
18.94	46.88
18.94	46.88
18.94	46.87
18.94	46.87
18.94	46.87
18.94	46.86
18.94	46.86
18.94	46.85
18.94	46.85
18.94	46.85
18.94	46.84
18.94	46.84
18.95	46.83
18.95	46.83
18.95	46.83
18.95	46.82
18.95	46.82
18.95	46.81
18.95	46.81
18.95	46.8
18.95	46.8
18.95	46.8
18.95	46.79
18.95	46.79
18.95	46.78
18.95	46.78
18.95	46.78
18.95	46.77
18.95	46.77
18.95	46.76
18.95	46.76
18.95	46.76
18.96	46.75
18.96	46.75
18.96	46.74
18.96	46.74
18.96	46.74
18.96	46.73
18.96	46.73
18.96	46.72
18.96	46.72
18.96	46.72
18.96	46.71
18.96	46.71
18.96	46.7
18.96	46.7
18.96	46.7
18.96	46.69
18.96	46.69
18.96	46.68
18.96	46.68
18.97	46.67
18.97	46.67
18.97	46.67
18.97	46.66
18.97	46.66
18.97	46.65
18.97	46.65
18.97	46.65
18.97	46.64
18.97	46.64
18.97	46.63
18.97	46.63
18.97	46.63
18.97	46.62
18.97	46.62
18.97	46.61
18.97	46.61
18.97	46.61
18.97	46.6
18.97	46.6
18.98	46.59
18.98	46.59
18.98	46.59
18.98	46.58
18.98	46.58
18.98	46.57
18.98	46.57
18.98	46.57
18.98	46.56
18.98	46.56
18.98	46.55
18.98	46.55
18.98	46.55
18.98	46.54
18.98	46.54
18.98	46.53
18.98	46.53
18.98	46.53
18.98	46.52
18.98	46.52
18.99	46.51
18.99	46.51
18.99	46.51
18.99	46.5
18.99	46.5
18.99	46.49
18.99	46.49
18.99	46.49
18.99	46.48
18.99	46.48
18.99	46.47
18.99	46.47
18.99	46.47
18.99	46.46
18.99	46.46
18.99	46.45
18.99	46.45
18.99	46.45
18.99	46.44
18.99	46.44
19	46.43
19	46.43
19	46.43
19	46.42
19	46.42
19	46.41
19	46.41
19	46.41
19	46.4
19	46.4
19	46.39
19	46.39
19	46.39
19	46.38
19	46.38
19	46.37
19	46.37
19	46.37
19	46.36
19	46.36
19	46.35
19.01	46.35
19.01	46.35
19.01	46.34
19.01	46.34
19.01	46.33
19.01	46.33
19.01	46.33
19.01	46.32
19.01	46.32
19.01	46.31
19.01	46.31
19.01	46.31
19.01	46.3
19.01	46.3
19.01	46.29
19.01	46.29
19.01	46.29
19.01	46.28
19.01	46.28
19.01	46.27
19.02	46.27
19.02	46.27
19.02	46.26
19.02	46.26
19.02	46.26
19.02	46.25
19.02	46.25
19.02	46.24
19.02	46.24
19.02	46.24
19.02	46.23
19.02	46.23
19.02	46.22
19.02	46.22
19.02	46.22
19.02	46.21
19.02	46.21
19.02	46.2
19.02	46.2
19.02	46.2
19.03	46.19
19.03	46.19
19.03	46.18
19.03	46.18
19.03	46.18
19.03	46.17
19.03	46.17
19.03	46.16
19.03	46.16
19.03	46.16
19.03	46.15
19.03	46.15
19.03	46.14
19.03	46.14
19.03	46.14
19.03	46.13
19.03	46.13
19.03	46.13
19.03	46.12
19.03	46.12
19.04	46.11
19.04	46.11
19.04	46.11
19.04	46.1
19.04	46.1
19.04	46.09
19.04	46.09
19.04	46.09
19.04	46.08
19.04	46.08
19.04	46.07
19.04	46.07
19.04	46.07
19.04	46.06
19.04	46.06
19.04	46.05
19.04	46.05
19.04	46.05
19.04	46.04
19.05	46.04
19.05	46.03
19.05	46.03
19.05	46.03
19.05	46.02
19.05	46.02
19.05	46.02
19.05	46.01
19.05	46.01
19.05	46
19.05	46
19.05	46
19.05	45.99
19.05	45.99
19.05	45.98
19.05	45.98
19.05	45.98
19.05	45.97
19.05	45.97
19.05	45.96
19.06	45.96
19.06	45.96
19.06	45.95
19.06	45.95
19.06	45.95
19.06	45.94
19.06	45.94
19.06	45.93
19.06	45.93
19.06	45.93
19.06	45.92
19.06	45.92
19.06	45.91
19.06	45.91
19.06	45.91
19.06	45.9
19.06	45.9
19.06	45.89
19.06	45.89
19.06	45.89
19.07	45.88
19.07	45.88
19.07	45.88
19.07	45.87
19.07	45.87
19.07	45.86
19.07	45.86
19.07	45.86
19.07	45.85
19.07	45.85
19.07	45.84
19.07	45.84
19.07	45.84
19.07	45.83
19.07	45.83
19.07	45.83
19.07	45.82
19.07	45.82
19.07	45.81
19.07	45.81
19.08	45.81
19.08	45.8
19.08	45.8
19.08	45.79
19.08	45.79
19.08	45.79
19.08	45.78
19.08	45.78
19.08	45.77
19.08	45.77
19.08	45.77
19.08	45.76
19.08	45.76
19.08	45.76
19.08	45.75
19.08	45.75
19.08	45.74
19.08	45.74
19.08	45.74
19.08	45.73
19.08	45.73
19.09	45.72
19.09	45.72
19.09	45.72
19.09	45.71
19.09	45.71
19.09	45.71
19.09	45.7
19.09	45.7
19.09	45.69
19.09	45.69
19.09	45.69
19.09	45.68
19.09	45.68
19.09	45.67
19.09	45.67
19.09	45.67
19.09	45.66
19.09	45.66
19.09	45.66
19.09	45.65
19.1	45.65
19.1	45.64
19.1	45.64
19.1	45.64
19.1	45.63
19.1	45.63
19.1	45.63
19.1	45.62
19.1	45.62
19.1	45.61
19.1	45.61
19.1	45.61
19.1	45.6
19.1	45.6
19.1	45.59
19.1	45.59
19.1	45.59
19.1	45.58
19.1	45.58
19.1	45.58
19.11	45.57
19.11	45.57
19.11	45.56
19.11	45.56
19.11	45.56
19.11	45.55
19.11	45.55
19.11	45.54
19.11	45.54
19.11	45.54
19.11	45.53
19.11	45.53
19.11	45.53
19.11	45.52
19.11	45.52
19.11	45.51
19.11	45.51
19.11	45.51
19.11	45.5
19.11	45.5
19.12	45.5
19.12	45.49
19.12	45.49
19.12	45.48
19.12	45.48
19.12	45.48
19.12	45.47
19.12	45.47
19.12	45.47
19.12	45.46
19.12	45.46
19.12	45.45
19.12	45.45
19.12	45.45
19.12	45.44
19.12	45.44
19.12	45.43
19.12	45.43
19.12	45.43
19.12	45.42
19.13	45.42
19.13	45.42
19.13	45.41
19.13	45.41
19.13	45.4
19.13	45.4
19.13	45.4
19.13	45.39
19.13	45.39
19.13	45.39
19.13	45.38
19.13	45.38
19.13	45.37
19.13	45.37
19.13	45.37
19.13	45.36
19.13	45.36
19.13	45.36
19.13	45.35
19.14	45.35
19.14	45.34
19.14	45.34
19.14	45.34
19.14	45.33
19.14	45.33
19.14	45.33
19.14	45.32
19.14	45.32
19.14	45.31
19.14	45.31
19.14	45.31
19.14	45.3
19.14	45.3
19.14	45.3
19.14	45.29
19.14	45.29
19.14	45.28
19.14	45.28
19.14	45.28
19.15	45.27
19.15	45.27
19.15	45.27
19.15	45.26
19.15	45.26
19.15	45.25
19.15	45.25
19.15	45.25
19.15	45.24
19.15	45.24
19.15	45.24
19.15	45.23
19.15	45.23
19.15	45.22
19.15	45.22
19.15	45.22
19.15	45.21
19.15	45.21
19.15	45.21
19.15	45.2
19.16	45.2
19.16	45.19
19.16	45.19
19.16	45.19
19.16	45.18
19.16	45.18
19.16	45.18
19.16	45.17
19.16	45.17
19.16	45.16
19.16	45.16
19.16	45.16
19.16	45.15
19.16	45.15
19.16	45.15
19.16	45.14
19.16	45.14
19.16	45.13
19.16	45.13
19.16	45.13
19.17	45.12
19.17	45.12
19.17	45.12
19.17	45.11
19.17	45.11
19.17	45.1
19.17	45.1
19.17	45.1
19.17	45.09
19.17	45.09
19.17	45.09
19.17	45.08
19.17	45.08
19.17	45.08
19.17	45.07
19.17	45.07
19.17	45.06
19.17	45.06
19.17	45.06
19.17	45.05
19.17	45.05
19.18	45.05
19.18	45.04
19.18	45.04
19.18	45.03
19.18	45.03
19.18	45.03
19.18	45.02
19.18	45.02
19.18	45.02
19.18	45.01
19.18	45.01
19.18	45
19.18	45
19.18	45
19.18	44.99
19.18	44.99
19.18	44.99
19.18	44.98
19.18	44.98
19.18	44.98
19.19	44.97
19.19	44.97
19.19	44.96
19.19	44.96
19.19	44.96
19.19	44.95
19.19	44.95
19.19	44.95
19.19	44.94
19.19	44.94
19.19	44.93
19.19	44.93
19.19	44.93
19.19	44.92
19.19	44.92
19.19	44.92
19.19	44.91
19.19	44.91
19.19	44.91
19.19	44.9
19.2	44.9
19.2	44.89
19.2	44.89
19.2	44.89
19.2	44.88
19.2	44.88
19.2	44.88
19.2	44.87
19.2	44.87
19.2	44.86
19.2	44.86
19.2	44.86
19.2	44.85
19.2	44.85
19.2	44.85
19.2	44.84
19.2	44.84
19.2	44.84
19.2	44.83
19.2	44.83
19.21	44.82
19.21	44.82
19.21	44.82
19.21	44.81
19.21	44.81
19.21	44.81
19.21	44.8
19.21	44.8
19.21	44.8
19.21	44.79
19.21	44.79
19.21	44.78
19.21	44.78
19.21	44.78
19.21	44.77
19.21	44.77
19.21	44.77
19.21	44.76
19.21	44.76
19.22	44.76
19.22	44.75
19.22	44.75
19.22	44.74
19.22	44.74
19.22	44.74
19.22	44.73
19.22	44.73
19.22	44.73
19.22	44.72
19.22	44.72
19.22	44.71
19.22	44.71
19.22	44.71
19.22	44.7
19.22	44.7
19.22	44.7
19.22	44.69
19.22	44.69
19.22	44.69
19.23	44.68
19.23	44.68
19.23	44.68
19.23	44.67
19.23	44.67
19.23	44.66
19.23	44.66
19.23	44.66
19.23	44.65
19.23	44.65
19.23	44.65
19.23	44.64
19.23	44.64
19.23	44.64
19.23	44.63
19.23	44.63
19.23	44.62
19.23	44.62
19.23	44.62
19.23	44.61
19.24	44.61
19.24	44.61
19.24	44.6
19.24	44.6
19.24	44.6
19.24	44.59
19.24	44.59
19.24	44.58
19.24	44.58
19.24	44.58
19.24	44.57
19.24	44.57
19.24	44.57
19.24	44.56
19.24	44.56
19.24	44.56
19.24	44.55
19.24	44.55
19.24	44.54
19.24	44.54
19.25	44.54
19.25	44.53
19.25	44.53
19.25	44.53
19.25	44.52
19.25	44.52
19.25	44.52
19.25	44.51
19.25	44.51
19.25	44.51
19.25	44.5
19.25	44.5
19.25	44.49
19.25	44.49
19.25	44.49
19.25	44.48
19.25	44.48
19.25	44.48
19.25	44.47
19.25	44.47
19.25	44.47
19.26	44.46
19.26	44.46
19.26	44.46
19.26	44.45
19.26	44.45
19.26	44.44
19.26	44.44
19.26	44.44
19.26	44.43
19.26	44.43
19.26	44.43
19.26	44.42
19.26	44.42
19.26	44.42
19.26	44.41
19.26	44.41
19.26	44.4
19.26	44.4
19.26	44.4
19.26	44.39
19.27	44.39
19.27	44.39
19.27	44.38
19.27	44.38
19.27	44.38
19.27	44.37
19.27	44.37
19.27	44.37
19.27	44.36
19.27	44.36
19.27	44.36
19.27	44.35
19.27	44.35
19.27	44.34
19.27	44.34
19.27	44.34
19.27	44.33
19.27	44.33
19.27	44.33
19.27	44.32
19.28	44.32
19.28	44.32
19.28	44.31
19.28	44.31
19.28	44.31
19.28	44.3
19.28	44.3
19.28	44.29
19.28	44.29
19.28	44.29
19.28	44.28
19.28	44.28
19.28	44.28
19.28	44.27
19.28	44.27
19.28	44.27
19.28	44.26
19.28	44.26
19.28	44.26
19.28	44.25
19.29	44.25
19.29	44.24
19.29	44.24
19.29	44.24
19.29	44.23
19.29	44.23
19.29	44.23
19.29	44.22
19.29	44.22
19.29	44.22
19.29	44.21
19.29	44.21
19.29	44.21
19.29	44.2
19.29	44.2
19.29	44.2
19.29	44.19
19.29	44.19
19.29	44.18
19.3	44.18
19.3	44.18
19.3	44.17
19.3	44.17
19.3	44.17
19.3	44.16
19.3	44.16
19.3	44.16
19.3	44.15
19.3	44.15
19.3	44.15
19.3	44.14
19.3	44.14
19.3	44.14
19.3	44.13
19.3	44.13
19.3	44.12
19.3	44.12
19.3	44.12
19.3	44.11
19.31	44.11
19.31	44.11
19.31	44.1
19.31	44.1
19.31	44.1
19.31	44.09
19.31	44.09
19.31	44.09
19.31	44.08
19.31	44.08
19.31	44.08
19.31	44.07
19.31	44.07
19.31	44.07
19.31	44.06
19.31	44.06
19.31	44.05
19.31	44.05
19.31	44.05
19.31	44.04
19.32	44.04
19.32	44.04
19.32	44.03
19.32	44.03
19.32	44.03
19.32	44.02
19.32	44.02
19.32	44.02
19.32	44.01
19.32	44.01
19.32	44.01
19.32	44
19.32	44
19.32	44
19.32	43.99
19.32	43.99
19.32	43.98
19.32	43.98
19.32	43.98
19.32	43.97
19.33	43.97
19.33	43.97
19.33	43.96
19.33	43.96
19.33	43.96
19.33	43.95
19.33	43.95
19.33	43.95
19.33	43.94
19.33	43.94
19.33	43.94
19.33	43.93
19.33	43.93
19.33	43.93
19.33	43.92
19.33	43.92
19.33	43.92
19.33	43.91
19.33	43.91
19.33	43.9
19.33	43.9
19.34	43.9
19.34	43.89
19.34	43.89
19.34	43.89
19.34	43.88
19.34	43.88
19.34	43.88
19.34	43.87
19.34	43.87
19.34	43.87
19.34	43.86
19.34	43.86
19.34	43.86
19.34	43.85
19.34	43.85
19.34	43.85
19.34	43.84
19.34	43.84
19.34	43.84
19.34	43.83
19.35	43.83
19.35	43.83
19.35	43.82
19.35	43.82
19.35	43.81
19.35	43.81
19.35	43.81
19.35	43.8
19.35	43.8
19.35	43.8
19.35	43.79
19.35	43.79
19.35	43.79
19.35	43.78
19.35	43.78
19.35	43.78
19.35	43.77
19.35	43.77
19.35	43.77
19.35	43.76
19.36	43.76
19.36	43.76
19.36	43.75
19.36	43.75
19.36	43.75
19.36	43.74
19.36	43.74
19.36	43.74
19.36	43.73
19.36	43.73
19.36	43.73
19.36	43.72
19.36	43.72
19.36	43.72
19.36	43.71
19.36	43.71
19.36	43.7
19.36	43.7
19.36	43.7
19.36	43.69
19.37	43.69
19.37	43.69
19.37	43.68
19.37	43.68
19.37	43.68
19.37	43.67
19.37	43.67
19.37	43.67
19.37	43.66
19.37	43.66
19.37	43.66
19.37	43.65
19.37	43.65
19.37	43.65
19.37	43.64
19.37	43.64
19.37	43.64
19.37	43.63
19.37	43.63
19.38	43.63
19.38	43.62
19.38	43.62
19.38	43.62
19.38	43.61
19.38	43.61
19.38	43.61
19.38	43.6
19.38	43.6
19.38	43.6
19.38	43.59
19.38	43.59
19.38	43.59
19.38	43.58
19.38	43.58
19.38	43.58
19.38	43.57
19.38	43.57
19.38	43.56
19.38	43.56
19.39	43.56
19.39	43.55
19.39	43.55
19.39	43.55
19.39	43.54
19.39	43.54
19.39	43.54
19.39	43.53
19.39	43.53
19.39	43.53
19.39	43.52
19.39	43.52
19.39	43.52
19.39	43.51
19.39	43.51
19.39	43.51
19.39	43.5
19.39	43.5
19.39	43.5
19.39	43.49
19.4	43.49
19.4	43.49
19.4	43.48
19.4	43.48
19.4	43.48
19.4	43.47
19.4	43.47
19.4	43.47
19.4	43.46
19.4	43.46
19.4	43.46
19.4	43.45
19.4	43.45
19.4	43.45
19.4	43.44
19.4	43.44
19.4	43.44
19.4	43.43
19.4	43.43
19.4	43.43
19.41	43.42
19.41	43.42
19.41	43.42
19.41	43.41
19.41	43.41
19.41	43.41
19.41	43.4
19.41	43.4
19.41	43.4
19.41	43.39
19.41	43.39
19.41	43.39
19.41	43.38
19.41	43.38
19.41	43.38
19.41	43.37
19.41	43.37
19.41	43.37
19.41	43.36
19.41	43.36
19.42	43.36
19.42	43.35
19.42	43.35
19.42	43.35
19.42	43.34
19.42	43.34
19.42	43.34
19.42	43.33
19.42	43.33
19.42	43.33
19.42	43.32
19.42	43.32
19.42	43.32
19.42	43.31
19.42	43.31
19.42	43.31
19.42	43.3
19.42	43.3
19.42	43.3
19.42	43.29
19.42	43.29
19.43	43.29
19.43	43.28
19.43	43.28
19.43	43.28
19.43	43.27
19.43	43.27
19.43	43.27
19.43	43.26
19.43	43.26
19.43	43.26
19.43	43.25
19.43	43.25
19.43	43.25
19.43	43.24
19.43	43.24
19.43	43.24
19.43	43.23
19.43	43.23
19.43	43.23
19.43	43.22
19.44	43.22
19.44	43.22
19.44	43.21
19.44	43.21
19.44	43.21
19.44	43.2
19.44	43.2
19.44	43.2
19.44	43.19
19.44	43.19
19.44	43.19
19.44	43.18
19.44	43.18
19.44	43.18
19.44	43.17
19.44	43.17
19.44	43.17
19.44	43.16
19.44	43.16
19.44	43.16
19.45	43.15
19.45	43.15
19.45	43.15
19.45	43.14
19.45	43.14
19.45	43.14
19.45	43.13
19.45	43.13
19.45	43.13
19.45	43.12
19.45	43.12
19.45	43.12
19.45	43.11
19.45	43.11
19.45	43.11
19.45	43.1
19.45	43.1
19.45	43.1
19.45	43.09
19.45	43.09
19.46	43.09
19.46	43.08
19.46	43.08
19.46	43.08
19.46	43.07
19.46	43.07
19.46	43.07
19.46	43.06
19.46	43.06
19.46	43.06
19.46	43.05
19.46	43.05
19.46	43.05
19.46	43.04
19.46	43.04
19.46	43.04
19.46	43.03
19.46	43.03
19.46	43.03
19.47	43.02
19.47	43.02
19.47	43.02
19.47	43.01
19.47	43.01
19.47	43.01
19.47	43
19.47	43
19.47	43
19.47	42.99
19.47	42.99
19.47	42.99
19.47	42.98
19.47	42.98
19.47	42.98
19.47	42.97
19.47	42.97
19.47	42.97
19.47	42.96
19.47	42.96
19.48	42.96
19.48	42.95
19.48	42.95
19.48	42.95
19.48	42.94
19.48	42.94
19.48	42.94
19.48	42.93
19.48	42.93
19.48	42.93
19.48	42.92
19.48	42.92
19.48	42.92
19.48	42.92
19.48	42.91
19.48	42.91
19.48	42.91
19.48	42.9
19.48	42.9
19.48	42.9
19.49	42.89
19.49	42.89
19.49	42.89
19.49	42.88
19.49	42.88
19.49	42.88
19.49	42.87
19.49	42.87
19.49	42.87
19.49	42.86
19.49	42.86
19.49	42.86
19.49	42.85
19.49	42.85
19.49	42.85
19.49	42.84
19.49	42.84
19.49	42.84
19.49	42.83
19.49	42.83
19.5	42.83
19.5	42.82
19.5	42.82
19.5	42.82
19.5	42.81
19.5	42.81
19.5	42.81
19.5	42.8
19.5	42.8
19.5	42.8
19.5	42.79
19.5	42.79
19.5	42.79
19.5	42.79
19.5	42.78
19.5	42.78
19.5	42.78
19.5	42.77
19.5	42.77
19.5	42.77
19.5	42.76
19.51	42.76
19.51	42.76
19.51	42.75
19.51	42.75
19.51	42.75
19.51	42.74
19.51	42.74
19.51	42.74
19.51	42.73
19.51	42.73
19.51	42.73
19.51	42.72
19.51	42.72
19.51	42.72
19.51	42.71
19.51	42.71
19.51	42.71
19.51	42.7
19.51	42.7
19.51	42.7
19.52	42.69
19.52	42.69
19.52	42.69
19.52	42.68
19.52	42.68
19.52	42.68
19.52	42.68
19.52	42.67
19.52	42.67
19.52	42.67
19.52	42.66
19.52	42.66
19.52	42.66
19.52	42.65
19.52	42.65
19.52	42.65
19.52	42.64
19.52	42.64
19.52	42.64
19.52	42.63
19.53	42.63
19.53	42.63
19.53	42.62
19.53	42.62
19.53	42.62
19.53	42.61
19.53	42.61
19.53	42.61
19.53	42.6
19.53	42.6
19.53	42.6
19.53	42.6
19.53	42.59
19.53	42.59
19.53	42.59
19.53	42.58
19.53	42.58
19.53	42.58
19.53	42.57
19.53	42.57
19.54	42.57
19.54	42.56
19.54	42.56
19.54	42.56
19.54	42.55
19.54	42.55
19.54	42.55
19.54	42.54
19.54	42.54
19.54	42.54
19.54	42.53
19.54	42.53
19.54	42.53
19.54	42.52
19.54	42.52
19.54	42.52
19.54	42.52
19.54	42.51
19.54	42.51
19.55	42.51
19.55	42.5
19.55	42.5
19.55	42.5
19.55	42.49
19.55	42.49
19.55	42.49
19.55	42.48
19.55	42.48
19.55	42.48
19.55	42.47
19.55	42.47
19.55	42.47
19.55	42.46
19.55	42.46
19.55	42.46
19.55	42.45
19.55	42.45
19.55	42.45
19.55	42.45
19.56	42.44
19.56	42.44
19.56	42.44
19.56	42.43
19.56	42.43
19.56	42.43
19.56	42.42
19.56	42.42
19.56	42.42
19.56	42.41
19.56	42.41
19.56	42.41
19.56	42.4
19.56	42.4
19.56	42.4
19.56	42.39
19.56	42.39
19.56	42.39
19.56	42.39
19.56	42.38
19.57	42.38
19.57	42.38
19.57	42.37
19.57	42.37
19.57	42.37
19.57	42.36
19.57	42.36
19.57	42.36
19.57	42.35
19.57	42.35
19.57	42.35
19.57	42.34
19.57	42.34
19.57	42.34
19.57	42.33
19.57	42.33
19.57	42.33
19.57	42.33
19.57	42.32
19.57	42.32
19.58	42.32
19.58	42.31
19.58	42.31
19.58	42.31
19.58	42.3
19.58	42.3
19.58	42.3
19.58	42.29
19.58	42.29
19.58	42.29
19.58	42.28
19.58	42.28
19.58	42.28
19.58	42.28
19.58	42.27
19.58	42.27
19.58	42.27
19.58	42.26
19.58	42.26
19.58	42.26
19.58	42.25
19.59	42.25
19.59	42.25
19.59	42.24
19.59	42.24
19.59	42.24
19.59	42.23
19.59	42.23
19.59	42.23
19.59	42.23
19.59	42.22
19.59	42.22
19.59	42.22
19.59	42.21
19.59	42.21
19.59	42.21
19.59	42.2
19.59	42.2
19.59	42.2
19.59	42.19
19.59	42.19
19.6	42.19
19.6	42.18
19.6	42.18
19.6	42.18
19.6	42.18
19.6	42.17
19.6	42.17
19.6	42.17
19.6	42.16
19.6	42.16
19.6	42.16
19.6	42.15
19.6	42.15
19.6	42.15
19.6	42.14
19.6	42.14
19.6	42.14
19.6	42.13
19.6	42.13
19.6	42.13
19.61	42.13
19.61	42.12
19.61	42.12
19.61	42.12
19.61	42.11
19.61	42.11
19.61	42.11
19.61	42.1
19.61	42.1
19.61	42.1
19.61	42.09
19.61	42.09
19.61	42.09
19.61	42.09
19.61	42.08
19.61	42.08
19.61	42.08
19.61	42.07
19.61	42.07
19.61	42.07
19.62	42.06
19.62	42.06
19.62	42.06
19.62	42.05
19.62	42.05
19.62	42.05
19.62	42.05
19.62	42.04
19.62	42.04
19.62	42.04
19.62	42.03
19.62	42.03
19.62	42.03
19.62	42.02
19.62	42.02
19.62	42.02
19.62	42.01
19.62	42.01
19.62	42.01
19.62	42
19.63	42
19.63	42
19.63	42
19.63	41.99
19.63	41.99
19.63	41.99
19.63	41.98
19.63	41.98
19.63	41.98
19.63	41.97
19.63	41.97
19.63	41.97
19.63	41.96
19.63	41.96
19.63	41.96
19.63	41.96
19.63	41.95
19.63	41.95
19.63	41.95
19.64	41.94
19.64	41.94
19.64	41.94
19.64	41.93
19.64	41.93
19.64	41.93
19.64	41.93
19.64	41.92
19.64	41.92
19.64	41.92
19.64	41.91
19.64	41.91
19.64	41.91
19.64	41.9
19.64	41.9
19.64	41.9
19.64	41.89
19.64	41.89
19.64	41.89
19.64	41.89
19.65	41.88
19.65	41.88
19.65	41.88
19.65	41.87
19.65	41.87
19.65	41.87
19.65	41.86
19.65	41.86
19.65	41.86
19.65	41.85
19.65	41.85
19.65	41.85
19.65	41.85
19.65	41.84
19.65	41.84
19.65	41.84
19.65	41.83
19.65	41.83
19.65	41.83
19.65	41.82
19.66	41.82
19.66	41.82
19.66	41.82
19.66	41.81
19.66	41.81
19.66	41.81
19.66	41.8
19.66	41.8
19.66	41.8
19.66	41.79
19.66	41.79
19.66	41.79
19.66	41.78
19.66	41.78
19.66	41.78
19.66	41.78
19.66	41.77
19.66	41.77
19.66	41.77
19.66	41.76
19.67	41.76
19.67	41.76
19.67	41.75
19.67	41.75
19.67	41.75
19.67	41.75
19.67	41.74
19.67	41.74
19.67	41.74
19.67	41.73
19.67	41.73
19.67	41.73
19.67	41.72
19.67	41.72
19.67	41.72
19.67	41.72
19.67	41.71
19.67	41.71
19.67	41.71
19.67	41.7
19.67	41.7
19.68	41.7
19.68	41.69
19.68	41.69
19.68	41.69
19.68	41.69
19.68	41.68
19.68	41.68
19.68	41.68
19.68	41.67
19.68	41.67
19.68	41.67
19.68	41.66
19.68	41.66
19.68	41.66
19.68	41.66
19.68	41.65
19.68	41.65
19.68	41.65
19.68	41.64
19.68	41.64
19.69	41.64
19.69	41.63
19.69	41.63
19.69	41.63
19.69	41.63
19.69	41.62
19.69	41.62
19.69	41.62
19.69	41.61
19.69	41.61
19.69	41.61
19.69	41.6
19.69	41.6
19.69	41.6
19.69	41.6
19.69	41.59
19.69	41.59
19.69	41.59
19.69	41.58
19.69	41.58
19.7	41.58
19.7	41.57
19.7	41.57
19.7	41.57
19.7	41.57
19.7	41.56
19.7	41.56
19.7	41.56
19.7	41.55
19.7	41.55
19.7	41.55
19.7	41.54
19.7	41.54
19.7	41.54
19.7	41.54
19.7	41.53
19.7	41.53
19.7	41.53
19.7	41.52
19.7	41.52
19.71	41.52
19.71	41.51
19.71	41.51
19.71	41.51
19.71	41.51
19.71	41.5
19.71	41.5
19.71	41.5
19.71	41.49
19.71	41.49
19.71	41.49
19.71	41.48
19.71	41.48
19.71	41.48
19.71	41.48
19.71	41.47
19.71	41.47
19.71	41.47
19.71	41.46
19.72	41.46
19.72	41.46
19.72	41.46
19.72	41.45
19.72	41.45
19.72	41.45
19.72	41.44
19.72	41.44
19.72	41.44
19.72	41.43
19.72	41.43
19.72	41.43
19.72	41.43
19.72	41.42
19.72	41.42
19.72	41.42
19.72	41.41
19.72	41.41
19.72	41.41
19.72	41.4
19.73	41.4
19.73	41.4
19.73	41.4
19.73	41.39
19.73	41.39
19.73	41.39
19.73	41.38
19.73	41.38
19.73	41.38
19.73	41.38
19.73	41.37
19.73	41.37
19.73	41.37
19.73	41.36
19.73	41.36
19.73	41.36
19.73	41.35
19.73	41.35
19.73	41.35
19.73	41.35
19.74	41.34
19.74	41.34
19.74	41.34
19.74	41.33
19.74	41.33
19.74	41.33
19.74	41.33
19.74	41.32
19.74	41.32
19.74	41.32
19.74	41.31
19.74	41.31
19.74	41.31
19.74	41.3
19.74	41.3
19.74	41.3
19.74	41.3
19.74	41.29
19.74	41.29
19.74	41.29
19.75	41.28
19.75	41.28
19.75	41.28
19.75	41.28
19.75	41.27
19.75	41.27
19.75	41.27
19.75	41.26
19.75	41.26
19.75	41.26
19.75	41.25
19.75	41.25
19.75	41.25
19.75	41.25
19.75	41.24
19.75	41.24
19.75	41.24
19.75	41.23
19.75	41.23
19.75	41.23
19.75	41.23
19.76	41.22
19.76	41.22
19.76	41.22
19.76	41.21
19.76	41.21
19.76	41.21
19.76	41.21
19.76	41.2
19.76	41.2
19.76	41.2
19.76	41.19
19.76	41.19
19.76	41.19
19.76	41.18
19.76	41.18
19.76	41.18
19.76	41.18
19.76	41.17
19.76	41.17
19.76	41.17
19.77	41.16
19.77	41.16
19.77	41.16
19.77	41.16
19.77	41.15
19.77	41.15
19.77	41.15
19.77	41.14
19.77	41.14
19.77	41.14
19.77	41.14
19.77	41.13
19.77	41.13
19.77	41.13
19.77	41.12
19.77	41.12
19.77	41.12
19.77	41.12
19.77	41.11
19.77	41.11
19.78	41.11
19.78	41.1
19.78	41.1
19.78	41.1
19.78	41.09
19.78	41.09
19.78	41.09
19.78	41.09
19.78	41.08
19.78	41.08
19.78	41.08
19.78	41.07
19.78	41.07
19.78	41.07
19.78	41.07
19.78	41.06
19.78	41.06
19.78	41.06
19.78	41.05
19.78	41.05
19.79	41.05
19.79	41.05
19.79	41.04
19.79	41.04
19.79	41.04
19.79	41.03
19.79	41.03
19.79	41.03
19.79	41.03
19.79	41.02
19.79	41.02
19.79	41.02
19.79	41.01
19.79	41.01
19.79	41.01
19.79	41.01
19.79	41
19.79	41
19.79	41
19.8	40.99
19.8	40.99
19.8	40.99
19.8	40.99
19.8	40.98
19.8	40.98
19.8	40.98
19.8	40.97
19.8	40.97
19.8	40.97
19.8	40.97
19.8	40.96
19.8	40.96
19.8	40.96
19.8	40.95
19.8	40.95
19.8	40.95
19.8	40.95
19.8	40.94
19.8	40.94
19.81	40.94
19.81	40.93
19.81	40.93
19.81	40.93
19.81	40.93
19.81	40.92
19.81	40.92
19.81	40.92
19.81	40.91
19.81	40.91
19.81	40.91
19.81	40.91
19.81	40.9
19.81	40.9
19.81	40.9
19.81	40.89
19.81	40.89
19.81	40.89
19.81	40.89
19.81	40.88
19.82	40.88
19.82	40.88
19.82	40.87
19.82	40.87
19.82	40.87
19.82	40.87
19.82	40.86
19.82	40.86
19.82	40.86
19.82	40.85
19.82	40.85
19.82	40.85
19.82	40.85
19.82	40.84
19.82	40.84
19.82	40.84
19.82	40.83
19.82	40.83
19.82	40.83
19.82	40.83
19.83	40.82
19.83	40.82
19.83	40.82
19.83	40.81
19.83	40.81
19.83	40.81
19.83	40.81
19.83	40.8
19.83	40.8
19.83	40.8
19.83	40.79
19.83	40.79
19.83	40.79
19.83	40.79
19.83	40.78
19.83	40.78
19.83	40.78
19.83	40.77
19.83	40.77
19.83	40.77
19.83	40.77
19.84	40.76
19.84	40.76
19.84	40.76
19.84	40.76
19.84	40.75
19.84	40.75
19.84	40.75
19.84	40.74
19.84	40.74
19.84	40.74
19.84	40.74
19.84	40.73
19.84	40.73
19.84	40.73
19.84	40.72
19.84	40.72
19.84	40.72
19.84	40.72
19.84	40.71
19.84	40.71
19.85	40.71
19.85	40.7
19.85	40.7
19.85	40.7
19.85	40.7
19.85	40.69
19.85	40.69
19.85	40.69
19.85	40.68
19.85	40.68
19.85	40.68
19.85	40.68
19.85	40.67
19.85	40.67
19.85	40.67
19.85	40.67
19.85	40.66
19.85	40.66
19.85	40.66
19.85	40.65
19.86	40.65
19.86	40.65
19.86	40.65
19.86	40.64
19.86	40.64
19.86	40.64
19.86	40.63
19.86	40.63
19.86	40.63
19.86	40.63
19.86	40.62
19.86	40.62
19.86	40.62
19.86	40.61
19.86	40.61
19.86	40.61
19.86	40.61
19.86	40.6
19.86	40.6
19.86	40.6
19.87	40.6
19.87	40.59
19.87	40.59
19.87	40.59
19.87	40.58
19.87	40.58
19.87	40.58
19.87	40.58
19.87	40.57
19.87	40.57
19.87	40.57
19.87	40.56
19.87	40.56
19.87	40.56
19.87	40.56
19.87	40.55
19.87	40.55
19.87	40.55
19.87	40.55
19.88	40.54
19.88	40.54
19.88	40.54
19.88	40.53
19.88	40.53
19.88	40.53
19.88	40.53
19.88	40.52
19.88	40.52
19.88	40.52
19.88	40.51
19.88	40.51
19.88	40.51
19.88	40.51
19.88	40.5
19.88	40.5
19.88	40.5
19.88	40.5
19.88	40.49
19.88	40.49
19.89	40.49
19.89	40.48
19.89	40.48
19.89	40.48
19.89	40.48
19.89	40.47
19.89	40.47
19.89	40.47
19.89	40.46
19.89	40.46
19.89	40.46
19.89	40.46
19.89	40.45
19.89	40.45
19.89	40.45
19.89	40.45
19.89	40.44
19.89	40.44
19.89	40.44
19.89	40.43
19.9	40.43
19.9	40.43
19.9	40.43
19.9	40.42
19.9	40.42
19.9	40.42
19.9	40.42
19.9	40.41
19.9	40.41
19.9	40.41
19.9	40.4
19.9	40.4
19.9	40.4
19.9	40.4
19.9	40.39
19.9	40.39
19.9	40.39
19.9	40.38
19.9	40.38
19.9	40.38
19.91	40.38
19.91	40.37
19.91	40.37
19.91	40.37
19.91	40.37
19.91	40.36
19.91	40.36
19.91	40.36
19.91	40.35
19.91	40.35
19.91	40.35
19.91	40.35
19.91	40.34
19.91	40.34
19.91	40.34
19.91	40.34
19.91	40.33
19.91	40.33
19.91	40.33
19.91	40.32
19.92	40.32
19.92	40.32
19.92	40.32
19.92	40.31
19.92	40.31
19.92	40.31
19.92	40.31
19.92	40.3
19.92	40.3
19.92	40.3
19.92	40.29
19.92	40.29
19.92	40.29
19.92	40.29
19.92	40.28
19.92	40.28
19.92	40.28
19.92	40.28
19.92	40.27
19.92	40.27
19.92	40.27
19.93	40.26
19.93	40.26
19.93	40.26
19.93	40.26
19.93	40.25
19.93	40.25
19.93	40.25
19.93	40.25
19.93	40.24
19.93	40.24
19.93	40.24
19.93	40.23
19.93	40.23
19.93	40.23
19.93	40.23
19.93	40.22
19.93	40.22
19.93	40.22
19.93	40.22
19.93	40.21
19.94	40.21
19.94	40.21
19.94	40.2
19.94	40.2
19.94	40.2
19.94	40.2
19.94	40.19
19.94	40.19
19.94	40.19
19.94	40.19
19.94	40.18
19.94	40.18
19.94	40.18
19.94	40.18
19.94	40.17
19.94	40.17
19.94	40.17
19.94	40.16
19.94	40.16
19.94	40.16
19.95	40.16
19.95	40.15
19.95	40.15
19.95	40.15
19.95	40.15
19.95	40.14
19.95	40.14
19.95	40.14
19.95	40.13
19.95	40.13
19.95	40.13
19.95	40.13
19.95	40.12
19.95	40.12
19.95	40.12
19.95	40.12
19.95	40.11
19.95	40.11
19.95	40.11
19.95	40.11
19.96	40.1
19.96	40.1
19.96	40.1
19.96	40.09
19.96	40.09
19.96	40.09
19.96	40.09
19.96	40.08
19.96	40.08
19.96	40.08
19.96	40.08
19.96	40.07
19.96	40.07
19.96	40.07
19.96	40.06
19.96	40.06
19.96	40.06
19.96	40.06
19.96	40.05
19.97	40.05
19.97	40.05
19.97	40.05
19.97	40.04
19.97	40.04
19.97	40.04
19.97	40.04
19.97	40.03
19.97	40.03
19.97	40.03
19.97	40.02
19.97	40.02
19.97	40.02
19.97	40.02
19.97	40.01
19.97	40.01
19.97	40.01
19.97	40.01
19.97	40
19.97	40
19.98	40
19.98	40
19.98	39.99
19.98	39.99
19.98	39.99
19.98	39.98
19.98	39.98
19.98	39.98
19.98	39.98
19.98	39.97
19.98	39.97
19.98	39.97
19.98	39.97
19.98	39.96
19.98	39.96
19.98	39.96
19.98	39.96
19.98	39.95
19.98	39.95
19.98	39.95
19.99	39.94
19.99	39.94
19.99	39.94
19.99	39.94
19.99	39.93
19.99	39.93
19.99	39.93
19.99	39.93
19.99	39.92
19.99	39.92
19.99	39.92
19.99	39.92
19.99	39.91
19.99	39.91
19.99	39.91
19.99	39.91
19.99	39.9
19.99	39.9
19.99	39.9
19.99	39.89
20	39.89
20	39.89
20	39.89
20	39.88
20	39.88
20	39.88
20	39.88
20	39.87
20	39.87
20	39.87
20	39.87
20	39.86
20	39.86
20	39.86
20	39.85
20	39.85
20	39.85
20	39.85
20	39.84
20	39.84
20	39.84
20.01	39.84
20.01	39.83
20.01	39.83
20.01	39.83
20.01	39.83
20.01	39.82
20.01	39.82
20.01	39.82
20.01	39.82
20.01	39.81
20.01	39.81
20.01	39.81
20.01	39.8
20.01	39.8
20.01	39.8
20.01	39.8
20.01	39.79
20.01	39.79
20.01	39.79
20.01	39.79
20.02	39.78
20.02	39.78
20.02	39.78
20.02	39.78
20.02	39.77
20.02	39.77
20.02	39.77
20.02	39.77
20.02	39.76
20.02	39.76
20.02	39.76
20.02	39.76
20.02	39.75
20.02	39.75
20.02	39.75
20.02	39.74
20.02	39.74
20.02	39.74
20.02	39.74
20.02	39.73
20.03	39.73
20.03	39.73
20.03	39.73
20.03	39.72
20.03	39.72
20.03	39.72
20.03	39.72
20.03	39.71
20.03	39.71
20.03	39.71
20.03	39.71
20.03	39.7
20.03	39.7
20.03	39.7
20.03	39.7
20.03	39.69
20.03	39.69
20.03	39.69
20.03	39.68
20.03	39.68
20.04	39.68
20.04	39.68
20.04	39.67
20.04	39.67
20.04	39.67
20.04	39.67
20.04	39.66
20.04	39.66
20.04	39.66
20.04	39.66
20.04	39.65
20.04	39.65
20.04	39.65
20.04	39.65
20.04	39.64
20.04	39.64
20.04	39.64
20.04	39.64
20.04	39.63
20.05	39.63
20.05	39.63
20.05	39.63
20.05	39.62
20.05	39.62
20.05	39.62
20.05	39.61
20.05	39.61
20.05	39.61
20.05	39.61
20.05	39.6
20.05	39.6
20.05	39.6
20.05	39.6
20.05	39.59
20.05	39.59
20.05	39.59
20.05	39.59
20.05	39.58
20.05	39.58
20.06	39.58
20.06	39.58
20.06	39.57
20.06	39.57
20.06	39.57
20.06	39.57
20.06	39.56
20.06	39.56
20.06	39.56
20.06	39.56
20.06	39.55
20.06	39.55
20.06	39.55
20.06	39.55
20.06	39.54
20.06	39.54
20.06	39.54
20.06	39.53
20.06	39.53
20.06	39.53
20.07	39.53
20.07	39.52
20.07	39.52
20.07	39.52
20.07	39.52
20.07	39.51
20.07	39.51
20.07	39.51
20.07	39.51
20.07	39.5
20.07	39.5
20.07	39.5
20.07	39.5
20.07	39.49
20.07	39.49
20.07	39.49
20.07	39.49
20.07	39.48
20.07	39.48
20.07	39.48
20.08	39.48
20.08	39.47
20.08	39.47
20.08	39.47
20.08	39.47
20.08	39.46
20.08	39.46
20.08	39.46
20.08	39.46
20.08	39.45
20.08	39.45
20.08	39.45
20.08	39.45
20.08	39.44
20.08	39.44
20.08	39.44
20.08	39.43
20.08	39.43
20.08	39.43
20.08	39.43
20.08	39.42
20.09	39.42
20.09	39.42
20.09	39.42
20.09	39.41
20.09	39.41
20.09	39.41
20.09	39.41
20.09	39.4
20.09	39.4
20.09	39.4
20.09	39.4
20.09	39.39
20.09	39.39
20.09	39.39
20.09	39.39
20.09	39.38
20.09	39.38
20.09	39.38
20.09	39.38
20.09	39.37
20.1	39.37
20.1	39.37
20.1	39.37
20.1	39.36
20.1	39.36
20.1	39.36
20.1	39.36
20.1	39.35
20.1	39.35
20.1	39.35
20.1	39.35
20.1	39.34
20.1	39.34
20.1	39.34
20.1	39.34
20.1	39.33
20.1	39.33
20.1	39.33
20.1	39.33
20.1	39.32
20.11	39.32
20.11	39.32
20.11	39.32
20.11	39.31
20.11	39.31
20.11	39.31
20.11	39.31
20.11	39.3
20.11	39.3
20.11	39.3
20.11	39.3
20.11	39.29
20.11	39.29
20.11	39.29
20.11	39.29
20.11	39.28
20.11	39.28
20.11	39.28
20.11	39.28
20.11	39.27
20.12	39.27
20.12	39.27
20.12	39.27
20.12	39.26
20.12	39.26
20.12	39.26
20.12	39.26
20.12	39.25
20.12	39.25
20.12	39.25
20.12	39.25
20.12	39.24
20.12	39.24
20.12	39.24
20.12	39.24
20.12	39.23
20.12	39.23
20.12	39.23
20.12	39.23
20.12	39.22
20.13	39.22
20.13	39.22
20.13	39.22
20.13	39.21
20.13	39.21
20.13	39.21
20.13	39.21
20.13	39.2
20.13	39.2
20.13	39.2
20.13	39.2
20.13	39.19
20.13	39.19
20.13	39.19
20.13	39.19
20.13	39.18
20.13	39.18
20.13	39.18
20.13	39.18
20.14	39.17
20.14	39.17
20.14	39.17
20.14	39.17
20.14	39.16
20.14	39.16
20.14	39.16
20.14	39.16
20.14	39.15
20.14	39.15
20.14	39.15
20.14	39.15
20.14	39.14
20.14	39.14
20.14	39.14
20.14	39.14
20.14	39.13
20.14	39.13
20.14	39.13
20.14	39.13
20.15	39.12
20.15	39.12
20.15	39.12
20.15	39.12
20.15	39.11
20.15	39.11
20.15	39.11
20.15	39.11
20.15	39.1
20.15	39.1
20.15	39.1
20.15	39.1
20.15	39.09
20.15	39.09
20.15	39.09
20.15	39.09
20.15	39.08
20.15	39.08
20.15	39.08
20.15	39.08
20.16	39.07
20.16	39.07
20.16	39.07
20.16	39.07
20.16	39.06
20.16	39.06
20.16	39.06
20.16	39.06
20.16	39.05
20.16	39.05
20.16	39.05
20.16	39.05
20.16	39.04
20.16	39.04
20.16	39.04
20.16	39.04
20.16	39.03
20.16	39.03
20.16	39.03
20.16	39.03
20.17	39.02
20.17	39.02
20.17	39.02
20.17	39.02
20.17	39.01
20.17	39.01
20.17	39.01
20.17	39.01
20.17	39
20.17	39
20.17	39
20.17	39
20.17	38.99
20.17	38.99
20.17	38.99
20.17	38.99
20.17	38.98
20.17	38.98
20.17	38.98
20.17	38.98
20.17	38.97
20.18	38.97
20.18	38.97
20.18	38.97
20.18	38.96
20.18	38.96
20.18	38.96
20.18	38.96
20.18	38.95
20.18	38.95
20.18	38.95
20.18	38.95
20.18	38.95
20.18	38.94
20.18	38.94
20.18	38.94
20.18	38.94
20.18	38.93
20.18	38.93
20.18	38.93
20.18	38.93
20.19	38.92
20.19	38.92
20.19	38.92
20.19	38.92
20.19	38.91
20.19	38.91
20.19	38.91
20.19	38.91
20.19	38.9
20.19	38.9
20.19	38.9
20.19	38.9
20.19	38.89
20.19	38.89
20.19	38.89
20.19	38.89
20.19	38.88
20.19	38.88
20.19	38.88
20.19	38.88
20.2	38.87
20.2	38.87
20.2	38.87
20.2	38.87
20.2	38.86
20.2	38.86
20.2	38.86
20.2	38.86
20.2	38.85
20.2	38.85
20.2	38.85
20.2	38.85
20.2	38.85
20.2	38.84
20.2	38.84
20.2	38.84
20.2	38.84
20.2	38.83
20.2	38.83
20.2	38.83
20.21	38.83
20.21	38.82
20.21	38.82
20.21	38.82
20.21	38.82
20.21	38.81
20.21	38.81
20.21	38.81
20.21	38.81
20.21	38.8
20.21	38.8
20.21	38.8
20.21	38.8
20.21	38.79
20.21	38.79
20.21	38.79
20.21	38.79
20.21	38.78
20.21	38.78
20.22	38.78
20.22	38.78
20.22	38.77
20.22	38.77
20.22	38.77
20.22	38.77
20.22	38.77
20.22	38.76
20.22	38.76
20.22	38.76
20.22	38.76
20.22	38.75
20.22	38.75
20.22	38.75
20.22	38.75
20.22	38.74
20.22	38.74
20.22	38.74
20.22	38.74
20.22	38.73
20.23	38.73
20.23	38.73
20.23	38.73
20.23	38.72
20.23	38.72
20.23	38.72
20.23	38.72
20.23	38.71
20.23	38.71
20.23	38.71
20.23	38.71
20.23	38.71
20.23	38.7
20.23	38.7
20.23	38.7
20.23	38.7
20.23	38.69
20.23	38.69
20.23	38.69
20.23	38.69
20.24	38.68
20.24	38.68
20.24	38.68
20.24	38.68
20.24	38.67
20.24	38.67
20.24	38.67
20.24	38.67
20.24	38.66
20.24	38.66
20.24	38.66
20.24	38.66
20.24	38.65
20.24	38.65
20.24	38.65
20.24	38.65
20.24	38.65
20.24	38.64
20.24	38.64
20.24	38.64
20.25	38.64
20.25	38.63
20.25	38.63
20.25	38.63
20.25	38.63
20.25	38.62
20.25	38.62
20.25	38.62
20.25	38.62
20.25	38.61
20.25	38.61
20.25	38.61
20.25	38.61
20.25	38.6
20.25	38.6
20.25	38.6
20.25	38.6
20.25	38.6
20.25	38.59
20.25	38.59
20.25	38.59
20.26	38.59
20.26	38.58
20.26	38.58
20.26	38.58
20.26	38.58
20.26	38.57
20.26	38.57
20.26	38.57
20.26	38.57
20.26	38.56
20.26	38.56
20.26	38.56
20.26	38.56
20.26	38.55
20.26	38.55
20.26	38.55
20.26	38.55
20.26	38.55
20.26	38.54
20.26	38.54
20.27	38.54
20.27	38.54
20.27	38.53
20.27	38.53
20.27	38.53
20.27	38.53
20.27	38.52
20.27	38.52
20.27	38.52
20.27	38.52
20.27	38.51
20.27	38.51
20.27	38.51
20.27	38.51
20.27	38.51
20.27	38.5
20.27	38.5
20.27	38.5
20.27	38.5
20.27	38.49
20.28	38.49
20.28	38.49
20.28	38.49
20.28	38.48
20.28	38.48
20.28	38.48
20.28	38.48
20.28	38.47
20.28	38.47
20.28	38.47
20.28	38.47
20.28	38.47
20.28	38.46
20.28	38.46
20.28	38.46
20.28	38.46
20.28	38.45
20.28	38.45
20.28	38.45
20.28	38.45
20.29	38.44
20.29	38.44
20.29	38.44
20.29	38.44
20.29	38.43
20.29	38.43
20.29	38.43
20.29	38.43
20.29	38.43
20.29	38.42
20.29	38.42
20.29	38.42
20.29	38.42
20.29	38.41
20.29	38.41
20.29	38.41
20.29	38.41
20.29	38.4
20.29	38.4
20.3	38.4
20.3	38.4
20.3	38.39
20.3	38.39
20.3	38.39
20.3	38.39
20.3	38.39
20.3	38.38
20.3	38.38
20.3	38.38
20.3	38.38
20.3	38.37
20.3	38.37
20.3	38.37
20.3	38.37
20.3	38.36
20.3	38.36
20.3	38.36
20.3	38.36
20.3	38.36
20.31	38.35
20.31	38.35
20.31	38.35
20.31	38.35
20.31	38.34
20.31	38.34
20.31	38.34
20.31	38.34
20.31	38.33
20.31	38.33
20.31	38.33
20.31	38.33
20.31	38.33
20.31	38.32
20.31	38.32
20.31	38.32
20.31	38.32
20.31	38.31
20.31	38.31
20.31	38.31
20.32	38.31
20.32	38.3
20.32	38.3
20.32	38.3
20.32	38.3
20.32	38.29
20.32	38.29
20.32	38.29
20.32	38.29
20.32	38.29
20.32	38.28
20.32	38.28
20.32	38.28
20.32	38.28
20.32	38.27
20.32	38.27
20.32	38.27
20.32	38.27
20.32	38.26
20.32	38.26
20.33	38.26
20.33	38.26
20.33	38.26
20.33	38.25
20.33	38.25
20.33	38.25
20.33	38.25
20.33	38.24
20.33	38.24
20.33	38.24
20.33	38.24
20.33	38.23
20.33	38.23
20.33	38.23
20.33	38.23
20.33	38.23
20.33	38.22
20.33	38.22
20.33	38.22
20.33	38.22
20.33	38.21
20.34	38.21
20.34	38.21
20.34	38.21
20.34	38.21
20.34	38.2
20.34	38.2
20.34	38.2
20.34	38.2
20.34	38.19
20.34	38.19
20.34	38.19
20.34	38.19
20.34	38.18
20.34	38.18
20.34	38.18
20.34	38.18
20.34	38.18
20.34	38.17
20.34	38.17
20.34	38.17
20.35	38.17
20.35	38.16
20.35	38.16
20.35	38.16
20.35	38.16
20.35	38.15
20.35	38.15
20.35	38.15
20.35	38.15
20.35	38.15
20.35	38.14
20.35	38.14
20.35	38.14
20.35	38.14
20.35	38.13
20.35	38.13
20.35	38.13
20.35	38.13
20.35	38.12
20.35	38.12
20.36	38.12
20.36	38.12
20.36	38.12
20.36	38.11
20.36	38.11
20.36	38.11
20.36	38.11
20.36	38.1
20.36	38.1
20.36	38.1
20.36	38.1
20.36	38.1
20.36	38.09
20.36	38.09
20.36	38.09
20.36	38.09
20.36	38.08
20.36	38.08
20.36	38.08
20.36	38.08
20.37	38.07
20.37	38.07
20.37	38.07
20.37	38.07
20.37	38.07
20.37	38.06
20.37	38.06
20.37	38.06
20.37	38.06
20.37	38.05
20.37	38.05
20.37	38.05
20.37	38.05
20.37	38.05
20.37	38.04
20.37	38.04
20.37	38.04
20.37	38.04
20.37	38.03
20.38	38.03
20.38	38.03
20.38	38.03
20.38	38.03
20.38	38.02
20.38	38.02
20.38	38.02
20.38	38.02
20.38	38.01
20.38	38.01
20.38	38.01
20.38	38.01
20.38	38
20.38	38
20.38	38
20.38	38
20.38	38
20.38	37.99
20.38	37.99
20.38	37.99
20.39	37.99
20.39	37.98
20.39	37.98
20.39	37.98
20.39	37.98
20.39	37.98
20.39	37.97
20.39	37.97
20.39	37.97
20.39	37.97
20.39	37.96
20.39	37.96
20.39	37.96
20.39	37.96
20.39	37.96
20.39	37.95
20.39	37.95
20.39	37.95
20.39	37.95
20.39	37.94
20.4	37.94
20.4	37.94
20.4	37.94
20.4	37.94
20.4	37.93
20.4	37.93
20.4	37.93
20.4	37.93
20.4	37.92
20.4	37.92
20.4	37.92
20.4	37.92
20.4	37.91
20.4	37.91
20.4	37.91
20.4	37.91
20.4	37.91
20.4	37.9
20.4	37.9
20.4	37.9
20.41	37.9
20.41	37.89
20.41	37.89
20.41	37.89
20.41	37.89
20.41	37.89
20.41	37.88
20.41	37.88
20.41	37.88
20.41	37.88
20.41	37.87
20.41	37.87
20.41	37.87
20.41	37.87
20.41	37.87
20.41	37.86
20.41	37.86
20.41	37.86
20.41	37.86
20.41	37.85
20.42	37.85
20.42	37.85
20.42	37.85
20.42	37.85
20.42	37.84
20.42	37.84
20.42	37.84
20.42	37.84
20.42	37.83
20.42	37.83
20.42	37.83
20.42	37.83
20.42	37.83
20.42	37.82
20.42	37.82
20.42	37.82
20.42	37.82
20.42	37.81
20.42	37.81
20.42	37.81
20.42	37.81
20.43	37.81
20.43	37.8
20.43	37.8
20.43	37.8
20.43	37.8
20.43	37.79
20.43	37.79
20.43	37.79
20.43	37.79
20.43	37.79
20.43	37.78
20.43	37.78
20.43	37.78
20.43	37.78
20.43	37.77
20.43	37.77
20.43	37.77
20.43	37.77
20.43	37.77
20.43	37.76
20.44	37.76
20.44	37.76
20.44	37.76
20.44	37.76
20.44	37.75
20.44	37.75
20.44	37.75
20.44	37.75
20.44	37.74
20.44	37.74
20.44	37.74
20.44	37.74
20.44	37.74
20.44	37.73
20.44	37.73
20.44	37.73
20.44	37.73
20.44	37.72
20.44	37.72
20.44	37.72
20.45	37.72
20.45	37.72
20.45	37.71
20.45	37.71
20.45	37.71
20.45	37.71
20.45	37.7
20.45	37.7
20.45	37.7
20.45	37.7
20.45	37.7
20.45	37.69
20.45	37.69
20.45	37.69
20.45	37.69
20.45	37.68
20.45	37.68
20.45	37.68
20.45	37.68
20.45	37.68
20.46	37.67
20.46	37.67
20.46	37.67
20.46	37.67
20.46	37.67
20.46	37.66
20.46	37.66
20.46	37.66
20.46	37.66
20.46	37.65
20.46	37.65
20.46	37.65
20.46	37.65
20.46	37.65
20.46	37.64
20.46	37.64
20.46	37.64
20.46	37.64
20.46	37.63
20.47	37.63
20.47	37.63
20.47	37.63
20.47	37.63
20.47	37.62
20.47	37.62
20.47	37.62
20.47	37.62
20.47	37.61
20.47	37.61
20.47	37.61
20.47	37.61
20.47	37.61
20.47	37.6
20.47	37.6
20.47	37.6
20.47	37.6
20.47	37.6
20.47	37.59
20.47	37.59
20.48	37.59
20.48	37.59
20.48	37.58
20.48	37.58
20.48	37.58
20.48	37.58
20.48	37.58
20.48	37.57
20.48	37.57
20.48	37.57
20.48	37.57
20.48	37.56
20.48	37.56
20.48	37.56
20.48	37.56
20.48	37.56
20.48	37.55
20.48	37.55
20.48	37.55
20.48	37.55
20.49	37.55
20.49	37.54
20.49	37.54
20.49	37.54
20.49	37.54
20.49	37.53
20.49	37.53
20.49	37.53
20.49	37.53
20.49	37.53
20.49	37.52
20.49	37.52
20.49	37.52
20.49	37.52
20.49	37.52
20.49	37.51
20.49	37.51
20.49	37.51
20.49	37.51
20.49	37.5
20.5	37.5
20.5	37.5
20.5	37.5
20.5	37.5
20.5	37.49
20.5	37.49
20.5	37.49
20.5	37.49
20.5	37.49
20.5	37.48
20.5	37.48
20.5	37.48
20.5	37.48
20.5	37.47
20.5	37.47
20.5	37.47
20.5	37.47
20.5	37.47
20.5	37.46
20.5	37.46
20.5	37.46
20.51	37.46
20.51	37.46
20.51	37.45
20.51	37.45
20.51	37.45
20.51	37.45
20.51	37.44
20.51	37.44
20.51	37.44
20.51	37.44
20.51	37.44
20.51	37.43
20.51	37.43
20.51	37.43
20.51	37.43
20.51	37.43
20.51	37.42
20.51	37.42
20.51	37.42
20.51	37.42
20.52	37.41
20.52	37.41
20.52	37.41
20.52	37.41
20.52	37.41
20.52	37.4
20.52	37.4
20.52	37.4
20.52	37.4
20.52	37.4
20.52	37.39
20.52	37.39
20.52	37.39
20.52	37.39
20.52	37.38
20.52	37.38
20.52	37.38
20.52	37.38
20.52	37.38
20.52	37.37
20.53	37.37
20.53	37.37
20.53	37.37
20.53	37.37
20.53	37.36
20.53	37.36
20.53	37.36
20.53	37.36
20.53	37.35
20.53	37.35
20.53	37.35
20.53	37.35
20.53	37.35
20.53	37.34
20.53	37.34
20.53	37.34
20.53	37.34
20.53	37.34
20.53	37.33
20.53	37.33
20.54	37.33
20.54	37.33
20.54	37.33
20.54	37.32
20.54	37.32
20.54	37.32
20.54	37.32
20.54	37.31
20.54	37.31
20.54	37.31
20.54	37.31
20.54	37.31
20.54	37.3
20.54	37.3
20.54	37.3
20.54	37.3
20.54	37.3
20.54	37.29
20.54	37.29
20.55	37.29
20.55	37.29
20.55	37.29
20.55	37.28
20.55	37.28
20.55	37.28
20.55	37.28
20.55	37.27
20.55	37.27
20.55	37.27
20.55	37.27
20.55	37.27
20.55	37.26
20.55	37.26
20.55	37.26
20.55	37.26
20.55	37.26
20.55	37.25
20.55	37.25
20.55	37.25
20.56	37.25
20.56	37.25
20.56	37.24
20.56	37.24
20.56	37.24
20.56	37.24
20.56	37.23
20.56	37.23
20.56	37.23
20.56	37.23
20.56	37.23
20.56	37.22
20.56	37.22
20.56	37.22
20.56	37.22
20.56	37.22
20.56	37.21
20.56	37.21
20.56	37.21
20.56	37.21
20.57	37.21
20.57	37.2
20.57	37.2
20.57	37.2
20.57	37.2
20.57	37.19
20.57	37.19
20.57	37.19
20.57	37.19
20.57	37.19
20.57	37.18
20.57	37.18
20.57	37.18
20.57	37.18
20.57	37.18
20.57	37.17
20.57	37.17
20.57	37.17
20.57	37.17
20.57	37.17
20.58	37.16
20.58	37.16
20.58	37.16
20.58	37.16
20.58	37.16
20.58	37.15
20.58	37.15
20.58	37.15
20.58	37.15
20.58	37.14
20.58	37.14
20.58	37.14
20.58	37.14
20.58	37.14
20.58	37.13
20.58	37.13
20.58	37.13
20.58	37.13
20.58	37.13
20.58	37.12
20.58	37.12
20.59	37.12
20.59	37.12
20.59	37.12
20.59	37.11
20.59	37.11
20.59	37.11
20.59	37.11
20.59	37.11
20.59	37.1
20.59	37.1
20.59	37.1
20.59	37.1
20.59	37.1
20.59	37.09
20.59	37.09
20.59	37.09
20.59	37.09
20.59	37.08
20.59	37.08
20.59	37.08
20.6	37.08
20.6	37.08
20.6	37.07
20.6	37.07
20.6	37.07
20.6	37.07
20.6	37.07
20.6	37.06
20.6	37.06
20.6	37.06
20.6	37.06
20.6	37.06
20.6	37.05
20.6	37.05
20.6	37.05
20.6	37.05
20.6	37.05
20.6	37.04
20.6	37.04
20.6	37.04
20.61	37.04
20.61	37.04
20.61	37.03
20.61	37.03
20.61	37.03
20.61	37.03
20.61	37.02
20.61	37.02
20.61	37.02
20.61	37.02
20.61	37.02
20.61	37.01
20.61	37.01
20.61	37.01
20.61	37.01
20.61	37.01
20.61	37
20.61	37
20.61	37
20.61	37
20.62	37
20.62	36.99
20.62	36.99
20.62	36.99
20.62	36.99
20.62	36.99
20.62	36.98
20.62	36.98
20.62	36.98
20.62	36.98
20.62	36.98
20.62	36.97
20.62	36.97
20.62	36.97
20.62	36.97
20.62	36.97
20.62	36.96
20.62	36.96
20.62	36.96
20.62	36.96
20.63	36.96
20.63	36.95
20.63	36.95
20.63	36.95
20.63	36.95
20.63	36.95
20.63	36.94
20.63	36.94
20.63	36.94
20.63	36.94
20.63	36.93
20.63	36.93
20.63	36.93
20.63	36.93
20.63	36.93
20.63	36.92
20.63	36.92
20.63	36.92
20.63	36.92
20.64	36.92
20.64	36.91
20.64	36.91
20.64	36.91
20.64	36.91
20.64	36.91
20.64	36.9
20.64	36.9
20.64	36.9
20.64	36.9
20.64	36.9
20.64	36.89
20.64	36.89
20.64	36.89
20.64	36.89
20.64	36.89
20.64	36.88
20.64	36.88
20.64	36.88
20.64	36.88
20.65	36.88
20.65	36.87
20.65	36.87
20.65	36.87
20.65	36.87
20.65	36.87
20.65	36.86
20.65	36.86
20.65	36.86
20.65	36.86
20.65	36.86
20.65	36.85
20.65	36.85
20.65	36.85
20.65	36.85
20.65	36.85
20.65	36.84
20.65	36.84
20.65	36.84
20.65	36.84
20.66	36.84
20.66	36.83
20.66	36.83
20.66	36.83
20.66	36.83
20.66	36.83
20.66	36.82
20.66	36.82
20.66	36.82
20.66	36.82
20.66	36.82
20.66	36.81
20.66	36.81
20.66	36.81
20.66	36.81
20.66	36.81
20.66	36.8
20.66	36.8
20.66	36.8
20.66	36.8
20.67	36.8
20.67	36.79
20.67	36.79
20.67	36.79
20.67	36.79
20.67	36.79
20.67	36.78
20.67	36.78
20.67	36.78
20.67	36.78
20.67	36.78
20.67	36.77
20.67	36.77
20.67	36.77
20.67	36.77
20.67	36.77
20.67	36.76
20.67	36.76
20.67	36.76
20.67	36.76
20.67	36.76
20.68	36.75
20.68	36.75
20.68	36.75
20.68	36.75
20.68	36.75
20.68	36.74
20.68	36.74
20.68	36.74
20.68	36.74
20.68	36.74
20.68	36.73
20.68	36.73
20.68	36.73
20.68	36.73
20.68	36.73
20.68	36.72
20.68	36.72
20.68	36.72
20.68	36.72
20.68	36.72
20.69	36.71
20.69	36.71
20.69	36.71
20.69	36.71
20.69	36.71
20.69	36.7
20.69	36.7
20.69	36.7
20.69	36.7
20.69	36.7
20.69	36.69
20.69	36.69
20.69	36.69
20.69	36.69
20.69	36.69
20.69	36.68
20.69	36.68
20.69	36.68
20.69	36.68
20.69	36.68
20.7	36.67
20.7	36.67
20.7	36.67
20.7	36.67
20.7	36.67
20.7	36.66
20.7	36.66
20.7	36.66
20.7	36.66
20.7	36.66
20.7	36.65
20.7	36.65
20.7	36.65
20.7	36.65
20.7	36.65
20.7	36.64
20.7	36.64
20.7	36.64
20.7	36.64
20.7	36.64
20.71	36.63
20.71	36.63
20.71	36.63
20.71	36.63
20.71	36.63
20.71	36.62
20.71	36.62
20.71	36.62
20.71	36.62
20.71	36.62
20.71	36.61
20.71	36.61
20.71	36.61
20.71	36.61
20.71	36.61
20.71	36.6
20.71	36.6
20.71	36.6
20.71	36.6
20.72	36.6
20.72	36.59
20.72	36.59
20.72	36.59
20.72	36.59
20.72	36.59
20.72	36.58
20.72	36.58
20.72	36.58
20.72	36.58
20.72	36.58
20.72	36.58
20.72	36.57
20.72	36.57
20.72	36.57
20.72	36.57
20.72	36.57
20.72	36.56
20.72	36.56
20.72	36.56
20.73	36.56
20.73	36.56
20.73	36.55
20.73	36.55
20.73	36.55
20.73	36.55
20.73	36.55
20.73	36.54
20.73	36.54
20.73	36.54
20.73	36.54
20.73	36.54
20.73	36.53
20.73	36.53
20.73	36.53
20.73	36.53
20.73	36.53
20.73	36.52
20.73	36.52
20.73	36.52
20.74	36.52
20.74	36.52
20.74	36.51
20.74	36.51
20.74	36.51
20.74	36.51
20.74	36.51
20.74	36.5
20.74	36.5
20.74	36.5
20.74	36.5
20.74	36.5
20.74	36.5
20.74	36.49
20.74	36.49
20.74	36.49
20.74	36.49
20.74	36.49
20.74	36.48
20.74	36.48
20.75	36.48
20.75	36.48
20.75	36.48
20.75	36.47
20.75	36.47
20.75	36.47
20.75	36.47
20.75	36.47
20.75	36.46
20.75	36.46
20.75	36.46
20.75	36.46
20.75	36.46
20.75	36.45
20.75	36.45
20.75	36.45
20.75	36.45
20.75	36.45
20.75	36.44
20.75	36.44
20.75	36.44
20.76	36.44
20.76	36.44
20.76	36.43
20.76	36.43
20.76	36.43
20.76	36.43
20.76	36.43
20.76	36.43
20.76	36.42
20.76	36.42
20.76	36.42
20.76	36.42
20.76	36.42
20.76	36.41
20.76	36.41
20.76	36.41
20.76	36.41
20.76	36.41
20.76	36.4
20.76	36.4
20.77	36.4
20.77	36.4
20.77	36.4
20.77	36.39
20.77	36.39
20.77	36.39
20.77	36.39
20.77	36.39
20.77	36.38
20.77	36.38
20.77	36.38
20.77	36.38
20.77	36.38
20.77	36.38
20.77	36.37
20.77	36.37
20.77	36.37
20.77	36.37
20.77	36.37
20.77	36.36
20.78	36.36
20.78	36.36
20.78	36.36
20.78	36.36
20.78	36.35
20.78	36.35
20.78	36.35
20.78	36.35
20.78	36.35
20.78	36.34
20.78	36.34
20.78	36.34
20.78	36.34
20.78	36.34
20.78	36.33
20.78	36.33
20.78	36.33
20.78	36.33
20.78	36.33
20.78	36.33
20.79	36.32
20.79	36.32
20.79	36.32
20.79	36.32
20.79	36.32
20.79	36.31
20.79	36.31
20.79	36.31
20.79	36.31
20.79	36.31
20.79	36.3
20.79	36.3
20.79	36.3
20.79	36.3
20.79	36.3
20.79	36.29
20.79	36.29
20.79	36.29
20.79	36.29
20.8	36.29
20.8	36.29
20.8	36.28
20.8	36.28
20.8	36.28
20.8	36.28
20.8	36.28
20.8	36.27
20.8	36.27
20.8	36.27
20.8	36.27
20.8	36.27
20.8	36.26
20.8	36.26
20.8	36.26
20.8	36.26
20.8	36.26
20.8	36.25
20.8	36.25
20.8	36.25
20.81	36.25
20.81	36.25
20.81	36.25
20.81	36.24
20.81	36.24
20.81	36.24
20.81	36.24
20.81	36.24
20.81	36.23
20.81	36.23
20.81	36.23
20.81	36.23
20.81	36.23
20.81	36.22
20.81	36.22
20.81	36.22
20.81	36.22
20.81	36.22
20.81	36.22
20.81	36.21
20.82	36.21
20.82	36.21
20.82	36.21
20.82	36.21
20.82	36.2
20.82	36.2
20.82	36.2
20.82	36.2
20.82	36.2
20.82	36.19
20.82	36.19
20.82	36.19
20.82	36.19
20.82	36.19
20.82	36.19
20.82	36.18
20.82	36.18
20.82	36.18
20.82	36.18
20.82	36.18
20.83	36.17
20.83	36.17
20.83	36.17
20.83	36.17
20.83	36.17
20.83	36.16
20.83	36.16
20.83	36.16
20.83	36.16
20.83	36.16
20.83	36.16
20.83	36.15
20.83	36.15
20.83	36.15
20.83	36.15
20.83	36.15
20.83	36.14
20.83	36.14
20.83	36.14
20.83	36.14
20.83	36.14
20.84	36.13
20.84	36.13
20.84	36.13
20.84	36.13
20.84	36.13
20.84	36.13
20.84	36.12
20.84	36.12
20.84	36.12
20.84	36.12
20.84	36.12
20.84	36.11
20.84	36.11
20.84	36.11
20.84	36.11
20.84	36.11
20.84	36.1
20.84	36.1
20.84	36.1
20.84	36.1
20.85	36.1
20.85	36.1
20.85	36.09
20.85	36.09
20.85	36.09
20.85	36.09
20.85	36.09
20.85	36.08
20.85	36.08
20.85	36.08
20.85	36.08
20.85	36.08
20.85	36.07
20.85	36.07
20.85	36.07
20.85	36.07
20.85	36.07
20.85	36.07
20.85	36.06
20.85	36.06
20.86	36.06
20.86	36.06
20.86	36.06
20.86	36.05
20.86	36.05
20.86	36.05
20.86	36.05
20.86	36.05
20.86	36.05
20.86	36.04
20.86	36.04
20.86	36.04
20.86	36.04
20.86	36.04
20.86	36.03
20.86	36.03
20.86	36.03
20.86	36.03
20.86	36.03
20.86	36.02
20.87	36.02
20.87	36.02
20.87	36.02
20.87	36.02
20.87	36.02
20.87	36.01
20.87	36.01
20.87	36.01
20.87	36.01
20.87	36.01
20.87	36
20.87	36
20.87	36
20.87	36
20.87	36
20.87	36
20.87	35.99
20.87	35.99
20.87	35.99
20.88	35.99
20.88	35.99
20.88	35.98
20.88	35.98
20.88	35.98
20.88	35.98
20.88	35.98
20.88	35.97
20.88	35.97
20.88	35.97
20.88	35.97
20.88	35.97
20.88	35.97
20.88	35.96
20.88	35.96
20.88	35.96
20.88	35.96
20.88	35.96
20.88	35.95
20.88	35.95
20.89	35.95
20.89	35.95
20.89	35.95
20.89	35.95
20.89	35.94
20.89	35.94
20.89	35.94
20.89	35.94
20.89	35.94
20.89	35.93
20.89	35.93
20.89	35.93
20.89	35.93
20.89	35.93
20.89	35.93
20.89	35.92
20.89	35.92
20.89	35.92
20.89	35.92
20.89	35.92
20.9	35.91
20.9	35.91
20.9	35.91
20.9	35.91
20.9	35.91
20.9	35.91
20.9	35.9
20.9	35.9
20.9	35.9
20.9	35.9
20.9	35.9
20.9	35.89
20.9	35.89
20.9	35.89
20.9	35.89
20.9	35.89
20.9	35.89
20.9	35.88
20.9	35.88
20.9	35.88
20.91	35.88
20.91	35.88
20.91	35.87
20.91	35.87
20.91	35.87
20.91	35.87
20.91	35.87
20.91	35.87
20.91	35.86
20.91	35.86
20.91	35.86
20.91	35.86
20.91	35.86
20.91	35.85
20.91	35.85
20.91	35.85
20.91	35.85
20.91	35.85
20.91	35.85
20.91	35.84
20.92	35.84
20.92	35.84
20.92	35.84
20.92	35.84
20.92	35.83
20.92	35.83
20.92	35.83
20.92	35.83
20.92	35.83
20.92	35.83
20.92	35.82
20.92	35.82
20.92	35.82
20.92	35.82
20.92	35.82
20.92	35.81
20.92	35.81
20.92	35.81
20.92	35.81
20.92	35.81
20.92	35.81
20.93	35.8
20.93	35.8
20.93	35.8
20.93	35.8
20.93	35.8
20.93	35.79
20.93	35.79
20.93	35.79
20.93	35.79
20.93	35.79
20.93	35.79
20.93	35.78
20.93	35.78
20.93	35.78
20.93	35.78
20.93	35.78
20.93	35.77
20.93	35.77
20.93	35.77
20.93	35.77
20.94	35.77
20.94	35.77
20.94	35.76
20.94	35.76
20.94	35.76
20.94	35.76
20.94	35.76
20.94	35.76
20.94	35.75
20.94	35.75
20.94	35.75
20.94	35.75
20.94	35.75
20.94	35.74
20.94	35.74
20.94	35.74
20.94	35.74
20.94	35.74
20.94	35.74
20.94	35.73
20.95	35.73
20.95	35.73
20.95	35.73
20.95	35.73
20.95	35.72
20.95	35.72
20.95	35.72
20.95	35.72
20.95	35.72
20.95	35.72
20.95	35.71
20.95	35.71
20.95	35.71
20.95	35.71
20.95	35.71
20.95	35.71
20.95	35.7
20.95	35.7
20.95	35.7
20.95	35.7
20.96	35.7
20.96	35.69
20.96	35.69
20.96	35.69
20.96	35.69
20.96	35.69
20.96	35.69
20.96	35.68
20.96	35.68
20.96	35.68
20.96	35.68
20.96	35.68
20.96	35.67
20.96	35.67
20.96	35.67
20.96	35.67
20.96	35.67
20.96	35.67
20.96	35.66
20.97	35.66
20.97	35.66
20.97	35.66
20.97	35.66
20.97	35.66
20.97	35.65
20.97	35.65
20.97	35.65
20.97	35.65
20.97	35.65
20.97	35.64
20.97	35.64
20.97	35.64
20.97	35.64
20.97	35.64
20.97	35.64
20.97	35.63
20.97	35.63
20.97	35.63
20.97	35.63
20.98	35.63
20.98	35.63
20.98	35.62
20.98	35.62
20.98	35.62
20.98	35.62
20.98	35.62
20.98	35.61
20.98	35.61
20.98	35.61
20.98	35.61
20.98	35.61
20.98	35.61
20.98	35.6
20.98	35.6
20.98	35.6
20.98	35.6
20.98	35.6
20.98	35.6
20.98	35.59
20.99	35.59
20.99	35.59
20.99	35.59
20.99	35.59
20.99	35.58
20.99	35.58
20.99	35.58
20.99	35.58
20.99	35.58
20.99	35.58
20.99	35.57
20.99	35.57
20.99	35.57
20.99	35.57
20.99	35.57
20.99	35.57
20.99	35.56
20.99	35.56
20.99	35.56
20.99	35.56
21	35.56
21	35.55
21	35.55
21	35.55
21	35.55
21	35.55
21	35.55
21	35.54
21	35.54
21	35.54
21	35.54
21	35.54
21	35.54
21	35.53
21	35.53
21	35.53
21	35.53
21	35.53
21	35.53
21	35.52
21	35.52
21.01	35.52
21.01	35.52
21.01	35.52
21.01	35.51
21.01	35.51
21.01	35.51
21.01	35.51
21.01	35.51
21.01	35.51
21.01	35.5
21.01	35.5
21.01	35.5
21.01	35.5
21.01	35.5
21.01	35.5
21.01	35.49
21.01	35.49
21.01	35.49
21.01	35.49
21.01	35.49
21.02	35.48
21.02	35.48
21.02	35.48
21.02	35.48
21.02	35.48
21.02	35.48
21.02	35.47
21.02	35.47
21.02	35.47
21.02	35.47
21.02	35.47
21.02	35.47
21.02	35.46
21.02	35.46
21.02	35.46
21.02	35.46
21.02	35.46
21.02	35.46
21.02	35.45
21.02	35.45
21.03	35.45
21.03	35.45
21.03	35.45
21.03	35.45
21.03	35.44
21.03	35.44
21.03	35.44
21.03	35.44
21.03	35.44
21.03	35.43
21.03	35.43
21.03	35.43
21.03	35.43
21.03	35.43
21.03	35.43
21.03	35.42
21.03	35.42
21.03	35.42
21.03	35.42
21.03	35.42
21.04	35.42
21.04	35.41
21.04	35.41
21.04	35.41
21.04	35.41
21.04	35.41
21.04	35.41
21.04	35.4
21.04	35.4
21.04	35.4
21.04	35.4
21.04	35.4
21.04	35.4
21.04	35.39
21.04	35.39
21.04	35.39
21.04	35.39
21.04	35.39
21.04	35.38
21.05	35.38
21.05	35.38
21.05	35.38
21.05	35.38
21.05	35.38
21.05	35.37
21.05	35.37
21.05	35.37
21.05	35.37
21.05	35.37
21.05	35.37
21.05	35.36
21.05	35.36
21.05	35.36
21.05	35.36
21.05	35.36
21.05	35.36
21.05	35.35
21.05	35.35
21.05	35.35
21.06	35.35
21.06	35.35
21.06	35.35
21.06	35.34
21.06	35.34
21.06	35.34
21.06	35.34
21.06	35.34
21.06	35.34
21.06	35.33
21.06	35.33
21.06	35.33
21.06	35.33
21.06	35.33
21.06	35.32
21.06	35.32
21.06	35.32
21.06	35.32
21.06	35.32
21.06	35.32
21.07	35.31
21.07	35.31
21.07	35.31
21.07	35.31
21.07	35.31
21.07	35.31
21.07	35.3
21.07	35.3
21.07	35.3
21.07	35.3
21.07	35.3
21.07	35.3
21.07	35.29
21.07	35.29
21.07	35.29
21.07	35.29
21.07	35.29
21.07	35.29
21.07	35.28
21.07	35.28
21.08	35.28
21.08	35.28
21.08	35.28
21.08	35.28
21.08	35.27
21.08	35.27
21.08	35.27
21.08	35.27
21.08	35.27
21.08	35.27
21.08	35.26
21.08	35.26
21.08	35.26
21.08	35.26
21.08	35.26
21.08	35.26
21.08	35.25
21.08	35.25
21.08	35.25
21.08	35.25
21.08	35.25
21.09	35.25
21.09	35.24
21.09	35.24
21.09	35.24
21.09	35.24
21.09	35.24
21.09	35.23
21.09	35.23
21.09	35.23
21.09	35.23
21.09	35.23
21.09	35.23
21.09	35.22
21.09	35.22
21.09	35.22
21.09	35.22
21.09	35.22
21.09	35.22
21.09	35.21
21.09	35.21
21.1	35.21
21.1	35.21
21.1	35.21
21.1	35.21
21.1	35.2
21.1	35.2
21.1	35.2
21.1	35.2
21.1	35.2
21.1	35.2
21.1	35.19
21.1	35.19
21.1	35.19
21.1	35.19
21.1	35.19
21.1	35.19
21.1	35.18
21.1	35.18
21.1	35.18
21.1	35.18
21.11	35.18
21.11	35.18
21.11	35.17
21.11	35.17
21.11	35.17
21.11	35.17
21.11	35.17
21.11	35.17
21.11	35.16
21.11	35.16
21.11	35.16
21.11	35.16
21.11	35.16
21.11	35.16
21.11	35.15
21.11	35.15
21.11	35.15
21.11	35.15
21.11	35.15
21.11	35.15
21.12	35.14
21.12	35.14
21.12	35.14
21.12	35.14
21.12	35.14
21.12	35.14
21.12	35.13
21.12	35.13
21.12	35.13
21.12	35.13
21.12	35.13
21.12	35.13
21.12	35.12
21.12	35.12
21.12	35.12
21.12	35.12
21.12	35.12
21.12	35.12
21.12	35.11
21.12	35.11
21.13	35.11
21.13	35.11
21.13	35.11
21.13	35.11
21.13	35.1
21.13	35.1
21.13	35.1
21.13	35.1
21.13	35.1
21.13	35.1
21.13	35.09
21.13	35.09
21.13	35.09
21.13	35.09
21.13	35.09
21.13	35.09
21.13	35.08
21.13	35.08
21.13	35.08
21.14	35.08
21.14	35.08
21.14	35.08
21.14	35.07
21.14	35.07
21.14	35.07
21.14	35.07
21.14	35.07
21.14	35.07
21.14	35.06
21.14	35.06
21.14	35.06
21.14	35.06
21.14	35.06
21.14	35.06
21.14	35.05
21.14	35.05
21.14	35.05
21.14	35.05
21.14	35.05
21.15	35.05
21.15	35.04
21.15	35.04
21.15	35.04
21.15	35.04
21.15	35.04
21.15	35.04
21.15	35.03
21.15	35.03
21.15	35.03
21.15	35.03
21.15	35.03
21.15	35.03
21.15	35.03
21.15	35.02
21.15	35.02
21.15	35.02
21.15	35.02
21.15	35.02
21.15	35.02
21.16	35.01
21.16	35.01
21.16	35.01
21.16	35.01
21.16	35.01
21.16	35.01
21.16	35
21.16	35
21.16	35
21.16	35
21.16	35
21.16	35
21.16	34.99
21.16	34.99
21.16	34.99
21.16	34.99
21.16	34.99
21.16	34.99
21.16	34.98
21.16	34.98
21.17	34.98
21.17	34.98
21.17	34.98
21.17	34.98
21.17	34.97
21.17	34.97
21.17	34.97
21.17	34.97
21.17	34.97
21.17	34.97
21.17	34.96
21.17	34.96
21.17	34.96
21.17	34.96
21.17	34.96
21.17	34.96
21.17	34.95
21.17	34.95
21.17	34.95
21.17	34.95
21.17	34.95
21.18	34.95
21.18	34.94
21.18	34.94
21.18	34.94
21.18	34.94
21.18	34.94
21.18	34.94
21.18	34.94
21.18	34.93
21.18	34.93
21.18	34.93
21.18	34.93
21.18	34.93
21.18	34.93
21.18	34.92
21.18	34.92
21.18	34.92
21.18	34.92
21.18	34.92
21.18	34.92
21.19	34.91
21.19	34.91
21.19	34.91
21.19	34.91
21.19	34.91
21.19	34.91
21.19	34.9
21.19	34.9
21.19	34.9
21.19	34.9
21.19	34.9
21.19	34.9
21.19	34.89
21.19	34.89
21.19	34.89
21.19	34.89
21.19	34.89
21.19	34.89
21.19	34.88
21.19	34.88
21.2	34.88
21.2	34.88
21.2	34.88
21.2	34.88
21.2	34.88
21.2	34.87
21.2	34.87
21.2	34.87
21.2	34.87
21.2	34.87
21.2	34.87
21.2	34.86
21.2	34.86
21.2	34.86
21.2	34.86
21.2	34.86
21.2	34.86
21.2	34.85
21.2	34.85
21.2	34.85
21.21	34.85
21.21	34.85
21.21	34.85
21.21	34.84
21.21	34.84
21.21	34.84
21.21	34.84
21.21	34.84
21.21	34.84
21.21	34.84
21.21	34.83
21.21	34.83
21.21	34.83
21.21	34.83
21.21	34.83
21.21	34.83
21.21	34.82
21.21	34.82
21.21	34.82
21.22	34.82
21.22	34.82
21.22	34.82
21.22	34.81
21.22	34.81
21.22	34.81
21.22	34.81
21.22	34.81
21.22	34.81
21.22	34.8
21.22	34.8
21.22	34.8
21.22	34.8
21.22	34.8
21.22	34.8
21.22	34.8
21.22	34.79
21.22	34.79
21.22	34.79
21.22	34.79
21.23	34.79
21.23	34.79
21.23	34.78
21.23	34.78
21.23	34.78
21.23	34.78
21.23	34.78
21.23	34.78
21.23	34.77
21.23	34.77
21.23	34.77
21.23	34.77
21.23	34.77
21.23	34.77
21.23	34.76
21.23	34.76
21.23	34.76
21.23	34.76
21.23	34.76
21.23	34.76
21.24	34.76
21.24	34.75
21.24	34.75
21.24	34.75
21.24	34.75
21.24	34.75
21.24	34.75
21.24	34.74
21.24	34.74
21.24	34.74
21.24	34.74
21.24	34.74
21.24	34.74
21.24	34.73
21.24	34.73
21.24	34.73
21.24	34.73
21.24	34.73
21.24	34.73
21.24	34.73
21.25	34.72
21.25	34.72
21.25	34.72
21.25	34.72
21.25	34.72
21.25	34.72
21.25	34.71
21.25	34.71
21.25	34.71
21.25	34.71
21.25	34.71
21.25	34.71
21.25	34.7
21.25	34.7
21.25	34.7
21.25	34.7
21.25	34.7
21.25	34.7
21.25	34.7
21.25	34.69
21.25	34.69
21.26	34.69
21.26	34.69
21.26	34.69
21.26	34.69
21.26	34.68
21.26	34.68
21.26	34.68
21.26	34.68
21.26	34.68
21.26	34.68
21.26	34.67
21.26	34.67
21.26	34.67
21.26	34.67
21.26	34.67
21.26	34.67
21.26	34.67
21.26	34.66
21.26	34.66
21.26	34.66
21.27	34.66
21.27	34.66
21.27	34.66
21.27	34.65
21.27	34.65
21.27	34.65
21.27	34.65
21.27	34.65
21.27	34.65
21.27	34.64
21.27	34.64
21.27	34.64
21.27	34.64
21.27	34.64
21.27	34.64
21.27	34.64
21.27	34.63
21.27	34.63
21.27	34.63
21.27	34.63
21.28	34.63
21.28	34.63
21.28	34.62
21.28	34.62
21.28	34.62
21.28	34.62
21.28	34.62
21.28	34.62
21.28	34.62
21.28	34.61
21.28	34.61
21.28	34.61
21.28	34.61
21.28	34.61
21.28	34.61
21.28	34.6
21.28	34.6
21.28	34.6
21.28	34.6
21.28	34.6
21.29	34.6
21.29	34.59
21.29	34.59
21.29	34.59
21.29	34.59
21.29	34.59
21.29	34.59
21.29	34.59
21.29	34.58
21.29	34.58
21.29	34.58
21.29	34.58
21.29	34.58
21.29	34.58
21.29	34.57
21.29	34.57
21.29	34.57
21.29	34.57
21.29	34.57
21.3	34.57
21.3	34.57
21.3	34.56
21.3	34.56
21.3	34.56
21.3	34.56
21.3	34.56
21.3	34.56
21.3	34.55
21.3	34.55
21.3	34.55
21.3	34.55
21.3	34.55
21.3	34.55
21.3	34.55
21.3	34.54
21.3	34.54
21.3	34.54
21.3	34.54
21.3	34.54
21.31	34.54
21.31	34.53
21.31	34.53
21.31	34.53
21.31	34.53
21.31	34.53
21.31	34.53
21.31	34.53
21.31	34.52
21.31	34.52
21.31	34.52
21.31	34.52
21.31	34.52
21.31	34.52
21.31	34.51
21.31	34.51
21.31	34.51
21.31	34.51
21.31	34.51
21.31	34.51
21.32	34.51
21.32	34.5
21.32	34.5
21.32	34.5
21.32	34.5
21.32	34.5
21.32	34.5
21.32	34.49
21.32	34.49
21.32	34.49
21.32	34.49
21.32	34.49
21.32	34.49
21.32	34.49
21.32	34.48
21.32	34.48
21.32	34.48
21.32	34.48
21.32	34.48
21.32	34.48
21.33	34.47
21.33	34.47
21.33	34.47
21.33	34.47
21.33	34.47
21.33	34.47
21.33	34.47
21.33	34.46
21.33	34.46
21.33	34.46
21.33	34.46
21.33	34.46
21.33	34.46
21.33	34.45
21.33	34.45
21.33	34.45
21.33	34.45
21.33	34.45
21.33	34.45
21.33	34.45
21.33	34.44
21.34	34.44
21.34	34.44
21.34	34.44
21.34	34.44
21.34	34.44
21.34	34.43
21.34	34.43
21.34	34.43
21.34	34.43
21.34	34.43
21.34	34.43
21.34	34.43
21.34	34.42
21.34	34.42
21.34	34.42
21.34	34.42
21.34	34.42
21.34	34.42
21.34	34.42
21.34	34.41
21.35	34.41
21.35	34.41
21.35	34.41
21.35	34.41
21.35	34.41
21.35	34.4
21.35	34.4
21.35	34.4
21.35	34.4
21.35	34.4
21.35	34.4
21.35	34.4
21.35	34.39
21.35	34.39
21.35	34.39
21.35	34.39
21.35	34.39
21.35	34.39
21.35	34.38
21.35	34.38
21.36	34.38
21.36	34.38
21.36	34.38
21.36	34.38
21.36	34.38
21.36	34.37
21.36	34.37
21.36	34.37
21.36	34.37
21.36	34.37
21.36	34.37
21.36	34.37
21.36	34.36
21.36	34.36
21.36	34.36
21.36	34.36
21.36	34.36
21.36	34.36
21.36	34.35
21.36	34.35
21.37	34.35
21.37	34.35
21.37	34.35
21.37	34.35
21.37	34.35
21.37	34.34
21.37	34.34
21.37	34.34
21.37	34.34
21.37	34.34
21.37	34.34
21.37	34.33
21.37	34.33
21.37	34.33
21.37	34.33
21.37	34.33
21.37	34.33
21.37	34.33
21.37	34.32
21.38	34.32
21.38	34.32
21.38	34.32
21.38	34.32
21.38	34.32
21.38	34.32
21.38	34.31
21.38	34.31
21.38	34.31
21.38	34.31
21.38	34.31
21.38	34.31
21.38	34.31
21.38	34.3
21.38	34.3
21.38	34.3
21.38	34.3
21.38	34.3
21.38	34.3
21.38	34.29
21.39	34.29
21.39	34.29
21.39	34.29
21.39	34.29
21.39	34.29
21.39	34.29
21.39	34.28
21.39	34.28
21.39	34.28
21.39	34.28
21.39	34.28
21.39	34.28
21.39	34.28
21.39	34.27
21.39	34.27
21.39	34.27
21.39	34.27
21.39	34.27
21.39	34.27
21.39	34.26
21.4	34.26
21.4	34.26
21.4	34.26
21.4	34.26
21.4	34.26
21.4	34.26
21.4	34.25
21.4	34.25
21.4	34.25
21.4	34.25
21.4	34.25
21.4	34.25
21.4	34.25
21.4	34.24
21.4	34.24
21.4	34.24
21.4	34.24
21.4	34.24
21.4	34.24
21.4	34.24
21.41	34.23
21.41	34.23
21.41	34.23
21.41	34.23
21.41	34.23
21.41	34.23
21.41	34.22
21.41	34.22
21.41	34.22
21.41	34.22
21.41	34.22
21.41	34.22
21.41	34.22
21.41	34.21
21.41	34.21
21.41	34.21
21.41	34.21
21.41	34.21
21.41	34.21
21.41	34.21
21.42	34.2
21.42	34.2
21.42	34.2
21.42	34.2
21.42	34.2
21.42	34.2
21.42	34.2
21.42	34.19
21.42	34.19
21.42	34.19
21.42	34.19
21.42	34.19
21.42	34.19
21.42	34.18
21.42	34.18
21.42	34.18
21.42	34.18
21.42	34.18
21.42	34.18
21.42	34.18
21.42	34.17
21.43	34.17
21.43	34.17
21.43	34.17
21.43	34.17
21.43	34.17
21.43	34.17
21.43	34.16
21.43	34.16
21.43	34.16
21.43	34.16
21.43	34.16
21.43	34.16
21.43	34.16
21.43	34.15
21.43	34.15
21.43	34.15
21.43	34.15
21.43	34.15
21.43	34.15
21.43	34.15
21.44	34.14
21.44	34.14
21.44	34.14
21.44	34.14
21.44	34.14
21.44	34.14
21.44	34.13
21.44	34.13
21.44	34.13
21.44	34.13
21.44	34.13
21.44	34.13
21.44	34.13
21.44	34.12
21.44	34.12
21.44	34.12
21.44	34.12
21.44	34.12
21.44	34.12
21.44	34.12
21.45	34.11
21.45	34.11
21.45	34.11
21.45	34.11
21.45	34.11
21.45	34.11
21.45	34.11
21.45	34.1
21.45	34.1
21.45	34.1
21.45	34.1
21.45	34.1
21.45	34.1
21.45	34.1
21.45	34.09
21.45	34.09
21.45	34.09
21.45	34.09
21.45	34.09
21.45	34.09
21.46	34.09
21.46	34.08
21.46	34.08
21.46	34.08
21.46	34.08
21.46	34.08
21.46	34.08
21.46	34.08
21.46	34.07
21.46	34.07
21.46	34.07
21.46	34.07
21.46	34.07
21.46	34.07
21.46	34.07
21.46	34.06
21.46	34.06
21.46	34.06
21.46	34.06
21.47	34.06
21.47	34.06
21.47	34.06
21.47	34.05
21.47	34.05
21.47	34.05
21.47	34.05
21.47	34.05
21.47	34.05
21.47	34.04
21.47	34.04
21.47	34.04
21.47	34.04
21.47	34.04
21.47	34.04
21.47	34.04
21.47	34.03
21.47	34.03
21.47	34.03
21.47	34.03
21.48	34.03
21.48	34.03
21.48	34.03
21.48	34.02
21.48	34.02
21.48	34.02
21.48	34.02
21.48	34.02
21.48	34.02
21.48	34.02
21.48	34.01
21.48	34.01
21.48	34.01
21.48	34.01
21.48	34.01
21.48	34.01
21.48	34.01
21.48	34
21.48	34
21.48	34
21.49	34
21.49	34
21.49	34
21.49	34
21.49	33.99
21.49	33.99
21.49	33.99
21.49	33.99
21.49	33.99
21.49	33.99
21.49	33.99
21.49	33.98
21.49	33.98
21.49	33.98
21.49	33.98
21.49	33.98
21.49	33.98
21.49	33.98
21.49	33.97
21.49	33.97
21.5	33.97
21.5	33.97
21.5	33.97
21.5	33.97
21.5	33.97
21.5	33.96
21.5	33.96
21.5	33.96
21.5	33.96
21.5	33.96
21.5	33.96
21.5	33.96
21.5	33.95
21.5	33.95
21.5	33.95
21.5	33.95
21.5	33.95
21.5	33.95
21.5	33.95
21.5	33.94
21.5	33.94
21.51	33.94
21.51	33.94
21.51	33.94
21.51	33.94
21.51	33.94
21.51	33.93
21.51	33.93
21.51	33.93
21.51	33.93
21.51	33.93
21.51	33.93
21.51	33.93
21.51	33.92
21.51	33.92
21.51	33.92
21.51	33.92
21.51	33.92
21.51	33.92
21.51	33.92
21.51	33.91
21.52	33.91
21.52	33.91
21.52	33.91
21.52	33.91
21.52	33.91
21.52	33.91
21.52	33.9
21.52	33.9
21.52	33.9
21.52	33.9
21.52	33.9
21.52	33.9
21.52	33.9
21.52	33.9
21.52	33.89
21.52	33.89
21.52	33.89
21.52	33.89
21.52	33.89
21.52	33.89
21.53	33.89
21.53	33.88
21.53	33.88
21.53	33.88
21.53	33.88
21.53	33.88
21.53	33.88
21.53	33.88
21.53	33.87
21.53	33.87
21.53	33.87
21.53	33.87
21.53	33.87
21.53	33.87
21.53	33.87
21.53	33.86
21.53	33.86
21.53	33.86
21.53	33.86
21.53	33.86
21.54	33.86
21.54	33.86
21.54	33.85
21.54	33.85
21.54	33.85
21.54	33.85
21.54	33.85
21.54	33.85
21.54	33.85
21.54	33.84
21.54	33.84
21.54	33.84
21.54	33.84
21.54	33.84
21.54	33.84
21.54	33.84
21.54	33.83
21.54	33.83
21.54	33.83
21.55	33.83
21.55	33.83
21.55	33.83
21.55	33.83
21.55	33.82
21.55	33.82
21.55	33.82
21.55	33.82
21.55	33.82
21.55	33.82
21.55	33.82
21.55	33.82
21.55	33.81
21.55	33.81
21.55	33.81
21.55	33.81
21.55	33.81
21.55	33.81
21.55	33.81
21.55	33.8
21.56	33.8
21.56	33.8
21.56	33.8
21.56	33.8
21.56	33.8
21.56	33.8
21.56	33.79
21.56	33.79
21.56	33.79
21.56	33.79
21.56	33.79
21.56	33.79
21.56	33.79
21.56	33.78
21.56	33.78
21.56	33.78
21.56	33.78
21.56	33.78
21.56	33.78
21.56	33.78
21.57	33.77
21.57	33.77
21.57	33.77
21.57	33.77
21.57	33.77
21.57	33.77
21.57	33.77
21.57	33.76
21.57	33.76
21.57	33.76
21.57	33.76
21.57	33.76
21.57	33.76
21.57	33.76
21.57	33.76
21.57	33.75
21.57	33.75
21.57	33.75
21.57	33.75
21.57	33.75
21.58	33.75
21.58	33.75
21.58	33.74
21.58	33.74
21.58	33.74
21.58	33.74
21.58	33.74
21.58	33.74
21.58	33.74
21.58	33.73
21.58	33.73
21.58	33.73
21.58	33.73
21.58	33.73
21.58	33.73
21.58	33.73
21.58	33.72
21.58	33.72
21.58	33.72
21.58	33.72
21.58	33.72
21.59	33.72
21.59	33.72
21.59	33.72
21.59	33.71
21.59	33.71
21.59	33.71
21.59	33.71
21.59	33.71
21.59	33.71
21.59	33.71
21.59	33.7
21.59	33.7
21.59	33.7
21.59	33.7
21.59	33.7
21.59	33.7
21.59	33.7
21.59	33.69
21.59	33.69
21.59	33.69
21.6	33.69
21.6	33.69
21.6	33.69
21.6	33.69
21.6	33.69
21.6	33.68
21.6	33.68
21.6	33.68
21.6	33.68
21.6	33.68
21.6	33.68
21.6	33.68
21.6	33.67
21.6	33.67
21.6	33.67
21.6	33.67
21.6	33.67
21.6	33.67
21.6	33.67
21.6	33.66
21.61	33.66
21.61	33.66
21.61	33.66
21.61	33.66
21.61	33.66
21.61	33.66
21.61	33.66
21.61	33.65
21.61	33.65
21.61	33.65
21.61	33.65
21.61	33.65
21.61	33.65
21.61	33.65
21.61	33.64
21.61	33.64
21.61	33.64
21.61	33.64
21.61	33.64
21.61	33.64
21.62	33.64
21.62	33.63
21.62	33.63
21.62	33.63
21.62	33.63
21.62	33.63
21.62	33.63
21.62	33.63
21.62	33.63
21.62	33.62
21.62	33.62
21.62	33.62
21.62	33.62
21.62	33.62
21.62	33.62
21.62	33.62
21.62	33.61
21.62	33.61
21.62	33.61
21.62	33.61
21.63	33.61
21.63	33.61
21.63	33.61
21.63	33.6
21.63	33.6
21.63	33.6
21.63	33.6
21.63	33.6
21.63	33.6
21.63	33.6
21.63	33.6
21.63	33.59
21.63	33.59
21.63	33.59
21.63	33.59
21.63	33.59
21.63	33.59
21.63	33.59
21.63	33.58
21.64	33.58
21.64	33.58
21.64	33.58
21.64	33.58
21.64	33.58
21.64	33.58
21.64	33.58
21.64	33.57
21.64	33.57
21.64	33.57
21.64	33.57
21.64	33.57
21.64	33.57
21.64	33.57
21.64	33.56
21.64	33.56
21.64	33.56
21.64	33.56
21.64	33.56
21.64	33.56
21.65	33.56
21.65	33.55
21.65	33.55
21.65	33.55
21.65	33.55
21.65	33.55
21.65	33.55
21.65	33.55
21.65	33.55
21.65	33.54
21.65	33.54
21.65	33.54
21.65	33.54
21.65	33.54
21.65	33.54
21.65	33.54
21.65	33.53
21.65	33.53
21.65	33.53
21.65	33.53
21.66	33.53
21.66	33.53
21.66	33.53
21.66	33.53
21.66	33.52
21.66	33.52
21.66	33.52
21.66	33.52
21.66	33.52
21.66	33.52
21.66	33.52
21.66	33.51
21.66	33.51
21.66	33.51
21.66	33.51
21.66	33.51
21.66	33.51
21.66	33.51
21.66	33.51
21.66	33.5
21.67	33.5
21.67	33.5
21.67	33.5
21.67	33.5
21.67	33.5
21.67	33.5
21.67	33.49
21.67	33.49
21.67	33.49
21.67	33.49
21.67	33.49
21.67	33.49
21.67	33.49
21.67	33.49
21.67	33.48
21.67	33.48
21.67	33.48
21.67	33.48
21.67	33.48
21.67	33.48
21.67	33.48
21.68	33.47
21.68	33.47
21.68	33.47
21.68	33.47
21.68	33.47
21.68	33.47
21.68	33.47
21.68	33.47
21.68	33.46
21.68	33.46
21.68	33.46
21.68	33.46
21.68	33.46
21.68	33.46
21.68	33.46
21.68	33.46
21.68	33.45
21.68	33.45
21.68	33.45
21.68	33.45
21.69	33.45
21.69	33.45
21.69	33.45
21.69	33.44
21.69	33.44
21.69	33.44
21.69	33.44
21.69	33.44
21.69	33.44
21.69	33.44
21.69	33.44
21.69	33.43
21.69	33.43
21.69	33.43
21.69	33.43
21.69	33.43
21.69	33.43
21.69	33.43
21.69	33.42
21.69	33.42
21.7	33.42
21.7	33.42
21.7	33.42
21.7	33.42
21.7	33.42
21.7	33.42
21.7	33.41
21.7	33.41
21.7	33.41
21.7	33.41
21.7	33.41
21.7	33.41
21.7	33.41
21.7	33.41
21.7	33.4
21.7	33.4
21.7	33.4
21.7	33.4
21.7	33.4
21.7	33.4
21.71	33.4
21.71	33.39
21.71	33.39
21.71	33.39
21.71	33.39
21.71	33.39
21.71	33.39
21.71	33.39
21.71	33.39
21.71	33.38
21.71	33.38
21.71	33.38
21.71	33.38
21.71	33.38
21.71	33.38
21.71	33.38
21.71	33.37
21.71	33.37
21.71	33.37
21.72	33.37
21.72	33.37
21.72	33.37
21.72	33.37
21.72	33.37
21.72	33.36
21.72	33.36
21.72	33.36
21.72	33.36
21.72	33.36
21.72	33.36
21.72	33.36
21.72	33.36
21.72	33.35
21.72	33.35
21.72	33.35
21.72	33.35
21.72	33.35
21.72	33.35
21.72	33.35
21.73	33.34
21.73	33.34
21.73	33.34
21.73	33.34
21.73	33.34
21.73	33.34
21.73	33.34
21.73	33.34
21.73	33.33
21.73	33.33
21.73	33.33
21.73	33.33
21.73	33.33
21.73	33.33
21.73	33.33
21.73	33.33
21.73	33.32
21.73	33.32
21.73	33.32
21.73	33.32
21.74	33.32
21.74	33.32
21.74	33.32
21.74	33.32
21.74	33.31
21.74	33.31
21.74	33.31
21.74	33.31
21.74	33.31
21.74	33.31
21.74	33.31
21.74	33.3
21.74	33.3
21.74	33.3
21.74	33.3
21.74	33.3
21.74	33.3
21.74	33.3
21.74	33.3
21.74	33.29
21.75	33.29
21.75	33.29
21.75	33.29
21.75	33.29
21.75	33.29
21.75	33.29
21.75	33.29
21.75	33.28
21.75	33.28
21.75	33.28
21.75	33.28
21.75	33.28
21.75	33.28
21.75	33.28
21.75	33.28
21.75	33.27
21.75	33.27
21.75	33.27
21.75	33.27
21.75	33.27
21.75	33.27
21.76	33.27
21.76	33.26
21.76	33.26
21.76	33.26
21.76	33.26
21.76	33.26
21.76	33.26
21.76	33.26
21.76	33.26
21.76	33.25
21.76	33.25
21.76	33.25
21.76	33.25
21.76	33.25
21.76	33.25
21.76	33.25
21.76	33.25
21.76	33.24
21.76	33.24
21.76	33.24
21.77	33.24
21.77	33.24
21.77	33.24
21.77	33.24
21.77	33.24
21.77	33.23
21.77	33.23
21.77	33.23
21.77	33.23
21.77	33.23
21.77	33.23
21.77	33.23
21.77	33.23
21.77	33.22
21.77	33.22
21.77	33.22
21.77	33.22
21.77	33.22
21.77	33.22
21.77	33.22
21.78	33.22
21.78	33.21
21.78	33.21
21.78	33.21
21.78	33.21
21.78	33.21
21.78	33.21
21.78	33.21
21.78	33.2
21.78	33.2
21.78	33.2
21.78	33.2
21.78	33.2
21.78	33.2
21.78	33.2
21.78	33.2
21.78	33.19
21.78	33.19
21.78	33.19
21.78	33.19
21.79	33.19
21.79	33.19
21.79	33.19
21.79	33.19
21.79	33.18
21.79	33.18
21.79	33.18
21.79	33.18
21.79	33.18
21.79	33.18
21.79	33.18
21.79	33.18
21.79	33.17
21.79	33.17
21.79	33.17
21.79	33.17
21.79	33.17
21.79	33.17
21.79	33.17
21.8	33.17
21.8	33.16
21.8	33.16
21.8	33.16
21.8	33.16
21.8	33.16
21.8	33.16
21.8	33.16
21.8	33.16
21.8	33.15
21.8	33.15
21.8	33.15
21.8	33.15
21.8	33.15
21.8	33.15
21.8	33.15
21.8	33.15
21.8	33.14
21.8	33.14
21.8	33.14
21.81	33.14
21.81	33.14
21.81	33.14
21.81	33.14
21.81	33.14
21.81	33.13
21.81	33.13
21.81	33.13
21.81	33.13
21.81	33.13
21.81	33.13
21.81	33.13
21.81	33.13
21.81	33.12
21.81	33.12
21.81	33.12
21.81	33.12
21.81	33.12
21.81	33.12
21.81	33.12
21.82	33.12
21.82	33.11
21.82	33.11
21.82	33.11
21.82	33.11
21.82	33.11
21.82	33.11
21.82	33.11
21.82	33.11
21.82	33.1
21.82	33.1
21.82	33.1
21.82	33.1
21.82	33.1
21.82	33.1
21.82	33.1
21.82	33.1
21.82	33.09
21.82	33.09
21.82	33.09
21.83	33.09
21.83	33.09
21.83	33.09
21.83	33.09
21.83	33.09
21.83	33.08
21.83	33.08
21.83	33.08
21.83	33.08
21.83	33.08
21.83	33.08
21.83	33.08
21.83	33.08
21.83	33.07
21.83	33.07
21.83	33.07
21.83	33.07
21.83	33.07
21.83	33.07
21.83	33.07
21.83	33.07
21.84	33.06
21.84	33.06
21.84	33.06
21.84	33.06
21.84	33.06
21.84	33.06
21.84	33.06
21.84	33.06
21.84	33.05
21.84	33.05
21.84	33.05
21.84	33.05
21.84	33.05
21.84	33.05
21.84	33.05
21.84	33.05
21.84	33.04
21.84	33.04
21.84	33.04
21.84	33.04
21.85	33.04
21.85	33.04
21.85	33.04
21.85	33.04
21.85	33.03
21.85	33.03
21.85	33.03
21.85	33.03
21.85	33.03
21.85	33.03
21.85	33.03
21.85	33.03
21.85	33.02
21.85	33.02
21.85	33.02
21.85	33.02
21.85	33.02
21.85	33.02
21.85	33.02
21.85	33.02
21.86	33.01
21.86	33.01
21.86	33.01
21.86	33.01
21.86	33.01
21.86	33.01
21.86	33.01
21.86	33.01
21.86	33
21.86	33
21.86	33
21.86	33
21.86	33
21.86	33
21.86	33
21.86	33
21.86	33
21.86	32.99
21.86	32.99
21.86	32.99
21.87	32.99
21.87	32.99
21.87	32.99
21.87	32.99
21.87	32.99
21.87	32.98
21.87	32.98
21.87	32.98
21.87	32.98
21.87	32.98
21.87	32.98
21.87	32.98
21.87	32.98
21.87	32.97
21.87	32.97
21.87	32.97
21.87	32.97
21.87	32.97
21.87	32.97
21.88	32.97
21.88	32.97
21.88	32.96
21.88	32.96
21.88	32.96
21.88	32.96
21.88	32.96
21.88	32.96
21.88	32.96
21.88	32.96
21.88	32.95
21.88	32.95
21.88	32.95
21.88	32.95
21.88	32.95
21.88	32.95
21.88	32.95
21.88	32.95
21.88	32.94
21.88	32.94
21.89	32.94
21.89	32.94
21.89	32.94
21.89	32.94
21.89	32.94
21.89	32.94
21.89	32.94
21.89	32.93
21.89	32.93
21.89	32.93
21.89	32.93
21.89	32.93
21.89	32.93
21.89	32.93
21.89	32.93
21.89	32.92
21.89	32.92
21.89	32.92
21.89	32.92
21.89	32.92
21.9	32.92
21.9	32.92
21.9	32.92
21.9	32.91
21.9	32.91
21.9	32.91
21.9	32.91
21.9	32.91
21.9	32.91
21.9	32.91
21.9	32.91
21.9	32.9
21.9	32.9
21.9	32.9
21.9	32.9
21.9	32.9
21.9	32.9
21.9	32.9
21.9	32.9
21.9	32.9
21.91	32.89
21.91	32.89
21.91	32.89
21.91	32.89
21.91	32.89
21.91	32.89
21.91	32.89
21.91	32.89
21.91	32.88
21.91	32.88
21.91	32.88
21.91	32.88
21.91	32.88
21.91	32.88
21.91	32.88
21.91	32.88
21.91	32.87
21.91	32.87
21.91	32.87
21.91	32.87
21.92	32.87
21.92	32.87
21.92	32.87
21.92	32.87
21.92	32.87
21.92	32.86
21.92	32.86
21.92	32.86
21.92	32.86
21.92	32.86
21.92	32.86
21.92	32.86
21.92	32.86
21.92	32.85
21.92	32.85
21.92	32.85
21.92	32.85
21.92	32.85
21.92	32.85
21.92	32.85
21.92	32.85
21.93	32.84
21.93	32.84
21.93	32.84
21.93	32.84
21.93	32.84
21.93	32.84
21.93	32.84
21.93	32.84
21.93	32.84
21.93	32.83
21.93	32.83
21.93	32.83
21.93	32.83
21.93	32.83
21.93	32.83
21.93	32.83
21.93	32.83
21.93	32.82
21.93	32.82
21.93	32.82
21.94	32.82
21.94	32.82
21.94	32.82
21.94	32.82
21.94	32.82
21.94	32.81
21.94	32.81
21.94	32.81
21.94	32.81
21.94	32.81
21.94	32.81
21.94	32.81
21.94	32.81
21.94	32.81
21.94	32.8
21.94	32.8
21.94	32.8
21.94	32.8
21.94	32.8
21.94	32.8
21.95	32.8
21.95	32.8
21.95	32.79
21.95	32.79
21.95	32.79
21.95	32.79
21.95	32.79
21.95	32.79
21.95	32.79
21.95	32.79
21.95	32.79
21.95	32.78
21.95	32.78
21.95	32.78
21.95	32.78
21.95	32.78
21.95	32.78
21.95	32.78
21.95	32.78
21.95	32.77
21.96	32.77
21.96	32.77
21.96	32.77
21.96	32.77
21.96	32.77
21.96	32.77
21.96	32.77
21.96	32.77
21.96	32.76
21.96	32.76
21.96	32.76
21.96	32.76
21.96	32.76
21.96	32.76
21.96	32.76
21.96	32.76
21.96	32.75
21.96	32.75
21.96	32.75
21.97	32.75
21.97	32.75
21.97	32.75
21.97	32.75
21.97	32.75
21.97	32.75
21.97	32.74
21.97	32.74
21.97	32.74
21.97	32.74
21.97	32.74
21.97	32.74
21.97	32.74
21.97	32.74
21.97	32.73
21.97	32.73
21.97	32.73
21.97	32.73
21.97	32.73
21.97	32.73
21.98	32.73
21.98	32.73
21.98	32.73
21.98	32.72
21.98	32.72
21.98	32.72
21.98	32.72
21.98	32.72
21.98	32.72
21.98	32.72
21.98	32.72
21.98	32.71
21.98	32.71
21.98	32.71
21.98	32.71
21.98	32.71
21.98	32.71
21.98	32.71
21.98	32.71
21.98	32.71
21.99	32.7
21.99	32.7
21.99	32.7
21.99	32.7
21.99	32.7
21.99	32.7
21.99	32.7
21.99	32.7
21.99	32.69
21.99	32.69
21.99	32.69
21.99	32.69
21.99	32.69
21.99	32.69
21.99	32.69
21.99	32.69
21.99	32.69
21.99	32.68
21.99	32.68
21.99	32.68
22	32.68
22	32.68
22	32.68
22	32.68
22	32.68
22	32.68
22	32.67
22	32.67
22	32.67
22	32.67
22	32.67
22	32.67
22	32.67
22	32.67
22	32.66
22	32.66
22	32.66
22	32.66
22	32.66
22	32.66
22	32.66
22.01	32.66
22.01	32.66
22.01	32.65
22.01	32.65
22.01	32.65
22.01	32.65
22.01	32.65
22.01	32.65
22.01	32.65
22.01	32.65
22.01	32.64
22.01	32.64
22.01	32.64
22.01	32.64
22.01	32.64
22.01	32.64
22.01	32.64
22.01	32.64
22.01	32.64
22.01	32.63
22.02	32.63
22.02	32.63
22.02	32.63
22.02	32.63
22.02	32.63
22.02	32.63
22.02	32.63
22.02	32.63
22.02	32.62
22.02	32.62
22.02	32.62
22.02	32.62
22.02	32.62
22.02	32.62
22.02	32.62
22.02	32.62
22.02	32.61
22.02	32.61
22.02	32.61
22.02	32.61
22.03	32.61
22.03	32.61
22.03	32.61
22.03	32.61
22.03	32.61
22.03	32.6
22.03	32.6
22.03	32.6
22.03	32.6
22.03	32.6
22.03	32.6
22.03	32.6
22.03	32.6
22.03	32.6
22.03	32.59
22.03	32.59
22.03	32.59
22.03	32.59
22.03	32.59
22.03	32.59
22.04	32.59
22.04	32.59
22.04	32.59
22.04	32.58
22.04	32.58
22.04	32.58
22.04	32.58
22.04	32.58
22.04	32.58
22.04	32.58
22.04	32.58
22.04	32.57
22.04	32.57
22.04	32.57
22.04	32.57
22.04	32.57
22.04	32.57
22.04	32.57
22.04	32.57
22.05	32.57
22.05	32.56
22.05	32.56
22.05	32.56
22.05	32.56
22.05	32.56
22.05	32.56
22.05	32.56
22.05	32.56
22.05	32.56
22.05	32.55
22.05	32.55
22.05	32.55
22.05	32.55
22.05	32.55
22.05	32.55
22.05	32.55
22.05	32.55
22.05	32.55
22.05	32.54
22.06	32.54
22.06	32.54
22.06	32.54
22.06	32.54
22.06	32.54
22.06	32.54
22.06	32.54
22.06	32.54
22.06	32.53
22.06	32.53
22.06	32.53
22.06	32.53
22.06	32.53
22.06	32.53
22.06	32.53
22.06	32.53
22.06	32.52
22.06	32.52
22.06	32.52
22.06	32.52
22.07	32.52
22.07	32.52
22.07	32.52
22.07	32.52
22.07	32.52
22.07	32.51
22.07	32.51
22.07	32.51
22.07	32.51
22.07	32.51
22.07	32.51
22.07	32.51
22.07	32.51
22.07	32.51
22.07	32.5
22.07	32.5
22.07	32.5
22.07	32.5
22.07	32.5
22.07	32.5
22.08	32.5
22.08	32.5
22.08	32.5
22.08	32.49
22.08	32.49
22.08	32.49
22.08	32.49
22.08	32.49
22.08	32.49
22.08	32.49
22.08	32.49
22.08	32.49
22.08	32.48
22.08	32.48
22.08	32.48
22.08	32.48
22.08	32.48
22.08	32.48
22.08	32.48
22.08	32.48
22.08	32.48
22.09	32.47
22.09	32.47
22.09	32.47
22.09	32.47
22.09	32.47
22.09	32.47
22.09	32.47
22.09	32.47
22.09	32.47
22.09	32.46
22.09	32.46
22.09	32.46
22.09	32.46
22.09	32.46
22.09	32.46
22.09	32.46
22.09	32.46
22.09	32.46
22.09	32.45
22.09	32.45
22.1	32.45
22.1	32.45
22.1	32.45
22.1	32.45
22.1	32.45
22.1	32.45
22.1	32.45
22.1	32.44
22.1	32.44
22.1	32.44
22.1	32.44
22.1	32.44
22.1	32.44
22.1	32.44
22.1	32.44
22.1	32.44
22.1	32.43
22.1	32.43
22.1	32.43
22.1	32.43
22.11	32.43
22.11	32.43
22.11	32.43
22.11	32.43
22.11	32.43
22.11	32.42
22.11	32.42
22.11	32.42
22.11	32.42
22.11	32.42
22.11	32.42
22.11	32.42
22.11	32.42
22.11	32.42
22.11	32.41
22.11	32.41
22.11	32.41
22.11	32.41
22.11	32.41
22.11	32.41
22.12	32.41
22.12	32.41
22.12	32.41
22.12	32.4
22.12	32.4
22.12	32.4
22.12	32.4
22.12	32.4
22.12	32.4
22.12	32.4
22.12	32.4
22.12	32.4
22.12	32.39
22.12	32.39
22.12	32.39
22.12	32.39
22.12	32.39
22.12	32.39
22.12	32.39
22.12	32.39
22.13	32.39
22.13	32.38
22.13	32.38
22.13	32.38
22.13	32.38
22.13	32.38
22.13	32.38
22.13	32.38
22.13	32.38
22.13	32.38
22.13	32.37
22.13	32.37
22.13	32.37
22.13	32.37
22.13	32.37
22.13	32.37
22.13	32.37
22.13	32.37
22.13	32.37
22.14	32.36
22.14	32.36
22.14	32.36
22.14	32.36
22.14	32.36
22.14	32.36
22.14	32.36
22.14	32.36
22.14	32.36
22.14	32.35
22.14	32.35
22.14	32.35
22.14	32.35
22.14	32.35
22.14	32.35
22.14	32.35
22.14	32.35
22.14	32.35
22.14	32.34
22.14	32.34
22.15	32.34
22.15	32.34
22.15	32.34
22.15	32.34
22.15	32.34
22.15	32.34
22.15	32.34
22.15	32.33
22.15	32.33
22.15	32.33
22.15	32.33
22.15	32.33
22.15	32.33
22.15	32.33
22.15	32.33
22.15	32.33
22.15	32.32
22.15	32.32
22.15	32.32
22.15	32.32
22.16	32.32
22.16	32.32
22.16	32.32
22.16	32.32
22.16	32.32
22.16	32.32
22.16	32.31
22.16	32.31
22.16	32.31
22.16	32.31
22.16	32.31
22.16	32.31
22.16	32.31
22.16	32.31
22.16	32.31
22.16	32.3
22.16	32.3
22.16	32.3
22.16	32.3
22.16	32.3
22.17	32.3
22.17	32.3
22.17	32.3
22.17	32.3
22.17	32.29
22.17	32.29
22.17	32.29
22.17	32.29
22.17	32.29
22.17	32.29
22.17	32.29
22.17	32.29
22.17	32.29
22.17	32.28
22.17	32.28
22.17	32.28
22.17	32.28
22.17	32.28
22.17	32.28
22.17	32.28
22.17	32.28
22.18	32.28
22.18	32.28
22.18	32.27
22.18	32.27
22.18	32.27
22.18	32.27
22.18	32.27
22.18	32.27
22.18	32.27
22.18	32.27
22.18	32.27
22.18	32.26
22.18	32.26
22.18	32.26
22.18	32.26
22.18	32.26
22.18	32.26
22.18	32.26
22.18	32.26
22.18	32.26
22.19	32.25
22.19	32.25
22.19	32.25
22.19	32.25
22.19	32.25
22.19	32.25
22.19	32.25
22.19	32.25
22.19	32.25
22.19	32.24
22.19	32.24
22.19	32.24
22.19	32.24
22.19	32.24
22.19	32.24
22.19	32.24
22.19	32.24
22.19	32.24
22.19	32.24
22.19	32.23
22.2	32.23
22.2	32.23
22.2	32.23
22.2	32.23
22.2	32.23
22.2	32.23
22.2	32.23
22.2	32.23
22.2	32.22
22.2	32.22
22.2	32.22
22.2	32.22
22.2	32.22
22.2	32.22
22.2	32.22
22.2	32.22
22.2	32.22
22.2	32.21
22.2	32.21
22.2	32.21
22.21	32.21
22.21	32.21
22.21	32.21
22.21	32.21
22.21	32.21
22.21	32.21
22.21	32.21
22.21	32.2
22.21	32.2
22.21	32.2
22.21	32.2
22.21	32.2
22.21	32.2
22.21	32.2
22.21	32.2
22.21	32.2
22.21	32.19
22.21	32.19
22.21	32.19
22.22	32.19
22.22	32.19
22.22	32.19
22.22	32.19
22.22	32.19
22.22	32.19
22.22	32.19
22.22	32.18
22.22	32.18
22.22	32.18
22.22	32.18
22.22	32.18
22.22	32.18
22.22	32.18
22.22	32.18
22.22	32.18
22.22	32.17
22.22	32.17
22.22	32.17
22.22	32.17
22.23	32.17
22.23	32.17
22.23	32.17
22.23	32.17
22.23	32.17
22.23	32.16
22.23	32.16
22.23	32.16
22.23	32.16
22.23	32.16
22.23	32.16
22.23	32.16
22.23	32.16
22.23	32.16
22.23	32.16
22.23	32.15
22.23	32.15
22.23	32.15
22.23	32.15
22.23	32.15
22.24	32.15
22.24	32.15
22.24	32.15
22.24	32.15
22.24	32.14
22.24	32.14
22.24	32.14
22.24	32.14
22.24	32.14
22.24	32.14
22.24	32.14
22.24	32.14
22.24	32.14
22.24	32.14
22.24	32.13
22.24	32.13
22.24	32.13
22.24	32.13
22.24	32.13
22.24	32.13
22.25	32.13
22.25	32.13
22.25	32.13
22.25	32.12
22.25	32.12
22.25	32.12
22.25	32.12
22.25	32.12
22.25	32.12
22.25	32.12
22.25	32.12
22.25	32.12
22.25	32.12
22.25	32.11
22.25	32.11
22.25	32.11
22.25	32.11
22.25	32.11
22.25	32.11
22.25	32.11
22.25	32.11
22.26	32.11
22.26	32.11
22.26	32.1
22.26	32.1
22.26	32.1
22.26	32.1
22.26	32.1
22.26	32.1
22.26	32.1
22.26	32.1
22.26	32.1
22.26	32.09
22.26	32.09
22.26	32.09
22.26	32.09
22.26	32.09
22.26	32.09
22.26	32.09
22.26	32.09
22.26	32.09
22.27	32.09
22.27	32.08
22.27	32.08
22.27	32.08
22.27	32.08
22.27	32.08
22.27	32.08
22.27	32.08
22.27	32.08
22.27	32.08
22.27	32.07
22.27	32.07
22.27	32.07
22.27	32.07
22.27	32.07
22.27	32.07
22.27	32.07
22.27	32.07
22.27	32.07
22.27	32.07
22.28	32.06
22.28	32.06
22.28	32.06
22.28	32.06
22.28	32.06
22.28	32.06
22.28	32.06
22.28	32.06
22.28	32.06
22.28	32.06
22.28	32.05
22.28	32.05
22.28	32.05
22.28	32.05
22.28	32.05
22.28	32.05
22.28	32.05
22.28	32.05
22.28	32.05
22.28	32.04
22.29	32.04
22.29	32.04
22.29	32.04
22.29	32.04
22.29	32.04
22.29	32.04
22.29	32.04
22.29	32.04
22.29	32.04
22.29	32.03
22.29	32.03
22.29	32.03
22.29	32.03
22.29	32.03
22.29	32.03
22.29	32.03
22.29	32.03
22.29	32.03
22.29	32.03
22.3	32.02
22.3	32.02
22.3	32.02
22.3	32.02
22.3	32.02
22.3	32.02
22.3	32.02
22.3	32.02
22.3	32.02
22.3	32.01
22.3	32.01
22.3	32.01
22.3	32.01
22.3	32.01
22.3	32.01
22.3	32.01
22.3	32.01
22.3	32.01
22.3	32.01
22.3	32
22.31	32
22.31	32
22.31	32
22.31	32
22.31	32
22.31	32
22.31	32
22.31	32
22.31	32
22.31	31.99
22.31	31.99
22.31	31.99
22.31	31.99
22.31	31.99
22.31	31.99
22.31	31.99
22.31	31.99
22.31	31.99
22.31	31.99
22.31	31.98
22.32	31.98
22.32	31.98
22.32	31.98
22.32	31.98
22.32	31.98
22.32	31.98
22.32	31.98
22.32	31.98
22.32	31.98
22.32	31.97
22.32	31.97
22.32	31.97
22.32	31.97
22.32	31.97
22.32	31.97
22.32	31.97
22.32	31.97
22.32	31.97
22.32	31.96
22.32	31.96
22.33	31.96
22.33	31.96
22.33	31.96
22.33	31.96
22.33	31.96
22.33	31.96
22.33	31.96
22.33	31.96
22.33	31.95
22.33	31.95
22.33	31.95
22.33	31.95
22.33	31.95
22.33	31.95
22.33	31.95
22.33	31.95
22.33	31.95
22.33	31.95
22.33	31.94
22.33	31.94
22.33	31.94
22.34	31.94
22.34	31.94
22.34	31.94
22.34	31.94
22.34	31.94
22.34	31.94
22.34	31.94
22.34	31.93
22.34	31.93
22.34	31.93
22.34	31.93
22.34	31.93
22.34	31.93
22.34	31.93
22.34	31.93
22.34	31.93
22.34	31.93
22.34	31.92
22.34	31.92
22.34	31.92
22.35	31.92
22.35	31.92
22.35	31.92
22.35	31.92
22.35	31.92
22.35	31.92
22.35	31.92
22.35	31.91
22.35	31.91
22.35	31.91
22.35	31.91
22.35	31.91
22.35	31.91
22.35	31.91
22.35	31.91
22.35	31.91
22.35	31.91
22.35	31.9
22.35	31.9
22.35	31.9
22.36	31.9
22.36	31.9
22.36	31.9
22.36	31.9
22.36	31.9
22.36	31.9
22.36	31.9
22.36	31.89
22.36	31.89
22.36	31.89
22.36	31.89
22.36	31.89
22.36	31.89
22.36	31.89
22.36	31.89
22.36	31.89
22.36	31.89
22.36	31.88
22.36	31.88
22.36	31.88
22.37	31.88
22.37	31.88
22.37	31.88
22.37	31.88
22.37	31.88
22.37	31.88
22.37	31.88
22.37	31.87
22.37	31.87
22.37	31.87
22.37	31.87
22.37	31.87
22.37	31.87
22.37	31.87
22.37	31.87
22.37	31.87
22.37	31.87
22.37	31.86
22.37	31.86
22.38	31.86
22.38	31.86
22.38	31.86
22.38	31.86
22.38	31.86
22.38	31.86
22.38	31.86
22.38	31.86
22.38	31.85
22.38	31.85
22.38	31.85
22.38	31.85
22.38	31.85
22.38	31.85
22.38	31.85
22.38	31.85
22.38	31.85
22.38	31.85
22.38	31.85
22.38	31.84
22.39	31.84
22.39	31.84
22.39	31.84
22.39	31.84
22.39	31.84
22.39	31.84
22.39	31.84
22.39	31.84
22.39	31.84
22.39	31.83
22.39	31.83
22.39	31.83
22.39	31.83
22.39	31.83
22.39	31.83
22.39	31.83
22.39	31.83
22.39	31.83
22.39	31.83
22.39	31.83
22.4	31.82
22.4	31.82
22.4	31.82
22.4	31.82
22.4	31.82
22.4	31.82
22.4	31.82
22.4	31.82
22.4	31.82
22.4	31.82
22.4	31.82
22.4	31.82
22.4	31.81
22.4	31.81
22.4	31.81
22.4	31.81
22.4	31.81
22.4	31.81
22.4	31.81
22.4	31.81
22.41	31.81
22.41	31.81
22.41	31.81
22.41	31.8
22.41	31.8
22.41	31.8
22.41	31.8
22.41	31.8
22.41	31.8
22.41	31.8
22.41	31.8
22.41	31.8
22.41	31.8
22.41	31.8
22.41	31.8
22.41	31.8
22.41	31.8
22.41	31.79
22.41	31.79
22.41	31.79
22.42	31.79
22.42	31.79
22.42	31.79
22.42	31.79
22.42	31.79
22.42	31.79
22.42	31.79
22.42	31.79
22.42	31.79
22.42	31.79
22.42	31.79
22.42	31.79
22.42	31.79
22.42	31.78
22.42	31.78
22.42	31.78
22.42	31.78
22.42	31.78
22.42	31.78
22.42	31.78
22.42	31.78
22.43	31.78
22.43	31.78
22.43	31.78
22.43	31.78
22.43	31.78
22.43	31.78
22.43	31.78
22.43	31.78
22.43	31.78
22.43	31.78
22.43	31.78
22.43	31.78
22.43	31.78
22.43	31.78
22.43	31.78
22.43	31.78
22.43	31.78
22.43	31.78
22.43	31.78
22.43	31.78